revision_id,scenario_id,territorial_target_type,territorial_target_id,old_promotion_id,new_promotion_id,old_status,new_status,old_controller,new_controller,old_uncertainty_km,new_uncertainty_km,added_sources,removed_sources,reason
rev_39f417b2a898,seven_years_war_1756_08_01,TERRESTRIAL_HEX,h6000_q-000395_r+001248,promo_004cd3264a32,promo_115617644595,CONTROLLED,UNRESOLVED,sp_992101257e91,,2.975,9.168,hsrc_34735c52ef0d,,"re-measured at the source's own positional uncertainty (9.168 km, four independent settlement checks); no independent second source corroborates the Saxon core, so the conservative model is applied to canonical authority instead of keeping the stale 2.975 km rows"
rev_731acb1e0674,seven_years_war_1756_08_01,TERRESTRIAL_HEX,h6000_q-000396_r+001249,promo_004cd3264a32,promo_115617644595,CONTROLLED,UNRESOLVED,sp_992101257e91,,2.975,9.168,hsrc_34735c52ef0d,,"re-measured at the source's own positional uncertainty (9.168 km, four independent settlement checks); no independent second source corroborates the Saxon core, so the conservative model is applied to canonical authority instead of keeping the stale 2.975 km rows"
rev_3066211fe384,seven_years_war_1756_08_01,TERRESTRIAL_HEX,h6000_q-000397_r+001250,promo_004cd3264a32,promo_115617644595,CONTROLLED,UNRESOLVED,sp_992101257e91,,2.975,9.168,hsrc_34735c52ef0d,,"re-measured at the source's own positional uncertainty (9.168 km, four independent settlement checks); no independent second source corroborates the Saxon core, so the conservative model is applied to canonical authority instead of keeping the stale 2.975 km rows"
rev_0e1058116887,seven_years_war_1756_08_01,TERRESTRIAL_HEX,h6000_q-000396_r+001250,promo_004cd3264a32,promo_115617644595,CONTROLLED,UNRESOLVED,sp_992101257e91,,2.975,9.168,hsrc_34735c52ef0d,,"re-measured at the source's own positional uncertainty (9.168 km, four independent settlement checks); no independent second source corroborates the Saxon core, so the conservative model is applied to canonical authority instead of keeping the stale 2.975 km rows"
rev_a0caa346e859,seven_years_war_1756_08_01,TERRESTRIAL_HEX,h6000_q-000398_r+001251,promo_004cd3264a32,promo_115617644595,CONTROLLED,UNRESOLVED,sp_992101257e91,,2.975,9.168,hsrc_34735c52ef0d,,"re-measured at the source's own positional uncertainty (9.168 km, four independent settlement checks); no independent second source corroborates the Saxon core, so the conservative model is applied to canonical authority instead of keeping the stale 2.975 km rows"
rev_478071b9d7f3,seven_years_war_1756_08_01,TERRESTRIAL_HEX,h6000_q-000397_r+001251,promo_004cd3264a32,promo_115617644595,CONTROLLED,UNRESOLVED,sp_992101257e91,,2.975,9.168,hsrc_34735c52ef0d,,"re-measured at the source's own positional uncertainty (9.168 km, four independent settlement checks); no independent second source corroborates the Saxon core, so the conservative model is applied to canonical authority instead of keeping the stale 2.975 km rows"
rev_65dcd1102d6d,seven_years_war_1756_08_01,TERRESTRIAL_HEX,h6000_q-000400_r+001252,promo_004cd3264a32,promo_115617644595,CONTROLLED,UNRESOLVED,sp_992101257e91,,2.975,9.168,hsrc_34735c52ef0d,,"re-measured at the source's own positional uncertainty (9.168 km, four independent settlement checks); no independent second source corroborates the Saxon core, so the conservative model is applied to canonical authority instead of keeping the stale 2.975 km rows"
rev_7dfe1e2a1f73,seven_years_war_1756_08_01,TERRESTRIAL_HEX,h6000_q-000399_r+001252,promo_004cd3264a32,promo_115617644595,CONTROLLED,UNRESOLVED,sp_992101257e91,,2.975,9.168,hsrc_34735c52ef0d,,"re-measured at the source's own positional uncertainty (9.168 km, four independent settlement checks); no independent second source corroborates the Saxon core, so the conservative model is applied to canonical authority instead of keeping the stale 2.975 km rows"
rev_9ff07f983192,seven_years_war_1756_08_01,TERRESTRIAL_HEX,h6000_q-000398_r+001252,promo_004cd3264a32,promo_115617644595,CONTROLLED,UNRESOLVED,sp_992101257e91,,2.975,9.168,hsrc_34735c52ef0d,,"re-measured at the source's own positional uncertainty (9.168 km, four independent settlement checks); no independent second source corroborates the Saxon core, so the conservative model is applied to canonical authority instead of keeping the stale 2.975 km rows"
rev_0eda0a6f70c1,seven_years_war_1756_08_01,TERRESTRIAL_HEX,h6000_q-000397_r+001252,promo_004cd3264a32,promo_115617644595,CONTROLLED,UNRESOLVED,sp_992101257e91,,2.975,9.168,hsrc_34735c52ef0d,,"re-measured at the source's own positional uncertainty (9.168 km, four independent settlement checks); no independent second source corroborates the Saxon core, so the conservative model is applied to canonical authority instead of keeping the stale 2.975 km rows"
rev_6908d6ad931c,seven_years_war_1756_08_01,TERRESTRIAL_HEX,h6000_q-000396_r+001252,promo_004cd3264a32,promo_115617644595,CONTROLLED,UNRESOLVED,sp_992101257e91,,2.975,9.168,hsrc_34735c52ef0d,,"re-measured at the source's own positional uncertainty (9.168 km, four independent settlement checks); no independent second source corroborates the Saxon core, so the conservative model is applied to canonical authority instead of keeping the stale 2.975 km rows"
rev_e3f2a5b76fe3,seven_years_war_1756_08_01,TERRESTRIAL_HEX,h6000_q-000401_r+001253,promo_004cd3264a32,promo_115617644595,CONTROLLED,UNRESOLVED,sp_992101257e91,,2.975,9.168,hsrc_34735c52ef0d,,"re-measured at the source's own positional uncertainty (9.168 km, four independent settlement checks); no independent second source corroborates the Saxon core, so the conservative model is applied to canonical authority instead of keeping the stale 2.975 km rows"
rev_88ec655e1999,seven_years_war_1756_08_01,TERRESTRIAL_HEX,h6000_q-000400_r+001253,promo_004cd3264a32,promo_115617644595,CONTROLLED,UNRESOLVED,sp_992101257e91,,2.975,9.168,hsrc_34735c52ef0d,,"re-measured at the source's own positional uncertainty (9.168 km, four independent settlement checks); no independent second source corroborates the Saxon core, so the conservative model is applied to canonical authority instead of keeping the stale 2.975 km rows"
rev_a8fb1356d570,seven_years_war_1756_08_01,TERRESTRIAL_HEX,h6000_q-000398_r+001253,promo_004cd3264a32,promo_115617644595,CONTROLLED,UNRESOLVED,sp_992101257e91,,2.975,9.168,hsrc_34735c52ef0d,,"re-measured at the source's own positional uncertainty (9.168 km, four independent settlement checks); no independent second source corroborates the Saxon core, so the conservative model is applied to canonical authority instead of keeping the stale 2.975 km rows"
rev_7a669e7eb87d,seven_years_war_1756_08_01,TERRESTRIAL_HEX,h6000_q-000397_r+001253,promo_004cd3264a32,promo_115617644595,CONTROLLED,UNRESOLVED,sp_992101257e91,,2.975,9.168,hsrc_34735c52ef0d,,"re-measured at the source's own positional uncertainty (9.168 km, four independent settlement checks); no independent second source corroborates the Saxon core, so the conservative model is applied to canonical authority instead of keeping the stale 2.975 km rows"
rev_55eb9698598b,seven_years_war_1756_08_01,TERRESTRIAL_HEX,h6000_q-000396_r+001253,promo_004cd3264a32,promo_115617644595,CONTROLLED,UNRESOLVED,sp_992101257e91,,2.975,9.168,hsrc_34735c52ef0d,,"re-measured at the source's own positional uncertainty (9.168 km, four independent settlement checks); no independent second source corroborates the Saxon core, so the conservative model is applied to canonical authority instead of keeping the stale 2.975 km rows"
rev_099916469a1c,seven_years_war_1756_08_01,TERRESTRIAL_HEX,h6000_q-000408_r+001254,promo_004cd3264a32,promo_115617644595,CONTROLLED,UNRESOLVED,sp_992101257e91,,2.975,9.168,hsrc_34735c52ef0d,,"re-measured at the source's own positional uncertainty (9.168 km, four independent settlement checks); no independent second source corroborates the Saxon core, so the conservative model is applied to canonical authority instead of keeping the stale 2.975 km rows"
rev_d32beee5309c,seven_years_war_1756_08_01,TERRESTRIAL_HEX,h6000_q-000407_r+001254,promo_004cd3264a32,promo_115617644595,CONTROLLED,UNRESOLVED,sp_992101257e91,,2.975,9.168,hsrc_34735c52ef0d,,"re-measured at the source's own positional uncertainty (9.168 km, four independent settlement checks); no independent second source corroborates the Saxon core, so the conservative model is applied to canonical authority instead of keeping the stale 2.975 km rows"
rev_81dcab13d233,seven_years_war_1756_08_01,TERRESTRIAL_HEX,h6000_q-000406_r+001254,promo_004cd3264a32,promo_115617644595,CONTROLLED,UNRESOLVED,sp_992101257e91,,2.975,9.168,hsrc_34735c52ef0d,,"re-measured at the source's own positional uncertainty (9.168 km, four independent settlement checks); no independent second source corroborates the Saxon core, so the conservative model is applied to canonical authority instead of keeping the stale 2.975 km rows"
rev_be7424c60a5a,seven_years_war_1756_08_01,TERRESTRIAL_HEX,h6000_q-000405_r+001254,promo_004cd3264a32,promo_115617644595,CONTROLLED,UNRESOLVED,sp_992101257e91,,2.975,9.168,hsrc_34735c52ef0d,,"re-measured at the source's own positional uncertainty (9.168 km, four independent settlement checks); no independent second source corroborates the Saxon core, so the conservative model is applied to canonical authority instead of keeping the stale 2.975 km rows"
rev_99d39e7f026e,seven_years_war_1756_08_01,TERRESTRIAL_HEX,h6000_q-000404_r+001254,promo_004cd3264a32,promo_115617644595,CONTROLLED,UNRESOLVED,sp_992101257e91,,2.975,9.168,hsrc_34735c52ef0d,,"re-measured at the source's own positional uncertainty (9.168 km, four independent settlement checks); no independent second source corroborates the Saxon core, so the conservative model is applied to canonical authority instead of keeping the stale 2.975 km rows"
rev_184ad997167e,seven_years_war_1756_08_01,TERRESTRIAL_HEX,h6000_q-000403_r+001254,promo_004cd3264a32,promo_115617644595,CONTROLLED,UNRESOLVED,sp_992101257e91,,2.975,9.168,hsrc_34735c52ef0d,,"re-measured at the source's own positional uncertainty (9.168 km, four independent settlement checks); no independent second source corroborates the Saxon core, so the conservative model is applied to canonical authority instead of keeping the stale 2.975 km rows"
rev_b76c1337b0f8,seven_years_war_1756_08_01,TERRESTRIAL_HEX,h6000_q-000402_r+001254,promo_004cd3264a32,promo_115617644595,CONTROLLED,UNRESOLVED,sp_992101257e91,,2.975,9.168,hsrc_34735c52ef0d,,"re-measured at the source's own positional uncertainty (9.168 km, four independent settlement checks); no independent second source corroborates the Saxon core, so the conservative model is applied to canonical authority instead of keeping the stale 2.975 km rows"
rev_3c013bb0c082,seven_years_war_1756_08_01,TERRESTRIAL_HEX,h6000_q-000401_r+001254,promo_004cd3264a32,promo_115617644595,CONTROLLED,UNRESOLVED,sp_992101257e91,,2.975,9.168,hsrc_34735c52ef0d,,"re-measured at the source's own positional uncertainty (9.168 km, four independent settlement checks); no independent second source corroborates the Saxon core, so the conservative model is applied to canonical authority instead of keeping the stale 2.975 km rows"
rev_77ddc82311ac,seven_years_war_1756_08_01,TERRESTRIAL_HEX,h6000_q-000397_r+001254,promo_004cd3264a32,promo_115617644595,CONTROLLED,UNRESOLVED,sp_992101257e91,,2.975,9.168,hsrc_34735c52ef0d,,"re-measured at the source's own positional uncertainty (9.168 km, four independent settlement checks); no independent second source corroborates the Saxon core, so the conservative model is applied to canonical authority instead of keeping the stale 2.975 km rows"
rev_d051c37a22f4,seven_years_war_1756_08_01,TERRESTRIAL_HEX,h6000_q-000396_r+001254,promo_004cd3264a32,promo_115617644595,CONTROLLED,UNRESOLVED,sp_992101257e91,,2.975,9.168,hsrc_34735c52ef0d,,"re-measured at the source's own positional uncertainty (9.168 km, four independent settlement checks); no independent second source corroborates the Saxon core, so the conservative model is applied to canonical authority instead of keeping the stale 2.975 km rows"
rev_dd549ec950e2,seven_years_war_1756_08_01,TERRESTRIAL_HEX,h6000_q-000395_r+001254,promo_004cd3264a32,promo_115617644595,CONTROLLED,UNRESOLVED,sp_992101257e91,,2.975,9.168,hsrc_34735c52ef0d,,"re-measured at the source's own positional uncertainty (9.168 km, four independent settlement checks); no independent second source corroborates the Saxon core, so the conservative model is applied to canonical authority instead of keeping the stale 2.975 km rows"
rev_5a8bae7304fb,seven_years_war_1756_08_01,TERRESTRIAL_HEX,h6000_q-000410_r+001255,promo_004cd3264a32,promo_115617644595,CONTROLLED,UNRESOLVED,sp_992101257e91,,2.975,9.168,hsrc_34735c52ef0d,,"re-measured at the source's own positional uncertainty (9.168 km, four independent settlement checks); no independent second source corroborates the Saxon core, so the conservative model is applied to canonical authority instead of keeping the stale 2.975 km rows"
rev_34a92bc2c646,seven_years_war_1756_08_01,TERRESTRIAL_HEX,h6000_q-000409_r+001255,promo_004cd3264a32,promo_115617644595,CONTROLLED,UNRESOLVED,sp_992101257e91,,2.975,9.168,hsrc_34735c52ef0d,,"re-measured at the source's own positional uncertainty (9.168 km, four independent settlement checks); no independent second source corroborates the Saxon core, so the conservative model is applied to canonical authority instead of keeping the stale 2.975 km rows"
rev_72842eda18fe,seven_years_war_1756_08_01,TERRESTRIAL_HEX,h6000_q-000408_r+001255,promo_004cd3264a32,promo_115617644595,CONTROLLED,UNRESOLVED,sp_992101257e91,,2.975,9.168,hsrc_34735c52ef0d,,"re-measured at the source's own positional uncertainty (9.168 km, four independent settlement checks); no independent second source corroborates the Saxon core, so the conservative model is applied to canonical authority instead of keeping the stale 2.975 km rows"
rev_29c69cd9d84f,seven_years_war_1756_08_01,TERRESTRIAL_HEX,h6000_q-000407_r+001255,promo_004cd3264a32,promo_115617644595,CONTROLLED,UNRESOLVED,sp_992101257e91,,2.975,9.168,hsrc_34735c52ef0d,,"re-measured at the source's own positional uncertainty (9.168 km, four independent settlement checks); no independent second source corroborates the Saxon core, so the conservative model is applied to canonical authority instead of keeping the stale 2.975 km rows"
rev_2cf2c8c27d93,seven_years_war_1756_08_01,TERRESTRIAL_HEX,h6000_q-000406_r+001255,promo_004cd3264a32,promo_115617644595,CONTROLLED,UNRESOLVED,sp_992101257e91,,2.975,9.168,hsrc_34735c52ef0d,,"re-measured at the source's own positional uncertainty (9.168 km, four independent settlement checks); no independent second source corroborates the Saxon core, so the conservative model is applied to canonical authority instead of keeping the stale 2.975 km rows"
rev_22a46890f750,seven_years_war_1756_08_01,TERRESTRIAL_HEX,h6000_q-000405_r+001255,promo_004cd3264a32,promo_115617644595,CONTROLLED,UNRESOLVED,sp_992101257e91,,2.975,9.168,hsrc_34735c52ef0d,,"re-measured at the source's own positional uncertainty (9.168 km, four independent settlement checks); no independent second source corroborates the Saxon core, so the conservative model is applied to canonical authority instead of keeping the stale 2.975 km rows"
rev_c2db64f3fad6,seven_years_war_1756_08_01,TERRESTRIAL_HEX,h6000_q-000404_r+001255,promo_004cd3264a32,promo_115617644595,CONTROLLED,UNRESOLVED,sp_992101257e91,,2.975,9.168,hsrc_34735c52ef0d,,"re-measured at the source's own positional uncertainty (9.168 km, four independent settlement checks); no independent second source corroborates the Saxon core, so the conservative model is applied to canonical authority instead of keeping the stale 2.975 km rows"
rev_156c30575948,seven_years_war_1756_08_01,TERRESTRIAL_HEX,h6000_q-000403_r+001255,promo_004cd3264a32,promo_115617644595,CONTROLLED,UNRESOLVED,sp_992101257e91,,2.975,9.168,hsrc_34735c52ef0d,,"re-measured at the source's own positional uncertainty (9.168 km, four independent settlement checks); no independent second source corroborates the Saxon core, so the conservative model is applied to canonical authority instead of keeping the stale 2.975 km rows"
rev_5248e897004d,seven_years_war_1756_08_01,TERRESTRIAL_HEX,h6000_q-000402_r+001255,promo_004cd3264a32,promo_115617644595,CONTROLLED,UNRESOLVED,sp_992101257e91,,2.975,9.168,hsrc_34735c52ef0d,,"re-measured at the source's own positional uncertainty (9.168 km, four independent settlement checks); no independent second source corroborates the Saxon core, so the conservative model is applied to canonical authority instead of keeping the stale 2.975 km rows"
rev_2587b973daff,seven_years_war_1756_08_01,TERRESTRIAL_HEX,h6000_q-000396_r+001255,promo_004cd3264a32,promo_115617644595,CONTROLLED,UNRESOLVED,sp_992101257e91,,2.975,9.168,hsrc_34735c52ef0d,,"re-measured at the source's own positional uncertainty (9.168 km, four independent settlement checks); no independent second source corroborates the Saxon core, so the conservative model is applied to canonical authority instead of keeping the stale 2.975 km rows"
rev_246141340d75,seven_years_war_1756_08_01,TERRESTRIAL_HEX,h6000_q-000395_r+001255,promo_004cd3264a32,promo_115617644595,CONTROLLED,UNRESOLVED,sp_992101257e91,,2.975,9.168,hsrc_34735c52ef0d,,"re-measured at the source's own positional uncertainty (9.168 km, four independent settlement checks); no independent second source corroborates the Saxon core, so the conservative model is applied to canonical authority instead of keeping the stale 2.975 km rows"
rev_e5b678bb906c,seven_years_war_1756_08_01,TERRESTRIAL_HEX,h6000_q-000394_r+001255,promo_004cd3264a32,promo_115617644595,CONTROLLED,UNRESOLVED,sp_992101257e91,,2.975,9.168,hsrc_34735c52ef0d,,"re-measured at the source's own positional uncertainty (9.168 km, four independent settlement checks); no independent second source corroborates the Saxon core, so the conservative model is applied to canonical authority instead of keeping the stale 2.975 km rows"
rev_dfafce35a312,seven_years_war_1756_08_01,TERRESTRIAL_HEX,h6000_q-000393_r+001255,promo_004cd3264a32,promo_115617644595,CONTROLLED,UNRESOLVED,sp_992101257e91,,2.975,9.168,hsrc_34735c52ef0d,,"re-measured at the source's own positional uncertainty (9.168 km, four independent settlement checks); no independent second source corroborates the Saxon core, so the conservative model is applied to canonical authority instead of keeping the stale 2.975 km rows"
rev_2a17de0585b5,seven_years_war_1756_08_01,TERRESTRIAL_HEX,h6000_q-000392_r+001255,promo_004cd3264a32,promo_115617644595,CONTROLLED,UNRESOLVED,sp_992101257e91,,2.975,9.168,hsrc_34735c52ef0d,,"re-measured at the source's own positional uncertainty (9.168 km, four independent settlement checks); no independent second source corroborates the Saxon core, so the conservative model is applied to canonical authority instead of keeping the stale 2.975 km rows"
rev_7dd08efbb35d,seven_years_war_1756_08_01,TERRESTRIAL_HEX,h6000_q-000391_r+001255,promo_004cd3264a32,promo_115617644595,CONTROLLED,UNRESOLVED,sp_992101257e91,,2.975,9.168,hsrc_34735c52ef0d,,"re-measured at the source's own positional uncertainty (9.168 km, four independent settlement checks); no independent second source corroborates the Saxon core, so the conservative model is applied to canonical authority instead of keeping the stale 2.975 km rows"
rev_a82c4bba9037,seven_years_war_1756_08_01,TERRESTRIAL_HEX,h6000_q-000387_r+001255,promo_004cd3264a32,promo_115617644595,CONTROLLED,UNRESOLVED,sp_992101257e91,,2.975,9.168,hsrc_34735c52ef0d,,"re-measured at the source's own positional uncertainty (9.168 km, four independent settlement checks); no independent second source corroborates the Saxon core, so the conservative model is applied to canonical authority instead of keeping the stale 2.975 km rows"
rev_6fb842e3435b,seven_years_war_1756_08_01,TERRESTRIAL_HEX,h6000_q-000410_r+001256,promo_004cd3264a32,promo_115617644595,CONTROLLED,UNRESOLVED,sp_992101257e91,,2.975,9.168,hsrc_34735c52ef0d,,"re-measured at the source's own positional uncertainty (9.168 km, four independent settlement checks); no independent second source corroborates the Saxon core, so the conservative model is applied to canonical authority instead of keeping the stale 2.975 km rows"
rev_eece8d3b3f9e,seven_years_war_1756_08_01,TERRESTRIAL_HEX,h6000_q-000409_r+001256,promo_004cd3264a32,promo_115617644595,CONTROLLED,UNRESOLVED,sp_992101257e91,,2.975,9.168,hsrc_34735c52ef0d,,"re-measured at the source's own positional uncertainty (9.168 km, four independent settlement checks); no independent second source corroborates the Saxon core, so the conservative model is applied to canonical authority instead of keeping the stale 2.975 km rows"
rev_90c5b63d2710,seven_years_war_1756_08_01,TERRESTRIAL_HEX,h6000_q-000395_r+001256,promo_004cd3264a32,promo_115617644595,CONTROLLED,UNRESOLVED,sp_992101257e91,,2.975,9.168,hsrc_34735c52ef0d,,"re-measured at the source's own positional uncertainty (9.168 km, four independent settlement checks); no independent second source corroborates the Saxon core, so the conservative model is applied to canonical authority instead of keeping the stale 2.975 km rows"
rev_66633a5ebf1b,seven_years_war_1756_08_01,TERRESTRIAL_HEX,h6000_q-000394_r+001256,promo_004cd3264a32,promo_115617644595,CONTROLLED,UNRESOLVED,sp_992101257e91,,2.975,9.168,hsrc_34735c52ef0d,,"re-measured at the source's own positional uncertainty (9.168 km, four independent settlement checks); no independent second source corroborates the Saxon core, so the conservative model is applied to canonical authority instead of keeping the stale 2.975 km rows"
rev_2eca9563a0ee,seven_years_war_1756_08_01,TERRESTRIAL_HEX,h6000_q-000393_r+001256,promo_004cd3264a32,promo_115617644595,CONTROLLED,UNRESOLVED,sp_992101257e91,,2.975,9.168,hsrc_34735c52ef0d,,"re-measured at the source's own positional uncertainty (9.168 km, four independent settlement checks); no independent second source corroborates the Saxon core, so the conservative model is applied to canonical authority instead of keeping the stale 2.975 km rows"
rev_edec88fd7e0e,seven_years_war_1756_08_01,TERRESTRIAL_HEX,h6000_q-000392_r+001256,promo_004cd3264a32,promo_115617644595,CONTROLLED,UNRESOLVED,sp_992101257e91,,2.975,9.168,hsrc_34735c52ef0d,,"re-measured at the source's own positional uncertainty (9.168 km, four independent settlement checks); no independent second source corroborates the Saxon core, so the conservative model is applied to canonical authority instead of keeping the stale 2.975 km rows"
rev_2216613dfdf8,seven_years_war_1756_08_01,TERRESTRIAL_HEX,h6000_q-000391_r+001256,promo_004cd3264a32,promo_115617644595,CONTROLLED,UNRESOLVED,sp_992101257e91,,2.975,9.168,hsrc_34735c52ef0d,,"re-measured at the source's own positional uncertainty (9.168 km, four independent settlement checks); no independent second source corroborates the Saxon core, so the conservative model is applied to canonical authority instead of keeping the stale 2.975 km rows"
rev_2027931e32c7,seven_years_war_1756_08_01,TERRESTRIAL_HEX,h6000_q-000390_r+001256,promo_004cd3264a32,promo_115617644595,CONTROLLED,UNRESOLVED,sp_992101257e91,,2.975,9.168,hsrc_34735c52ef0d,,"re-measured at the source's own positional uncertainty (9.168 km, four independent settlement checks); no independent second source corroborates the Saxon core, so the conservative model is applied to canonical authority instead of keeping the stale 2.975 km rows"
rev_95ea96776fd9,seven_years_war_1756_08_01,TERRESTRIAL_HEX,h6000_q-000389_r+001256,promo_004cd3264a32,promo_115617644595,CONTROLLED,UNRESOLVED,sp_992101257e91,,2.975,9.168,hsrc_34735c52ef0d,,"re-measured at the source's own positional uncertainty (9.168 km, four independent settlement checks); no independent second source corroborates the Saxon core, so the conservative model is applied to canonical authority instead of keeping the stale 2.975 km rows"
rev_a38cf2b8fce3,seven_years_war_1756_08_01,TERRESTRIAL_HEX,h6000_q-000388_r+001256,promo_004cd3264a32,promo_115617644595,CONTROLLED,UNRESOLVED,sp_992101257e91,,2.975,9.168,hsrc_34735c52ef0d,,"re-measured at the source's own positional uncertainty (9.168 km, four independent settlement checks); no independent second source corroborates the Saxon core, so the conservative model is applied to canonical authority instead of keeping the stale 2.975 km rows"
rev_9c1c21ecca85,seven_years_war_1756_08_01,TERRESTRIAL_HEX,h6000_q-000387_r+001256,promo_004cd3264a32,promo_115617644595,CONTROLLED,UNRESOLVED,sp_992101257e91,,2.975,9.168,hsrc_34735c52ef0d,,"re-measured at the source's own positional uncertainty (9.168 km, four independent settlement checks); no independent second source corroborates the Saxon core, so the conservative model is applied to canonical authority instead of keeping the stale 2.975 km rows"
rev_f9029d91ed49,seven_years_war_1756_08_01,TERRESTRIAL_HEX,h6000_q-000411_r+001257,promo_004cd3264a32,promo_115617644595,CONTROLLED,UNRESOLVED,sp_992101257e91,,2.975,9.168,hsrc_34735c52ef0d,,"re-measured at the source's own positional uncertainty (9.168 km, four independent settlement checks); no independent second source corroborates the Saxon core, so the conservative model is applied to canonical authority instead of keeping the stale 2.975 km rows"
rev_12d796b5cb6d,seven_years_war_1756_08_01,TERRESTRIAL_HEX,h6000_q-000410_r+001257,promo_004cd3264a32,promo_115617644595,CONTROLLED,UNRESOLVED,sp_992101257e91,,2.975,9.168,hsrc_34735c52ef0d,,"re-measured at the source's own positional uncertainty (9.168 km, four independent settlement checks); no independent second source corroborates the Saxon core, so the conservative model is applied to canonical authority instead of keeping the stale 2.975 km rows"
rev_2d84def37a91,seven_years_war_1756_08_01,TERRESTRIAL_HEX,h6000_q-000391_r+001257,promo_004cd3264a32,promo_115617644595,CONTROLLED,UNRESOLVED,sp_992101257e91,,2.975,9.168,hsrc_34735c52ef0d,,"re-measured at the source's own positional uncertainty (9.168 km, four independent settlement checks); no independent second source corroborates the Saxon core, so the conservative model is applied to canonical authority instead of keeping the stale 2.975 km rows"
rev_1116eea8c74f,seven_years_war_1756_08_01,TERRESTRIAL_HEX,h6000_q-000390_r+001257,promo_004cd3264a32,promo_115617644595,CONTROLLED,UNRESOLVED,sp_992101257e91,,2.975,9.168,hsrc_34735c52ef0d,,"re-measured at the source's own positional uncertainty (9.168 km, four independent settlement checks); no independent second source corroborates the Saxon core, so the conservative model is applied to canonical authority instead of keeping the stale 2.975 km rows"
rev_82565e1e0b8c,seven_years_war_1756_08_01,TERRESTRIAL_HEX,h6000_q-000389_r+001257,promo_004cd3264a32,promo_115617644595,CONTROLLED,UNRESOLVED,sp_992101257e91,,2.975,9.168,hsrc_34735c52ef0d,,"re-measured at the source's own positional uncertainty (9.168 km, four independent settlement checks); no independent second source corroborates the Saxon core, so the conservative model is applied to canonical authority instead of keeping the stale 2.975 km rows"
rev_2208749952a6,seven_years_war_1756_08_01,TERRESTRIAL_HEX,h6000_q-000388_r+001257,promo_004cd3264a32,promo_115617644595,CONTROLLED,UNRESOLVED,sp_992101257e91,,2.975,9.168,hsrc_34735c52ef0d,,"re-measured at the source's own positional uncertainty (9.168 km, four independent settlement checks); no independent second source corroborates the Saxon core, so the conservative model is applied to canonical authority instead of keeping the stale 2.975 km rows"
rev_d415fc99b5bb,seven_years_war_1756_08_01,TERRESTRIAL_HEX,h6000_q-000387_r+001257,promo_004cd3264a32,promo_115617644595,CONTROLLED,UNRESOLVED,sp_992101257e91,,2.975,9.168,hsrc_34735c52ef0d,,"re-measured at the source's own positional uncertainty (9.168 km, four independent settlement checks); no independent second source corroborates the Saxon core, so the conservative model is applied to canonical authority instead of keeping the stale 2.975 km rows"
rev_41f0e6666e3a,seven_years_war_1756_08_01,TERRESTRIAL_HEX,h6000_q-000413_r+001258,promo_004cd3264a32,promo_115617644595,CONTROLLED,UNRESOLVED,sp_992101257e91,,2.975,9.168,hsrc_34735c52ef0d,,"re-measured at the source's own positional uncertainty (9.168 km, four independent settlement checks); no independent second source corroborates the Saxon core, so the conservative model is applied to canonical authority instead of keeping the stale 2.975 km rows"
rev_9f91d62ec104,seven_years_war_1756_08_01,TERRESTRIAL_HEX,h6000_q-000412_r+001258,promo_004cd3264a32,promo_115617644595,CONTROLLED,UNRESOLVED,sp_992101257e91,,2.975,9.168,hsrc_34735c52ef0d,,"re-measured at the source's own positional uncertainty (9.168 km, four independent settlement checks); no independent second source corroborates the Saxon core, so the conservative model is applied to canonical authority instead of keeping the stale 2.975 km rows"
rev_90fe2f2ccd63,seven_years_war_1756_08_01,TERRESTRIAL_HEX,h6000_q-000411_r+001258,promo_004cd3264a32,promo_115617644595,CONTROLLED,UNRESOLVED,sp_992101257e91,,2.975,9.168,hsrc_34735c52ef0d,,"re-measured at the source's own positional uncertainty (9.168 km, four independent settlement checks); no independent second source corroborates the Saxon core, so the conservative model is applied to canonical authority instead of keeping the stale 2.975 km rows"
rev_f63485e4ce5e,seven_years_war_1756_08_01,TERRESTRIAL_HEX,h6000_q-000388_r+001258,promo_004cd3264a32,promo_115617644595,CONTROLLED,UNRESOLVED,sp_992101257e91,,2.975,9.168,hsrc_34735c52ef0d,,"re-measured at the source's own positional uncertainty (9.168 km, four independent settlement checks); no independent second source corroborates the Saxon core, so the conservative model is applied to canonical authority instead of keeping the stale 2.975 km rows"
rev_e7e6e2a3540f,seven_years_war_1756_08_01,TERRESTRIAL_HEX,h6000_q-000387_r+001258,promo_004cd3264a32,promo_115617644595,CONTROLLED,UNRESOLVED,sp_992101257e91,,2.975,9.168,hsrc_34735c52ef0d,,"re-measured at the source's own positional uncertainty (9.168 km, four independent settlement checks); no independent second source corroborates the Saxon core, so the conservative model is applied to canonical authority instead of keeping the stale 2.975 km rows"
rev_b00ef492c8ab,seven_years_war_1756_08_01,TERRESTRIAL_HEX,h6000_q-000386_r+001258,promo_004cd3264a32,promo_115617644595,CONTROLLED,UNRESOLVED,sp_992101257e91,,2.975,9.168,hsrc_34735c52ef0d,,"re-measured at the source's own positional uncertainty (9.168 km, four independent settlement checks); no independent second source corroborates the Saxon core, so the conservative model is applied to canonical authority instead of keeping the stale 2.975 km rows"
rev_756b7391b544,seven_years_war_1756_08_01,TERRESTRIAL_HEX,h6000_q-000385_r+001258,promo_004cd3264a32,promo_115617644595,CONTROLLED,UNRESOLVED,sp_992101257e91,,2.975,9.168,hsrc_34735c52ef0d,,"re-measured at the source's own positional uncertainty (9.168 km, four independent settlement checks); no independent second source corroborates the Saxon core, so the conservative model is applied to canonical authority instead of keeping the stale 2.975 km rows"
rev_60678e4d5afe,seven_years_war_1756_08_01,TERRESTRIAL_HEX,h6000_q-000413_r+001259,promo_004cd3264a32,promo_115617644595,CONTROLLED,UNRESOLVED,sp_992101257e91,,2.975,9.168,hsrc_34735c52ef0d,,"re-measured at the source's own positional uncertainty (9.168 km, four independent settlement checks); no independent second source corroborates the Saxon core, so the conservative model is applied to canonical authority instead of keeping the stale 2.975 km rows"
rev_86cf78de516d,seven_years_war_1756_08_01,TERRESTRIAL_HEX,h6000_q-000412_r+001259,promo_004cd3264a32,promo_115617644595,CONTROLLED,UNRESOLVED,sp_992101257e91,,2.975,9.168,hsrc_34735c52ef0d,,"re-measured at the source's own positional uncertainty (9.168 km, four independent settlement checks); no independent second source corroborates the Saxon core, so the conservative model is applied to canonical authority instead of keeping the stale 2.975 km rows"
rev_363fb69c4ee9,seven_years_war_1756_08_01,TERRESTRIAL_HEX,h6000_q-000388_r+001259,promo_004cd3264a32,promo_115617644595,CONTROLLED,UNRESOLVED,sp_992101257e91,,2.975,9.168,hsrc_34735c52ef0d,,"re-measured at the source's own positional uncertainty (9.168 km, four independent settlement checks); no independent second source corroborates the Saxon core, so the conservative model is applied to canonical authority instead of keeping the stale 2.975 km rows"
rev_ae41020a6d79,seven_years_war_1756_08_01,TERRESTRIAL_HEX,h6000_q-000387_r+001259,promo_004cd3264a32,promo_115617644595,CONTROLLED,UNRESOLVED,sp_992101257e91,,2.975,9.168,hsrc_34735c52ef0d,,"re-measured at the source's own positional uncertainty (9.168 km, four independent settlement checks); no independent second source corroborates the Saxon core, so the conservative model is applied to canonical authority instead of keeping the stale 2.975 km rows"
rev_866b86511793,seven_years_war_1756_08_01,TERRESTRIAL_HEX,h6000_q-000386_r+001259,promo_004cd3264a32,promo_115617644595,CONTROLLED,UNRESOLVED,sp_992101257e91,,2.975,9.168,hsrc_34735c52ef0d,,"re-measured at the source's own positional uncertainty (9.168 km, four independent settlement checks); no independent second source corroborates the Saxon core, so the conservative model is applied to canonical authority instead of keeping the stale 2.975 km rows"
rev_3801cb3ae91d,seven_years_war_1756_08_01,TERRESTRIAL_HEX,h6000_q-000385_r+001259,promo_004cd3264a32,promo_115617644595,CONTROLLED,UNRESOLVED,sp_992101257e91,,2.975,9.168,hsrc_34735c52ef0d,,"re-measured at the source's own positional uncertainty (9.168 km, four independent settlement checks); no independent second source corroborates the Saxon core, so the conservative model is applied to canonical authority instead of keeping the stale 2.975 km rows"
rev_406498918df2,seven_years_war_1756_08_01,TERRESTRIAL_HEX,h6000_q-000413_r+001260,promo_004cd3264a32,promo_115617644595,CONTROLLED,UNRESOLVED,sp_992101257e91,,2.975,9.168,hsrc_34735c52ef0d,,"re-measured at the source's own positional uncertainty (9.168 km, four independent settlement checks); no independent second source corroborates the Saxon core, so the conservative model is applied to canonical authority instead of keeping the stale 2.975 km rows"
rev_f5252117a4f8,seven_years_war_1756_08_01,TERRESTRIAL_HEX,h6000_q-000412_r+001260,promo_004cd3264a32,promo_115617644595,CONTROLLED,UNRESOLVED,sp_992101257e91,,2.975,9.168,hsrc_34735c52ef0d,,"re-measured at the source's own positional uncertainty (9.168 km, four independent settlement checks); no independent second source corroborates the Saxon core, so the conservative model is applied to canonical authority instead of keeping the stale 2.975 km rows"
rev_c2ba7a767a52,seven_years_war_1756_08_01,TERRESTRIAL_HEX,h6000_q-000386_r+001260,promo_004cd3264a32,promo_115617644595,CONTROLLED,UNRESOLVED,sp_992101257e91,,2.975,9.168,hsrc_34735c52ef0d,,"re-measured at the source's own positional uncertainty (9.168 km, four independent settlement checks); no independent second source corroborates the Saxon core, so the conservative model is applied to canonical authority instead of keeping the stale 2.975 km rows"
rev_3367193027bb,seven_years_war_1756_08_01,TERRESTRIAL_HEX,h6000_q-000385_r+001260,promo_004cd3264a32,promo_115617644595,CONTROLLED,UNRESOLVED,sp_992101257e91,,2.975,9.168,hsrc_34735c52ef0d,,"re-measured at the source's own positional uncertainty (9.168 km, four independent settlement checks); no independent second source corroborates the Saxon core, so the conservative model is applied to canonical authority instead of keeping the stale 2.975 km rows"
rev_662f9dc3ddad,seven_years_war_1756_08_01,TERRESTRIAL_HEX,h6000_q-000413_r+001261,promo_004cd3264a32,promo_115617644595,CONTROLLED,UNRESOLVED,sp_992101257e91,,2.975,9.168,hsrc_34735c52ef0d,,"re-measured at the source's own positional uncertainty (9.168 km, four independent settlement checks); no independent second source corroborates the Saxon core, so the conservative model is applied to canonical authority instead of keeping the stale 2.975 km rows"
rev_4ba602abba0a,seven_years_war_1756_08_01,TERRESTRIAL_HEX,h6000_q-000412_r+001261,promo_004cd3264a32,promo_115617644595,CONTROLLED,UNRESOLVED,sp_992101257e91,,2.975,9.168,hsrc_34735c52ef0d,,"re-measured at the source's own positional uncertainty (9.168 km, four independent settlement checks); no independent second source corroborates the Saxon core, so the conservative model is applied to canonical authority instead of keeping the stale 2.975 km rows"
rev_6fafd1534c29,seven_years_war_1756_08_01,TERRESTRIAL_HEX,h6000_q-000386_r+001261,promo_004cd3264a32,promo_115617644595,CONTROLLED,UNRESOLVED,sp_992101257e91,,2.975,9.168,hsrc_34735c52ef0d,,"re-measured at the source's own positional uncertainty (9.168 km, four independent settlement checks); no independent second source corroborates the Saxon core, so the conservative model is applied to canonical authority instead of keeping the stale 2.975 km rows"
rev_fbd7baf887ad,seven_years_war_1756_08_01,TERRESTRIAL_HEX,h6000_q-000413_r+001262,promo_004cd3264a32,promo_115617644595,CONTROLLED,UNRESOLVED,sp_992101257e91,,2.975,9.168,hsrc_34735c52ef0d,,"re-measured at the source's own positional uncertainty (9.168 km, four independent settlement checks); no independent second source corroborates the Saxon core, so the conservative model is applied to canonical authority instead of keeping the stale 2.975 km rows"
rev_67eed0841dba,seven_years_war_1756_08_01,TERRESTRIAL_HEX,h6000_q-000407_r+001262,promo_004cd3264a32,promo_115617644595,CONTROLLED,UNRESOLVED,sp_992101257e91,,2.975,9.168,hsrc_34735c52ef0d,,"re-measured at the source's own positional uncertainty (9.168 km, four independent settlement checks); no independent second source corroborates the Saxon core, so the conservative model is applied to canonical authority instead of keeping the stale 2.975 km rows"
rev_d656d19aae8b,seven_years_war_1756_08_01,TERRESTRIAL_HEX,h6000_q-000406_r+001262,promo_004cd3264a32,promo_115617644595,CONTROLLED,UNRESOLVED,sp_992101257e91,,2.975,9.168,hsrc_34735c52ef0d,,"re-measured at the source's own positional uncertainty (9.168 km, four independent settlement checks); no independent second source corroborates the Saxon core, so the conservative model is applied to canonical authority instead of keeping the stale 2.975 km rows"
rev_688d06a948b1,seven_years_war_1756_08_01,TERRESTRIAL_HEX,h6000_q-000405_r+001262,promo_004cd3264a32,promo_115617644595,CONTROLLED,UNRESOLVED,sp_992101257e91,,2.975,9.168,hsrc_34735c52ef0d,,"re-measured at the source's own positional uncertainty (9.168 km, four independent settlement checks); no independent second source corroborates the Saxon core, so the conservative model is applied to canonical authority instead of keeping the stale 2.975 km rows"
rev_f6410acb7441,seven_years_war_1756_08_01,TERRESTRIAL_HEX,h6000_q-000386_r+001262,promo_004cd3264a32,promo_115617644595,CONTROLLED,UNRESOLVED,sp_992101257e91,,2.975,9.168,hsrc_34735c52ef0d,,"re-measured at the source's own positional uncertainty (9.168 km, four independent settlement checks); no independent second source corroborates the Saxon core, so the conservative model is applied to canonical authority instead of keeping the stale 2.975 km rows"
rev_51e286f5b851,seven_years_war_1756_08_01,TERRESTRIAL_HEX,h6000_q-000385_r+001262,promo_004cd3264a32,promo_115617644595,CONTROLLED,UNRESOLVED,sp_992101257e91,,2.975,9.168,hsrc_34735c52ef0d,,"re-measured at the source's own positional uncertainty (9.168 km, four independent settlement checks); no independent second source corroborates the Saxon core, so the conservative model is applied to canonical authority instead of keeping the stale 2.975 km rows"
rev_a2444fef1391,seven_years_war_1756_08_01,TERRESTRIAL_HEX,h6000_q-000384_r+001262,promo_004cd3264a32,promo_115617644595,CONTROLLED,UNRESOLVED,sp_992101257e91,,2.975,9.168,hsrc_34735c52ef0d,,"re-measured at the source's own positional uncertainty (9.168 km, four independent settlement checks); no independent second source corroborates the Saxon core, so the conservative model is applied to canonical authority instead of keeping the stale 2.975 km rows"
rev_aaf7e6677d88,seven_years_war_1756_08_01,TERRESTRIAL_HEX,h6000_q-000414_r+001263,promo_004cd3264a32,promo_115617644595,CONTROLLED,UNRESOLVED,sp_992101257e91,,2.975,9.168,hsrc_34735c52ef0d,,"re-measured at the source's own positional uncertainty (9.168 km, four independent settlement checks); no independent second source corroborates the Saxon core, so the conservative model is applied to canonical authority instead of keeping the stale 2.975 km rows"
rev_f35ff7e5d3c7,seven_years_war_1756_08_01,TERRESTRIAL_HEX,h6000_q-000413_r+001263,promo_004cd3264a32,promo_115617644595,CONTROLLED,UNRESOLVED,sp_992101257e91,,2.975,9.168,hsrc_34735c52ef0d,,"re-measured at the source's own positional uncertainty (9.168 km, four independent settlement checks); no independent second source corroborates the Saxon core, so the conservative model is applied to canonical authority instead of keeping the stale 2.975 km rows"
rev_73ca1548bbe7,seven_years_war_1756_08_01,TERRESTRIAL_HEX,h6000_q-000412_r+001263,promo_004cd3264a32,promo_115617644595,CONTROLLED,UNRESOLVED,sp_992101257e91,,2.975,9.168,hsrc_34735c52ef0d,,"re-measured at the source's own positional uncertainty (9.168 km, four independent settlement checks); no independent second source corroborates the Saxon core, so the conservative model is applied to canonical authority instead of keeping the stale 2.975 km rows"
rev_253fb12c5e52,seven_years_war_1756_08_01,TERRESTRIAL_HEX,h6000_q-000408_r+001263,promo_004cd3264a32,promo_115617644595,CONTROLLED,UNRESOLVED,sp_992101257e91,,2.975,9.168,hsrc_34735c52ef0d,,"re-measured at the source's own positional uncertainty (9.168 km, four independent settlement checks); no independent second source corroborates the Saxon core, so the conservative model is applied to canonical authority instead of keeping the stale 2.975 km rows"
rev_56c1f98a73a1,seven_years_war_1756_08_01,TERRESTRIAL_HEX,h6000_q-000407_r+001263,promo_004cd3264a32,promo_115617644595,CONTROLLED,UNRESOLVED,sp_992101257e91,,2.975,9.168,hsrc_34735c52ef0d,,"re-measured at the source's own positional uncertainty (9.168 km, four independent settlement checks); no independent second source corroborates the Saxon core, so the conservative model is applied to canonical authority instead of keeping the stale 2.975 km rows"
rev_b5a04f62b95f,seven_years_war_1756_08_01,TERRESTRIAL_HEX,h6000_q-000406_r+001263,promo_004cd3264a32,promo_115617644595,CONTROLLED,UNRESOLVED,sp_992101257e91,,2.975,9.168,hsrc_34735c52ef0d,,"re-measured at the source's own positional uncertainty (9.168 km, four independent settlement checks); no independent second source corroborates the Saxon core, so the conservative model is applied to canonical authority instead of keeping the stale 2.975 km rows"
rev_f92c9f10d04a,seven_years_war_1756_08_01,TERRESTRIAL_HEX,h6000_q-000405_r+001263,promo_004cd3264a32,promo_115617644595,CONTROLLED,UNRESOLVED,sp_992101257e91,,2.975,9.168,hsrc_34735c52ef0d,,"re-measured at the source's own positional uncertainty (9.168 km, four independent settlement checks); no independent second source corroborates the Saxon core, so the conservative model is applied to canonical authority instead of keeping the stale 2.975 km rows"
rev_071c7a453d0c,seven_years_war_1756_08_01,TERRESTRIAL_HEX,h6000_q-000391_r+001263,promo_004cd3264a32,promo_115617644595,CONTROLLED,UNRESOLVED,sp_992101257e91,,2.975,9.168,hsrc_34735c52ef0d,,"re-measured at the source's own positional uncertainty (9.168 km, four independent settlement checks); no independent second source corroborates the Saxon core, so the conservative model is applied to canonical authority instead of keeping the stale 2.975 km rows"
rev_11c4cf19a3a6,seven_years_war_1756_08_01,TERRESTRIAL_HEX,h6000_q-000390_r+001263,promo_004cd3264a32,promo_115617644595,CONTROLLED,UNRESOLVED,sp_992101257e91,,2.975,9.168,hsrc_34735c52ef0d,,"re-measured at the source's own positional uncertainty (9.168 km, four independent settlement checks); no independent second source corroborates the Saxon core, so the conservative model is applied to canonical authority instead of keeping the stale 2.975 km rows"
rev_4b279582642c,seven_years_war_1756_08_01,TERRESTRIAL_HEX,h6000_q-000386_r+001263,promo_004cd3264a32,promo_115617644595,CONTROLLED,UNRESOLVED,sp_992101257e91,,2.975,9.168,hsrc_34735c52ef0d,,"re-measured at the source's own positional uncertainty (9.168 km, four independent settlement checks); no independent second source corroborates the Saxon core, so the conservative model is applied to canonical authority instead of keeping the stale 2.975 km rows"
rev_cbe6ecdee844,seven_years_war_1756_08_01,TERRESTRIAL_HEX,h6000_q-000385_r+001263,promo_004cd3264a32,promo_115617644595,CONTROLLED,UNRESOLVED,sp_992101257e91,,2.975,9.168,hsrc_34735c52ef0d,,"re-measured at the source's own positional uncertainty (9.168 km, four independent settlement checks); no independent second source corroborates the Saxon core, so the conservative model is applied to canonical authority instead of keeping the stale 2.975 km rows"
rev_416d81e824bb,seven_years_war_1756_08_01,TERRESTRIAL_HEX,h6000_q-000384_r+001263,promo_004cd3264a32,promo_115617644595,CONTROLLED,UNRESOLVED,sp_992101257e91,,2.975,9.168,hsrc_34735c52ef0d,,"re-measured at the source's own positional uncertainty (9.168 km, four independent settlement checks); no independent second source corroborates the Saxon core, so the conservative model is applied to canonical authority instead of keeping the stale 2.975 km rows"
rev_c542ae2eb69d,seven_years_war_1756_08_01,TERRESTRIAL_HEX,h6000_q-000382_r+001263,promo_004cd3264a32,promo_115617644595,CONTROLLED,UNRESOLVED,sp_992101257e91,,2.975,9.168,hsrc_34735c52ef0d,,"re-measured at the source's own positional uncertainty (9.168 km, four independent settlement checks); no independent second source corroborates the Saxon core, so the conservative model is applied to canonical authority instead of keeping the stale 2.975 km rows"
rev_056bdf43712d,seven_years_war_1756_08_01,TERRESTRIAL_HEX,h6000_q-000381_r+001263,promo_004cd3264a32,promo_115617644595,CONTROLLED,UNRESOLVED,sp_992101257e91,,2.975,9.168,hsrc_34735c52ef0d,,"re-measured at the source's own positional uncertainty (9.168 km, four independent settlement checks); no independent second source corroborates the Saxon core, so the conservative model is applied to canonical authority instead of keeping the stale 2.975 km rows"
rev_7542989d4d2e,seven_years_war_1756_08_01,TERRESTRIAL_HEX,h6000_q-000413_r+001264,promo_004cd3264a32,promo_115617644595,CONTROLLED,UNRESOLVED,sp_992101257e91,,2.975,9.168,hsrc_34735c52ef0d,,"re-measured at the source's own positional uncertainty (9.168 km, four independent settlement checks); no independent second source corroborates the Saxon core, so the conservative model is applied to canonical authority instead of keeping the stale 2.975 km rows"
rev_85c23938d6db,seven_years_war_1756_08_01,TERRESTRIAL_HEX,h6000_q-000412_r+001264,promo_004cd3264a32,promo_115617644595,CONTROLLED,UNRESOLVED,sp_992101257e91,,2.975,9.168,hsrc_34735c52ef0d,,"re-measured at the source's own positional uncertainty (9.168 km, four independent settlement checks); no independent second source corroborates the Saxon core, so the conservative model is applied to canonical authority instead of keeping the stale 2.975 km rows"
rev_3f0973493b96,seven_years_war_1756_08_01,TERRESTRIAL_HEX,h6000_q-000409_r+001264,promo_004cd3264a32,promo_115617644595,CONTROLLED,UNRESOLVED,sp_992101257e91,,2.975,9.168,hsrc_34735c52ef0d,,"re-measured at the source's own positional uncertainty (9.168 km, four independent settlement checks); no independent second source corroborates the Saxon core, so the conservative model is applied to canonical authority instead of keeping the stale 2.975 km rows"
rev_368906ec3aab,seven_years_war_1756_08_01,TERRESTRIAL_HEX,h6000_q-000408_r+001264,promo_004cd3264a32,promo_115617644595,CONTROLLED,UNRESOLVED,sp_992101257e91,,2.975,9.168,hsrc_34735c52ef0d,,"re-measured at the source's own positional uncertainty (9.168 km, four independent settlement checks); no independent second source corroborates the Saxon core, so the conservative model is applied to canonical authority instead of keeping the stale 2.975 km rows"
rev_119acbda09c7,seven_years_war_1756_08_01,TERRESTRIAL_HEX,h6000_q-000406_r+001264,promo_004cd3264a32,promo_115617644595,CONTROLLED,UNRESOLVED,sp_992101257e91,,2.975,9.168,hsrc_34735c52ef0d,,"re-measured at the source's own positional uncertainty (9.168 km, four independent settlement checks); no independent second source corroborates the Saxon core, so the conservative model is applied to canonical authority instead of keeping the stale 2.975 km rows"
rev_bb155a72c970,seven_years_war_1756_08_01,TERRESTRIAL_HEX,h6000_q-000405_r+001264,promo_004cd3264a32,promo_115617644595,CONTROLLED,UNRESOLVED,sp_992101257e91,,2.975,9.168,hsrc_34735c52ef0d,,"re-measured at the source's own positional uncertainty (9.168 km, four independent settlement checks); no independent second source corroborates the Saxon core, so the conservative model is applied to canonical authority instead of keeping the stale 2.975 km rows"
rev_e476cebe44f3,seven_years_war_1756_08_01,TERRESTRIAL_HEX,h6000_q-000393_r+001264,promo_004cd3264a32,promo_115617644595,CONTROLLED,UNRESOLVED,sp_992101257e91,,2.975,9.168,hsrc_34735c52ef0d,,"re-measured at the source's own positional uncertainty (9.168 km, four independent settlement checks); no independent second source corroborates the Saxon core, so the conservative model is applied to canonical authority instead of keeping the stale 2.975 km rows"
rev_310e4fd7b842,seven_years_war_1756_08_01,TERRESTRIAL_HEX,h6000_q-000392_r+001264,promo_004cd3264a32,promo_115617644595,CONTROLLED,UNRESOLVED,sp_992101257e91,,2.975,9.168,hsrc_34735c52ef0d,,"re-measured at the source's own positional uncertainty (9.168 km, four independent settlement checks); no independent second source corroborates the Saxon core, so the conservative model is applied to canonical authority instead of keeping the stale 2.975 km rows"
rev_432d486a94d9,seven_years_war_1756_08_01,TERRESTRIAL_HEX,h6000_q-000391_r+001264,promo_004cd3264a32,promo_115617644595,CONTROLLED,UNRESOLVED,sp_992101257e91,,2.975,9.168,hsrc_34735c52ef0d,,"re-measured at the source's own positional uncertainty (9.168 km, four independent settlement checks); no independent second source corroborates the Saxon core, so the conservative model is applied to canonical authority instead of keeping the stale 2.975 km rows"
rev_d74ec3864b08,seven_years_war_1756_08_01,TERRESTRIAL_HEX,h6000_q-000390_r+001264,promo_004cd3264a32,promo_115617644595,CONTROLLED,UNRESOLVED,sp_992101257e91,,2.975,9.168,hsrc_34735c52ef0d,,"re-measured at the source's own positional uncertainty (9.168 km, four independent settlement checks); no independent second source corroborates the Saxon core, so the conservative model is applied to canonical authority instead of keeping the stale 2.975 km rows"
rev_d835e40e3c6f,seven_years_war_1756_08_01,TERRESTRIAL_HEX,h6000_q-000389_r+001264,promo_004cd3264a32,promo_115617644595,CONTROLLED,UNRESOLVED,sp_992101257e91,,2.975,9.168,hsrc_34735c52ef0d,,"re-measured at the source's own positional uncertainty (9.168 km, four independent settlement checks); no independent second source corroborates the Saxon core, so the conservative model is applied to canonical authority instead of keeping the stale 2.975 km rows"
rev_cb2979d5ed43,seven_years_war_1756_08_01,TERRESTRIAL_HEX,h6000_q-000385_r+001264,promo_004cd3264a32,promo_115617644595,CONTROLLED,UNRESOLVED,sp_992101257e91,,2.975,9.168,hsrc_34735c52ef0d,,"re-measured at the source's own positional uncertainty (9.168 km, four independent settlement checks); no independent second source corroborates the Saxon core, so the conservative model is applied to canonical authority instead of keeping the stale 2.975 km rows"
rev_e40b28758f0d,seven_years_war_1756_08_01,TERRESTRIAL_HEX,h6000_q-000384_r+001264,promo_004cd3264a32,promo_115617644595,CONTROLLED,UNRESOLVED,sp_992101257e91,,2.975,9.168,hsrc_34735c52ef0d,,"re-measured at the source's own positional uncertainty (9.168 km, four independent settlement checks); no independent second source corroborates the Saxon core, so the conservative model is applied to canonical authority instead of keeping the stale 2.975 km rows"
rev_2f949046b70c,seven_years_war_1756_08_01,TERRESTRIAL_HEX,h6000_q-000383_r+001264,promo_004cd3264a32,promo_115617644595,CONTROLLED,UNRESOLVED,sp_992101257e91,,2.975,9.168,hsrc_34735c52ef0d,,"re-measured at the source's own positional uncertainty (9.168 km, four independent settlement checks); no independent second source corroborates the Saxon core, so the conservative model is applied to canonical authority instead of keeping the stale 2.975 km rows"
rev_4b106b191079,seven_years_war_1756_08_01,TERRESTRIAL_HEX,h6000_q-000382_r+001264,promo_004cd3264a32,promo_115617644595,CONTROLLED,UNRESOLVED,sp_992101257e91,,2.975,9.168,hsrc_34735c52ef0d,,"re-measured at the source's own positional uncertainty (9.168 km, four independent settlement checks); no independent second source corroborates the Saxon core, so the conservative model is applied to canonical authority instead of keeping the stale 2.975 km rows"
rev_9279320200fb,seven_years_war_1756_08_01,TERRESTRIAL_HEX,h6000_q-000413_r+001265,promo_004cd3264a32,promo_115617644595,CONTROLLED,UNRESOLVED,sp_992101257e91,,2.975,9.168,hsrc_34735c52ef0d,,"re-measured at the source's own positional uncertainty (9.168 km, four independent settlement checks); no independent second source corroborates the Saxon core, so the conservative model is applied to canonical authority instead of keeping the stale 2.975 km rows"
rev_49bd4f3aafd5,seven_years_war_1756_08_01,TERRESTRIAL_HEX,h6000_q-000410_r+001265,promo_004cd3264a32,promo_115617644595,CONTROLLED,UNRESOLVED,sp_992101257e91,,2.975,9.168,hsrc_34735c52ef0d,,"re-measured at the source's own positional uncertainty (9.168 km, four independent settlement checks); no independent second source corroborates the Saxon core, so the conservative model is applied to canonical authority instead of keeping the stale 2.975 km rows"
rev_1b13b07287d4,seven_years_war_1756_08_01,TERRESTRIAL_HEX,h6000_q-000409_r+001265,promo_004cd3264a32,promo_115617644595,CONTROLLED,UNRESOLVED,sp_992101257e91,,2.975,9.168,hsrc_34735c52ef0d,,"re-measured at the source's own positional uncertainty (9.168 km, four independent settlement checks); no independent second source corroborates the Saxon core, so the conservative model is applied to canonical authority instead of keeping the stale 2.975 km rows"
rev_5f9eacf63970,seven_years_war_1756_08_01,TERRESTRIAL_HEX,h6000_q-000407_r+001265,promo_004cd3264a32,promo_115617644595,CONTROLLED,UNRESOLVED,sp_992101257e91,,2.975,9.168,hsrc_34735c52ef0d,,"re-measured at the source's own positional uncertainty (9.168 km, four independent settlement checks); no independent second source corroborates the Saxon core, so the conservative model is applied to canonical authority instead of keeping the stale 2.975 km rows"
rev_6c2b74a75d7a,seven_years_war_1756_08_01,TERRESTRIAL_HEX,h6000_q-000406_r+001265,promo_004cd3264a32,promo_115617644595,CONTROLLED,UNRESOLVED,sp_992101257e91,,2.975,9.168,hsrc_34735c52ef0d,,"re-measured at the source's own positional uncertainty (9.168 km, four independent settlement checks); no independent second source corroborates the Saxon core, so the conservative model is applied to canonical authority instead of keeping the stale 2.975 km rows"
rev_03d361e9124f,seven_years_war_1756_08_01,TERRESTRIAL_HEX,h6000_q-000394_r+001265,promo_004cd3264a32,promo_115617644595,CONTROLLED,UNRESOLVED,sp_992101257e91,,2.975,9.168,hsrc_34735c52ef0d,,"re-measured at the source's own positional uncertainty (9.168 km, four independent settlement checks); no independent second source corroborates the Saxon core, so the conservative model is applied to canonical authority instead of keeping the stale 2.975 km rows"
rev_60958727858f,seven_years_war_1756_08_01,TERRESTRIAL_HEX,h6000_q-000393_r+001265,promo_004cd3264a32,promo_115617644595,CONTROLLED,UNRESOLVED,sp_992101257e91,,2.975,9.168,hsrc_34735c52ef0d,,"re-measured at the source's own positional uncertainty (9.168 km, four independent settlement checks); no independent second source corroborates the Saxon core, so the conservative model is applied to canonical authority instead of keeping the stale 2.975 km rows"
rev_46655d12bda3,seven_years_war_1756_08_01,TERRESTRIAL_HEX,h6000_q-000390_r+001265,promo_004cd3264a32,promo_115617644595,CONTROLLED,UNRESOLVED,sp_992101257e91,,2.975,9.168,hsrc_34735c52ef0d,,"re-measured at the source's own positional uncertainty (9.168 km, four independent settlement checks); no independent second source corroborates the Saxon core, so the conservative model is applied to canonical authority instead of keeping the stale 2.975 km rows"
rev_bc4df426d1f0,seven_years_war_1756_08_01,TERRESTRIAL_HEX,h6000_q-000389_r+001265,promo_004cd3264a32,promo_115617644595,CONTROLLED,UNRESOLVED,sp_992101257e91,,2.975,9.168,hsrc_34735c52ef0d,,"re-measured at the source's own positional uncertainty (9.168 km, four independent settlement checks); no independent second source corroborates the Saxon core, so the conservative model is applied to canonical authority instead of keeping the stale 2.975 km rows"
rev_365de8619cf9,seven_years_war_1756_08_01,TERRESTRIAL_HEX,h6000_q-000384_r+001265,promo_004cd3264a32,promo_115617644595,CONTROLLED,UNRESOLVED,sp_992101257e91,,2.975,9.168,hsrc_34735c52ef0d,,"re-measured at the source's own positional uncertainty (9.168 km, four independent settlement checks); no independent second source corroborates the Saxon core, so the conservative model is applied to canonical authority instead of keeping the stale 2.975 km rows"
rev_049bb68198ee,seven_years_war_1756_08_01,TERRESTRIAL_HEX,h6000_q-000383_r+001265,promo_004cd3264a32,promo_115617644595,CONTROLLED,UNRESOLVED,sp_992101257e91,,2.975,9.168,hsrc_34735c52ef0d,,"re-measured at the source's own positional uncertainty (9.168 km, four independent settlement checks); no independent second source corroborates the Saxon core, so the conservative model is applied to canonical authority instead of keeping the stale 2.975 km rows"
rev_d068daaa5566,seven_years_war_1756_08_01,TERRESTRIAL_HEX,h6000_q-000382_r+001265,promo_004cd3264a32,promo_115617644595,CONTROLLED,UNRESOLVED,sp_992101257e91,,2.975,9.168,hsrc_34735c52ef0d,,"re-measured at the source's own positional uncertainty (9.168 km, four independent settlement checks); no independent second source corroborates the Saxon core, so the conservative model is applied to canonical authority instead of keeping the stale 2.975 km rows"
rev_d4cd7da5ea18,seven_years_war_1756_08_01,TERRESTRIAL_HEX,h6000_q-000414_r+001266,promo_004cd3264a32,promo_115617644595,CONTROLLED,UNRESOLVED,sp_992101257e91,,2.975,9.168,hsrc_34735c52ef0d,,"re-measured at the source's own positional uncertainty (9.168 km, four independent settlement checks); no independent second source corroborates the Saxon core, so the conservative model is applied to canonical authority instead of keeping the stale 2.975 km rows"
rev_cc82a7b07ce8,seven_years_war_1756_08_01,TERRESTRIAL_HEX,h6000_q-000413_r+001266,promo_004cd3264a32,promo_115617644595,CONTROLLED,UNRESOLVED,sp_992101257e91,,2.975,9.168,hsrc_34735c52ef0d,,"re-measured at the source's own positional uncertainty (9.168 km, four independent settlement checks); no independent second source corroborates the Saxon core, so the conservative model is applied to canonical authority instead of keeping the stale 2.975 km rows"
rev_53bcc7616a21,seven_years_war_1756_08_01,TERRESTRIAL_HEX,h6000_q-000410_r+001266,promo_004cd3264a32,promo_115617644595,CONTROLLED,UNRESOLVED,sp_992101257e91,,2.975,9.168,hsrc_34735c52ef0d,,"re-measured at the source's own positional uncertainty (9.168 km, four independent settlement checks); no independent second source corroborates the Saxon core, so the conservative model is applied to canonical authority instead of keeping the stale 2.975 km rows"
rev_8d51c665e4a1,seven_years_war_1756_08_01,TERRESTRIAL_HEX,h6000_q-000409_r+001266,promo_004cd3264a32,promo_115617644595,CONTROLLED,UNRESOLVED,sp_992101257e91,,2.975,9.168,hsrc_34735c52ef0d,,"re-measured at the source's own positional uncertainty (9.168 km, four independent settlement checks); no independent second source corroborates the Saxon core, so the conservative model is applied to canonical authority instead of keeping the stale 2.975 km rows"
rev_68491dce95f2,seven_years_war_1756_08_01,TERRESTRIAL_HEX,h6000_q-000408_r+001266,promo_004cd3264a32,promo_115617644595,CONTROLLED,UNRESOLVED,sp_992101257e91,,2.975,9.168,hsrc_34735c52ef0d,,"re-measured at the source's own positional uncertainty (9.168 km, four independent settlement checks); no independent second source corroborates the Saxon core, so the conservative model is applied to canonical authority instead of keeping the stale 2.975 km rows"
rev_f5ee8a7a021a,seven_years_war_1756_08_01,TERRESTRIAL_HEX,h6000_q-000407_r+001266,promo_004cd3264a32,promo_115617644595,CONTROLLED,UNRESOLVED,sp_992101257e91,,2.975,9.168,hsrc_34735c52ef0d,,"re-measured at the source's own positional uncertainty (9.168 km, four independent settlement checks); no independent second source corroborates the Saxon core, so the conservative model is applied to canonical authority instead of keeping the stale 2.975 km rows"
rev_229e9b91c265,seven_years_war_1756_08_01,TERRESTRIAL_HEX,h6000_q-000394_r+001266,promo_004cd3264a32,promo_115617644595,CONTROLLED,UNRESOLVED,sp_992101257e91,,2.975,9.168,hsrc_34735c52ef0d,,"re-measured at the source's own positional uncertainty (9.168 km, four independent settlement checks); no independent second source corroborates the Saxon core, so the conservative model is applied to canonical authority instead of keeping the stale 2.975 km rows"
rev_22c6e7e3682f,seven_years_war_1756_08_01,TERRESTRIAL_HEX,h6000_q-000393_r+001266,promo_004cd3264a32,promo_115617644595,CONTROLLED,UNRESOLVED,sp_992101257e91,,2.975,9.168,hsrc_34735c52ef0d,,"re-measured at the source's own positional uncertainty (9.168 km, four independent settlement checks); no independent second source corroborates the Saxon core, so the conservative model is applied to canonical authority instead of keeping the stale 2.975 km rows"
rev_7ca036fd825f,seven_years_war_1756_08_01,TERRESTRIAL_HEX,h6000_q-000391_r+001266,promo_004cd3264a32,promo_115617644595,CONTROLLED,UNRESOLVED,sp_992101257e91,,2.975,9.168,hsrc_34735c52ef0d,,"re-measured at the source's own positional uncertainty (9.168 km, four independent settlement checks); no independent second source corroborates the Saxon core, so the conservative model is applied to canonical authority instead of keeping the stale 2.975 km rows"
rev_a420a0aef365,seven_years_war_1756_08_01,TERRESTRIAL_HEX,h6000_q-000390_r+001266,promo_004cd3264a32,promo_115617644595,CONTROLLED,UNRESOLVED,sp_992101257e91,,2.975,9.168,hsrc_34735c52ef0d,,"re-measured at the source's own positional uncertainty (9.168 km, four independent settlement checks); no independent second source corroborates the Saxon core, so the conservative model is applied to canonical authority instead of keeping the stale 2.975 km rows"
rev_5544b86c4a18,seven_years_war_1756_08_01,TERRESTRIAL_HEX,h6000_q-000383_r+001266,promo_004cd3264a32,promo_115617644595,CONTROLLED,UNRESOLVED,sp_992101257e91,,2.975,9.168,hsrc_34735c52ef0d,,"re-measured at the source's own positional uncertainty (9.168 km, four independent settlement checks); no independent second source corroborates the Saxon core, so the conservative model is applied to canonical authority instead of keeping the stale 2.975 km rows"
rev_5ae79af7a6c6,seven_years_war_1756_08_01,TERRESTRIAL_HEX,h6000_q-000382_r+001266,promo_004cd3264a32,promo_115617644595,CONTROLLED,UNRESOLVED,sp_992101257e91,,2.975,9.168,hsrc_34735c52ef0d,,"re-measured at the source's own positional uncertainty (9.168 km, four independent settlement checks); no independent second source corroborates the Saxon core, so the conservative model is applied to canonical authority instead of keeping the stale 2.975 km rows"
rev_0869590c683a,seven_years_war_1756_08_01,TERRESTRIAL_HEX,h6000_q-000381_r+001266,promo_004cd3264a32,promo_115617644595,CONTROLLED,UNRESOLVED,sp_992101257e91,,2.975,9.168,hsrc_34735c52ef0d,,"re-measured at the source's own positional uncertainty (9.168 km, four independent settlement checks); no independent second source corroborates the Saxon core, so the conservative model is applied to canonical authority instead of keeping the stale 2.975 km rows"
rev_f1813c026cdf,seven_years_war_1756_08_01,TERRESTRIAL_HEX,h6000_q-000377_r+001266,promo_004cd3264a32,promo_115617644595,CONTROLLED,UNRESOLVED,sp_992101257e91,,2.975,9.168,hsrc_34735c52ef0d,,"re-measured at the source's own positional uncertainty (9.168 km, four independent settlement checks); no independent second source corroborates the Saxon core, so the conservative model is applied to canonical authority instead of keeping the stale 2.975 km rows"
rev_e7d9db40a80e,seven_years_war_1756_08_01,TERRESTRIAL_HEX,h6000_q-000416_r+001267,promo_004cd3264a32,promo_115617644595,CONTROLLED,UNRESOLVED,sp_992101257e91,,2.975,9.168,hsrc_34735c52ef0d,,"re-measured at the source's own positional uncertainty (9.168 km, four independent settlement checks); no independent second source corroborates the Saxon core, so the conservative model is applied to canonical authority instead of keeping the stale 2.975 km rows"
rev_1354321c6157,seven_years_war_1756_08_01,TERRESTRIAL_HEX,h6000_q-000415_r+001267,promo_004cd3264a32,promo_115617644595,CONTROLLED,UNRESOLVED,sp_992101257e91,,2.975,9.168,hsrc_34735c52ef0d,,"re-measured at the source's own positional uncertainty (9.168 km, four independent settlement checks); no independent second source corroborates the Saxon core, so the conservative model is applied to canonical authority instead of keeping the stale 2.975 km rows"
rev_18d45c6c554a,seven_years_war_1756_08_01,TERRESTRIAL_HEX,h6000_q-000414_r+001267,promo_004cd3264a32,promo_115617644595,CONTROLLED,UNRESOLVED,sp_992101257e91,,2.975,9.168,hsrc_34735c52ef0d,,"re-measured at the source's own positional uncertainty (9.168 km, four independent settlement checks); no independent second source corroborates the Saxon core, so the conservative model is applied to canonical authority instead of keeping the stale 2.975 km rows"
rev_be2f1d46c567,seven_years_war_1756_08_01,TERRESTRIAL_HEX,h6000_q-000409_r+001267,promo_004cd3264a32,promo_115617644595,CONTROLLED,UNRESOLVED,sp_992101257e91,,2.975,9.168,hsrc_34735c52ef0d,,"re-measured at the source's own positional uncertainty (9.168 km, four independent settlement checks); no independent second source corroborates the Saxon core, so the conservative model is applied to canonical authority instead of keeping the stale 2.975 km rows"
rev_601e7aab4564,seven_years_war_1756_08_01,TERRESTRIAL_HEX,h6000_q-000394_r+001267,promo_004cd3264a32,promo_115617644595,CONTROLLED,UNRESOLVED,sp_992101257e91,,2.975,9.168,hsrc_34735c52ef0d,,"re-measured at the source's own positional uncertainty (9.168 km, four independent settlement checks); no independent second source corroborates the Saxon core, so the conservative model is applied to canonical authority instead of keeping the stale 2.975 km rows"
rev_7ebdcca5d0c3,seven_years_war_1756_08_01,TERRESTRIAL_HEX,h6000_q-000393_r+001267,promo_004cd3264a32,promo_115617644595,CONTROLLED,UNRESOLVED,sp_992101257e91,,2.975,9.168,hsrc_34735c52ef0d,,"re-measured at the source's own positional uncertainty (9.168 km, four independent settlement checks); no independent second source corroborates the Saxon core, so the conservative model is applied to canonical authority instead of keeping the stale 2.975 km rows"
rev_617a0192f75d,seven_years_war_1756_08_01,TERRESTRIAL_HEX,h6000_q-000392_r+001267,promo_004cd3264a32,promo_115617644595,CONTROLLED,UNRESOLVED,sp_992101257e91,,2.975,9.168,hsrc_34735c52ef0d,,"re-measured at the source's own positional uncertainty (9.168 km, four independent settlement checks); no independent second source corroborates the Saxon core, so the conservative model is applied to canonical authority instead of keeping the stale 2.975 km rows"
rev_b6ac0334228a,seven_years_war_1756_08_01,TERRESTRIAL_HEX,h6000_q-000391_r+001267,promo_004cd3264a32,promo_115617644595,CONTROLLED,UNRESOLVED,sp_992101257e91,,2.975,9.168,hsrc_34735c52ef0d,,"re-measured at the source's own positional uncertainty (9.168 km, four independent settlement checks); no independent second source corroborates the Saxon core, so the conservative model is applied to canonical authority instead of keeping the stale 2.975 km rows"
rev_bdf48647e97b,seven_years_war_1756_08_01,TERRESTRIAL_HEX,h6000_q-000382_r+001267,promo_004cd3264a32,promo_115617644595,CONTROLLED,UNRESOLVED,sp_992101257e91,,2.975,9.168,hsrc_34735c52ef0d,,"re-measured at the source's own positional uncertainty (9.168 km, four independent settlement checks); no independent second source corroborates the Saxon core, so the conservative model is applied to canonical authority instead of keeping the stale 2.975 km rows"
rev_3f5eb39720e2,seven_years_war_1756_08_01,TERRESTRIAL_HEX,h6000_q-000381_r+001267,promo_004cd3264a32,promo_115617644595,CONTROLLED,UNRESOLVED,sp_992101257e91,,2.975,9.168,hsrc_34735c52ef0d,,"re-measured at the source's own positional uncertainty (9.168 km, four independent settlement checks); no independent second source corroborates the Saxon core, so the conservative model is applied to canonical authority instead of keeping the stale 2.975 km rows"
rev_a1a02e6c7e8a,seven_years_war_1756_08_01,TERRESTRIAL_HEX,h6000_q-000380_r+001267,promo_004cd3264a32,promo_115617644595,CONTROLLED,UNRESOLVED,sp_992101257e91,,2.975,9.168,hsrc_34735c52ef0d,,"re-measured at the source's own positional uncertainty (9.168 km, four independent settlement checks); no independent second source corroborates the Saxon core, so the conservative model is applied to canonical authority instead of keeping the stale 2.975 km rows"
rev_7cdbfb82ea36,seven_years_war_1756_08_01,TERRESTRIAL_HEX,h6000_q-000379_r+001267,promo_004cd3264a32,promo_115617644595,CONTROLLED,UNRESOLVED,sp_992101257e91,,2.975,9.168,hsrc_34735c52ef0d,,"re-measured at the source's own positional uncertainty (9.168 km, four independent settlement checks); no independent second source corroborates the Saxon core, so the conservative model is applied to canonical authority instead of keeping the stale 2.975 km rows"
rev_b80066d6e893,seven_years_war_1756_08_01,TERRESTRIAL_HEX,h6000_q-000378_r+001267,promo_004cd3264a32,promo_115617644595,CONTROLLED,UNRESOLVED,sp_992101257e91,,2.975,9.168,hsrc_34735c52ef0d,,"re-measured at the source's own positional uncertainty (9.168 km, four independent settlement checks); no independent second source corroborates the Saxon core, so the conservative model is applied to canonical authority instead of keeping the stale 2.975 km rows"
rev_c1c5ee1c60c8,seven_years_war_1756_08_01,TERRESTRIAL_HEX,h6000_q-000417_r+001268,promo_004cd3264a32,promo_115617644595,CONTROLLED,UNRESOLVED,sp_992101257e91,,2.975,9.168,hsrc_34735c52ef0d,,"re-measured at the source's own positional uncertainty (9.168 km, four independent settlement checks); no independent second source corroborates the Saxon core, so the conservative model is applied to canonical authority instead of keeping the stale 2.975 km rows"
rev_d1ed0531d9ac,seven_years_war_1756_08_01,TERRESTRIAL_HEX,h6000_q-000416_r+001268,promo_004cd3264a32,promo_115617644595,CONTROLLED,UNRESOLVED,sp_992101257e91,,2.975,9.168,hsrc_34735c52ef0d,,"re-measured at the source's own positional uncertainty (9.168 km, four independent settlement checks); no independent second source corroborates the Saxon core, so the conservative model is applied to canonical authority instead of keeping the stale 2.975 km rows"
rev_9f6e3f1b3687,seven_years_war_1756_08_01,TERRESTRIAL_HEX,h6000_q-000415_r+001268,promo_004cd3264a32,promo_115617644595,CONTROLLED,UNRESOLVED,sp_992101257e91,,2.975,9.168,hsrc_34735c52ef0d,,"re-measured at the source's own positional uncertainty (9.168 km, four independent settlement checks); no independent second source corroborates the Saxon core, so the conservative model is applied to canonical authority instead of keeping the stale 2.975 km rows"
rev_9a5f12edebb1,seven_years_war_1756_08_01,TERRESTRIAL_HEX,h6000_q-000414_r+001268,promo_004cd3264a32,promo_115617644595,CONTROLLED,UNRESOLVED,sp_992101257e91,,2.975,9.168,hsrc_34735c52ef0d,,"re-measured at the source's own positional uncertainty (9.168 km, four independent settlement checks); no independent second source corroborates the Saxon core, so the conservative model is applied to canonical authority instead of keeping the stale 2.975 km rows"
rev_bf6b6d815480,seven_years_war_1756_08_01,TERRESTRIAL_HEX,h6000_q-000394_r+001268,promo_004cd3264a32,promo_115617644595,CONTROLLED,UNRESOLVED,sp_992101257e91,,2.975,9.168,hsrc_34735c52ef0d,,"re-measured at the source's own positional uncertainty (9.168 km, four independent settlement checks); no independent second source corroborates the Saxon core, so the conservative model is applied to canonical authority instead of keeping the stale 2.975 km rows"
rev_a9b435dc912c,seven_years_war_1756_08_01,TERRESTRIAL_HEX,h6000_q-000393_r+001268,promo_004cd3264a32,promo_115617644595,CONTROLLED,UNRESOLVED,sp_992101257e91,,2.975,9.168,hsrc_34735c52ef0d,,"re-measured at the source's own positional uncertainty (9.168 km, four independent settlement checks); no independent second source corroborates the Saxon core, so the conservative model is applied to canonical authority instead of keeping the stale 2.975 km rows"
rev_bfa385486a91,seven_years_war_1756_08_01,TERRESTRIAL_HEX,h6000_q-000392_r+001268,promo_004cd3264a32,promo_115617644595,CONTROLLED,UNRESOLVED,sp_992101257e91,,2.975,9.168,hsrc_34735c52ef0d,,"re-measured at the source's own positional uncertainty (9.168 km, four independent settlement checks); no independent second source corroborates the Saxon core, so the conservative model is applied to canonical authority instead of keeping the stale 2.975 km rows"
rev_c1a3520a5235,seven_years_war_1756_08_01,TERRESTRIAL_HEX,h6000_q-000381_r+001268,promo_004cd3264a32,promo_115617644595,CONTROLLED,UNRESOLVED,sp_992101257e91,,2.975,9.168,hsrc_34735c52ef0d,,"re-measured at the source's own positional uncertainty (9.168 km, four independent settlement checks); no independent second source corroborates the Saxon core, so the conservative model is applied to canonical authority instead of keeping the stale 2.975 km rows"
rev_13e63e21052d,seven_years_war_1756_08_01,TERRESTRIAL_HEX,h6000_q-000380_r+001268,promo_004cd3264a32,promo_115617644595,CONTROLLED,UNRESOLVED,sp_992101257e91,,2.975,9.168,hsrc_34735c52ef0d,,"re-measured at the source's own positional uncertainty (9.168 km, four independent settlement checks); no independent second source corroborates the Saxon core, so the conservative model is applied to canonical authority instead of keeping the stale 2.975 km rows"
rev_36f99a2779d7,seven_years_war_1756_08_01,TERRESTRIAL_HEX,h6000_q-000379_r+001268,promo_004cd3264a32,promo_115617644595,CONTROLLED,UNRESOLVED,sp_992101257e91,,2.975,9.168,hsrc_34735c52ef0d,,"re-measured at the source's own positional uncertainty (9.168 km, four independent settlement checks); no independent second source corroborates the Saxon core, so the conservative model is applied to canonical authority instead of keeping the stale 2.975 km rows"
rev_7288e04916fe,seven_years_war_1756_08_01,TERRESTRIAL_HEX,h6000_q-000378_r+001268,promo_004cd3264a32,promo_115617644595,CONTROLLED,UNRESOLVED,sp_992101257e91,,2.975,9.168,hsrc_34735c52ef0d,,"re-measured at the source's own positional uncertainty (9.168 km, four independent settlement checks); no independent second source corroborates the Saxon core, so the conservative model is applied to canonical authority instead of keeping the stale 2.975 km rows"
rev_9f7df145a34f,seven_years_war_1756_08_01,TERRESTRIAL_HEX,h6000_q-000377_r+001268,promo_004cd3264a32,promo_115617644595,CONTROLLED,UNRESOLVED,sp_992101257e91,,2.975,9.168,hsrc_34735c52ef0d,,"re-measured at the source's own positional uncertainty (9.168 km, four independent settlement checks); no independent second source corroborates the Saxon core, so the conservative model is applied to canonical authority instead of keeping the stale 2.975 km rows"
rev_452c7e89a4b4,seven_years_war_1756_08_01,TERRESTRIAL_HEX,h6000_q-000376_r+001268,promo_004cd3264a32,promo_115617644595,CONTROLLED,UNRESOLVED,sp_992101257e91,,2.975,9.168,hsrc_34735c52ef0d,,"re-measured at the source's own positional uncertainty (9.168 km, four independent settlement checks); no independent second source corroborates the Saxon core, so the conservative model is applied to canonical authority instead of keeping the stale 2.975 km rows"
rev_da70b4ea1109,seven_years_war_1756_08_01,TERRESTRIAL_HEX,h6000_q-000419_r+001269,promo_004cd3264a32,promo_115617644595,CONTROLLED,UNRESOLVED,sp_992101257e91,,2.975,9.168,hsrc_34735c52ef0d,,"re-measured at the source's own positional uncertainty (9.168 km, four independent settlement checks); no independent second source corroborates the Saxon core, so the conservative model is applied to canonical authority instead of keeping the stale 2.975 km rows"
rev_c321dfb780e7,seven_years_war_1756_08_01,TERRESTRIAL_HEX,h6000_q-000418_r+001269,promo_004cd3264a32,promo_115617644595,CONTROLLED,UNRESOLVED,sp_992101257e91,,2.975,9.168,hsrc_34735c52ef0d,,"re-measured at the source's own positional uncertainty (9.168 km, four independent settlement checks); no independent second source corroborates the Saxon core, so the conservative model is applied to canonical authority instead of keeping the stale 2.975 km rows"
rev_dbb48fa98680,seven_years_war_1756_08_01,TERRESTRIAL_HEX,h6000_q-000417_r+001269,promo_004cd3264a32,promo_115617644595,CONTROLLED,UNRESOLVED,sp_992101257e91,,2.975,9.168,hsrc_34735c52ef0d,,"re-measured at the source's own positional uncertainty (9.168 km, four independent settlement checks); no independent second source corroborates the Saxon core, so the conservative model is applied to canonical authority instead of keeping the stale 2.975 km rows"
rev_675b091be91d,seven_years_war_1756_08_01,TERRESTRIAL_HEX,h6000_q-000416_r+001269,promo_004cd3264a32,promo_115617644595,CONTROLLED,UNRESOLVED,sp_992101257e91,,2.975,9.168,hsrc_34735c52ef0d,,"re-measured at the source's own positional uncertainty (9.168 km, four independent settlement checks); no independent second source corroborates the Saxon core, so the conservative model is applied to canonical authority instead of keeping the stale 2.975 km rows"
rev_c4d4814ec609,seven_years_war_1756_08_01,TERRESTRIAL_HEX,h6000_q-000415_r+001269,promo_004cd3264a32,promo_115617644595,CONTROLLED,UNRESOLVED,sp_992101257e91,,2.975,9.168,hsrc_34735c52ef0d,,"re-measured at the source's own positional uncertainty (9.168 km, four independent settlement checks); no independent second source corroborates the Saxon core, so the conservative model is applied to canonical authority instead of keeping the stale 2.975 km rows"
rev_014b26b71923,seven_years_war_1756_08_01,TERRESTRIAL_HEX,h6000_q-000414_r+001269,promo_004cd3264a32,promo_115617644595,CONTROLLED,UNRESOLVED,sp_992101257e91,,2.975,9.168,hsrc_34735c52ef0d,,"re-measured at the source's own positional uncertainty (9.168 km, four independent settlement checks); no independent second source corroborates the Saxon core, so the conservative model is applied to canonical authority instead of keeping the stale 2.975 km rows"
rev_4cf1f97e8b38,seven_years_war_1756_08_01,TERRESTRIAL_HEX,h6000_q-000408_r+001269,promo_004cd3264a32,promo_115617644595,CONTROLLED,UNRESOLVED,sp_992101257e91,,2.975,9.168,hsrc_34735c52ef0d,,"re-measured at the source's own positional uncertainty (9.168 km, four independent settlement checks); no independent second source corroborates the Saxon core, so the conservative model is applied to canonical authority instead of keeping the stale 2.975 km rows"
rev_ad2c3ef3f254,seven_years_war_1756_08_01,TERRESTRIAL_HEX,h6000_q-000407_r+001269,promo_004cd3264a32,promo_115617644595,CONTROLLED,UNRESOLVED,sp_992101257e91,,2.975,9.168,hsrc_34735c52ef0d,,"re-measured at the source's own positional uncertainty (9.168 km, four independent settlement checks); no independent second source corroborates the Saxon core, so the conservative model is applied to canonical authority instead of keeping the stale 2.975 km rows"
rev_a41579353d4f,seven_years_war_1756_08_01,TERRESTRIAL_HEX,h6000_q-000378_r+001269,promo_004cd3264a32,promo_115617644595,CONTROLLED,UNRESOLVED,sp_992101257e91,,2.975,9.168,hsrc_34735c52ef0d,,"re-measured at the source's own positional uncertainty (9.168 km, four independent settlement checks); no independent second source corroborates the Saxon core, so the conservative model is applied to canonical authority instead of keeping the stale 2.975 km rows"
rev_f45d1a378108,seven_years_war_1756_08_01,TERRESTRIAL_HEX,h6000_q-000377_r+001269,promo_004cd3264a32,promo_115617644595,CONTROLLED,UNRESOLVED,sp_992101257e91,,2.975,9.168,hsrc_34735c52ef0d,,"re-measured at the source's own positional uncertainty (9.168 km, four independent settlement checks); no independent second source corroborates the Saxon core, so the conservative model is applied to canonical authority instead of keeping the stale 2.975 km rows"
rev_1fe347132e43,seven_years_war_1756_08_01,TERRESTRIAL_HEX,h6000_q-000376_r+001269,promo_004cd3264a32,promo_115617644595,CONTROLLED,UNRESOLVED,sp_992101257e91,,2.975,9.168,hsrc_34735c52ef0d,,"re-measured at the source's own positional uncertainty (9.168 km, four independent settlement checks); no independent second source corroborates the Saxon core, so the conservative model is applied to canonical authority instead of keeping the stale 2.975 km rows"
rev_4b6d8c5e8bf3,seven_years_war_1756_08_01,TERRESTRIAL_HEX,h6000_q-000375_r+001269,promo_004cd3264a32,promo_115617644595,CONTROLLED,UNRESOLVED,sp_992101257e91,,2.975,9.168,hsrc_34735c52ef0d,,"re-measured at the source's own positional uncertainty (9.168 km, four independent settlement checks); no independent second source corroborates the Saxon core, so the conservative model is applied to canonical authority instead of keeping the stale 2.975 km rows"
rev_19607e25db08,seven_years_war_1756_08_01,TERRESTRIAL_HEX,h6000_q-000374_r+001269,promo_004cd3264a32,promo_115617644595,CONTROLLED,UNRESOLVED,sp_992101257e91,,2.975,9.168,hsrc_34735c52ef0d,,"re-measured at the source's own positional uncertainty (9.168 km, four independent settlement checks); no independent second source corroborates the Saxon core, so the conservative model is applied to canonical authority instead of keeping the stale 2.975 km rows"
rev_dd35866f003a,seven_years_war_1756_08_01,TERRESTRIAL_HEX,h6000_q-000373_r+001269,promo_004cd3264a32,promo_115617644595,CONTROLLED,UNRESOLVED,sp_992101257e91,,2.975,9.168,hsrc_34735c52ef0d,,"re-measured at the source's own positional uncertainty (9.168 km, four independent settlement checks); no independent second source corroborates the Saxon core, so the conservative model is applied to canonical authority instead of keeping the stale 2.975 km rows"
rev_50158d2371bf,seven_years_war_1756_08_01,TERRESTRIAL_HEX,h6000_q-000419_r+001270,promo_004cd3264a32,promo_115617644595,CONTROLLED,UNRESOLVED,sp_992101257e91,,2.975,9.168,hsrc_34735c52ef0d,,"re-measured at the source's own positional uncertainty (9.168 km, four independent settlement checks); no independent second source corroborates the Saxon core, so the conservative model is applied to canonical authority instead of keeping the stale 2.975 km rows"
rev_17951c19b832,seven_years_war_1756_08_01,TERRESTRIAL_HEX,h6000_q-000418_r+001270,promo_004cd3264a32,promo_115617644595,CONTROLLED,UNRESOLVED,sp_992101257e91,,2.975,9.168,hsrc_34735c52ef0d,,"re-measured at the source's own positional uncertainty (9.168 km, four independent settlement checks); no independent second source corroborates the Saxon core, so the conservative model is applied to canonical authority instead of keeping the stale 2.975 km rows"
rev_9fc62bbd859d,seven_years_war_1756_08_01,TERRESTRIAL_HEX,h6000_q-000417_r+001270,promo_004cd3264a32,promo_115617644595,CONTROLLED,UNRESOLVED,sp_992101257e91,,2.975,9.168,hsrc_34735c52ef0d,,"re-measured at the source's own positional uncertainty (9.168 km, four independent settlement checks); no independent second source corroborates the Saxon core, so the conservative model is applied to canonical authority instead of keeping the stale 2.975 km rows"
rev_de2b65fd6de3,seven_years_war_1756_08_01,TERRESTRIAL_HEX,h6000_q-000415_r+001270,promo_004cd3264a32,promo_115617644595,CONTROLLED,UNRESOLVED,sp_992101257e91,,2.975,9.168,hsrc_34735c52ef0d,,"re-measured at the source's own positional uncertainty (9.168 km, four independent settlement checks); no independent second source corroborates the Saxon core, so the conservative model is applied to canonical authority instead of keeping the stale 2.975 km rows"
rev_88b6291505f5,seven_years_war_1756_08_01,TERRESTRIAL_HEX,h6000_q-000414_r+001270,promo_004cd3264a32,promo_115617644595,CONTROLLED,UNRESOLVED,sp_992101257e91,,2.975,9.168,hsrc_34735c52ef0d,,"re-measured at the source's own positional uncertainty (9.168 km, four independent settlement checks); no independent second source corroborates the Saxon core, so the conservative model is applied to canonical authority instead of keeping the stale 2.975 km rows"
rev_13fecb0d7f95,seven_years_war_1756_08_01,TERRESTRIAL_HEX,h6000_q-000412_r+001270,promo_004cd3264a32,promo_115617644595,CONTROLLED,UNRESOLVED,sp_992101257e91,,2.975,9.168,hsrc_34735c52ef0d,,"re-measured at the source's own positional uncertainty (9.168 km, four independent settlement checks); no independent second source corroborates the Saxon core, so the conservative model is applied to canonical authority instead of keeping the stale 2.975 km rows"
rev_e0819df7e1fd,seven_years_war_1756_08_01,TERRESTRIAL_HEX,h6000_q-000411_r+001270,promo_004cd3264a32,promo_115617644595,CONTROLLED,UNRESOLVED,sp_992101257e91,,2.975,9.168,hsrc_34735c52ef0d,,"re-measured at the source's own positional uncertainty (9.168 km, four independent settlement checks); no independent second source corroborates the Saxon core, so the conservative model is applied to canonical authority instead of keeping the stale 2.975 km rows"
rev_3e78144454b9,seven_years_war_1756_08_01,TERRESTRIAL_HEX,h6000_q-000410_r+001270,promo_004cd3264a32,promo_115617644595,CONTROLLED,UNRESOLVED,sp_992101257e91,,2.975,9.168,hsrc_34735c52ef0d,,"re-measured at the source's own positional uncertainty (9.168 km, four independent settlement checks); no independent second source corroborates the Saxon core, so the conservative model is applied to canonical authority instead of keeping the stale 2.975 km rows"
rev_44177b7a3b53,seven_years_war_1756_08_01,TERRESTRIAL_HEX,h6000_q-000409_r+001270,promo_004cd3264a32,promo_115617644595,CONTROLLED,UNRESOLVED,sp_992101257e91,,2.975,9.168,hsrc_34735c52ef0d,,"re-measured at the source's own positional uncertainty (9.168 km, four independent settlement checks); no independent second source corroborates the Saxon core, so the conservative model is applied to canonical authority instead of keeping the stale 2.975 km rows"
rev_0a08a8a2cfb2,seven_years_war_1756_08_01,TERRESTRIAL_HEX,h6000_q-000408_r+001270,promo_004cd3264a32,promo_115617644595,CONTROLLED,UNRESOLVED,sp_992101257e91,,2.975,9.168,hsrc_34735c52ef0d,,"re-measured at the source's own positional uncertainty (9.168 km, four independent settlement checks); no independent second source corroborates the Saxon core, so the conservative model is applied to canonical authority instead of keeping the stale 2.975 km rows"
rev_b70d49240e51,seven_years_war_1756_08_01,TERRESTRIAL_HEX,h6000_q-000407_r+001270,promo_004cd3264a32,promo_115617644595,CONTROLLED,UNRESOLVED,sp_992101257e91,,2.975,9.168,hsrc_34735c52ef0d,,"re-measured at the source's own positional uncertainty (9.168 km, four independent settlement checks); no independent second source corroborates the Saxon core, so the conservative model is applied to canonical authority instead of keeping the stale 2.975 km rows"
rev_40166c3ea091,seven_years_war_1756_08_01,TERRESTRIAL_HEX,h6000_q-000406_r+001270,promo_004cd3264a32,promo_115617644595,CONTROLLED,UNRESOLVED,sp_992101257e91,,2.975,9.168,hsrc_34735c52ef0d,,"re-measured at the source's own positional uncertainty (9.168 km, four independent settlement checks); no independent second source corroborates the Saxon core, so the conservative model is applied to canonical authority instead of keeping the stale 2.975 km rows"
rev_13dbf924bfaf,seven_years_war_1756_08_01,TERRESTRIAL_HEX,h6000_q-000377_r+001270,promo_004cd3264a32,promo_115617644595,CONTROLLED,UNRESOLVED,sp_992101257e91,,2.975,9.168,hsrc_34735c52ef0d,,"re-measured at the source's own positional uncertainty (9.168 km, four independent settlement checks); no independent second source corroborates the Saxon core, so the conservative model is applied to canonical authority instead of keeping the stale 2.975 km rows"
rev_224699d3b182,seven_years_war_1756_08_01,TERRESTRIAL_HEX,h6000_q-000376_r+001270,promo_004cd3264a32,promo_115617644595,CONTROLLED,UNRESOLVED,sp_992101257e91,,2.975,9.168,hsrc_34735c52ef0d,,"re-measured at the source's own positional uncertainty (9.168 km, four independent settlement checks); no independent second source corroborates the Saxon core, so the conservative model is applied to canonical authority instead of keeping the stale 2.975 km rows"
rev_43cdc5d425bc,seven_years_war_1756_08_01,TERRESTRIAL_HEX,h6000_q-000375_r+001270,promo_004cd3264a32,promo_115617644595,CONTROLLED,UNRESOLVED,sp_992101257e91,,2.975,9.168,hsrc_34735c52ef0d,,"re-measured at the source's own positional uncertainty (9.168 km, four independent settlement checks); no independent second source corroborates the Saxon core, so the conservative model is applied to canonical authority instead of keeping the stale 2.975 km rows"
rev_3238f76dc06f,seven_years_war_1756_08_01,TERRESTRIAL_HEX,h6000_q-000374_r+001270,promo_004cd3264a32,promo_115617644595,CONTROLLED,UNRESOLVED,sp_992101257e91,,2.975,9.168,hsrc_34735c52ef0d,,"re-measured at the source's own positional uncertainty (9.168 km, four independent settlement checks); no independent second source corroborates the Saxon core, so the conservative model is applied to canonical authority instead of keeping the stale 2.975 km rows"
rev_288a60e21cca,seven_years_war_1756_08_01,TERRESTRIAL_HEX,h6000_q-000373_r+001270,promo_004cd3264a32,promo_115617644595,CONTROLLED,UNRESOLVED,sp_992101257e91,,2.975,9.168,hsrc_34735c52ef0d,,"re-measured at the source's own positional uncertainty (9.168 km, four independent settlement checks); no independent second source corroborates the Saxon core, so the conservative model is applied to canonical authority instead of keeping the stale 2.975 km rows"
rev_650b51d42cf0,seven_years_war_1756_08_01,TERRESTRIAL_HEX,h6000_q-000372_r+001270,promo_004cd3264a32,promo_115617644595,CONTROLLED,UNRESOLVED,sp_992101257e91,,2.975,9.168,hsrc_34735c52ef0d,,"re-measured at the source's own positional uncertainty (9.168 km, four independent settlement checks); no independent second source corroborates the Saxon core, so the conservative model is applied to canonical authority instead of keeping the stale 2.975 km rows"
rev_57be7f5add22,seven_years_war_1756_08_01,TERRESTRIAL_HEX,h6000_q-000416_r+001271,promo_004cd3264a32,promo_115617644595,CONTROLLED,UNRESOLVED,sp_992101257e91,,2.975,9.168,hsrc_34735c52ef0d,,"re-measured at the source's own positional uncertainty (9.168 km, four independent settlement checks); no independent second source corroborates the Saxon core, so the conservative model is applied to canonical authority instead of keeping the stale 2.975 km rows"
rev_30b2c1fc79dc,seven_years_war_1756_08_01,TERRESTRIAL_HEX,h6000_q-000415_r+001271,promo_004cd3264a32,promo_115617644595,CONTROLLED,UNRESOLVED,sp_992101257e91,,2.975,9.168,hsrc_34735c52ef0d,,"re-measured at the source's own positional uncertainty (9.168 km, four independent settlement checks); no independent second source corroborates the Saxon core, so the conservative model is applied to canonical authority instead of keeping the stale 2.975 km rows"
rev_90c06cf5e969,seven_years_war_1756_08_01,TERRESTRIAL_HEX,h6000_q-000414_r+001271,promo_004cd3264a32,promo_115617644595,CONTROLLED,UNRESOLVED,sp_992101257e91,,2.975,9.168,hsrc_34735c52ef0d,,"re-measured at the source's own positional uncertainty (9.168 km, four independent settlement checks); no independent second source corroborates the Saxon core, so the conservative model is applied to canonical authority instead of keeping the stale 2.975 km rows"
rev_227313a667de,seven_years_war_1756_08_01,TERRESTRIAL_HEX,h6000_q-000413_r+001271,promo_004cd3264a32,promo_115617644595,CONTROLLED,UNRESOLVED,sp_992101257e91,,2.975,9.168,hsrc_34735c52ef0d,,"re-measured at the source's own positional uncertainty (9.168 km, four independent settlement checks); no independent second source corroborates the Saxon core, so the conservative model is applied to canonical authority instead of keeping the stale 2.975 km rows"
rev_94a261863829,seven_years_war_1756_08_01,TERRESTRIAL_HEX,h6000_q-000412_r+001271,promo_004cd3264a32,promo_115617644595,CONTROLLED,UNRESOLVED,sp_992101257e91,,2.975,9.168,hsrc_34735c52ef0d,,"re-measured at the source's own positional uncertainty (9.168 km, four independent settlement checks); no independent second source corroborates the Saxon core, so the conservative model is applied to canonical authority instead of keeping the stale 2.975 km rows"
rev_87aacccf8c4a,seven_years_war_1756_08_01,TERRESTRIAL_HEX,h6000_q-000411_r+001271,promo_004cd3264a32,promo_115617644595,CONTROLLED,UNRESOLVED,sp_992101257e91,,2.975,9.168,hsrc_34735c52ef0d,,"re-measured at the source's own positional uncertainty (9.168 km, four independent settlement checks); no independent second source corroborates the Saxon core, so the conservative model is applied to canonical authority instead of keeping the stale 2.975 km rows"
rev_7a09186ee25b,seven_years_war_1756_08_01,TERRESTRIAL_HEX,h6000_q-000410_r+001271,promo_004cd3264a32,promo_115617644595,CONTROLLED,UNRESOLVED,sp_992101257e91,,2.975,9.168,hsrc_34735c52ef0d,,"re-measured at the source's own positional uncertainty (9.168 km, four independent settlement checks); no independent second source corroborates the Saxon core, so the conservative model is applied to canonical authority instead of keeping the stale 2.975 km rows"
rev_5f4549d39839,seven_years_war_1756_08_01,TERRESTRIAL_HEX,h6000_q-000407_r+001271,promo_004cd3264a32,promo_115617644595,CONTROLLED,UNRESOLVED,sp_992101257e91,,2.975,9.168,hsrc_34735c52ef0d,,"re-measured at the source's own positional uncertainty (9.168 km, four independent settlement checks); no independent second source corroborates the Saxon core, so the conservative model is applied to canonical authority instead of keeping the stale 2.975 km rows"
rev_a48b0519a192,seven_years_war_1756_08_01,TERRESTRIAL_HEX,h6000_q-000406_r+001271,promo_004cd3264a32,promo_115617644595,CONTROLLED,UNRESOLVED,sp_992101257e91,,2.975,9.168,hsrc_34735c52ef0d,,"re-measured at the source's own positional uncertainty (9.168 km, four independent settlement checks); no independent second source corroborates the Saxon core, so the conservative model is applied to canonical authority instead of keeping the stale 2.975 km rows"
rev_b73d67e81d80,seven_years_war_1756_08_01,TERRESTRIAL_HEX,h6000_q-000373_r+001271,promo_004cd3264a32,promo_115617644595,CONTROLLED,UNRESOLVED,sp_992101257e91,,2.975,9.168,hsrc_34735c52ef0d,,"re-measured at the source's own positional uncertainty (9.168 km, four independent settlement checks); no independent second source corroborates the Saxon core, so the conservative model is applied to canonical authority instead of keeping the stale 2.975 km rows"
rev_9b1bff467cea,seven_years_war_1756_08_01,TERRESTRIAL_HEX,h6000_q-000372_r+001271,promo_004cd3264a32,promo_115617644595,CONTROLLED,UNRESOLVED,sp_992101257e91,,2.975,9.168,hsrc_34735c52ef0d,,"re-measured at the source's own positional uncertainty (9.168 km, four independent settlement checks); no independent second source corroborates the Saxon core, so the conservative model is applied to canonical authority instead of keeping the stale 2.975 km rows"
rev_6dcd3c63e0b9,seven_years_war_1756_08_01,TERRESTRIAL_HEX,h6000_q-000371_r+001271,promo_004cd3264a32,promo_115617644595,CONTROLLED,UNRESOLVED,sp_992101257e91,,2.975,9.168,hsrc_34735c52ef0d,,"re-measured at the source's own positional uncertainty (9.168 km, four independent settlement checks); no independent second source corroborates the Saxon core, so the conservative model is applied to canonical authority instead of keeping the stale 2.975 km rows"
rev_fceab2eeadcd,seven_years_war_1756_08_01,TERRESTRIAL_HEX,h6000_q-000415_r+001272,promo_004cd3264a32,promo_115617644595,CONTROLLED,UNRESOLVED,sp_992101257e91,,2.975,9.168,hsrc_34735c52ef0d,,"re-measured at the source's own positional uncertainty (9.168 km, four independent settlement checks); no independent second source corroborates the Saxon core, so the conservative model is applied to canonical authority instead of keeping the stale 2.975 km rows"
rev_72290bb3ee01,seven_years_war_1756_08_01,TERRESTRIAL_HEX,h6000_q-000414_r+001272,promo_004cd3264a32,promo_115617644595,CONTROLLED,UNRESOLVED,sp_992101257e91,,2.975,9.168,hsrc_34735c52ef0d,,"re-measured at the source's own positional uncertainty (9.168 km, four independent settlement checks); no independent second source corroborates the Saxon core, so the conservative model is applied to canonical authority instead of keeping the stale 2.975 km rows"
rev_79caee867ef8,seven_years_war_1756_08_01,TERRESTRIAL_HEX,h6000_q-000407_r+001272,promo_004cd3264a32,promo_115617644595,CONTROLLED,UNRESOLVED,sp_992101257e91,,2.975,9.168,hsrc_34735c52ef0d,,"re-measured at the source's own positional uncertainty (9.168 km, four independent settlement checks); no independent second source corroborates the Saxon core, so the conservative model is applied to canonical authority instead of keeping the stale 2.975 km rows"
rev_b336392ad027,seven_years_war_1756_08_01,TERRESTRIAL_HEX,h6000_q-000406_r+001272,promo_004cd3264a32,promo_115617644595,CONTROLLED,UNRESOLVED,sp_992101257e91,,2.975,9.168,hsrc_34735c52ef0d,,"re-measured at the source's own positional uncertainty (9.168 km, four independent settlement checks); no independent second source corroborates the Saxon core, so the conservative model is applied to canonical authority instead of keeping the stale 2.975 km rows"
rev_d81160690355,seven_years_war_1756_08_01,TERRESTRIAL_HEX,h6000_q-000377_r+001272,promo_004cd3264a32,promo_115617644595,CONTROLLED,UNRESOLVED,sp_992101257e91,,2.975,9.168,hsrc_34735c52ef0d,,"re-measured at the source's own positional uncertainty (9.168 km, four independent settlement checks); no independent second source corroborates the Saxon core, so the conservative model is applied to canonical authority instead of keeping the stale 2.975 km rows"
rev_37d12694c235,seven_years_war_1756_08_01,TERRESTRIAL_HEX,h6000_q-000376_r+001272,promo_004cd3264a32,promo_115617644595,CONTROLLED,UNRESOLVED,sp_992101257e91,,2.975,9.168,hsrc_34735c52ef0d,,"re-measured at the source's own positional uncertainty (9.168 km, four independent settlement checks); no independent second source corroborates the Saxon core, so the conservative model is applied to canonical authority instead of keeping the stale 2.975 km rows"
rev_ee94bc8e8dc6,seven_years_war_1756_08_01,TERRESTRIAL_HEX,h6000_q-000375_r+001272,promo_004cd3264a32,promo_115617644595,CONTROLLED,UNRESOLVED,sp_992101257e91,,2.975,9.168,hsrc_34735c52ef0d,,"re-measured at the source's own positional uncertainty (9.168 km, four independent settlement checks); no independent second source corroborates the Saxon core, so the conservative model is applied to canonical authority instead of keeping the stale 2.975 km rows"
rev_94c0545f8ced,seven_years_war_1756_08_01,TERRESTRIAL_HEX,h6000_q-000373_r+001272,promo_004cd3264a32,promo_115617644595,CONTROLLED,UNRESOLVED,sp_992101257e91,,2.975,9.168,hsrc_34735c52ef0d,,"re-measured at the source's own positional uncertainty (9.168 km, four independent settlement checks); no independent second source corroborates the Saxon core, so the conservative model is applied to canonical authority instead of keeping the stale 2.975 km rows"
rev_126485ccad99,seven_years_war_1756_08_01,TERRESTRIAL_HEX,h6000_q-000372_r+001272,promo_004cd3264a32,promo_115617644595,CONTROLLED,UNRESOLVED,sp_992101257e91,,2.975,9.168,hsrc_34735c52ef0d,,"re-measured at the source's own positional uncertainty (9.168 km, four independent settlement checks); no independent second source corroborates the Saxon core, so the conservative model is applied to canonical authority instead of keeping the stale 2.975 km rows"
rev_c354deed8990,seven_years_war_1756_08_01,TERRESTRIAL_HEX,h6000_q-000415_r+001273,promo_004cd3264a32,promo_115617644595,CONTROLLED,UNRESOLVED,sp_992101257e91,,2.975,9.168,hsrc_34735c52ef0d,,"re-measured at the source's own positional uncertainty (9.168 km, four independent settlement checks); no independent second source corroborates the Saxon core, so the conservative model is applied to canonical authority instead of keeping the stale 2.975 km rows"
rev_b0fdf81ec46a,seven_years_war_1756_08_01,TERRESTRIAL_HEX,h6000_q-000407_r+001273,promo_004cd3264a32,promo_115617644595,CONTROLLED,UNRESOLVED,sp_992101257e91,,2.975,9.168,hsrc_34735c52ef0d,,"re-measured at the source's own positional uncertainty (9.168 km, four independent settlement checks); no independent second source corroborates the Saxon core, so the conservative model is applied to canonical authority instead of keeping the stale 2.975 km rows"
rev_fb8e0341faed,seven_years_war_1756_08_01,TERRESTRIAL_HEX,h6000_q-000406_r+001273,promo_004cd3264a32,promo_115617644595,CONTROLLED,UNRESOLVED,sp_992101257e91,,2.975,9.168,hsrc_34735c52ef0d,,"re-measured at the source's own positional uncertainty (9.168 km, four independent settlement checks); no independent second source corroborates the Saxon core, so the conservative model is applied to canonical authority instead of keeping the stale 2.975 km rows"
rev_b12573cbf0d9,seven_years_war_1756_08_01,TERRESTRIAL_HEX,h6000_q-000405_r+001273,promo_004cd3264a32,promo_115617644595,CONTROLLED,UNRESOLVED,sp_992101257e91,,2.975,9.168,hsrc_34735c52ef0d,,"re-measured at the source's own positional uncertainty (9.168 km, four independent settlement checks); no independent second source corroborates the Saxon core, so the conservative model is applied to canonical authority instead of keeping the stale 2.975 km rows"
rev_ddce20c12a35,seven_years_war_1756_08_01,TERRESTRIAL_HEX,h6000_q-000404_r+001273,promo_004cd3264a32,promo_115617644595,CONTROLLED,UNRESOLVED,sp_992101257e91,,2.975,9.168,hsrc_34735c52ef0d,,"re-measured at the source's own positional uncertainty (9.168 km, four independent settlement checks); no independent second source corroborates the Saxon core, so the conservative model is applied to canonical authority instead of keeping the stale 2.975 km rows"
rev_5e76e3d8f8f7,seven_years_war_1756_08_01,TERRESTRIAL_HEX,h6000_q-000403_r+001273,promo_004cd3264a32,promo_115617644595,CONTROLLED,UNRESOLVED,sp_992101257e91,,2.975,9.168,hsrc_34735c52ef0d,,"re-measured at the source's own positional uncertainty (9.168 km, four independent settlement checks); no independent second source corroborates the Saxon core, so the conservative model is applied to canonical authority instead of keeping the stale 2.975 km rows"
rev_d9b9ff631518,seven_years_war_1756_08_01,TERRESTRIAL_HEX,h6000_q-000378_r+001273,promo_004cd3264a32,promo_115617644595,CONTROLLED,UNRESOLVED,sp_992101257e91,,2.975,9.168,hsrc_34735c52ef0d,,"re-measured at the source's own positional uncertainty (9.168 km, four independent settlement checks); no independent second source corroborates the Saxon core, so the conservative model is applied to canonical authority instead of keeping the stale 2.975 km rows"
rev_5b752ff9b977,seven_years_war_1756_08_01,TERRESTRIAL_HEX,h6000_q-000377_r+001273,promo_004cd3264a32,promo_115617644595,CONTROLLED,UNRESOLVED,sp_992101257e91,,2.975,9.168,hsrc_34735c52ef0d,,"re-measured at the source's own positional uncertainty (9.168 km, four independent settlement checks); no independent second source corroborates the Saxon core, so the conservative model is applied to canonical authority instead of keeping the stale 2.975 km rows"
rev_0be2ac619a83,seven_years_war_1756_08_01,TERRESTRIAL_HEX,h6000_q-000376_r+001273,promo_004cd3264a32,promo_115617644595,CONTROLLED,UNRESOLVED,sp_992101257e91,,2.975,9.168,hsrc_34735c52ef0d,,"re-measured at the source's own positional uncertainty (9.168 km, four independent settlement checks); no independent second source corroborates the Saxon core, so the conservative model is applied to canonical authority instead of keeping the stale 2.975 km rows"
rev_17e70b4094fd,seven_years_war_1756_08_01,TERRESTRIAL_HEX,h6000_q-000375_r+001273,promo_004cd3264a32,promo_115617644595,CONTROLLED,UNRESOLVED,sp_992101257e91,,2.975,9.168,hsrc_34735c52ef0d,,"re-measured at the source's own positional uncertainty (9.168 km, four independent settlement checks); no independent second source corroborates the Saxon core, so the conservative model is applied to canonical authority instead of keeping the stale 2.975 km rows"
rev_aa0edc549df5,seven_years_war_1756_08_01,TERRESTRIAL_HEX,h6000_q-000374_r+001273,promo_004cd3264a32,promo_115617644595,CONTROLLED,UNRESOLVED,sp_992101257e91,,2.975,9.168,hsrc_34735c52ef0d,,"re-measured at the source's own positional uncertainty (9.168 km, four independent settlement checks); no independent second source corroborates the Saxon core, so the conservative model is applied to canonical authority instead of keeping the stale 2.975 km rows"
rev_7eebe9a07bfe,seven_years_war_1756_08_01,TERRESTRIAL_HEX,h6000_q-000373_r+001273,promo_004cd3264a32,promo_115617644595,CONTROLLED,UNRESOLVED,sp_992101257e91,,2.975,9.168,hsrc_34735c52ef0d,,"re-measured at the source's own positional uncertainty (9.168 km, four independent settlement checks); no independent second source corroborates the Saxon core, so the conservative model is applied to canonical authority instead of keeping the stale 2.975 km rows"
rev_f0a74cfd50cb,seven_years_war_1756_08_01,TERRESTRIAL_HEX,h6000_q-000407_r+001274,promo_004cd3264a32,promo_115617644595,CONTROLLED,UNRESOLVED,sp_992101257e91,,2.975,9.168,hsrc_34735c52ef0d,,"re-measured at the source's own positional uncertainty (9.168 km, four independent settlement checks); no independent second source corroborates the Saxon core, so the conservative model is applied to canonical authority instead of keeping the stale 2.975 km rows"
rev_17e91335d1f6,seven_years_war_1756_08_01,TERRESTRIAL_HEX,h6000_q-000406_r+001274,promo_004cd3264a32,promo_115617644595,CONTROLLED,UNRESOLVED,sp_992101257e91,,2.975,9.168,hsrc_34735c52ef0d,,"re-measured at the source's own positional uncertainty (9.168 km, four independent settlement checks); no independent second source corroborates the Saxon core, so the conservative model is applied to canonical authority instead of keeping the stale 2.975 km rows"
rev_09c85b4930f3,seven_years_war_1756_08_01,TERRESTRIAL_HEX,h6000_q-000405_r+001274,promo_004cd3264a32,promo_115617644595,CONTROLLED,UNRESOLVED,sp_992101257e91,,2.975,9.168,hsrc_34735c52ef0d,,"re-measured at the source's own positional uncertainty (9.168 km, four independent settlement checks); no independent second source corroborates the Saxon core, so the conservative model is applied to canonical authority instead of keeping the stale 2.975 km rows"
rev_8a18caa38b5e,seven_years_war_1756_08_01,TERRESTRIAL_HEX,h6000_q-000404_r+001274,promo_004cd3264a32,promo_115617644595,CONTROLLED,UNRESOLVED,sp_992101257e91,,2.975,9.168,hsrc_34735c52ef0d,,"re-measured at the source's own positional uncertainty (9.168 km, four independent settlement checks); no independent second source corroborates the Saxon core, so the conservative model is applied to canonical authority instead of keeping the stale 2.975 km rows"
rev_c7040811046c,seven_years_war_1756_08_01,TERRESTRIAL_HEX,h6000_q-000403_r+001274,promo_004cd3264a32,promo_115617644595,CONTROLLED,UNRESOLVED,sp_992101257e91,,2.975,9.168,hsrc_34735c52ef0d,,"re-measured at the source's own positional uncertainty (9.168 km, four independent settlement checks); no independent second source corroborates the Saxon core, so the conservative model is applied to canonical authority instead of keeping the stale 2.975 km rows"
rev_f30a10db0724,seven_years_war_1756_08_01,TERRESTRIAL_HEX,h6000_q-000379_r+001274,promo_004cd3264a32,promo_115617644595,CONTROLLED,UNRESOLVED,sp_992101257e91,,2.975,9.168,hsrc_34735c52ef0d,,"re-measured at the source's own positional uncertainty (9.168 km, four independent settlement checks); no independent second source corroborates the Saxon core, so the conservative model is applied to canonical authority instead of keeping the stale 2.975 km rows"
rev_a8faffe98e2c,seven_years_war_1756_08_01,TERRESTRIAL_HEX,h6000_q-000378_r+001274,promo_004cd3264a32,promo_115617644595,CONTROLLED,UNRESOLVED,sp_992101257e91,,2.975,9.168,hsrc_34735c52ef0d,,"re-measured at the source's own positional uncertainty (9.168 km, four independent settlement checks); no independent second source corroborates the Saxon core, so the conservative model is applied to canonical authority instead of keeping the stale 2.975 km rows"
rev_0d17895054c6,seven_years_war_1756_08_01,TERRESTRIAL_HEX,h6000_q-000376_r+001274,promo_004cd3264a32,promo_115617644595,CONTROLLED,UNRESOLVED,sp_992101257e91,,2.975,9.168,hsrc_34735c52ef0d,,"re-measured at the source's own positional uncertainty (9.168 km, four independent settlement checks); no independent second source corroborates the Saxon core, so the conservative model is applied to canonical authority instead of keeping the stale 2.975 km rows"
rev_2cc8d4f36699,seven_years_war_1756_08_01,TERRESTRIAL_HEX,h6000_q-000375_r+001274,promo_004cd3264a32,promo_115617644595,CONTROLLED,UNRESOLVED,sp_992101257e91,,2.975,9.168,hsrc_34735c52ef0d,,"re-measured at the source's own positional uncertainty (9.168 km, four independent settlement checks); no independent second source corroborates the Saxon core, so the conservative model is applied to canonical authority instead of keeping the stale 2.975 km rows"
rev_da3be9a183ac,seven_years_war_1756_08_01,TERRESTRIAL_HEX,h6000_q-000374_r+001274,promo_004cd3264a32,promo_115617644595,CONTROLLED,UNRESOLVED,sp_992101257e91,,2.975,9.168,hsrc_34735c52ef0d,,"re-measured at the source's own positional uncertainty (9.168 km, four independent settlement checks); no independent second source corroborates the Saxon core, so the conservative model is applied to canonical authority instead of keeping the stale 2.975 km rows"
rev_6202e0a37809,seven_years_war_1756_08_01,TERRESTRIAL_HEX,h6000_q-000404_r+001275,promo_004cd3264a32,promo_115617644595,CONTROLLED,UNRESOLVED,sp_992101257e91,,2.975,9.168,hsrc_34735c52ef0d,,"re-measured at the source's own positional uncertainty (9.168 km, four independent settlement checks); no independent second source corroborates the Saxon core, so the conservative model is applied to canonical authority instead of keeping the stale 2.975 km rows"
rev_08fc998f70b3,seven_years_war_1756_08_01,TERRESTRIAL_HEX,h6000_q-000403_r+001275,promo_004cd3264a32,promo_115617644595,CONTROLLED,UNRESOLVED,sp_992101257e91,,2.975,9.168,hsrc_34735c52ef0d,,"re-measured at the source's own positional uncertainty (9.168 km, four independent settlement checks); no independent second source corroborates the Saxon core, so the conservative model is applied to canonical authority instead of keeping the stale 2.975 km rows"
rev_ce3497886ece,seven_years_war_1756_08_01,TERRESTRIAL_HEX,h6000_q-000379_r+001275,promo_004cd3264a32,promo_115617644595,CONTROLLED,UNRESOLVED,sp_992101257e91,,2.975,9.168,hsrc_34735c52ef0d,,"re-measured at the source's own positional uncertainty (9.168 km, four independent settlement checks); no independent second source corroborates the Saxon core, so the conservative model is applied to canonical authority instead of keeping the stale 2.975 km rows"
rev_626671c9cfec,seven_years_war_1756_08_01,TERRESTRIAL_HEX,h6000_q-000378_r+001275,promo_004cd3264a32,promo_115617644595,CONTROLLED,UNRESOLVED,sp_992101257e91,,2.975,9.168,hsrc_34735c52ef0d,,"re-measured at the source's own positional uncertainty (9.168 km, four independent settlement checks); no independent second source corroborates the Saxon core, so the conservative model is applied to canonical authority instead of keeping the stale 2.975 km rows"
rev_2be918bc196a,seven_years_war_1756_08_01,TERRESTRIAL_HEX,h6000_q-000377_r+001275,promo_004cd3264a32,promo_115617644595,CONTROLLED,UNRESOLVED,sp_992101257e91,,2.975,9.168,hsrc_34735c52ef0d,,"re-measured at the source's own positional uncertainty (9.168 km, four independent settlement checks); no independent second source corroborates the Saxon core, so the conservative model is applied to canonical authority instead of keeping the stale 2.975 km rows"
rev_a4209f20e99d,seven_years_war_1756_08_01,TERRESTRIAL_HEX,h6000_q-000376_r+001275,promo_004cd3264a32,promo_115617644595,CONTROLLED,UNRESOLVED,sp_992101257e91,,2.975,9.168,hsrc_34735c52ef0d,,"re-measured at the source's own positional uncertainty (9.168 km, four independent settlement checks); no independent second source corroborates the Saxon core, so the conservative model is applied to canonical authority instead of keeping the stale 2.975 km rows"
rev_b7454ae44cf6,seven_years_war_1756_08_01,TERRESTRIAL_HEX,h6000_q-000375_r+001275,promo_004cd3264a32,promo_115617644595,CONTROLLED,UNRESOLVED,sp_992101257e91,,2.975,9.168,hsrc_34735c52ef0d,,"re-measured at the source's own positional uncertainty (9.168 km, four independent settlement checks); no independent second source corroborates the Saxon core, so the conservative model is applied to canonical authority instead of keeping the stale 2.975 km rows"
rev_a2c8e729c05c,seven_years_war_1756_08_01,TERRESTRIAL_HEX,h6000_q-000374_r+001275,promo_004cd3264a32,promo_115617644595,CONTROLLED,UNRESOLVED,sp_992101257e91,,2.975,9.168,hsrc_34735c52ef0d,,"re-measured at the source's own positional uncertainty (9.168 km, four independent settlement checks); no independent second source corroborates the Saxon core, so the conservative model is applied to canonical authority instead of keeping the stale 2.975 km rows"
rev_fc3f1ee824a8,seven_years_war_1756_08_01,TERRESTRIAL_HEX,h6000_q-000404_r+001276,promo_004cd3264a32,promo_115617644595,CONTROLLED,UNRESOLVED,sp_992101257e91,,2.975,9.168,hsrc_34735c52ef0d,,"re-measured at the source's own positional uncertainty (9.168 km, four independent settlement checks); no independent second source corroborates the Saxon core, so the conservative model is applied to canonical authority instead of keeping the stale 2.975 km rows"
rev_0e9b146a22b7,seven_years_war_1756_08_01,TERRESTRIAL_HEX,h6000_q-000379_r+001276,promo_004cd3264a32,promo_115617644595,CONTROLLED,UNRESOLVED,sp_992101257e91,,2.975,9.168,hsrc_34735c52ef0d,,"re-measured at the source's own positional uncertainty (9.168 km, four independent settlement checks); no independent second source corroborates the Saxon core, so the conservative model is applied to canonical authority instead of keeping the stale 2.975 km rows"
rev_1fbf171ccd8f,seven_years_war_1756_08_01,TERRESTRIAL_HEX,h6000_q-000378_r+001276,promo_004cd3264a32,promo_115617644595,CONTROLLED,UNRESOLVED,sp_992101257e91,,2.975,9.168,hsrc_34735c52ef0d,,"re-measured at the source's own positional uncertainty (9.168 km, four independent settlement checks); no independent second source corroborates the Saxon core, so the conservative model is applied to canonical authority instead of keeping the stale 2.975 km rows"
rev_9b9c6c2bf8a0,seven_years_war_1756_08_01,TERRESTRIAL_HEX,h6000_q-000377_r+001276,promo_004cd3264a32,promo_115617644595,CONTROLLED,UNRESOLVED,sp_992101257e91,,2.975,9.168,hsrc_34735c52ef0d,,"re-measured at the source's own positional uncertainty (9.168 km, four independent settlement checks); no independent second source corroborates the Saxon core, so the conservative model is applied to canonical authority instead of keeping the stale 2.975 km rows"
rev_1c3f21d43dbc,seven_years_war_1756_08_01,TERRESTRIAL_HEX,h6000_q-000376_r+001276,promo_004cd3264a32,promo_115617644595,CONTROLLED,UNRESOLVED,sp_992101257e91,,2.975,9.168,hsrc_34735c52ef0d,,"re-measured at the source's own positional uncertainty (9.168 km, four independent settlement checks); no independent second source corroborates the Saxon core, so the conservative model is applied to canonical authority instead of keeping the stale 2.975 km rows"
rev_179d51cd18d7,seven_years_war_1756_08_01,TERRESTRIAL_HEX,h6000_q-000375_r+001276,promo_004cd3264a32,promo_115617644595,CONTROLLED,UNRESOLVED,sp_992101257e91,,2.975,9.168,hsrc_34735c52ef0d,,"re-measured at the source's own positional uncertainty (9.168 km, four independent settlement checks); no independent second source corroborates the Saxon core, so the conservative model is applied to canonical authority instead of keeping the stale 2.975 km rows"
rev_2600b7e0f45d,seven_years_war_1756_08_01,TERRESTRIAL_HEX,h6000_q-000374_r+001276,promo_004cd3264a32,promo_115617644595,CONTROLLED,UNRESOLVED,sp_992101257e91,,2.975,9.168,hsrc_34735c52ef0d,,"re-measured at the source's own positional uncertainty (9.168 km, four independent settlement checks); no independent second source corroborates the Saxon core, so the conservative model is applied to canonical authority instead of keeping the stale 2.975 km rows"
rev_242a5535d552,seven_years_war_1756_08_01,TERRESTRIAL_HEX,h6000_q-000405_r+001277,promo_004cd3264a32,promo_115617644595,CONTROLLED,UNRESOLVED,sp_992101257e91,,2.975,9.168,hsrc_34735c52ef0d,,"re-measured at the source's own positional uncertainty (9.168 km, four independent settlement checks); no independent second source corroborates the Saxon core, so the conservative model is applied to canonical authority instead of keeping the stale 2.975 km rows"
rev_b7bb24a4b2ea,seven_years_war_1756_08_01,TERRESTRIAL_HEX,h6000_q-000404_r+001277,promo_004cd3264a32,promo_115617644595,CONTROLLED,UNRESOLVED,sp_992101257e91,,2.975,9.168,hsrc_34735c52ef0d,,"re-measured at the source's own positional uncertainty (9.168 km, four independent settlement checks); no independent second source corroborates the Saxon core, so the conservative model is applied to canonical authority instead of keeping the stale 2.975 km rows"
rev_6acd91317275,seven_years_war_1756_08_01,TERRESTRIAL_HEX,h6000_q-000378_r+001277,promo_004cd3264a32,promo_115617644595,CONTROLLED,UNRESOLVED,sp_992101257e91,,2.975,9.168,hsrc_34735c52ef0d,,"re-measured at the source's own positional uncertainty (9.168 km, four independent settlement checks); no independent second source corroborates the Saxon core, so the conservative model is applied to canonical authority instead of keeping the stale 2.975 km rows"
rev_fc3c7942475c,seven_years_war_1756_08_01,TERRESTRIAL_HEX,h6000_q-000377_r+001277,promo_004cd3264a32,promo_115617644595,CONTROLLED,UNRESOLVED,sp_992101257e91,,2.975,9.168,hsrc_34735c52ef0d,,"re-measured at the source's own positional uncertainty (9.168 km, four independent settlement checks); no independent second source corroborates the Saxon core, so the conservative model is applied to canonical authority instead of keeping the stale 2.975 km rows"
rev_0f491621b667,seven_years_war_1756_08_01,TERRESTRIAL_HEX,h6000_q-000409_r+001278,promo_004cd3264a32,promo_115617644595,CONTROLLED,UNRESOLVED,sp_992101257e91,,2.975,9.168,hsrc_34735c52ef0d,,"re-measured at the source's own positional uncertainty (9.168 km, four independent settlement checks); no independent second source corroborates the Saxon core, so the conservative model is applied to canonical authority instead of keeping the stale 2.975 km rows"
rev_d925e2acf3e9,seven_years_war_1756_08_01,TERRESTRIAL_HEX,h6000_q-000408_r+001278,promo_004cd3264a32,promo_115617644595,CONTROLLED,UNRESOLVED,sp_992101257e91,,2.975,9.168,hsrc_34735c52ef0d,,"re-measured at the source's own positional uncertainty (9.168 km, four independent settlement checks); no independent second source corroborates the Saxon core, so the conservative model is applied to canonical authority instead of keeping the stale 2.975 km rows"
rev_381db491c0b4,seven_years_war_1756_08_01,TERRESTRIAL_HEX,h6000_q-000406_r+001278,promo_004cd3264a32,promo_115617644595,CONTROLLED,UNRESOLVED,sp_992101257e91,,2.975,9.168,hsrc_34735c52ef0d,,"re-measured at the source's own positional uncertainty (9.168 km, four independent settlement checks); no independent second source corroborates the Saxon core, so the conservative model is applied to canonical authority instead of keeping the stale 2.975 km rows"
rev_dd22800daae4,seven_years_war_1756_08_01,TERRESTRIAL_HEX,h6000_q-000405_r+001278,promo_004cd3264a32,promo_115617644595,CONTROLLED,UNRESOLVED,sp_992101257e91,,2.975,9.168,hsrc_34735c52ef0d,,"re-measured at the source's own positional uncertainty (9.168 km, four independent settlement checks); no independent second source corroborates the Saxon core, so the conservative model is applied to canonical authority instead of keeping the stale 2.975 km rows"
rev_56c5043899f6,seven_years_war_1756_08_01,TERRESTRIAL_HEX,h6000_q-000379_r+001278,promo_004cd3264a32,promo_115617644595,CONTROLLED,UNRESOLVED,sp_992101257e91,,2.975,9.168,hsrc_34735c52ef0d,,"re-measured at the source's own positional uncertainty (9.168 km, four independent settlement checks); no independent second source corroborates the Saxon core, so the conservative model is applied to canonical authority instead of keeping the stale 2.975 km rows"
rev_45c968ad6594,seven_years_war_1756_08_01,TERRESTRIAL_HEX,h6000_q-000378_r+001278,promo_004cd3264a32,promo_115617644595,CONTROLLED,UNRESOLVED,sp_992101257e91,,2.975,9.168,hsrc_34735c52ef0d,,"re-measured at the source's own positional uncertainty (9.168 km, four independent settlement checks); no independent second source corroborates the Saxon core, so the conservative model is applied to canonical authority instead of keeping the stale 2.975 km rows"
rev_aecb1486cdb1,seven_years_war_1756_08_01,TERRESTRIAL_HEX,h6000_q-000408_r+001279,promo_004cd3264a32,promo_115617644595,CONTROLLED,UNRESOLVED,sp_992101257e91,,2.975,9.168,hsrc_34735c52ef0d,,"re-measured at the source's own positional uncertainty (9.168 km, four independent settlement checks); no independent second source corroborates the Saxon core, so the conservative model is applied to canonical authority instead of keeping the stale 2.975 km rows"
rev_986cf41ee7bc,seven_years_war_1756_08_01,TERRESTRIAL_HEX,h6000_q-000407_r+001279,promo_004cd3264a32,promo_115617644595,CONTROLLED,UNRESOLVED,sp_992101257e91,,2.975,9.168,hsrc_34735c52ef0d,,"re-measured at the source's own positional uncertainty (9.168 km, four independent settlement checks); no independent second source corroborates the Saxon core, so the conservative model is applied to canonical authority instead of keeping the stale 2.975 km rows"
rev_95aa0a135145,seven_years_war_1756_08_01,TERRESTRIAL_HEX,h6000_q-000406_r+001279,promo_004cd3264a32,promo_115617644595,CONTROLLED,UNRESOLVED,sp_992101257e91,,2.975,9.168,hsrc_34735c52ef0d,,"re-measured at the source's own positional uncertainty (9.168 km, four independent settlement checks); no independent second source corroborates the Saxon core, so the conservative model is applied to canonical authority instead of keeping the stale 2.975 km rows"
rev_3a167483af75,seven_years_war_1756_08_01,TERRESTRIAL_HEX,h6000_q-000404_r+001279,promo_004cd3264a32,promo_115617644595,CONTROLLED,UNRESOLVED,sp_992101257e91,,2.975,9.168,hsrc_34735c52ef0d,,"re-measured at the source's own positional uncertainty (9.168 km, four independent settlement checks); no independent second source corroborates the Saxon core, so the conservative model is applied to canonical authority instead of keeping the stale 2.975 km rows"
rev_9b9d094ceb06,seven_years_war_1756_08_01,TERRESTRIAL_HEX,h6000_q-000403_r+001279,promo_004cd3264a32,promo_115617644595,CONTROLLED,UNRESOLVED,sp_992101257e91,,2.975,9.168,hsrc_34735c52ef0d,,"re-measured at the source's own positional uncertainty (9.168 km, four independent settlement checks); no independent second source corroborates the Saxon core, so the conservative model is applied to canonical authority instead of keeping the stale 2.975 km rows"
rev_6a6f9a0565ba,seven_years_war_1756_08_01,TERRESTRIAL_HEX,h6000_q-000402_r+001279,promo_004cd3264a32,promo_115617644595,CONTROLLED,UNRESOLVED,sp_992101257e91,,2.975,9.168,hsrc_34735c52ef0d,,"re-measured at the source's own positional uncertainty (9.168 km, four independent settlement checks); no independent second source corroborates the Saxon core, so the conservative model is applied to canonical authority instead of keeping the stale 2.975 km rows"
rev_b2f748a2ef88,seven_years_war_1756_08_01,TERRESTRIAL_HEX,h6000_q-000401_r+001279,promo_004cd3264a32,promo_115617644595,CONTROLLED,UNRESOLVED,sp_992101257e91,,2.975,9.168,hsrc_34735c52ef0d,,"re-measured at the source's own positional uncertainty (9.168 km, four independent settlement checks); no independent second source corroborates the Saxon core, so the conservative model is applied to canonical authority instead of keeping the stale 2.975 km rows"
rev_612bcb85797b,seven_years_war_1756_08_01,TERRESTRIAL_HEX,h6000_q-000400_r+001279,promo_004cd3264a32,promo_115617644595,CONTROLLED,UNRESOLVED,sp_992101257e91,,2.975,9.168,hsrc_34735c52ef0d,,"re-measured at the source's own positional uncertainty (9.168 km, four independent settlement checks); no independent second source corroborates the Saxon core, so the conservative model is applied to canonical authority instead of keeping the stale 2.975 km rows"
rev_f047bf1e9d8c,seven_years_war_1756_08_01,TERRESTRIAL_HEX,h6000_q-000399_r+001279,promo_004cd3264a32,promo_115617644595,CONTROLLED,UNRESOLVED,sp_992101257e91,,2.975,9.168,hsrc_34735c52ef0d,,"re-measured at the source's own positional uncertainty (9.168 km, four independent settlement checks); no independent second source corroborates the Saxon core, so the conservative model is applied to canonical authority instead of keeping the stale 2.975 km rows"
rev_f8d2909c9a50,seven_years_war_1756_08_01,TERRESTRIAL_HEX,h6000_q-000398_r+001279,promo_004cd3264a32,promo_115617644595,CONTROLLED,UNRESOLVED,sp_992101257e91,,2.975,9.168,hsrc_34735c52ef0d,,"re-measured at the source's own positional uncertainty (9.168 km, four independent settlement checks); no independent second source corroborates the Saxon core, so the conservative model is applied to canonical authority instead of keeping the stale 2.975 km rows"
rev_fd48716b6a83,seven_years_war_1756_08_01,TERRESTRIAL_HEX,h6000_q-000397_r+001279,promo_004cd3264a32,promo_115617644595,CONTROLLED,UNRESOLVED,sp_992101257e91,,2.975,9.168,hsrc_34735c52ef0d,,"re-measured at the source's own positional uncertainty (9.168 km, four independent settlement checks); no independent second source corroborates the Saxon core, so the conservative model is applied to canonical authority instead of keeping the stale 2.975 km rows"
rev_fb8011f9235c,seven_years_war_1756_08_01,TERRESTRIAL_HEX,h6000_q-000380_r+001279,promo_004cd3264a32,promo_115617644595,CONTROLLED,UNRESOLVED,sp_992101257e91,,2.975,9.168,hsrc_34735c52ef0d,,"re-measured at the source's own positional uncertainty (9.168 km, four independent settlement checks); no independent second source corroborates the Saxon core, so the conservative model is applied to canonical authority instead of keeping the stale 2.975 km rows"
rev_4c768d8b2d9e,seven_years_war_1756_08_01,TERRESTRIAL_HEX,h6000_q-000408_r+001280,promo_004cd3264a32,promo_115617644595,CONTROLLED,UNRESOLVED,sp_992101257e91,,2.975,9.168,hsrc_34735c52ef0d,,"re-measured at the source's own positional uncertainty (9.168 km, four independent settlement checks); no independent second source corroborates the Saxon core, so the conservative model is applied to canonical authority instead of keeping the stale 2.975 km rows"
rev_c118ae5353b8,seven_years_war_1756_08_01,TERRESTRIAL_HEX,h6000_q-000407_r+001280,promo_004cd3264a32,promo_115617644595,CONTROLLED,UNRESOLVED,sp_992101257e91,,2.975,9.168,hsrc_34735c52ef0d,,"re-measured at the source's own positional uncertainty (9.168 km, four independent settlement checks); no independent second source corroborates the Saxon core, so the conservative model is applied to canonical authority instead of keeping the stale 2.975 km rows"
rev_31ce151b1596,seven_years_war_1756_08_01,TERRESTRIAL_HEX,h6000_q-000405_r+001280,promo_004cd3264a32,promo_115617644595,CONTROLLED,UNRESOLVED,sp_992101257e91,,2.975,9.168,hsrc_34735c52ef0d,,"re-measured at the source's own positional uncertainty (9.168 km, four independent settlement checks); no independent second source corroborates the Saxon core, so the conservative model is applied to canonical authority instead of keeping the stale 2.975 km rows"
rev_7722711e29f7,seven_years_war_1756_08_01,TERRESTRIAL_HEX,h6000_q-000404_r+001280,promo_004cd3264a32,promo_115617644595,CONTROLLED,UNRESOLVED,sp_992101257e91,,2.975,9.168,hsrc_34735c52ef0d,,"re-measured at the source's own positional uncertainty (9.168 km, four independent settlement checks); no independent second source corroborates the Saxon core, so the conservative model is applied to canonical authority instead of keeping the stale 2.975 km rows"
rev_8fe6ae69beea,seven_years_war_1756_08_01,TERRESTRIAL_HEX,h6000_q-000403_r+001280,promo_004cd3264a32,promo_115617644595,CONTROLLED,UNRESOLVED,sp_992101257e91,,2.975,9.168,hsrc_34735c52ef0d,,"re-measured at the source's own positional uncertainty (9.168 km, four independent settlement checks); no independent second source corroborates the Saxon core, so the conservative model is applied to canonical authority instead of keeping the stale 2.975 km rows"
rev_891ffb5f4d59,seven_years_war_1756_08_01,TERRESTRIAL_HEX,h6000_q-000402_r+001280,promo_004cd3264a32,promo_115617644595,CONTROLLED,UNRESOLVED,sp_992101257e91,,2.975,9.168,hsrc_34735c52ef0d,,"re-measured at the source's own positional uncertainty (9.168 km, four independent settlement checks); no independent second source corroborates the Saxon core, so the conservative model is applied to canonical authority instead of keeping the stale 2.975 km rows"
rev_7148b5282fe6,seven_years_war_1756_08_01,TERRESTRIAL_HEX,h6000_q-000401_r+001280,promo_004cd3264a32,promo_115617644595,CONTROLLED,UNRESOLVED,sp_992101257e91,,2.975,9.168,hsrc_34735c52ef0d,,"re-measured at the source's own positional uncertainty (9.168 km, four independent settlement checks); no independent second source corroborates the Saxon core, so the conservative model is applied to canonical authority instead of keeping the stale 2.975 km rows"
rev_da5b60d9ca6c,seven_years_war_1756_08_01,TERRESTRIAL_HEX,h6000_q-000400_r+001280,promo_004cd3264a32,promo_115617644595,CONTROLLED,UNRESOLVED,sp_992101257e91,,2.975,9.168,hsrc_34735c52ef0d,,"re-measured at the source's own positional uncertainty (9.168 km, four independent settlement checks); no independent second source corroborates the Saxon core, so the conservative model is applied to canonical authority instead of keeping the stale 2.975 km rows"
rev_7c4099208b4a,seven_years_war_1756_08_01,TERRESTRIAL_HEX,h6000_q-000399_r+001280,promo_004cd3264a32,promo_115617644595,CONTROLLED,UNRESOLVED,sp_992101257e91,,2.975,9.168,hsrc_34735c52ef0d,,"re-measured at the source's own positional uncertainty (9.168 km, four independent settlement checks); no independent second source corroborates the Saxon core, so the conservative model is applied to canonical authority instead of keeping the stale 2.975 km rows"
rev_917e7659e11c,seven_years_war_1756_08_01,TERRESTRIAL_HEX,h6000_q-000398_r+001280,promo_004cd3264a32,promo_115617644595,CONTROLLED,UNRESOLVED,sp_992101257e91,,2.975,9.168,hsrc_34735c52ef0d,,"re-measured at the source's own positional uncertainty (9.168 km, four independent settlement checks); no independent second source corroborates the Saxon core, so the conservative model is applied to canonical authority instead of keeping the stale 2.975 km rows"
rev_1b658f706b7e,seven_years_war_1756_08_01,TERRESTRIAL_HEX,h6000_q-000397_r+001280,promo_004cd3264a32,promo_115617644595,CONTROLLED,UNRESOLVED,sp_992101257e91,,2.975,9.168,hsrc_34735c52ef0d,,"re-measured at the source's own positional uncertainty (9.168 km, four independent settlement checks); no independent second source corroborates the Saxon core, so the conservative model is applied to canonical authority instead of keeping the stale 2.975 km rows"
rev_aeda59a4b717,seven_years_war_1756_08_01,TERRESTRIAL_HEX,h6000_q-000381_r+001280,promo_004cd3264a32,promo_115617644595,CONTROLLED,UNRESOLVED,sp_992101257e91,,2.975,9.168,hsrc_34735c52ef0d,,"re-measured at the source's own positional uncertainty (9.168 km, four independent settlement checks); no independent second source corroborates the Saxon core, so the conservative model is applied to canonical authority instead of keeping the stale 2.975 km rows"
rev_94f942eb1380,seven_years_war_1756_08_01,TERRESTRIAL_HEX,h6000_q-000408_r+001281,promo_004cd3264a32,promo_115617644595,CONTROLLED,UNRESOLVED,sp_992101257e91,,2.975,9.168,hsrc_34735c52ef0d,,"re-measured at the source's own positional uncertainty (9.168 km, four independent settlement checks); no independent second source corroborates the Saxon core, so the conservative model is applied to canonical authority instead of keeping the stale 2.975 km rows"
rev_39e900ea1fd0,seven_years_war_1756_08_01,TERRESTRIAL_HEX,h6000_q-000407_r+001281,promo_004cd3264a32,promo_115617644595,CONTROLLED,UNRESOLVED,sp_992101257e91,,2.975,9.168,hsrc_34735c52ef0d,,"re-measured at the source's own positional uncertainty (9.168 km, four independent settlement checks); no independent second source corroborates the Saxon core, so the conservative model is applied to canonical authority instead of keeping the stale 2.975 km rows"
rev_d5cd0e0ac94f,seven_years_war_1756_08_01,TERRESTRIAL_HEX,h6000_q-000406_r+001281,promo_004cd3264a32,promo_115617644595,CONTROLLED,UNRESOLVED,sp_992101257e91,,2.975,9.168,hsrc_34735c52ef0d,,"re-measured at the source's own positional uncertainty (9.168 km, four independent settlement checks); no independent second source corroborates the Saxon core, so the conservative model is applied to canonical authority instead of keeping the stale 2.975 km rows"
rev_4afbe8dab4b2,seven_years_war_1756_08_01,TERRESTRIAL_HEX,h6000_q-000405_r+001281,promo_004cd3264a32,promo_115617644595,CONTROLLED,UNRESOLVED,sp_992101257e91,,2.975,9.168,hsrc_34735c52ef0d,,"re-measured at the source's own positional uncertainty (9.168 km, four independent settlement checks); no independent second source corroborates the Saxon core, so the conservative model is applied to canonical authority instead of keeping the stale 2.975 km rows"
rev_4d36c2d49633,seven_years_war_1756_08_01,TERRESTRIAL_HEX,h6000_q-000402_r+001281,promo_004cd3264a32,promo_115617644595,CONTROLLED,UNRESOLVED,sp_992101257e91,,2.975,9.168,hsrc_34735c52ef0d,,"re-measured at the source's own positional uncertainty (9.168 km, four independent settlement checks); no independent second source corroborates the Saxon core, so the conservative model is applied to canonical authority instead of keeping the stale 2.975 km rows"
rev_1b92579949c4,seven_years_war_1756_08_01,TERRESTRIAL_HEX,h6000_q-000401_r+001281,promo_004cd3264a32,promo_115617644595,CONTROLLED,UNRESOLVED,sp_992101257e91,,2.975,9.168,hsrc_34735c52ef0d,,"re-measured at the source's own positional uncertainty (9.168 km, four independent settlement checks); no independent second source corroborates the Saxon core, so the conservative model is applied to canonical authority instead of keeping the stale 2.975 km rows"
rev_7131e335dd8b,seven_years_war_1756_08_01,TERRESTRIAL_HEX,h6000_q-000398_r+001281,promo_004cd3264a32,promo_115617644595,CONTROLLED,UNRESOLVED,sp_992101257e91,,2.975,9.168,hsrc_34735c52ef0d,,"re-measured at the source's own positional uncertainty (9.168 km, four independent settlement checks); no independent second source corroborates the Saxon core, so the conservative model is applied to canonical authority instead of keeping the stale 2.975 km rows"
rev_3788547ac8cb,seven_years_war_1756_08_01,TERRESTRIAL_HEX,h6000_q-000397_r+001281,promo_004cd3264a32,promo_115617644595,CONTROLLED,UNRESOLVED,sp_992101257e91,,2.975,9.168,hsrc_34735c52ef0d,,"re-measured at the source's own positional uncertainty (9.168 km, four independent settlement checks); no independent second source corroborates the Saxon core, so the conservative model is applied to canonical authority instead of keeping the stale 2.975 km rows"
rev_ad9e407d46f0,seven_years_war_1756_08_01,TERRESTRIAL_HEX,h6000_q-000383_r+001281,promo_004cd3264a32,promo_115617644595,CONTROLLED,UNRESOLVED,sp_992101257e91,,2.975,9.168,hsrc_34735c52ef0d,,"re-measured at the source's own positional uncertainty (9.168 km, four independent settlement checks); no independent second source corroborates the Saxon core, so the conservative model is applied to canonical authority instead of keeping the stale 2.975 km rows"
rev_549fc4024793,seven_years_war_1756_08_01,TERRESTRIAL_HEX,h6000_q-000382_r+001281,promo_004cd3264a32,promo_115617644595,CONTROLLED,UNRESOLVED,sp_992101257e91,,2.975,9.168,hsrc_34735c52ef0d,,"re-measured at the source's own positional uncertainty (9.168 km, four independent settlement checks); no independent second source corroborates the Saxon core, so the conservative model is applied to canonical authority instead of keeping the stale 2.975 km rows"
rev_ae5dab360546,seven_years_war_1756_08_01,TERRESTRIAL_HEX,h6000_q-000381_r+001281,promo_004cd3264a32,promo_115617644595,CONTROLLED,UNRESOLVED,sp_992101257e91,,2.975,9.168,hsrc_34735c52ef0d,,"re-measured at the source's own positional uncertainty (9.168 km, four independent settlement checks); no independent second source corroborates the Saxon core, so the conservative model is applied to canonical authority instead of keeping the stale 2.975 km rows"
rev_da7559c1e47b,seven_years_war_1756_08_01,TERRESTRIAL_HEX,h6000_q-000408_r+001282,promo_004cd3264a32,promo_115617644595,CONTROLLED,UNRESOLVED,sp_992101257e91,,2.975,9.168,hsrc_34735c52ef0d,,"re-measured at the source's own positional uncertainty (9.168 km, four independent settlement checks); no independent second source corroborates the Saxon core, so the conservative model is applied to canonical authority instead of keeping the stale 2.975 km rows"
rev_f55ec34021fa,seven_years_war_1756_08_01,TERRESTRIAL_HEX,h6000_q-000407_r+001282,promo_004cd3264a32,promo_115617644595,CONTROLLED,UNRESOLVED,sp_992101257e91,,2.975,9.168,hsrc_34735c52ef0d,,"re-measured at the source's own positional uncertainty (9.168 km, four independent settlement checks); no independent second source corroborates the Saxon core, so the conservative model is applied to canonical authority instead of keeping the stale 2.975 km rows"
rev_aa5b958bdbd5,seven_years_war_1756_08_01,TERRESTRIAL_HEX,h6000_q-000406_r+001282,promo_004cd3264a32,promo_115617644595,CONTROLLED,UNRESOLVED,sp_992101257e91,,2.975,9.168,hsrc_34735c52ef0d,,"re-measured at the source's own positional uncertainty (9.168 km, four independent settlement checks); no independent second source corroborates the Saxon core, so the conservative model is applied to canonical authority instead of keeping the stale 2.975 km rows"
rev_3869b8b4ad15,seven_years_war_1756_08_01,TERRESTRIAL_HEX,h6000_q-000403_r+001282,promo_004cd3264a32,promo_115617644595,CONTROLLED,UNRESOLVED,sp_992101257e91,,2.975,9.168,hsrc_34735c52ef0d,,"re-measured at the source's own positional uncertainty (9.168 km, four independent settlement checks); no independent second source corroborates the Saxon core, so the conservative model is applied to canonical authority instead of keeping the stale 2.975 km rows"
rev_8a8350ff8062,seven_years_war_1756_08_01,TERRESTRIAL_HEX,h6000_q-000402_r+001282,promo_004cd3264a32,promo_115617644595,CONTROLLED,UNRESOLVED,sp_992101257e91,,2.975,9.168,hsrc_34735c52ef0d,,"re-measured at the source's own positional uncertainty (9.168 km, four independent settlement checks); no independent second source corroborates the Saxon core, so the conservative model is applied to canonical authority instead of keeping the stale 2.975 km rows"
rev_d4381e3d958d,seven_years_war_1756_08_01,TERRESTRIAL_HEX,h6000_q-000401_r+001282,promo_004cd3264a32,promo_115617644595,CONTROLLED,UNRESOLVED,sp_992101257e91,,2.975,9.168,hsrc_34735c52ef0d,,"re-measured at the source's own positional uncertainty (9.168 km, four independent settlement checks); no independent second source corroborates the Saxon core, so the conservative model is applied to canonical authority instead of keeping the stale 2.975 km rows"
rev_9af88a4294d0,seven_years_war_1756_08_01,TERRESTRIAL_HEX,h6000_q-000400_r+001282,promo_004cd3264a32,promo_115617644595,CONTROLLED,UNRESOLVED,sp_992101257e91,,2.975,9.168,hsrc_34735c52ef0d,,"re-measured at the source's own positional uncertainty (9.168 km, four independent settlement checks); no independent second source corroborates the Saxon core, so the conservative model is applied to canonical authority instead of keeping the stale 2.975 km rows"
rev_094bf011490c,seven_years_war_1756_08_01,TERRESTRIAL_HEX,h6000_q-000399_r+001282,promo_004cd3264a32,promo_115617644595,CONTROLLED,UNRESOLVED,sp_992101257e91,,2.975,9.168,hsrc_34735c52ef0d,,"re-measured at the source's own positional uncertainty (9.168 km, four independent settlement checks); no independent second source corroborates the Saxon core, so the conservative model is applied to canonical authority instead of keeping the stale 2.975 km rows"
rev_04875f0f4740,seven_years_war_1756_08_01,TERRESTRIAL_HEX,h6000_q-000398_r+001282,promo_004cd3264a32,promo_115617644595,CONTROLLED,UNRESOLVED,sp_992101257e91,,2.975,9.168,hsrc_34735c52ef0d,,"re-measured at the source's own positional uncertainty (9.168 km, four independent settlement checks); no independent second source corroborates the Saxon core, so the conservative model is applied to canonical authority instead of keeping the stale 2.975 km rows"
rev_eef5e81ca152,seven_years_war_1756_08_01,TERRESTRIAL_HEX,h6000_q-000385_r+001282,promo_004cd3264a32,promo_115617644595,CONTROLLED,UNRESOLVED,sp_992101257e91,,2.975,9.168,hsrc_34735c52ef0d,,"re-measured at the source's own positional uncertainty (9.168 km, four independent settlement checks); no independent second source corroborates the Saxon core, so the conservative model is applied to canonical authority instead of keeping the stale 2.975 km rows"
rev_d79900fdb495,seven_years_war_1756_08_01,TERRESTRIAL_HEX,h6000_q-000384_r+001282,promo_004cd3264a32,promo_115617644595,CONTROLLED,UNRESOLVED,sp_992101257e91,,2.975,9.168,hsrc_34735c52ef0d,,"re-measured at the source's own positional uncertainty (9.168 km, four independent settlement checks); no independent second source corroborates the Saxon core, so the conservative model is applied to canonical authority instead of keeping the stale 2.975 km rows"
rev_513ec1862b39,seven_years_war_1756_08_01,TERRESTRIAL_HEX,h6000_q-000383_r+001282,promo_004cd3264a32,promo_115617644595,CONTROLLED,UNRESOLVED,sp_992101257e91,,2.975,9.168,hsrc_34735c52ef0d,,"re-measured at the source's own positional uncertainty (9.168 km, four independent settlement checks); no independent second source corroborates the Saxon core, so the conservative model is applied to canonical authority instead of keeping the stale 2.975 km rows"
rev_95381179c850,seven_years_war_1756_08_01,TERRESTRIAL_HEX,h6000_q-000409_r+001283,promo_004cd3264a32,promo_115617644595,CONTROLLED,UNRESOLVED,sp_992101257e91,,2.975,9.168,hsrc_34735c52ef0d,,"re-measured at the source's own positional uncertainty (9.168 km, four independent settlement checks); no independent second source corroborates the Saxon core, so the conservative model is applied to canonical authority instead of keeping the stale 2.975 km rows"
rev_93f78198bf3d,seven_years_war_1756_08_01,TERRESTRIAL_HEX,h6000_q-000408_r+001283,promo_004cd3264a32,promo_115617644595,CONTROLLED,UNRESOLVED,sp_992101257e91,,2.975,9.168,hsrc_34735c52ef0d,,"re-measured at the source's own positional uncertainty (9.168 km, four independent settlement checks); no independent second source corroborates the Saxon core, so the conservative model is applied to canonical authority instead of keeping the stale 2.975 km rows"
rev_cc8ddb3a2e95,seven_years_war_1756_08_01,TERRESTRIAL_HEX,h6000_q-000407_r+001283,promo_004cd3264a32,promo_115617644595,CONTROLLED,UNRESOLVED,sp_992101257e91,,2.975,9.168,hsrc_34735c52ef0d,,"re-measured at the source's own positional uncertainty (9.168 km, four independent settlement checks); no independent second source corroborates the Saxon core, so the conservative model is applied to canonical authority instead of keeping the stale 2.975 km rows"
rev_48c20753bb99,seven_years_war_1756_08_01,TERRESTRIAL_HEX,h6000_q-000406_r+001283,promo_004cd3264a32,promo_115617644595,CONTROLLED,UNRESOLVED,sp_992101257e91,,2.975,9.168,hsrc_34735c52ef0d,,"re-measured at the source's own positional uncertainty (9.168 km, four independent settlement checks); no independent second source corroborates the Saxon core, so the conservative model is applied to canonical authority instead of keeping the stale 2.975 km rows"
rev_679a4a58d4c0,seven_years_war_1756_08_01,TERRESTRIAL_HEX,h6000_q-000405_r+001283,promo_004cd3264a32,promo_115617644595,CONTROLLED,UNRESOLVED,sp_992101257e91,,2.975,9.168,hsrc_34735c52ef0d,,"re-measured at the source's own positional uncertainty (9.168 km, four independent settlement checks); no independent second source corroborates the Saxon core, so the conservative model is applied to canonical authority instead of keeping the stale 2.975 km rows"
rev_c17c9e1eed1b,seven_years_war_1756_08_01,TERRESTRIAL_HEX,h6000_q-000404_r+001283,promo_004cd3264a32,promo_115617644595,CONTROLLED,UNRESOLVED,sp_992101257e91,,2.975,9.168,hsrc_34735c52ef0d,,"re-measured at the source's own positional uncertainty (9.168 km, four independent settlement checks); no independent second source corroborates the Saxon core, so the conservative model is applied to canonical authority instead of keeping the stale 2.975 km rows"
rev_8426ef8336a9,seven_years_war_1756_08_01,TERRESTRIAL_HEX,h6000_q-000403_r+001283,promo_004cd3264a32,promo_115617644595,CONTROLLED,UNRESOLVED,sp_992101257e91,,2.975,9.168,hsrc_34735c52ef0d,,"re-measured at the source's own positional uncertainty (9.168 km, four independent settlement checks); no independent second source corroborates the Saxon core, so the conservative model is applied to canonical authority instead of keeping the stale 2.975 km rows"
rev_3af259618163,seven_years_war_1756_08_01,TERRESTRIAL_HEX,h6000_q-000402_r+001283,promo_004cd3264a32,promo_115617644595,CONTROLLED,UNRESOLVED,sp_992101257e91,,2.975,9.168,hsrc_34735c52ef0d,,"re-measured at the source's own positional uncertainty (9.168 km, four independent settlement checks); no independent second source corroborates the Saxon core, so the conservative model is applied to canonical authority instead of keeping the stale 2.975 km rows"
rev_6072850a1ac7,seven_years_war_1756_08_01,TERRESTRIAL_HEX,h6000_q-000401_r+001283,promo_004cd3264a32,promo_115617644595,CONTROLLED,UNRESOLVED,sp_992101257e91,,2.975,9.168,hsrc_34735c52ef0d,,"re-measured at the source's own positional uncertainty (9.168 km, four independent settlement checks); no independent second source corroborates the Saxon core, so the conservative model is applied to canonical authority instead of keeping the stale 2.975 km rows"
rev_70513816bf69,seven_years_war_1756_08_01,TERRESTRIAL_HEX,h6000_q-000400_r+001283,promo_004cd3264a32,promo_115617644595,CONTROLLED,UNRESOLVED,sp_992101257e91,,2.975,9.168,hsrc_34735c52ef0d,,"re-measured at the source's own positional uncertainty (9.168 km, four independent settlement checks); no independent second source corroborates the Saxon core, so the conservative model is applied to canonical authority instead of keeping the stale 2.975 km rows"
rev_0358023ea566,seven_years_war_1756_08_01,TERRESTRIAL_HEX,h6000_q-000399_r+001283,promo_004cd3264a32,promo_115617644595,CONTROLLED,UNRESOLVED,sp_992101257e91,,2.975,9.168,hsrc_34735c52ef0d,,"re-measured at the source's own positional uncertainty (9.168 km, four independent settlement checks); no independent second source corroborates the Saxon core, so the conservative model is applied to canonical authority instead of keeping the stale 2.975 km rows"
rev_ed2d06a8fb15,seven_years_war_1756_08_01,TERRESTRIAL_HEX,h6000_q-000386_r+001283,promo_004cd3264a32,promo_115617644595,CONTROLLED,UNRESOLVED,sp_992101257e91,,2.975,9.168,hsrc_34735c52ef0d,,"re-measured at the source's own positional uncertainty (9.168 km, four independent settlement checks); no independent second source corroborates the Saxon core, so the conservative model is applied to canonical authority instead of keeping the stale 2.975 km rows"
rev_7ed031618821,seven_years_war_1756_08_01,TERRESTRIAL_HEX,h6000_q-000385_r+001283,promo_004cd3264a32,promo_115617644595,CONTROLLED,UNRESOLVED,sp_992101257e91,,2.975,9.168,hsrc_34735c52ef0d,,"re-measured at the source's own positional uncertainty (9.168 km, four independent settlement checks); no independent second source corroborates the Saxon core, so the conservative model is applied to canonical authority instead of keeping the stale 2.975 km rows"
rev_a535ab7cba82,seven_years_war_1756_08_01,TERRESTRIAL_HEX,h6000_q-000409_r+001284,promo_004cd3264a32,promo_115617644595,CONTROLLED,UNRESOLVED,sp_992101257e91,,2.975,9.168,hsrc_34735c52ef0d,,"re-measured at the source's own positional uncertainty (9.168 km, four independent settlement checks); no independent second source corroborates the Saxon core, so the conservative model is applied to canonical authority instead of keeping the stale 2.975 km rows"
rev_1a90d475dbe5,seven_years_war_1756_08_01,TERRESTRIAL_HEX,h6000_q-000406_r+001284,promo_004cd3264a32,promo_115617644595,CONTROLLED,UNRESOLVED,sp_992101257e91,,2.975,9.168,hsrc_34735c52ef0d,,"re-measured at the source's own positional uncertainty (9.168 km, four independent settlement checks); no independent second source corroborates the Saxon core, so the conservative model is applied to canonical authority instead of keeping the stale 2.975 km rows"
rev_6f753f0e0e33,seven_years_war_1756_08_01,TERRESTRIAL_HEX,h6000_q-000405_r+001284,promo_004cd3264a32,promo_115617644595,CONTROLLED,UNRESOLVED,sp_992101257e91,,2.975,9.168,hsrc_34735c52ef0d,,"re-measured at the source's own positional uncertainty (9.168 km, four independent settlement checks); no independent second source corroborates the Saxon core, so the conservative model is applied to canonical authority instead of keeping the stale 2.975 km rows"
rev_8812da94e88e,seven_years_war_1756_08_01,TERRESTRIAL_HEX,h6000_q-000404_r+001284,promo_004cd3264a32,promo_115617644595,CONTROLLED,UNRESOLVED,sp_992101257e91,,2.975,9.168,hsrc_34735c52ef0d,,"re-measured at the source's own positional uncertainty (9.168 km, four independent settlement checks); no independent second source corroborates the Saxon core, so the conservative model is applied to canonical authority instead of keeping the stale 2.975 km rows"
rev_0b2d9efdea53,seven_years_war_1756_08_01,TERRESTRIAL_HEX,h6000_q-000402_r+001284,promo_004cd3264a32,promo_115617644595,CONTROLLED,UNRESOLVED,sp_992101257e91,,2.975,9.168,hsrc_34735c52ef0d,,"re-measured at the source's own positional uncertainty (9.168 km, four independent settlement checks); no independent second source corroborates the Saxon core, so the conservative model is applied to canonical authority instead of keeping the stale 2.975 km rows"
rev_e8c79421fa78,seven_years_war_1756_08_01,TERRESTRIAL_HEX,h6000_q-000401_r+001284,promo_004cd3264a32,promo_115617644595,CONTROLLED,UNRESOLVED,sp_992101257e91,,2.975,9.168,hsrc_34735c52ef0d,,"re-measured at the source's own positional uncertainty (9.168 km, four independent settlement checks); no independent second source corroborates the Saxon core, so the conservative model is applied to canonical authority instead of keeping the stale 2.975 km rows"
rev_3e72300a8646,seven_years_war_1756_08_01,TERRESTRIAL_HEX,h6000_q-000387_r+001284,promo_004cd3264a32,promo_115617644595,CONTROLLED,UNRESOLVED,sp_992101257e91,,2.975,9.168,hsrc_34735c52ef0d,,"re-measured at the source's own positional uncertainty (9.168 km, four independent settlement checks); no independent second source corroborates the Saxon core, so the conservative model is applied to canonical authority instead of keeping the stale 2.975 km rows"
rev_038e279c2b33,seven_years_war_1756_08_01,TERRESTRIAL_HEX,h6000_q-000386_r+001284,promo_004cd3264a32,promo_115617644595,CONTROLLED,UNRESOLVED,sp_992101257e91,,2.975,9.168,hsrc_34735c52ef0d,,"re-measured at the source's own positional uncertainty (9.168 km, four independent settlement checks); no independent second source corroborates the Saxon core, so the conservative model is applied to canonical authority instead of keeping the stale 2.975 km rows"
rev_b6cd99119b1c,seven_years_war_1756_08_01,TERRESTRIAL_HEX,h6000_q-000410_r+001285,promo_004cd3264a32,promo_115617644595,CONTROLLED,UNRESOLVED,sp_992101257e91,,2.975,9.168,hsrc_34735c52ef0d,,"re-measured at the source's own positional uncertainty (9.168 km, four independent settlement checks); no independent second source corroborates the Saxon core, so the conservative model is applied to canonical authority instead of keeping the stale 2.975 km rows"
rev_e0b294cece86,seven_years_war_1756_08_01,TERRESTRIAL_HEX,h6000_q-000409_r+001285,promo_004cd3264a32,promo_115617644595,CONTROLLED,UNRESOLVED,sp_992101257e91,,2.975,9.168,hsrc_34735c52ef0d,,"re-measured at the source's own positional uncertainty (9.168 km, four independent settlement checks); no independent second source corroborates the Saxon core, so the conservative model is applied to canonical authority instead of keeping the stale 2.975 km rows"
rev_8ae492a46045,seven_years_war_1756_08_01,TERRESTRIAL_HEX,h6000_q-000405_r+001285,promo_004cd3264a32,promo_115617644595,CONTROLLED,UNRESOLVED,sp_992101257e91,,2.975,9.168,hsrc_34735c52ef0d,,"re-measured at the source's own positional uncertainty (9.168 km, four independent settlement checks); no independent second source corroborates the Saxon core, so the conservative model is applied to canonical authority instead of keeping the stale 2.975 km rows"
rev_c39e404f7eec,seven_years_war_1756_08_01,TERRESTRIAL_HEX,h6000_q-000404_r+001285,promo_004cd3264a32,promo_115617644595,CONTROLLED,UNRESOLVED,sp_992101257e91,,2.975,9.168,hsrc_34735c52ef0d,,"re-measured at the source's own positional uncertainty (9.168 km, four independent settlement checks); no independent second source corroborates the Saxon core, so the conservative model is applied to canonical authority instead of keeping the stale 2.975 km rows"
rev_51f6799a8d83,seven_years_war_1756_08_01,TERRESTRIAL_HEX,h6000_q-000403_r+001285,promo_004cd3264a32,promo_115617644595,CONTROLLED,UNRESOLVED,sp_992101257e91,,2.975,9.168,hsrc_34735c52ef0d,,"re-measured at the source's own positional uncertainty (9.168 km, four independent settlement checks); no independent second source corroborates the Saxon core, so the conservative model is applied to canonical authority instead of keeping the stale 2.975 km rows"
rev_4723d5250ef8,seven_years_war_1756_08_01,TERRESTRIAL_HEX,h6000_q-000402_r+001285,promo_004cd3264a32,promo_115617644595,CONTROLLED,UNRESOLVED,sp_992101257e91,,2.975,9.168,hsrc_34735c52ef0d,,"re-measured at the source's own positional uncertainty (9.168 km, four independent settlement checks); no independent second source corroborates the Saxon core, so the conservative model is applied to canonical authority instead of keeping the stale 2.975 km rows"
rev_7a9debc94688,seven_years_war_1756_08_01,TERRESTRIAL_HEX,h6000_q-000391_r+001285,promo_004cd3264a32,promo_115617644595,CONTROLLED,UNRESOLVED,sp_992101257e91,,2.975,9.168,hsrc_34735c52ef0d,,"re-measured at the source's own positional uncertainty (9.168 km, four independent settlement checks); no independent second source corroborates the Saxon core, so the conservative model is applied to canonical authority instead of keeping the stale 2.975 km rows"
rev_514ab064be21,seven_years_war_1756_08_01,TERRESTRIAL_HEX,h6000_q-000390_r+001285,promo_004cd3264a32,promo_115617644595,CONTROLLED,UNRESOLVED,sp_992101257e91,,2.975,9.168,hsrc_34735c52ef0d,,"re-measured at the source's own positional uncertainty (9.168 km, four independent settlement checks); no independent second source corroborates the Saxon core, so the conservative model is applied to canonical authority instead of keeping the stale 2.975 km rows"
rev_13db86592160,seven_years_war_1756_08_01,TERRESTRIAL_HEX,h6000_q-000389_r+001285,promo_004cd3264a32,promo_115617644595,CONTROLLED,UNRESOLVED,sp_992101257e91,,2.975,9.168,hsrc_34735c52ef0d,,"re-measured at the source's own positional uncertainty (9.168 km, four independent settlement checks); no independent second source corroborates the Saxon core, so the conservative model is applied to canonical authority instead of keeping the stale 2.975 km rows"
rev_f9d659375a3f,seven_years_war_1756_08_01,TERRESTRIAL_HEX,h6000_q-000388_r+001285,promo_004cd3264a32,promo_115617644595,CONTROLLED,UNRESOLVED,sp_992101257e91,,2.975,9.168,hsrc_34735c52ef0d,,"re-measured at the source's own positional uncertainty (9.168 km, four independent settlement checks); no independent second source corroborates the Saxon core, so the conservative model is applied to canonical authority instead of keeping the stale 2.975 km rows"
rev_82189e4eab81,seven_years_war_1756_08_01,TERRESTRIAL_HEX,h6000_q-000387_r+001285,promo_004cd3264a32,promo_115617644595,CONTROLLED,UNRESOLVED,sp_992101257e91,,2.975,9.168,hsrc_34735c52ef0d,,"re-measured at the source's own positional uncertainty (9.168 km, four independent settlement checks); no independent second source corroborates the Saxon core, so the conservative model is applied to canonical authority instead of keeping the stale 2.975 km rows"
rev_01212088e7a1,seven_years_war_1756_08_01,TERRESTRIAL_HEX,h6000_q-000410_r+001286,promo_004cd3264a32,promo_115617644595,CONTROLLED,UNRESOLVED,sp_992101257e91,,2.975,9.168,hsrc_34735c52ef0d,,"re-measured at the source's own positional uncertainty (9.168 km, four independent settlement checks); no independent second source corroborates the Saxon core, so the conservative model is applied to canonical authority instead of keeping the stale 2.975 km rows"
rev_c4aa2924e4ef,seven_years_war_1756_08_01,TERRESTRIAL_HEX,h6000_q-000409_r+001286,promo_004cd3264a32,promo_115617644595,CONTROLLED,UNRESOLVED,sp_992101257e91,,2.975,9.168,hsrc_34735c52ef0d,,"re-measured at the source's own positional uncertainty (9.168 km, four independent settlement checks); no independent second source corroborates the Saxon core, so the conservative model is applied to canonical authority instead of keeping the stale 2.975 km rows"
rev_7efdd09a4677,seven_years_war_1756_08_01,TERRESTRIAL_HEX,h6000_q-000405_r+001286,promo_004cd3264a32,promo_115617644595,CONTROLLED,UNRESOLVED,sp_992101257e91,,2.975,9.168,hsrc_34735c52ef0d,,"re-measured at the source's own positional uncertainty (9.168 km, four independent settlement checks); no independent second source corroborates the Saxon core, so the conservative model is applied to canonical authority instead of keeping the stale 2.975 km rows"
rev_1ee16ff9522f,seven_years_war_1756_08_01,TERRESTRIAL_HEX,h6000_q-000404_r+001286,promo_004cd3264a32,promo_115617644595,CONTROLLED,UNRESOLVED,sp_992101257e91,,2.975,9.168,hsrc_34735c52ef0d,,"re-measured at the source's own positional uncertainty (9.168 km, four independent settlement checks); no independent second source corroborates the Saxon core, so the conservative model is applied to canonical authority instead of keeping the stale 2.975 km rows"
rev_c8921adf1311,seven_years_war_1756_08_01,TERRESTRIAL_HEX,h6000_q-000403_r+001286,promo_004cd3264a32,promo_115617644595,CONTROLLED,UNRESOLVED,sp_992101257e91,,2.975,9.168,hsrc_34735c52ef0d,,"re-measured at the source's own positional uncertainty (9.168 km, four independent settlement checks); no independent second source corroborates the Saxon core, so the conservative model is applied to canonical authority instead of keeping the stale 2.975 km rows"
rev_c9960a4d1e4a,seven_years_war_1756_08_01,TERRESTRIAL_HEX,h6000_q-000392_r+001286,promo_004cd3264a32,promo_115617644595,CONTROLLED,UNRESOLVED,sp_992101257e91,,2.975,9.168,hsrc_34735c52ef0d,,"re-measured at the source's own positional uncertainty (9.168 km, four independent settlement checks); no independent second source corroborates the Saxon core, so the conservative model is applied to canonical authority instead of keeping the stale 2.975 km rows"
rev_f7ff13844aba,seven_years_war_1756_08_01,TERRESTRIAL_HEX,h6000_q-000391_r+001286,promo_004cd3264a32,promo_115617644595,CONTROLLED,UNRESOLVED,sp_992101257e91,,2.975,9.168,hsrc_34735c52ef0d,,"re-measured at the source's own positional uncertainty (9.168 km, four independent settlement checks); no independent second source corroborates the Saxon core, so the conservative model is applied to canonical authority instead of keeping the stale 2.975 km rows"
rev_c51b97ec5553,seven_years_war_1756_08_01,TERRESTRIAL_HEX,h6000_q-000390_r+001286,promo_004cd3264a32,promo_115617644595,CONTROLLED,UNRESOLVED,sp_992101257e91,,2.975,9.168,hsrc_34735c52ef0d,,"re-measured at the source's own positional uncertainty (9.168 km, four independent settlement checks); no independent second source corroborates the Saxon core, so the conservative model is applied to canonical authority instead of keeping the stale 2.975 km rows"
rev_8914c5e77da4,seven_years_war_1756_08_01,TERRESTRIAL_HEX,h6000_q-000388_r+001286,promo_004cd3264a32,promo_115617644595,CONTROLLED,UNRESOLVED,sp_992101257e91,,2.975,9.168,hsrc_34735c52ef0d,,"re-measured at the source's own positional uncertainty (9.168 km, four independent settlement checks); no independent second source corroborates the Saxon core, so the conservative model is applied to canonical authority instead of keeping the stale 2.975 km rows"
rev_b0dfbb935088,seven_years_war_1756_08_01,TERRESTRIAL_HEX,h6000_q-000387_r+001286,promo_004cd3264a32,promo_115617644595,CONTROLLED,UNRESOLVED,sp_992101257e91,,2.975,9.168,hsrc_34735c52ef0d,,"re-measured at the source's own positional uncertainty (9.168 km, four independent settlement checks); no independent second source corroborates the Saxon core, so the conservative model is applied to canonical authority instead of keeping the stale 2.975 km rows"
rev_1024728c7f64,seven_years_war_1756_08_01,TERRESTRIAL_HEX,h6000_q-000410_r+001287,promo_004cd3264a32,promo_115617644595,CONTROLLED,UNRESOLVED,sp_992101257e91,,2.975,9.168,hsrc_34735c52ef0d,,"re-measured at the source's own positional uncertainty (9.168 km, four independent settlement checks); no independent second source corroborates the Saxon core, so the conservative model is applied to canonical authority instead of keeping the stale 2.975 km rows"
rev_b91236f688b0,seven_years_war_1756_08_01,TERRESTRIAL_HEX,h6000_q-000409_r+001287,promo_004cd3264a32,promo_115617644595,CONTROLLED,UNRESOLVED,sp_992101257e91,,2.975,9.168,hsrc_34735c52ef0d,,"re-measured at the source's own positional uncertainty (9.168 km, four independent settlement checks); no independent second source corroborates the Saxon core, so the conservative model is applied to canonical authority instead of keeping the stale 2.975 km rows"
rev_c9f40dac269b,seven_years_war_1756_08_01,TERRESTRIAL_HEX,h6000_q-000397_r+001287,promo_004cd3264a32,promo_115617644595,CONTROLLED,UNRESOLVED,sp_992101257e91,,2.975,9.168,hsrc_34735c52ef0d,,"re-measured at the source's own positional uncertainty (9.168 km, four independent settlement checks); no independent second source corroborates the Saxon core, so the conservative model is applied to canonical authority instead of keeping the stale 2.975 km rows"
rev_e6ade30d3112,seven_years_war_1756_08_01,TERRESTRIAL_HEX,h6000_q-000395_r+001287,promo_004cd3264a32,promo_115617644595,CONTROLLED,UNRESOLVED,sp_992101257e91,,2.975,9.168,hsrc_34735c52ef0d,,"re-measured at the source's own positional uncertainty (9.168 km, four independent settlement checks); no independent second source corroborates the Saxon core, so the conservative model is applied to canonical authority instead of keeping the stale 2.975 km rows"
rev_29cd58bb3942,seven_years_war_1756_08_01,TERRESTRIAL_HEX,h6000_q-000394_r+001287,promo_004cd3264a32,promo_115617644595,CONTROLLED,UNRESOLVED,sp_992101257e91,,2.975,9.168,hsrc_34735c52ef0d,,"re-measured at the source's own positional uncertainty (9.168 km, four independent settlement checks); no independent second source corroborates the Saxon core, so the conservative model is applied to canonical authority instead of keeping the stale 2.975 km rows"
rev_c841b8b24ec9,seven_years_war_1756_08_01,TERRESTRIAL_HEX,h6000_q-000393_r+001287,promo_004cd3264a32,promo_115617644595,CONTROLLED,UNRESOLVED,sp_992101257e91,,2.975,9.168,hsrc_34735c52ef0d,,"re-measured at the source's own positional uncertainty (9.168 km, four independent settlement checks); no independent second source corroborates the Saxon core, so the conservative model is applied to canonical authority instead of keeping the stale 2.975 km rows"
rev_a47d9f3ef6fc,seven_years_war_1756_08_01,TERRESTRIAL_HEX,h6000_q-000392_r+001287,promo_004cd3264a32,promo_115617644595,CONTROLLED,UNRESOLVED,sp_992101257e91,,2.975,9.168,hsrc_34735c52ef0d,,"re-measured at the source's own positional uncertainty (9.168 km, four independent settlement checks); no independent second source corroborates the Saxon core, so the conservative model is applied to canonical authority instead of keeping the stale 2.975 km rows"
rev_dcd977e63be2,seven_years_war_1756_08_01,TERRESTRIAL_HEX,h6000_q-000411_r+001288,promo_004cd3264a32,promo_115617644595,CONTROLLED,UNRESOLVED,sp_992101257e91,,2.975,9.168,hsrc_34735c52ef0d,,"re-measured at the source's own positional uncertainty (9.168 km, four independent settlement checks); no independent second source corroborates the Saxon core, so the conservative model is applied to canonical authority instead of keeping the stale 2.975 km rows"
rev_2784a60f9cad,seven_years_war_1756_08_01,TERRESTRIAL_HEX,h6000_q-000410_r+001288,promo_004cd3264a32,promo_115617644595,CONTROLLED,UNRESOLVED,sp_992101257e91,,2.975,9.168,hsrc_34735c52ef0d,,"re-measured at the source's own positional uncertainty (9.168 km, four independent settlement checks); no independent second source corroborates the Saxon core, so the conservative model is applied to canonical authority instead of keeping the stale 2.975 km rows"
rev_b26d175b735c,seven_years_war_1756_08_01,TERRESTRIAL_HEX,h6000_q-000401_r+001288,promo_004cd3264a32,promo_115617644595,CONTROLLED,UNRESOLVED,sp_992101257e91,,2.975,9.168,hsrc_34735c52ef0d,,"re-measured at the source's own positional uncertainty (9.168 km, four independent settlement checks); no independent second source corroborates the Saxon core, so the conservative model is applied to canonical authority instead of keeping the stale 2.975 km rows"
rev_b48e24f7a348,seven_years_war_1756_08_01,TERRESTRIAL_HEX,h6000_q-000400_r+001288,promo_004cd3264a32,promo_115617644595,CONTROLLED,UNRESOLVED,sp_992101257e91,,2.975,9.168,hsrc_34735c52ef0d,,"re-measured at the source's own positional uncertainty (9.168 km, four independent settlement checks); no independent second source corroborates the Saxon core, so the conservative model is applied to canonical authority instead of keeping the stale 2.975 km rows"
rev_d6ee3b4c2224,seven_years_war_1756_08_01,TERRESTRIAL_HEX,h6000_q-000399_r+001288,promo_004cd3264a32,promo_115617644595,CONTROLLED,UNRESOLVED,sp_992101257e91,,2.975,9.168,hsrc_34735c52ef0d,,"re-measured at the source's own positional uncertainty (9.168 km, four independent settlement checks); no independent second source corroborates the Saxon core, so the conservative model is applied to canonical authority instead of keeping the stale 2.975 km rows"
rev_0c4fcdfe791c,seven_years_war_1756_08_01,TERRESTRIAL_HEX,h6000_q-000398_r+001288,promo_004cd3264a32,promo_115617644595,CONTROLLED,UNRESOLVED,sp_992101257e91,,2.975,9.168,hsrc_34735c52ef0d,,"re-measured at the source's own positional uncertainty (9.168 km, four independent settlement checks); no independent second source corroborates the Saxon core, so the conservative model is applied to canonical authority instead of keeping the stale 2.975 km rows"
rev_a403fb5a3906,seven_years_war_1756_08_01,TERRESTRIAL_HEX,h6000_q-000397_r+001288,promo_004cd3264a32,promo_115617644595,CONTROLLED,UNRESOLVED,sp_992101257e91,,2.975,9.168,hsrc_34735c52ef0d,,"re-measured at the source's own positional uncertainty (9.168 km, four independent settlement checks); no independent second source corroborates the Saxon core, so the conservative model is applied to canonical authority instead of keeping the stale 2.975 km rows"
rev_4f7fa70d1861,seven_years_war_1756_08_01,TERRESTRIAL_HEX,h6000_q-000396_r+001288,promo_004cd3264a32,promo_115617644595,CONTROLLED,UNRESOLVED,sp_992101257e91,,2.975,9.168,hsrc_34735c52ef0d,,"re-measured at the source's own positional uncertainty (9.168 km, four independent settlement checks); no independent second source corroborates the Saxon core, so the conservative model is applied to canonical authority instead of keeping the stale 2.975 km rows"
rev_20cb54d13bcb,seven_years_war_1756_08_01,TERRESTRIAL_HEX,h6000_q-000395_r+001288,promo_004cd3264a32,promo_115617644595,CONTROLLED,UNRESOLVED,sp_992101257e91,,2.975,9.168,hsrc_34735c52ef0d,,"re-measured at the source's own positional uncertainty (9.168 km, four independent settlement checks); no independent second source corroborates the Saxon core, so the conservative model is applied to canonical authority instead of keeping the stale 2.975 km rows"
rev_0ebfebae3be2,seven_years_war_1756_08_01,TERRESTRIAL_HEX,h6000_q-000394_r+001288,promo_004cd3264a32,promo_115617644595,CONTROLLED,UNRESOLVED,sp_992101257e91,,2.975,9.168,hsrc_34735c52ef0d,,"re-measured at the source's own positional uncertainty (9.168 km, four independent settlement checks); no independent second source corroborates the Saxon core, so the conservative model is applied to canonical authority instead of keeping the stale 2.975 km rows"
rev_8df6b2a302bb,seven_years_war_1756_08_01,TERRESTRIAL_HEX,h6000_q-000412_r+001289,promo_004cd3264a32,promo_115617644595,CONTROLLED,UNRESOLVED,sp_992101257e91,,2.975,9.168,hsrc_34735c52ef0d,,"re-measured at the source's own positional uncertainty (9.168 km, four independent settlement checks); no independent second source corroborates the Saxon core, so the conservative model is applied to canonical authority instead of keeping the stale 2.975 km rows"
rev_a9efcd30a75c,seven_years_war_1756_08_01,TERRESTRIAL_HEX,h6000_q-000411_r+001289,promo_004cd3264a32,promo_115617644595,CONTROLLED,UNRESOLVED,sp_992101257e91,,2.975,9.168,hsrc_34735c52ef0d,,"re-measured at the source's own positional uncertainty (9.168 km, four independent settlement checks); no independent second source corroborates the Saxon core, so the conservative model is applied to canonical authority instead of keeping the stale 2.975 km rows"
rev_8e887b139320,seven_years_war_1756_08_01,TERRESTRIAL_HEX,h6000_q-000410_r+001289,promo_004cd3264a32,promo_115617644595,CONTROLLED,UNRESOLVED,sp_992101257e91,,2.975,9.168,hsrc_34735c52ef0d,,"re-measured at the source's own positional uncertainty (9.168 km, four independent settlement checks); no independent second source corroborates the Saxon core, so the conservative model is applied to canonical authority instead of keeping the stale 2.975 km rows"
rev_db592c7c11bd,seven_years_war_1756_08_01,TERRESTRIAL_HEX,h6000_q-000403_r+001289,promo_004cd3264a32,promo_115617644595,CONTROLLED,UNRESOLVED,sp_992101257e91,,2.975,9.168,hsrc_34735c52ef0d,,"re-measured at the source's own positional uncertainty (9.168 km, four independent settlement checks); no independent second source corroborates the Saxon core, so the conservative model is applied to canonical authority instead of keeping the stale 2.975 km rows"
rev_19113a00233d,seven_years_war_1756_08_01,TERRESTRIAL_HEX,h6000_q-000402_r+001289,promo_004cd3264a32,promo_115617644595,CONTROLLED,UNRESOLVED,sp_992101257e91,,2.975,9.168,hsrc_34735c52ef0d,,"re-measured at the source's own positional uncertainty (9.168 km, four independent settlement checks); no independent second source corroborates the Saxon core, so the conservative model is applied to canonical authority instead of keeping the stale 2.975 km rows"
rev_54baebc31afd,seven_years_war_1756_08_01,TERRESTRIAL_HEX,h6000_q-000401_r+001289,promo_004cd3264a32,promo_115617644595,CONTROLLED,UNRESOLVED,sp_992101257e91,,2.975,9.168,hsrc_34735c52ef0d,,"re-measured at the source's own positional uncertainty (9.168 km, four independent settlement checks); no independent second source corroborates the Saxon core, so the conservative model is applied to canonical authority instead of keeping the stale 2.975 km rows"
rev_ff84fa846a68,seven_years_war_1756_08_01,TERRESTRIAL_HEX,h6000_q-000400_r+001289,promo_004cd3264a32,promo_115617644595,CONTROLLED,UNRESOLVED,sp_992101257e91,,2.975,9.168,hsrc_34735c52ef0d,,"re-measured at the source's own positional uncertainty (9.168 km, four independent settlement checks); no independent second source corroborates the Saxon core, so the conservative model is applied to canonical authority instead of keeping the stale 2.975 km rows"
rev_95924d55e3c7,seven_years_war_1756_08_01,TERRESTRIAL_HEX,h6000_q-000411_r+001290,promo_004cd3264a32,promo_115617644595,CONTROLLED,UNRESOLVED,sp_992101257e91,,2.975,9.168,hsrc_34735c52ef0d,,"re-measured at the source's own positional uncertainty (9.168 km, four independent settlement checks); no independent second source corroborates the Saxon core, so the conservative model is applied to canonical authority instead of keeping the stale 2.975 km rows"
rev_47af912724b4,seven_years_war_1756_08_01,TERRESTRIAL_HEX,h6000_q-000405_r+001290,promo_004cd3264a32,promo_115617644595,CONTROLLED,UNRESOLVED,sp_992101257e91,,2.975,9.168,hsrc_34735c52ef0d,,"re-measured at the source's own positional uncertainty (9.168 km, four independent settlement checks); no independent second source corroborates the Saxon core, so the conservative model is applied to canonical authority instead of keeping the stale 2.975 km rows"
rev_0cf38de90626,seven_years_war_1756_08_01,TERRESTRIAL_HEX,h6000_q-000404_r+001290,promo_004cd3264a32,promo_115617644595,CONTROLLED,UNRESOLVED,sp_992101257e91,,2.975,9.168,hsrc_34735c52ef0d,,"re-measured at the source's own positional uncertainty (9.168 km, four independent settlement checks); no independent second source corroborates the Saxon core, so the conservative model is applied to canonical authority instead of keeping the stale 2.975 km rows"
rev_ba84da97a47f,seven_years_war_1756_08_01,TERRESTRIAL_HEX,h6000_q-000403_r+001290,promo_004cd3264a32,promo_115617644595,CONTROLLED,UNRESOLVED,sp_992101257e91,,2.975,9.168,hsrc_34735c52ef0d,,"re-measured at the source's own positional uncertainty (9.168 km, four independent settlement checks); no independent second source corroborates the Saxon core, so the conservative model is applied to canonical authority instead of keeping the stale 2.975 km rows"
rev_f97e97ea2866,seven_years_war_1756_08_01,TERRESTRIAL_HEX,h6000_q-000402_r+001290,promo_004cd3264a32,promo_115617644595,CONTROLLED,UNRESOLVED,sp_992101257e91,,2.975,9.168,hsrc_34735c52ef0d,,"re-measured at the source's own positional uncertainty (9.168 km, four independent settlement checks); no independent second source corroborates the Saxon core, so the conservative model is applied to canonical authority instead of keeping the stale 2.975 km rows"
rev_370c88b11568,seven_years_war_1756_08_01,TERRESTRIAL_HEX,h6000_q-000412_r+001291,promo_004cd3264a32,promo_115617644595,CONTROLLED,UNRESOLVED,sp_992101257e91,,2.975,9.168,hsrc_34735c52ef0d,,"re-measured at the source's own positional uncertainty (9.168 km, four independent settlement checks); no independent second source corroborates the Saxon core, so the conservative model is applied to canonical authority instead of keeping the stale 2.975 km rows"
rev_8d4f570b770b,seven_years_war_1756_08_01,TERRESTRIAL_HEX,h6000_q-000411_r+001291,promo_004cd3264a32,promo_115617644595,CONTROLLED,UNRESOLVED,sp_992101257e91,,2.975,9.168,hsrc_34735c52ef0d,,"re-measured at the source's own positional uncertainty (9.168 km, four independent settlement checks); no independent second source corroborates the Saxon core, so the conservative model is applied to canonical authority instead of keeping the stale 2.975 km rows"
rev_3adcc5bcab85,seven_years_war_1756_08_01,TERRESTRIAL_HEX,h6000_q-000410_r+001291,promo_004cd3264a32,promo_115617644595,CONTROLLED,UNRESOLVED,sp_992101257e91,,2.975,9.168,hsrc_34735c52ef0d,,"re-measured at the source's own positional uncertainty (9.168 km, four independent settlement checks); no independent second source corroborates the Saxon core, so the conservative model is applied to canonical authority instead of keeping the stale 2.975 km rows"
rev_c443be74b723,seven_years_war_1756_08_01,TERRESTRIAL_HEX,h6000_q-000408_r+001291,promo_004cd3264a32,promo_115617644595,CONTROLLED,UNRESOLVED,sp_992101257e91,,2.975,9.168,hsrc_34735c52ef0d,,"re-measured at the source's own positional uncertainty (9.168 km, four independent settlement checks); no independent second source corroborates the Saxon core, so the conservative model is applied to canonical authority instead of keeping the stale 2.975 km rows"
rev_e9ba817ea77f,seven_years_war_1756_08_01,TERRESTRIAL_HEX,h6000_q-000407_r+001291,promo_004cd3264a32,promo_115617644595,CONTROLLED,UNRESOLVED,sp_992101257e91,,2.975,9.168,hsrc_34735c52ef0d,,"re-measured at the source's own positional uncertainty (9.168 km, four independent settlement checks); no independent second source corroborates the Saxon core, so the conservative model is applied to canonical authority instead of keeping the stale 2.975 km rows"
rev_354beb6be900,seven_years_war_1756_08_01,TERRESTRIAL_HEX,h6000_q-000406_r+001291,promo_004cd3264a32,promo_115617644595,CONTROLLED,UNRESOLVED,sp_992101257e91,,2.975,9.168,hsrc_34735c52ef0d,,"re-measured at the source's own positional uncertainty (9.168 km, four independent settlement checks); no independent second source corroborates the Saxon core, so the conservative model is applied to canonical authority instead of keeping the stale 2.975 km rows"
rev_6a4a28bdb5b7,seven_years_war_1756_08_01,TERRESTRIAL_HEX,h6000_q-000405_r+001291,promo_004cd3264a32,promo_115617644595,CONTROLLED,UNRESOLVED,sp_992101257e91,,2.975,9.168,hsrc_34735c52ef0d,,"re-measured at the source's own positional uncertainty (9.168 km, four independent settlement checks); no independent second source corroborates the Saxon core, so the conservative model is applied to canonical authority instead of keeping the stale 2.975 km rows"
rev_31a7e6bda4b2,seven_years_war_1756_08_01,TERRESTRIAL_HEX,h6000_q-000411_r+001292,promo_004cd3264a32,promo_115617644595,CONTROLLED,UNRESOLVED,sp_992101257e91,,2.975,9.168,hsrc_34735c52ef0d,,"re-measured at the source's own positional uncertainty (9.168 km, four independent settlement checks); no independent second source corroborates the Saxon core, so the conservative model is applied to canonical authority instead of keeping the stale 2.975 km rows"
rev_f3c34b7ad5a3,seven_years_war_1756_08_01,TERRESTRIAL_HEX,h6000_q-000410_r+001292,promo_004cd3264a32,promo_115617644595,CONTROLLED,UNRESOLVED,sp_992101257e91,,2.975,9.168,hsrc_34735c52ef0d,,"re-measured at the source's own positional uncertainty (9.168 km, four independent settlement checks); no independent second source corroborates the Saxon core, so the conservative model is applied to canonical authority instead of keeping the stale 2.975 km rows"
rev_ba6727fa0189,seven_years_war_1756_08_01,TERRESTRIAL_HEX,h6000_q-000409_r+001292,promo_004cd3264a32,promo_115617644595,CONTROLLED,UNRESOLVED,sp_992101257e91,,2.975,9.168,hsrc_34735c52ef0d,,"re-measured at the source's own positional uncertainty (9.168 km, four independent settlement checks); no independent second source corroborates the Saxon core, so the conservative model is applied to canonical authority instead of keeping the stale 2.975 km rows"
rev_8987e31d0b07,seven_years_war_1756_08_01,TERRESTRIAL_HEX,h6000_q-000408_r+001292,promo_004cd3264a32,promo_115617644595,CONTROLLED,UNRESOLVED,sp_992101257e91,,2.975,9.168,hsrc_34735c52ef0d,,"re-measured at the source's own positional uncertainty (9.168 km, four independent settlement checks); no independent second source corroborates the Saxon core, so the conservative model is applied to canonical authority instead of keeping the stale 2.975 km rows"
rev_05c71587bc0e,seven_years_war_1756_08_01,TERRESTRIAL_HEX,h6000_q-000407_r+001292,promo_004cd3264a32,promo_115617644595,CONTROLLED,UNRESOLVED,sp_992101257e91,,2.975,9.168,hsrc_34735c52ef0d,,"re-measured at the source's own positional uncertainty (9.168 km, four independent settlement checks); no independent second source corroborates the Saxon core, so the conservative model is applied to canonical authority instead of keeping the stale 2.975 km rows"
rev_9bff76f4d137,seven_years_war_1756_08_01,TERRESTRIAL_HEX,h6000_q-000410_r+001293,promo_004cd3264a32,promo_115617644595,CONTROLLED,UNRESOLVED,sp_992101257e91,,2.975,9.168,hsrc_34735c52ef0d,,"re-measured at the source's own positional uncertainty (9.168 km, four independent settlement checks); no independent second source corroborates the Saxon core, so the conservative model is applied to canonical authority instead of keeping the stale 2.975 km rows"
rev_4d51c4f5f865,seven_years_war_1756_08_01,TERRESTRIAL_HEX,h6000_q-000409_r+001293,promo_004cd3264a32,promo_115617644595,CONTROLLED,UNRESOLVED,sp_992101257e91,,2.975,9.168,hsrc_34735c52ef0d,,"re-measured at the source's own positional uncertainty (9.168 km, four independent settlement checks); no independent second source corroborates the Saxon core, so the conservative model is applied to canonical authority instead of keeping the stale 2.975 km rows"
rev_4b1cde6f04b1,seven_years_war_1756_08_01,TERRESTRIAL_HEX,h6000_q-000618_r+000954,promo_7c95358cf0a4,promo_c1d69cca569e,UNRESOLVED,CONTROLLED,,sp_fef06587fead,34.61,34.61,hsrc_4c13f0498990|hsrc_a01a2b3eef3d|hsrc_ae63ba215fe7|hsrc_cc5fb2871250|hsrc_dfd04ab6388c|hsrc_ed325dc5ca37,,Portugal safe interior v2: the Algarve joins on institutional evidence and the unowned strips between Portugal's own cells are bridged where no cell of another crown lies in the corridor. Spain is unchanged.
rev_6bd62e0109ce,seven_years_war_1756_08_01,TERRESTRIAL_HEX,h6000_q-000618_r+000955,promo_7c95358cf0a4,promo_c1d69cca569e,UNRESOLVED,CONTROLLED,,sp_fef06587fead,34.61,34.61,hsrc_4c13f0498990|hsrc_a01a2b3eef3d|hsrc_ae63ba215fe7|hsrc_cc5fb2871250|hsrc_dfd04ab6388c|hsrc_ed325dc5ca37,,Portugal safe interior v2: the Algarve joins on institutional evidence and the unowned strips between Portugal's own cells are bridged where no cell of another crown lies in the corridor. Spain is unchanged.
rev_8ff7e82b149f,seven_years_war_1756_08_01,TERRESTRIAL_HEX,h6000_q-000619_r+000955,promo_7c95358cf0a4,promo_c1d69cca569e,UNRESOLVED,CONTROLLED,,sp_fef06587fead,34.61,34.61,hsrc_4c13f0498990|hsrc_a01a2b3eef3d|hsrc_ae63ba215fe7|hsrc_cc5fb2871250|hsrc_dfd04ab6388c|hsrc_ed325dc5ca37,,Portugal safe interior v2: the Algarve joins on institutional evidence and the unowned strips between Portugal's own cells are bridged where no cell of another crown lies in the corridor. Spain is unchanged.
rev_08d8a7ac0481,seven_years_war_1756_08_01,TERRESTRIAL_HEX,h6000_q-000619_r+000956,promo_7c95358cf0a4,promo_c1d69cca569e,UNRESOLVED,CONTROLLED,,sp_fef06587fead,34.61,34.61,hsrc_4c13f0498990|hsrc_a01a2b3eef3d|hsrc_ae63ba215fe7|hsrc_cc5fb2871250|hsrc_dfd04ab6388c|hsrc_ed325dc5ca37,,Portugal safe interior v2: the Algarve joins on institutional evidence and the unowned strips between Portugal's own cells are bridged where no cell of another crown lies in the corridor. Spain is unchanged.
rev_344d0352b2f6,seven_years_war_1756_08_01,TERRESTRIAL_HEX,h6000_q-000620_r+000956,promo_7c95358cf0a4,promo_c1d69cca569e,UNRESOLVED,CONTROLLED,,sp_fef06587fead,34.61,34.61,hsrc_4c13f0498990|hsrc_a01a2b3eef3d|hsrc_ae63ba215fe7|hsrc_cc5fb2871250|hsrc_dfd04ab6388c|hsrc_ed325dc5ca37,,Portugal safe interior v2: the Algarve joins on institutional evidence and the unowned strips between Portugal's own cells are bridged where no cell of another crown lies in the corridor. Spain is unchanged.
rev_265c49782832,seven_years_war_1756_08_01,TERRESTRIAL_HEX,h6000_q-000620_r+000957,promo_7c95358cf0a4,promo_c1d69cca569e,UNRESOLVED,CONTROLLED,,sp_fef06587fead,34.61,34.61,hsrc_4c13f0498990|hsrc_a01a2b3eef3d|hsrc_ae63ba215fe7|hsrc_cc5fb2871250|hsrc_dfd04ab6388c|hsrc_ed325dc5ca37,,Portugal safe interior v2: the Algarve joins on institutional evidence and the unowned strips between Portugal's own cells are bridged where no cell of another crown lies in the corridor. Spain is unchanged.
rev_f87b25f03c04,seven_years_war_1756_08_01,TERRESTRIAL_HEX,h6000_q-000620_r+000958,promo_7c95358cf0a4,promo_c1d69cca569e,UNRESOLVED,CONTROLLED,,sp_fef06587fead,34.61,34.61,hsrc_4c13f0498990|hsrc_a01a2b3eef3d|hsrc_ae63ba215fe7|hsrc_cc5fb2871250|hsrc_dfd04ab6388c|hsrc_ed325dc5ca37,,Portugal safe interior v2: the Algarve joins on institutional evidence and the unowned strips between Portugal's own cells are bridged where no cell of another crown lies in the corridor. Spain is unchanged.
rev_0d2b2aa02748,seven_years_war_1756_08_01,TERRESTRIAL_HEX,h6000_q-000620_r+000969,promo_7c95358cf0a4,promo_c1d69cca569e,UNRESOLVED,CONTROLLED,,sp_fef06587fead,34.61,34.61,hsrc_4c13f0498990|hsrc_a01a2b3eef3d|hsrc_ae63ba215fe7|hsrc_cc5fb2871250|hsrc_dfd04ab6388c|hsrc_ed325dc5ca37,,Portugal safe interior v2: the Algarve joins on institutional evidence and the unowned strips between Portugal's own cells are bridged where no cell of another crown lies in the corridor. Spain is unchanged.
rev_d38b8d0be76c,seven_years_war_1756_08_01,TERRESTRIAL_HEX,h6000_q-000621_r+000957,promo_7c95358cf0a4,promo_c1d69cca569e,UNRESOLVED,CONTROLLED,,sp_fef06587fead,34.61,34.61,hsrc_4c13f0498990|hsrc_a01a2b3eef3d|hsrc_ae63ba215fe7|hsrc_cc5fb2871250|hsrc_dfd04ab6388c|hsrc_ed325dc5ca37,,Portugal safe interior v2: the Algarve joins on institutional evidence and the unowned strips between Portugal's own cells are bridged where no cell of another crown lies in the corridor. Spain is unchanged.
rev_eb63a41be6f7,seven_years_war_1756_08_01,TERRESTRIAL_HEX,h6000_q-000621_r+000958,promo_7c95358cf0a4,promo_c1d69cca569e,UNRESOLVED,CONTROLLED,,sp_fef06587fead,34.61,34.61,hsrc_4c13f0498990|hsrc_a01a2b3eef3d|hsrc_ae63ba215fe7|hsrc_cc5fb2871250|hsrc_dfd04ab6388c|hsrc_ed325dc5ca37,,Portugal safe interior v2: the Algarve joins on institutional evidence and the unowned strips between Portugal's own cells are bridged where no cell of another crown lies in the corridor. Spain is unchanged.
rev_7905fdc9bb58,seven_years_war_1756_08_01,TERRESTRIAL_HEX,h6000_q-000621_r+000959,promo_7c95358cf0a4,promo_c1d69cca569e,UNRESOLVED,CONTROLLED,,sp_fef06587fead,34.61,34.61,hsrc_4c13f0498990|hsrc_a01a2b3eef3d|hsrc_ae63ba215fe7|hsrc_cc5fb2871250|hsrc_dfd04ab6388c|hsrc_ed325dc5ca37,,Portugal safe interior v2: the Algarve joins on institutional evidence and the unowned strips between Portugal's own cells are bridged where no cell of another crown lies in the corridor. Spain is unchanged.
rev_ad9dbf5da7a3,seven_years_war_1756_08_01,TERRESTRIAL_HEX,h6000_q-000621_r+000960,promo_7c95358cf0a4,promo_c1d69cca569e,UNRESOLVED,CONTROLLED,,sp_fef06587fead,34.61,34.61,hsrc_4c13f0498990|hsrc_a01a2b3eef3d|hsrc_ae63ba215fe7|hsrc_cc5fb2871250|hsrc_dfd04ab6388c|hsrc_ed325dc5ca37,,Portugal safe interior v2: the Algarve joins on institutional evidence and the unowned strips between Portugal's own cells are bridged where no cell of another crown lies in the corridor. Spain is unchanged.
rev_0ff07016344c,seven_years_war_1756_08_01,TERRESTRIAL_HEX,h6000_q-000621_r+000961,promo_7c95358cf0a4,promo_c1d69cca569e,UNRESOLVED,CONTROLLED,,sp_fef06587fead,34.61,34.61,hsrc_4c13f0498990|hsrc_a01a2b3eef3d|hsrc_ae63ba215fe7|hsrc_cc5fb2871250|hsrc_dfd04ab6388c|hsrc_ed325dc5ca37,,Portugal safe interior v2: the Algarve joins on institutional evidence and the unowned strips between Portugal's own cells are bridged where no cell of another crown lies in the corridor. Spain is unchanged.
rev_4d6ad3c73f3b,seven_years_war_1756_08_01,TERRESTRIAL_HEX,h6000_q-000621_r+000962,promo_7c95358cf0a4,promo_c1d69cca569e,UNRESOLVED,CONTROLLED,,sp_fef06587fead,34.61,34.61,hsrc_4c13f0498990|hsrc_a01a2b3eef3d|hsrc_ae63ba215fe7|hsrc_cc5fb2871250|hsrc_dfd04ab6388c|hsrc_ed325dc5ca37,,Portugal safe interior v2: the Algarve joins on institutional evidence and the unowned strips between Portugal's own cells are bridged where no cell of another crown lies in the corridor. Spain is unchanged.
rev_fd3176eb3169,seven_years_war_1756_08_01,TERRESTRIAL_HEX,h6000_q-000621_r+000963,promo_7c95358cf0a4,promo_c1d69cca569e,UNRESOLVED,CONTROLLED,,sp_fef06587fead,34.61,34.61,hsrc_4c13f0498990|hsrc_a01a2b3eef3d|hsrc_ae63ba215fe7|hsrc_cc5fb2871250|hsrc_dfd04ab6388c|hsrc_ed325dc5ca37,,Portugal safe interior v2: the Algarve joins on institutional evidence and the unowned strips between Portugal's own cells are bridged where no cell of another crown lies in the corridor. Spain is unchanged.
rev_fcd856aba529,seven_years_war_1756_08_01,TERRESTRIAL_HEX,h6000_q-000621_r+000964,promo_7c95358cf0a4,promo_c1d69cca569e,UNRESOLVED,CONTROLLED,,sp_fef06587fead,34.61,34.61,hsrc_4c13f0498990|hsrc_a01a2b3eef3d|hsrc_ae63ba215fe7|hsrc_cc5fb2871250|hsrc_dfd04ab6388c|hsrc_ed325dc5ca37,,Portugal safe interior v2: the Algarve joins on institutional evidence and the unowned strips between Portugal's own cells are bridged where no cell of another crown lies in the corridor. Spain is unchanged.
rev_68252005619b,seven_years_war_1756_08_01,TERRESTRIAL_HEX,h6000_q-000621_r+000970,promo_7c95358cf0a4,promo_c1d69cca569e,UNRESOLVED,CONTROLLED,,sp_fef06587fead,34.61,34.61,hsrc_4c13f0498990|hsrc_a01a2b3eef3d|hsrc_ae63ba215fe7|hsrc_cc5fb2871250|hsrc_dfd04ab6388c|hsrc_ed325dc5ca37,,Portugal safe interior v2: the Algarve joins on institutional evidence and the unowned strips between Portugal's own cells are bridged where no cell of another crown lies in the corridor. Spain is unchanged.
rev_d42baa9b8e50,seven_years_war_1756_08_01,TERRESTRIAL_HEX,h6000_q-000621_r+000971,promo_7c95358cf0a4,promo_c1d69cca569e,UNRESOLVED,CONTROLLED,,sp_fef06587fead,34.61,34.61,hsrc_4c13f0498990|hsrc_a01a2b3eef3d|hsrc_ae63ba215fe7|hsrc_cc5fb2871250|hsrc_dfd04ab6388c|hsrc_ed325dc5ca37,,Portugal safe interior v2: the Algarve joins on institutional evidence and the unowned strips between Portugal's own cells are bridged where no cell of another crown lies in the corridor. Spain is unchanged.
rev_f21fb82f3d35,seven_years_war_1756_08_01,TERRESTRIAL_HEX,h6000_q-000621_r+000972,promo_7c95358cf0a4,promo_c1d69cca569e,UNRESOLVED,CONTROLLED,,sp_fef06587fead,34.61,34.61,hsrc_4c13f0498990|hsrc_a01a2b3eef3d|hsrc_ae63ba215fe7|hsrc_cc5fb2871250|hsrc_dfd04ab6388c|hsrc_ed325dc5ca37,,Portugal safe interior v2: the Algarve joins on institutional evidence and the unowned strips between Portugal's own cells are bridged where no cell of another crown lies in the corridor. Spain is unchanged.
rev_b87ec4dcd67f,seven_years_war_1756_08_01,TERRESTRIAL_HEX,h6000_q-000621_r+000973,promo_7c95358cf0a4,promo_c1d69cca569e,UNRESOLVED,CONTROLLED,,sp_fef06587fead,34.61,34.61,hsrc_4c13f0498990|hsrc_a01a2b3eef3d|hsrc_ae63ba215fe7|hsrc_cc5fb2871250|hsrc_dfd04ab6388c|hsrc_ed325dc5ca37,,Portugal safe interior v2: the Algarve joins on institutional evidence and the unowned strips between Portugal's own cells are bridged where no cell of another crown lies in the corridor. Spain is unchanged.
rev_ab66da217c7b,seven_years_war_1756_08_01,TERRESTRIAL_HEX,h6000_q-000622_r+000957,promo_7c95358cf0a4,promo_c1d69cca569e,UNRESOLVED,CONTROLLED,,sp_fef06587fead,34.61,34.61,hsrc_4c13f0498990|hsrc_a01a2b3eef3d|hsrc_ae63ba215fe7|hsrc_cc5fb2871250|hsrc_dfd04ab6388c|hsrc_ed325dc5ca37,,Portugal safe interior v2: the Algarve joins on institutional evidence and the unowned strips between Portugal's own cells are bridged where no cell of another crown lies in the corridor. Spain is unchanged.
rev_f122ddc6cb1e,seven_years_war_1756_08_01,TERRESTRIAL_HEX,h6000_q-000622_r+000958,promo_7c95358cf0a4,promo_c1d69cca569e,UNRESOLVED,CONTROLLED,,sp_fef06587fead,34.61,34.61,hsrc_4c13f0498990|hsrc_a01a2b3eef3d|hsrc_ae63ba215fe7|hsrc_cc5fb2871250|hsrc_dfd04ab6388c|hsrc_ed325dc5ca37,,Portugal safe interior v2: the Algarve joins on institutional evidence and the unowned strips between Portugal's own cells are bridged where no cell of another crown lies in the corridor. Spain is unchanged.
rev_a7a80248991c,seven_years_war_1756_08_01,TERRESTRIAL_HEX,h6000_q-000622_r+000959,promo_7c95358cf0a4,promo_c1d69cca569e,UNRESOLVED,CONTROLLED,,sp_fef06587fead,34.61,34.61,hsrc_4c13f0498990|hsrc_a01a2b3eef3d|hsrc_ae63ba215fe7|hsrc_cc5fb2871250|hsrc_dfd04ab6388c|hsrc_ed325dc5ca37,,Portugal safe interior v2: the Algarve joins on institutional evidence and the unowned strips between Portugal's own cells are bridged where no cell of another crown lies in the corridor. Spain is unchanged.
rev_8cb1578a52a5,seven_years_war_1756_08_01,TERRESTRIAL_HEX,h6000_q-000622_r+000960,promo_7c95358cf0a4,promo_c1d69cca569e,UNRESOLVED,CONTROLLED,,sp_fef06587fead,34.61,34.61,hsrc_4c13f0498990|hsrc_a01a2b3eef3d|hsrc_ae63ba215fe7|hsrc_cc5fb2871250|hsrc_dfd04ab6388c|hsrc_ed325dc5ca37,,Portugal safe interior v2: the Algarve joins on institutional evidence and the unowned strips between Portugal's own cells are bridged where no cell of another crown lies in the corridor. Spain is unchanged.
rev_148840d42f34,seven_years_war_1756_08_01,TERRESTRIAL_HEX,h6000_q-000622_r+000961,promo_7c95358cf0a4,promo_c1d69cca569e,UNRESOLVED,CONTROLLED,,sp_fef06587fead,34.61,34.61,hsrc_4c13f0498990|hsrc_a01a2b3eef3d|hsrc_ae63ba215fe7|hsrc_cc5fb2871250|hsrc_dfd04ab6388c|hsrc_ed325dc5ca37,,Portugal safe interior v2: the Algarve joins on institutional evidence and the unowned strips between Portugal's own cells are bridged where no cell of another crown lies in the corridor. Spain is unchanged.
rev_7c027d14dc66,seven_years_war_1756_08_01,TERRESTRIAL_HEX,h6000_q-000622_r+000962,promo_7c95358cf0a4,promo_c1d69cca569e,UNRESOLVED,CONTROLLED,,sp_fef06587fead,34.61,34.61,hsrc_4c13f0498990|hsrc_a01a2b3eef3d|hsrc_ae63ba215fe7|hsrc_cc5fb2871250|hsrc_dfd04ab6388c|hsrc_ed325dc5ca37,,Portugal safe interior v2: the Algarve joins on institutional evidence and the unowned strips between Portugal's own cells are bridged where no cell of another crown lies in the corridor. Spain is unchanged.
rev_e8acb4fdd9d5,seven_years_war_1756_08_01,TERRESTRIAL_HEX,h6000_q-000622_r+000963,promo_7c95358cf0a4,promo_c1d69cca569e,UNRESOLVED,CONTROLLED,,sp_fef06587fead,34.61,34.61,hsrc_4c13f0498990|hsrc_a01a2b3eef3d|hsrc_ae63ba215fe7|hsrc_cc5fb2871250|hsrc_dfd04ab6388c|hsrc_ed325dc5ca37,,Portugal safe interior v2: the Algarve joins on institutional evidence and the unowned strips between Portugal's own cells are bridged where no cell of another crown lies in the corridor. Spain is unchanged.
rev_18f2df910815,seven_years_war_1756_08_01,TERRESTRIAL_HEX,h6000_q-000622_r+000964,promo_7c95358cf0a4,promo_c1d69cca569e,UNRESOLVED,CONTROLLED,,sp_fef06587fead,34.61,34.61,hsrc_4c13f0498990|hsrc_a01a2b3eef3d|hsrc_ae63ba215fe7|hsrc_cc5fb2871250|hsrc_dfd04ab6388c|hsrc_ed325dc5ca37,,Portugal safe interior v2: the Algarve joins on institutional evidence and the unowned strips between Portugal's own cells are bridged where no cell of another crown lies in the corridor. Spain is unchanged.
rev_3350d6455d8a,seven_years_war_1756_08_01,TERRESTRIAL_HEX,h6000_q-000622_r+000965,promo_7c95358cf0a4,promo_c1d69cca569e,UNRESOLVED,CONTROLLED,,sp_fef06587fead,34.61,34.61,hsrc_4c13f0498990|hsrc_a01a2b3eef3d|hsrc_ae63ba215fe7|hsrc_cc5fb2871250|hsrc_dfd04ab6388c|hsrc_ed325dc5ca37,,Portugal safe interior v2: the Algarve joins on institutional evidence and the unowned strips between Portugal's own cells are bridged where no cell of another crown lies in the corridor. Spain is unchanged.
rev_93a98486f977,seven_years_war_1756_08_01,TERRESTRIAL_HEX,h6000_q-000622_r+000971,promo_7c95358cf0a4,promo_c1d69cca569e,UNRESOLVED,CONTROLLED,,sp_fef06587fead,34.61,34.61,hsrc_4c13f0498990|hsrc_a01a2b3eef3d|hsrc_ae63ba215fe7|hsrc_cc5fb2871250|hsrc_dfd04ab6388c|hsrc_ed325dc5ca37,,Portugal safe interior v2: the Algarve joins on institutional evidence and the unowned strips between Portugal's own cells are bridged where no cell of another crown lies in the corridor. Spain is unchanged.
rev_b6a629ba64a3,seven_years_war_1756_08_01,TERRESTRIAL_HEX,h6000_q-000622_r+000972,promo_7c95358cf0a4,promo_c1d69cca569e,UNRESOLVED,CONTROLLED,,sp_fef06587fead,34.61,34.61,hsrc_4c13f0498990|hsrc_a01a2b3eef3d|hsrc_ae63ba215fe7|hsrc_cc5fb2871250|hsrc_dfd04ab6388c|hsrc_ed325dc5ca37,,Portugal safe interior v2: the Algarve joins on institutional evidence and the unowned strips between Portugal's own cells are bridged where no cell of another crown lies in the corridor. Spain is unchanged.
rev_08f61d8aab25,seven_years_war_1756_08_01,TERRESTRIAL_HEX,h6000_q-000622_r+000973,promo_7c95358cf0a4,promo_c1d69cca569e,UNRESOLVED,CONTROLLED,,sp_fef06587fead,34.61,34.61,hsrc_4c13f0498990|hsrc_a01a2b3eef3d|hsrc_ae63ba215fe7|hsrc_cc5fb2871250|hsrc_dfd04ab6388c|hsrc_ed325dc5ca37,,Portugal safe interior v2: the Algarve joins on institutional evidence and the unowned strips between Portugal's own cells are bridged where no cell of another crown lies in the corridor. Spain is unchanged.
rev_3483537682ca,seven_years_war_1756_08_01,TERRESTRIAL_HEX,h6000_q-000623_r+000956,promo_7c95358cf0a4,promo_c1d69cca569e,UNRESOLVED,CONTROLLED,,sp_fef06587fead,34.61,34.61,hsrc_4c13f0498990|hsrc_a01a2b3eef3d|hsrc_ae63ba215fe7|hsrc_cc5fb2871250|hsrc_dfd04ab6388c|hsrc_ed325dc5ca37,,Portugal safe interior v2: the Algarve joins on institutional evidence and the unowned strips between Portugal's own cells are bridged where no cell of another crown lies in the corridor. Spain is unchanged.
rev_b543c15eb123,seven_years_war_1756_08_01,TERRESTRIAL_HEX,h6000_q-000623_r+000957,promo_7c95358cf0a4,promo_c1d69cca569e,UNRESOLVED,CONTROLLED,,sp_fef06587fead,34.61,34.61,hsrc_4c13f0498990|hsrc_a01a2b3eef3d|hsrc_ae63ba215fe7|hsrc_cc5fb2871250|hsrc_dfd04ab6388c|hsrc_ed325dc5ca37,,Portugal safe interior v2: the Algarve joins on institutional evidence and the unowned strips between Portugal's own cells are bridged where no cell of another crown lies in the corridor. Spain is unchanged.
rev_513ce012b4ed,seven_years_war_1756_08_01,TERRESTRIAL_HEX,h6000_q-000623_r+000958,promo_7c95358cf0a4,promo_c1d69cca569e,UNRESOLVED,CONTROLLED,,sp_fef06587fead,34.61,34.61,hsrc_4c13f0498990|hsrc_a01a2b3eef3d|hsrc_ae63ba215fe7|hsrc_cc5fb2871250|hsrc_dfd04ab6388c|hsrc_ed325dc5ca37,,Portugal safe interior v2: the Algarve joins on institutional evidence and the unowned strips between Portugal's own cells are bridged where no cell of another crown lies in the corridor. Spain is unchanged.
rev_614449d2ad5a,seven_years_war_1756_08_01,TERRESTRIAL_HEX,h6000_q-000623_r+000959,promo_7c95358cf0a4,promo_c1d69cca569e,UNRESOLVED,CONTROLLED,,sp_fef06587fead,34.61,34.61,hsrc_4c13f0498990|hsrc_a01a2b3eef3d|hsrc_ae63ba215fe7|hsrc_cc5fb2871250|hsrc_dfd04ab6388c|hsrc_ed325dc5ca37,,Portugal safe interior v2: the Algarve joins on institutional evidence and the unowned strips between Portugal's own cells are bridged where no cell of another crown lies in the corridor. Spain is unchanged.
rev_a116742d871c,seven_years_war_1756_08_01,TERRESTRIAL_HEX,h6000_q-000623_r+000960,promo_7c95358cf0a4,promo_c1d69cca569e,UNRESOLVED,CONTROLLED,,sp_fef06587fead,34.61,34.61,hsrc_4c13f0498990|hsrc_a01a2b3eef3d|hsrc_ae63ba215fe7|hsrc_cc5fb2871250|hsrc_dfd04ab6388c|hsrc_ed325dc5ca37,,Portugal safe interior v2: the Algarve joins on institutional evidence and the unowned strips between Portugal's own cells are bridged where no cell of another crown lies in the corridor. Spain is unchanged.
rev_a7aa4b31cabf,seven_years_war_1756_08_01,TERRESTRIAL_HEX,h6000_q-000623_r+000961,promo_7c95358cf0a4,promo_c1d69cca569e,UNRESOLVED,CONTROLLED,,sp_fef06587fead,34.61,34.61,hsrc_4c13f0498990|hsrc_a01a2b3eef3d|hsrc_ae63ba215fe7|hsrc_cc5fb2871250|hsrc_dfd04ab6388c|hsrc_ed325dc5ca37,,Portugal safe interior v2: the Algarve joins on institutional evidence and the unowned strips between Portugal's own cells are bridged where no cell of another crown lies in the corridor. Spain is unchanged.
rev_6ec2539bd0fa,seven_years_war_1756_08_01,TERRESTRIAL_HEX,h6000_q-000623_r+000962,promo_7c95358cf0a4,promo_c1d69cca569e,UNRESOLVED,CONTROLLED,,sp_fef06587fead,34.61,34.61,hsrc_4c13f0498990|hsrc_a01a2b3eef3d|hsrc_ae63ba215fe7|hsrc_cc5fb2871250|hsrc_dfd04ab6388c|hsrc_ed325dc5ca37,,Portugal safe interior v2: the Algarve joins on institutional evidence and the unowned strips between Portugal's own cells are bridged where no cell of another crown lies in the corridor. Spain is unchanged.
rev_f599127e3a32,seven_years_war_1756_08_01,TERRESTRIAL_HEX,h6000_q-000623_r+000963,promo_7c95358cf0a4,promo_c1d69cca569e,UNRESOLVED,CONTROLLED,,sp_fef06587fead,34.61,34.61,hsrc_4c13f0498990|hsrc_a01a2b3eef3d|hsrc_ae63ba215fe7|hsrc_cc5fb2871250|hsrc_dfd04ab6388c|hsrc_ed325dc5ca37,,Portugal safe interior v2: the Algarve joins on institutional evidence and the unowned strips between Portugal's own cells are bridged where no cell of another crown lies in the corridor. Spain is unchanged.
rev_165ed71cdb3f,seven_years_war_1756_08_01,TERRESTRIAL_HEX,h6000_q-000623_r+000964,promo_7c95358cf0a4,promo_c1d69cca569e,UNRESOLVED,CONTROLLED,,sp_fef06587fead,34.61,34.61,hsrc_4c13f0498990|hsrc_a01a2b3eef3d|hsrc_ae63ba215fe7|hsrc_cc5fb2871250|hsrc_dfd04ab6388c|hsrc_ed325dc5ca37,,Portugal safe interior v2: the Algarve joins on institutional evidence and the unowned strips between Portugal's own cells are bridged where no cell of another crown lies in the corridor. Spain is unchanged.
rev_c37e44ade045,seven_years_war_1756_08_01,TERRESTRIAL_HEX,h6000_q-000623_r+000965,promo_7c95358cf0a4,promo_c1d69cca569e,UNRESOLVED,CONTROLLED,,sp_fef06587fead,34.61,34.61,hsrc_4c13f0498990|hsrc_a01a2b3eef3d|hsrc_ae63ba215fe7|hsrc_cc5fb2871250|hsrc_dfd04ab6388c|hsrc_ed325dc5ca37,,Portugal safe interior v2: the Algarve joins on institutional evidence and the unowned strips between Portugal's own cells are bridged where no cell of another crown lies in the corridor. Spain is unchanged.
rev_7236ccd50446,seven_years_war_1756_08_01,TERRESTRIAL_HEX,h6000_q-000623_r+000966,promo_7c95358cf0a4,promo_c1d69cca569e,UNRESOLVED,CONTROLLED,,sp_fef06587fead,34.61,34.61,hsrc_4c13f0498990|hsrc_a01a2b3eef3d|hsrc_ae63ba215fe7|hsrc_cc5fb2871250|hsrc_dfd04ab6388c|hsrc_ed325dc5ca37,,Portugal safe interior v2: the Algarve joins on institutional evidence and the unowned strips between Portugal's own cells are bridged where no cell of another crown lies in the corridor. Spain is unchanged.
rev_7eb0d847783d,seven_years_war_1756_08_01,TERRESTRIAL_HEX,h6000_q-000624_r+000957,promo_7c95358cf0a4,promo_c1d69cca569e,UNRESOLVED,CONTROLLED,,sp_fef06587fead,34.61,34.61,hsrc_4c13f0498990|hsrc_a01a2b3eef3d|hsrc_ae63ba215fe7|hsrc_cc5fb2871250|hsrc_dfd04ab6388c|hsrc_ed325dc5ca37,,Portugal safe interior v2: the Algarve joins on institutional evidence and the unowned strips between Portugal's own cells are bridged where no cell of another crown lies in the corridor. Spain is unchanged.
rev_ed499ce76de7,seven_years_war_1756_08_01,TERRESTRIAL_HEX,h6000_q-000624_r+000958,promo_7c95358cf0a4,promo_c1d69cca569e,UNRESOLVED,CONTROLLED,,sp_fef06587fead,34.61,34.61,hsrc_4c13f0498990|hsrc_a01a2b3eef3d|hsrc_ae63ba215fe7|hsrc_cc5fb2871250|hsrc_dfd04ab6388c|hsrc_ed325dc5ca37,,Portugal safe interior v2: the Algarve joins on institutional evidence and the unowned strips between Portugal's own cells are bridged where no cell of another crown lies in the corridor. Spain is unchanged.
rev_b59911708975,seven_years_war_1756_08_01,TERRESTRIAL_HEX,h6000_q-000624_r+000959,promo_7c95358cf0a4,promo_c1d69cca569e,UNRESOLVED,CONTROLLED,,sp_fef06587fead,34.61,34.61,hsrc_4c13f0498990|hsrc_a01a2b3eef3d|hsrc_ae63ba215fe7|hsrc_cc5fb2871250|hsrc_dfd04ab6388c|hsrc_ed325dc5ca37,,Portugal safe interior v2: the Algarve joins on institutional evidence and the unowned strips between Portugal's own cells are bridged where no cell of another crown lies in the corridor. Spain is unchanged.
rev_4e5143053cd3,seven_years_war_1756_08_01,TERRESTRIAL_HEX,h6000_q-000624_r+000960,promo_7c95358cf0a4,promo_c1d69cca569e,UNRESOLVED,CONTROLLED,,sp_fef06587fead,34.61,34.61,hsrc_4c13f0498990|hsrc_a01a2b3eef3d|hsrc_ae63ba215fe7|hsrc_cc5fb2871250|hsrc_dfd04ab6388c|hsrc_ed325dc5ca37,,Portugal safe interior v2: the Algarve joins on institutional evidence and the unowned strips between Portugal's own cells are bridged where no cell of another crown lies in the corridor. Spain is unchanged.
rev_a492a58da164,seven_years_war_1756_08_01,TERRESTRIAL_HEX,h6000_q-000624_r+000961,promo_7c95358cf0a4,promo_c1d69cca569e,UNRESOLVED,CONTROLLED,,sp_fef06587fead,34.61,34.61,hsrc_4c13f0498990|hsrc_a01a2b3eef3d|hsrc_ae63ba215fe7|hsrc_cc5fb2871250|hsrc_dfd04ab6388c|hsrc_ed325dc5ca37,,Portugal safe interior v2: the Algarve joins on institutional evidence and the unowned strips between Portugal's own cells are bridged where no cell of another crown lies in the corridor. Spain is unchanged.
rev_674d22c186ad,seven_years_war_1756_08_01,TERRESTRIAL_HEX,h6000_q-000624_r+000962,promo_7c95358cf0a4,promo_c1d69cca569e,UNRESOLVED,CONTROLLED,,sp_fef06587fead,34.61,34.61,hsrc_4c13f0498990|hsrc_a01a2b3eef3d|hsrc_ae63ba215fe7|hsrc_cc5fb2871250|hsrc_dfd04ab6388c|hsrc_ed325dc5ca37,,Portugal safe interior v2: the Algarve joins on institutional evidence and the unowned strips between Portugal's own cells are bridged where no cell of another crown lies in the corridor. Spain is unchanged.
rev_de94127cfa23,seven_years_war_1756_08_01,TERRESTRIAL_HEX,h6000_q-000625_r+000957,promo_7c95358cf0a4,promo_c1d69cca569e,UNRESOLVED,CONTROLLED,,sp_fef06587fead,34.61,34.61,hsrc_4c13f0498990|hsrc_a01a2b3eef3d|hsrc_ae63ba215fe7|hsrc_cc5fb2871250|hsrc_dfd04ab6388c|hsrc_ed325dc5ca37,,Portugal safe interior v2: the Algarve joins on institutional evidence and the unowned strips between Portugal's own cells are bridged where no cell of another crown lies in the corridor. Spain is unchanged.
rev_fb89daf70029,seven_years_war_1756_08_01,TERRESTRIAL_HEX,h6000_q-000625_r+000958,promo_7c95358cf0a4,promo_c1d69cca569e,UNRESOLVED,CONTROLLED,,sp_fef06587fead,34.61,34.61,hsrc_4c13f0498990|hsrc_a01a2b3eef3d|hsrc_ae63ba215fe7|hsrc_cc5fb2871250|hsrc_dfd04ab6388c|hsrc_ed325dc5ca37,,Portugal safe interior v2: the Algarve joins on institutional evidence and the unowned strips between Portugal's own cells are bridged where no cell of another crown lies in the corridor. Spain is unchanged.
rev_a2b4ef16c858,seven_years_war_1756_08_01,TERRESTRIAL_HEX,h6000_q-000625_r+000959,promo_7c95358cf0a4,promo_c1d69cca569e,UNRESOLVED,CONTROLLED,,sp_fef06587fead,34.61,34.61,hsrc_4c13f0498990|hsrc_a01a2b3eef3d|hsrc_ae63ba215fe7|hsrc_cc5fb2871250|hsrc_dfd04ab6388c|hsrc_ed325dc5ca37,,Portugal safe interior v2: the Algarve joins on institutional evidence and the unowned strips between Portugal's own cells are bridged where no cell of another crown lies in the corridor. Spain is unchanged.
rev_9633e87f4d0f,seven_years_war_1756_08_01,TERRESTRIAL_HEX,h6000_q-000625_r+000960,promo_7c95358cf0a4,promo_c1d69cca569e,UNRESOLVED,CONTROLLED,,sp_fef06587fead,34.61,34.61,hsrc_4c13f0498990|hsrc_a01a2b3eef3d|hsrc_ae63ba215fe7|hsrc_cc5fb2871250|hsrc_dfd04ab6388c|hsrc_ed325dc5ca37,,Portugal safe interior v2: the Algarve joins on institutional evidence and the unowned strips between Portugal's own cells are bridged where no cell of another crown lies in the corridor. Spain is unchanged.
rev_cbf1dd3410e4,seven_years_war_1756_08_01,TERRESTRIAL_HEX,h6000_q-000625_r+000961,promo_7c95358cf0a4,promo_c1d69cca569e,UNRESOLVED,CONTROLLED,,sp_fef06587fead,34.61,34.61,hsrc_4c13f0498990|hsrc_a01a2b3eef3d|hsrc_ae63ba215fe7|hsrc_cc5fb2871250|hsrc_dfd04ab6388c|hsrc_ed325dc5ca37,,Portugal safe interior v2: the Algarve joins on institutional evidence and the unowned strips between Portugal's own cells are bridged where no cell of another crown lies in the corridor. Spain is unchanged.
rev_af51101a1031,seven_years_war_1756_08_01,TERRESTRIAL_HEX,h6000_q-000626_r+000957,promo_7c95358cf0a4,promo_c1d69cca569e,UNRESOLVED,CONTROLLED,,sp_fef06587fead,34.61,34.61,hsrc_4c13f0498990|hsrc_a01a2b3eef3d|hsrc_ae63ba215fe7|hsrc_cc5fb2871250|hsrc_dfd04ab6388c|hsrc_ed325dc5ca37,,Portugal safe interior v2: the Algarve joins on institutional evidence and the unowned strips between Portugal's own cells are bridged where no cell of another crown lies in the corridor. Spain is unchanged.
rev_f055d202b612,seven_years_war_1756_08_01,TERRESTRIAL_HEX,h6000_q-000626_r+000958,promo_7c95358cf0a4,promo_c1d69cca569e,UNRESOLVED,CONTROLLED,,sp_fef06587fead,34.61,34.61,hsrc_4c13f0498990|hsrc_a01a2b3eef3d|hsrc_ae63ba215fe7|hsrc_cc5fb2871250|hsrc_dfd04ab6388c|hsrc_ed325dc5ca37,,Portugal safe interior v2: the Algarve joins on institutional evidence and the unowned strips between Portugal's own cells are bridged where no cell of another crown lies in the corridor. Spain is unchanged.
rev_84d166b6a415,seven_years_war_1756_08_01,TERRESTRIAL_HEX,h6000_q-000626_r+000959,promo_7c95358cf0a4,promo_c1d69cca569e,UNRESOLVED,CONTROLLED,,sp_fef06587fead,34.61,34.61,hsrc_4c13f0498990|hsrc_a01a2b3eef3d|hsrc_ae63ba215fe7|hsrc_cc5fb2871250|hsrc_dfd04ab6388c|hsrc_ed325dc5ca37,,Portugal safe interior v2: the Algarve joins on institutional evidence and the unowned strips between Portugal's own cells are bridged where no cell of another crown lies in the corridor. Spain is unchanged.
rev_5a6d9c69135d,seven_years_war_1756_08_01,TERRESTRIAL_HEX,h6000_q-000626_r+000960,promo_7c95358cf0a4,promo_c1d69cca569e,UNRESOLVED,CONTROLLED,,sp_fef06587fead,34.61,34.61,hsrc_4c13f0498990|hsrc_a01a2b3eef3d|hsrc_ae63ba215fe7|hsrc_cc5fb2871250|hsrc_dfd04ab6388c|hsrc_ed325dc5ca37,,Portugal safe interior v2: the Algarve joins on institutional evidence and the unowned strips between Portugal's own cells are bridged where no cell of another crown lies in the corridor. Spain is unchanged.
rev_212d68282b55,seven_years_war_1756_08_01,TERRESTRIAL_HEX,h6000_q-000626_r+000961,promo_7c95358cf0a4,promo_c1d69cca569e,UNRESOLVED,CONTROLLED,,sp_fef06587fead,34.61,34.61,hsrc_4c13f0498990|hsrc_a01a2b3eef3d|hsrc_ae63ba215fe7|hsrc_cc5fb2871250|hsrc_dfd04ab6388c|hsrc_ed325dc5ca37,,Portugal safe interior v2: the Algarve joins on institutional evidence and the unowned strips between Portugal's own cells are bridged where no cell of another crown lies in the corridor. Spain is unchanged.
rev_d97413dc44ac,seven_years_war_1756_08_01,TERRESTRIAL_HEX,h6000_q-000627_r+000957,promo_7c95358cf0a4,promo_c1d69cca569e,UNRESOLVED,CONTROLLED,,sp_fef06587fead,34.61,34.61,hsrc_4c13f0498990|hsrc_a01a2b3eef3d|hsrc_ae63ba215fe7|hsrc_cc5fb2871250|hsrc_dfd04ab6388c|hsrc_ed325dc5ca37,,Portugal safe interior v2: the Algarve joins on institutional evidence and the unowned strips between Portugal's own cells are bridged where no cell of another crown lies in the corridor. Spain is unchanged.
rev_f5ad6d2b9833,seven_years_war_1756_08_01,TERRESTRIAL_HEX,h6000_q-000627_r+000958,promo_7c95358cf0a4,promo_c1d69cca569e,UNRESOLVED,CONTROLLED,,sp_fef06587fead,34.61,34.61,hsrc_4c13f0498990|hsrc_a01a2b3eef3d|hsrc_ae63ba215fe7|hsrc_cc5fb2871250|hsrc_dfd04ab6388c|hsrc_ed325dc5ca37,,Portugal safe interior v2: the Algarve joins on institutional evidence and the unowned strips between Portugal's own cells are bridged where no cell of another crown lies in the corridor. Spain is unchanged.
rev_1ef42a8e559c,seven_years_war_1756_08_01,TERRESTRIAL_HEX,h6000_q-000627_r+000959,promo_7c95358cf0a4,promo_c1d69cca569e,UNRESOLVED,CONTROLLED,,sp_fef06587fead,34.61,34.61,hsrc_4c13f0498990|hsrc_a01a2b3eef3d|hsrc_ae63ba215fe7|hsrc_cc5fb2871250|hsrc_dfd04ab6388c|hsrc_ed325dc5ca37,,Portugal safe interior v2: the Algarve joins on institutional evidence and the unowned strips between Portugal's own cells are bridged where no cell of another crown lies in the corridor. Spain is unchanged.
rev_5569d854d639,seven_years_war_1756_08_01,TERRESTRIAL_HEX,h6000_q-000627_r+000960,promo_7c95358cf0a4,promo_c1d69cca569e,UNRESOLVED,CONTROLLED,,sp_fef06587fead,34.61,34.61,hsrc_4c13f0498990|hsrc_a01a2b3eef3d|hsrc_ae63ba215fe7|hsrc_cc5fb2871250|hsrc_dfd04ab6388c|hsrc_ed325dc5ca37,,Portugal safe interior v2: the Algarve joins on institutional evidence and the unowned strips between Portugal's own cells are bridged where no cell of another crown lies in the corridor. Spain is unchanged.
rev_b457537a1508,seven_years_war_1756_08_01,TERRESTRIAL_HEX,h6000_q-000627_r+000961,promo_7c95358cf0a4,promo_c1d69cca569e,UNRESOLVED,CONTROLLED,,sp_fef06587fead,34.61,34.61,hsrc_4c13f0498990|hsrc_a01a2b3eef3d|hsrc_ae63ba215fe7|hsrc_cc5fb2871250|hsrc_dfd04ab6388c|hsrc_ed325dc5ca37,,Portugal safe interior v2: the Algarve joins on institutional evidence and the unowned strips between Portugal's own cells are bridged where no cell of another crown lies in the corridor. Spain is unchanged.
rev_6095e84afdb0,seven_years_war_1756_08_01,TERRESTRIAL_HEX,h6000_q-000628_r+000959,promo_7c95358cf0a4,promo_c1d69cca569e,UNRESOLVED,CONTROLLED,,sp_fef06587fead,34.61,34.61,hsrc_4c13f0498990|hsrc_a01a2b3eef3d|hsrc_ae63ba215fe7|hsrc_cc5fb2871250|hsrc_dfd04ab6388c|hsrc_ed325dc5ca37,,Portugal safe interior v2: the Algarve joins on institutional evidence and the unowned strips between Portugal's own cells are bridged where no cell of another crown lies in the corridor. Spain is unchanged.
rev_80f85d06bcfc,seven_years_war_1756_08_01,TERRESTRIAL_HEX,h6000_q-000628_r+000960,promo_7c95358cf0a4,promo_c1d69cca569e,UNRESOLVED,CONTROLLED,,sp_fef06587fead,34.61,34.61,hsrc_4c13f0498990|hsrc_a01a2b3eef3d|hsrc_ae63ba215fe7|hsrc_cc5fb2871250|hsrc_dfd04ab6388c|hsrc_ed325dc5ca37,,Portugal safe interior v2: the Algarve joins on institutional evidence and the unowned strips between Portugal's own cells are bridged where no cell of another crown lies in the corridor. Spain is unchanged.
rev_901dd9dd2193,seven_years_war_1756_08_01,TERRESTRIAL_HEX,h6000_q-000628_r+000961,promo_7c95358cf0a4,promo_c1d69cca569e,UNRESOLVED,CONTROLLED,,sp_fef06587fead,34.61,34.61,hsrc_4c13f0498990|hsrc_a01a2b3eef3d|hsrc_ae63ba215fe7|hsrc_cc5fb2871250|hsrc_dfd04ab6388c|hsrc_ed325dc5ca37,,Portugal safe interior v2: the Algarve joins on institutional evidence and the unowned strips between Portugal's own cells are bridged where no cell of another crown lies in the corridor. Spain is unchanged.
rev_ffb5088b1f26,seven_years_war_1756_08_01,TERRESTRIAL_HEX,h6000_q-000629_r+000961,promo_7c95358cf0a4,promo_c1d69cca569e,UNRESOLVED,CONTROLLED,,sp_fef06587fead,34.61,34.61,hsrc_4c13f0498990|hsrc_a01a2b3eef3d|hsrc_ae63ba215fe7|hsrc_cc5fb2871250|hsrc_dfd04ab6388c|hsrc_ed325dc5ca37,,Portugal safe interior v2: the Algarve joins on institutional evidence and the unowned strips between Portugal's own cells are bridged where no cell of another crown lies in the corridor. Spain is unchanged.
rev_8ecdef7757a6,seven_years_war_1756_08_01,TERRESTRIAL_HEX,h6000_q-000574_r+000861,promo_c1d69cca569e,promo_b68466ea22a9,UNRESOLVED,CONTROLLED,,sp_fef06587fead,34.61,12.33,hsrc_c61726597ef3,,Portugal safe interior v3 from the 1751 Vaugondy sheets; positional uncertainty 12.33 km replaces 34.61 km
rev_7dbe767bdba4,seven_years_war_1756_08_01,TERRESTRIAL_HEX,h6000_q-000573_r+000862,promo_c1d69cca569e,promo_b68466ea22a9,UNRESOLVED,CONTROLLED,,sp_fef06587fead,34.61,12.33,hsrc_c61726597ef3,,Portugal safe interior v3 from the 1751 Vaugondy sheets; positional uncertainty 12.33 km replaces 34.61 km
rev_9cb77a345c53,seven_years_war_1756_08_01,TERRESTRIAL_HEX,h6000_q-000579_r+000870,promo_7c95358cf0a4,promo_b68466ea22a9,UNRESOLVED,CONTROLLED,,sp_fef06587fead,34.61,12.33,hsrc_c61726597ef3,,Portugal safe interior v3 from the 1751 Vaugondy sheets; positional uncertainty 12.33 km replaces 34.61 km
rev_3915ee869e13,seven_years_war_1756_08_01,TERRESTRIAL_HEX,h6000_q-000579_r+000871,promo_7c95358cf0a4,promo_b68466ea22a9,UNRESOLVED,CONTROLLED,,sp_fef06587fead,34.61,12.33,hsrc_c61726597ef3,,Portugal safe interior v3 from the 1751 Vaugondy sheets; positional uncertainty 12.33 km replaces 34.61 km
rev_20c253bb6d6a,seven_years_war_1756_08_01,TERRESTRIAL_HEX,h6000_q-000580_r+000872,promo_7c95358cf0a4,promo_b68466ea22a9,UNRESOLVED,CONTROLLED,,sp_fef06587fead,34.61,12.33,hsrc_c61726597ef3,,Portugal safe interior v3 from the 1751 Vaugondy sheets; positional uncertainty 12.33 km replaces 34.61 km
rev_c7b2db0179c7,seven_years_war_1756_08_01,TERRESTRIAL_HEX,h6000_q-000579_r+000872,promo_7c95358cf0a4,promo_b68466ea22a9,UNRESOLVED,CONTROLLED,,sp_fef06587fead,34.61,12.33,hsrc_c61726597ef3,,Portugal safe interior v3 from the 1751 Vaugondy sheets; positional uncertainty 12.33 km replaces 34.61 km
rev_1435e7e78042,seven_years_war_1756_08_01,TERRESTRIAL_HEX,h6000_q-000579_r+000873,promo_7c95358cf0a4,promo_b68466ea22a9,UNRESOLVED,CONTROLLED,,sp_fef06587fead,34.61,12.33,hsrc_c61726597ef3,,Portugal safe interior v3 from the 1751 Vaugondy sheets; positional uncertainty 12.33 km replaces 34.61 km
rev_d6d3cb2ff9b1,seven_years_war_1756_08_01,TERRESTRIAL_HEX,h6000_q-000580_r+000873,promo_7c95358cf0a4,promo_b68466ea22a9,UNRESOLVED,CONTROLLED,,sp_fef06587fead,34.61,12.33,hsrc_c61726597ef3,,Portugal safe interior v3 from the 1751 Vaugondy sheets; positional uncertainty 12.33 km replaces 34.61 km
rev_676fc2bb99d6,seven_years_war_1756_08_01,TERRESTRIAL_HEX,h6000_q-000580_r+000874,promo_7c95358cf0a4,promo_b68466ea22a9,UNRESOLVED,CONTROLLED,,sp_fef06587fead,34.61,12.33,hsrc_c61726597ef3,,Portugal safe interior v3 from the 1751 Vaugondy sheets; positional uncertainty 12.33 km replaces 34.61 km
rev_7a11e9ea7a34,seven_years_war_1756_08_01,TERRESTRIAL_HEX,h6000_q-000581_r+000874,promo_7c95358cf0a4,promo_b68466ea22a9,UNRESOLVED,CONTROLLED,,sp_fef06587fead,34.61,12.33,hsrc_c61726597ef3,,Portugal safe interior v3 from the 1751 Vaugondy sheets; positional uncertainty 12.33 km replaces 34.61 km
rev_840fea653e86,seven_years_war_1756_08_01,TERRESTRIAL_HEX,h6000_q-000576_r+000858,promo_c1d69cca569e,promo_b68466ea22a9,UNRESOLVED,CONTROLLED,,sp_fef06587fead,34.61,12.33,hsrc_c61726597ef3,,Portugal safe interior v3 from the 1751 Vaugondy sheets; positional uncertainty 12.33 km replaces 34.61 km
rev_81e0e4b64d3f,seven_years_war_1756_08_01,TERRESTRIAL_HEX,h6000_q-000576_r+000859,promo_c1d69cca569e,promo_b68466ea22a9,UNRESOLVED,CONTROLLED,,sp_fef06587fead,34.61,12.33,hsrc_c61726597ef3,,Portugal safe interior v3 from the 1751 Vaugondy sheets; positional uncertainty 12.33 km replaces 34.61 km
rev_c29cbc24330e,seven_years_war_1756_08_01,TERRESTRIAL_HEX,h6000_q-000575_r+000859,promo_c1d69cca569e,promo_b68466ea22a9,UNRESOLVED,CONTROLLED,,sp_fef06587fead,34.61,12.33,hsrc_c61726597ef3,,Portugal safe interior v3 from the 1751 Vaugondy sheets; positional uncertainty 12.33 km replaces 34.61 km
rev_0825f60f8969,seven_years_war_1756_08_01,TERRESTRIAL_HEX,h6000_q-000578_r+000859,promo_c1d69cca569e,promo_b68466ea22a9,UNRESOLVED,CONTROLLED,,sp_fef06587fead,34.61,12.33,hsrc_c61726597ef3,,Portugal safe interior v3 from the 1751 Vaugondy sheets; positional uncertainty 12.33 km replaces 34.61 km
rev_e5246bf5cf4b,seven_years_war_1756_08_01,TERRESTRIAL_HEX,h6000_q-000577_r+000859,promo_c1d69cca569e,promo_b68466ea22a9,UNRESOLVED,CONTROLLED,,sp_fef06587fead,34.61,12.33,hsrc_c61726597ef3,,Portugal safe interior v3 from the 1751 Vaugondy sheets; positional uncertainty 12.33 km replaces 34.61 km
rev_239ca1ee8754,seven_years_war_1756_08_01,TERRESTRIAL_HEX,h6000_q-000573_r+000859,promo_c1d69cca569e,promo_b68466ea22a9,UNRESOLVED,CONTROLLED,,sp_fef06587fead,34.61,12.33,hsrc_c61726597ef3,,Portugal safe interior v3 from the 1751 Vaugondy sheets; positional uncertainty 12.33 km replaces 34.61 km
rev_dec13f52044a,seven_years_war_1756_08_01,TERRESTRIAL_HEX,h6000_q-000574_r+000859,promo_c1d69cca569e,promo_b68466ea22a9,UNRESOLVED,CONTROLLED,,sp_fef06587fead,34.61,12.33,hsrc_c61726597ef3,,Portugal safe interior v3 from the 1751 Vaugondy sheets; positional uncertainty 12.33 km replaces 34.61 km
rev_d0a0c7ea2851,seven_years_war_1756_08_01,TERRESTRIAL_HEX,h6000_q-000573_r+000860,promo_c1d69cca569e,promo_b68466ea22a9,UNRESOLVED,CONTROLLED,,sp_fef06587fead,34.61,12.33,hsrc_c61726597ef3,,Portugal safe interior v3 from the 1751 Vaugondy sheets; positional uncertainty 12.33 km replaces 34.61 km
rev_a5658235ea7e,seven_years_war_1756_08_01,TERRESTRIAL_HEX,h6000_q-000574_r+000860,promo_c1d69cca569e,promo_b68466ea22a9,UNRESOLVED,CONTROLLED,,sp_fef06587fead,34.61,12.33,hsrc_c61726597ef3,,Portugal safe interior v3 from the 1751 Vaugondy sheets; positional uncertainty 12.33 km replaces 34.61 km
rev_0c9f7912f9bf,seven_years_war_1756_08_01,TERRESTRIAL_HEX,h6000_q-000572_r+000861,promo_c1d69cca569e,promo_b68466ea22a9,UNRESOLVED,CONTROLLED,,sp_fef06587fead,34.61,12.33,hsrc_c61726597ef3,,Portugal safe interior v3 from the 1751 Vaugondy sheets; positional uncertainty 12.33 km replaces 34.61 km
rev_b564b935087d,seven_years_war_1756_08_01,TERRESTRIAL_HEX,h6000_q-000573_r+000861,promo_c1d69cca569e,promo_b68466ea22a9,UNRESOLVED,CONTROLLED,,sp_fef06587fead,34.61,12.33,hsrc_c61726597ef3,,Portugal safe interior v3 from the 1751 Vaugondy sheets; positional uncertainty 12.33 km replaces 34.61 km
rev_887c8c4111b9,seven_years_war_1756_08_01,TERRESTRIAL_HEX,h6000_q-000582_r+000860,promo_c1d69cca569e,promo_b68466ea22a9,UNRESOLVED,CONTROLLED,,sp_fef06587fead,34.61,12.33,hsrc_c61726597ef3,,Portugal safe interior v3 from the 1751 Vaugondy sheets; positional uncertainty 12.33 km replaces 34.61 km
rev_2961ae03a2c0,seven_years_war_1756_08_01,TERRESTRIAL_HEX,h6000_q-000583_r+000861,promo_c1d69cca569e,promo_b68466ea22a9,UNRESOLVED,CONTROLLED,,sp_fef06587fead,34.61,12.33,hsrc_c61726597ef3,,Portugal safe interior v3 from the 1751 Vaugondy sheets; positional uncertainty 12.33 km replaces 34.61 km
rev_c6d3e10ba297,seven_years_war_1756_08_01,TERRESTRIAL_HEX,h6000_q-000581_r+000861,promo_c1d69cca569e,promo_b68466ea22a9,UNRESOLVED,CONTROLLED,,sp_fef06587fead,34.61,12.33,hsrc_c61726597ef3,,Portugal safe interior v3 from the 1751 Vaugondy sheets; positional uncertainty 12.33 km replaces 34.61 km
rev_863cedff9afc,seven_years_war_1756_08_01,TERRESTRIAL_HEX,h6000_q-000582_r+000861,promo_c1d69cca569e,promo_b68466ea22a9,UNRESOLVED,CONTROLLED,,sp_fef06587fead,34.61,12.33,hsrc_c61726597ef3,,Portugal safe interior v3 from the 1751 Vaugondy sheets; positional uncertainty 12.33 km replaces 34.61 km
rev_8fdb4d5a7701,seven_years_war_1756_08_01,TERRESTRIAL_HEX,h6000_q-000584_r+000862,promo_c1d69cca569e,promo_b68466ea22a9,UNRESOLVED,CONTROLLED,,sp_fef06587fead,34.61,12.33,hsrc_c61726597ef3,,Portugal safe interior v3 from the 1751 Vaugondy sheets; positional uncertainty 12.33 km replaces 34.61 km
rev_2fe46524eac5,seven_years_war_1756_08_01,TERRESTRIAL_HEX,h6000_q-000583_r+000862,promo_c1d69cca569e,promo_b68466ea22a9,UNRESOLVED,CONTROLLED,,sp_fef06587fead,34.61,12.33,hsrc_c61726597ef3,,Portugal safe interior v3 from the 1751 Vaugondy sheets; positional uncertainty 12.33 km replaces 34.61 km
rev_f56c584c2879,seven_years_war_1756_08_01,TERRESTRIAL_HEX,h6000_q-000582_r+000862,promo_c1d69cca569e,promo_b68466ea22a9,UNRESOLVED,CONTROLLED,,sp_fef06587fead,34.61,12.33,hsrc_c61726597ef3,,Portugal safe interior v3 from the 1751 Vaugondy sheets; positional uncertainty 12.33 km replaces 34.61 km
rev_5ae22beb580a,seven_years_war_1756_08_01,TERRESTRIAL_HEX,h6000_q-000582_r+000858,promo_c1d69cca569e,promo_b68466ea22a9,UNRESOLVED,CONTROLLED,,sp_fef06587fead,34.61,12.33,hsrc_c61726597ef3,,Portugal safe interior v3 from the 1751 Vaugondy sheets; positional uncertainty 12.33 km replaces 34.61 km
rev_304000756fa3,seven_years_war_1756_08_01,TERRESTRIAL_HEX,h6000_q-000582_r+000859,promo_c1d69cca569e,promo_b68466ea22a9,UNRESOLVED,CONTROLLED,,sp_fef06587fead,34.61,12.33,hsrc_c61726597ef3,,Portugal safe interior v3 from the 1751 Vaugondy sheets; positional uncertainty 12.33 km replaces 34.61 km
rev_c64ac6b49b3d,seven_years_war_1756_08_01,TERRESTRIAL_HEX,h6000_q-000582_r+000857,promo_c1d69cca569e,promo_b68466ea22a9,UNRESOLVED,CONTROLLED,,sp_fef06587fead,34.61,12.33,hsrc_c61726597ef3,,Portugal safe interior v3 from the 1751 Vaugondy sheets; positional uncertainty 12.33 km replaces 34.61 km
rev_e0cec14b64c3,seven_years_war_1756_08_01,TERRESTRIAL_HEX,h6000_q-000584_r+000857,promo_c1d69cca569e,promo_b68466ea22a9,UNRESOLVED,CONTROLLED,,sp_fef06587fead,34.61,12.33,hsrc_c61726597ef3,,Portugal safe interior v3 from the 1751 Vaugondy sheets; positional uncertainty 12.33 km replaces 34.61 km
rev_ce245296ba63,seven_years_war_1756_08_01,TERRESTRIAL_HEX,h6000_q-000583_r+000858,promo_c1d69cca569e,promo_b68466ea22a9,UNRESOLVED,CONTROLLED,,sp_fef06587fead,34.61,12.33,hsrc_c61726597ef3,,Portugal safe interior v3 from the 1751 Vaugondy sheets; positional uncertainty 12.33 km replaces 34.61 km
rev_fb659041a2e6,seven_years_war_1756_08_01,TERRESTRIAL_HEX,h6000_q-000584_r+000858,promo_c1d69cca569e,promo_b68466ea22a9,UNRESOLVED,CONTROLLED,,sp_fef06587fead,34.61,12.33,hsrc_c61726597ef3,,Portugal safe interior v3 from the 1751 Vaugondy sheets; positional uncertainty 12.33 km replaces 34.61 km
rev_c5cbc81b6f32,seven_years_war_1756_08_01,TERRESTRIAL_HEX,h6000_q-000583_r+000859,promo_c1d69cca569e,promo_b68466ea22a9,UNRESOLVED,CONTROLLED,,sp_fef06587fead,34.61,12.33,hsrc_c61726597ef3,,Portugal safe interior v3 from the 1751 Vaugondy sheets; positional uncertainty 12.33 km replaces 34.61 km
rev_3c60f539e5b5,seven_years_war_1756_08_01,TERRESTRIAL_HEX,h6000_q-000586_r+000860,promo_c1d69cca569e,promo_b68466ea22a9,UNRESOLVED,CONTROLLED,,sp_fef06587fead,34.61,12.33,hsrc_c61726597ef3,,Portugal safe interior v3 from the 1751 Vaugondy sheets; positional uncertainty 12.33 km replaces 34.61 km
rev_e926928200f7,seven_years_war_1756_08_01,TERRESTRIAL_HEX,h6000_q-000585_r+000860,promo_c1d69cca569e,promo_b68466ea22a9,UNRESOLVED,CONTROLLED,,sp_fef06587fead,34.61,12.33,hsrc_c61726597ef3,,Portugal safe interior v3 from the 1751 Vaugondy sheets; positional uncertainty 12.33 km replaces 34.61 km
rev_49eaeb4ace46,seven_years_war_1756_08_01,TERRESTRIAL_HEX,h6000_q-000584_r+000860,promo_c1d69cca569e,promo_b68466ea22a9,UNRESOLVED,CONTROLLED,,sp_fef06587fead,34.61,12.33,hsrc_c61726597ef3,,Portugal safe interior v3 from the 1751 Vaugondy sheets; positional uncertainty 12.33 km replaces 34.61 km
rev_49644602d733,seven_years_war_1756_08_01,TERRESTRIAL_HEX,h6000_q-000586_r+000861,promo_c1d69cca569e,promo_b68466ea22a9,UNRESOLVED,CONTROLLED,,sp_fef06587fead,34.61,12.33,hsrc_c61726597ef3,,Portugal safe interior v3 from the 1751 Vaugondy sheets; positional uncertainty 12.33 km replaces 34.61 km
rev_74580b38533e,seven_years_war_1756_08_01,TERRESTRIAL_HEX,h6000_q-000585_r+000861,promo_c1d69cca569e,promo_b68466ea22a9,UNRESOLVED,CONTROLLED,,sp_fef06587fead,34.61,12.33,hsrc_c61726597ef3,,Portugal safe interior v3 from the 1751 Vaugondy sheets; positional uncertainty 12.33 km replaces 34.61 km
rev_06887115cef8,seven_years_war_1756_08_01,TERRESTRIAL_HEX,h6000_q-000584_r+000861,promo_c1d69cca569e,promo_b68466ea22a9,UNRESOLVED,CONTROLLED,,sp_fef06587fead,34.61,12.33,hsrc_c61726597ef3,,Portugal safe interior v3 from the 1751 Vaugondy sheets; positional uncertainty 12.33 km replaces 34.61 km
rev_a0f165b80f4f,seven_years_war_1756_08_01,TERRESTRIAL_HEX,h6000_q-000586_r+000862,promo_c1d69cca569e,promo_b68466ea22a9,UNRESOLVED,CONTROLLED,,sp_fef06587fead,34.61,12.33,hsrc_c61726597ef3,,Portugal safe interior v3 from the 1751 Vaugondy sheets; positional uncertainty 12.33 km replaces 34.61 km
rev_a2d68ccefcd9,seven_years_war_1756_08_01,TERRESTRIAL_HEX,h6000_q-000587_r+000862,promo_c1d69cca569e,promo_b68466ea22a9,UNRESOLVED,CONTROLLED,,sp_fef06587fead,34.61,12.33,hsrc_c61726597ef3,,Portugal safe interior v3 from the 1751 Vaugondy sheets; positional uncertainty 12.33 km replaces 34.61 km
rev_dbf51a5e2f1e,seven_years_war_1756_08_01,TERRESTRIAL_HEX,h6000_q-000585_r+000862,promo_c1d69cca569e,promo_b68466ea22a9,UNRESOLVED,CONTROLLED,,sp_fef06587fead,34.61,12.33,hsrc_c61726597ef3,,Portugal safe interior v3 from the 1751 Vaugondy sheets; positional uncertainty 12.33 km replaces 34.61 km
rev_b6fbbc7f24ae,seven_years_war_1756_08_01,TERRESTRIAL_HEX,h6000_q-000587_r+000860,promo_c1d69cca569e,promo_b68466ea22a9,UNRESOLVED,CONTROLLED,,sp_fef06587fead,34.61,12.33,hsrc_c61726597ef3,,Portugal safe interior v3 from the 1751 Vaugondy sheets; positional uncertainty 12.33 km replaces 34.61 km
rev_66859f76ab0e,seven_years_war_1756_08_01,TERRESTRIAL_HEX,h6000_q-000588_r+000860,promo_c1d69cca569e,promo_b68466ea22a9,UNRESOLVED,CONTROLLED,,sp_fef06587fead,34.61,12.33,hsrc_c61726597ef3,,Portugal safe interior v3 from the 1751 Vaugondy sheets; positional uncertainty 12.33 km replaces 34.61 km
rev_253f392274d4,seven_years_war_1756_08_01,TERRESTRIAL_HEX,h6000_q-000587_r+000861,promo_c1d69cca569e,promo_b68466ea22a9,UNRESOLVED,CONTROLLED,,sp_fef06587fead,34.61,12.33,hsrc_c61726597ef3,,Portugal safe interior v3 from the 1751 Vaugondy sheets; positional uncertainty 12.33 km replaces 34.61 km
rev_aa7c62017fca,seven_years_war_1756_08_01,TERRESTRIAL_HEX,h6000_q-000589_r+000861,promo_c1d69cca569e,promo_b68466ea22a9,UNRESOLVED,CONTROLLED,,sp_fef06587fead,34.61,12.33,hsrc_c61726597ef3,,Portugal safe interior v3 from the 1751 Vaugondy sheets; positional uncertainty 12.33 km replaces 34.61 km
rev_8af2d23b2117,seven_years_war_1756_08_01,TERRESTRIAL_HEX,h6000_q-000588_r+000861,promo_c1d69cca569e,promo_b68466ea22a9,UNRESOLVED,CONTROLLED,,sp_fef06587fead,34.61,12.33,hsrc_c61726597ef3,,Portugal safe interior v3 from the 1751 Vaugondy sheets; positional uncertainty 12.33 km replaces 34.61 km
rev_15f35ba70997,seven_years_war_1756_08_01,TERRESTRIAL_HEX,h6000_q-000590_r+000862,promo_c1d69cca569e,promo_b68466ea22a9,UNRESOLVED,CONTROLLED,,sp_fef06587fead,34.61,12.33,hsrc_c61726597ef3,,Portugal safe interior v3 from the 1751 Vaugondy sheets; positional uncertainty 12.33 km replaces 34.61 km
rev_ebd380f00839,seven_years_war_1756_08_01,TERRESTRIAL_HEX,h6000_q-000588_r+000862,promo_c1d69cca569e,promo_b68466ea22a9,UNRESOLVED,CONTROLLED,,sp_fef06587fead,34.61,12.33,hsrc_c61726597ef3,,Portugal safe interior v3 from the 1751 Vaugondy sheets; positional uncertainty 12.33 km replaces 34.61 km
rev_0f7b392836e3,seven_years_war_1756_08_01,TERRESTRIAL_HEX,h6000_q-000589_r+000862,promo_c1d69cca569e,promo_b68466ea22a9,UNRESOLVED,CONTROLLED,,sp_fef06587fead,34.61,12.33,hsrc_c61726597ef3,,Portugal safe interior v3 from the 1751 Vaugondy sheets; positional uncertainty 12.33 km replaces 34.61 km
rev_af6ada25ceb1,seven_years_war_1756_08_01,TERRESTRIAL_HEX,h6000_q-000579_r+000860,promo_c1d69cca569e,promo_b68466ea22a9,UNRESOLVED,CONTROLLED,,sp_fef06587fead,34.61,12.33,hsrc_c61726597ef3,,Portugal safe interior v3 from the 1751 Vaugondy sheets; positional uncertainty 12.33 km replaces 34.61 km
rev_e681efbefb61,seven_years_war_1756_08_01,TERRESTRIAL_HEX,h6000_q-000578_r+000860,promo_c1d69cca569e,promo_b68466ea22a9,UNRESOLVED,CONTROLLED,,sp_fef06587fead,34.61,12.33,hsrc_c61726597ef3,,Portugal safe interior v3 from the 1751 Vaugondy sheets; positional uncertainty 12.33 km replaces 34.61 km
rev_2e5f9c94831f,seven_years_war_1756_08_01,TERRESTRIAL_HEX,h6000_q-000579_r+000861,promo_c1d69cca569e,promo_b68466ea22a9,UNRESOLVED,CONTROLLED,,sp_fef06587fead,34.61,12.33,hsrc_c61726597ef3,,Portugal safe interior v3 from the 1751 Vaugondy sheets; positional uncertainty 12.33 km replaces 34.61 km
rev_938fd3a2e8f9,seven_years_war_1756_08_01,TERRESTRIAL_HEX,h6000_q-000580_r+000861,promo_c1d69cca569e,promo_b68466ea22a9,UNRESOLVED,CONTROLLED,,sp_fef06587fead,34.61,12.33,hsrc_c61726597ef3,,Portugal safe interior v3 from the 1751 Vaugondy sheets; positional uncertainty 12.33 km replaces 34.61 km
rev_e1934b9ddd99,seven_years_war_1756_08_01,TERRESTRIAL_HEX,h6000_q-000578_r+000861,promo_c1d69cca569e,promo_b68466ea22a9,UNRESOLVED,CONTROLLED,,sp_fef06587fead,34.61,12.33,hsrc_c61726597ef3,,Portugal safe interior v3 from the 1751 Vaugondy sheets; positional uncertainty 12.33 km replaces 34.61 km
rev_94a02c8446c7,seven_years_war_1756_08_01,TERRESTRIAL_HEX,h6000_q-000581_r+000862,promo_c1d69cca569e,promo_b68466ea22a9,UNRESOLVED,CONTROLLED,,sp_fef06587fead,34.61,12.33,hsrc_c61726597ef3,,Portugal safe interior v3 from the 1751 Vaugondy sheets; positional uncertainty 12.33 km replaces 34.61 km
rev_8d886c5123aa,seven_years_war_1756_08_01,TERRESTRIAL_HEX,h6000_q-000579_r+000862,promo_c1d69cca569e,promo_b68466ea22a9,UNRESOLVED,CONTROLLED,,sp_fef06587fead,34.61,12.33,hsrc_c61726597ef3,,Portugal safe interior v3 from the 1751 Vaugondy sheets; positional uncertainty 12.33 km replaces 34.61 km
rev_bed0984a8004,seven_years_war_1756_08_01,TERRESTRIAL_HEX,h6000_q-000580_r+000862,promo_c1d69cca569e,promo_b68466ea22a9,UNRESOLVED,CONTROLLED,,sp_fef06587fead,34.61,12.33,hsrc_c61726597ef3,,Portugal safe interior v3 from the 1751 Vaugondy sheets; positional uncertainty 12.33 km replaces 34.61 km
rev_5b5b69dbc569,seven_years_war_1756_08_01,TERRESTRIAL_HEX,h6000_q-000581_r+000863,promo_c1d69cca569e,promo_b68466ea22a9,UNRESOLVED,CONTROLLED,,sp_fef06587fead,34.61,12.33,hsrc_c61726597ef3,,Portugal safe interior v3 from the 1751 Vaugondy sheets; positional uncertainty 12.33 km replaces 34.61 km
rev_a9a0b0bcc7a1,seven_years_war_1756_08_01,TERRESTRIAL_HEX,h6000_q-000575_r+000860,promo_c1d69cca569e,promo_b68466ea22a9,UNRESOLVED,CONTROLLED,,sp_fef06587fead,34.61,12.33,hsrc_c61726597ef3,,Portugal safe interior v3 from the 1751 Vaugondy sheets; positional uncertainty 12.33 km replaces 34.61 km
rev_052e93dfe4e7,seven_years_war_1756_08_01,TERRESTRIAL_HEX,h6000_q-000576_r+000860,promo_c1d69cca569e,promo_b68466ea22a9,UNRESOLVED,CONTROLLED,,sp_fef06587fead,34.61,12.33,hsrc_c61726597ef3,,Portugal safe interior v3 from the 1751 Vaugondy sheets; positional uncertainty 12.33 km replaces 34.61 km
rev_6df7d8809128,seven_years_war_1756_08_01,TERRESTRIAL_HEX,h6000_q-000577_r+000860,promo_c1d69cca569e,promo_b68466ea22a9,UNRESOLVED,CONTROLLED,,sp_fef06587fead,34.61,12.33,hsrc_c61726597ef3,,Portugal safe interior v3 from the 1751 Vaugondy sheets; positional uncertainty 12.33 km replaces 34.61 km
rev_374b47cd6a18,seven_years_war_1756_08_01,TERRESTRIAL_HEX,h6000_q-000575_r+000861,promo_c1d69cca569e,promo_b68466ea22a9,UNRESOLVED,CONTROLLED,,sp_fef06587fead,34.61,12.33,hsrc_c61726597ef3,,Portugal safe interior v3 from the 1751 Vaugondy sheets; positional uncertainty 12.33 km replaces 34.61 km
rev_25af1c6578ec,seven_years_war_1756_08_01,TERRESTRIAL_HEX,h6000_q-000576_r+000861,promo_c1d69cca569e,promo_b68466ea22a9,UNRESOLVED,CONTROLLED,,sp_fef06587fead,34.61,12.33,hsrc_c61726597ef3,,Portugal safe interior v3 from the 1751 Vaugondy sheets; positional uncertainty 12.33 km replaces 34.61 km
rev_6e612898bff0,seven_years_war_1756_08_01,TERRESTRIAL_HEX,h6000_q-000577_r+000861,promo_c1d69cca569e,promo_b68466ea22a9,UNRESOLVED,CONTROLLED,,sp_fef06587fead,34.61,12.33,hsrc_c61726597ef3,,Portugal safe interior v3 from the 1751 Vaugondy sheets; positional uncertainty 12.33 km replaces 34.61 km
rev_bbb4d5ce85c8,seven_years_war_1756_08_01,TERRESTRIAL_HEX,h6000_q-000578_r+000862,promo_c1d69cca569e,promo_b68466ea22a9,UNRESOLVED,CONTROLLED,,sp_fef06587fead,34.61,12.33,hsrc_c61726597ef3,,Portugal safe interior v3 from the 1751 Vaugondy sheets; positional uncertainty 12.33 km replaces 34.61 km
rev_ad7f268ba1fd,seven_years_war_1756_08_01,TERRESTRIAL_HEX,h6000_q-000577_r+000862,promo_c1d69cca569e,promo_b68466ea22a9,UNRESOLVED,CONTROLLED,,sp_fef06587fead,34.61,12.33,hsrc_c61726597ef3,,Portugal safe interior v3 from the 1751 Vaugondy sheets; positional uncertainty 12.33 km replaces 34.61 km
rev_fd4a03839ab1,seven_years_war_1756_08_01,TERRESTRIAL_HEX,h6000_q-000580_r+000863,promo_c1d69cca569e,promo_b68466ea22a9,UNRESOLVED,CONTROLLED,,sp_fef06587fead,34.61,12.33,hsrc_c61726597ef3,,Portugal safe interior v3 from the 1751 Vaugondy sheets; positional uncertainty 12.33 km replaces 34.61 km
rev_c10ff28318b5,seven_years_war_1756_08_01,TERRESTRIAL_HEX,h6000_q-000579_r+000863,promo_c1d69cca569e,promo_b68466ea22a9,UNRESOLVED,CONTROLLED,,sp_fef06587fead,34.61,12.33,hsrc_c61726597ef3,,Portugal safe interior v3 from the 1751 Vaugondy sheets; positional uncertainty 12.33 km replaces 34.61 km
rev_c66b1de694ba,seven_years_war_1756_08_01,TERRESTRIAL_HEX,h6000_q-000581_r+000864,promo_c1d69cca569e,promo_b68466ea22a9,UNRESOLVED,CONTROLLED,,sp_fef06587fead,34.61,12.33,hsrc_c61726597ef3,,Portugal safe interior v3 from the 1751 Vaugondy sheets; positional uncertainty 12.33 km replaces 34.61 km
rev_44b1f0a33de2,seven_years_war_1756_08_01,TERRESTRIAL_HEX,h6000_q-000582_r+000864,promo_c1d69cca569e,promo_b68466ea22a9,UNRESOLVED,CONTROLLED,,sp_fef06587fead,34.61,12.33,hsrc_c61726597ef3,,Portugal safe interior v3 from the 1751 Vaugondy sheets; positional uncertainty 12.33 km replaces 34.61 km
rev_3cc093f9c773,seven_years_war_1756_08_01,TERRESTRIAL_HEX,h6000_q-000580_r+000864,promo_c1d69cca569e,promo_b68466ea22a9,UNRESOLVED,CONTROLLED,,sp_fef06587fead,34.61,12.33,hsrc_c61726597ef3,,Portugal safe interior v3 from the 1751 Vaugondy sheets; positional uncertainty 12.33 km replaces 34.61 km
rev_b30f1bd2b131,seven_years_war_1756_08_01,TERRESTRIAL_HEX,h6000_q-000582_r+000865,promo_c1d69cca569e,promo_b68466ea22a9,UNRESOLVED,CONTROLLED,,sp_fef06587fead,34.61,12.33,hsrc_c61726597ef3,,Portugal safe interior v3 from the 1751 Vaugondy sheets; positional uncertainty 12.33 km replaces 34.61 km
rev_1d28afd1c69f,seven_years_war_1756_08_01,TERRESTRIAL_HEX,h6000_q-000580_r+000865,promo_c1d69cca569e,promo_b68466ea22a9,UNRESOLVED,CONTROLLED,,sp_fef06587fead,34.61,12.33,hsrc_c61726597ef3,,Portugal safe interior v3 from the 1751 Vaugondy sheets; positional uncertainty 12.33 km replaces 34.61 km
rev_721cf28b5182,seven_years_war_1756_08_01,TERRESTRIAL_HEX,h6000_q-000581_r+000865,promo_c1d69cca569e,promo_b68466ea22a9,UNRESOLVED,CONTROLLED,,sp_fef06587fead,34.61,12.33,hsrc_c61726597ef3,,Portugal safe interior v3 from the 1751 Vaugondy sheets; positional uncertainty 12.33 km replaces 34.61 km
rev_e82408ec8113,seven_years_war_1756_08_01,TERRESTRIAL_HEX,h6000_q-000581_r+000866,promo_c1d69cca569e,promo_b68466ea22a9,UNRESOLVED,CONTROLLED,,sp_fef06587fead,34.61,12.33,hsrc_c61726597ef3,,Portugal safe interior v3 from the 1751 Vaugondy sheets; positional uncertainty 12.33 km replaces 34.61 km
rev_dc46f3ab8356,seven_years_war_1756_08_01,TERRESTRIAL_HEX,h6000_q-000583_r+000866,promo_c1d69cca569e,promo_b68466ea22a9,UNRESOLVED,CONTROLLED,,sp_fef06587fead,34.61,12.33,hsrc_c61726597ef3,,Portugal safe interior v3 from the 1751 Vaugondy sheets; positional uncertainty 12.33 km replaces 34.61 km
rev_a1494c105a23,seven_years_war_1756_08_01,TERRESTRIAL_HEX,h6000_q-000582_r+000863,promo_c1d69cca569e,promo_b68466ea22a9,UNRESOLVED,CONTROLLED,,sp_fef06587fead,34.61,12.33,hsrc_c61726597ef3,,Portugal safe interior v3 from the 1751 Vaugondy sheets; positional uncertainty 12.33 km replaces 34.61 km
rev_75e690220548,seven_years_war_1756_08_01,TERRESTRIAL_HEX,h6000_q-000583_r+000863,promo_c1d69cca569e,promo_b68466ea22a9,UNRESOLVED,CONTROLLED,,sp_fef06587fead,34.61,12.33,hsrc_c61726597ef3,,Portugal safe interior v3 from the 1751 Vaugondy sheets; positional uncertainty 12.33 km replaces 34.61 km
rev_711b2228bbfa,seven_years_war_1756_08_01,TERRESTRIAL_HEX,h6000_q-000584_r+000863,promo_c1d69cca569e,promo_b68466ea22a9,UNRESOLVED,CONTROLLED,,sp_fef06587fead,34.61,12.33,hsrc_c61726597ef3,,Portugal safe interior v3 from the 1751 Vaugondy sheets; positional uncertainty 12.33 km replaces 34.61 km
rev_35f22f8557d3,seven_years_war_1756_08_01,TERRESTRIAL_HEX,h6000_q-000584_r+000864,promo_c1d69cca569e,promo_b68466ea22a9,UNRESOLVED,CONTROLLED,,sp_fef06587fead,34.61,12.33,hsrc_c61726597ef3,,Portugal safe interior v3 from the 1751 Vaugondy sheets; positional uncertainty 12.33 km replaces 34.61 km
rev_17fb9617c747,seven_years_war_1756_08_01,TERRESTRIAL_HEX,h6000_q-000585_r+000864,promo_c1d69cca569e,promo_b68466ea22a9,UNRESOLVED,CONTROLLED,,sp_fef06587fead,34.61,12.33,hsrc_c61726597ef3,,Portugal safe interior v3 from the 1751 Vaugondy sheets; positional uncertainty 12.33 km replaces 34.61 km
rev_a496722f139d,seven_years_war_1756_08_01,TERRESTRIAL_HEX,h6000_q-000583_r+000864,promo_c1d69cca569e,promo_b68466ea22a9,UNRESOLVED,CONTROLLED,,sp_fef06587fead,34.61,12.33,hsrc_c61726597ef3,,Portugal safe interior v3 from the 1751 Vaugondy sheets; positional uncertainty 12.33 km replaces 34.61 km
rev_e66888698e78,seven_years_war_1756_08_01,TERRESTRIAL_HEX,h6000_q-000584_r+000865,promo_c1d69cca569e,promo_b68466ea22a9,UNRESOLVED,CONTROLLED,,sp_fef06587fead,34.61,12.33,hsrc_c61726597ef3,,Portugal safe interior v3 from the 1751 Vaugondy sheets; positional uncertainty 12.33 km replaces 34.61 km
rev_406f88464b72,seven_years_war_1756_08_01,TERRESTRIAL_HEX,h6000_q-000585_r+000865,promo_c1d69cca569e,promo_b68466ea22a9,UNRESOLVED,CONTROLLED,,sp_fef06587fead,34.61,12.33,hsrc_c61726597ef3,,Portugal safe interior v3 from the 1751 Vaugondy sheets; positional uncertainty 12.33 km replaces 34.61 km
rev_23e35e47c433,seven_years_war_1756_08_01,TERRESTRIAL_HEX,h6000_q-000583_r+000865,promo_c1d69cca569e,promo_b68466ea22a9,UNRESOLVED,CONTROLLED,,sp_fef06587fead,34.61,12.33,hsrc_c61726597ef3,,Portugal safe interior v3 from the 1751 Vaugondy sheets; positional uncertainty 12.33 km replaces 34.61 km
rev_f77903171676,seven_years_war_1756_08_01,TERRESTRIAL_HEX,h6000_q-000586_r+000866,promo_c1d69cca569e,promo_b68466ea22a9,UNRESOLVED,CONTROLLED,,sp_fef06587fead,34.61,12.33,hsrc_c61726597ef3,,Portugal safe interior v3 from the 1751 Vaugondy sheets; positional uncertainty 12.33 km replaces 34.61 km
rev_e0a6f704acaa,seven_years_war_1756_08_01,TERRESTRIAL_HEX,h6000_q-000580_r+000866,promo_c1d69cca569e,promo_b68466ea22a9,UNRESOLVED,CONTROLLED,,sp_fef06587fead,34.61,12.33,hsrc_c61726597ef3,,Portugal safe interior v3 from the 1751 Vaugondy sheets; positional uncertainty 12.33 km replaces 34.61 km
rev_1cd0cb2d868d,seven_years_war_1756_08_01,TERRESTRIAL_HEX,h6000_q-000582_r+000866,promo_c1d69cca569e,promo_b68466ea22a9,UNRESOLVED,CONTROLLED,,sp_fef06587fead,34.61,12.33,hsrc_c61726597ef3,,Portugal safe interior v3 from the 1751 Vaugondy sheets; positional uncertainty 12.33 km replaces 34.61 km
rev_c2ac691e7371,seven_years_war_1756_08_01,TERRESTRIAL_HEX,h6000_q-000583_r+000867,promo_c1d69cca569e,promo_b68466ea22a9,UNRESOLVED,CONTROLLED,,sp_fef06587fead,34.61,12.33,hsrc_c61726597ef3,,Portugal safe interior v3 from the 1751 Vaugondy sheets; positional uncertainty 12.33 km replaces 34.61 km
rev_594012a30bf2,seven_years_war_1756_08_01,TERRESTRIAL_HEX,h6000_q-000582_r+000867,promo_c1d69cca569e,promo_b68466ea22a9,UNRESOLVED,CONTROLLED,,sp_fef06587fead,34.61,12.33,hsrc_c61726597ef3,,Portugal safe interior v3 from the 1751 Vaugondy sheets; positional uncertainty 12.33 km replaces 34.61 km
rev_9b74d879cad4,seven_years_war_1756_08_01,TERRESTRIAL_HEX,h6000_q-000581_r+000867,promo_c1d69cca569e,promo_b68466ea22a9,UNRESOLVED,CONTROLLED,,sp_fef06587fead,34.61,12.33,hsrc_c61726597ef3,,Portugal safe interior v3 from the 1751 Vaugondy sheets; positional uncertainty 12.33 km replaces 34.61 km
rev_03dc1b6d87f9,seven_years_war_1756_08_01,TERRESTRIAL_HEX,h6000_q-000582_r+000868,promo_c1d69cca569e,promo_b68466ea22a9,UNRESOLVED,CONTROLLED,,sp_fef06587fead,34.61,12.33,hsrc_c61726597ef3,,Portugal safe interior v3 from the 1751 Vaugondy sheets; positional uncertainty 12.33 km replaces 34.61 km
rev_86f9428bd1c4,seven_years_war_1756_08_01,TERRESTRIAL_HEX,h6000_q-000583_r+000868,promo_c1d69cca569e,promo_b68466ea22a9,UNRESOLVED,CONTROLLED,,sp_fef06587fead,34.61,12.33,hsrc_c61726597ef3,,Portugal safe interior v3 from the 1751 Vaugondy sheets; positional uncertainty 12.33 km replaces 34.61 km
rev_115721932873,seven_years_war_1756_08_01,TERRESTRIAL_HEX,h6000_q-000584_r+000868,promo_c1d69cca569e,promo_b68466ea22a9,UNRESOLVED,CONTROLLED,,sp_fef06587fead,34.61,12.33,hsrc_c61726597ef3,,Portugal safe interior v3 from the 1751 Vaugondy sheets; positional uncertainty 12.33 km replaces 34.61 km
rev_9b702498b836,seven_years_war_1756_08_01,TERRESTRIAL_HEX,h6000_q-000583_r+000869,promo_c1d69cca569e,promo_b68466ea22a9,UNRESOLVED,CONTROLLED,,sp_fef06587fead,34.61,12.33,hsrc_c61726597ef3,,Portugal safe interior v3 from the 1751 Vaugondy sheets; positional uncertainty 12.33 km replaces 34.61 km
rev_ac27032b8fed,seven_years_war_1756_08_01,TERRESTRIAL_HEX,h6000_q-000584_r+000869,promo_c1d69cca569e,promo_b68466ea22a9,UNRESOLVED,CONTROLLED,,sp_fef06587fead,34.61,12.33,hsrc_c61726597ef3,,Portugal safe interior v3 from the 1751 Vaugondy sheets; positional uncertainty 12.33 km replaces 34.61 km
rev_333d64d19a72,seven_years_war_1756_08_01,TERRESTRIAL_HEX,h6000_q-000582_r+000869,promo_c1d69cca569e,promo_b68466ea22a9,UNRESOLVED,CONTROLLED,,sp_fef06587fead,34.61,12.33,hsrc_c61726597ef3,,Portugal safe interior v3 from the 1751 Vaugondy sheets; positional uncertainty 12.33 km replaces 34.61 km
rev_29608b080d14,seven_years_war_1756_08_01,TERRESTRIAL_HEX,h6000_q-000585_r+000866,promo_c1d69cca569e,promo_b68466ea22a9,UNRESOLVED,CONTROLLED,,sp_fef06587fead,34.61,12.33,hsrc_c61726597ef3,,Portugal safe interior v3 from the 1751 Vaugondy sheets; positional uncertainty 12.33 km replaces 34.61 km
rev_b64ca4abf899,seven_years_war_1756_08_01,TERRESTRIAL_HEX,h6000_q-000584_r+000866,promo_c1d69cca569e,promo_b68466ea22a9,UNRESOLVED,CONTROLLED,,sp_fef06587fead,34.61,12.33,hsrc_c61726597ef3,,Portugal safe interior v3 from the 1751 Vaugondy sheets; positional uncertainty 12.33 km replaces 34.61 km
rev_26676176a25c,seven_years_war_1756_08_01,TERRESTRIAL_HEX,h6000_q-000584_r+000867,promo_c1d69cca569e,promo_b68466ea22a9,UNRESOLVED,CONTROLLED,,sp_fef06587fead,34.61,12.33,hsrc_c61726597ef3,,Portugal safe interior v3 from the 1751 Vaugondy sheets; positional uncertainty 12.33 km replaces 34.61 km
rev_0104b630b08f,seven_years_war_1756_08_01,TERRESTRIAL_HEX,h6000_q-000586_r+000867,promo_c1d69cca569e,promo_b68466ea22a9,UNRESOLVED,CONTROLLED,,sp_fef06587fead,34.61,12.33,hsrc_c61726597ef3,,Portugal safe interior v3 from the 1751 Vaugondy sheets; positional uncertainty 12.33 km replaces 34.61 km
rev_387715bd54a9,seven_years_war_1756_08_01,TERRESTRIAL_HEX,h6000_q-000585_r+000867,promo_c1d69cca569e,promo_b68466ea22a9,UNRESOLVED,CONTROLLED,,sp_fef06587fead,34.61,12.33,hsrc_c61726597ef3,,Portugal safe interior v3 from the 1751 Vaugondy sheets; positional uncertainty 12.33 km replaces 34.61 km
rev_8d2fdfc66829,seven_years_war_1756_08_01,TERRESTRIAL_HEX,h6000_q-000585_r+000868,promo_c1d69cca569e,promo_b68466ea22a9,UNRESOLVED,CONTROLLED,,sp_fef06587fead,34.61,12.33,hsrc_c61726597ef3,,Portugal safe interior v3 from the 1751 Vaugondy sheets; positional uncertainty 12.33 km replaces 34.61 km
rev_200dfcd928d6,seven_years_war_1756_08_01,TERRESTRIAL_HEX,h6000_q-000586_r+000868,promo_c1d69cca569e,promo_b68466ea22a9,UNRESOLVED,CONTROLLED,,sp_fef06587fead,34.61,12.33,hsrc_c61726597ef3,,Portugal safe interior v3 from the 1751 Vaugondy sheets; positional uncertainty 12.33 km replaces 34.61 km
rev_53e72332b8fd,seven_years_war_1756_08_01,TERRESTRIAL_HEX,h6000_q-000587_r+000868,promo_c1d69cca569e,promo_b68466ea22a9,UNRESOLVED,CONTROLLED,,sp_fef06587fead,34.61,12.33,hsrc_c61726597ef3,,Portugal safe interior v3 from the 1751 Vaugondy sheets; positional uncertainty 12.33 km replaces 34.61 km
rev_e271b3e2e929,seven_years_war_1756_08_01,TERRESTRIAL_HEX,h6000_q-000586_r+000869,promo_c1d69cca569e,promo_b68466ea22a9,UNRESOLVED,CONTROLLED,,sp_fef06587fead,34.61,12.33,hsrc_c61726597ef3,,Portugal safe interior v3 from the 1751 Vaugondy sheets; positional uncertainty 12.33 km replaces 34.61 km
rev_dc6b9822a92f,seven_years_war_1756_08_01,TERRESTRIAL_HEX,h6000_q-000585_r+000869,promo_c1d69cca569e,promo_b68466ea22a9,UNRESOLVED,CONTROLLED,,sp_fef06587fead,34.61,12.33,hsrc_c61726597ef3,,Portugal safe interior v3 from the 1751 Vaugondy sheets; positional uncertainty 12.33 km replaces 34.61 km
rev_d1beaab25bb6,seven_years_war_1756_08_01,TERRESTRIAL_HEX,h6000_q-000581_r+000868,promo_c1d69cca569e,promo_b68466ea22a9,UNRESOLVED,CONTROLLED,,sp_fef06587fead,34.61,12.33,hsrc_c61726597ef3,,Portugal safe interior v3 from the 1751 Vaugondy sheets; positional uncertainty 12.33 km replaces 34.61 km
rev_c303f7040cad,seven_years_war_1756_08_01,TERRESTRIAL_HEX,h6000_q-000581_r+000869,promo_c1d69cca569e,promo_b68466ea22a9,UNRESOLVED,CONTROLLED,,sp_fef06587fead,34.61,12.33,hsrc_c61726597ef3,,Portugal safe interior v3 from the 1751 Vaugondy sheets; positional uncertainty 12.33 km replaces 34.61 km
rev_2a8d365b966a,seven_years_war_1756_08_01,TERRESTRIAL_HEX,h6000_q-000587_r+000869,promo_c1d69cca569e,promo_b68466ea22a9,UNRESOLVED,CONTROLLED,,sp_fef06587fead,34.61,12.33,hsrc_c61726597ef3,,Portugal safe interior v3 from the 1751 Vaugondy sheets; positional uncertainty 12.33 km replaces 34.61 km
rev_97276f0389e0,seven_years_war_1756_08_01,TERRESTRIAL_HEX,h6000_q-000588_r+000870,promo_c1d69cca569e,promo_b68466ea22a9,UNRESOLVED,CONTROLLED,,sp_fef06587fead,34.61,12.33,hsrc_c61726597ef3,,Portugal safe interior v3 from the 1751 Vaugondy sheets; positional uncertainty 12.33 km replaces 34.61 km
rev_dce42f7ec5d3,seven_years_war_1756_08_01,TERRESTRIAL_HEX,h6000_q-000586_r+000870,promo_7c95358cf0a4,promo_b68466ea22a9,UNRESOLVED,CONTROLLED,,sp_fef06587fead,34.61,12.33,hsrc_c61726597ef3,,Portugal safe interior v3 from the 1751 Vaugondy sheets; positional uncertainty 12.33 km replaces 34.61 km
rev_afc85bebe25d,seven_years_war_1756_08_01,TERRESTRIAL_HEX,h6000_q-000587_r+000870,promo_c1d69cca569e,promo_b68466ea22a9,UNRESOLVED,CONTROLLED,,sp_fef06587fead,34.61,12.33,hsrc_c61726597ef3,,Portugal safe interior v3 from the 1751 Vaugondy sheets; positional uncertainty 12.33 km replaces 34.61 km
rev_4a3b50afbe89,seven_years_war_1756_08_01,TERRESTRIAL_HEX,h6000_q-000587_r+000871,promo_7c95358cf0a4,promo_b68466ea22a9,UNRESOLVED,CONTROLLED,,sp_fef06587fead,34.61,12.33,hsrc_c61726597ef3,,Portugal safe interior v3 from the 1751 Vaugondy sheets; positional uncertainty 12.33 km replaces 34.61 km
rev_34d0d0f4334a,seven_years_war_1756_08_01,TERRESTRIAL_HEX,h6000_q-000588_r+000871,promo_7c95358cf0a4,promo_b68466ea22a9,UNRESOLVED,CONTROLLED,,sp_fef06587fead,34.61,12.33,hsrc_c61726597ef3,,Portugal safe interior v3 from the 1751 Vaugondy sheets; positional uncertainty 12.33 km replaces 34.61 km
rev_4faec760134d,seven_years_war_1756_08_01,TERRESTRIAL_HEX,h6000_q-000586_r+000871,promo_7c95358cf0a4,promo_b68466ea22a9,UNRESOLVED,CONTROLLED,,sp_fef06587fead,34.61,12.33,hsrc_c61726597ef3,,Portugal safe interior v3 from the 1751 Vaugondy sheets; positional uncertainty 12.33 km replaces 34.61 km
rev_f18ee22efeeb,seven_years_war_1756_08_01,TERRESTRIAL_HEX,h6000_q-000589_r+000872,promo_7c95358cf0a4,promo_b68466ea22a9,UNRESOLVED,CONTROLLED,,sp_fef06587fead,34.61,12.33,hsrc_c61726597ef3,,Portugal safe interior v3 from the 1751 Vaugondy sheets; positional uncertainty 12.33 km replaces 34.61 km
rev_c80c396ca4d3,seven_years_war_1756_08_01,TERRESTRIAL_HEX,h6000_q-000587_r+000872,promo_7c95358cf0a4,promo_b68466ea22a9,UNRESOLVED,CONTROLLED,,sp_fef06587fead,34.61,12.33,hsrc_c61726597ef3,,Portugal safe interior v3 from the 1751 Vaugondy sheets; positional uncertainty 12.33 km replaces 34.61 km
rev_f1b5d299f87a,seven_years_war_1756_08_01,TERRESTRIAL_HEX,h6000_q-000588_r+000872,promo_7c95358cf0a4,promo_b68466ea22a9,UNRESOLVED,CONTROLLED,,sp_fef06587fead,34.61,12.33,hsrc_c61726597ef3,,Portugal safe interior v3 from the 1751 Vaugondy sheets; positional uncertainty 12.33 km replaces 34.61 km
rev_31076af0a5aa,seven_years_war_1756_08_01,TERRESTRIAL_HEX,h6000_q-000583_r+000870,promo_7c95358cf0a4,promo_b68466ea22a9,UNRESOLVED,CONTROLLED,,sp_fef06587fead,34.61,12.33,hsrc_c61726597ef3,,Portugal safe interior v3 from the 1751 Vaugondy sheets; positional uncertainty 12.33 km replaces 34.61 km
rev_6f6fdc976e9d,seven_years_war_1756_08_01,TERRESTRIAL_HEX,h6000_q-000584_r+000870,promo_7c95358cf0a4,promo_b68466ea22a9,UNRESOLVED,CONTROLLED,,sp_fef06587fead,34.61,12.33,hsrc_c61726597ef3,,Portugal safe interior v3 from the 1751 Vaugondy sheets; positional uncertainty 12.33 km replaces 34.61 km
rev_178f32cdec58,seven_years_war_1756_08_01,TERRESTRIAL_HEX,h6000_q-000585_r+000870,promo_7c95358cf0a4,promo_b68466ea22a9,UNRESOLVED,CONTROLLED,,sp_fef06587fead,34.61,12.33,hsrc_c61726597ef3,,Portugal safe interior v3 from the 1751 Vaugondy sheets; positional uncertainty 12.33 km replaces 34.61 km
rev_07bdb9971c3e,seven_years_war_1756_08_01,TERRESTRIAL_HEX,h6000_q-000585_r+000871,promo_7c95358cf0a4,promo_b68466ea22a9,UNRESOLVED,CONTROLLED,,sp_fef06587fead,34.61,12.33,hsrc_c61726597ef3,,Portugal safe interior v3 from the 1751 Vaugondy sheets; positional uncertainty 12.33 km replaces 34.61 km
rev_969e6e85d8e4,seven_years_war_1756_08_01,TERRESTRIAL_HEX,h6000_q-000584_r+000871,promo_7c95358cf0a4,promo_b68466ea22a9,UNRESOLVED,CONTROLLED,,sp_fef06587fead,34.61,12.33,hsrc_c61726597ef3,,Portugal safe interior v3 from the 1751 Vaugondy sheets; positional uncertainty 12.33 km replaces 34.61 km
rev_15ebfb6a502f,seven_years_war_1756_08_01,TERRESTRIAL_HEX,h6000_q-000583_r+000871,promo_7c95358cf0a4,promo_b68466ea22a9,UNRESOLVED,CONTROLLED,,sp_fef06587fead,34.61,12.33,hsrc_c61726597ef3,,Portugal safe interior v3 from the 1751 Vaugondy sheets; positional uncertainty 12.33 km replaces 34.61 km
rev_5173b6c9b2ef,seven_years_war_1756_08_01,TERRESTRIAL_HEX,h6000_q-000586_r+000872,promo_7c95358cf0a4,promo_b68466ea22a9,UNRESOLVED,CONTROLLED,,sp_fef06587fead,34.61,12.33,hsrc_c61726597ef3,,Portugal safe interior v3 from the 1751 Vaugondy sheets; positional uncertainty 12.33 km replaces 34.61 km
rev_b61dbcf3b765,seven_years_war_1756_08_01,TERRESTRIAL_HEX,h6000_q-000584_r+000872,promo_7c95358cf0a4,promo_b68466ea22a9,UNRESOLVED,CONTROLLED,,sp_fef06587fead,34.61,12.33,hsrc_c61726597ef3,,Portugal safe interior v3 from the 1751 Vaugondy sheets; positional uncertainty 12.33 km replaces 34.61 km
rev_d76ee6756856,seven_years_war_1756_08_01,TERRESTRIAL_HEX,h6000_q-000585_r+000872,promo_7c95358cf0a4,promo_b68466ea22a9,UNRESOLVED,CONTROLLED,,sp_fef06587fead,34.61,12.33,hsrc_c61726597ef3,,Portugal safe interior v3 from the 1751 Vaugondy sheets; positional uncertainty 12.33 km replaces 34.61 km
rev_e523134898b5,seven_years_war_1756_08_01,TERRESTRIAL_HEX,h6000_q-000584_r+000873,promo_7c95358cf0a4,promo_b68466ea22a9,UNRESOLVED,CONTROLLED,,sp_fef06587fead,34.61,12.33,hsrc_c61726597ef3,,Portugal safe interior v3 from the 1751 Vaugondy sheets; positional uncertainty 12.33 km replaces 34.61 km
rev_f0c85baf708f,seven_years_war_1756_08_01,TERRESTRIAL_HEX,h6000_q-000586_r+000863,promo_c1d69cca569e,promo_b68466ea22a9,UNRESOLVED,CONTROLLED,,sp_fef06587fead,34.61,12.33,hsrc_c61726597ef3,,Portugal safe interior v3 from the 1751 Vaugondy sheets; positional uncertainty 12.33 km replaces 34.61 km
rev_69e7be7e4707,seven_years_war_1756_08_01,TERRESTRIAL_HEX,h6000_q-000587_r+000863,promo_c1d69cca569e,promo_b68466ea22a9,UNRESOLVED,CONTROLLED,,sp_fef06587fead,34.61,12.33,hsrc_c61726597ef3,,Portugal safe interior v3 from the 1751 Vaugondy sheets; positional uncertainty 12.33 km replaces 34.61 km
rev_a27d40e0c317,seven_years_war_1756_08_01,TERRESTRIAL_HEX,h6000_q-000585_r+000863,promo_c1d69cca569e,promo_b68466ea22a9,UNRESOLVED,CONTROLLED,,sp_fef06587fead,34.61,12.33,hsrc_c61726597ef3,,Portugal safe interior v3 from the 1751 Vaugondy sheets; positional uncertainty 12.33 km replaces 34.61 km
rev_d9ac68c1bc98,seven_years_war_1756_08_01,TERRESTRIAL_HEX,h6000_q-000587_r+000864,promo_c1d69cca569e,promo_b68466ea22a9,UNRESOLVED,CONTROLLED,,sp_fef06587fead,34.61,12.33,hsrc_c61726597ef3,,Portugal safe interior v3 from the 1751 Vaugondy sheets; positional uncertainty 12.33 km replaces 34.61 km
rev_8baff4902a1b,seven_years_war_1756_08_01,TERRESTRIAL_HEX,h6000_q-000588_r+000864,promo_c1d69cca569e,promo_b68466ea22a9,UNRESOLVED,CONTROLLED,,sp_fef06587fead,34.61,12.33,hsrc_c61726597ef3,,Portugal safe interior v3 from the 1751 Vaugondy sheets; positional uncertainty 12.33 km replaces 34.61 km
rev_9a92e50d59ef,seven_years_war_1756_08_01,TERRESTRIAL_HEX,h6000_q-000586_r+000864,promo_c1d69cca569e,promo_b68466ea22a9,UNRESOLVED,CONTROLLED,,sp_fef06587fead,34.61,12.33,hsrc_c61726597ef3,,Portugal safe interior v3 from the 1751 Vaugondy sheets; positional uncertainty 12.33 km replaces 34.61 km
rev_c31038a0e61c,seven_years_war_1756_08_01,TERRESTRIAL_HEX,h6000_q-000587_r+000865,promo_c1d69cca569e,promo_b68466ea22a9,UNRESOLVED,CONTROLLED,,sp_fef06587fead,34.61,12.33,hsrc_c61726597ef3,,Portugal safe interior v3 from the 1751 Vaugondy sheets; positional uncertainty 12.33 km replaces 34.61 km
rev_7b998d32e8e5,seven_years_war_1756_08_01,TERRESTRIAL_HEX,h6000_q-000588_r+000865,promo_c1d69cca569e,promo_b68466ea22a9,UNRESOLVED,CONTROLLED,,sp_fef06587fead,34.61,12.33,hsrc_c61726597ef3,,Portugal safe interior v3 from the 1751 Vaugondy sheets; positional uncertainty 12.33 km replaces 34.61 km
rev_749f407037f5,seven_years_war_1756_08_01,TERRESTRIAL_HEX,h6000_q-000586_r+000865,promo_c1d69cca569e,promo_b68466ea22a9,UNRESOLVED,CONTROLLED,,sp_fef06587fead,34.61,12.33,hsrc_c61726597ef3,,Portugal safe interior v3 from the 1751 Vaugondy sheets; positional uncertainty 12.33 km replaces 34.61 km
rev_224d8703c397,seven_years_war_1756_08_01,TERRESTRIAL_HEX,h6000_q-000587_r+000866,promo_c1d69cca569e,promo_b68466ea22a9,UNRESOLVED,CONTROLLED,,sp_fef06587fead,34.61,12.33,hsrc_c61726597ef3,,Portugal safe interior v3 from the 1751 Vaugondy sheets; positional uncertainty 12.33 km replaces 34.61 km
rev_3a92fc2b23b8,seven_years_war_1756_08_01,TERRESTRIAL_HEX,h6000_q-000588_r+000863,promo_c1d69cca569e,promo_b68466ea22a9,UNRESOLVED,CONTROLLED,,sp_fef06587fead,34.61,12.33,hsrc_c61726597ef3,,Portugal safe interior v3 from the 1751 Vaugondy sheets; positional uncertainty 12.33 km replaces 34.61 km
rev_9d61d1af3e66,seven_years_war_1756_08_01,TERRESTRIAL_HEX,h6000_q-000589_r+000863,promo_c1d69cca569e,promo_b68466ea22a9,UNRESOLVED,CONTROLLED,,sp_fef06587fead,34.61,12.33,hsrc_c61726597ef3,,Portugal safe interior v3 from the 1751 Vaugondy sheets; positional uncertainty 12.33 km replaces 34.61 km
rev_28515c9bd883,seven_years_war_1756_08_01,TERRESTRIAL_HEX,h6000_q-000590_r+000863,promo_c1d69cca569e,promo_b68466ea22a9,UNRESOLVED,CONTROLLED,,sp_fef06587fead,34.61,12.33,hsrc_c61726597ef3,,Portugal safe interior v3 from the 1751 Vaugondy sheets; positional uncertainty 12.33 km replaces 34.61 km
rev_3c58f9bbf724,seven_years_war_1756_08_01,TERRESTRIAL_HEX,h6000_q-000590_r+000864,promo_c1d69cca569e,promo_b68466ea22a9,UNRESOLVED,CONTROLLED,,sp_fef06587fead,34.61,12.33,hsrc_c61726597ef3,,Portugal safe interior v3 from the 1751 Vaugondy sheets; positional uncertainty 12.33 km replaces 34.61 km
rev_7b284e8036f7,seven_years_war_1756_08_01,TERRESTRIAL_HEX,h6000_q-000589_r+000864,promo_c1d69cca569e,promo_b68466ea22a9,UNRESOLVED,CONTROLLED,,sp_fef06587fead,34.61,12.33,hsrc_c61726597ef3,,Portugal safe interior v3 from the 1751 Vaugondy sheets; positional uncertainty 12.33 km replaces 34.61 km
rev_31015d1313cd,seven_years_war_1756_08_01,TERRESTRIAL_HEX,h6000_q-000591_r+000864,promo_c1d69cca569e,promo_b68466ea22a9,UNRESOLVED,CONTROLLED,,sp_fef06587fead,34.61,12.33,hsrc_c61726597ef3,,Portugal safe interior v3 from the 1751 Vaugondy sheets; positional uncertainty 12.33 km replaces 34.61 km
rev_14f2d33b138c,seven_years_war_1756_08_01,TERRESTRIAL_HEX,h6000_q-000589_r+000865,promo_c1d69cca569e,promo_b68466ea22a9,UNRESOLVED,CONTROLLED,,sp_fef06587fead,34.61,12.33,hsrc_c61726597ef3,,Portugal safe interior v3 from the 1751 Vaugondy sheets; positional uncertainty 12.33 km replaces 34.61 km
rev_c56a4d32bf0d,seven_years_war_1756_08_01,TERRESTRIAL_HEX,h6000_q-000591_r+000865,promo_c1d69cca569e,promo_b68466ea22a9,UNRESOLVED,CONTROLLED,,sp_fef06587fead,34.61,12.33,hsrc_c61726597ef3,,Portugal safe interior v3 from the 1751 Vaugondy sheets; positional uncertainty 12.33 km replaces 34.61 km
rev_1bfbd46b25d2,seven_years_war_1756_08_01,TERRESTRIAL_HEX,h6000_q-000588_r+000866,promo_c1d69cca569e,promo_b68466ea22a9,UNRESOLVED,CONTROLLED,,sp_fef06587fead,34.61,12.33,hsrc_c61726597ef3,,Portugal safe interior v3 from the 1751 Vaugondy sheets; positional uncertainty 12.33 km replaces 34.61 km
rev_ce97d6af52b5,seven_years_war_1756_08_01,TERRESTRIAL_HEX,h6000_q-000587_r+000867,promo_c1d69cca569e,promo_b68466ea22a9,UNRESOLVED,CONTROLLED,,sp_fef06587fead,34.61,12.33,hsrc_c61726597ef3,,Portugal safe interior v3 from the 1751 Vaugondy sheets; positional uncertainty 12.33 km replaces 34.61 km
rev_259230eac2ad,seven_years_war_1756_08_01,TERRESTRIAL_HEX,h6000_q-000589_r+000867,promo_c1d69cca569e,promo_b68466ea22a9,UNRESOLVED,CONTROLLED,,sp_fef06587fead,34.61,12.33,hsrc_c61726597ef3,,Portugal safe interior v3 from the 1751 Vaugondy sheets; positional uncertainty 12.33 km replaces 34.61 km
rev_196ea3cff514,seven_years_war_1756_08_01,TERRESTRIAL_HEX,h6000_q-000588_r+000867,promo_c1d69cca569e,promo_b68466ea22a9,UNRESOLVED,CONTROLLED,,sp_fef06587fead,34.61,12.33,hsrc_c61726597ef3,,Portugal safe interior v3 from the 1751 Vaugondy sheets; positional uncertainty 12.33 km replaces 34.61 km
rev_c8268f941655,seven_years_war_1756_08_01,TERRESTRIAL_HEX,h6000_q-000588_r+000868,promo_c1d69cca569e,promo_b68466ea22a9,UNRESOLVED,CONTROLLED,,sp_fef06587fead,34.61,12.33,hsrc_c61726597ef3,,Portugal safe interior v3 from the 1751 Vaugondy sheets; positional uncertainty 12.33 km replaces 34.61 km
rev_70f39fd3830d,seven_years_war_1756_08_01,TERRESTRIAL_HEX,h6000_q-000589_r+000868,promo_c1d69cca569e,promo_b68466ea22a9,UNRESOLVED,CONTROLLED,,sp_fef06587fead,34.61,12.33,hsrc_c61726597ef3,,Portugal safe interior v3 from the 1751 Vaugondy sheets; positional uncertainty 12.33 km replaces 34.61 km
rev_3cbf3498a665,seven_years_war_1756_08_01,TERRESTRIAL_HEX,h6000_q-000588_r+000869,promo_c1d69cca569e,promo_b68466ea22a9,UNRESOLVED,CONTROLLED,,sp_fef06587fead,34.61,12.33,hsrc_c61726597ef3,,Portugal safe interior v3 from the 1751 Vaugondy sheets; positional uncertainty 12.33 km replaces 34.61 km
rev_22779073f572,seven_years_war_1756_08_01,TERRESTRIAL_HEX,h6000_q-000592_r+000866,promo_c1d69cca569e,promo_b68466ea22a9,UNRESOLVED,CONTROLLED,,sp_fef06587fead,34.61,12.33,hsrc_c61726597ef3,,Portugal safe interior v3 from the 1751 Vaugondy sheets; positional uncertainty 12.33 km replaces 34.61 km
rev_e6e4fdedab65,seven_years_war_1756_08_01,TERRESTRIAL_HEX,h6000_q-000592_r+000868,promo_c1d69cca569e,promo_b68466ea22a9,UNRESOLVED,CONTROLLED,,sp_fef06587fead,34.61,12.33,hsrc_c61726597ef3,,Portugal safe interior v3 from the 1751 Vaugondy sheets; positional uncertainty 12.33 km replaces 34.61 km
rev_4c5e252aac09,seven_years_war_1756_08_01,TERRESTRIAL_HEX,h6000_q-000589_r+000869,promo_c1d69cca569e,promo_b68466ea22a9,UNRESOLVED,CONTROLLED,,sp_fef06587fead,34.61,12.33,hsrc_c61726597ef3,,Portugal safe interior v3 from the 1751 Vaugondy sheets; positional uncertainty 12.33 km replaces 34.61 km
rev_c2bd1c921504,seven_years_war_1756_08_01,TERRESTRIAL_HEX,h6000_q-000590_r+000870,promo_c1d69cca569e,promo_b68466ea22a9,UNRESOLVED,CONTROLLED,,sp_fef06587fead,34.61,12.33,hsrc_c61726597ef3,,Portugal safe interior v3 from the 1751 Vaugondy sheets; positional uncertainty 12.33 km replaces 34.61 km
rev_f12f3368f083,seven_years_war_1756_08_01,TERRESTRIAL_HEX,h6000_q-000589_r+000870,promo_c1d69cca569e,promo_b68466ea22a9,UNRESOLVED,CONTROLLED,,sp_fef06587fead,34.61,12.33,hsrc_c61726597ef3,,Portugal safe interior v3 from the 1751 Vaugondy sheets; positional uncertainty 12.33 km replaces 34.61 km
rev_c5c2903e98d0,seven_years_war_1756_08_01,TERRESTRIAL_HEX,h6000_q-000589_r+000871,promo_c1d69cca569e,promo_b68466ea22a9,UNRESOLVED,CONTROLLED,,sp_fef06587fead,34.61,12.33,hsrc_c61726597ef3,,Portugal safe interior v3 from the 1751 Vaugondy sheets; positional uncertainty 12.33 km replaces 34.61 km
rev_60547f437d35,seven_years_war_1756_08_01,TERRESTRIAL_HEX,h6000_q-000590_r+000871,promo_c1d69cca569e,promo_b68466ea22a9,UNRESOLVED,CONTROLLED,,sp_fef06587fead,34.61,12.33,hsrc_c61726597ef3,,Portugal safe interior v3 from the 1751 Vaugondy sheets; positional uncertainty 12.33 km replaces 34.61 km
rev_0e014c60dfbd,seven_years_war_1756_08_01,TERRESTRIAL_HEX,h6000_q-000591_r+000872,promo_c1d69cca569e,promo_b68466ea22a9,UNRESOLVED,CONTROLLED,,sp_fef06587fead,34.61,12.33,hsrc_c61726597ef3,,Portugal safe interior v3 from the 1751 Vaugondy sheets; positional uncertainty 12.33 km replaces 34.61 km
rev_7f13a807f533,seven_years_war_1756_08_01,TERRESTRIAL_HEX,h6000_q-000590_r+000872,promo_7c95358cf0a4,promo_b68466ea22a9,UNRESOLVED,CONTROLLED,,sp_fef06587fead,34.61,12.33,hsrc_c61726597ef3,,Portugal safe interior v3 from the 1751 Vaugondy sheets; positional uncertainty 12.33 km replaces 34.61 km
rev_8a571ac144a0,seven_years_war_1756_08_01,TERRESTRIAL_HEX,h6000_q-000592_r+000869,promo_c1d69cca569e,promo_b68466ea22a9,UNRESOLVED,CONTROLLED,,sp_fef06587fead,34.61,12.33,hsrc_c61726597ef3,,Portugal safe interior v3 from the 1751 Vaugondy sheets; positional uncertainty 12.33 km replaces 34.61 km
rev_f1b055224c45,seven_years_war_1756_08_01,TERRESTRIAL_HEX,h6000_q-000593_r+000870,promo_c1d69cca569e,promo_b68466ea22a9,UNRESOLVED,CONTROLLED,,sp_fef06587fead,34.61,12.33,hsrc_c61726597ef3,,Portugal safe interior v3 from the 1751 Vaugondy sheets; positional uncertainty 12.33 km replaces 34.61 km
rev_24717764913b,seven_years_war_1756_08_01,TERRESTRIAL_HEX,h6000_q-000592_r+000870,promo_c1d69cca569e,promo_b68466ea22a9,UNRESOLVED,CONTROLLED,,sp_fef06587fead,34.61,12.33,hsrc_c61726597ef3,,Portugal safe interior v3 from the 1751 Vaugondy sheets; positional uncertainty 12.33 km replaces 34.61 km
rev_8eb84ae31c93,seven_years_war_1756_08_01,TERRESTRIAL_HEX,h6000_q-000593_r+000871,promo_c1d69cca569e,promo_b68466ea22a9,UNRESOLVED,CONTROLLED,,sp_fef06587fead,34.61,12.33,hsrc_c61726597ef3,,Portugal safe interior v3 from the 1751 Vaugondy sheets; positional uncertainty 12.33 km replaces 34.61 km
rev_df3769ebefd6,seven_years_war_1756_08_01,TERRESTRIAL_HEX,h6000_q-000594_r+000871,promo_c1d69cca569e,promo_b68466ea22a9,UNRESOLVED,CONTROLLED,,sp_fef06587fead,34.61,12.33,hsrc_c61726597ef3,,Portugal safe interior v3 from the 1751 Vaugondy sheets; positional uncertainty 12.33 km replaces 34.61 km
rev_b3f20aa9b914,seven_years_war_1756_08_01,TERRESTRIAL_HEX,h6000_q-000594_r+000872,promo_c1d69cca569e,promo_b68466ea22a9,UNRESOLVED,CONTROLLED,,sp_fef06587fead,34.61,12.33,hsrc_c61726597ef3,,Portugal safe interior v3 from the 1751 Vaugondy sheets; positional uncertainty 12.33 km replaces 34.61 km
rev_0e10f8a6a06e,seven_years_war_1756_08_01,TERRESTRIAL_HEX,h6000_q-000593_r+000872,promo_c1d69cca569e,promo_b68466ea22a9,UNRESOLVED,CONTROLLED,,sp_fef06587fead,34.61,12.33,hsrc_c61726597ef3,,Portugal safe interior v3 from the 1751 Vaugondy sheets; positional uncertainty 12.33 km replaces 34.61 km
rev_e94cc4f2b722,seven_years_war_1756_08_01,TERRESTRIAL_HEX,h6000_q-000595_r+000873,promo_c1d69cca569e,promo_b68466ea22a9,UNRESOLVED,CONTROLLED,,sp_fef06587fead,34.61,12.33,hsrc_c61726597ef3,,Portugal safe interior v3 from the 1751 Vaugondy sheets; positional uncertainty 12.33 km replaces 34.61 km
rev_8e94f8dedc4d,seven_years_war_1756_08_01,TERRESTRIAL_HEX,h6000_q-000594_r+000873,promo_c1d69cca569e,promo_b68466ea22a9,UNRESOLVED,CONTROLLED,,sp_fef06587fead,34.61,12.33,hsrc_c61726597ef3,,Portugal safe interior v3 from the 1751 Vaugondy sheets; positional uncertainty 12.33 km replaces 34.61 km
rev_843e7387a4ba,seven_years_war_1756_08_01,TERRESTRIAL_HEX,h6000_q-000596_r+000874,promo_c1d69cca569e,promo_b68466ea22a9,UNRESOLVED,CONTROLLED,,sp_fef06587fead,34.61,12.33,hsrc_c61726597ef3,,Portugal safe interior v3 from the 1751 Vaugondy sheets; positional uncertainty 12.33 km replaces 34.61 km
rev_385f5131014e,seven_years_war_1756_08_01,TERRESTRIAL_HEX,h6000_q-000595_r+000874,promo_c1d69cca569e,promo_b68466ea22a9,UNRESOLVED,CONTROLLED,,sp_fef06587fead,34.61,12.33,hsrc_c61726597ef3,,Portugal safe interior v3 from the 1751 Vaugondy sheets; positional uncertainty 12.33 km replaces 34.61 km
rev_12bc0d0726c2,seven_years_war_1756_08_01,TERRESTRIAL_HEX,h6000_q-000581_r+000870,promo_7c95358cf0a4,promo_b68466ea22a9,UNRESOLVED,CONTROLLED,,sp_fef06587fead,34.61,12.33,hsrc_c61726597ef3,,Portugal safe interior v3 from the 1751 Vaugondy sheets; positional uncertainty 12.33 km replaces 34.61 km
rev_1359b8d8de95,seven_years_war_1756_08_01,TERRESTRIAL_HEX,h6000_q-000582_r+000870,promo_7c95358cf0a4,promo_b68466ea22a9,UNRESOLVED,CONTROLLED,,sp_fef06587fead,34.61,12.33,hsrc_c61726597ef3,,Portugal safe interior v3 from the 1751 Vaugondy sheets; positional uncertainty 12.33 km replaces 34.61 km
rev_280703160fb2,seven_years_war_1756_08_01,TERRESTRIAL_HEX,h6000_q-000580_r+000870,promo_7c95358cf0a4,promo_b68466ea22a9,UNRESOLVED,CONTROLLED,,sp_fef06587fead,34.61,12.33,hsrc_c61726597ef3,,Portugal safe interior v3 from the 1751 Vaugondy sheets; positional uncertainty 12.33 km replaces 34.61 km
rev_f86c81a62e16,seven_years_war_1756_08_01,TERRESTRIAL_HEX,h6000_q-000581_r+000871,promo_7c95358cf0a4,promo_b68466ea22a9,UNRESOLVED,CONTROLLED,,sp_fef06587fead,34.61,12.33,hsrc_c61726597ef3,,Portugal safe interior v3 from the 1751 Vaugondy sheets; positional uncertainty 12.33 km replaces 34.61 km
rev_ad10caaa6a90,seven_years_war_1756_08_01,TERRESTRIAL_HEX,h6000_q-000580_r+000871,promo_7c95358cf0a4,promo_b68466ea22a9,UNRESOLVED,CONTROLLED,,sp_fef06587fead,34.61,12.33,hsrc_c61726597ef3,,Portugal safe interior v3 from the 1751 Vaugondy sheets; positional uncertainty 12.33 km replaces 34.61 km
rev_c1cd26d3daba,seven_years_war_1756_08_01,TERRESTRIAL_HEX,h6000_q-000582_r+000871,promo_7c95358cf0a4,promo_b68466ea22a9,UNRESOLVED,CONTROLLED,,sp_fef06587fead,34.61,12.33,hsrc_c61726597ef3,,Portugal safe interior v3 from the 1751 Vaugondy sheets; positional uncertainty 12.33 km replaces 34.61 km
rev_91926cb1956a,seven_years_war_1756_08_01,TERRESTRIAL_HEX,h6000_q-000581_r+000872,promo_7c95358cf0a4,promo_b68466ea22a9,UNRESOLVED,CONTROLLED,,sp_fef06587fead,34.61,12.33,hsrc_c61726597ef3,,Portugal safe interior v3 from the 1751 Vaugondy sheets; positional uncertainty 12.33 km replaces 34.61 km
rev_230ee53a81ac,seven_years_war_1756_08_01,TERRESTRIAL_HEX,h6000_q-000583_r+000872,promo_7c95358cf0a4,promo_b68466ea22a9,UNRESOLVED,CONTROLLED,,sp_fef06587fead,34.61,12.33,hsrc_c61726597ef3,,Portugal safe interior v3 from the 1751 Vaugondy sheets; positional uncertainty 12.33 km replaces 34.61 km
rev_cda538bef6d7,seven_years_war_1756_08_01,TERRESTRIAL_HEX,h6000_q-000582_r+000872,promo_7c95358cf0a4,promo_b68466ea22a9,UNRESOLVED,CONTROLLED,,sp_fef06587fead,34.61,12.33,hsrc_c61726597ef3,,Portugal safe interior v3 from the 1751 Vaugondy sheets; positional uncertainty 12.33 km replaces 34.61 km
rev_da36d582c03c,seven_years_war_1756_08_01,TERRESTRIAL_HEX,h6000_q-000582_r+000873,promo_7c95358cf0a4,promo_b68466ea22a9,UNRESOLVED,CONTROLLED,,sp_fef06587fead,34.61,12.33,hsrc_c61726597ef3,,Portugal safe interior v3 from the 1751 Vaugondy sheets; positional uncertainty 12.33 km replaces 34.61 km
rev_59b8848b6279,seven_years_war_1756_08_01,TERRESTRIAL_HEX,h6000_q-000583_r+000873,promo_7c95358cf0a4,promo_b68466ea22a9,UNRESOLVED,CONTROLLED,,sp_fef06587fead,34.61,12.33,hsrc_c61726597ef3,,Portugal safe interior v3 from the 1751 Vaugondy sheets; positional uncertainty 12.33 km replaces 34.61 km
rev_7e667c84163b,seven_years_war_1756_08_01,TERRESTRIAL_HEX,h6000_q-000581_r+000873,promo_7c95358cf0a4,promo_b68466ea22a9,UNRESOLVED,CONTROLLED,,sp_fef06587fead,34.61,12.33,hsrc_c61726597ef3,,Portugal safe interior v3 from the 1751 Vaugondy sheets; positional uncertainty 12.33 km replaces 34.61 km
rev_11d2f960d84c,seven_years_war_1756_08_01,TERRESTRIAL_HEX,h6000_q-000584_r+000874,promo_7c95358cf0a4,promo_b68466ea22a9,UNRESOLVED,CONTROLLED,,sp_fef06587fead,34.61,12.33,hsrc_c61726597ef3,,Portugal safe interior v3 from the 1751 Vaugondy sheets; positional uncertainty 12.33 km replaces 34.61 km
rev_1ef49582dc7c,seven_years_war_1756_08_01,TERRESTRIAL_HEX,h6000_q-000583_r+000874,promo_7c95358cf0a4,promo_b68466ea22a9,UNRESOLVED,CONTROLLED,,sp_fef06587fead,34.61,12.33,hsrc_c61726597ef3,,Portugal safe interior v3 from the 1751 Vaugondy sheets; positional uncertainty 12.33 km replaces 34.61 km
rev_e54a6a7d4f20,seven_years_war_1756_08_01,TERRESTRIAL_HEX,h6000_q-000582_r+000874,promo_7c95358cf0a4,promo_b68466ea22a9,UNRESOLVED,CONTROLLED,,sp_fef06587fead,34.61,12.33,hsrc_c61726597ef3,,Portugal safe interior v3 from the 1751 Vaugondy sheets; positional uncertainty 12.33 km replaces 34.61 km
rev_573d1c6b47bf,seven_years_war_1756_08_01,TERRESTRIAL_HEX,h6000_q-000582_r+000875,promo_7c95358cf0a4,promo_b68466ea22a9,UNRESOLVED,CONTROLLED,,sp_fef06587fead,34.61,12.33,hsrc_c61726597ef3,,Portugal safe interior v3 from the 1751 Vaugondy sheets; positional uncertainty 12.33 km replaces 34.61 km
rev_1e17031652a8,seven_years_war_1756_08_01,TERRESTRIAL_HEX,h6000_q-000583_r+000875,promo_7c95358cf0a4,promo_b68466ea22a9,UNRESOLVED,CONTROLLED,,sp_fef06587fead,34.61,12.33,hsrc_c61726597ef3,,Portugal safe interior v3 from the 1751 Vaugondy sheets; positional uncertainty 12.33 km replaces 34.61 km
rev_02c028ff7ae7,seven_years_war_1756_08_01,TERRESTRIAL_HEX,h6000_q-000584_r+000875,promo_7c95358cf0a4,promo_b68466ea22a9,UNRESOLVED,CONTROLLED,,sp_fef06587fead,34.61,12.33,hsrc_c61726597ef3,,Portugal safe interior v3 from the 1751 Vaugondy sheets; positional uncertainty 12.33 km replaces 34.61 km
rev_f3a18d695d16,seven_years_war_1756_08_01,TERRESTRIAL_HEX,h6000_q-000584_r+000876,promo_7c95358cf0a4,promo_b68466ea22a9,UNRESOLVED,CONTROLLED,,sp_fef06587fead,34.61,12.33,hsrc_c61726597ef3,,Portugal safe interior v3 from the 1751 Vaugondy sheets; positional uncertainty 12.33 km replaces 34.61 km
rev_071eb50b4658,seven_years_war_1756_08_01,TERRESTRIAL_HEX,h6000_q-000585_r+000876,promo_7c95358cf0a4,promo_b68466ea22a9,UNRESOLVED,CONTROLLED,,sp_fef06587fead,34.61,12.33,hsrc_c61726597ef3,,Portugal safe interior v3 from the 1751 Vaugondy sheets; positional uncertainty 12.33 km replaces 34.61 km
rev_2e4bba7fabdb,seven_years_war_1756_08_01,TERRESTRIAL_HEX,h6000_q-000588_r+000873,promo_7c95358cf0a4,promo_b68466ea22a9,UNRESOLVED,CONTROLLED,,sp_fef06587fead,34.61,12.33,hsrc_c61726597ef3,,Portugal safe interior v3 from the 1751 Vaugondy sheets; positional uncertainty 12.33 km replaces 34.61 km
rev_6ae989eae814,seven_years_war_1756_08_01,TERRESTRIAL_HEX,h6000_q-000587_r+000873,promo_7c95358cf0a4,promo_b68466ea22a9,UNRESOLVED,CONTROLLED,,sp_fef06587fead,34.61,12.33,hsrc_c61726597ef3,,Portugal safe interior v3 from the 1751 Vaugondy sheets; positional uncertainty 12.33 km replaces 34.61 km
rev_ee9be5cfc5fd,seven_years_war_1756_08_01,TERRESTRIAL_HEX,h6000_q-000589_r+000873,promo_7c95358cf0a4,promo_b68466ea22a9,UNRESOLVED,CONTROLLED,,sp_fef06587fead,34.61,12.33,hsrc_c61726597ef3,,Portugal safe interior v3 from the 1751 Vaugondy sheets; positional uncertainty 12.33 km replaces 34.61 km
rev_1ab69fd115fe,seven_years_war_1756_08_01,TERRESTRIAL_HEX,h6000_q-000588_r+000874,promo_7c95358cf0a4,promo_b68466ea22a9,UNRESOLVED,CONTROLLED,,sp_fef06587fead,34.61,12.33,hsrc_c61726597ef3,,Portugal safe interior v3 from the 1751 Vaugondy sheets; positional uncertainty 12.33 km replaces 34.61 km
rev_772d06be341f,seven_years_war_1756_08_01,TERRESTRIAL_HEX,h6000_q-000590_r+000874,promo_7c95358cf0a4,promo_b68466ea22a9,UNRESOLVED,CONTROLLED,,sp_fef06587fead,34.61,12.33,hsrc_c61726597ef3,,Portugal safe interior v3 from the 1751 Vaugondy sheets; positional uncertainty 12.33 km replaces 34.61 km
rev_cbf59f7b7b4f,seven_years_war_1756_08_01,TERRESTRIAL_HEX,h6000_q-000589_r+000874,promo_7c95358cf0a4,promo_b68466ea22a9,UNRESOLVED,CONTROLLED,,sp_fef06587fead,34.61,12.33,hsrc_c61726597ef3,,Portugal safe interior v3 from the 1751 Vaugondy sheets; positional uncertainty 12.33 km replaces 34.61 km
rev_5ab7fc89da4a,seven_years_war_1756_08_01,TERRESTRIAL_HEX,h6000_q-000588_r+000875,promo_7c95358cf0a4,promo_b68466ea22a9,UNRESOLVED,CONTROLLED,,sp_fef06587fead,34.61,12.33,hsrc_c61726597ef3,,Portugal safe interior v3 from the 1751 Vaugondy sheets; positional uncertainty 12.33 km replaces 34.61 km
rev_f45a9ebc0609,seven_years_war_1756_08_01,TERRESTRIAL_HEX,h6000_q-000589_r+000875,promo_7c95358cf0a4,promo_b68466ea22a9,UNRESOLVED,CONTROLLED,,sp_fef06587fead,34.61,12.33,hsrc_c61726597ef3,,Portugal safe interior v3 from the 1751 Vaugondy sheets; positional uncertainty 12.33 km replaces 34.61 km
rev_78c494deaa1d,seven_years_war_1756_08_01,TERRESTRIAL_HEX,h6000_q-000590_r+000875,promo_7c95358cf0a4,promo_b68466ea22a9,UNRESOLVED,CONTROLLED,,sp_fef06587fead,34.61,12.33,hsrc_c61726597ef3,,Portugal safe interior v3 from the 1751 Vaugondy sheets; positional uncertainty 12.33 km replaces 34.61 km
rev_06300b9bce45,seven_years_war_1756_08_01,TERRESTRIAL_HEX,h6000_q-000591_r+000876,promo_7c95358cf0a4,promo_b68466ea22a9,UNRESOLVED,CONTROLLED,,sp_fef06587fead,34.61,12.33,hsrc_c61726597ef3,,Portugal safe interior v3 from the 1751 Vaugondy sheets; positional uncertainty 12.33 km replaces 34.61 km
rev_8c88666fefcc,seven_years_war_1756_08_01,TERRESTRIAL_HEX,h6000_q-000585_r+000873,promo_7c95358cf0a4,promo_b68466ea22a9,UNRESOLVED,CONTROLLED,,sp_fef06587fead,34.61,12.33,hsrc_c61726597ef3,,Portugal safe interior v3 from the 1751 Vaugondy sheets; positional uncertainty 12.33 km replaces 34.61 km
rev_9214ab7cfe32,seven_years_war_1756_08_01,TERRESTRIAL_HEX,h6000_q-000586_r+000873,promo_7c95358cf0a4,promo_b68466ea22a9,UNRESOLVED,CONTROLLED,,sp_fef06587fead,34.61,12.33,hsrc_c61726597ef3,,Portugal safe interior v3 from the 1751 Vaugondy sheets; positional uncertainty 12.33 km replaces 34.61 km
rev_11b1fc68297c,seven_years_war_1756_08_01,TERRESTRIAL_HEX,h6000_q-000585_r+000874,promo_7c95358cf0a4,promo_b68466ea22a9,UNRESOLVED,CONTROLLED,,sp_fef06587fead,34.61,12.33,hsrc_c61726597ef3,,Portugal safe interior v3 from the 1751 Vaugondy sheets; positional uncertainty 12.33 km replaces 34.61 km
rev_29684d4ba1f4,seven_years_war_1756_08_01,TERRESTRIAL_HEX,h6000_q-000587_r+000874,promo_7c95358cf0a4,promo_b68466ea22a9,UNRESOLVED,CONTROLLED,,sp_fef06587fead,34.61,12.33,hsrc_c61726597ef3,,Portugal safe interior v3 from the 1751 Vaugondy sheets; positional uncertainty 12.33 km replaces 34.61 km
rev_69d609b36403,seven_years_war_1756_08_01,TERRESTRIAL_HEX,h6000_q-000586_r+000874,promo_7c95358cf0a4,promo_b68466ea22a9,UNRESOLVED,CONTROLLED,,sp_fef06587fead,34.61,12.33,hsrc_c61726597ef3,,Portugal safe interior v3 from the 1751 Vaugondy sheets; positional uncertainty 12.33 km replaces 34.61 km
rev_29e9dbd85511,seven_years_war_1756_08_01,TERRESTRIAL_HEX,h6000_q-000585_r+000875,promo_7c95358cf0a4,promo_b68466ea22a9,UNRESOLVED,CONTROLLED,,sp_fef06587fead,34.61,12.33,hsrc_c61726597ef3,,Portugal safe interior v3 from the 1751 Vaugondy sheets; positional uncertainty 12.33 km replaces 34.61 km
rev_9f4fd45dc59b,seven_years_war_1756_08_01,TERRESTRIAL_HEX,h6000_q-000587_r+000875,promo_7c95358cf0a4,promo_b68466ea22a9,UNRESOLVED,CONTROLLED,,sp_fef06587fead,34.61,12.33,hsrc_c61726597ef3,,Portugal safe interior v3 from the 1751 Vaugondy sheets; positional uncertainty 12.33 km replaces 34.61 km
rev_ad1c646d6e87,seven_years_war_1756_08_01,TERRESTRIAL_HEX,h6000_q-000586_r+000875,promo_7c95358cf0a4,promo_b68466ea22a9,UNRESOLVED,CONTROLLED,,sp_fef06587fead,34.61,12.33,hsrc_c61726597ef3,,Portugal safe interior v3 from the 1751 Vaugondy sheets; positional uncertainty 12.33 km replaces 34.61 km
rev_3e2a506a9417,seven_years_war_1756_08_01,TERRESTRIAL_HEX,h6000_q-000586_r+000876,promo_7c95358cf0a4,promo_b68466ea22a9,UNRESOLVED,CONTROLLED,,sp_fef06587fead,34.61,12.33,hsrc_c61726597ef3,,Portugal safe interior v3 from the 1751 Vaugondy sheets; positional uncertainty 12.33 km replaces 34.61 km
rev_703f8af59422,seven_years_war_1756_08_01,TERRESTRIAL_HEX,h6000_q-000588_r+000876,promo_7c95358cf0a4,promo_b68466ea22a9,UNRESOLVED,CONTROLLED,,sp_fef06587fead,34.61,12.33,hsrc_c61726597ef3,,Portugal safe interior v3 from the 1751 Vaugondy sheets; positional uncertainty 12.33 km replaces 34.61 km
rev_5c018ad9b523,seven_years_war_1756_08_01,TERRESTRIAL_HEX,h6000_q-000583_r+000876,promo_7c95358cf0a4,promo_b68466ea22a9,UNRESOLVED,CONTROLLED,,sp_fef06587fead,34.61,12.33,hsrc_c61726597ef3,,Portugal safe interior v3 from the 1751 Vaugondy sheets; positional uncertainty 12.33 km replaces 34.61 km
rev_d6424e451593,seven_years_war_1756_08_01,TERRESTRIAL_HEX,h6000_q-000584_r+000877,promo_7c95358cf0a4,promo_b68466ea22a9,UNRESOLVED,CONTROLLED,,sp_fef06587fead,34.61,12.33,hsrc_c61726597ef3,,Portugal safe interior v3 from the 1751 Vaugondy sheets; positional uncertainty 12.33 km replaces 34.61 km
rev_4c2ec0a4fa51,seven_years_war_1756_08_01,TERRESTRIAL_HEX,h6000_q-000583_r+000877,promo_7c95358cf0a4,promo_b68466ea22a9,UNRESOLVED,CONTROLLED,,sp_fef06587fead,34.61,12.33,hsrc_c61726597ef3,,Portugal safe interior v3 from the 1751 Vaugondy sheets; positional uncertainty 12.33 km replaces 34.61 km
rev_266a40bf8e9c,seven_years_war_1756_08_01,TERRESTRIAL_HEX,h6000_q-000585_r+000877,promo_7c95358cf0a4,promo_b68466ea22a9,UNRESOLVED,CONTROLLED,,sp_fef06587fead,34.61,12.33,hsrc_c61726597ef3,,Portugal safe interior v3 from the 1751 Vaugondy sheets; positional uncertainty 12.33 km replaces 34.61 km
rev_e4ca05acf1d8,seven_years_war_1756_08_01,TERRESTRIAL_HEX,h6000_q-000585_r+000878,promo_7c95358cf0a4,promo_b68466ea22a9,UNRESOLVED,CONTROLLED,,sp_fef06587fead,34.61,12.33,hsrc_c61726597ef3,,Portugal safe interior v3 from the 1751 Vaugondy sheets; positional uncertainty 12.33 km replaces 34.61 km
rev_e47fde521c16,seven_years_war_1756_08_01,TERRESTRIAL_HEX,h6000_q-000584_r+000878,promo_7c95358cf0a4,promo_b68466ea22a9,UNRESOLVED,CONTROLLED,,sp_fef06587fead,34.61,12.33,hsrc_c61726597ef3,,Portugal safe interior v3 from the 1751 Vaugondy sheets; positional uncertainty 12.33 km replaces 34.61 km
rev_8c80818d075c,seven_years_war_1756_08_01,TERRESTRIAL_HEX,h6000_q-000586_r+000878,promo_7c95358cf0a4,promo_b68466ea22a9,UNRESOLVED,CONTROLLED,,sp_fef06587fead,34.61,12.33,hsrc_c61726597ef3,,Portugal safe interior v3 from the 1751 Vaugondy sheets; positional uncertainty 12.33 km replaces 34.61 km
rev_7fe5440a69fc,seven_years_war_1756_08_01,TERRESTRIAL_HEX,h6000_q-000584_r+000879,promo_7c95358cf0a4,promo_b68466ea22a9,UNRESOLVED,CONTROLLED,,sp_fef06587fead,34.61,12.33,hsrc_c61726597ef3,,Portugal safe interior v3 from the 1751 Vaugondy sheets; positional uncertainty 12.33 km replaces 34.61 km
rev_07d3ba6ca6d7,seven_years_war_1756_08_01,TERRESTRIAL_HEX,h6000_q-000585_r+000879,promo_7c95358cf0a4,promo_b68466ea22a9,UNRESOLVED,CONTROLLED,,sp_fef06587fead,34.61,12.33,hsrc_c61726597ef3,,Portugal safe interior v3 from the 1751 Vaugondy sheets; positional uncertainty 12.33 km replaces 34.61 km
rev_7968533ef073,seven_years_war_1756_08_01,TERRESTRIAL_HEX,h6000_q-000586_r+000879,promo_7c95358cf0a4,promo_b68466ea22a9,UNRESOLVED,CONTROLLED,,sp_fef06587fead,34.61,12.33,hsrc_c61726597ef3,,Portugal safe interior v3 from the 1751 Vaugondy sheets; positional uncertainty 12.33 km replaces 34.61 km
rev_1011d5368199,seven_years_war_1756_08_01,TERRESTRIAL_HEX,h6000_q-000590_r+000876,promo_7c95358cf0a4,promo_b68466ea22a9,UNRESOLVED,CONTROLLED,,sp_fef06587fead,34.61,12.33,hsrc_c61726597ef3,,Portugal safe interior v3 from the 1751 Vaugondy sheets; positional uncertainty 12.33 km replaces 34.61 km
rev_66a16fa491c8,seven_years_war_1756_08_01,TERRESTRIAL_HEX,h6000_q-000589_r+000876,promo_7c95358cf0a4,promo_b68466ea22a9,UNRESOLVED,CONTROLLED,,sp_fef06587fead,34.61,12.33,hsrc_c61726597ef3,,Portugal safe interior v3 from the 1751 Vaugondy sheets; positional uncertainty 12.33 km replaces 34.61 km
rev_604ddfc45205,seven_years_war_1756_08_01,TERRESTRIAL_HEX,h6000_q-000591_r+000877,promo_7c95358cf0a4,promo_b68466ea22a9,UNRESOLVED,CONTROLLED,,sp_fef06587fead,34.61,12.33,hsrc_c61726597ef3,,Portugal safe interior v3 from the 1751 Vaugondy sheets; positional uncertainty 12.33 km replaces 34.61 km
rev_c4fa33adaeca,seven_years_war_1756_08_01,TERRESTRIAL_HEX,h6000_q-000590_r+000877,promo_7c95358cf0a4,promo_b68466ea22a9,UNRESOLVED,CONTROLLED,,sp_fef06587fead,34.61,12.33,hsrc_c61726597ef3,,Portugal safe interior v3 from the 1751 Vaugondy sheets; positional uncertainty 12.33 km replaces 34.61 km
rev_7900c910da2e,seven_years_war_1756_08_01,TERRESTRIAL_HEX,h6000_q-000589_r+000877,promo_7c95358cf0a4,promo_b68466ea22a9,UNRESOLVED,CONTROLLED,,sp_fef06587fead,34.61,12.33,hsrc_c61726597ef3,,Portugal safe interior v3 from the 1751 Vaugondy sheets; positional uncertainty 12.33 km replaces 34.61 km
rev_425bc712b2b9,seven_years_war_1756_08_01,TERRESTRIAL_HEX,h6000_q-000590_r+000878,promo_7c95358cf0a4,promo_b68466ea22a9,UNRESOLVED,CONTROLLED,,sp_fef06587fead,34.61,12.33,hsrc_c61726597ef3,,Portugal safe interior v3 from the 1751 Vaugondy sheets; positional uncertainty 12.33 km replaces 34.61 km
rev_3fef2ab624f0,seven_years_war_1756_08_01,TERRESTRIAL_HEX,h6000_q-000592_r+000878,promo_7c95358cf0a4,promo_b68466ea22a9,UNRESOLVED,CONTROLLED,,sp_fef06587fead,34.61,12.33,hsrc_c61726597ef3,,Portugal safe interior v3 from the 1751 Vaugondy sheets; positional uncertainty 12.33 km replaces 34.61 km
rev_563e9bfaffbf,seven_years_war_1756_08_01,TERRESTRIAL_HEX,h6000_q-000591_r+000878,promo_7c95358cf0a4,promo_b68466ea22a9,UNRESOLVED,CONTROLLED,,sp_fef06587fead,34.61,12.33,hsrc_c61726597ef3,,Portugal safe interior v3 from the 1751 Vaugondy sheets; positional uncertainty 12.33 km replaces 34.61 km
rev_28ed4cd07be7,seven_years_war_1756_08_01,TERRESTRIAL_HEX,h6000_q-000590_r+000879,promo_7c95358cf0a4,promo_b68466ea22a9,UNRESOLVED,CONTROLLED,,sp_fef06587fead,34.61,12.33,hsrc_c61726597ef3,,Portugal safe interior v3 from the 1751 Vaugondy sheets; positional uncertainty 12.33 km replaces 34.61 km
rev_7467446b59ce,seven_years_war_1756_08_01,TERRESTRIAL_HEX,h6000_q-000591_r+000879,promo_7c95358cf0a4,promo_b68466ea22a9,UNRESOLVED,CONTROLLED,,sp_fef06587fead,34.61,12.33,hsrc_c61726597ef3,,Portugal safe interior v3 from the 1751 Vaugondy sheets; positional uncertainty 12.33 km replaces 34.61 km
rev_90e56dbdafea,seven_years_war_1756_08_01,TERRESTRIAL_HEX,h6000_q-000587_r+000876,promo_7c95358cf0a4,promo_b68466ea22a9,UNRESOLVED,CONTROLLED,,sp_fef06587fead,34.61,12.33,hsrc_c61726597ef3,,Portugal safe interior v3 from the 1751 Vaugondy sheets; positional uncertainty 12.33 km replaces 34.61 km
rev_ec64ba41c8fb,seven_years_war_1756_08_01,TERRESTRIAL_HEX,h6000_q-000587_r+000877,promo_7c95358cf0a4,promo_b68466ea22a9,UNRESOLVED,CONTROLLED,,sp_fef06587fead,34.61,12.33,hsrc_c61726597ef3,,Portugal safe interior v3 from the 1751 Vaugondy sheets; positional uncertainty 12.33 km replaces 34.61 km
rev_f027baa38ddd,seven_years_war_1756_08_01,TERRESTRIAL_HEX,h6000_q-000588_r+000877,promo_7c95358cf0a4,promo_b68466ea22a9,UNRESOLVED,CONTROLLED,,sp_fef06587fead,34.61,12.33,hsrc_c61726597ef3,,Portugal safe interior v3 from the 1751 Vaugondy sheets; positional uncertainty 12.33 km replaces 34.61 km
rev_e8354927aacd,seven_years_war_1756_08_01,TERRESTRIAL_HEX,h6000_q-000586_r+000877,promo_7c95358cf0a4,promo_b68466ea22a9,UNRESOLVED,CONTROLLED,,sp_fef06587fead,34.61,12.33,hsrc_c61726597ef3,,Portugal safe interior v3 from the 1751 Vaugondy sheets; positional uncertainty 12.33 km replaces 34.61 km
rev_22d6ee9780c9,seven_years_war_1756_08_01,TERRESTRIAL_HEX,h6000_q-000588_r+000878,promo_7c95358cf0a4,promo_b68466ea22a9,UNRESOLVED,CONTROLLED,,sp_fef06587fead,34.61,12.33,hsrc_c61726597ef3,,Portugal safe interior v3 from the 1751 Vaugondy sheets; positional uncertainty 12.33 km replaces 34.61 km
rev_22a18f0a2d91,seven_years_war_1756_08_01,TERRESTRIAL_HEX,h6000_q-000587_r+000878,promo_7c95358cf0a4,promo_b68466ea22a9,UNRESOLVED,CONTROLLED,,sp_fef06587fead,34.61,12.33,hsrc_c61726597ef3,,Portugal safe interior v3 from the 1751 Vaugondy sheets; positional uncertainty 12.33 km replaces 34.61 km
rev_a0bfc90743b1,seven_years_war_1756_08_01,TERRESTRIAL_HEX,h6000_q-000589_r+000878,promo_7c95358cf0a4,promo_b68466ea22a9,UNRESOLVED,CONTROLLED,,sp_fef06587fead,34.61,12.33,hsrc_c61726597ef3,,Portugal safe interior v3 from the 1751 Vaugondy sheets; positional uncertainty 12.33 km replaces 34.61 km
rev_d764e2fdeb1b,seven_years_war_1756_08_01,TERRESTRIAL_HEX,h6000_q-000589_r+000879,promo_7c95358cf0a4,promo_b68466ea22a9,UNRESOLVED,CONTROLLED,,sp_fef06587fead,34.61,12.33,hsrc_c61726597ef3,,Portugal safe interior v3 from the 1751 Vaugondy sheets; positional uncertainty 12.33 km replaces 34.61 km
rev_c78f6cdbcbea,seven_years_war_1756_08_01,TERRESTRIAL_HEX,h6000_q-000588_r+000879,promo_7c95358cf0a4,promo_b68466ea22a9,UNRESOLVED,CONTROLLED,,sp_fef06587fead,34.61,12.33,hsrc_c61726597ef3,,Portugal safe interior v3 from the 1751 Vaugondy sheets; positional uncertainty 12.33 km replaces 34.61 km
rev_462671b3d87a,seven_years_war_1756_08_01,TERRESTRIAL_HEX,h6000_q-000587_r+000879,promo_7c95358cf0a4,promo_b68466ea22a9,UNRESOLVED,CONTROLLED,,sp_fef06587fead,34.61,12.33,hsrc_c61726597ef3,,Portugal safe interior v3 from the 1751 Vaugondy sheets; positional uncertainty 12.33 km replaces 34.61 km
rev_f4215c715fa5,seven_years_war_1756_08_01,TERRESTRIAL_HEX,h6000_q-000592_r+000879,promo_7c95358cf0a4,promo_b68466ea22a9,UNRESOLVED,CONTROLLED,,sp_fef06587fead,34.61,12.33,hsrc_c61726597ef3,,Portugal safe interior v3 from the 1751 Vaugondy sheets; positional uncertainty 12.33 km replaces 34.61 km
rev_3aec945409dd,seven_years_war_1756_08_01,TERRESTRIAL_HEX,h6000_q-000591_r+000880,promo_7c95358cf0a4,promo_b68466ea22a9,UNRESOLVED,CONTROLLED,,sp_fef06587fead,34.61,12.33,hsrc_c61726597ef3,,Portugal safe interior v3 from the 1751 Vaugondy sheets; positional uncertainty 12.33 km replaces 34.61 km
rev_ebc45deea24a,seven_years_war_1756_08_01,TERRESTRIAL_HEX,h6000_q-000592_r+000880,promo_7c95358cf0a4,promo_b68466ea22a9,UNRESOLVED,CONTROLLED,,sp_fef06587fead,34.61,12.33,hsrc_c61726597ef3,,Portugal safe interior v3 from the 1751 Vaugondy sheets; positional uncertainty 12.33 km replaces 34.61 km
rev_a4b2bd6febb5,seven_years_war_1756_08_01,TERRESTRIAL_HEX,h6000_q-000593_r+000881,promo_7c95358cf0a4,promo_b68466ea22a9,UNRESOLVED,CONTROLLED,,sp_fef06587fead,34.61,12.33,hsrc_c61726597ef3,,Portugal safe interior v3 from the 1751 Vaugondy sheets; positional uncertainty 12.33 km replaces 34.61 km
rev_e84ca0ea52e1,seven_years_war_1756_08_01,TERRESTRIAL_HEX,h6000_q-000591_r+000881,promo_7c95358cf0a4,promo_b68466ea22a9,UNRESOLVED,CONTROLLED,,sp_fef06587fead,34.61,12.33,hsrc_c61726597ef3,,Portugal safe interior v3 from the 1751 Vaugondy sheets; positional uncertainty 12.33 km replaces 34.61 km
rev_b3ad7f4d982b,seven_years_war_1756_08_01,TERRESTRIAL_HEX,h6000_q-000592_r+000881,promo_7c95358cf0a4,promo_b68466ea22a9,UNRESOLVED,CONTROLLED,,sp_fef06587fead,34.61,12.33,hsrc_c61726597ef3,,Portugal safe interior v3 from the 1751 Vaugondy sheets; positional uncertainty 12.33 km replaces 34.61 km
rev_512b9d7104c6,seven_years_war_1756_08_01,TERRESTRIAL_HEX,h6000_q-000593_r+000882,promo_7c95358cf0a4,promo_b68466ea22a9,UNRESOLVED,CONTROLLED,,sp_fef06587fead,34.61,12.33,hsrc_c61726597ef3,,Portugal safe interior v3 from the 1751 Vaugondy sheets; positional uncertainty 12.33 km replaces 34.61 km
rev_fa6eb8733085,seven_years_war_1756_08_01,TERRESTRIAL_HEX,h6000_q-000592_r+000882,promo_7c95358cf0a4,promo_b68466ea22a9,UNRESOLVED,CONTROLLED,,sp_fef06587fead,34.61,12.33,hsrc_c61726597ef3,,Portugal safe interior v3 from the 1751 Vaugondy sheets; positional uncertainty 12.33 km replaces 34.61 km
rev_a94a01326461,seven_years_war_1756_08_01,TERRESTRIAL_HEX,h6000_q-000588_r+000880,promo_7c95358cf0a4,promo_b68466ea22a9,UNRESOLVED,CONTROLLED,,sp_fef06587fead,34.61,12.33,hsrc_c61726597ef3,,Portugal safe interior v3 from the 1751 Vaugondy sheets; positional uncertainty 12.33 km replaces 34.61 km
rev_27b2e45b8e41,seven_years_war_1756_08_01,TERRESTRIAL_HEX,h6000_q-000589_r+000880,promo_7c95358cf0a4,promo_b68466ea22a9,UNRESOLVED,CONTROLLED,,sp_fef06587fead,34.61,12.33,hsrc_c61726597ef3,,Portugal safe interior v3 from the 1751 Vaugondy sheets; positional uncertainty 12.33 km replaces 34.61 km
rev_b6ff74577a1c,seven_years_war_1756_08_01,TERRESTRIAL_HEX,h6000_q-000590_r+000880,promo_7c95358cf0a4,promo_b68466ea22a9,UNRESOLVED,CONTROLLED,,sp_fef06587fead,34.61,12.33,hsrc_c61726597ef3,,Portugal safe interior v3 from the 1751 Vaugondy sheets; positional uncertainty 12.33 km replaces 34.61 km
rev_a475a32261a0,seven_years_war_1756_08_01,TERRESTRIAL_HEX,h6000_q-000589_r+000881,promo_7c95358cf0a4,promo_b68466ea22a9,UNRESOLVED,CONTROLLED,,sp_fef06587fead,34.61,12.33,hsrc_c61726597ef3,,Portugal safe interior v3 from the 1751 Vaugondy sheets; positional uncertainty 12.33 km replaces 34.61 km
rev_d18a2e37e2df,seven_years_war_1756_08_01,TERRESTRIAL_HEX,h6000_q-000590_r+000881,promo_7c95358cf0a4,promo_b68466ea22a9,UNRESOLVED,CONTROLLED,,sp_fef06587fead,34.61,12.33,hsrc_c61726597ef3,,Portugal safe interior v3 from the 1751 Vaugondy sheets; positional uncertainty 12.33 km replaces 34.61 km
rev_d011956b57db,seven_years_war_1756_08_01,TERRESTRIAL_HEX,h6000_q-000588_r+000881,promo_7c95358cf0a4,promo_b68466ea22a9,UNRESOLVED,CONTROLLED,,sp_fef06587fead,34.61,12.33,hsrc_c61726597ef3,,Portugal safe interior v3 from the 1751 Vaugondy sheets; positional uncertainty 12.33 km replaces 34.61 km
rev_27f4eb341737,seven_years_war_1756_08_01,TERRESTRIAL_HEX,h6000_q-000589_r+000882,promo_7c95358cf0a4,promo_b68466ea22a9,UNRESOLVED,CONTROLLED,,sp_fef06587fead,34.61,12.33,hsrc_c61726597ef3,,Portugal safe interior v3 from the 1751 Vaugondy sheets; positional uncertainty 12.33 km replaces 34.61 km
rev_ac2f3c035dc4,seven_years_war_1756_08_01,TERRESTRIAL_HEX,h6000_q-000590_r+000882,promo_7c95358cf0a4,promo_b68466ea22a9,UNRESOLVED,CONTROLLED,,sp_fef06587fead,34.61,12.33,hsrc_c61726597ef3,,Portugal safe interior v3 from the 1751 Vaugondy sheets; positional uncertainty 12.33 km replaces 34.61 km
rev_cb3f5c104792,seven_years_war_1756_08_01,TERRESTRIAL_HEX,h6000_q-000591_r+000882,promo_7c95358cf0a4,promo_b68466ea22a9,UNRESOLVED,CONTROLLED,,sp_fef06587fead,34.61,12.33,hsrc_c61726597ef3,,Portugal safe interior v3 from the 1751 Vaugondy sheets; positional uncertainty 12.33 km replaces 34.61 km
rev_0cb477ae9256,seven_years_war_1756_08_01,TERRESTRIAL_HEX,h6000_q-000589_r+000883,promo_7c95358cf0a4,promo_b68466ea22a9,UNRESOLVED,CONTROLLED,,sp_fef06587fead,34.61,12.33,hsrc_c61726597ef3,,Portugal safe interior v3 from the 1751 Vaugondy sheets; positional uncertainty 12.33 km replaces 34.61 km
rev_96d962129d3d,seven_years_war_1756_08_01,TERRESTRIAL_HEX,h6000_q-000585_r+000880,promo_7c95358cf0a4,promo_b68466ea22a9,UNRESOLVED,CONTROLLED,,sp_fef06587fead,34.61,12.33,hsrc_c61726597ef3,,Portugal safe interior v3 from the 1751 Vaugondy sheets; positional uncertainty 12.33 km replaces 34.61 km
rev_49e7aa92ec8e,seven_years_war_1756_08_01,TERRESTRIAL_HEX,h6000_q-000586_r+000880,promo_7c95358cf0a4,promo_b68466ea22a9,UNRESOLVED,CONTROLLED,,sp_fef06587fead,34.61,12.33,hsrc_c61726597ef3,,Portugal safe interior v3 from the 1751 Vaugondy sheets; positional uncertainty 12.33 km replaces 34.61 km
rev_6eb42a94386e,seven_years_war_1756_08_01,TERRESTRIAL_HEX,h6000_q-000587_r+000880,promo_7c95358cf0a4,promo_b68466ea22a9,UNRESOLVED,CONTROLLED,,sp_fef06587fead,34.61,12.33,hsrc_c61726597ef3,,Portugal safe interior v3 from the 1751 Vaugondy sheets; positional uncertainty 12.33 km replaces 34.61 km
rev_20cd3b63c607,seven_years_war_1756_08_01,TERRESTRIAL_HEX,h6000_q-000586_r+000881,promo_7c95358cf0a4,promo_b68466ea22a9,UNRESOLVED,CONTROLLED,,sp_fef06587fead,34.61,12.33,hsrc_c61726597ef3,,Portugal safe interior v3 from the 1751 Vaugondy sheets; positional uncertainty 12.33 km replaces 34.61 km
rev_e4ca9e89a69b,seven_years_war_1756_08_01,TERRESTRIAL_HEX,h6000_q-000585_r+000881,promo_7c95358cf0a4,promo_b68466ea22a9,UNRESOLVED,CONTROLLED,,sp_fef06587fead,34.61,12.33,hsrc_c61726597ef3,,Portugal safe interior v3 from the 1751 Vaugondy sheets; positional uncertainty 12.33 km replaces 34.61 km
rev_a26730d07c34,seven_years_war_1756_08_01,TERRESTRIAL_HEX,h6000_q-000587_r+000881,promo_7c95358cf0a4,promo_b68466ea22a9,UNRESOLVED,CONTROLLED,,sp_fef06587fead,34.61,12.33,hsrc_c61726597ef3,,Portugal safe interior v3 from the 1751 Vaugondy sheets; positional uncertainty 12.33 km replaces 34.61 km
rev_9f8473987b49,seven_years_war_1756_08_01,TERRESTRIAL_HEX,h6000_q-000587_r+000882,promo_7c95358cf0a4,promo_b68466ea22a9,UNRESOLVED,CONTROLLED,,sp_fef06587fead,34.61,12.33,hsrc_c61726597ef3,,Portugal safe interior v3 from the 1751 Vaugondy sheets; positional uncertainty 12.33 km replaces 34.61 km
rev_d3403b09c07f,seven_years_war_1756_08_01,TERRESTRIAL_HEX,h6000_q-000588_r+000882,promo_7c95358cf0a4,promo_b68466ea22a9,UNRESOLVED,CONTROLLED,,sp_fef06587fead,34.61,12.33,hsrc_c61726597ef3,,Portugal safe interior v3 from the 1751 Vaugondy sheets; positional uncertainty 12.33 km replaces 34.61 km
rev_8f2d372f801b,seven_years_war_1756_08_01,TERRESTRIAL_HEX,h6000_q-000586_r+000882,promo_7c95358cf0a4,promo_b68466ea22a9,UNRESOLVED,CONTROLLED,,sp_fef06587fead,34.61,12.33,hsrc_c61726597ef3,,Portugal safe interior v3 from the 1751 Vaugondy sheets; positional uncertainty 12.33 km replaces 34.61 km
rev_cf9e15cf607f,seven_years_war_1756_08_01,TERRESTRIAL_HEX,h6000_q-000587_r+000883,promo_7c95358cf0a4,promo_b68466ea22a9,UNRESOLVED,CONTROLLED,,sp_fef06587fead,34.61,12.33,hsrc_c61726597ef3,,Portugal safe interior v3 from the 1751 Vaugondy sheets; positional uncertainty 12.33 km replaces 34.61 km
rev_070693ff46c0,seven_years_war_1756_08_01,TERRESTRIAL_HEX,h6000_q-000590_r+000873,promo_7c95358cf0a4,promo_b68466ea22a9,UNRESOLVED,CONTROLLED,,sp_fef06587fead,34.61,12.33,hsrc_c61726597ef3,,Portugal safe interior v3 from the 1751 Vaugondy sheets; positional uncertainty 12.33 km replaces 34.61 km
rev_ec8f983e9235,seven_years_war_1756_08_01,TERRESTRIAL_HEX,h6000_q-000592_r+000873,promo_7c95358cf0a4,promo_b68466ea22a9,UNRESOLVED,CONTROLLED,,sp_fef06587fead,34.61,12.33,hsrc_c61726597ef3,,Portugal safe interior v3 from the 1751 Vaugondy sheets; positional uncertainty 12.33 km replaces 34.61 km
rev_f1580127189d,seven_years_war_1756_08_01,TERRESTRIAL_HEX,h6000_q-000591_r+000873,promo_7c95358cf0a4,promo_b68466ea22a9,UNRESOLVED,CONTROLLED,,sp_fef06587fead,34.61,12.33,hsrc_c61726597ef3,,Portugal safe interior v3 from the 1751 Vaugondy sheets; positional uncertainty 12.33 km replaces 34.61 km
rev_79319549bf34,seven_years_war_1756_08_01,TERRESTRIAL_HEX,h6000_q-000592_r+000874,promo_7c95358cf0a4,promo_b68466ea22a9,UNRESOLVED,CONTROLLED,,sp_fef06587fead,34.61,12.33,hsrc_c61726597ef3,,Portugal safe interior v3 from the 1751 Vaugondy sheets; positional uncertainty 12.33 km replaces 34.61 km
rev_5542dff1b16a,seven_years_war_1756_08_01,TERRESTRIAL_HEX,h6000_q-000591_r+000874,promo_7c95358cf0a4,promo_b68466ea22a9,UNRESOLVED,CONTROLLED,,sp_fef06587fead,34.61,12.33,hsrc_c61726597ef3,,Portugal safe interior v3 from the 1751 Vaugondy sheets; positional uncertainty 12.33 km replaces 34.61 km
rev_14a3f39c6693,seven_years_war_1756_08_01,TERRESTRIAL_HEX,h6000_q-000591_r+000875,promo_7c95358cf0a4,promo_b68466ea22a9,UNRESOLVED,CONTROLLED,,sp_fef06587fead,34.61,12.33,hsrc_c61726597ef3,,Portugal safe interior v3 from the 1751 Vaugondy sheets; positional uncertainty 12.33 km replaces 34.61 km
rev_c2b82b64651c,seven_years_war_1756_08_01,TERRESTRIAL_HEX,h6000_q-000592_r+000875,promo_7c95358cf0a4,promo_b68466ea22a9,UNRESOLVED,CONTROLLED,,sp_fef06587fead,34.61,12.33,hsrc_c61726597ef3,,Portugal safe interior v3 from the 1751 Vaugondy sheets; positional uncertainty 12.33 km replaces 34.61 km
rev_b4e431cfde2d,seven_years_war_1756_08_01,TERRESTRIAL_HEX,h6000_q-000592_r+000876,promo_7c95358cf0a4,promo_b68466ea22a9,UNRESOLVED,CONTROLLED,,sp_fef06587fead,34.61,12.33,hsrc_c61726597ef3,,Portugal safe interior v3 from the 1751 Vaugondy sheets; positional uncertainty 12.33 km replaces 34.61 km
rev_688857b066be,seven_years_war_1756_08_01,TERRESTRIAL_HEX,h6000_q-000592_r+000877,promo_7c95358cf0a4,promo_b68466ea22a9,UNRESOLVED,CONTROLLED,,sp_fef06587fead,34.61,12.33,hsrc_c61726597ef3,,Portugal safe interior v3 from the 1751 Vaugondy sheets; positional uncertainty 12.33 km replaces 34.61 km
rev_67c2b6738ed5,seven_years_war_1756_08_01,TERRESTRIAL_HEX,h6000_q-000599_r+000881,promo_7c95358cf0a4,promo_b68466ea22a9,UNRESOLVED,CONTROLLED,,sp_fef06587fead,34.61,12.33,hsrc_c61726597ef3,,Portugal safe interior v3 from the 1751 Vaugondy sheets; positional uncertainty 12.33 km replaces 34.61 km
rev_5c8c1ce14e79,seven_years_war_1756_08_01,TERRESTRIAL_HEX,h6000_q-000599_r+000882,promo_7c95358cf0a4,promo_b68466ea22a9,UNRESOLVED,CONTROLLED,,sp_fef06587fead,34.61,12.33,hsrc_c61726597ef3,,Portugal safe interior v3 from the 1751 Vaugondy sheets; positional uncertainty 12.33 km replaces 34.61 km
rev_b7791d61c480,seven_years_war_1756_08_01,TERRESTRIAL_HEX,h6000_q-000600_r+000882,promo_7c95358cf0a4,promo_b68466ea22a9,UNRESOLVED,CONTROLLED,,sp_fef06587fead,34.61,12.33,hsrc_c61726597ef3,,Portugal safe interior v3 from the 1751 Vaugondy sheets; positional uncertainty 12.33 km replaces 34.61 km
rev_d8b0010cb1e5,seven_years_war_1756_08_01,TERRESTRIAL_HEX,h6000_q-000599_r+000883,promo_7c95358cf0a4,promo_b68466ea22a9,UNRESOLVED,CONTROLLED,,sp_fef06587fead,34.61,12.33,hsrc_c61726597ef3,,Portugal safe interior v3 from the 1751 Vaugondy sheets; positional uncertainty 12.33 km replaces 34.61 km
rev_363a5db82b24,seven_years_war_1756_08_01,TERRESTRIAL_HEX,h6000_q-000600_r+000883,promo_7c95358cf0a4,promo_b68466ea22a9,UNRESOLVED,CONTROLLED,,sp_fef06587fead,34.61,12.33,hsrc_c61726597ef3,,Portugal safe interior v3 from the 1751 Vaugondy sheets; positional uncertainty 12.33 km replaces 34.61 km
rev_bca9dccc7725,seven_years_war_1756_08_01,TERRESTRIAL_HEX,h6000_q-000599_r+000884,promo_7c95358cf0a4,promo_b68466ea22a9,UNRESOLVED,CONTROLLED,,sp_fef06587fead,34.61,12.33,hsrc_c61726597ef3,,Portugal safe interior v3 from the 1751 Vaugondy sheets; positional uncertainty 12.33 km replaces 34.61 km
rev_3d24e581233a,seven_years_war_1756_08_01,TERRESTRIAL_HEX,h6000_q-000601_r+000884,promo_7c95358cf0a4,promo_b68466ea22a9,UNRESOLVED,CONTROLLED,,sp_fef06587fead,34.61,12.33,hsrc_c61726597ef3,,Portugal safe interior v3 from the 1751 Vaugondy sheets; positional uncertainty 12.33 km replaces 34.61 km
rev_81535e32e1cc,seven_years_war_1756_08_01,TERRESTRIAL_HEX,h6000_q-000600_r+000884,promo_7c95358cf0a4,promo_b68466ea22a9,UNRESOLVED,CONTROLLED,,sp_fef06587fead,34.61,12.33,hsrc_c61726597ef3,,Portugal safe interior v3 from the 1751 Vaugondy sheets; positional uncertainty 12.33 km replaces 34.61 km
rev_3c563fd59570,seven_years_war_1756_08_01,TERRESTRIAL_HEX,h6000_q-000600_r+000885,promo_7c95358cf0a4,promo_b68466ea22a9,UNRESOLVED,CONTROLLED,,sp_fef06587fead,34.61,12.33,hsrc_c61726597ef3,,Portugal safe interior v3 from the 1751 Vaugondy sheets; positional uncertainty 12.33 km replaces 34.61 km
rev_12b1fd9528b5,seven_years_war_1756_08_01,TERRESTRIAL_HEX,h6000_q-000601_r+000885,promo_7c95358cf0a4,promo_b68466ea22a9,UNRESOLVED,CONTROLLED,,sp_fef06587fead,34.61,12.33,hsrc_c61726597ef3,,Portugal safe interior v3 from the 1751 Vaugondy sheets; positional uncertainty 12.33 km replaces 34.61 km
rev_9c03f0646b73,seven_years_war_1756_08_01,TERRESTRIAL_HEX,h6000_q-000599_r+000885,promo_7c95358cf0a4,promo_b68466ea22a9,UNRESOLVED,CONTROLLED,,sp_fef06587fead,34.61,12.33,hsrc_c61726597ef3,,Portugal safe interior v3 from the 1751 Vaugondy sheets; positional uncertainty 12.33 km replaces 34.61 km
rev_0a5089b39be5,seven_years_war_1756_08_01,TERRESTRIAL_HEX,h6000_q-000602_r+000883,promo_7c95358cf0a4,promo_b68466ea22a9,UNRESOLVED,CONTROLLED,,sp_fef06587fead,34.61,12.33,hsrc_c61726597ef3,,Portugal safe interior v3 from the 1751 Vaugondy sheets; positional uncertainty 12.33 km replaces 34.61 km
rev_9013b79d1319,seven_years_war_1756_08_01,TERRESTRIAL_HEX,h6000_q-000602_r+000884,promo_7c95358cf0a4,promo_b68466ea22a9,UNRESOLVED,CONTROLLED,,sp_fef06587fead,34.61,12.33,hsrc_c61726597ef3,,Portugal safe interior v3 from the 1751 Vaugondy sheets; positional uncertainty 12.33 km replaces 34.61 km
rev_b36d4f1f6bfc,seven_years_war_1756_08_01,TERRESTRIAL_HEX,h6000_q-000603_r+000884,promo_7c95358cf0a4,promo_b68466ea22a9,UNRESOLVED,CONTROLLED,,sp_fef06587fead,34.61,12.33,hsrc_c61726597ef3,,Portugal safe interior v3 from the 1751 Vaugondy sheets; positional uncertainty 12.33 km replaces 34.61 km
rev_e4e28c224344,seven_years_war_1756_08_01,TERRESTRIAL_HEX,h6000_q-000603_r+000885,promo_7c95358cf0a4,promo_b68466ea22a9,UNRESOLVED,CONTROLLED,,sp_fef06587fead,34.61,12.33,hsrc_c61726597ef3,,Portugal safe interior v3 from the 1751 Vaugondy sheets; positional uncertainty 12.33 km replaces 34.61 km
rev_f085f7f9b31c,seven_years_war_1756_08_01,TERRESTRIAL_HEX,h6000_q-000602_r+000885,promo_7c95358cf0a4,promo_b68466ea22a9,UNRESOLVED,CONTROLLED,,sp_fef06587fead,34.61,12.33,hsrc_c61726597ef3,,Portugal safe interior v3 from the 1751 Vaugondy sheets; positional uncertainty 12.33 km replaces 34.61 km
rev_4192470dfebb,seven_years_war_1756_08_01,TERRESTRIAL_HEX,h6000_q-000603_r+000886,promo_7c95358cf0a4,promo_b68466ea22a9,UNRESOLVED,CONTROLLED,,sp_fef06587fead,34.61,12.33,hsrc_c61726597ef3,,Portugal safe interior v3 from the 1751 Vaugondy sheets; positional uncertainty 12.33 km replaces 34.61 km
rev_8b5881b33c84,seven_years_war_1756_08_01,TERRESTRIAL_HEX,h6000_q-000577_r+000884,promo_7c95358cf0a4,promo_b68466ea22a9,UNRESOLVED,CONTROLLED,,sp_fef06587fead,34.61,12.33,hsrc_c61726597ef3,,Portugal safe interior v3 from the 1751 Vaugondy sheets; positional uncertainty 12.33 km replaces 34.61 km
rev_1fa544000d7d,seven_years_war_1756_08_01,TERRESTRIAL_HEX,h6000_q-000578_r+000885,promo_7c95358cf0a4,promo_b68466ea22a9,UNRESOLVED,CONTROLLED,,sp_fef06587fead,34.61,12.33,hsrc_c61726597ef3,,Portugal safe interior v3 from the 1751 Vaugondy sheets; positional uncertainty 12.33 km replaces 34.61 km
rev_9918e8383a7b,seven_years_war_1756_08_01,TERRESTRIAL_HEX,h6000_q-000581_r+000886,promo_7c95358cf0a4,promo_b68466ea22a9,UNRESOLVED,CONTROLLED,,sp_fef06587fead,34.61,12.33,hsrc_c61726597ef3,,Portugal safe interior v3 from the 1751 Vaugondy sheets; positional uncertainty 12.33 km replaces 34.61 km
rev_45728f10bee4,seven_years_war_1756_08_01,TERRESTRIAL_HEX,h6000_q-000579_r+000886,promo_7c95358cf0a4,promo_b68466ea22a9,UNRESOLVED,CONTROLLED,,sp_fef06587fead,34.61,12.33,hsrc_c61726597ef3,,Portugal safe interior v3 from the 1751 Vaugondy sheets; positional uncertainty 12.33 km replaces 34.61 km
rev_ab9fd643588b,seven_years_war_1756_08_01,TERRESTRIAL_HEX,h6000_q-000580_r+000886,promo_7c95358cf0a4,promo_b68466ea22a9,UNRESOLVED,CONTROLLED,,sp_fef06587fead,34.61,12.33,hsrc_c61726597ef3,,Portugal safe interior v3 from the 1751 Vaugondy sheets; positional uncertainty 12.33 km replaces 34.61 km
rev_e4154d9b22d8,seven_years_war_1756_08_01,TERRESTRIAL_HEX,h6000_q-000581_r+000887,promo_7c95358cf0a4,promo_b68466ea22a9,UNRESOLVED,CONTROLLED,,sp_fef06587fead,34.61,12.33,hsrc_c61726597ef3,,Portugal safe interior v3 from the 1751 Vaugondy sheets; positional uncertainty 12.33 km replaces 34.61 km
rev_ea533aa42a2b,seven_years_war_1756_08_01,TERRESTRIAL_HEX,h6000_q-000580_r+000887,promo_7c95358cf0a4,promo_b68466ea22a9,UNRESOLVED,CONTROLLED,,sp_fef06587fead,34.61,12.33,hsrc_c61726597ef3,,Portugal safe interior v3 from the 1751 Vaugondy sheets; positional uncertainty 12.33 km replaces 34.61 km
rev_ca0f424a2579,seven_years_war_1756_08_01,TERRESTRIAL_HEX,h6000_q-000582_r+000888,promo_7c95358cf0a4,promo_b68466ea22a9,UNRESOLVED,CONTROLLED,,sp_fef06587fead,34.61,12.33,hsrc_c61726597ef3,,Portugal safe interior v3 from the 1751 Vaugondy sheets; positional uncertainty 12.33 km replaces 34.61 km
rev_c46998e8d452,seven_years_war_1756_08_01,TERRESTRIAL_HEX,h6000_q-000581_r+000888,promo_7c95358cf0a4,promo_b68466ea22a9,UNRESOLVED,CONTROLLED,,sp_fef06587fead,34.61,12.33,hsrc_c61726597ef3,,Portugal safe interior v3 from the 1751 Vaugondy sheets; positional uncertainty 12.33 km replaces 34.61 km
rev_0ede140a94b1,seven_years_war_1756_08_01,TERRESTRIAL_HEX,h6000_q-000587_r+000888,promo_7c95358cf0a4,promo_b68466ea22a9,UNRESOLVED,CONTROLLED,,sp_fef06587fead,34.61,12.33,hsrc_c61726597ef3,,Portugal safe interior v3 from the 1751 Vaugondy sheets; positional uncertainty 12.33 km replaces 34.61 km
rev_ed3939326274,seven_years_war_1756_08_01,TERRESTRIAL_HEX,h6000_q-000588_r+000888,promo_7c95358cf0a4,promo_b68466ea22a9,UNRESOLVED,CONTROLLED,,sp_fef06587fead,34.61,12.33,hsrc_c61726597ef3,,Portugal safe interior v3 from the 1751 Vaugondy sheets; positional uncertainty 12.33 km replaces 34.61 km
rev_8f67d4d382ed,seven_years_war_1756_08_01,TERRESTRIAL_HEX,h6000_q-000586_r+000888,promo_7c95358cf0a4,promo_b68466ea22a9,UNRESOLVED,CONTROLLED,,sp_fef06587fead,34.61,12.33,hsrc_c61726597ef3,,Portugal safe interior v3 from the 1751 Vaugondy sheets; positional uncertainty 12.33 km replaces 34.61 km
rev_72f1f2169117,seven_years_war_1756_08_01,TERRESTRIAL_HEX,h6000_q-000588_r+000889,promo_7c95358cf0a4,promo_b68466ea22a9,UNRESOLVED,CONTROLLED,,sp_fef06587fead,34.61,12.33,hsrc_c61726597ef3,,Portugal safe interior v3 from the 1751 Vaugondy sheets; positional uncertainty 12.33 km replaces 34.61 km
rev_4a2d390f1e2b,seven_years_war_1756_08_01,TERRESTRIAL_HEX,h6000_q-000587_r+000889,promo_7c95358cf0a4,promo_b68466ea22a9,UNRESOLVED,CONTROLLED,,sp_fef06587fead,34.61,12.33,hsrc_c61726597ef3,,Portugal safe interior v3 from the 1751 Vaugondy sheets; positional uncertainty 12.33 km replaces 34.61 km
rev_a89b8e6ce060,seven_years_war_1756_08_01,TERRESTRIAL_HEX,h6000_q-000586_r+000889,promo_7c95358cf0a4,promo_b68466ea22a9,UNRESOLVED,CONTROLLED,,sp_fef06587fead,34.61,12.33,hsrc_c61726597ef3,,Portugal safe interior v3 from the 1751 Vaugondy sheets; positional uncertainty 12.33 km replaces 34.61 km
rev_6eb209b4e2ff,seven_years_war_1756_08_01,TERRESTRIAL_HEX,h6000_q-000587_r+000890,promo_7c95358cf0a4,promo_b68466ea22a9,UNRESOLVED,CONTROLLED,,sp_fef06587fead,34.61,12.33,hsrc_c61726597ef3,,Portugal safe interior v3 from the 1751 Vaugondy sheets; positional uncertainty 12.33 km replaces 34.61 km
rev_8f79982e43e7,seven_years_war_1756_08_01,TERRESTRIAL_HEX,h6000_q-000588_r+000890,promo_7c95358cf0a4,promo_b68466ea22a9,UNRESOLVED,CONTROLLED,,sp_fef06587fead,34.61,12.33,hsrc_c61726597ef3,,Portugal safe interior v3 from the 1751 Vaugondy sheets; positional uncertainty 12.33 km replaces 34.61 km
rev_6236e5fdfaa9,seven_years_war_1756_08_01,TERRESTRIAL_HEX,h6000_q-000589_r+000890,promo_7c95358cf0a4,promo_b68466ea22a9,UNRESOLVED,CONTROLLED,,sp_fef06587fead,34.61,12.33,hsrc_c61726597ef3,,Portugal safe interior v3 from the 1751 Vaugondy sheets; positional uncertainty 12.33 km replaces 34.61 km
rev_ecd498fc409d,seven_years_war_1756_08_01,TERRESTRIAL_HEX,h6000_q-000588_r+000891,promo_7c95358cf0a4,promo_b68466ea22a9,UNRESOLVED,CONTROLLED,,sp_fef06587fead,34.61,12.33,hsrc_c61726597ef3,,Portugal safe interior v3 from the 1751 Vaugondy sheets; positional uncertainty 12.33 km replaces 34.61 km
rev_b01dd142dbf5,seven_years_war_1756_08_01,TERRESTRIAL_HEX,h6000_q-000585_r+000889,promo_7c95358cf0a4,promo_b68466ea22a9,UNRESOLVED,CONTROLLED,,sp_fef06587fead,34.61,12.33,hsrc_c61726597ef3,,Portugal safe interior v3 from the 1751 Vaugondy sheets; positional uncertainty 12.33 km replaces 34.61 km
rev_1f5ed78ecdd2,seven_years_war_1756_08_01,TERRESTRIAL_HEX,h6000_q-000583_r+000889,promo_7c95358cf0a4,promo_b68466ea22a9,UNRESOLVED,CONTROLLED,,sp_fef06587fead,34.61,12.33,hsrc_c61726597ef3,,Portugal safe interior v3 from the 1751 Vaugondy sheets; positional uncertainty 12.33 km replaces 34.61 km
rev_8e5228b37739,seven_years_war_1756_08_01,TERRESTRIAL_HEX,h6000_q-000584_r+000889,promo_7c95358cf0a4,promo_b68466ea22a9,UNRESOLVED,CONTROLLED,,sp_fef06587fead,34.61,12.33,hsrc_c61726597ef3,,Portugal safe interior v3 from the 1751 Vaugondy sheets; positional uncertainty 12.33 km replaces 34.61 km
rev_fae6b12c5e7a,seven_years_war_1756_08_01,TERRESTRIAL_HEX,h6000_q-000584_r+000890,promo_7c95358cf0a4,promo_b68466ea22a9,UNRESOLVED,CONTROLLED,,sp_fef06587fead,34.61,12.33,hsrc_c61726597ef3,,Portugal safe interior v3 from the 1751 Vaugondy sheets; positional uncertainty 12.33 km replaces 34.61 km
rev_f109338f5f6e,seven_years_war_1756_08_01,TERRESTRIAL_HEX,h6000_q-000585_r+000890,promo_7c95358cf0a4,promo_b68466ea22a9,UNRESOLVED,CONTROLLED,,sp_fef06587fead,34.61,12.33,hsrc_c61726597ef3,,Portugal safe interior v3 from the 1751 Vaugondy sheets; positional uncertainty 12.33 km replaces 34.61 km
rev_316d5799ff6a,seven_years_war_1756_08_01,TERRESTRIAL_HEX,h6000_q-000586_r+000890,promo_7c95358cf0a4,promo_b68466ea22a9,UNRESOLVED,CONTROLLED,,sp_fef06587fead,34.61,12.33,hsrc_c61726597ef3,,Portugal safe interior v3 from the 1751 Vaugondy sheets; positional uncertainty 12.33 km replaces 34.61 km
rev_27ff8833f5f3,seven_years_war_1756_08_01,TERRESTRIAL_HEX,h6000_q-000585_r+000891,promo_7c95358cf0a4,promo_b68466ea22a9,UNRESOLVED,CONTROLLED,,sp_fef06587fead,34.61,12.33,hsrc_c61726597ef3,,Portugal safe interior v3 from the 1751 Vaugondy sheets; positional uncertainty 12.33 km replaces 34.61 km
rev_09cf7e76988d,seven_years_war_1756_08_01,TERRESTRIAL_HEX,h6000_q-000586_r+000891,promo_7c95358cf0a4,promo_b68466ea22a9,UNRESOLVED,CONTROLLED,,sp_fef06587fead,34.61,12.33,hsrc_c61726597ef3,,Portugal safe interior v3 from the 1751 Vaugondy sheets; positional uncertainty 12.33 km replaces 34.61 km
rev_4cb6969d9c12,seven_years_war_1756_08_01,TERRESTRIAL_HEX,h6000_q-000587_r+000892,promo_7c95358cf0a4,promo_b68466ea22a9,UNRESOLVED,CONTROLLED,,sp_fef06587fead,34.61,12.33,hsrc_c61726597ef3,,Portugal safe interior v3 from the 1751 Vaugondy sheets; positional uncertainty 12.33 km replaces 34.61 km
rev_8f642435ee14,seven_years_war_1756_08_01,TERRESTRIAL_HEX,h6000_q-000589_r+000891,promo_7c95358cf0a4,promo_b68466ea22a9,UNRESOLVED,CONTROLLED,,sp_fef06587fead,34.61,12.33,hsrc_c61726597ef3,,Portugal safe interior v3 from the 1751 Vaugondy sheets; positional uncertainty 12.33 km replaces 34.61 km
rev_9e87d98280c2,seven_years_war_1756_08_01,TERRESTRIAL_HEX,h6000_q-000587_r+000891,promo_7c95358cf0a4,promo_b68466ea22a9,UNRESOLVED,CONTROLLED,,sp_fef06587fead,34.61,12.33,hsrc_c61726597ef3,,Portugal safe interior v3 from the 1751 Vaugondy sheets; positional uncertainty 12.33 km replaces 34.61 km
rev_a8b9336095d2,seven_years_war_1756_08_01,TERRESTRIAL_HEX,h6000_q-000590_r+000892,promo_7c95358cf0a4,promo_b68466ea22a9,UNRESOLVED,CONTROLLED,,sp_fef06587fead,34.61,12.33,hsrc_c61726597ef3,,Portugal safe interior v3 from the 1751 Vaugondy sheets; positional uncertainty 12.33 km replaces 34.61 km
rev_c180fc37c304,seven_years_war_1756_08_01,TERRESTRIAL_HEX,h6000_q-000589_r+000892,promo_7c95358cf0a4,promo_b68466ea22a9,UNRESOLVED,CONTROLLED,,sp_fef06587fead,34.61,12.33,hsrc_c61726597ef3,,Portugal safe interior v3 from the 1751 Vaugondy sheets; positional uncertainty 12.33 km replaces 34.61 km
rev_c4af81079580,seven_years_war_1756_08_01,TERRESTRIAL_HEX,h6000_q-000588_r+000892,promo_7c95358cf0a4,promo_b68466ea22a9,UNRESOLVED,CONTROLLED,,sp_fef06587fead,34.61,12.33,hsrc_c61726597ef3,,Portugal safe interior v3 from the 1751 Vaugondy sheets; positional uncertainty 12.33 km replaces 34.61 km
rev_c2d243e52ef5,seven_years_war_1756_08_01,TERRESTRIAL_HEX,h6000_q-000588_r+000893,promo_7c95358cf0a4,promo_b68466ea22a9,UNRESOLVED,CONTROLLED,,sp_fef06587fead,34.61,12.33,hsrc_c61726597ef3,,Portugal safe interior v3 from the 1751 Vaugondy sheets; positional uncertainty 12.33 km replaces 34.61 km
rev_230818a2dcb9,seven_years_war_1756_08_01,TERRESTRIAL_HEX,h6000_q-000590_r+000893,promo_7c95358cf0a4,promo_b68466ea22a9,UNRESOLVED,CONTROLLED,,sp_fef06587fead,34.61,12.33,hsrc_c61726597ef3,,Portugal safe interior v3 from the 1751 Vaugondy sheets; positional uncertainty 12.33 km replaces 34.61 km
rev_9b637475f33f,seven_years_war_1756_08_01,TERRESTRIAL_HEX,h6000_q-000589_r+000893,promo_7c95358cf0a4,promo_b68466ea22a9,UNRESOLVED,CONTROLLED,,sp_fef06587fead,34.61,12.33,hsrc_c61726597ef3,,Portugal safe interior v3 from the 1751 Vaugondy sheets; positional uncertainty 12.33 km replaces 34.61 km
rev_86b5f44564f2,seven_years_war_1756_08_01,TERRESTRIAL_HEX,h6000_q-000591_r+000894,promo_7c95358cf0a4,promo_b68466ea22a9,UNRESOLVED,CONTROLLED,,sp_fef06587fead,34.61,12.33,hsrc_c61726597ef3,,Portugal safe interior v3 from the 1751 Vaugondy sheets; positional uncertainty 12.33 km replaces 34.61 km
rev_8ea7470808ce,seven_years_war_1756_08_01,TERRESTRIAL_HEX,h6000_q-000590_r+000894,promo_7c95358cf0a4,promo_b68466ea22a9,UNRESOLVED,CONTROLLED,,sp_fef06587fead,34.61,12.33,hsrc_c61726597ef3,,Portugal safe interior v3 from the 1751 Vaugondy sheets; positional uncertainty 12.33 km replaces 34.61 km
rev_eb2579dd74ff,seven_years_war_1756_08_01,TERRESTRIAL_HEX,h6000_q-000586_r+000892,promo_7c95358cf0a4,promo_b68466ea22a9,UNRESOLVED,CONTROLLED,,sp_fef06587fead,34.61,12.33,hsrc_c61726597ef3,,Portugal safe interior v3 from the 1751 Vaugondy sheets; positional uncertainty 12.33 km replaces 34.61 km
rev_d7a20f6cb57d,seven_years_war_1756_08_01,TERRESTRIAL_HEX,h6000_q-000587_r+000893,promo_7c95358cf0a4,promo_b68466ea22a9,UNRESOLVED,CONTROLLED,,sp_fef06587fead,34.61,12.33,hsrc_c61726597ef3,,Portugal safe interior v3 from the 1751 Vaugondy sheets; positional uncertainty 12.33 km replaces 34.61 km
rev_8596b90e84ef,seven_years_war_1756_08_01,TERRESTRIAL_HEX,h6000_q-000586_r+000893,promo_7c95358cf0a4,promo_b68466ea22a9,UNRESOLVED,CONTROLLED,,sp_fef06587fead,34.61,12.33,hsrc_c61726597ef3,,Portugal safe interior v3 from the 1751 Vaugondy sheets; positional uncertainty 12.33 km replaces 34.61 km
rev_bacc9d391211,seven_years_war_1756_08_01,TERRESTRIAL_HEX,h6000_q-000588_r+000894,promo_7c95358cf0a4,promo_b68466ea22a9,UNRESOLVED,CONTROLLED,,sp_fef06587fead,34.61,12.33,hsrc_c61726597ef3,,Portugal safe interior v3 from the 1751 Vaugondy sheets; positional uncertainty 12.33 km replaces 34.61 km
rev_a6be547ad568,seven_years_war_1756_08_01,TERRESTRIAL_HEX,h6000_q-000587_r+000894,promo_7c95358cf0a4,promo_b68466ea22a9,UNRESOLVED,CONTROLLED,,sp_fef06587fead,34.61,12.33,hsrc_c61726597ef3,,Portugal safe interior v3 from the 1751 Vaugondy sheets; positional uncertainty 12.33 km replaces 34.61 km
rev_a474b3c913b2,seven_years_war_1756_08_01,TERRESTRIAL_HEX,h6000_q-000587_r+000895,promo_7c95358cf0a4,promo_b68466ea22a9,UNRESOLVED,CONTROLLED,,sp_fef06587fead,34.61,12.33,hsrc_c61726597ef3,,Portugal safe interior v3 from the 1751 Vaugondy sheets; positional uncertainty 12.33 km replaces 34.61 km
rev_ea5617d37f0f,seven_years_war_1756_08_01,TERRESTRIAL_HEX,h6000_q-000589_r+000894,promo_7c95358cf0a4,promo_b68466ea22a9,UNRESOLVED,CONTROLLED,,sp_fef06587fead,34.61,12.33,hsrc_c61726597ef3,,Portugal safe interior v3 from the 1751 Vaugondy sheets; positional uncertainty 12.33 km replaces 34.61 km
rev_4467cb4c0658,seven_years_war_1756_08_01,TERRESTRIAL_HEX,h6000_q-000590_r+000895,promo_7c95358cf0a4,promo_b68466ea22a9,UNRESOLVED,CONTROLLED,,sp_fef06587fead,34.61,12.33,hsrc_c61726597ef3,,Portugal safe interior v3 from the 1751 Vaugondy sheets; positional uncertainty 12.33 km replaces 34.61 km
rev_4eb35ae665a4,seven_years_war_1756_08_01,TERRESTRIAL_HEX,h6000_q-000591_r+000895,promo_7c95358cf0a4,promo_b68466ea22a9,UNRESOLVED,CONTROLLED,,sp_fef06587fead,34.61,12.33,hsrc_c61726597ef3,,Portugal safe interior v3 from the 1751 Vaugondy sheets; positional uncertainty 12.33 km replaces 34.61 km
rev_c9111aaf7a6a,seven_years_war_1756_08_01,TERRESTRIAL_HEX,h6000_q-000589_r+000895,promo_7c95358cf0a4,promo_b68466ea22a9,UNRESOLVED,CONTROLLED,,sp_fef06587fead,34.61,12.33,hsrc_c61726597ef3,,Portugal safe interior v3 from the 1751 Vaugondy sheets; positional uncertainty 12.33 km replaces 34.61 km
rev_23cf400fd437,seven_years_war_1756_08_01,TERRESTRIAL_HEX,h6000_q-000591_r+000896,promo_7c95358cf0a4,promo_b68466ea22a9,UNRESOLVED,CONTROLLED,,sp_fef06587fead,34.61,12.33,hsrc_c61726597ef3,,Portugal safe interior v3 from the 1751 Vaugondy sheets; positional uncertainty 12.33 km replaces 34.61 km
rev_e79e3e01f8dd,seven_years_war_1756_08_01,TERRESTRIAL_HEX,h6000_q-000590_r+000896,promo_7c95358cf0a4,promo_b68466ea22a9,UNRESOLVED,CONTROLLED,,sp_fef06587fead,34.61,12.33,hsrc_c61726597ef3,,Portugal safe interior v3 from the 1751 Vaugondy sheets; positional uncertainty 12.33 km replaces 34.61 km
rev_c2602b62362b,seven_years_war_1756_08_01,TERRESTRIAL_HEX,h6000_q-000592_r+000896,promo_7c95358cf0a4,promo_b68466ea22a9,UNRESOLVED,CONTROLLED,,sp_fef06587fead,34.61,12.33,hsrc_c61726597ef3,,Portugal safe interior v3 from the 1751 Vaugondy sheets; positional uncertainty 12.33 km replaces 34.61 km
rev_dbf1dbed0a2d,seven_years_war_1756_08_01,TERRESTRIAL_HEX,h6000_q-000590_r+000897,promo_7c95358cf0a4,promo_b68466ea22a9,UNRESOLVED,CONTROLLED,,sp_fef06587fead,34.61,12.33,hsrc_c61726597ef3,,Portugal safe interior v3 from the 1751 Vaugondy sheets; positional uncertainty 12.33 km replaces 34.61 km
rev_fa6765c18012,seven_years_war_1756_08_01,TERRESTRIAL_HEX,h6000_q-000591_r+000897,promo_7c95358cf0a4,promo_b68466ea22a9,UNRESOLVED,CONTROLLED,,sp_fef06587fead,34.61,12.33,hsrc_c61726597ef3,,Portugal safe interior v3 from the 1751 Vaugondy sheets; positional uncertainty 12.33 km replaces 34.61 km
rev_ea3e3d3175c4,seven_years_war_1756_08_01,TERRESTRIAL_HEX,h6000_q-000592_r+000897,promo_7c95358cf0a4,promo_b68466ea22a9,UNRESOLVED,CONTROLLED,,sp_fef06587fead,34.61,12.33,hsrc_c61726597ef3,,Portugal safe interior v3 from the 1751 Vaugondy sheets; positional uncertainty 12.33 km replaces 34.61 km
rev_68f3db984920,seven_years_war_1756_08_01,TERRESTRIAL_HEX,h6000_q-000588_r+000895,promo_7c95358cf0a4,promo_b68466ea22a9,UNRESOLVED,CONTROLLED,,sp_fef06587fead,34.61,12.33,hsrc_c61726597ef3,,Portugal safe interior v3 from the 1751 Vaugondy sheets; positional uncertainty 12.33 km replaces 34.61 km
rev_06d338e7ea6e,seven_years_war_1756_08_01,TERRESTRIAL_HEX,h6000_q-000588_r+000896,promo_7c95358cf0a4,promo_b68466ea22a9,UNRESOLVED,CONTROLLED,,sp_fef06587fead,34.61,12.33,hsrc_c61726597ef3,,Portugal safe interior v3 from the 1751 Vaugondy sheets; positional uncertainty 12.33 km replaces 34.61 km
rev_2cf0e54f6694,seven_years_war_1756_08_01,TERRESTRIAL_HEX,h6000_q-000587_r+000896,promo_7c95358cf0a4,promo_b68466ea22a9,UNRESOLVED,CONTROLLED,,sp_fef06587fead,34.61,12.33,hsrc_c61726597ef3,,Portugal safe interior v3 from the 1751 Vaugondy sheets; positional uncertainty 12.33 km replaces 34.61 km
rev_d348a93f39f4,seven_years_war_1756_08_01,TERRESTRIAL_HEX,h6000_q-000589_r+000896,promo_7c95358cf0a4,promo_b68466ea22a9,UNRESOLVED,CONTROLLED,,sp_fef06587fead,34.61,12.33,hsrc_c61726597ef3,,Portugal safe interior v3 from the 1751 Vaugondy sheets; positional uncertainty 12.33 km replaces 34.61 km
rev_3df6cbd19455,seven_years_war_1756_08_01,TERRESTRIAL_HEX,h6000_q-000588_r+000897,promo_7c95358cf0a4,promo_b68466ea22a9,UNRESOLVED,CONTROLLED,,sp_fef06587fead,34.61,12.33,hsrc_c61726597ef3,,Portugal safe interior v3 from the 1751 Vaugondy sheets; positional uncertainty 12.33 km replaces 34.61 km
rev_e58027e2968f,seven_years_war_1756_08_01,TERRESTRIAL_HEX,h6000_q-000589_r+000897,promo_7c95358cf0a4,promo_b68466ea22a9,UNRESOLVED,CONTROLLED,,sp_fef06587fead,34.61,12.33,hsrc_c61726597ef3,,Portugal safe interior v3 from the 1751 Vaugondy sheets; positional uncertainty 12.33 km replaces 34.61 km
rev_9bf462c3969a,seven_years_war_1756_08_01,TERRESTRIAL_HEX,h6000_q-000587_r+000897,promo_7c95358cf0a4,promo_b68466ea22a9,UNRESOLVED,CONTROLLED,,sp_fef06587fead,34.61,12.33,hsrc_c61726597ef3,,Portugal safe interior v3 from the 1751 Vaugondy sheets; positional uncertainty 12.33 km replaces 34.61 km
rev_818c15350834,seven_years_war_1756_08_01,TERRESTRIAL_HEX,h6000_q-000589_r+000898,promo_7c95358cf0a4,promo_b68466ea22a9,UNRESOLVED,CONTROLLED,,sp_fef06587fead,34.61,12.33,hsrc_c61726597ef3,,Portugal safe interior v3 from the 1751 Vaugondy sheets; positional uncertainty 12.33 km replaces 34.61 km
rev_264c4df3d0bd,seven_years_war_1756_08_01,TERRESTRIAL_HEX,h6000_q-000588_r+000898,promo_7c95358cf0a4,promo_b68466ea22a9,UNRESOLVED,CONTROLLED,,sp_fef06587fead,34.61,12.33,hsrc_c61726597ef3,,Portugal safe interior v3 from the 1751 Vaugondy sheets; positional uncertainty 12.33 km replaces 34.61 km
rev_a4a36f1fbf59,seven_years_war_1756_08_01,TERRESTRIAL_HEX,h6000_q-000590_r+000898,promo_7c95358cf0a4,promo_b68466ea22a9,UNRESOLVED,CONTROLLED,,sp_fef06587fead,34.61,12.33,hsrc_c61726597ef3,,Portugal safe interior v3 from the 1751 Vaugondy sheets; positional uncertainty 12.33 km replaces 34.61 km
rev_397dc63a0451,seven_years_war_1756_08_01,TERRESTRIAL_HEX,h6000_q-000587_r+000898,promo_7c95358cf0a4,promo_b68466ea22a9,UNRESOLVED,CONTROLLED,,sp_fef06587fead,34.61,12.33,hsrc_c61726597ef3,,Portugal safe interior v3 from the 1751 Vaugondy sheets; positional uncertainty 12.33 km replaces 34.61 km
rev_314f4a8402c3,seven_years_war_1756_08_01,TERRESTRIAL_HEX,h6000_q-000587_r+000899,promo_7c95358cf0a4,promo_b68466ea22a9,UNRESOLVED,CONTROLLED,,sp_fef06587fead,34.61,12.33,hsrc_c61726597ef3,,Portugal safe interior v3 from the 1751 Vaugondy sheets; positional uncertainty 12.33 km replaces 34.61 km
rev_0666cc2ebb14,seven_years_war_1756_08_01,TERRESTRIAL_HEX,h6000_q-000587_r+000900,promo_7c95358cf0a4,promo_b68466ea22a9,UNRESOLVED,CONTROLLED,,sp_fef06587fead,34.61,12.33,hsrc_c61726597ef3,,Portugal safe interior v3 from the 1751 Vaugondy sheets; positional uncertainty 12.33 km replaces 34.61 km
rev_4fe7de6fbc93,seven_years_war_1756_08_01,TERRESTRIAL_HEX,h6000_q-000588_r+000900,promo_7c95358cf0a4,promo_b68466ea22a9,UNRESOLVED,CONTROLLED,,sp_fef06587fead,34.61,12.33,hsrc_c61726597ef3,,Portugal safe interior v3 from the 1751 Vaugondy sheets; positional uncertainty 12.33 km replaces 34.61 km
rev_fc0ed9ce505f,seven_years_war_1756_08_01,TERRESTRIAL_HEX,h6000_q-000587_r+000901,promo_7c95358cf0a4,promo_b68466ea22a9,UNRESOLVED,CONTROLLED,,sp_fef06587fead,34.61,12.33,hsrc_c61726597ef3,,Portugal safe interior v3 from the 1751 Vaugondy sheets; positional uncertainty 12.33 km replaces 34.61 km
rev_7f0a1665a44c,seven_years_war_1756_08_01,TERRESTRIAL_HEX,h6000_q-000588_r+000901,promo_7c95358cf0a4,promo_b68466ea22a9,UNRESOLVED,CONTROLLED,,sp_fef06587fead,34.61,12.33,hsrc_c61726597ef3,,Portugal safe interior v3 from the 1751 Vaugondy sheets; positional uncertainty 12.33 km replaces 34.61 km
rev_c74050f01f12,seven_years_war_1756_08_01,TERRESTRIAL_HEX,h6000_q-000593_r+000898,promo_7c95358cf0a4,promo_b68466ea22a9,UNRESOLVED,CONTROLLED,,sp_fef06587fead,34.61,12.33,hsrc_c61726597ef3,,Portugal safe interior v3 from the 1751 Vaugondy sheets; positional uncertainty 12.33 km replaces 34.61 km
rev_a995f80befe1,seven_years_war_1756_08_01,TERRESTRIAL_HEX,h6000_q-000592_r+000898,promo_7c95358cf0a4,promo_b68466ea22a9,UNRESOLVED,CONTROLLED,,sp_fef06587fead,34.61,12.33,hsrc_c61726597ef3,,Portugal safe interior v3 from the 1751 Vaugondy sheets; positional uncertainty 12.33 km replaces 34.61 km
rev_05b58fc6f044,seven_years_war_1756_08_01,TERRESTRIAL_HEX,h6000_q-000591_r+000898,promo_7c95358cf0a4,promo_b68466ea22a9,UNRESOLVED,CONTROLLED,,sp_fef06587fead,34.61,12.33,hsrc_c61726597ef3,,Portugal safe interior v3 from the 1751 Vaugondy sheets; positional uncertainty 12.33 km replaces 34.61 km
rev_5f031d0c338f,seven_years_war_1756_08_01,TERRESTRIAL_HEX,h6000_q-000593_r+000899,promo_7c95358cf0a4,promo_b68466ea22a9,UNRESOLVED,CONTROLLED,,sp_fef06587fead,34.61,12.33,hsrc_c61726597ef3,,Portugal safe interior v3 from the 1751 Vaugondy sheets; positional uncertainty 12.33 km replaces 34.61 km
rev_df937bb4648b,seven_years_war_1756_08_01,TERRESTRIAL_HEX,h6000_q-000592_r+000899,promo_7c95358cf0a4,promo_b68466ea22a9,UNRESOLVED,CONTROLLED,,sp_fef06587fead,34.61,12.33,hsrc_c61726597ef3,,Portugal safe interior v3 from the 1751 Vaugondy sheets; positional uncertainty 12.33 km replaces 34.61 km
rev_066b5631c0ba,seven_years_war_1756_08_01,TERRESTRIAL_HEX,h6000_q-000591_r+000899,promo_7c95358cf0a4,promo_b68466ea22a9,UNRESOLVED,CONTROLLED,,sp_fef06587fead,34.61,12.33,hsrc_c61726597ef3,,Portugal safe interior v3 from the 1751 Vaugondy sheets; positional uncertainty 12.33 km replaces 34.61 km
rev_12d6f15cf309,seven_years_war_1756_08_01,TERRESTRIAL_HEX,h6000_q-000594_r+000900,promo_7c95358cf0a4,promo_b68466ea22a9,UNRESOLVED,CONTROLLED,,sp_fef06587fead,34.61,12.33,hsrc_c61726597ef3,,Portugal safe interior v3 from the 1751 Vaugondy sheets; positional uncertainty 12.33 km replaces 34.61 km
rev_32b0078b84a7,seven_years_war_1756_08_01,TERRESTRIAL_HEX,h6000_q-000593_r+000900,promo_7c95358cf0a4,promo_b68466ea22a9,UNRESOLVED,CONTROLLED,,sp_fef06587fead,34.61,12.33,hsrc_c61726597ef3,,Portugal safe interior v3 from the 1751 Vaugondy sheets; positional uncertainty 12.33 km replaces 34.61 km
rev_0e987e24f725,seven_years_war_1756_08_01,TERRESTRIAL_HEX,h6000_q-000592_r+000900,promo_7c95358cf0a4,promo_b68466ea22a9,UNRESOLVED,CONTROLLED,,sp_fef06587fead,34.61,12.33,hsrc_c61726597ef3,,Portugal safe interior v3 from the 1751 Vaugondy sheets; positional uncertainty 12.33 km replaces 34.61 km
rev_760b5323f6ac,seven_years_war_1756_08_01,TERRESTRIAL_HEX,h6000_q-000592_r+000901,promo_7c95358cf0a4,promo_b68466ea22a9,UNRESOLVED,CONTROLLED,,sp_fef06587fead,34.61,12.33,hsrc_c61726597ef3,,Portugal safe interior v3 from the 1751 Vaugondy sheets; positional uncertainty 12.33 km replaces 34.61 km
rev_724f6f07a4f2,seven_years_war_1756_08_01,TERRESTRIAL_HEX,h6000_q-000590_r+000899,promo_7c95358cf0a4,promo_b68466ea22a9,UNRESOLVED,CONTROLLED,,sp_fef06587fead,34.61,12.33,hsrc_c61726597ef3,,Portugal safe interior v3 from the 1751 Vaugondy sheets; positional uncertainty 12.33 km replaces 34.61 km
rev_b7180f310aaf,seven_years_war_1756_08_01,TERRESTRIAL_HEX,h6000_q-000588_r+000899,promo_7c95358cf0a4,promo_b68466ea22a9,UNRESOLVED,CONTROLLED,,sp_fef06587fead,34.61,12.33,hsrc_c61726597ef3,,Portugal safe interior v3 from the 1751 Vaugondy sheets; positional uncertainty 12.33 km replaces 34.61 km
rev_d51a7a0552ba,seven_years_war_1756_08_01,TERRESTRIAL_HEX,h6000_q-000589_r+000899,promo_7c95358cf0a4,promo_b68466ea22a9,UNRESOLVED,CONTROLLED,,sp_fef06587fead,34.61,12.33,hsrc_c61726597ef3,,Portugal safe interior v3 from the 1751 Vaugondy sheets; positional uncertainty 12.33 km replaces 34.61 km
rev_4462f40462e7,seven_years_war_1756_08_01,TERRESTRIAL_HEX,h6000_q-000590_r+000900,promo_7c95358cf0a4,promo_b68466ea22a9,UNRESOLVED,CONTROLLED,,sp_fef06587fead,34.61,12.33,hsrc_c61726597ef3,,Portugal safe interior v3 from the 1751 Vaugondy sheets; positional uncertainty 12.33 km replaces 34.61 km
rev_146b7c8e71a4,seven_years_war_1756_08_01,TERRESTRIAL_HEX,h6000_q-000591_r+000900,promo_7c95358cf0a4,promo_b68466ea22a9,UNRESOLVED,CONTROLLED,,sp_fef06587fead,34.61,12.33,hsrc_c61726597ef3,,Portugal safe interior v3 from the 1751 Vaugondy sheets; positional uncertainty 12.33 km replaces 34.61 km
rev_7b2f3817550f,seven_years_war_1756_08_01,TERRESTRIAL_HEX,h6000_q-000589_r+000900,promo_7c95358cf0a4,promo_b68466ea22a9,UNRESOLVED,CONTROLLED,,sp_fef06587fead,34.61,12.33,hsrc_c61726597ef3,,Portugal safe interior v3 from the 1751 Vaugondy sheets; positional uncertainty 12.33 km replaces 34.61 km
rev_061fb456685a,seven_years_war_1756_08_01,TERRESTRIAL_HEX,h6000_q-000591_r+000901,promo_7c95358cf0a4,promo_b68466ea22a9,UNRESOLVED,CONTROLLED,,sp_fef06587fead,34.61,12.33,hsrc_c61726597ef3,,Portugal safe interior v3 from the 1751 Vaugondy sheets; positional uncertainty 12.33 km replaces 34.61 km
rev_7d999b22b2c3,seven_years_war_1756_08_01,TERRESTRIAL_HEX,h6000_q-000589_r+000901,promo_7c95358cf0a4,promo_b68466ea22a9,UNRESOLVED,CONTROLLED,,sp_fef06587fead,34.61,12.33,hsrc_c61726597ef3,,Portugal safe interior v3 from the 1751 Vaugondy sheets; positional uncertainty 12.33 km replaces 34.61 km
rev_3aa6dc6eff56,seven_years_war_1756_08_01,TERRESTRIAL_HEX,h6000_q-000590_r+000901,promo_7c95358cf0a4,promo_b68466ea22a9,UNRESOLVED,CONTROLLED,,sp_fef06587fead,34.61,12.33,hsrc_c61726597ef3,,Portugal safe interior v3 from the 1751 Vaugondy sheets; positional uncertainty 12.33 km replaces 34.61 km
rev_4dc99dd431e1,seven_years_war_1756_08_01,TERRESTRIAL_HEX,h6000_q-000592_r+000902,promo_7c95358cf0a4,promo_b68466ea22a9,UNRESOLVED,CONTROLLED,,sp_fef06587fead,34.61,12.33,hsrc_c61726597ef3,,Portugal safe interior v3 from the 1751 Vaugondy sheets; positional uncertainty 12.33 km replaces 34.61 km
rev_ec2cdeeee915,seven_years_war_1756_08_01,TERRESTRIAL_HEX,h6000_q-000586_r+000901,promo_7c95358cf0a4,promo_b68466ea22a9,UNRESOLVED,CONTROLLED,,sp_fef06587fead,34.61,12.33,hsrc_c61726597ef3,,Portugal safe interior v3 from the 1751 Vaugondy sheets; positional uncertainty 12.33 km replaces 34.61 km
rev_eb09462782c6,seven_years_war_1756_08_01,TERRESTRIAL_HEX,h6000_q-000585_r+000901,promo_7c95358cf0a4,promo_b68466ea22a9,UNRESOLVED,CONTROLLED,,sp_fef06587fead,34.61,12.33,hsrc_c61726597ef3,,Portugal safe interior v3 from the 1751 Vaugondy sheets; positional uncertainty 12.33 km replaces 34.61 km
rev_e21572e7460d,seven_years_war_1756_08_01,TERRESTRIAL_HEX,h6000_q-000585_r+000902,promo_7c95358cf0a4,promo_b68466ea22a9,UNRESOLVED,CONTROLLED,,sp_fef06587fead,34.61,12.33,hsrc_c61726597ef3,,Portugal safe interior v3 from the 1751 Vaugondy sheets; positional uncertainty 12.33 km replaces 34.61 km
rev_be2bace3c28c,seven_years_war_1756_08_01,TERRESTRIAL_HEX,h6000_q-000586_r+000902,promo_7c95358cf0a4,promo_b68466ea22a9,UNRESOLVED,CONTROLLED,,sp_fef06587fead,34.61,12.33,hsrc_c61726597ef3,,Portugal safe interior v3 from the 1751 Vaugondy sheets; positional uncertainty 12.33 km replaces 34.61 km
rev_39c73253c281,seven_years_war_1756_08_01,TERRESTRIAL_HEX,h6000_q-000587_r+000902,promo_7c95358cf0a4,promo_b68466ea22a9,UNRESOLVED,CONTROLLED,,sp_fef06587fead,34.61,12.33,hsrc_c61726597ef3,,Portugal safe interior v3 from the 1751 Vaugondy sheets; positional uncertainty 12.33 km replaces 34.61 km
rev_9d2abb80e547,seven_years_war_1756_08_01,TERRESTRIAL_HEX,h6000_q-000589_r+000902,promo_7c95358cf0a4,promo_b68466ea22a9,UNRESOLVED,CONTROLLED,,sp_fef06587fead,34.61,12.33,hsrc_c61726597ef3,,Portugal safe interior v3 from the 1751 Vaugondy sheets; positional uncertainty 12.33 km replaces 34.61 km
rev_908fbec0cae1,seven_years_war_1756_08_01,TERRESTRIAL_HEX,h6000_q-000588_r+000902,promo_7c95358cf0a4,promo_b68466ea22a9,UNRESOLVED,CONTROLLED,,sp_fef06587fead,34.61,12.33,hsrc_c61726597ef3,,Portugal safe interior v3 from the 1751 Vaugondy sheets; positional uncertainty 12.33 km replaces 34.61 km
rev_507998c3e755,seven_years_war_1756_08_01,TERRESTRIAL_HEX,h6000_q-000588_r+000903,promo_7c95358cf0a4,promo_b68466ea22a9,UNRESOLVED,CONTROLLED,,sp_fef06587fead,34.61,12.33,hsrc_c61726597ef3,,Portugal safe interior v3 from the 1751 Vaugondy sheets; positional uncertainty 12.33 km replaces 34.61 km
rev_f2e37b1d1d48,seven_years_war_1756_08_01,TERRESTRIAL_HEX,h6000_q-000589_r+000903,promo_7c95358cf0a4,promo_b68466ea22a9,UNRESOLVED,CONTROLLED,,sp_fef06587fead,34.61,12.33,hsrc_c61726597ef3,,Portugal safe interior v3 from the 1751 Vaugondy sheets; positional uncertainty 12.33 km replaces 34.61 km
rev_cef23c1cad85,seven_years_war_1756_08_01,TERRESTRIAL_HEX,h6000_q-000590_r+000904,promo_7c95358cf0a4,promo_b68466ea22a9,UNRESOLVED,CONTROLLED,,sp_fef06587fead,34.61,12.33,hsrc_c61726597ef3,,Portugal safe interior v3 from the 1751 Vaugondy sheets; positional uncertainty 12.33 km replaces 34.61 km
rev_61158c99950c,seven_years_war_1756_08_01,TERRESTRIAL_HEX,h6000_q-000589_r+000904,promo_7c95358cf0a4,promo_b68466ea22a9,UNRESOLVED,CONTROLLED,,sp_fef06587fead,34.61,12.33,hsrc_c61726597ef3,,Portugal safe interior v3 from the 1751 Vaugondy sheets; positional uncertainty 12.33 km replaces 34.61 km
rev_a20afa9c7c9c,seven_years_war_1756_08_01,TERRESTRIAL_HEX,h6000_q-000588_r+000904,promo_7c95358cf0a4,promo_b68466ea22a9,UNRESOLVED,CONTROLLED,,sp_fef06587fead,34.61,12.33,hsrc_c61726597ef3,,Portugal safe interior v3 from the 1751 Vaugondy sheets; positional uncertainty 12.33 km replaces 34.61 km
rev_92bf96aeb6bf,seven_years_war_1756_08_01,TERRESTRIAL_HEX,h6000_q-000589_r+000905,promo_7c95358cf0a4,promo_b68466ea22a9,UNRESOLVED,CONTROLLED,,sp_fef06587fead,34.61,12.33,hsrc_c61726597ef3,,Portugal safe interior v3 from the 1751 Vaugondy sheets; positional uncertainty 12.33 km replaces 34.61 km
rev_5208dbdc49ea,seven_years_war_1756_08_01,TERRESTRIAL_HEX,h6000_q-000591_r+000905,promo_7c95358cf0a4,promo_b68466ea22a9,UNRESOLVED,CONTROLLED,,sp_fef06587fead,34.61,12.33,hsrc_c61726597ef3,,Portugal safe interior v3 from the 1751 Vaugondy sheets; positional uncertainty 12.33 km replaces 34.61 km
rev_50d5da221835,seven_years_war_1756_08_01,TERRESTRIAL_HEX,h6000_q-000591_r+000902,promo_7c95358cf0a4,promo_b68466ea22a9,UNRESOLVED,CONTROLLED,,sp_fef06587fead,34.61,12.33,hsrc_c61726597ef3,,Portugal safe interior v3 from the 1751 Vaugondy sheets; positional uncertainty 12.33 km replaces 34.61 km
rev_9d3c05b7486d,seven_years_war_1756_08_01,TERRESTRIAL_HEX,h6000_q-000590_r+000902,promo_7c95358cf0a4,promo_b68466ea22a9,UNRESOLVED,CONTROLLED,,sp_fef06587fead,34.61,12.33,hsrc_c61726597ef3,,Portugal safe interior v3 from the 1751 Vaugondy sheets; positional uncertainty 12.33 km replaces 34.61 km
rev_2c1d2d215ad7,seven_years_war_1756_08_01,TERRESTRIAL_HEX,h6000_q-000590_r+000903,promo_7c95358cf0a4,promo_b68466ea22a9,UNRESOLVED,CONTROLLED,,sp_fef06587fead,34.61,12.33,hsrc_c61726597ef3,,Portugal safe interior v3 from the 1751 Vaugondy sheets; positional uncertainty 12.33 km replaces 34.61 km
rev_e5d58adad1fb,seven_years_war_1756_08_01,TERRESTRIAL_HEX,h6000_q-000591_r+000903,promo_7c95358cf0a4,promo_b68466ea22a9,UNRESOLVED,CONTROLLED,,sp_fef06587fead,34.61,12.33,hsrc_c61726597ef3,,Portugal safe interior v3 from the 1751 Vaugondy sheets; positional uncertainty 12.33 km replaces 34.61 km
rev_aada3234c264,seven_years_war_1756_08_01,TERRESTRIAL_HEX,h6000_q-000592_r+000903,promo_7c95358cf0a4,promo_b68466ea22a9,UNRESOLVED,CONTROLLED,,sp_fef06587fead,34.61,12.33,hsrc_c61726597ef3,,Portugal safe interior v3 from the 1751 Vaugondy sheets; positional uncertainty 12.33 km replaces 34.61 km
rev_346d461babea,seven_years_war_1756_08_01,TERRESTRIAL_HEX,h6000_q-000593_r+000904,promo_7c95358cf0a4,promo_b68466ea22a9,UNRESOLVED,CONTROLLED,,sp_fef06587fead,34.61,12.33,hsrc_c61726597ef3,,Portugal safe interior v3 from the 1751 Vaugondy sheets; positional uncertainty 12.33 km replaces 34.61 km
rev_1bc185899a83,seven_years_war_1756_08_01,TERRESTRIAL_HEX,h6000_q-000592_r+000904,promo_7c95358cf0a4,promo_b68466ea22a9,UNRESOLVED,CONTROLLED,,sp_fef06587fead,34.61,12.33,hsrc_c61726597ef3,,Portugal safe interior v3 from the 1751 Vaugondy sheets; positional uncertainty 12.33 km replaces 34.61 km
rev_86dcc3f86cc8,seven_years_war_1756_08_01,TERRESTRIAL_HEX,h6000_q-000591_r+000904,promo_7c95358cf0a4,promo_b68466ea22a9,UNRESOLVED,CONTROLLED,,sp_fef06587fead,34.61,12.33,hsrc_c61726597ef3,,Portugal safe interior v3 from the 1751 Vaugondy sheets; positional uncertainty 12.33 km replaces 34.61 km
rev_ef95da57e88c,seven_years_war_1756_08_01,TERRESTRIAL_HEX,h6000_q-000592_r+000905,promo_7c95358cf0a4,promo_b68466ea22a9,UNRESOLVED,CONTROLLED,,sp_fef06587fead,34.61,12.33,hsrc_c61726597ef3,,Portugal safe interior v3 from the 1751 Vaugondy sheets; positional uncertainty 12.33 km replaces 34.61 km
rev_285e2239e736,seven_years_war_1756_08_01,TERRESTRIAL_HEX,h6000_q-000581_r+000875,promo_7c95358cf0a4,promo_b68466ea22a9,UNRESOLVED,CONTROLLED,,sp_fef06587fead,34.61,12.33,hsrc_c61726597ef3,,Portugal safe interior v3 from the 1751 Vaugondy sheets; positional uncertainty 12.33 km replaces 34.61 km
rev_211eb19740b1,seven_years_war_1756_08_01,TERRESTRIAL_HEX,h6000_q-000580_r+000875,promo_7c95358cf0a4,promo_b68466ea22a9,UNRESOLVED,CONTROLLED,,sp_fef06587fead,34.61,12.33,hsrc_c61726597ef3,,Portugal safe interior v3 from the 1751 Vaugondy sheets; positional uncertainty 12.33 km replaces 34.61 km
rev_140c71bda231,seven_years_war_1756_08_01,TERRESTRIAL_HEX,h6000_q-000582_r+000876,promo_7c95358cf0a4,promo_b68466ea22a9,UNRESOLVED,CONTROLLED,,sp_fef06587fead,34.61,12.33,hsrc_c61726597ef3,,Portugal safe interior v3 from the 1751 Vaugondy sheets; positional uncertainty 12.33 km replaces 34.61 km
rev_6c960b98f01a,seven_years_war_1756_08_01,TERRESTRIAL_HEX,h6000_q-000580_r+000876,promo_7c95358cf0a4,promo_b68466ea22a9,UNRESOLVED,CONTROLLED,,sp_fef06587fead,34.61,12.33,hsrc_c61726597ef3,,Portugal safe interior v3 from the 1751 Vaugondy sheets; positional uncertainty 12.33 km replaces 34.61 km
rev_3fcdb8bd49d6,seven_years_war_1756_08_01,TERRESTRIAL_HEX,h6000_q-000581_r+000876,promo_7c95358cf0a4,promo_b68466ea22a9,UNRESOLVED,CONTROLLED,,sp_fef06587fead,34.61,12.33,hsrc_c61726597ef3,,Portugal safe interior v3 from the 1751 Vaugondy sheets; positional uncertainty 12.33 km replaces 34.61 km
rev_43bebaae2894,seven_years_war_1756_08_01,TERRESTRIAL_HEX,h6000_q-000582_r+000877,promo_7c95358cf0a4,promo_b68466ea22a9,UNRESOLVED,CONTROLLED,,sp_fef06587fead,34.61,12.33,hsrc_c61726597ef3,,Portugal safe interior v3 from the 1751 Vaugondy sheets; positional uncertainty 12.33 km replaces 34.61 km
rev_243a531fc563,seven_years_war_1756_08_01,TERRESTRIAL_HEX,h6000_q-000580_r+000877,promo_7c95358cf0a4,promo_b68466ea22a9,UNRESOLVED,CONTROLLED,,sp_fef06587fead,34.61,12.33,hsrc_c61726597ef3,,Portugal safe interior v3 from the 1751 Vaugondy sheets; positional uncertainty 12.33 km replaces 34.61 km
rev_baaf873ea177,seven_years_war_1756_08_01,TERRESTRIAL_HEX,h6000_q-000581_r+000877,promo_7c95358cf0a4,promo_b68466ea22a9,UNRESOLVED,CONTROLLED,,sp_fef06587fead,34.61,12.33,hsrc_c61726597ef3,,Portugal safe interior v3 from the 1751 Vaugondy sheets; positional uncertainty 12.33 km replaces 34.61 km
rev_ff10924c99d4,seven_years_war_1756_08_01,TERRESTRIAL_HEX,h6000_q-000582_r+000878,promo_7c95358cf0a4,promo_b68466ea22a9,UNRESOLVED,CONTROLLED,,sp_fef06587fead,34.61,12.33,hsrc_c61726597ef3,,Portugal safe interior v3 from the 1751 Vaugondy sheets; positional uncertainty 12.33 km replaces 34.61 km
rev_ab6d35ae0cd0,seven_years_war_1756_08_01,TERRESTRIAL_HEX,h6000_q-000580_r+000878,promo_7c95358cf0a4,promo_b68466ea22a9,UNRESOLVED,CONTROLLED,,sp_fef06587fead,34.61,12.33,hsrc_c61726597ef3,,Portugal safe interior v3 from the 1751 Vaugondy sheets; positional uncertainty 12.33 km replaces 34.61 km
rev_4fb5ad64527f,seven_years_war_1756_08_01,TERRESTRIAL_HEX,h6000_q-000583_r+000878,promo_7c95358cf0a4,promo_b68466ea22a9,UNRESOLVED,CONTROLLED,,sp_fef06587fead,34.61,12.33,hsrc_c61726597ef3,,Portugal safe interior v3 from the 1751 Vaugondy sheets; positional uncertainty 12.33 km replaces 34.61 km
rev_6a8b34f0d38a,seven_years_war_1756_08_01,TERRESTRIAL_HEX,h6000_q-000581_r+000878,promo_7c95358cf0a4,promo_b68466ea22a9,UNRESOLVED,CONTROLLED,,sp_fef06587fead,34.61,12.33,hsrc_c61726597ef3,,Portugal safe interior v3 from the 1751 Vaugondy sheets; positional uncertainty 12.33 km replaces 34.61 km
rev_ff6b205db2d8,seven_years_war_1756_08_01,TERRESTRIAL_HEX,h6000_q-000582_r+000879,promo_7c95358cf0a4,promo_b68466ea22a9,UNRESOLVED,CONTROLLED,,sp_fef06587fead,34.61,12.33,hsrc_c61726597ef3,,Portugal safe interior v3 from the 1751 Vaugondy sheets; positional uncertainty 12.33 km replaces 34.61 km
rev_b3451e921d48,seven_years_war_1756_08_01,TERRESTRIAL_HEX,h6000_q-000583_r+000879,promo_7c95358cf0a4,promo_b68466ea22a9,UNRESOLVED,CONTROLLED,,sp_fef06587fead,34.61,12.33,hsrc_c61726597ef3,,Portugal safe interior v3 from the 1751 Vaugondy sheets; positional uncertainty 12.33 km replaces 34.61 km
rev_aa02e949e2fc,seven_years_war_1756_08_01,TERRESTRIAL_HEX,h6000_q-000581_r+000879,promo_7c95358cf0a4,promo_b68466ea22a9,UNRESOLVED,CONTROLLED,,sp_fef06587fead,34.61,12.33,hsrc_c61726597ef3,,Portugal safe interior v3 from the 1751 Vaugondy sheets; positional uncertainty 12.33 km replaces 34.61 km
rev_f68de38512c0,seven_years_war_1756_08_01,TERRESTRIAL_HEX,h6000_q-000584_r+000880,promo_7c95358cf0a4,promo_b68466ea22a9,UNRESOLVED,CONTROLLED,,sp_fef06587fead,34.61,12.33,hsrc_c61726597ef3,,Portugal safe interior v3 from the 1751 Vaugondy sheets; positional uncertainty 12.33 km replaces 34.61 km
rev_dea0ccd2a1a1,seven_years_war_1756_08_01,TERRESTRIAL_HEX,h6000_q-000583_r+000880,promo_7c95358cf0a4,promo_b68466ea22a9,UNRESOLVED,CONTROLLED,,sp_fef06587fead,34.61,12.33,hsrc_c61726597ef3,,Portugal safe interior v3 from the 1751 Vaugondy sheets; positional uncertainty 12.33 km replaces 34.61 km
rev_279f0969629b,seven_years_war_1756_08_01,TERRESTRIAL_HEX,h6000_q-000582_r+000880,promo_7c95358cf0a4,promo_b68466ea22a9,UNRESOLVED,CONTROLLED,,sp_fef06587fead,34.61,12.33,hsrc_c61726597ef3,,Portugal safe interior v3 from the 1751 Vaugondy sheets; positional uncertainty 12.33 km replaces 34.61 km
rev_f5fc76aae9b2,seven_years_war_1756_08_01,TERRESTRIAL_HEX,h6000_q-000584_r+000881,promo_7c95358cf0a4,promo_b68466ea22a9,UNRESOLVED,CONTROLLED,,sp_fef06587fead,34.61,12.33,hsrc_c61726597ef3,,Portugal safe interior v3 from the 1751 Vaugondy sheets; positional uncertainty 12.33 km replaces 34.61 km
rev_cb6f211d47ab,seven_years_war_1756_08_01,TERRESTRIAL_HEX,h6000_q-000583_r+000881,promo_7c95358cf0a4,promo_b68466ea22a9,UNRESOLVED,CONTROLLED,,sp_fef06587fead,34.61,12.33,hsrc_c61726597ef3,,Portugal safe interior v3 from the 1751 Vaugondy sheets; positional uncertainty 12.33 km replaces 34.61 km
rev_65d26eb81fc0,seven_years_war_1756_08_01,TERRESTRIAL_HEX,h6000_q-000581_r+000880,promo_7c95358cf0a4,promo_b68466ea22a9,UNRESOLVED,CONTROLLED,,sp_fef06587fead,34.61,12.33,hsrc_c61726597ef3,,Portugal safe interior v3 from the 1751 Vaugondy sheets; positional uncertainty 12.33 km replaces 34.61 km
rev_918648811367,seven_years_war_1756_08_01,TERRESTRIAL_HEX,h6000_q-000580_r+000881,promo_7c95358cf0a4,promo_b68466ea22a9,UNRESOLVED,CONTROLLED,,sp_fef06587fead,34.61,12.33,hsrc_c61726597ef3,,Portugal safe interior v3 from the 1751 Vaugondy sheets; positional uncertainty 12.33 km replaces 34.61 km
rev_25772f037e34,seven_years_war_1756_08_01,TERRESTRIAL_HEX,h6000_q-000581_r+000881,promo_7c95358cf0a4,promo_b68466ea22a9,UNRESOLVED,CONTROLLED,,sp_fef06587fead,34.61,12.33,hsrc_c61726597ef3,,Portugal safe interior v3 from the 1751 Vaugondy sheets; positional uncertainty 12.33 km replaces 34.61 km
rev_9e35f5d8eabe,seven_years_war_1756_08_01,TERRESTRIAL_HEX,h6000_q-000582_r+000882,promo_7c95358cf0a4,promo_b68466ea22a9,UNRESOLVED,CONTROLLED,,sp_fef06587fead,34.61,12.33,hsrc_c61726597ef3,,Portugal safe interior v3 from the 1751 Vaugondy sheets; positional uncertainty 12.33 km replaces 34.61 km
rev_7babb14e4f1a,seven_years_war_1756_08_01,TERRESTRIAL_HEX,h6000_q-000580_r+000882,promo_7c95358cf0a4,promo_b68466ea22a9,UNRESOLVED,CONTROLLED,,sp_fef06587fead,34.61,12.33,hsrc_c61726597ef3,,Portugal safe interior v3 from the 1751 Vaugondy sheets; positional uncertainty 12.33 km replaces 34.61 km
rev_de53fc920d8e,seven_years_war_1756_08_01,TERRESTRIAL_HEX,h6000_q-000581_r+000882,promo_7c95358cf0a4,promo_b68466ea22a9,UNRESOLVED,CONTROLLED,,sp_fef06587fead,34.61,12.33,hsrc_c61726597ef3,,Portugal safe interior v3 from the 1751 Vaugondy sheets; positional uncertainty 12.33 km replaces 34.61 km
rev_0bf028afc9ae,seven_years_war_1756_08_01,TERRESTRIAL_HEX,h6000_q-000582_r+000883,promo_7c95358cf0a4,promo_b68466ea22a9,UNRESOLVED,CONTROLLED,,sp_fef06587fead,34.61,12.33,hsrc_c61726597ef3,,Portugal safe interior v3 from the 1751 Vaugondy sheets; positional uncertainty 12.33 km replaces 34.61 km
rev_0e3405e5d805,seven_years_war_1756_08_01,TERRESTRIAL_HEX,h6000_q-000580_r+000883,promo_7c95358cf0a4,promo_b68466ea22a9,UNRESOLVED,CONTROLLED,,sp_fef06587fead,34.61,12.33,hsrc_c61726597ef3,,Portugal safe interior v3 from the 1751 Vaugondy sheets; positional uncertainty 12.33 km replaces 34.61 km
rev_44df8f02ed58,seven_years_war_1756_08_01,TERRESTRIAL_HEX,h6000_q-000581_r+000883,promo_7c95358cf0a4,promo_b68466ea22a9,UNRESOLVED,CONTROLLED,,sp_fef06587fead,34.61,12.33,hsrc_c61726597ef3,,Portugal safe interior v3 from the 1751 Vaugondy sheets; positional uncertainty 12.33 km replaces 34.61 km
rev_3551bc74066e,seven_years_war_1756_08_01,TERRESTRIAL_HEX,h6000_q-000583_r+000884,promo_7c95358cf0a4,promo_b68466ea22a9,UNRESOLVED,CONTROLLED,,sp_fef06587fead,34.61,12.33,hsrc_c61726597ef3,,Portugal safe interior v3 from the 1751 Vaugondy sheets; positional uncertainty 12.33 km replaces 34.61 km
rev_4c078e48e6ba,seven_years_war_1756_08_01,TERRESTRIAL_HEX,h6000_q-000581_r+000884,promo_7c95358cf0a4,promo_b68466ea22a9,UNRESOLVED,CONTROLLED,,sp_fef06587fead,34.61,12.33,hsrc_c61726597ef3,,Portugal safe interior v3 from the 1751 Vaugondy sheets; positional uncertainty 12.33 km replaces 34.61 km
rev_e900a7ef5478,seven_years_war_1756_08_01,TERRESTRIAL_HEX,h6000_q-000582_r+000884,promo_7c95358cf0a4,promo_b68466ea22a9,UNRESOLVED,CONTROLLED,,sp_fef06587fead,34.61,12.33,hsrc_c61726597ef3,,Portugal safe interior v3 from the 1751 Vaugondy sheets; positional uncertainty 12.33 km replaces 34.61 km
rev_d7df1114afd5,seven_years_war_1756_08_01,TERRESTRIAL_HEX,h6000_q-000582_r+000885,promo_7c95358cf0a4,promo_b68466ea22a9,UNRESOLVED,CONTROLLED,,sp_fef06587fead,34.61,12.33,hsrc_c61726597ef3,,Portugal safe interior v3 from the 1751 Vaugondy sheets; positional uncertainty 12.33 km replaces 34.61 km
rev_cda2bb0f2aac,seven_years_war_1756_08_01,TERRESTRIAL_HEX,h6000_q-000581_r+000885,promo_7c95358cf0a4,promo_b68466ea22a9,UNRESOLVED,CONTROLLED,,sp_fef06587fead,34.61,12.33,hsrc_c61726597ef3,,Portugal safe interior v3 from the 1751 Vaugondy sheets; positional uncertainty 12.33 km replaces 34.61 km
rev_22d44a88d9fb,seven_years_war_1756_08_01,TERRESTRIAL_HEX,h6000_q-000579_r+000883,promo_7c95358cf0a4,promo_b68466ea22a9,UNRESOLVED,CONTROLLED,,sp_fef06587fead,34.61,12.33,hsrc_c61726597ef3,,Portugal safe interior v3 from the 1751 Vaugondy sheets; positional uncertainty 12.33 km replaces 34.61 km
rev_b5a0d786c519,seven_years_war_1756_08_01,TERRESTRIAL_HEX,h6000_q-000580_r+000884,promo_7c95358cf0a4,promo_b68466ea22a9,UNRESOLVED,CONTROLLED,,sp_fef06587fead,34.61,12.33,hsrc_c61726597ef3,,Portugal safe interior v3 from the 1751 Vaugondy sheets; positional uncertainty 12.33 km replaces 34.61 km
rev_cefbc96c2119,seven_years_war_1756_08_01,TERRESTRIAL_HEX,h6000_q-000579_r+000884,promo_7c95358cf0a4,promo_b68466ea22a9,UNRESOLVED,CONTROLLED,,sp_fef06587fead,34.61,12.33,hsrc_c61726597ef3,,Portugal safe interior v3 from the 1751 Vaugondy sheets; positional uncertainty 12.33 km replaces 34.61 km
rev_509903a71c66,seven_years_war_1756_08_01,TERRESTRIAL_HEX,h6000_q-000578_r+000884,promo_7c95358cf0a4,promo_b68466ea22a9,UNRESOLVED,CONTROLLED,,sp_fef06587fead,34.61,12.33,hsrc_c61726597ef3,,Portugal safe interior v3 from the 1751 Vaugondy sheets; positional uncertainty 12.33 km replaces 34.61 km
rev_069294be3202,seven_years_war_1756_08_01,TERRESTRIAL_HEX,h6000_q-000580_r+000885,promo_7c95358cf0a4,promo_b68466ea22a9,UNRESOLVED,CONTROLLED,,sp_fef06587fead,34.61,12.33,hsrc_c61726597ef3,,Portugal safe interior v3 from the 1751 Vaugondy sheets; positional uncertainty 12.33 km replaces 34.61 km
rev_a0d58f124589,seven_years_war_1756_08_01,TERRESTRIAL_HEX,h6000_q-000579_r+000885,promo_7c95358cf0a4,promo_b68466ea22a9,UNRESOLVED,CONTROLLED,,sp_fef06587fead,34.61,12.33,hsrc_c61726597ef3,,Portugal safe interior v3 from the 1751 Vaugondy sheets; positional uncertainty 12.33 km replaces 34.61 km
rev_debf9245e862,seven_years_war_1756_08_01,TERRESTRIAL_HEX,h6000_q-000584_r+000884,promo_7c95358cf0a4,promo_b68466ea22a9,UNRESOLVED,CONTROLLED,,sp_fef06587fead,34.61,12.33,hsrc_c61726597ef3,,Portugal safe interior v3 from the 1751 Vaugondy sheets; positional uncertainty 12.33 km replaces 34.61 km
rev_34f5f16a92f9,seven_years_war_1756_08_01,TERRESTRIAL_HEX,h6000_q-000585_r+000885,promo_7c95358cf0a4,promo_b68466ea22a9,UNRESOLVED,CONTROLLED,,sp_fef06587fead,34.61,12.33,hsrc_c61726597ef3,,Portugal safe interior v3 from the 1751 Vaugondy sheets; positional uncertainty 12.33 km replaces 34.61 km
rev_b53c7b52ea57,seven_years_war_1756_08_01,TERRESTRIAL_HEX,h6000_q-000584_r+000885,promo_7c95358cf0a4,promo_b68466ea22a9,UNRESOLVED,CONTROLLED,,sp_fef06587fead,34.61,12.33,hsrc_c61726597ef3,,Portugal safe interior v3 from the 1751 Vaugondy sheets; positional uncertainty 12.33 km replaces 34.61 km
rev_2f8bf6a007a6,seven_years_war_1756_08_01,TERRESTRIAL_HEX,h6000_q-000586_r+000885,promo_7c95358cf0a4,promo_b68466ea22a9,UNRESOLVED,CONTROLLED,,sp_fef06587fead,34.61,12.33,hsrc_c61726597ef3,,Portugal safe interior v3 from the 1751 Vaugondy sheets; positional uncertainty 12.33 km replaces 34.61 km
rev_75c254e5fab3,seven_years_war_1756_08_01,TERRESTRIAL_HEX,h6000_q-000586_r+000886,promo_7c95358cf0a4,promo_b68466ea22a9,UNRESOLVED,CONTROLLED,,sp_fef06587fead,34.61,12.33,hsrc_c61726597ef3,,Portugal safe interior v3 from the 1751 Vaugondy sheets; positional uncertainty 12.33 km replaces 34.61 km
rev_106c7c3649d4,seven_years_war_1756_08_01,TERRESTRIAL_HEX,h6000_q-000585_r+000886,promo_7c95358cf0a4,promo_b68466ea22a9,UNRESOLVED,CONTROLLED,,sp_fef06587fead,34.61,12.33,hsrc_c61726597ef3,,Portugal safe interior v3 from the 1751 Vaugondy sheets; positional uncertainty 12.33 km replaces 34.61 km
rev_f1fe8600d70b,seven_years_war_1756_08_01,TERRESTRIAL_HEX,h6000_q-000587_r+000886,promo_7c95358cf0a4,promo_b68466ea22a9,UNRESOLVED,CONTROLLED,,sp_fef06587fead,34.61,12.33,hsrc_c61726597ef3,,Portugal safe interior v3 from the 1751 Vaugondy sheets; positional uncertainty 12.33 km replaces 34.61 km
rev_98dbc6d98d1f,seven_years_war_1756_08_01,TERRESTRIAL_HEX,h6000_q-000587_r+000887,promo_7c95358cf0a4,promo_b68466ea22a9,UNRESOLVED,CONTROLLED,,sp_fef06587fead,34.61,12.33,hsrc_c61726597ef3,,Portugal safe interior v3 from the 1751 Vaugondy sheets; positional uncertainty 12.33 km replaces 34.61 km
rev_a76e96166db6,seven_years_war_1756_08_01,TERRESTRIAL_HEX,h6000_q-000585_r+000887,promo_7c95358cf0a4,promo_b68466ea22a9,UNRESOLVED,CONTROLLED,,sp_fef06587fead,34.61,12.33,hsrc_c61726597ef3,,Portugal safe interior v3 from the 1751 Vaugondy sheets; positional uncertainty 12.33 km replaces 34.61 km
rev_7e375055f6d2,seven_years_war_1756_08_01,TERRESTRIAL_HEX,h6000_q-000586_r+000887,promo_7c95358cf0a4,promo_b68466ea22a9,UNRESOLVED,CONTROLLED,,sp_fef06587fead,34.61,12.33,hsrc_c61726597ef3,,Portugal safe interior v3 from the 1751 Vaugondy sheets; positional uncertainty 12.33 km replaces 34.61 km
rev_7d22d0ab522e,seven_years_war_1756_08_01,TERRESTRIAL_HEX,h6000_q-000583_r+000885,promo_7c95358cf0a4,promo_b68466ea22a9,UNRESOLVED,CONTROLLED,,sp_fef06587fead,34.61,12.33,hsrc_c61726597ef3,,Portugal safe interior v3 from the 1751 Vaugondy sheets; positional uncertainty 12.33 km replaces 34.61 km
rev_a67b6756d667,seven_years_war_1756_08_01,TERRESTRIAL_HEX,h6000_q-000583_r+000886,promo_7c95358cf0a4,promo_b68466ea22a9,UNRESOLVED,CONTROLLED,,sp_fef06587fead,34.61,12.33,hsrc_c61726597ef3,,Portugal safe interior v3 from the 1751 Vaugondy sheets; positional uncertainty 12.33 km replaces 34.61 km
rev_346b7778caef,seven_years_war_1756_08_01,TERRESTRIAL_HEX,h6000_q-000582_r+000886,promo_7c95358cf0a4,promo_b68466ea22a9,UNRESOLVED,CONTROLLED,,sp_fef06587fead,34.61,12.33,hsrc_c61726597ef3,,Portugal safe interior v3 from the 1751 Vaugondy sheets; positional uncertainty 12.33 km replaces 34.61 km
rev_856c4088ad77,seven_years_war_1756_08_01,TERRESTRIAL_HEX,h6000_q-000584_r+000886,promo_7c95358cf0a4,promo_b68466ea22a9,UNRESOLVED,CONTROLLED,,sp_fef06587fead,34.61,12.33,hsrc_c61726597ef3,,Portugal safe interior v3 from the 1751 Vaugondy sheets; positional uncertainty 12.33 km replaces 34.61 km
rev_e8ae7d50cfe4,seven_years_war_1756_08_01,TERRESTRIAL_HEX,h6000_q-000582_r+000887,promo_7c95358cf0a4,promo_b68466ea22a9,UNRESOLVED,CONTROLLED,,sp_fef06587fead,34.61,12.33,hsrc_c61726597ef3,,Portugal safe interior v3 from the 1751 Vaugondy sheets; positional uncertainty 12.33 km replaces 34.61 km
rev_8b59f21ea3c1,seven_years_war_1756_08_01,TERRESTRIAL_HEX,h6000_q-000584_r+000887,promo_7c95358cf0a4,promo_b68466ea22a9,UNRESOLVED,CONTROLLED,,sp_fef06587fead,34.61,12.33,hsrc_c61726597ef3,,Portugal safe interior v3 from the 1751 Vaugondy sheets; positional uncertainty 12.33 km replaces 34.61 km
rev_6b0ece0d2d2e,seven_years_war_1756_08_01,TERRESTRIAL_HEX,h6000_q-000583_r+000887,promo_7c95358cf0a4,promo_b68466ea22a9,UNRESOLVED,CONTROLLED,,sp_fef06587fead,34.61,12.33,hsrc_c61726597ef3,,Portugal safe interior v3 from the 1751 Vaugondy sheets; positional uncertainty 12.33 km replaces 34.61 km
rev_a5d10842a2cb,seven_years_war_1756_08_01,TERRESTRIAL_HEX,h6000_q-000585_r+000888,promo_7c95358cf0a4,promo_b68466ea22a9,UNRESOLVED,CONTROLLED,,sp_fef06587fead,34.61,12.33,hsrc_c61726597ef3,,Portugal safe interior v3 from the 1751 Vaugondy sheets; positional uncertainty 12.33 km replaces 34.61 km
rev_c54eed939bee,seven_years_war_1756_08_01,TERRESTRIAL_HEX,h6000_q-000584_r+000888,promo_7c95358cf0a4,promo_b68466ea22a9,UNRESOLVED,CONTROLLED,,sp_fef06587fead,34.61,12.33,hsrc_c61726597ef3,,Portugal safe interior v3 from the 1751 Vaugondy sheets; positional uncertainty 12.33 km replaces 34.61 km
rev_98ef33ade8ac,seven_years_war_1756_08_01,TERRESTRIAL_HEX,h6000_q-000583_r+000888,promo_7c95358cf0a4,promo_b68466ea22a9,UNRESOLVED,CONTROLLED,,sp_fef06587fead,34.61,12.33,hsrc_c61726597ef3,,Portugal safe interior v3 from the 1751 Vaugondy sheets; positional uncertainty 12.33 km replaces 34.61 km
rev_67dd95abad81,seven_years_war_1756_08_01,TERRESTRIAL_HEX,h6000_q-000582_r+000881,promo_7c95358cf0a4,promo_b68466ea22a9,UNRESOLVED,CONTROLLED,,sp_fef06587fead,34.61,12.33,hsrc_c61726597ef3,,Portugal safe interior v3 from the 1751 Vaugondy sheets; positional uncertainty 12.33 km replaces 34.61 km
rev_948aa1a33e86,seven_years_war_1756_08_01,TERRESTRIAL_HEX,h6000_q-000584_r+000882,promo_7c95358cf0a4,promo_b68466ea22a9,UNRESOLVED,CONTROLLED,,sp_fef06587fead,34.61,12.33,hsrc_c61726597ef3,,Portugal safe interior v3 from the 1751 Vaugondy sheets; positional uncertainty 12.33 km replaces 34.61 km
rev_b8cfe4dd3264,seven_years_war_1756_08_01,TERRESTRIAL_HEX,h6000_q-000583_r+000882,promo_7c95358cf0a4,promo_b68466ea22a9,UNRESOLVED,CONTROLLED,,sp_fef06587fead,34.61,12.33,hsrc_c61726597ef3,,Portugal safe interior v3 from the 1751 Vaugondy sheets; positional uncertainty 12.33 km replaces 34.61 km
rev_9d26fd9906e1,seven_years_war_1756_08_01,TERRESTRIAL_HEX,h6000_q-000585_r+000882,promo_7c95358cf0a4,promo_b68466ea22a9,UNRESOLVED,CONTROLLED,,sp_fef06587fead,34.61,12.33,hsrc_c61726597ef3,,Portugal safe interior v3 from the 1751 Vaugondy sheets; positional uncertainty 12.33 km replaces 34.61 km
rev_92c4c43c8aaf,seven_years_war_1756_08_01,TERRESTRIAL_HEX,h6000_q-000584_r+000883,promo_7c95358cf0a4,promo_b68466ea22a9,UNRESOLVED,CONTROLLED,,sp_fef06587fead,34.61,12.33,hsrc_c61726597ef3,,Portugal safe interior v3 from the 1751 Vaugondy sheets; positional uncertainty 12.33 km replaces 34.61 km
rev_b62ab041f3ea,seven_years_war_1756_08_01,TERRESTRIAL_HEX,h6000_q-000583_r+000883,promo_7c95358cf0a4,promo_b68466ea22a9,UNRESOLVED,CONTROLLED,,sp_fef06587fead,34.61,12.33,hsrc_c61726597ef3,,Portugal safe interior v3 from the 1751 Vaugondy sheets; positional uncertainty 12.33 km replaces 34.61 km
rev_d57d332fe86a,seven_years_war_1756_08_01,TERRESTRIAL_HEX,h6000_q-000585_r+000883,promo_7c95358cf0a4,promo_b68466ea22a9,UNRESOLVED,CONTROLLED,,sp_fef06587fead,34.61,12.33,hsrc_c61726597ef3,,Portugal safe interior v3 from the 1751 Vaugondy sheets; positional uncertainty 12.33 km replaces 34.61 km
rev_88fe19b75e18,seven_years_war_1756_08_01,TERRESTRIAL_HEX,h6000_q-000586_r+000883,promo_7c95358cf0a4,promo_b68466ea22a9,UNRESOLVED,CONTROLLED,,sp_fef06587fead,34.61,12.33,hsrc_c61726597ef3,,Portugal safe interior v3 from the 1751 Vaugondy sheets; positional uncertainty 12.33 km replaces 34.61 km
rev_c6ce0dfbc471,seven_years_war_1756_08_01,TERRESTRIAL_HEX,h6000_q-000585_r+000884,promo_7c95358cf0a4,promo_b68466ea22a9,UNRESOLVED,CONTROLLED,,sp_fef06587fead,34.61,12.33,hsrc_c61726597ef3,,Portugal safe interior v3 from the 1751 Vaugondy sheets; positional uncertainty 12.33 km replaces 34.61 km
rev_256e677788b9,seven_years_war_1756_08_01,TERRESTRIAL_HEX,h6000_q-000586_r+000884,promo_7c95358cf0a4,promo_b68466ea22a9,UNRESOLVED,CONTROLLED,,sp_fef06587fead,34.61,12.33,hsrc_c61726597ef3,,Portugal safe interior v3 from the 1751 Vaugondy sheets; positional uncertainty 12.33 km replaces 34.61 km
rev_b70d9a28234c,seven_years_war_1756_08_01,TERRESTRIAL_HEX,h6000_q-000588_r+000883,promo_7c95358cf0a4,promo_b68466ea22a9,UNRESOLVED,CONTROLLED,,sp_fef06587fead,34.61,12.33,hsrc_c61726597ef3,,Portugal safe interior v3 from the 1751 Vaugondy sheets; positional uncertainty 12.33 km replaces 34.61 km
rev_8e1fe2ef4190,seven_years_war_1756_08_01,TERRESTRIAL_HEX,h6000_q-000588_r+000884,promo_7c95358cf0a4,promo_b68466ea22a9,UNRESOLVED,CONTROLLED,,sp_fef06587fead,34.61,12.33,hsrc_c61726597ef3,,Portugal safe interior v3 from the 1751 Vaugondy sheets; positional uncertainty 12.33 km replaces 34.61 km
rev_53e2d0814759,seven_years_war_1756_08_01,TERRESTRIAL_HEX,h6000_q-000587_r+000884,promo_7c95358cf0a4,promo_b68466ea22a9,UNRESOLVED,CONTROLLED,,sp_fef06587fead,34.61,12.33,hsrc_c61726597ef3,,Portugal safe interior v3 from the 1751 Vaugondy sheets; positional uncertainty 12.33 km replaces 34.61 km
rev_4ebd5ca75ec3,seven_years_war_1756_08_01,TERRESTRIAL_HEX,h6000_q-000589_r+000884,promo_7c95358cf0a4,promo_b68466ea22a9,UNRESOLVED,CONTROLLED,,sp_fef06587fead,34.61,12.33,hsrc_c61726597ef3,,Portugal safe interior v3 from the 1751 Vaugondy sheets; positional uncertainty 12.33 km replaces 34.61 km
rev_36a68e71895a,seven_years_war_1756_08_01,TERRESTRIAL_HEX,h6000_q-000587_r+000885,promo_7c95358cf0a4,promo_b68466ea22a9,UNRESOLVED,CONTROLLED,,sp_fef06587fead,34.61,12.33,hsrc_c61726597ef3,,Portugal safe interior v3 from the 1751 Vaugondy sheets; positional uncertainty 12.33 km replaces 34.61 km
rev_36e9820b4279,seven_years_war_1756_08_01,TERRESTRIAL_HEX,h6000_q-000589_r+000885,promo_7c95358cf0a4,promo_b68466ea22a9,UNRESOLVED,CONTROLLED,,sp_fef06587fead,34.61,12.33,hsrc_c61726597ef3,,Portugal safe interior v3 from the 1751 Vaugondy sheets; positional uncertainty 12.33 km replaces 34.61 km
rev_01f35cd583d9,seven_years_war_1756_08_01,TERRESTRIAL_HEX,h6000_q-000588_r+000885,promo_7c95358cf0a4,promo_b68466ea22a9,UNRESOLVED,CONTROLLED,,sp_fef06587fead,34.61,12.33,hsrc_c61726597ef3,,Portugal safe interior v3 from the 1751 Vaugondy sheets; positional uncertainty 12.33 km replaces 34.61 km
rev_678e606c5c83,seven_years_war_1756_08_01,TERRESTRIAL_HEX,h6000_q-000589_r+000886,promo_7c95358cf0a4,promo_b68466ea22a9,UNRESOLVED,CONTROLLED,,sp_fef06587fead,34.61,12.33,hsrc_c61726597ef3,,Portugal safe interior v3 from the 1751 Vaugondy sheets; positional uncertainty 12.33 km replaces 34.61 km
rev_58a112baecca,seven_years_war_1756_08_01,TERRESTRIAL_HEX,h6000_q-000588_r+000886,promo_7c95358cf0a4,promo_b68466ea22a9,UNRESOLVED,CONTROLLED,,sp_fef06587fead,34.61,12.33,hsrc_c61726597ef3,,Portugal safe interior v3 from the 1751 Vaugondy sheets; positional uncertainty 12.33 km replaces 34.61 km
rev_a71d7eeb793c,seven_years_war_1756_08_01,TERRESTRIAL_HEX,h6000_q-000590_r+000886,promo_7c95358cf0a4,promo_b68466ea22a9,UNRESOLVED,CONTROLLED,,sp_fef06587fead,34.61,12.33,hsrc_c61726597ef3,,Portugal safe interior v3 from the 1751 Vaugondy sheets; positional uncertainty 12.33 km replaces 34.61 km
rev_22cff7c328ea,seven_years_war_1756_08_01,TERRESTRIAL_HEX,h6000_q-000590_r+000883,promo_7c95358cf0a4,promo_b68466ea22a9,UNRESOLVED,CONTROLLED,,sp_fef06587fead,34.61,12.33,hsrc_c61726597ef3,,Portugal safe interior v3 from the 1751 Vaugondy sheets; positional uncertainty 12.33 km replaces 34.61 km
rev_944f583b88c0,seven_years_war_1756_08_01,TERRESTRIAL_HEX,h6000_q-000591_r+000883,promo_7c95358cf0a4,promo_b68466ea22a9,UNRESOLVED,CONTROLLED,,sp_fef06587fead,34.61,12.33,hsrc_c61726597ef3,,Portugal safe interior v3 from the 1751 Vaugondy sheets; positional uncertainty 12.33 km replaces 34.61 km
rev_a46546493270,seven_years_war_1756_08_01,TERRESTRIAL_HEX,h6000_q-000591_r+000884,promo_7c95358cf0a4,promo_b68466ea22a9,UNRESOLVED,CONTROLLED,,sp_fef06587fead,34.61,12.33,hsrc_c61726597ef3,,Portugal safe interior v3 from the 1751 Vaugondy sheets; positional uncertainty 12.33 km replaces 34.61 km
rev_b8c709baca4a,seven_years_war_1756_08_01,TERRESTRIAL_HEX,h6000_q-000590_r+000884,promo_7c95358cf0a4,promo_b68466ea22a9,UNRESOLVED,CONTROLLED,,sp_fef06587fead,34.61,12.33,hsrc_c61726597ef3,,Portugal safe interior v3 from the 1751 Vaugondy sheets; positional uncertainty 12.33 km replaces 34.61 km
rev_63ef7a851d35,seven_years_war_1756_08_01,TERRESTRIAL_HEX,h6000_q-000592_r+000884,promo_7c95358cf0a4,promo_b68466ea22a9,UNRESOLVED,CONTROLLED,,sp_fef06587fead,34.61,12.33,hsrc_c61726597ef3,,Portugal safe interior v3 from the 1751 Vaugondy sheets; positional uncertainty 12.33 km replaces 34.61 km
rev_d92c6fa12904,seven_years_war_1756_08_01,TERRESTRIAL_HEX,h6000_q-000590_r+000885,promo_7c95358cf0a4,promo_b68466ea22a9,UNRESOLVED,CONTROLLED,,sp_fef06587fead,34.61,12.33,hsrc_c61726597ef3,,Portugal safe interior v3 from the 1751 Vaugondy sheets; positional uncertainty 12.33 km replaces 34.61 km
rev_b1e533939fe0,seven_years_war_1756_08_01,TERRESTRIAL_HEX,h6000_q-000591_r+000885,promo_7c95358cf0a4,promo_b68466ea22a9,UNRESOLVED,CONTROLLED,,sp_fef06587fead,34.61,12.33,hsrc_c61726597ef3,,Portugal safe interior v3 from the 1751 Vaugondy sheets; positional uncertainty 12.33 km replaces 34.61 km
rev_6561e66b29f7,seven_years_war_1756_08_01,TERRESTRIAL_HEX,h6000_q-000592_r+000885,promo_7c95358cf0a4,promo_b68466ea22a9,UNRESOLVED,CONTROLLED,,sp_fef06587fead,34.61,12.33,hsrc_c61726597ef3,,Portugal safe interior v3 from the 1751 Vaugondy sheets; positional uncertainty 12.33 km replaces 34.61 km
rev_96d006d47d8c,seven_years_war_1756_08_01,TERRESTRIAL_HEX,h6000_q-000593_r+000886,promo_7c95358cf0a4,promo_b68466ea22a9,UNRESOLVED,CONTROLLED,,sp_fef06587fead,34.61,12.33,hsrc_c61726597ef3,,Portugal safe interior v3 from the 1751 Vaugondy sheets; positional uncertainty 12.33 km replaces 34.61 km
rev_af7afbe8ff1e,seven_years_war_1756_08_01,TERRESTRIAL_HEX,h6000_q-000592_r+000886,promo_7c95358cf0a4,promo_b68466ea22a9,UNRESOLVED,CONTROLLED,,sp_fef06587fead,34.61,12.33,hsrc_c61726597ef3,,Portugal safe interior v3 from the 1751 Vaugondy sheets; positional uncertainty 12.33 km replaces 34.61 km
rev_ccacb40ad2f7,seven_years_war_1756_08_01,TERRESTRIAL_HEX,h6000_q-000593_r+000883,promo_7c95358cf0a4,promo_b68466ea22a9,UNRESOLVED,CONTROLLED,,sp_fef06587fead,34.61,12.33,hsrc_c61726597ef3,,Portugal safe interior v3 from the 1751 Vaugondy sheets; positional uncertainty 12.33 km replaces 34.61 km
rev_99ce59ce5791,seven_years_war_1756_08_01,TERRESTRIAL_HEX,h6000_q-000592_r+000883,promo_7c95358cf0a4,promo_b68466ea22a9,UNRESOLVED,CONTROLLED,,sp_fef06587fead,34.61,12.33,hsrc_c61726597ef3,,Portugal safe interior v3 from the 1751 Vaugondy sheets; positional uncertainty 12.33 km replaces 34.61 km
rev_56eabdd1391a,seven_years_war_1756_08_01,TERRESTRIAL_HEX,h6000_q-000594_r+000884,promo_7c95358cf0a4,promo_b68466ea22a9,UNRESOLVED,CONTROLLED,,sp_fef06587fead,34.61,12.33,hsrc_c61726597ef3,,Portugal safe interior v3 from the 1751 Vaugondy sheets; positional uncertainty 12.33 km replaces 34.61 km
rev_afe494901ff8,seven_years_war_1756_08_01,TERRESTRIAL_HEX,h6000_q-000593_r+000884,promo_7c95358cf0a4,promo_b68466ea22a9,UNRESOLVED,CONTROLLED,,sp_fef06587fead,34.61,12.33,hsrc_c61726597ef3,,Portugal safe interior v3 from the 1751 Vaugondy sheets; positional uncertainty 12.33 km replaces 34.61 km
rev_9978c2efb3ee,seven_years_war_1756_08_01,TERRESTRIAL_HEX,h6000_q-000593_r+000885,promo_7c95358cf0a4,promo_b68466ea22a9,UNRESOLVED,CONTROLLED,,sp_fef06587fead,34.61,12.33,hsrc_c61726597ef3,,Portugal safe interior v3 from the 1751 Vaugondy sheets; positional uncertainty 12.33 km replaces 34.61 km
rev_430b414eaf96,seven_years_war_1756_08_01,TERRESTRIAL_HEX,h6000_q-000591_r+000886,promo_7c95358cf0a4,promo_b68466ea22a9,UNRESOLVED,CONTROLLED,,sp_fef06587fead,34.61,12.33,hsrc_c61726597ef3,,Portugal safe interior v3 from the 1751 Vaugondy sheets; positional uncertainty 12.33 km replaces 34.61 km
rev_a786053a3ec1,seven_years_war_1756_08_01,TERRESTRIAL_HEX,h6000_q-000593_r+000887,promo_7c95358cf0a4,promo_b68466ea22a9,UNRESOLVED,CONTROLLED,,sp_fef06587fead,34.61,12.33,hsrc_c61726597ef3,,Portugal safe interior v3 from the 1751 Vaugondy sheets; positional uncertainty 12.33 km replaces 34.61 km
rev_a63f9ec70bc4,seven_years_war_1756_08_01,TERRESTRIAL_HEX,h6000_q-000591_r+000887,promo_7c95358cf0a4,promo_b68466ea22a9,UNRESOLVED,CONTROLLED,,sp_fef06587fead,34.61,12.33,hsrc_c61726597ef3,,Portugal safe interior v3 from the 1751 Vaugondy sheets; positional uncertainty 12.33 km replaces 34.61 km
rev_cc30c468aff8,seven_years_war_1756_08_01,TERRESTRIAL_HEX,h6000_q-000592_r+000887,promo_7c95358cf0a4,promo_b68466ea22a9,UNRESOLVED,CONTROLLED,,sp_fef06587fead,34.61,12.33,hsrc_c61726597ef3,,Portugal safe interior v3 from the 1751 Vaugondy sheets; positional uncertainty 12.33 km replaces 34.61 km
rev_a583121499b8,seven_years_war_1756_08_01,TERRESTRIAL_HEX,h6000_q-000592_r+000888,promo_7c95358cf0a4,promo_b68466ea22a9,UNRESOLVED,CONTROLLED,,sp_fef06587fead,34.61,12.33,hsrc_c61726597ef3,,Portugal safe interior v3 from the 1751 Vaugondy sheets; positional uncertainty 12.33 km replaces 34.61 km
rev_0efbc943d0d4,seven_years_war_1756_08_01,TERRESTRIAL_HEX,h6000_q-000594_r+000888,promo_7c95358cf0a4,promo_b68466ea22a9,UNRESOLVED,CONTROLLED,,sp_fef06587fead,34.61,12.33,hsrc_c61726597ef3,,Portugal safe interior v3 from the 1751 Vaugondy sheets; positional uncertainty 12.33 km replaces 34.61 km
rev_682c7aedd01d,seven_years_war_1756_08_01,TERRESTRIAL_HEX,h6000_q-000593_r+000888,promo_7c95358cf0a4,promo_b68466ea22a9,UNRESOLVED,CONTROLLED,,sp_fef06587fead,34.61,12.33,hsrc_c61726597ef3,,Portugal safe interior v3 from the 1751 Vaugondy sheets; positional uncertainty 12.33 km replaces 34.61 km
rev_fcb41db639f2,seven_years_war_1756_08_01,TERRESTRIAL_HEX,h6000_q-000592_r+000889,promo_7c95358cf0a4,promo_b68466ea22a9,UNRESOLVED,CONTROLLED,,sp_fef06587fead,34.61,12.33,hsrc_c61726597ef3,,Portugal safe interior v3 from the 1751 Vaugondy sheets; positional uncertainty 12.33 km replaces 34.61 km
rev_6bb008e4bc4f,seven_years_war_1756_08_01,TERRESTRIAL_HEX,h6000_q-000594_r+000889,promo_7c95358cf0a4,promo_b68466ea22a9,UNRESOLVED,CONTROLLED,,sp_fef06587fead,34.61,12.33,hsrc_c61726597ef3,,Portugal safe interior v3 from the 1751 Vaugondy sheets; positional uncertainty 12.33 km replaces 34.61 km
rev_2754ac48d879,seven_years_war_1756_08_01,TERRESTRIAL_HEX,h6000_q-000593_r+000889,promo_7c95358cf0a4,promo_b68466ea22a9,UNRESOLVED,CONTROLLED,,sp_fef06587fead,34.61,12.33,hsrc_c61726597ef3,,Portugal safe interior v3 from the 1751 Vaugondy sheets; positional uncertainty 12.33 km replaces 34.61 km
rev_3ae86dacba71,seven_years_war_1756_08_01,TERRESTRIAL_HEX,h6000_q-000594_r+000887,promo_7c95358cf0a4,promo_b68466ea22a9,UNRESOLVED,CONTROLLED,,sp_fef06587fead,34.61,12.33,hsrc_c61726597ef3,,Portugal safe interior v3 from the 1751 Vaugondy sheets; positional uncertainty 12.33 km replaces 34.61 km
rev_93e7793e1db5,seven_years_war_1756_08_01,TERRESTRIAL_HEX,h6000_q-000595_r+000889,promo_7c95358cf0a4,promo_b68466ea22a9,UNRESOLVED,CONTROLLED,,sp_fef06587fead,34.61,12.33,hsrc_c61726597ef3,,Portugal safe interior v3 from the 1751 Vaugondy sheets; positional uncertainty 12.33 km replaces 34.61 km
rev_d02e0ca98a39,seven_years_war_1756_08_01,TERRESTRIAL_HEX,h6000_q-000589_r+000887,promo_7c95358cf0a4,promo_b68466ea22a9,UNRESOLVED,CONTROLLED,,sp_fef06587fead,34.61,12.33,hsrc_c61726597ef3,,Portugal safe interior v3 from the 1751 Vaugondy sheets; positional uncertainty 12.33 km replaces 34.61 km
rev_82426f5f8c85,seven_years_war_1756_08_01,TERRESTRIAL_HEX,h6000_q-000590_r+000887,promo_7c95358cf0a4,promo_b68466ea22a9,UNRESOLVED,CONTROLLED,,sp_fef06587fead,34.61,12.33,hsrc_c61726597ef3,,Portugal safe interior v3 from the 1751 Vaugondy sheets; positional uncertainty 12.33 km replaces 34.61 km
rev_86688616de72,seven_years_war_1756_08_01,TERRESTRIAL_HEX,h6000_q-000588_r+000887,promo_7c95358cf0a4,promo_b68466ea22a9,UNRESOLVED,CONTROLLED,,sp_fef06587fead,34.61,12.33,hsrc_c61726597ef3,,Portugal safe interior v3 from the 1751 Vaugondy sheets; positional uncertainty 12.33 km replaces 34.61 km
rev_10df57a334a4,seven_years_war_1756_08_01,TERRESTRIAL_HEX,h6000_q-000589_r+000888,promo_7c95358cf0a4,promo_b68466ea22a9,UNRESOLVED,CONTROLLED,,sp_fef06587fead,34.61,12.33,hsrc_c61726597ef3,,Portugal safe interior v3 from the 1751 Vaugondy sheets; positional uncertainty 12.33 km replaces 34.61 km
rev_dc373b9ea18a,seven_years_war_1756_08_01,TERRESTRIAL_HEX,h6000_q-000590_r+000888,promo_7c95358cf0a4,promo_b68466ea22a9,UNRESOLVED,CONTROLLED,,sp_fef06587fead,34.61,12.33,hsrc_c61726597ef3,,Portugal safe interior v3 from the 1751 Vaugondy sheets; positional uncertainty 12.33 km replaces 34.61 km
rev_31326da4fd62,seven_years_war_1756_08_01,TERRESTRIAL_HEX,h6000_q-000591_r+000888,promo_7c95358cf0a4,promo_b68466ea22a9,UNRESOLVED,CONTROLLED,,sp_fef06587fead,34.61,12.33,hsrc_c61726597ef3,,Portugal safe interior v3 from the 1751 Vaugondy sheets; positional uncertainty 12.33 km replaces 34.61 km
rev_d89677184570,seven_years_war_1756_08_01,TERRESTRIAL_HEX,h6000_q-000589_r+000889,promo_7c95358cf0a4,promo_b68466ea22a9,UNRESOLVED,CONTROLLED,,sp_fef06587fead,34.61,12.33,hsrc_c61726597ef3,,Portugal safe interior v3 from the 1751 Vaugondy sheets; positional uncertainty 12.33 km replaces 34.61 km
rev_b707c2e155ca,seven_years_war_1756_08_01,TERRESTRIAL_HEX,h6000_q-000591_r+000889,promo_7c95358cf0a4,promo_b68466ea22a9,UNRESOLVED,CONTROLLED,,sp_fef06587fead,34.61,12.33,hsrc_c61726597ef3,,Portugal safe interior v3 from the 1751 Vaugondy sheets; positional uncertainty 12.33 km replaces 34.61 km
rev_e402b0042a19,seven_years_war_1756_08_01,TERRESTRIAL_HEX,h6000_q-000590_r+000889,promo_7c95358cf0a4,promo_b68466ea22a9,UNRESOLVED,CONTROLLED,,sp_fef06587fead,34.61,12.33,hsrc_c61726597ef3,,Portugal safe interior v3 from the 1751 Vaugondy sheets; positional uncertainty 12.33 km replaces 34.61 km
rev_d6f0078546a2,seven_years_war_1756_08_01,TERRESTRIAL_HEX,h6000_q-000592_r+000890,promo_7c95358cf0a4,promo_b68466ea22a9,UNRESOLVED,CONTROLLED,,sp_fef06587fead,34.61,12.33,hsrc_c61726597ef3,,Portugal safe interior v3 from the 1751 Vaugondy sheets; positional uncertainty 12.33 km replaces 34.61 km
rev_67da27ddc031,seven_years_war_1756_08_01,TERRESTRIAL_HEX,h6000_q-000596_r+000890,promo_7c95358cf0a4,promo_b68466ea22a9,UNRESOLVED,CONTROLLED,,sp_fef06587fead,34.61,12.33,hsrc_c61726597ef3,,Portugal safe interior v3 from the 1751 Vaugondy sheets; positional uncertainty 12.33 km replaces 34.61 km
rev_9c372d4a858d,seven_years_war_1756_08_01,TERRESTRIAL_HEX,h6000_q-000596_r+000891,promo_7c95358cf0a4,promo_b68466ea22a9,UNRESOLVED,CONTROLLED,,sp_fef06587fead,34.61,12.33,hsrc_c61726597ef3,,Portugal safe interior v3 from the 1751 Vaugondy sheets; positional uncertainty 12.33 km replaces 34.61 km
rev_39e7b05e4280,seven_years_war_1756_08_01,TERRESTRIAL_HEX,h6000_q-000597_r+000892,promo_7c95358cf0a4,promo_b68466ea22a9,UNRESOLVED,CONTROLLED,,sp_fef06587fead,34.61,12.33,hsrc_c61726597ef3,,Portugal safe interior v3 from the 1751 Vaugondy sheets; positional uncertainty 12.33 km replaces 34.61 km
rev_b564ed550529,seven_years_war_1756_08_01,TERRESTRIAL_HEX,h6000_q-000590_r+000890,promo_7c95358cf0a4,promo_b68466ea22a9,UNRESOLVED,CONTROLLED,,sp_fef06587fead,34.61,12.33,hsrc_c61726597ef3,,Portugal safe interior v3 from the 1751 Vaugondy sheets; positional uncertainty 12.33 km replaces 34.61 km
rev_45c528068e9a,seven_years_war_1756_08_01,TERRESTRIAL_HEX,h6000_q-000591_r+000890,promo_7c95358cf0a4,promo_b68466ea22a9,UNRESOLVED,CONTROLLED,,sp_fef06587fead,34.61,12.33,hsrc_c61726597ef3,,Portugal safe interior v3 from the 1751 Vaugondy sheets; positional uncertainty 12.33 km replaces 34.61 km
rev_a5fd79a59622,seven_years_war_1756_08_01,TERRESTRIAL_HEX,h6000_q-000590_r+000891,promo_7c95358cf0a4,promo_b68466ea22a9,UNRESOLVED,CONTROLLED,,sp_fef06587fead,34.61,12.33,hsrc_c61726597ef3,,Portugal safe interior v3 from the 1751 Vaugondy sheets; positional uncertainty 12.33 km replaces 34.61 km
rev_9f706cfea014,seven_years_war_1756_08_01,TERRESTRIAL_HEX,h6000_q-000591_r+000891,promo_7c95358cf0a4,promo_b68466ea22a9,UNRESOLVED,CONTROLLED,,sp_fef06587fead,34.61,12.33,hsrc_c61726597ef3,,Portugal safe interior v3 from the 1751 Vaugondy sheets; positional uncertainty 12.33 km replaces 34.61 km
rev_e2ebf1100a7e,seven_years_war_1756_08_01,TERRESTRIAL_HEX,h6000_q-000592_r+000891,promo_7c95358cf0a4,promo_b68466ea22a9,UNRESOLVED,CONTROLLED,,sp_fef06587fead,34.61,12.33,hsrc_c61726597ef3,,Portugal safe interior v3 from the 1751 Vaugondy sheets; positional uncertainty 12.33 km replaces 34.61 km
rev_8972ff7a6bce,seven_years_war_1756_08_01,TERRESTRIAL_HEX,h6000_q-000592_r+000892,promo_7c95358cf0a4,promo_b68466ea22a9,UNRESOLVED,CONTROLLED,,sp_fef06587fead,34.61,12.33,hsrc_c61726597ef3,,Portugal safe interior v3 from the 1751 Vaugondy sheets; positional uncertainty 12.33 km replaces 34.61 km
rev_69ae53c2e776,seven_years_war_1756_08_01,TERRESTRIAL_HEX,h6000_q-000593_r+000892,promo_7c95358cf0a4,promo_b68466ea22a9,UNRESOLVED,CONTROLLED,,sp_fef06587fead,34.61,12.33,hsrc_c61726597ef3,,Portugal safe interior v3 from the 1751 Vaugondy sheets; positional uncertainty 12.33 km replaces 34.61 km
rev_34fe38da1da4,seven_years_war_1756_08_01,TERRESTRIAL_HEX,h6000_q-000591_r+000892,promo_7c95358cf0a4,promo_b68466ea22a9,UNRESOLVED,CONTROLLED,,sp_fef06587fead,34.61,12.33,hsrc_c61726597ef3,,Portugal safe interior v3 from the 1751 Vaugondy sheets; positional uncertainty 12.33 km replaces 34.61 km
rev_fc44ecb71b0c,seven_years_war_1756_08_01,TERRESTRIAL_HEX,h6000_q-000592_r+000893,promo_7c95358cf0a4,promo_b68466ea22a9,UNRESOLVED,CONTROLLED,,sp_fef06587fead,34.61,12.33,hsrc_c61726597ef3,,Portugal safe interior v3 from the 1751 Vaugondy sheets; positional uncertainty 12.33 km replaces 34.61 km
rev_aabafd87430c,seven_years_war_1756_08_01,TERRESTRIAL_HEX,h6000_q-000593_r+000893,promo_7c95358cf0a4,promo_b68466ea22a9,UNRESOLVED,CONTROLLED,,sp_fef06587fead,34.61,12.33,hsrc_c61726597ef3,,Portugal safe interior v3 from the 1751 Vaugondy sheets; positional uncertainty 12.33 km replaces 34.61 km
rev_3d647bd80f56,seven_years_war_1756_08_01,TERRESTRIAL_HEX,h6000_q-000595_r+000890,promo_7c95358cf0a4,promo_b68466ea22a9,UNRESOLVED,CONTROLLED,,sp_fef06587fead,34.61,12.33,hsrc_c61726597ef3,,Portugal safe interior v3 from the 1751 Vaugondy sheets; positional uncertainty 12.33 km replaces 34.61 km
rev_7bffbeb2ec19,seven_years_war_1756_08_01,TERRESTRIAL_HEX,h6000_q-000593_r+000890,promo_7c95358cf0a4,promo_b68466ea22a9,UNRESOLVED,CONTROLLED,,sp_fef06587fead,34.61,12.33,hsrc_c61726597ef3,,Portugal safe interior v3 from the 1751 Vaugondy sheets; positional uncertainty 12.33 km replaces 34.61 km
rev_b3021a9cfcc9,seven_years_war_1756_08_01,TERRESTRIAL_HEX,h6000_q-000594_r+000890,promo_7c95358cf0a4,promo_b68466ea22a9,UNRESOLVED,CONTROLLED,,sp_fef06587fead,34.61,12.33,hsrc_c61726597ef3,,Portugal safe interior v3 from the 1751 Vaugondy sheets; positional uncertainty 12.33 km replaces 34.61 km
rev_a2ba4a19a780,seven_years_war_1756_08_01,TERRESTRIAL_HEX,h6000_q-000593_r+000891,promo_7c95358cf0a4,promo_b68466ea22a9,UNRESOLVED,CONTROLLED,,sp_fef06587fead,34.61,12.33,hsrc_c61726597ef3,,Portugal safe interior v3 from the 1751 Vaugondy sheets; positional uncertainty 12.33 km replaces 34.61 km
rev_cf4b0bd9db3a,seven_years_war_1756_08_01,TERRESTRIAL_HEX,h6000_q-000594_r+000891,promo_7c95358cf0a4,promo_b68466ea22a9,UNRESOLVED,CONTROLLED,,sp_fef06587fead,34.61,12.33,hsrc_c61726597ef3,,Portugal safe interior v3 from the 1751 Vaugondy sheets; positional uncertainty 12.33 km replaces 34.61 km
rev_a45a410e79ef,seven_years_war_1756_08_01,TERRESTRIAL_HEX,h6000_q-000595_r+000891,promo_7c95358cf0a4,promo_b68466ea22a9,UNRESOLVED,CONTROLLED,,sp_fef06587fead,34.61,12.33,hsrc_c61726597ef3,,Portugal safe interior v3 from the 1751 Vaugondy sheets; positional uncertainty 12.33 km replaces 34.61 km
rev_0da986f91ba9,seven_years_war_1756_08_01,TERRESTRIAL_HEX,h6000_q-000595_r+000892,promo_7c95358cf0a4,promo_b68466ea22a9,UNRESOLVED,CONTROLLED,,sp_fef06587fead,34.61,12.33,hsrc_c61726597ef3,,Portugal safe interior v3 from the 1751 Vaugondy sheets; positional uncertainty 12.33 km replaces 34.61 km
rev_307dbc299814,seven_years_war_1756_08_01,TERRESTRIAL_HEX,h6000_q-000596_r+000892,promo_7c95358cf0a4,promo_b68466ea22a9,UNRESOLVED,CONTROLLED,,sp_fef06587fead,34.61,12.33,hsrc_c61726597ef3,,Portugal safe interior v3 from the 1751 Vaugondy sheets; positional uncertainty 12.33 km replaces 34.61 km
rev_402b58d82432,seven_years_war_1756_08_01,TERRESTRIAL_HEX,h6000_q-000594_r+000892,promo_7c95358cf0a4,promo_b68466ea22a9,UNRESOLVED,CONTROLLED,,sp_fef06587fead,34.61,12.33,hsrc_c61726597ef3,,Portugal safe interior v3 from the 1751 Vaugondy sheets; positional uncertainty 12.33 km replaces 34.61 km
rev_97ad0bfef541,seven_years_war_1756_08_01,TERRESTRIAL_HEX,h6000_q-000599_r+000886,promo_7c95358cf0a4,promo_b68466ea22a9,UNRESOLVED,CONTROLLED,,sp_fef06587fead,34.61,12.33,hsrc_c61726597ef3,,Portugal safe interior v3 from the 1751 Vaugondy sheets; positional uncertainty 12.33 km replaces 34.61 km
rev_df6b7147215d,seven_years_war_1756_08_01,TERRESTRIAL_HEX,h6000_q-000599_r+000887,promo_7c95358cf0a4,promo_b68466ea22a9,UNRESOLVED,CONTROLLED,,sp_fef06587fead,34.61,12.33,hsrc_c61726597ef3,,Portugal safe interior v3 from the 1751 Vaugondy sheets; positional uncertainty 12.33 km replaces 34.61 km
rev_3f491ad3e8f9,seven_years_war_1756_08_01,TERRESTRIAL_HEX,h6000_q-000600_r+000888,promo_7c95358cf0a4,promo_b68466ea22a9,UNRESOLVED,CONTROLLED,,sp_fef06587fead,34.61,12.33,hsrc_c61726597ef3,,Portugal safe interior v3 from the 1751 Vaugondy sheets; positional uncertainty 12.33 km replaces 34.61 km
rev_ff75d908f239,seven_years_war_1756_08_01,TERRESTRIAL_HEX,h6000_q-000600_r+000889,promo_7c95358cf0a4,promo_b68466ea22a9,UNRESOLVED,CONTROLLED,,sp_fef06587fead,34.61,12.33,hsrc_c61726597ef3,,Portugal safe interior v3 from the 1751 Vaugondy sheets; positional uncertainty 12.33 km replaces 34.61 km
rev_67edac805af6,seven_years_war_1756_08_01,TERRESTRIAL_HEX,h6000_q-000601_r+000886,promo_7c95358cf0a4,promo_b68466ea22a9,UNRESOLVED,CONTROLLED,,sp_fef06587fead,34.61,12.33,hsrc_c61726597ef3,,Portugal safe interior v3 from the 1751 Vaugondy sheets; positional uncertainty 12.33 km replaces 34.61 km
rev_79b3e05a36ec,seven_years_war_1756_08_01,TERRESTRIAL_HEX,h6000_q-000600_r+000886,promo_7c95358cf0a4,promo_b68466ea22a9,UNRESOLVED,CONTROLLED,,sp_fef06587fead,34.61,12.33,hsrc_c61726597ef3,,Portugal safe interior v3 from the 1751 Vaugondy sheets; positional uncertainty 12.33 km replaces 34.61 km
rev_8ed68023ece3,seven_years_war_1756_08_01,TERRESTRIAL_HEX,h6000_q-000602_r+000886,promo_7c95358cf0a4,promo_b68466ea22a9,UNRESOLVED,CONTROLLED,,sp_fef06587fead,34.61,12.33,hsrc_c61726597ef3,,Portugal safe interior v3 from the 1751 Vaugondy sheets; positional uncertainty 12.33 km replaces 34.61 km
rev_ca6d56314874,seven_years_war_1756_08_01,TERRESTRIAL_HEX,h6000_q-000602_r+000887,promo_7c95358cf0a4,promo_b68466ea22a9,UNRESOLVED,CONTROLLED,,sp_fef06587fead,34.61,12.33,hsrc_c61726597ef3,,Portugal safe interior v3 from the 1751 Vaugondy sheets; positional uncertainty 12.33 km replaces 34.61 km
rev_4414f0d9679d,seven_years_war_1756_08_01,TERRESTRIAL_HEX,h6000_q-000601_r+000887,promo_7c95358cf0a4,promo_b68466ea22a9,UNRESOLVED,CONTROLLED,,sp_fef06587fead,34.61,12.33,hsrc_c61726597ef3,,Portugal safe interior v3 from the 1751 Vaugondy sheets; positional uncertainty 12.33 km replaces 34.61 km
rev_801db0e782ac,seven_years_war_1756_08_01,TERRESTRIAL_HEX,h6000_q-000600_r+000887,promo_7c95358cf0a4,promo_b68466ea22a9,UNRESOLVED,CONTROLLED,,sp_fef06587fead,34.61,12.33,hsrc_c61726597ef3,,Portugal safe interior v3 from the 1751 Vaugondy sheets; positional uncertainty 12.33 km replaces 34.61 km
rev_3c3fd812cbc2,seven_years_war_1756_08_01,TERRESTRIAL_HEX,h6000_q-000602_r+000888,promo_7c95358cf0a4,promo_b68466ea22a9,UNRESOLVED,CONTROLLED,,sp_fef06587fead,34.61,12.33,hsrc_c61726597ef3,,Portugal safe interior v3 from the 1751 Vaugondy sheets; positional uncertainty 12.33 km replaces 34.61 km
rev_3c0df2aef141,seven_years_war_1756_08_01,TERRESTRIAL_HEX,h6000_q-000603_r+000888,promo_7c95358cf0a4,promo_b68466ea22a9,UNRESOLVED,CONTROLLED,,sp_fef06587fead,34.61,12.33,hsrc_c61726597ef3,,Portugal safe interior v3 from the 1751 Vaugondy sheets; positional uncertainty 12.33 km replaces 34.61 km
rev_ffda33968ad2,seven_years_war_1756_08_01,TERRESTRIAL_HEX,h6000_q-000601_r+000888,promo_7c95358cf0a4,promo_b68466ea22a9,UNRESOLVED,CONTROLLED,,sp_fef06587fead,34.61,12.33,hsrc_c61726597ef3,,Portugal safe interior v3 from the 1751 Vaugondy sheets; positional uncertainty 12.33 km replaces 34.61 km
rev_59d194abed6e,seven_years_war_1756_08_01,TERRESTRIAL_HEX,h6000_q-000603_r+000889,promo_7c95358cf0a4,promo_b68466ea22a9,UNRESOLVED,CONTROLLED,,sp_fef06587fead,34.61,12.33,hsrc_c61726597ef3,,Portugal safe interior v3 from the 1751 Vaugondy sheets; positional uncertainty 12.33 km replaces 34.61 km
rev_9943936c5a43,seven_years_war_1756_08_01,TERRESTRIAL_HEX,h6000_q-000603_r+000887,promo_7c95358cf0a4,promo_b68466ea22a9,UNRESOLVED,CONTROLLED,,sp_fef06587fead,34.61,12.33,hsrc_c61726597ef3,,Portugal safe interior v3 from the 1751 Vaugondy sheets; positional uncertainty 12.33 km replaces 34.61 km
rev_ad30c921358d,seven_years_war_1756_08_01,TERRESTRIAL_HEX,h6000_q-000604_r+000887,promo_7c95358cf0a4,promo_b68466ea22a9,UNRESOLVED,CONTROLLED,,sp_fef06587fead,34.61,12.33,hsrc_c61726597ef3,,Portugal safe interior v3 from the 1751 Vaugondy sheets; positional uncertainty 12.33 km replaces 34.61 km
rev_4574c4e23ac0,seven_years_war_1756_08_01,TERRESTRIAL_HEX,h6000_q-000604_r+000888,promo_7c95358cf0a4,promo_b68466ea22a9,UNRESOLVED,CONTROLLED,,sp_fef06587fead,34.61,12.33,hsrc_c61726597ef3,,Portugal safe interior v3 from the 1751 Vaugondy sheets; positional uncertainty 12.33 km replaces 34.61 km
rev_f1ae5ceb06d6,seven_years_war_1756_08_01,TERRESTRIAL_HEX,h6000_q-000604_r+000889,promo_7c95358cf0a4,promo_b68466ea22a9,UNRESOLVED,CONTROLLED,,sp_fef06587fead,34.61,12.33,hsrc_c61726597ef3,,Portugal safe interior v3 from the 1751 Vaugondy sheets; positional uncertainty 12.33 km replaces 34.61 km
rev_055e6ba4ea14,seven_years_war_1756_08_01,TERRESTRIAL_HEX,h6000_q-000605_r+000889,promo_7c95358cf0a4,promo_b68466ea22a9,UNRESOLVED,CONTROLLED,,sp_fef06587fead,34.61,12.33,hsrc_c61726597ef3,,Portugal safe interior v3 from the 1751 Vaugondy sheets; positional uncertainty 12.33 km replaces 34.61 km
rev_9a6f21b158b5,seven_years_war_1756_08_01,TERRESTRIAL_HEX,h6000_q-000601_r+000889,promo_7c95358cf0a4,promo_b68466ea22a9,UNRESOLVED,CONTROLLED,,sp_fef06587fead,34.61,12.33,hsrc_c61726597ef3,,Portugal safe interior v3 from the 1751 Vaugondy sheets; positional uncertainty 12.33 km replaces 34.61 km
rev_37cd8f29723e,seven_years_war_1756_08_01,TERRESTRIAL_HEX,h6000_q-000602_r+000889,promo_7c95358cf0a4,promo_b68466ea22a9,UNRESOLVED,CONTROLLED,,sp_fef06587fead,34.61,12.33,hsrc_c61726597ef3,,Portugal safe interior v3 from the 1751 Vaugondy sheets; positional uncertainty 12.33 km replaces 34.61 km
rev_5662d9a88c99,seven_years_war_1756_08_01,TERRESTRIAL_HEX,h6000_q-000603_r+000890,promo_7c95358cf0a4,promo_b68466ea22a9,UNRESOLVED,CONTROLLED,,sp_fef06587fead,34.61,12.33,hsrc_c61726597ef3,,Portugal safe interior v3 from the 1751 Vaugondy sheets; positional uncertainty 12.33 km replaces 34.61 km
rev_7bcf40ef54ff,seven_years_war_1756_08_01,TERRESTRIAL_HEX,h6000_q-000602_r+000890,promo_7c95358cf0a4,promo_b68466ea22a9,UNRESOLVED,CONTROLLED,,sp_fef06587fead,34.61,12.33,hsrc_c61726597ef3,,Portugal safe interior v3 from the 1751 Vaugondy sheets; positional uncertainty 12.33 km replaces 34.61 km
rev_521675041d8f,seven_years_war_1756_08_01,TERRESTRIAL_HEX,h6000_q-000604_r+000890,promo_7c95358cf0a4,promo_b68466ea22a9,UNRESOLVED,CONTROLLED,,sp_fef06587fead,34.61,12.33,hsrc_c61726597ef3,,Portugal safe interior v3 from the 1751 Vaugondy sheets; positional uncertainty 12.33 km replaces 34.61 km
rev_60515aaee3ed,seven_years_war_1756_08_01,TERRESTRIAL_HEX,h6000_q-000604_r+000891,promo_7c95358cf0a4,promo_b68466ea22a9,UNRESOLVED,CONTROLLED,,sp_fef06587fead,34.61,12.33,hsrc_c61726597ef3,,Portugal safe interior v3 from the 1751 Vaugondy sheets; positional uncertainty 12.33 km replaces 34.61 km
rev_5f2d7152a63e,seven_years_war_1756_08_01,TERRESTRIAL_HEX,h6000_q-000603_r+000891,promo_7c95358cf0a4,promo_b68466ea22a9,UNRESOLVED,CONTROLLED,,sp_fef06587fead,34.61,12.33,hsrc_c61726597ef3,,Portugal safe interior v3 from the 1751 Vaugondy sheets; positional uncertainty 12.33 km replaces 34.61 km
rev_b878b113c903,seven_years_war_1756_08_01,TERRESTRIAL_HEX,h6000_q-000602_r+000891,promo_7c95358cf0a4,promo_b68466ea22a9,UNRESOLVED,CONTROLLED,,sp_fef06587fead,34.61,12.33,hsrc_c61726597ef3,,Portugal safe interior v3 from the 1751 Vaugondy sheets; positional uncertainty 12.33 km replaces 34.61 km
rev_a92cb973de21,seven_years_war_1756_08_01,TERRESTRIAL_HEX,h6000_q-000605_r+000892,promo_7c95358cf0a4,promo_b68466ea22a9,UNRESOLVED,CONTROLLED,,sp_fef06587fead,34.61,12.33,hsrc_c61726597ef3,,Portugal safe interior v3 from the 1751 Vaugondy sheets; positional uncertainty 12.33 km replaces 34.61 km
rev_d291b4602e9c,seven_years_war_1756_08_01,TERRESTRIAL_HEX,h6000_q-000603_r+000892,promo_7c95358cf0a4,promo_b68466ea22a9,UNRESOLVED,CONTROLLED,,sp_fef06587fead,34.61,12.33,hsrc_c61726597ef3,,Portugal safe interior v3 from the 1751 Vaugondy sheets; positional uncertainty 12.33 km replaces 34.61 km
rev_600d1938eb7f,seven_years_war_1756_08_01,TERRESTRIAL_HEX,h6000_q-000605_r+000890,promo_7c95358cf0a4,promo_b68466ea22a9,UNRESOLVED,CONTROLLED,,sp_fef06587fead,34.61,12.33,hsrc_c61726597ef3,,Portugal safe interior v3 from the 1751 Vaugondy sheets; positional uncertainty 12.33 km replaces 34.61 km
rev_47569408abb3,seven_years_war_1756_08_01,TERRESTRIAL_HEX,h6000_q-000605_r+000891,promo_7c95358cf0a4,promo_b68466ea22a9,UNRESOLVED,CONTROLLED,,sp_fef06587fead,34.61,12.33,hsrc_c61726597ef3,,Portugal safe interior v3 from the 1751 Vaugondy sheets; positional uncertainty 12.33 km replaces 34.61 km
rev_ed7e1bfdaedb,seven_years_war_1756_08_01,TERRESTRIAL_HEX,h6000_q-000606_r+000891,promo_7c95358cf0a4,promo_b68466ea22a9,UNRESOLVED,CONTROLLED,,sp_fef06587fead,34.61,12.33,hsrc_c61726597ef3,,Portugal safe interior v3 from the 1751 Vaugondy sheets; positional uncertainty 12.33 km replaces 34.61 km
rev_8a1a6343a902,seven_years_war_1756_08_01,TERRESTRIAL_HEX,h6000_q-000607_r+000892,promo_7c95358cf0a4,promo_b68466ea22a9,UNRESOLVED,CONTROLLED,,sp_fef06587fead,34.61,12.33,hsrc_c61726597ef3,,Portugal safe interior v3 from the 1751 Vaugondy sheets; positional uncertainty 12.33 km replaces 34.61 km
rev_10a962700244,seven_years_war_1756_08_01,TERRESTRIAL_HEX,h6000_q-000606_r+000892,promo_7c95358cf0a4,promo_b68466ea22a9,UNRESOLVED,CONTROLLED,,sp_fef06587fead,34.61,12.33,hsrc_c61726597ef3,,Portugal safe interior v3 from the 1751 Vaugondy sheets; positional uncertainty 12.33 km replaces 34.61 km
rev_a6c54be7a5ce,seven_years_war_1756_08_01,TERRESTRIAL_HEX,h6000_q-000607_r+000893,promo_7c95358cf0a4,promo_b68466ea22a9,UNRESOLVED,CONTROLLED,,sp_fef06587fead,34.61,12.33,hsrc_c61726597ef3,,Portugal safe interior v3 from the 1751 Vaugondy sheets; positional uncertainty 12.33 km replaces 34.61 km
rev_54b1abba9e78,seven_years_war_1756_08_01,TERRESTRIAL_HEX,h6000_q-000600_r+000890,promo_7c95358cf0a4,promo_b68466ea22a9,UNRESOLVED,CONTROLLED,,sp_fef06587fead,34.61,12.33,hsrc_c61726597ef3,,Portugal safe interior v3 from the 1751 Vaugondy sheets; positional uncertainty 12.33 km replaces 34.61 km
rev_bbd9dc733f39,seven_years_war_1756_08_01,TERRESTRIAL_HEX,h6000_q-000601_r+000890,promo_7c95358cf0a4,promo_b68466ea22a9,UNRESOLVED,CONTROLLED,,sp_fef06587fead,34.61,12.33,hsrc_c61726597ef3,,Portugal safe interior v3 from the 1751 Vaugondy sheets; positional uncertainty 12.33 km replaces 34.61 km
rev_7847828e5e2a,seven_years_war_1756_08_01,TERRESTRIAL_HEX,h6000_q-000601_r+000891,promo_7c95358cf0a4,promo_b68466ea22a9,UNRESOLVED,CONTROLLED,,sp_fef06587fead,34.61,12.33,hsrc_c61726597ef3,,Portugal safe interior v3 from the 1751 Vaugondy sheets; positional uncertainty 12.33 km replaces 34.61 km
rev_f5613b644923,seven_years_war_1756_08_01,TERRESTRIAL_HEX,h6000_q-000600_r+000891,promo_7c95358cf0a4,promo_b68466ea22a9,UNRESOLVED,CONTROLLED,,sp_fef06587fead,34.61,12.33,hsrc_c61726597ef3,,Portugal safe interior v3 from the 1751 Vaugondy sheets; positional uncertainty 12.33 km replaces 34.61 km
rev_29a008b65f14,seven_years_war_1756_08_01,TERRESTRIAL_HEX,h6000_q-000601_r+000892,promo_7c95358cf0a4,promo_b68466ea22a9,UNRESOLVED,CONTROLLED,,sp_fef06587fead,34.61,12.33,hsrc_c61726597ef3,,Portugal safe interior v3 from the 1751 Vaugondy sheets; positional uncertainty 12.33 km replaces 34.61 km
rev_3def809f23a0,seven_years_war_1756_08_01,TERRESTRIAL_HEX,h6000_q-000602_r+000892,promo_7c95358cf0a4,promo_b68466ea22a9,UNRESOLVED,CONTROLLED,,sp_fef06587fead,34.61,12.33,hsrc_c61726597ef3,,Portugal safe interior v3 from the 1751 Vaugondy sheets; positional uncertainty 12.33 km replaces 34.61 km
rev_c4cf970d06da,seven_years_war_1756_08_01,TERRESTRIAL_HEX,h6000_q-000604_r+000892,promo_7c95358cf0a4,promo_b68466ea22a9,UNRESOLVED,CONTROLLED,,sp_fef06587fead,34.61,12.33,hsrc_c61726597ef3,,Portugal safe interior v3 from the 1751 Vaugondy sheets; positional uncertainty 12.33 km replaces 34.61 km
rev_b1a4ea957916,seven_years_war_1756_08_01,TERRESTRIAL_HEX,h6000_q-000604_r+000893,promo_7c95358cf0a4,promo_b68466ea22a9,UNRESOLVED,CONTROLLED,,sp_fef06587fead,34.61,12.33,hsrc_c61726597ef3,,Portugal safe interior v3 from the 1751 Vaugondy sheets; positional uncertainty 12.33 km replaces 34.61 km
rev_6d2d937f7918,seven_years_war_1756_08_01,TERRESTRIAL_HEX,h6000_q-000603_r+000893,promo_7c95358cf0a4,promo_b68466ea22a9,UNRESOLVED,CONTROLLED,,sp_fef06587fead,34.61,12.33,hsrc_c61726597ef3,,Portugal safe interior v3 from the 1751 Vaugondy sheets; positional uncertainty 12.33 km replaces 34.61 km
rev_9046d2b36af3,seven_years_war_1756_08_01,TERRESTRIAL_HEX,h6000_q-000605_r+000893,promo_7c95358cf0a4,promo_b68466ea22a9,UNRESOLVED,CONTROLLED,,sp_fef06587fead,34.61,12.33,hsrc_c61726597ef3,,Portugal safe interior v3 from the 1751 Vaugondy sheets; positional uncertainty 12.33 km replaces 34.61 km
rev_d19489ad94a6,seven_years_war_1756_08_01,TERRESTRIAL_HEX,h6000_q-000606_r+000894,promo_7c95358cf0a4,promo_b68466ea22a9,UNRESOLVED,CONTROLLED,,sp_fef06587fead,34.61,12.33,hsrc_c61726597ef3,,Portugal safe interior v3 from the 1751 Vaugondy sheets; positional uncertainty 12.33 km replaces 34.61 km
rev_0e82a284ef5e,seven_years_war_1756_08_01,TERRESTRIAL_HEX,h6000_q-000604_r+000894,promo_7c95358cf0a4,promo_b68466ea22a9,UNRESOLVED,CONTROLLED,,sp_fef06587fead,34.61,12.33,hsrc_c61726597ef3,,Portugal safe interior v3 from the 1751 Vaugondy sheets; positional uncertainty 12.33 km replaces 34.61 km
rev_6b6f56f87a25,seven_years_war_1756_08_01,TERRESTRIAL_HEX,h6000_q-000605_r+000894,promo_7c95358cf0a4,promo_b68466ea22a9,UNRESOLVED,CONTROLLED,,sp_fef06587fead,34.61,12.33,hsrc_c61726597ef3,,Portugal safe interior v3 from the 1751 Vaugondy sheets; positional uncertainty 12.33 km replaces 34.61 km
rev_677cf79a6d3f,seven_years_war_1756_08_01,TERRESTRIAL_HEX,h6000_q-000606_r+000895,promo_7c95358cf0a4,promo_b68466ea22a9,UNRESOLVED,CONTROLLED,,sp_fef06587fead,34.61,12.33,hsrc_c61726597ef3,,Portugal safe interior v3 from the 1751 Vaugondy sheets; positional uncertainty 12.33 km replaces 34.61 km
rev_878c31da9a1d,seven_years_war_1756_08_01,TERRESTRIAL_HEX,h6000_q-000605_r+000895,promo_7c95358cf0a4,promo_b68466ea22a9,UNRESOLVED,CONTROLLED,,sp_fef06587fead,34.61,12.33,hsrc_c61726597ef3,,Portugal safe interior v3 from the 1751 Vaugondy sheets; positional uncertainty 12.33 km replaces 34.61 km
rev_c14be494febd,seven_years_war_1756_08_01,TERRESTRIAL_HEX,h6000_q-000604_r+000895,promo_7c95358cf0a4,promo_b68466ea22a9,UNRESOLVED,CONTROLLED,,sp_fef06587fead,34.61,12.33,hsrc_c61726597ef3,,Portugal safe interior v3 from the 1751 Vaugondy sheets; positional uncertainty 12.33 km replaces 34.61 km
rev_afe390703c24,seven_years_war_1756_08_01,TERRESTRIAL_HEX,h6000_q-000602_r+000893,promo_7c95358cf0a4,promo_b68466ea22a9,UNRESOLVED,CONTROLLED,,sp_fef06587fead,34.61,12.33,hsrc_c61726597ef3,,Portugal safe interior v3 from the 1751 Vaugondy sheets; positional uncertainty 12.33 km replaces 34.61 km
rev_5f5c1efbf698,seven_years_war_1756_08_01,TERRESTRIAL_HEX,h6000_q-000603_r+000894,promo_7c95358cf0a4,promo_b68466ea22a9,UNRESOLVED,CONTROLLED,,sp_fef06587fead,34.61,12.33,hsrc_c61726597ef3,,Portugal safe interior v3 from the 1751 Vaugondy sheets; positional uncertainty 12.33 km replaces 34.61 km
rev_c1e673e43ac2,seven_years_war_1756_08_01,TERRESTRIAL_HEX,h6000_q-000602_r+000894,promo_7c95358cf0a4,promo_b68466ea22a9,UNRESOLVED,CONTROLLED,,sp_fef06587fead,34.61,12.33,hsrc_c61726597ef3,,Portugal safe interior v3 from the 1751 Vaugondy sheets; positional uncertainty 12.33 km replaces 34.61 km
rev_ce84e02adb7a,seven_years_war_1756_08_01,TERRESTRIAL_HEX,h6000_q-000603_r+000895,promo_7c95358cf0a4,promo_b68466ea22a9,UNRESOLVED,CONTROLLED,,sp_fef06587fead,34.61,12.33,hsrc_c61726597ef3,,Portugal safe interior v3 from the 1751 Vaugondy sheets; positional uncertainty 12.33 km replaces 34.61 km
rev_8f3cbfc5943a,seven_years_war_1756_08_01,TERRESTRIAL_HEX,h6000_q-000603_r+000896,promo_c1d69cca569e,promo_b68466ea22a9,UNRESOLVED,CONTROLLED,,sp_fef06587fead,34.61,12.33,hsrc_c61726597ef3,,Portugal safe interior v3 from the 1751 Vaugondy sheets; positional uncertainty 12.33 km replaces 34.61 km
rev_f7d88081c9fb,seven_years_war_1756_08_01,TERRESTRIAL_HEX,h6000_q-000604_r+000896,promo_c1d69cca569e,promo_b68466ea22a9,UNRESOLVED,CONTROLLED,,sp_fef06587fead,34.61,12.33,hsrc_c61726597ef3,,Portugal safe interior v3 from the 1751 Vaugondy sheets; positional uncertainty 12.33 km replaces 34.61 km
rev_78398376d9cf,seven_years_war_1756_08_01,TERRESTRIAL_HEX,h6000_q-000606_r+000893,promo_7c95358cf0a4,promo_b68466ea22a9,UNRESOLVED,CONTROLLED,,sp_fef06587fead,34.61,12.33,hsrc_c61726597ef3,,Portugal safe interior v3 from the 1751 Vaugondy sheets; positional uncertainty 12.33 km replaces 34.61 km
rev_c84eba9a3a54,seven_years_war_1756_08_01,TERRESTRIAL_HEX,h6000_q-000608_r+000894,promo_7c95358cf0a4,promo_b68466ea22a9,UNRESOLVED,CONTROLLED,,sp_fef06587fead,34.61,12.33,hsrc_c61726597ef3,,Portugal safe interior v3 from the 1751 Vaugondy sheets; positional uncertainty 12.33 km replaces 34.61 km
rev_ff9f7ac85270,seven_years_war_1756_08_01,TERRESTRIAL_HEX,h6000_q-000607_r+000894,promo_7c95358cf0a4,promo_b68466ea22a9,UNRESOLVED,CONTROLLED,,sp_fef06587fead,34.61,12.33,hsrc_c61726597ef3,,Portugal safe interior v3 from the 1751 Vaugondy sheets; positional uncertainty 12.33 km replaces 34.61 km
rev_568e4a06c0b3,seven_years_war_1756_08_01,TERRESTRIAL_HEX,h6000_q-000608_r+000895,promo_7c95358cf0a4,promo_b68466ea22a9,UNRESOLVED,CONTROLLED,,sp_fef06587fead,34.61,12.33,hsrc_c61726597ef3,,Portugal safe interior v3 from the 1751 Vaugondy sheets; positional uncertainty 12.33 km replaces 34.61 km
rev_992cfd36b845,seven_years_war_1756_08_01,TERRESTRIAL_HEX,h6000_q-000609_r+000895,promo_7c95358cf0a4,promo_b68466ea22a9,UNRESOLVED,CONTROLLED,,sp_fef06587fead,34.61,12.33,hsrc_c61726597ef3,,Portugal safe interior v3 from the 1751 Vaugondy sheets; positional uncertainty 12.33 km replaces 34.61 km
rev_78c8760542ce,seven_years_war_1756_08_01,TERRESTRIAL_HEX,h6000_q-000607_r+000895,promo_7c95358cf0a4,promo_b68466ea22a9,UNRESOLVED,CONTROLLED,,sp_fef06587fead,34.61,12.33,hsrc_c61726597ef3,,Portugal safe interior v3 from the 1751 Vaugondy sheets; positional uncertainty 12.33 km replaces 34.61 km
rev_be9e0ab1ff8d,seven_years_war_1756_08_01,TERRESTRIAL_HEX,h6000_q-000609_r+000896,promo_7c95358cf0a4,promo_b68466ea22a9,UNRESOLVED,CONTROLLED,,sp_fef06587fead,34.61,12.33,hsrc_c61726597ef3,,Portugal safe interior v3 from the 1751 Vaugondy sheets; positional uncertainty 12.33 km replaces 34.61 km
rev_1859df61f3ee,seven_years_war_1756_08_01,TERRESTRIAL_HEX,h6000_q-000610_r+000896,promo_7c95358cf0a4,promo_b68466ea22a9,UNRESOLVED,CONTROLLED,,sp_fef06587fead,34.61,12.33,hsrc_c61726597ef3,,Portugal safe interior v3 from the 1751 Vaugondy sheets; positional uncertainty 12.33 km replaces 34.61 km
rev_98193aa30a98,seven_years_war_1756_08_01,TERRESTRIAL_HEX,h6000_q-000608_r+000896,promo_7c95358cf0a4,promo_b68466ea22a9,UNRESOLVED,CONTROLLED,,sp_fef06587fead,34.61,12.33,hsrc_c61726597ef3,,Portugal safe interior v3 from the 1751 Vaugondy sheets; positional uncertainty 12.33 km replaces 34.61 km
rev_38e21175f2c3,seven_years_war_1756_08_01,TERRESTRIAL_HEX,h6000_q-000608_r+000897,promo_7c95358cf0a4,promo_b68466ea22a9,UNRESOLVED,CONTROLLED,,sp_fef06587fead,34.61,12.33,hsrc_c61726597ef3,,Portugal safe interior v3 from the 1751 Vaugondy sheets; positional uncertainty 12.33 km replaces 34.61 km
rev_f97a310ae813,seven_years_war_1756_08_01,TERRESTRIAL_HEX,h6000_q-000591_r+000893,promo_7c95358cf0a4,promo_b68466ea22a9,UNRESOLVED,CONTROLLED,,sp_fef06587fead,34.61,12.33,hsrc_c61726597ef3,,Portugal safe interior v3 from the 1751 Vaugondy sheets; positional uncertainty 12.33 km replaces 34.61 km
rev_8c5f5a2eccad,seven_years_war_1756_08_01,TERRESTRIAL_HEX,h6000_q-000592_r+000894,promo_7c95358cf0a4,promo_b68466ea22a9,UNRESOLVED,CONTROLLED,,sp_fef06587fead,34.61,12.33,hsrc_c61726597ef3,,Portugal safe interior v3 from the 1751 Vaugondy sheets; positional uncertainty 12.33 km replaces 34.61 km
rev_7c70eb094d6a,seven_years_war_1756_08_01,TERRESTRIAL_HEX,h6000_q-000593_r+000894,promo_7c95358cf0a4,promo_b68466ea22a9,UNRESOLVED,CONTROLLED,,sp_fef06587fead,34.61,12.33,hsrc_c61726597ef3,,Portugal safe interior v3 from the 1751 Vaugondy sheets; positional uncertainty 12.33 km replaces 34.61 km
rev_f0a537d4c286,seven_years_war_1756_08_01,TERRESTRIAL_HEX,h6000_q-000592_r+000895,promo_7c95358cf0a4,promo_b68466ea22a9,UNRESOLVED,CONTROLLED,,sp_fef06587fead,34.61,12.33,hsrc_c61726597ef3,,Portugal safe interior v3 from the 1751 Vaugondy sheets; positional uncertainty 12.33 km replaces 34.61 km
rev_9e55cebb85e4,seven_years_war_1756_08_01,TERRESTRIAL_HEX,h6000_q-000593_r+000895,promo_7c95358cf0a4,promo_b68466ea22a9,UNRESOLVED,CONTROLLED,,sp_fef06587fead,34.61,12.33,hsrc_c61726597ef3,,Portugal safe interior v3 from the 1751 Vaugondy sheets; positional uncertainty 12.33 km replaces 34.61 km
rev_8730b709da12,seven_years_war_1756_08_01,TERRESTRIAL_HEX,h6000_q-000593_r+000896,promo_7c95358cf0a4,promo_b68466ea22a9,UNRESOLVED,CONTROLLED,,sp_fef06587fead,34.61,12.33,hsrc_c61726597ef3,,Portugal safe interior v3 from the 1751 Vaugondy sheets; positional uncertainty 12.33 km replaces 34.61 km
rev_18d4a50ce2de,seven_years_war_1756_08_01,TERRESTRIAL_HEX,h6000_q-000594_r+000896,promo_7c95358cf0a4,promo_b68466ea22a9,UNRESOLVED,CONTROLLED,,sp_fef06587fead,34.61,12.33,hsrc_c61726597ef3,,Portugal safe interior v3 from the 1751 Vaugondy sheets; positional uncertainty 12.33 km replaces 34.61 km
rev_052c19163f38,seven_years_war_1756_08_01,TERRESTRIAL_HEX,h6000_q-000601_r+000896,promo_7c95358cf0a4,promo_b68466ea22a9,UNRESOLVED,CONTROLLED,,sp_fef06587fead,34.61,12.33,hsrc_c61726597ef3,,Portugal safe interior v3 from the 1751 Vaugondy sheets; positional uncertainty 12.33 km replaces 34.61 km
rev_6188a81fdcc4,seven_years_war_1756_08_01,TERRESTRIAL_HEX,h6000_q-000600_r+000896,promo_7c95358cf0a4,promo_b68466ea22a9,UNRESOLVED,CONTROLLED,,sp_fef06587fead,34.61,12.33,hsrc_c61726597ef3,,Portugal safe interior v3 from the 1751 Vaugondy sheets; positional uncertainty 12.33 km replaces 34.61 km
rev_f812d6a42a34,seven_years_war_1756_08_01,TERRESTRIAL_HEX,h6000_q-000601_r+000897,promo_7c95358cf0a4,promo_b68466ea22a9,UNRESOLVED,CONTROLLED,,sp_fef06587fead,34.61,12.33,hsrc_c61726597ef3,,Portugal safe interior v3 from the 1751 Vaugondy sheets; positional uncertainty 12.33 km replaces 34.61 km
rev_25faea9adc4f,seven_years_war_1756_08_01,TERRESTRIAL_HEX,h6000_q-000600_r+000897,promo_7c95358cf0a4,promo_b68466ea22a9,UNRESOLVED,CONTROLLED,,sp_fef06587fead,34.61,12.33,hsrc_c61726597ef3,,Portugal safe interior v3 from the 1751 Vaugondy sheets; positional uncertainty 12.33 km replaces 34.61 km
rev_b08ad5ba1551,seven_years_war_1756_08_01,TERRESTRIAL_HEX,h6000_q-000601_r+000898,promo_7c95358cf0a4,promo_b68466ea22a9,UNRESOLVED,CONTROLLED,,sp_fef06587fead,34.61,12.33,hsrc_c61726597ef3,,Portugal safe interior v3 from the 1751 Vaugondy sheets; positional uncertainty 12.33 km replaces 34.61 km
rev_86367bcbaa14,seven_years_war_1756_08_01,TERRESTRIAL_HEX,h6000_q-000602_r+000898,promo_7c95358cf0a4,promo_b68466ea22a9,UNRESOLVED,CONTROLLED,,sp_fef06587fead,34.61,12.33,hsrc_c61726597ef3,,Portugal safe interior v3 from the 1751 Vaugondy sheets; positional uncertainty 12.33 km replaces 34.61 km
rev_d4e372a6f25f,seven_years_war_1756_08_01,TERRESTRIAL_HEX,h6000_q-000601_r+000899,promo_7c95358cf0a4,promo_b68466ea22a9,UNRESOLVED,CONTROLLED,,sp_fef06587fead,34.61,12.33,hsrc_c61726597ef3,,Portugal safe interior v3 from the 1751 Vaugondy sheets; positional uncertainty 12.33 km replaces 34.61 km
rev_ae791dcce9a9,seven_years_war_1756_08_01,TERRESTRIAL_HEX,h6000_q-000600_r+000899,promo_7c95358cf0a4,promo_b68466ea22a9,UNRESOLVED,CONTROLLED,,sp_fef06587fead,34.61,12.33,hsrc_c61726597ef3,,Portugal safe interior v3 from the 1751 Vaugondy sheets; positional uncertainty 12.33 km replaces 34.61 km
rev_a3f50121d39a,seven_years_war_1756_08_01,TERRESTRIAL_HEX,h6000_q-000602_r+000899,promo_7c95358cf0a4,promo_b68466ea22a9,UNRESOLVED,CONTROLLED,,sp_fef06587fead,34.61,12.33,hsrc_c61726597ef3,,Portugal safe interior v3 from the 1751 Vaugondy sheets; positional uncertainty 12.33 km replaces 34.61 km
rev_4ce667f9e4e7,seven_years_war_1756_08_01,TERRESTRIAL_HEX,h6000_q-000593_r+000897,promo_7c95358cf0a4,promo_b68466ea22a9,UNRESOLVED,CONTROLLED,,sp_fef06587fead,34.61,12.33,hsrc_c61726597ef3,,Portugal safe interior v3 from the 1751 Vaugondy sheets; positional uncertainty 12.33 km replaces 34.61 km
rev_f7a99f1abe5c,seven_years_war_1756_08_01,TERRESTRIAL_HEX,h6000_q-000594_r+000897,promo_7c95358cf0a4,promo_b68466ea22a9,UNRESOLVED,CONTROLLED,,sp_fef06587fead,34.61,12.33,hsrc_c61726597ef3,,Portugal safe interior v3 from the 1751 Vaugondy sheets; positional uncertainty 12.33 km replaces 34.61 km
rev_913b4f57a77c,seven_years_war_1756_08_01,TERRESTRIAL_HEX,h6000_q-000595_r+000897,promo_7c95358cf0a4,promo_b68466ea22a9,UNRESOLVED,CONTROLLED,,sp_fef06587fead,34.61,12.33,hsrc_c61726597ef3,,Portugal safe interior v3 from the 1751 Vaugondy sheets; positional uncertainty 12.33 km replaces 34.61 km
rev_d9d349572235,seven_years_war_1756_08_01,TERRESTRIAL_HEX,h6000_q-000596_r+000898,promo_7c95358cf0a4,promo_b68466ea22a9,UNRESOLVED,CONTROLLED,,sp_fef06587fead,34.61,12.33,hsrc_c61726597ef3,,Portugal safe interior v3 from the 1751 Vaugondy sheets; positional uncertainty 12.33 km replaces 34.61 km
rev_60731b737b52,seven_years_war_1756_08_01,TERRESTRIAL_HEX,h6000_q-000595_r+000898,promo_7c95358cf0a4,promo_b68466ea22a9,UNRESOLVED,CONTROLLED,,sp_fef06587fead,34.61,12.33,hsrc_c61726597ef3,,Portugal safe interior v3 from the 1751 Vaugondy sheets; positional uncertainty 12.33 km replaces 34.61 km
rev_121f35266ae8,seven_years_war_1756_08_01,TERRESTRIAL_HEX,h6000_q-000594_r+000898,promo_7c95358cf0a4,promo_b68466ea22a9,UNRESOLVED,CONTROLLED,,sp_fef06587fead,34.61,12.33,hsrc_c61726597ef3,,Portugal safe interior v3 from the 1751 Vaugondy sheets; positional uncertainty 12.33 km replaces 34.61 km
rev_1dc9477bde15,seven_years_war_1756_08_01,TERRESTRIAL_HEX,h6000_q-000596_r+000899,promo_7c95358cf0a4,promo_b68466ea22a9,UNRESOLVED,CONTROLLED,,sp_fef06587fead,34.61,12.33,hsrc_c61726597ef3,,Portugal safe interior v3 from the 1751 Vaugondy sheets; positional uncertainty 12.33 km replaces 34.61 km
rev_f841f144af14,seven_years_war_1756_08_01,TERRESTRIAL_HEX,h6000_q-000594_r+000899,promo_7c95358cf0a4,promo_b68466ea22a9,UNRESOLVED,CONTROLLED,,sp_fef06587fead,34.61,12.33,hsrc_c61726597ef3,,Portugal safe interior v3 from the 1751 Vaugondy sheets; positional uncertainty 12.33 km replaces 34.61 km
rev_ed4f41d7ba93,seven_years_war_1756_08_01,TERRESTRIAL_HEX,h6000_q-000595_r+000899,promo_7c95358cf0a4,promo_b68466ea22a9,UNRESOLVED,CONTROLLED,,sp_fef06587fead,34.61,12.33,hsrc_c61726597ef3,,Portugal safe interior v3 from the 1751 Vaugondy sheets; positional uncertainty 12.33 km replaces 34.61 km
rev_0911ba7cf4ab,seven_years_war_1756_08_01,TERRESTRIAL_HEX,h6000_q-000595_r+000900,promo_7c95358cf0a4,promo_b68466ea22a9,UNRESOLVED,CONTROLLED,,sp_fef06587fead,34.61,12.33,hsrc_c61726597ef3,,Portugal safe interior v3 from the 1751 Vaugondy sheets; positional uncertainty 12.33 km replaces 34.61 km
rev_1a63833fb0c6,seven_years_war_1756_08_01,TERRESTRIAL_HEX,h6000_q-000599_r+000900,promo_7c95358cf0a4,promo_b68466ea22a9,UNRESOLVED,CONTROLLED,,sp_fef06587fead,34.61,12.33,hsrc_c61726597ef3,,Portugal safe interior v3 from the 1751 Vaugondy sheets; positional uncertainty 12.33 km replaces 34.61 km
rev_c4053680256d,seven_years_war_1756_08_01,TERRESTRIAL_HEX,h6000_q-000598_r+000900,promo_7c95358cf0a4,promo_b68466ea22a9,UNRESOLVED,CONTROLLED,,sp_fef06587fead,34.61,12.33,hsrc_c61726597ef3,,Portugal safe interior v3 from the 1751 Vaugondy sheets; positional uncertainty 12.33 km replaces 34.61 km
rev_68fed010d045,seven_years_war_1756_08_01,TERRESTRIAL_HEX,h6000_q-000600_r+000900,promo_7c95358cf0a4,promo_b68466ea22a9,UNRESOLVED,CONTROLLED,,sp_fef06587fead,34.61,12.33,hsrc_c61726597ef3,,Portugal safe interior v3 from the 1751 Vaugondy sheets; positional uncertainty 12.33 km replaces 34.61 km
rev_9663af0c422d,seven_years_war_1756_08_01,TERRESTRIAL_HEX,h6000_q-000600_r+000901,promo_7c95358cf0a4,promo_b68466ea22a9,UNRESOLVED,CONTROLLED,,sp_fef06587fead,34.61,12.33,hsrc_c61726597ef3,,Portugal safe interior v3 from the 1751 Vaugondy sheets; positional uncertainty 12.33 km replaces 34.61 km
rev_24f44d20d2af,seven_years_war_1756_08_01,TERRESTRIAL_HEX,h6000_q-000598_r+000901,promo_7c95358cf0a4,promo_b68466ea22a9,UNRESOLVED,CONTROLLED,,sp_fef06587fead,34.61,12.33,hsrc_c61726597ef3,,Portugal safe interior v3 from the 1751 Vaugondy sheets; positional uncertainty 12.33 km replaces 34.61 km
rev_a5de2e44d15d,seven_years_war_1756_08_01,TERRESTRIAL_HEX,h6000_q-000599_r+000901,promo_7c95358cf0a4,promo_b68466ea22a9,UNRESOLVED,CONTROLLED,,sp_fef06587fead,34.61,12.33,hsrc_c61726597ef3,,Portugal safe interior v3 from the 1751 Vaugondy sheets; positional uncertainty 12.33 km replaces 34.61 km
rev_a3cee4e01ea4,seven_years_war_1756_08_01,TERRESTRIAL_HEX,h6000_q-000599_r+000902,promo_7c95358cf0a4,promo_b68466ea22a9,UNRESOLVED,CONTROLLED,,sp_fef06587fead,34.61,12.33,hsrc_c61726597ef3,,Portugal safe interior v3 from the 1751 Vaugondy sheets; positional uncertainty 12.33 km replaces 34.61 km
rev_26137df1fb4b,seven_years_war_1756_08_01,TERRESTRIAL_HEX,h6000_q-000600_r+000902,promo_7c95358cf0a4,promo_b68466ea22a9,UNRESOLVED,CONTROLLED,,sp_fef06587fead,34.61,12.33,hsrc_c61726597ef3,,Portugal safe interior v3 from the 1751 Vaugondy sheets; positional uncertainty 12.33 km replaces 34.61 km
rev_2da18e5ac521,seven_years_war_1756_08_01,TERRESTRIAL_HEX,h6000_q-000601_r+000902,promo_7c95358cf0a4,promo_b68466ea22a9,UNRESOLVED,CONTROLLED,,sp_fef06587fead,34.61,12.33,hsrc_c61726597ef3,,Portugal safe interior v3 from the 1751 Vaugondy sheets; positional uncertainty 12.33 km replaces 34.61 km
rev_a4167a4172e4,seven_years_war_1756_08_01,TERRESTRIAL_HEX,h6000_q-000601_r+000900,promo_7c95358cf0a4,promo_b68466ea22a9,UNRESOLVED,CONTROLLED,,sp_fef06587fead,34.61,12.33,hsrc_c61726597ef3,,Portugal safe interior v3 from the 1751 Vaugondy sheets; positional uncertainty 12.33 km replaces 34.61 km
rev_68ef946de75c,seven_years_war_1756_08_01,TERRESTRIAL_HEX,h6000_q-000603_r+000900,promo_7c95358cf0a4,promo_b68466ea22a9,UNRESOLVED,CONTROLLED,,sp_fef06587fead,34.61,12.33,hsrc_c61726597ef3,,Portugal safe interior v3 from the 1751 Vaugondy sheets; positional uncertainty 12.33 km replaces 34.61 km
rev_44237645f48b,seven_years_war_1756_08_01,TERRESTRIAL_HEX,h6000_q-000602_r+000900,promo_7c95358cf0a4,promo_b68466ea22a9,UNRESOLVED,CONTROLLED,,sp_fef06587fead,34.61,12.33,hsrc_c61726597ef3,,Portugal safe interior v3 from the 1751 Vaugondy sheets; positional uncertainty 12.33 km replaces 34.61 km
rev_c5ba021854b0,seven_years_war_1756_08_01,TERRESTRIAL_HEX,h6000_q-000602_r+000901,promo_7c95358cf0a4,promo_b68466ea22a9,UNRESOLVED,CONTROLLED,,sp_fef06587fead,34.61,12.33,hsrc_c61726597ef3,,Portugal safe interior v3 from the 1751 Vaugondy sheets; positional uncertainty 12.33 km replaces 34.61 km
rev_ceee5731e351,seven_years_war_1756_08_01,TERRESTRIAL_HEX,h6000_q-000601_r+000901,promo_7c95358cf0a4,promo_b68466ea22a9,UNRESOLVED,CONTROLLED,,sp_fef06587fead,34.61,12.33,hsrc_c61726597ef3,,Portugal safe interior v3 from the 1751 Vaugondy sheets; positional uncertainty 12.33 km replaces 34.61 km
rev_05043e7f92c8,seven_years_war_1756_08_01,TERRESTRIAL_HEX,h6000_q-000603_r+000901,promo_7c95358cf0a4,promo_b68466ea22a9,UNRESOLVED,CONTROLLED,,sp_fef06587fead,34.61,12.33,hsrc_c61726597ef3,,Portugal safe interior v3 from the 1751 Vaugondy sheets; positional uncertainty 12.33 km replaces 34.61 km
rev_ba2e66696654,seven_years_war_1756_08_01,TERRESTRIAL_HEX,h6000_q-000603_r+000902,promo_7c95358cf0a4,promo_b68466ea22a9,UNRESOLVED,CONTROLLED,,sp_fef06587fead,34.61,12.33,hsrc_c61726597ef3,,Portugal safe interior v3 from the 1751 Vaugondy sheets; positional uncertainty 12.33 km replaces 34.61 km
rev_6e182d4a3c44,seven_years_war_1756_08_01,TERRESTRIAL_HEX,h6000_q-000604_r+000902,promo_7c95358cf0a4,promo_b68466ea22a9,UNRESOLVED,CONTROLLED,,sp_fef06587fead,34.61,12.33,hsrc_c61726597ef3,,Portugal safe interior v3 from the 1751 Vaugondy sheets; positional uncertainty 12.33 km replaces 34.61 km
rev_e1655f7515f1,seven_years_war_1756_08_01,TERRESTRIAL_HEX,h6000_q-000602_r+000902,promo_7c95358cf0a4,promo_b68466ea22a9,UNRESOLVED,CONTROLLED,,sp_fef06587fead,34.61,12.33,hsrc_c61726597ef3,,Portugal safe interior v3 from the 1751 Vaugondy sheets; positional uncertainty 12.33 km replaces 34.61 km
rev_af074315eb40,seven_years_war_1756_08_01,TERRESTRIAL_HEX,h6000_q-000604_r+000903,promo_7c95358cf0a4,promo_b68466ea22a9,UNRESOLVED,CONTROLLED,,sp_fef06587fead,34.61,12.33,hsrc_c61726597ef3,,Portugal safe interior v3 from the 1751 Vaugondy sheets; positional uncertainty 12.33 km replaces 34.61 km
rev_3aa0d2e5f36b,seven_years_war_1756_08_01,TERRESTRIAL_HEX,h6000_q-000596_r+000900,promo_7c95358cf0a4,promo_b68466ea22a9,UNRESOLVED,CONTROLLED,,sp_fef06587fead,34.61,12.33,hsrc_c61726597ef3,,Portugal safe interior v3 from the 1751 Vaugondy sheets; positional uncertainty 12.33 km replaces 34.61 km
rev_0abac98c9538,seven_years_war_1756_08_01,TERRESTRIAL_HEX,h6000_q-000597_r+000900,promo_7c95358cf0a4,promo_b68466ea22a9,UNRESOLVED,CONTROLLED,,sp_fef06587fead,34.61,12.33,hsrc_c61726597ef3,,Portugal safe interior v3 from the 1751 Vaugondy sheets; positional uncertainty 12.33 km replaces 34.61 km
rev_fb070a8bf55d,seven_years_war_1756_08_01,TERRESTRIAL_HEX,h6000_q-000595_r+000901,promo_7c95358cf0a4,promo_b68466ea22a9,UNRESOLVED,CONTROLLED,,sp_fef06587fead,34.61,12.33,hsrc_c61726597ef3,,Portugal safe interior v3 from the 1751 Vaugondy sheets; positional uncertainty 12.33 km replaces 34.61 km
rev_b1b915a24bbe,seven_years_war_1756_08_01,TERRESTRIAL_HEX,h6000_q-000596_r+000901,promo_7c95358cf0a4,promo_b68466ea22a9,UNRESOLVED,CONTROLLED,,sp_fef06587fead,34.61,12.33,hsrc_c61726597ef3,,Portugal safe interior v3 from the 1751 Vaugondy sheets; positional uncertainty 12.33 km replaces 34.61 km
rev_392ce6b3d985,seven_years_war_1756_08_01,TERRESTRIAL_HEX,h6000_q-000597_r+000901,promo_7c95358cf0a4,promo_b68466ea22a9,UNRESOLVED,CONTROLLED,,sp_fef06587fead,34.61,12.33,hsrc_c61726597ef3,,Portugal safe interior v3 from the 1751 Vaugondy sheets; positional uncertainty 12.33 km replaces 34.61 km
rev_b14c0f181819,seven_years_war_1756_08_01,TERRESTRIAL_HEX,h6000_q-000598_r+000902,promo_7c95358cf0a4,promo_b68466ea22a9,UNRESOLVED,CONTROLLED,,sp_fef06587fead,34.61,12.33,hsrc_c61726597ef3,,Portugal safe interior v3 from the 1751 Vaugondy sheets; positional uncertainty 12.33 km replaces 34.61 km
rev_b4e8de2e9ecc,seven_years_war_1756_08_01,TERRESTRIAL_HEX,h6000_q-000596_r+000902,promo_7c95358cf0a4,promo_b68466ea22a9,UNRESOLVED,CONTROLLED,,sp_fef06587fead,34.61,12.33,hsrc_c61726597ef3,,Portugal safe interior v3 from the 1751 Vaugondy sheets; positional uncertainty 12.33 km replaces 34.61 km
rev_524ea42864ab,seven_years_war_1756_08_01,TERRESTRIAL_HEX,h6000_q-000597_r+000902,promo_7c95358cf0a4,promo_b68466ea22a9,UNRESOLVED,CONTROLLED,,sp_fef06587fead,34.61,12.33,hsrc_c61726597ef3,,Portugal safe interior v3 from the 1751 Vaugondy sheets; positional uncertainty 12.33 km replaces 34.61 km
rev_8824026837b3,seven_years_war_1756_08_01,TERRESTRIAL_HEX,h6000_q-000598_r+000903,promo_7c95358cf0a4,promo_b68466ea22a9,UNRESOLVED,CONTROLLED,,sp_fef06587fead,34.61,12.33,hsrc_c61726597ef3,,Portugal safe interior v3 from the 1751 Vaugondy sheets; positional uncertainty 12.33 km replaces 34.61 km
rev_126ac98c47ac,seven_years_war_1756_08_01,TERRESTRIAL_HEX,h6000_q-000597_r+000903,promo_7c95358cf0a4,promo_b68466ea22a9,UNRESOLVED,CONTROLLED,,sp_fef06587fead,34.61,12.33,hsrc_c61726597ef3,,Portugal safe interior v3 from the 1751 Vaugondy sheets; positional uncertainty 12.33 km replaces 34.61 km
rev_05f2585208f1,seven_years_war_1756_08_01,TERRESTRIAL_HEX,h6000_q-000593_r+000901,promo_7c95358cf0a4,promo_b68466ea22a9,UNRESOLVED,CONTROLLED,,sp_fef06587fead,34.61,12.33,hsrc_c61726597ef3,,Portugal safe interior v3 from the 1751 Vaugondy sheets; positional uncertainty 12.33 km replaces 34.61 km
rev_db17f8ab4670,seven_years_war_1756_08_01,TERRESTRIAL_HEX,h6000_q-000594_r+000901,promo_7c95358cf0a4,promo_b68466ea22a9,UNRESOLVED,CONTROLLED,,sp_fef06587fead,34.61,12.33,hsrc_c61726597ef3,,Portugal safe interior v3 from the 1751 Vaugondy sheets; positional uncertainty 12.33 km replaces 34.61 km
rev_d4a5ec605130,seven_years_war_1756_08_01,TERRESTRIAL_HEX,h6000_q-000593_r+000902,promo_7c95358cf0a4,promo_b68466ea22a9,UNRESOLVED,CONTROLLED,,sp_fef06587fead,34.61,12.33,hsrc_c61726597ef3,,Portugal safe interior v3 from the 1751 Vaugondy sheets; positional uncertainty 12.33 km replaces 34.61 km
rev_4d3f840bc0e6,seven_years_war_1756_08_01,TERRESTRIAL_HEX,h6000_q-000595_r+000902,promo_7c95358cf0a4,promo_b68466ea22a9,UNRESOLVED,CONTROLLED,,sp_fef06587fead,34.61,12.33,hsrc_c61726597ef3,,Portugal safe interior v3 from the 1751 Vaugondy sheets; positional uncertainty 12.33 km replaces 34.61 km
rev_10af8e03199f,seven_years_war_1756_08_01,TERRESTRIAL_HEX,h6000_q-000594_r+000902,promo_7c95358cf0a4,promo_b68466ea22a9,UNRESOLVED,CONTROLLED,,sp_fef06587fead,34.61,12.33,hsrc_c61726597ef3,,Portugal safe interior v3 from the 1751 Vaugondy sheets; positional uncertainty 12.33 km replaces 34.61 km
rev_f6ea9e2e7b3b,seven_years_war_1756_08_01,TERRESTRIAL_HEX,h6000_q-000596_r+000903,promo_7c95358cf0a4,promo_b68466ea22a9,UNRESOLVED,CONTROLLED,,sp_fef06587fead,34.61,12.33,hsrc_c61726597ef3,,Portugal safe interior v3 from the 1751 Vaugondy sheets; positional uncertainty 12.33 km replaces 34.61 km
rev_7d7bbc519407,seven_years_war_1756_08_01,TERRESTRIAL_HEX,h6000_q-000595_r+000903,promo_7c95358cf0a4,promo_b68466ea22a9,UNRESOLVED,CONTROLLED,,sp_fef06587fead,34.61,12.33,hsrc_c61726597ef3,,Portugal safe interior v3 from the 1751 Vaugondy sheets; positional uncertainty 12.33 km replaces 34.61 km
rev_614555d1ab00,seven_years_war_1756_08_01,TERRESTRIAL_HEX,h6000_q-000594_r+000903,promo_7c95358cf0a4,promo_b68466ea22a9,UNRESOLVED,CONTROLLED,,sp_fef06587fead,34.61,12.33,hsrc_c61726597ef3,,Portugal safe interior v3 from the 1751 Vaugondy sheets; positional uncertainty 12.33 km replaces 34.61 km
rev_edf2498cb28b,seven_years_war_1756_08_01,TERRESTRIAL_HEX,h6000_q-000593_r+000903,promo_7c95358cf0a4,promo_b68466ea22a9,UNRESOLVED,CONTROLLED,,sp_fef06587fead,34.61,12.33,hsrc_c61726597ef3,,Portugal safe interior v3 from the 1751 Vaugondy sheets; positional uncertainty 12.33 km replaces 34.61 km
rev_05f1ce1e126e,seven_years_war_1756_08_01,TERRESTRIAL_HEX,h6000_q-000595_r+000904,promo_7c95358cf0a4,promo_b68466ea22a9,UNRESOLVED,CONTROLLED,,sp_fef06587fead,34.61,12.33,hsrc_c61726597ef3,,Portugal safe interior v3 from the 1751 Vaugondy sheets; positional uncertainty 12.33 km replaces 34.61 km
rev_210db94fc88f,seven_years_war_1756_08_01,TERRESTRIAL_HEX,h6000_q-000605_r+000896,promo_7c95358cf0a4,promo_b68466ea22a9,UNRESOLVED,CONTROLLED,,sp_fef06587fead,34.61,12.33,hsrc_c61726597ef3,,Portugal safe interior v3 from the 1751 Vaugondy sheets; positional uncertainty 12.33 km replaces 34.61 km
rev_05b3187c82b4,seven_years_war_1756_08_01,TERRESTRIAL_HEX,h6000_q-000606_r+000896,promo_7c95358cf0a4,promo_b68466ea22a9,UNRESOLVED,CONTROLLED,,sp_fef06587fead,34.61,12.33,hsrc_c61726597ef3,,Portugal safe interior v3 from the 1751 Vaugondy sheets; positional uncertainty 12.33 km replaces 34.61 km
rev_b60af8b5671c,seven_years_war_1756_08_01,TERRESTRIAL_HEX,h6000_q-000607_r+000896,promo_7c95358cf0a4,promo_b68466ea22a9,UNRESOLVED,CONTROLLED,,sp_fef06587fead,34.61,12.33,hsrc_c61726597ef3,,Portugal safe interior v3 from the 1751 Vaugondy sheets; positional uncertainty 12.33 km replaces 34.61 km
rev_98531bf077eb,seven_years_war_1756_08_01,TERRESTRIAL_HEX,h6000_q-000606_r+000897,promo_7c95358cf0a4,promo_b68466ea22a9,UNRESOLVED,CONTROLLED,,sp_fef06587fead,34.61,12.33,hsrc_c61726597ef3,,Portugal safe interior v3 from the 1751 Vaugondy sheets; positional uncertainty 12.33 km replaces 34.61 km
rev_ff9a171bfbc5,seven_years_war_1756_08_01,TERRESTRIAL_HEX,h6000_q-000607_r+000897,promo_7c95358cf0a4,promo_b68466ea22a9,UNRESOLVED,CONTROLLED,,sp_fef06587fead,34.61,12.33,hsrc_c61726597ef3,,Portugal safe interior v3 from the 1751 Vaugondy sheets; positional uncertainty 12.33 km replaces 34.61 km
rev_90301e164efa,seven_years_war_1756_08_01,TERRESTRIAL_HEX,h6000_q-000605_r+000897,promo_c1d69cca569e,promo_b68466ea22a9,UNRESOLVED,CONTROLLED,,sp_fef06587fead,34.61,12.33,hsrc_c61726597ef3,,Portugal safe interior v3 from the 1751 Vaugondy sheets; positional uncertainty 12.33 km replaces 34.61 km
rev_a00325fdd13b,seven_years_war_1756_08_01,TERRESTRIAL_HEX,h6000_q-000606_r+000898,promo_c1d69cca569e,promo_b68466ea22a9,UNRESOLVED,CONTROLLED,,sp_fef06587fead,34.61,12.33,hsrc_c61726597ef3,,Portugal safe interior v3 from the 1751 Vaugondy sheets; positional uncertainty 12.33 km replaces 34.61 km
rev_a84674911049,seven_years_war_1756_08_01,TERRESTRIAL_HEX,h6000_q-000607_r+000898,promo_7c95358cf0a4,promo_b68466ea22a9,UNRESOLVED,CONTROLLED,,sp_fef06587fead,34.61,12.33,hsrc_c61726597ef3,,Portugal safe interior v3 from the 1751 Vaugondy sheets; positional uncertainty 12.33 km replaces 34.61 km
rev_5069bb88745c,seven_years_war_1756_08_01,TERRESTRIAL_HEX,h6000_q-000608_r+000898,promo_7c95358cf0a4,promo_b68466ea22a9,UNRESOLVED,CONTROLLED,,sp_fef06587fead,34.61,12.33,hsrc_c61726597ef3,,Portugal safe interior v3 from the 1751 Vaugondy sheets; positional uncertainty 12.33 km replaces 34.61 km
rev_441796a2d886,seven_years_war_1756_08_01,TERRESTRIAL_HEX,h6000_q-000607_r+000899,promo_c1d69cca569e,promo_b68466ea22a9,UNRESOLVED,CONTROLLED,,sp_fef06587fead,34.61,12.33,hsrc_c61726597ef3,,Portugal safe interior v3 from the 1751 Vaugondy sheets; positional uncertainty 12.33 km replaces 34.61 km
rev_208b4bb55248,seven_years_war_1756_08_01,TERRESTRIAL_HEX,h6000_q-000602_r+000896,promo_c1d69cca569e,promo_b68466ea22a9,UNRESOLVED,CONTROLLED,,sp_fef06587fead,34.61,12.33,hsrc_c61726597ef3,,Portugal safe interior v3 from the 1751 Vaugondy sheets; positional uncertainty 12.33 km replaces 34.61 km
rev_fccd1a22d67a,seven_years_war_1756_08_01,TERRESTRIAL_HEX,h6000_q-000603_r+000897,promo_c1d69cca569e,promo_b68466ea22a9,UNRESOLVED,CONTROLLED,,sp_fef06587fead,34.61,12.33,hsrc_c61726597ef3,,Portugal safe interior v3 from the 1751 Vaugondy sheets; positional uncertainty 12.33 km replaces 34.61 km
rev_4cc4d7110568,seven_years_war_1756_08_01,TERRESTRIAL_HEX,h6000_q-000602_r+000897,promo_c1d69cca569e,promo_b68466ea22a9,UNRESOLVED,CONTROLLED,,sp_fef06587fead,34.61,12.33,hsrc_c61726597ef3,,Portugal safe interior v3 from the 1751 Vaugondy sheets; positional uncertainty 12.33 km replaces 34.61 km
rev_5d06cb3b7e22,seven_years_war_1756_08_01,TERRESTRIAL_HEX,h6000_q-000604_r+000897,promo_c1d69cca569e,promo_b68466ea22a9,UNRESOLVED,CONTROLLED,,sp_fef06587fead,34.61,12.33,hsrc_c61726597ef3,,Portugal safe interior v3 from the 1751 Vaugondy sheets; positional uncertainty 12.33 km replaces 34.61 km
rev_3204b917240e,seven_years_war_1756_08_01,TERRESTRIAL_HEX,h6000_q-000603_r+000898,promo_c1d69cca569e,promo_b68466ea22a9,UNRESOLVED,CONTROLLED,,sp_fef06587fead,34.61,12.33,hsrc_c61726597ef3,,Portugal safe interior v3 from the 1751 Vaugondy sheets; positional uncertainty 12.33 km replaces 34.61 km
rev_84697ac7fde0,seven_years_war_1756_08_01,TERRESTRIAL_HEX,h6000_q-000604_r+000898,promo_c1d69cca569e,promo_b68466ea22a9,UNRESOLVED,CONTROLLED,,sp_fef06587fead,34.61,12.33,hsrc_c61726597ef3,,Portugal safe interior v3 from the 1751 Vaugondy sheets; positional uncertainty 12.33 km replaces 34.61 km
rev_26820a69333b,seven_years_war_1756_08_01,TERRESTRIAL_HEX,h6000_q-000605_r+000898,promo_c1d69cca569e,promo_b68466ea22a9,UNRESOLVED,CONTROLLED,,sp_fef06587fead,34.61,12.33,hsrc_c61726597ef3,,Portugal safe interior v3 from the 1751 Vaugondy sheets; positional uncertainty 12.33 km replaces 34.61 km
rev_1d24e360f5f5,seven_years_war_1756_08_01,TERRESTRIAL_HEX,h6000_q-000603_r+000899,promo_7c95358cf0a4,promo_b68466ea22a9,UNRESOLVED,CONTROLLED,,sp_fef06587fead,34.61,12.33,hsrc_c61726597ef3,,Portugal safe interior v3 from the 1751 Vaugondy sheets; positional uncertainty 12.33 km replaces 34.61 km
rev_c8b12dafc976,seven_years_war_1756_08_01,TERRESTRIAL_HEX,h6000_q-000604_r+000899,promo_7c95358cf0a4,promo_b68466ea22a9,UNRESOLVED,CONTROLLED,,sp_fef06587fead,34.61,12.33,hsrc_c61726597ef3,,Portugal safe interior v3 from the 1751 Vaugondy sheets; positional uncertainty 12.33 km replaces 34.61 km
rev_97753a7a0368,seven_years_war_1756_08_01,TERRESTRIAL_HEX,h6000_q-000605_r+000899,promo_c1d69cca569e,promo_b68466ea22a9,UNRESOLVED,CONTROLLED,,sp_fef06587fead,34.61,12.33,hsrc_c61726597ef3,,Portugal safe interior v3 from the 1751 Vaugondy sheets; positional uncertainty 12.33 km replaces 34.61 km
rev_f087fd8da957,seven_years_war_1756_08_01,TERRESTRIAL_HEX,h6000_q-000609_r+000897,promo_7c95358cf0a4,promo_b68466ea22a9,UNRESOLVED,CONTROLLED,,sp_fef06587fead,34.61,12.33,hsrc_c61726597ef3,,Portugal safe interior v3 from the 1751 Vaugondy sheets; positional uncertainty 12.33 km replaces 34.61 km
rev_2c4d7e4a199e,seven_years_war_1756_08_01,TERRESTRIAL_HEX,h6000_q-000610_r+000897,promo_7c95358cf0a4,promo_b68466ea22a9,UNRESOLVED,CONTROLLED,,sp_fef06587fead,34.61,12.33,hsrc_c61726597ef3,,Portugal safe interior v3 from the 1751 Vaugondy sheets; positional uncertainty 12.33 km replaces 34.61 km
rev_69b7c142c04d,seven_years_war_1756_08_01,TERRESTRIAL_HEX,h6000_q-000610_r+000898,promo_7c95358cf0a4,promo_b68466ea22a9,UNRESOLVED,CONTROLLED,,sp_fef06587fead,34.61,12.33,hsrc_c61726597ef3,,Portugal safe interior v3 from the 1751 Vaugondy sheets; positional uncertainty 12.33 km replaces 34.61 km
rev_7c3ae09eb662,seven_years_war_1756_08_01,TERRESTRIAL_HEX,h6000_q-000609_r+000898,promo_7c95358cf0a4,promo_b68466ea22a9,UNRESOLVED,CONTROLLED,,sp_fef06587fead,34.61,12.33,hsrc_c61726597ef3,,Portugal safe interior v3 from the 1751 Vaugondy sheets; positional uncertainty 12.33 km replaces 34.61 km
rev_e9664e5b260c,seven_years_war_1756_08_01,TERRESTRIAL_HEX,h6000_q-000611_r+000898,promo_7c95358cf0a4,promo_b68466ea22a9,UNRESOLVED,CONTROLLED,,sp_fef06587fead,34.61,12.33,hsrc_c61726597ef3,,Portugal safe interior v3 from the 1751 Vaugondy sheets; positional uncertainty 12.33 km replaces 34.61 km
rev_a9bd0a6bea7d,seven_years_war_1756_08_01,TERRESTRIAL_HEX,h6000_q-000609_r+000899,promo_7c95358cf0a4,promo_b68466ea22a9,UNRESOLVED,CONTROLLED,,sp_fef06587fead,34.61,12.33,hsrc_c61726597ef3,,Portugal safe interior v3 from the 1751 Vaugondy sheets; positional uncertainty 12.33 km replaces 34.61 km
rev_8ed7c57332ba,seven_years_war_1756_08_01,TERRESTRIAL_HEX,h6000_q-000611_r+000899,promo_7c95358cf0a4,promo_b68466ea22a9,UNRESOLVED,CONTROLLED,,sp_fef06587fead,34.61,12.33,hsrc_c61726597ef3,,Portugal safe interior v3 from the 1751 Vaugondy sheets; positional uncertainty 12.33 km replaces 34.61 km
rev_092fdc5408f7,seven_years_war_1756_08_01,TERRESTRIAL_HEX,h6000_q-000610_r+000899,promo_7c95358cf0a4,promo_b68466ea22a9,UNRESOLVED,CONTROLLED,,sp_fef06587fead,34.61,12.33,hsrc_c61726597ef3,,Portugal safe interior v3 from the 1751 Vaugondy sheets; positional uncertainty 12.33 km replaces 34.61 km
rev_f951fc983b11,seven_years_war_1756_08_01,TERRESTRIAL_HEX,h6000_q-000612_r+000900,promo_7c95358cf0a4,promo_b68466ea22a9,UNRESOLVED,CONTROLLED,,sp_fef06587fead,34.61,12.33,hsrc_c61726597ef3,,Portugal safe interior v3 from the 1751 Vaugondy sheets; positional uncertainty 12.33 km replaces 34.61 km
rev_9a96b31e8ba1,seven_years_war_1756_08_01,TERRESTRIAL_HEX,h6000_q-000611_r+000900,promo_7c95358cf0a4,promo_b68466ea22a9,UNRESOLVED,CONTROLLED,,sp_fef06587fead,34.61,12.33,hsrc_c61726597ef3,,Portugal safe interior v3 from the 1751 Vaugondy sheets; positional uncertainty 12.33 km replaces 34.61 km
rev_b1975bf9eb24,seven_years_war_1756_08_01,TERRESTRIAL_HEX,h6000_q-000606_r+000899,promo_c1d69cca569e,promo_b68466ea22a9,UNRESOLVED,CONTROLLED,,sp_fef06587fead,34.61,12.33,hsrc_c61726597ef3,,Portugal safe interior v3 from the 1751 Vaugondy sheets; positional uncertainty 12.33 km replaces 34.61 km
rev_821198dfb7dd,seven_years_war_1756_08_01,TERRESTRIAL_HEX,h6000_q-000608_r+000899,promo_c1d69cca569e,promo_b68466ea22a9,UNRESOLVED,CONTROLLED,,sp_fef06587fead,34.61,12.33,hsrc_c61726597ef3,,Portugal safe interior v3 from the 1751 Vaugondy sheets; positional uncertainty 12.33 km replaces 34.61 km
rev_81314b7813a3,seven_years_war_1756_08_01,TERRESTRIAL_HEX,h6000_q-000609_r+000900,promo_7c95358cf0a4,promo_b68466ea22a9,UNRESOLVED,CONTROLLED,,sp_fef06587fead,34.61,12.33,hsrc_c61726597ef3,,Portugal safe interior v3 from the 1751 Vaugondy sheets; positional uncertainty 12.33 km replaces 34.61 km
rev_b7e28270e406,seven_years_war_1756_08_01,TERRESTRIAL_HEX,h6000_q-000607_r+000900,promo_c1d69cca569e,promo_b68466ea22a9,UNRESOLVED,CONTROLLED,,sp_fef06587fead,34.61,12.33,hsrc_c61726597ef3,,Portugal safe interior v3 from the 1751 Vaugondy sheets; positional uncertainty 12.33 km replaces 34.61 km
rev_77c3ec9aaf10,seven_years_war_1756_08_01,TERRESTRIAL_HEX,h6000_q-000608_r+000900,promo_c1d69cca569e,promo_b68466ea22a9,UNRESOLVED,CONTROLLED,,sp_fef06587fead,34.61,12.33,hsrc_c61726597ef3,,Portugal safe interior v3 from the 1751 Vaugondy sheets; positional uncertainty 12.33 km replaces 34.61 km
rev_39ba9add9f93,seven_years_war_1756_08_01,TERRESTRIAL_HEX,h6000_q-000608_r+000901,promo_c1d69cca569e,promo_b68466ea22a9,UNRESOLVED,CONTROLLED,,sp_fef06587fead,34.61,12.33,hsrc_c61726597ef3,,Portugal safe interior v3 from the 1751 Vaugondy sheets; positional uncertainty 12.33 km replaces 34.61 km
rev_9929ea972d4a,seven_years_war_1756_08_01,TERRESTRIAL_HEX,h6000_q-000609_r+000901,promo_c1d69cca569e,promo_b68466ea22a9,UNRESOLVED,CONTROLLED,,sp_fef06587fead,34.61,12.33,hsrc_c61726597ef3,,Portugal safe interior v3 from the 1751 Vaugondy sheets; positional uncertainty 12.33 km replaces 34.61 km
rev_4c8fc9c2487c,seven_years_war_1756_08_01,TERRESTRIAL_HEX,h6000_q-000607_r+000901,promo_c1d69cca569e,promo_b68466ea22a9,UNRESOLVED,CONTROLLED,,sp_fef06587fead,34.61,12.33,hsrc_c61726597ef3,,Portugal safe interior v3 from the 1751 Vaugondy sheets; positional uncertainty 12.33 km replaces 34.61 km
rev_6ad7c08a9de7,seven_years_war_1756_08_01,TERRESTRIAL_HEX,h6000_q-000608_r+000902,promo_c1d69cca569e,promo_b68466ea22a9,UNRESOLVED,CONTROLLED,,sp_fef06587fead,34.61,12.33,hsrc_c61726597ef3,,Portugal safe interior v3 from the 1751 Vaugondy sheets; positional uncertainty 12.33 km replaces 34.61 km
rev_70a35eb37844,seven_years_war_1756_08_01,TERRESTRIAL_HEX,h6000_q-000609_r+000902,promo_c1d69cca569e,promo_b68466ea22a9,UNRESOLVED,CONTROLLED,,sp_fef06587fead,34.61,12.33,hsrc_c61726597ef3,,Portugal safe interior v3 from the 1751 Vaugondy sheets; positional uncertainty 12.33 km replaces 34.61 km
rev_8c43035f6283,seven_years_war_1756_08_01,TERRESTRIAL_HEX,h6000_q-000606_r+000900,promo_c1d69cca569e,promo_b68466ea22a9,UNRESOLVED,CONTROLLED,,sp_fef06587fead,34.61,12.33,hsrc_c61726597ef3,,Portugal safe interior v3 from the 1751 Vaugondy sheets; positional uncertainty 12.33 km replaces 34.61 km
rev_a07c79912e1a,seven_years_war_1756_08_01,TERRESTRIAL_HEX,h6000_q-000605_r+000900,promo_7c95358cf0a4,promo_b68466ea22a9,UNRESOLVED,CONTROLLED,,sp_fef06587fead,34.61,12.33,hsrc_c61726597ef3,,Portugal safe interior v3 from the 1751 Vaugondy sheets; positional uncertainty 12.33 km replaces 34.61 km
rev_1e971af2b697,seven_years_war_1756_08_01,TERRESTRIAL_HEX,h6000_q-000604_r+000900,promo_7c95358cf0a4,promo_b68466ea22a9,UNRESOLVED,CONTROLLED,,sp_fef06587fead,34.61,12.33,hsrc_c61726597ef3,,Portugal safe interior v3 from the 1751 Vaugondy sheets; positional uncertainty 12.33 km replaces 34.61 km
rev_aae5a5920f3d,seven_years_war_1756_08_01,TERRESTRIAL_HEX,h6000_q-000606_r+000901,promo_7c95358cf0a4,promo_b68466ea22a9,UNRESOLVED,CONTROLLED,,sp_fef06587fead,34.61,12.33,hsrc_c61726597ef3,,Portugal safe interior v3 from the 1751 Vaugondy sheets; positional uncertainty 12.33 km replaces 34.61 km
rev_5ee915b26163,seven_years_war_1756_08_01,TERRESTRIAL_HEX,h6000_q-000604_r+000901,promo_7c95358cf0a4,promo_b68466ea22a9,UNRESOLVED,CONTROLLED,,sp_fef06587fead,34.61,12.33,hsrc_c61726597ef3,,Portugal safe interior v3 from the 1751 Vaugondy sheets; positional uncertainty 12.33 km replaces 34.61 km
rev_6a94f5b9460f,seven_years_war_1756_08_01,TERRESTRIAL_HEX,h6000_q-000605_r+000901,promo_7c95358cf0a4,promo_b68466ea22a9,UNRESOLVED,CONTROLLED,,sp_fef06587fead,34.61,12.33,hsrc_c61726597ef3,,Portugal safe interior v3 from the 1751 Vaugondy sheets; positional uncertainty 12.33 km replaces 34.61 km
rev_401ab2267815,seven_years_war_1756_08_01,TERRESTRIAL_HEX,h6000_q-000605_r+000902,promo_7c95358cf0a4,promo_b68466ea22a9,UNRESOLVED,CONTROLLED,,sp_fef06587fead,34.61,12.33,hsrc_c61726597ef3,,Portugal safe interior v3 from the 1751 Vaugondy sheets; positional uncertainty 12.33 km replaces 34.61 km
rev_376e791ff737,seven_years_war_1756_08_01,TERRESTRIAL_HEX,h6000_q-000607_r+000902,promo_c1d69cca569e,promo_b68466ea22a9,UNRESOLVED,CONTROLLED,,sp_fef06587fead,34.61,12.33,hsrc_c61726597ef3,,Portugal safe interior v3 from the 1751 Vaugondy sheets; positional uncertainty 12.33 km replaces 34.61 km
rev_790626f5dbf6,seven_years_war_1756_08_01,TERRESTRIAL_HEX,h6000_q-000606_r+000902,promo_7c95358cf0a4,promo_b68466ea22a9,UNRESOLVED,CONTROLLED,,sp_fef06587fead,34.61,12.33,hsrc_c61726597ef3,,Portugal safe interior v3 from the 1751 Vaugondy sheets; positional uncertainty 12.33 km replaces 34.61 km
rev_156b3497350e,seven_years_war_1756_08_01,TERRESTRIAL_HEX,h6000_q-000605_r+000903,promo_7c95358cf0a4,promo_b68466ea22a9,UNRESOLVED,CONTROLLED,,sp_fef06587fead,34.61,12.33,hsrc_c61726597ef3,,Portugal safe interior v3 from the 1751 Vaugondy sheets; positional uncertainty 12.33 km replaces 34.61 km
rev_d2bae3e30a19,seven_years_war_1756_08_01,TERRESTRIAL_HEX,h6000_q-000610_r+000900,promo_7c95358cf0a4,promo_b68466ea22a9,UNRESOLVED,CONTROLLED,,sp_fef06587fead,34.61,12.33,hsrc_c61726597ef3,,Portugal safe interior v3 from the 1751 Vaugondy sheets; positional uncertainty 12.33 km replaces 34.61 km
rev_8c5633b1d82c,seven_years_war_1756_08_01,TERRESTRIAL_HEX,h6000_q-000611_r+000901,promo_7c95358cf0a4,promo_b68466ea22a9,UNRESOLVED,CONTROLLED,,sp_fef06587fead,34.61,12.33,hsrc_c61726597ef3,,Portugal safe interior v3 from the 1751 Vaugondy sheets; positional uncertainty 12.33 km replaces 34.61 km
rev_ee0d480c33bf,seven_years_war_1756_08_01,TERRESTRIAL_HEX,h6000_q-000610_r+000901,promo_7c95358cf0a4,promo_b68466ea22a9,UNRESOLVED,CONTROLLED,,sp_fef06587fead,34.61,12.33,hsrc_c61726597ef3,,Portugal safe interior v3 from the 1751 Vaugondy sheets; positional uncertainty 12.33 km replaces 34.61 km
rev_831bd8e2e613,seven_years_war_1756_08_01,TERRESTRIAL_HEX,h6000_q-000612_r+000901,promo_7c95358cf0a4,promo_b68466ea22a9,UNRESOLVED,CONTROLLED,,sp_fef06587fead,34.61,12.33,hsrc_c61726597ef3,,Portugal safe interior v3 from the 1751 Vaugondy sheets; positional uncertainty 12.33 km replaces 34.61 km
rev_5bef82c77c8c,seven_years_war_1756_08_01,TERRESTRIAL_HEX,h6000_q-000611_r+000902,promo_7c95358cf0a4,promo_b68466ea22a9,UNRESOLVED,CONTROLLED,,sp_fef06587fead,34.61,12.33,hsrc_c61726597ef3,,Portugal safe interior v3 from the 1751 Vaugondy sheets; positional uncertainty 12.33 km replaces 34.61 km
rev_ab6ff2020446,seven_years_war_1756_08_01,TERRESTRIAL_HEX,h6000_q-000612_r+000902,promo_7c95358cf0a4,promo_b68466ea22a9,UNRESOLVED,CONTROLLED,,sp_fef06587fead,34.61,12.33,hsrc_c61726597ef3,,Portugal safe interior v3 from the 1751 Vaugondy sheets; positional uncertainty 12.33 km replaces 34.61 km
rev_1c232646a253,seven_years_war_1756_08_01,TERRESTRIAL_HEX,h6000_q-000613_r+000902,promo_7c95358cf0a4,promo_b68466ea22a9,UNRESOLVED,CONTROLLED,,sp_fef06587fead,34.61,12.33,hsrc_c61726597ef3,,Portugal safe interior v3 from the 1751 Vaugondy sheets; positional uncertainty 12.33 km replaces 34.61 km
rev_a0215dd1c007,seven_years_war_1756_08_01,TERRESTRIAL_HEX,h6000_q-000612_r+000903,promo_7c95358cf0a4,promo_b68466ea22a9,UNRESOLVED,CONTROLLED,,sp_fef06587fead,34.61,12.33,hsrc_c61726597ef3,,Portugal safe interior v3 from the 1751 Vaugondy sheets; positional uncertainty 12.33 km replaces 34.61 km
rev_7e727616e363,seven_years_war_1756_08_01,TERRESTRIAL_HEX,h6000_q-000611_r+000903,promo_7c95358cf0a4,promo_b68466ea22a9,UNRESOLVED,CONTROLLED,,sp_fef06587fead,34.61,12.33,hsrc_c61726597ef3,,Portugal safe interior v3 from the 1751 Vaugondy sheets; positional uncertainty 12.33 km replaces 34.61 km
rev_99b7323f24a9,seven_years_war_1756_08_01,TERRESTRIAL_HEX,h6000_q-000613_r+000903,promo_7c95358cf0a4,promo_b68466ea22a9,UNRESOLVED,CONTROLLED,,sp_fef06587fead,34.61,12.33,hsrc_c61726597ef3,,Portugal safe interior v3 from the 1751 Vaugondy sheets; positional uncertainty 12.33 km replaces 34.61 km
rev_506e0c3e1823,seven_years_war_1756_08_01,TERRESTRIAL_HEX,h6000_q-000610_r+000902,promo_c1d69cca569e,promo_b68466ea22a9,UNRESOLVED,CONTROLLED,,sp_fef06587fead,34.61,12.33,hsrc_c61726597ef3,,Portugal safe interior v3 from the 1751 Vaugondy sheets; positional uncertainty 12.33 km replaces 34.61 km
rev_2489ff9ddf44,seven_years_war_1756_08_01,TERRESTRIAL_HEX,h6000_q-000608_r+000903,promo_c1d69cca569e,promo_b68466ea22a9,UNRESOLVED,CONTROLLED,,sp_fef06587fead,34.61,12.33,hsrc_c61726597ef3,,Portugal safe interior v3 from the 1751 Vaugondy sheets; positional uncertainty 12.33 km replaces 34.61 km
rev_c64feb78bce8,seven_years_war_1756_08_01,TERRESTRIAL_HEX,h6000_q-000607_r+000903,promo_7c95358cf0a4,promo_b68466ea22a9,UNRESOLVED,CONTROLLED,,sp_fef06587fead,34.61,12.33,hsrc_c61726597ef3,,Portugal safe interior v3 from the 1751 Vaugondy sheets; positional uncertainty 12.33 km replaces 34.61 km
rev_9f8c86124ba2,seven_years_war_1756_08_01,TERRESTRIAL_HEX,h6000_q-000606_r+000903,promo_7c95358cf0a4,promo_b68466ea22a9,UNRESOLVED,CONTROLLED,,sp_fef06587fead,34.61,12.33,hsrc_c61726597ef3,,Portugal safe interior v3 from the 1751 Vaugondy sheets; positional uncertainty 12.33 km replaces 34.61 km
rev_591e2b533153,seven_years_war_1756_08_01,TERRESTRIAL_HEX,h6000_q-000607_r+000904,promo_7c95358cf0a4,promo_b68466ea22a9,UNRESOLVED,CONTROLLED,,sp_fef06587fead,34.61,12.33,hsrc_c61726597ef3,,Portugal safe interior v3 from the 1751 Vaugondy sheets; positional uncertainty 12.33 km replaces 34.61 km
rev_498e2daadd33,seven_years_war_1756_08_01,TERRESTRIAL_HEX,h6000_q-000606_r+000904,promo_7c95358cf0a4,promo_b68466ea22a9,UNRESOLVED,CONTROLLED,,sp_fef06587fead,34.61,12.33,hsrc_c61726597ef3,,Portugal safe interior v3 from the 1751 Vaugondy sheets; positional uncertainty 12.33 km replaces 34.61 km
rev_2b32067e5677,seven_years_war_1756_08_01,TERRESTRIAL_HEX,h6000_q-000606_r+000905,promo_7c95358cf0a4,promo_b68466ea22a9,UNRESOLVED,CONTROLLED,,sp_fef06587fead,34.61,12.33,hsrc_c61726597ef3,,Portugal safe interior v3 from the 1751 Vaugondy sheets; positional uncertainty 12.33 km replaces 34.61 km
rev_fb2740e6a302,seven_years_war_1756_08_01,TERRESTRIAL_HEX,h6000_q-000608_r+000905,promo_7c95358cf0a4,promo_b68466ea22a9,UNRESOLVED,CONTROLLED,,sp_fef06587fead,34.61,12.33,hsrc_c61726597ef3,,Portugal safe interior v3 from the 1751 Vaugondy sheets; positional uncertainty 12.33 km replaces 34.61 km
rev_6a23a8ce1593,seven_years_war_1756_08_01,TERRESTRIAL_HEX,h6000_q-000607_r+000905,promo_7c95358cf0a4,promo_b68466ea22a9,UNRESOLVED,CONTROLLED,,sp_fef06587fead,34.61,12.33,hsrc_c61726597ef3,,Portugal safe interior v3 from the 1751 Vaugondy sheets; positional uncertainty 12.33 km replaces 34.61 km
rev_670f2a1ef694,seven_years_war_1756_08_01,TERRESTRIAL_HEX,h6000_q-000607_r+000906,promo_7c95358cf0a4,promo_b68466ea22a9,UNRESOLVED,CONTROLLED,,sp_fef06587fead,34.61,12.33,hsrc_c61726597ef3,,Portugal safe interior v3 from the 1751 Vaugondy sheets; positional uncertainty 12.33 km replaces 34.61 km
rev_b301dc24c938,seven_years_war_1756_08_01,TERRESTRIAL_HEX,h6000_q-000608_r+000906,promo_7c95358cf0a4,promo_b68466ea22a9,UNRESOLVED,CONTROLLED,,sp_fef06587fead,34.61,12.33,hsrc_c61726597ef3,,Portugal safe interior v3 from the 1751 Vaugondy sheets; positional uncertainty 12.33 km replaces 34.61 km
rev_e7efe95ebcd5,seven_years_war_1756_08_01,TERRESTRIAL_HEX,h6000_q-000613_r+000904,promo_7c95358cf0a4,promo_b68466ea22a9,UNRESOLVED,CONTROLLED,,sp_fef06587fead,34.61,12.33,hsrc_c61726597ef3,,Portugal safe interior v3 from the 1751 Vaugondy sheets; positional uncertainty 12.33 km replaces 34.61 km
rev_a65371e2ba5a,seven_years_war_1756_08_01,TERRESTRIAL_HEX,h6000_q-000614_r+000904,promo_7c95358cf0a4,promo_b68466ea22a9,UNRESOLVED,CONTROLLED,,sp_fef06587fead,34.61,12.33,hsrc_c61726597ef3,,Portugal safe interior v3 from the 1751 Vaugondy sheets; positional uncertainty 12.33 km replaces 34.61 km
rev_14de1133b3c5,seven_years_war_1756_08_01,TERRESTRIAL_HEX,h6000_q-000612_r+000904,promo_7c95358cf0a4,promo_b68466ea22a9,UNRESOLVED,CONTROLLED,,sp_fef06587fead,34.61,12.33,hsrc_c61726597ef3,,Portugal safe interior v3 from the 1751 Vaugondy sheets; positional uncertainty 12.33 km replaces 34.61 km
rev_c0fb11f0fbba,seven_years_war_1756_08_01,TERRESTRIAL_HEX,h6000_q-000614_r+000905,promo_7c95358cf0a4,promo_b68466ea22a9,UNRESOLVED,CONTROLLED,,sp_fef06587fead,34.61,12.33,hsrc_c61726597ef3,,Portugal safe interior v3 from the 1751 Vaugondy sheets; positional uncertainty 12.33 km replaces 34.61 km
rev_12dfa0e20bc2,seven_years_war_1756_08_01,TERRESTRIAL_HEX,h6000_q-000608_r+000907,promo_7c95358cf0a4,promo_b68466ea22a9,UNRESOLVED,CONTROLLED,,sp_fef06587fead,34.61,12.33,hsrc_c61726597ef3,,Portugal safe interior v3 from the 1751 Vaugondy sheets; positional uncertainty 12.33 km replaces 34.61 km
rev_407b405026c9,seven_years_war_1756_08_01,TERRESTRIAL_HEX,h6000_q-000607_r+000907,promo_7c95358cf0a4,promo_b68466ea22a9,UNRESOLVED,CONTROLLED,,sp_fef06587fead,34.61,12.33,hsrc_c61726597ef3,,Portugal safe interior v3 from the 1751 Vaugondy sheets; positional uncertainty 12.33 km replaces 34.61 km
rev_711fe14c54e2,seven_years_war_1756_08_01,TERRESTRIAL_HEX,h6000_q-000608_r+000908,promo_7c95358cf0a4,promo_b68466ea22a9,UNRESOLVED,CONTROLLED,,sp_fef06587fead,34.61,12.33,hsrc_c61726597ef3,,Portugal safe interior v3 from the 1751 Vaugondy sheets; positional uncertainty 12.33 km replaces 34.61 km
rev_9c21fb827251,seven_years_war_1756_08_01,TERRESTRIAL_HEX,h6000_q-000608_r+000909,promo_7c95358cf0a4,promo_b68466ea22a9,UNRESOLVED,CONTROLLED,,sp_fef06587fead,34.61,12.33,hsrc_c61726597ef3,,Portugal safe interior v3 from the 1751 Vaugondy sheets; positional uncertainty 12.33 km replaces 34.61 km
rev_8d6ecc91ad21,seven_years_war_1756_08_01,TERRESTRIAL_HEX,h6000_q-000603_r+000903,promo_7c95358cf0a4,promo_b68466ea22a9,UNRESOLVED,CONTROLLED,,sp_fef06587fead,34.61,12.33,hsrc_c61726597ef3,,Portugal safe interior v3 from the 1751 Vaugondy sheets; positional uncertainty 12.33 km replaces 34.61 km
rev_1507028e27cc,seven_years_war_1756_08_01,TERRESTRIAL_HEX,h6000_q-000602_r+000903,promo_7c95358cf0a4,promo_b68466ea22a9,UNRESOLVED,CONTROLLED,,sp_fef06587fead,34.61,12.33,hsrc_c61726597ef3,,Portugal safe interior v3 from the 1751 Vaugondy sheets; positional uncertainty 12.33 km replaces 34.61 km
rev_5e73bff4ca2f,seven_years_war_1756_08_01,TERRESTRIAL_HEX,h6000_q-000605_r+000904,promo_7c95358cf0a4,promo_b68466ea22a9,UNRESOLVED,CONTROLLED,,sp_fef06587fead,34.61,12.33,hsrc_c61726597ef3,,Portugal safe interior v3 from the 1751 Vaugondy sheets; positional uncertainty 12.33 km replaces 34.61 km
rev_06dbd493b64d,seven_years_war_1756_08_01,TERRESTRIAL_HEX,h6000_q-000603_r+000904,promo_7c95358cf0a4,promo_b68466ea22a9,UNRESOLVED,CONTROLLED,,sp_fef06587fead,34.61,12.33,hsrc_c61726597ef3,,Portugal safe interior v3 from the 1751 Vaugondy sheets; positional uncertainty 12.33 km replaces 34.61 km
rev_55d08608c994,seven_years_war_1756_08_01,TERRESTRIAL_HEX,h6000_q-000604_r+000904,promo_7c95358cf0a4,promo_b68466ea22a9,UNRESOLVED,CONTROLLED,,sp_fef06587fead,34.61,12.33,hsrc_c61726597ef3,,Portugal safe interior v3 from the 1751 Vaugondy sheets; positional uncertainty 12.33 km replaces 34.61 km
rev_ef36e3d13c7f,seven_years_war_1756_08_01,TERRESTRIAL_HEX,h6000_q-000604_r+000905,promo_7c95358cf0a4,promo_b68466ea22a9,UNRESOLVED,CONTROLLED,,sp_fef06587fead,34.61,12.33,hsrc_c61726597ef3,,Portugal safe interior v3 from the 1751 Vaugondy sheets; positional uncertainty 12.33 km replaces 34.61 km
rev_6071fa693e10,seven_years_war_1756_08_01,TERRESTRIAL_HEX,h6000_q-000605_r+000905,promo_7c95358cf0a4,promo_b68466ea22a9,UNRESOLVED,CONTROLLED,,sp_fef06587fead,34.61,12.33,hsrc_c61726597ef3,,Portugal safe interior v3 from the 1751 Vaugondy sheets; positional uncertainty 12.33 km replaces 34.61 km
rev_81094aac9534,seven_years_war_1756_08_01,TERRESTRIAL_HEX,h6000_q-000603_r+000905,promo_7c95358cf0a4,promo_b68466ea22a9,UNRESOLVED,CONTROLLED,,sp_fef06587fead,34.61,12.33,hsrc_c61726597ef3,,Portugal safe interior v3 from the 1751 Vaugondy sheets; positional uncertainty 12.33 km replaces 34.61 km
rev_f6730bbc4eda,seven_years_war_1756_08_01,TERRESTRIAL_HEX,h6000_q-000605_r+000906,promo_7c95358cf0a4,promo_b68466ea22a9,UNRESOLVED,CONTROLLED,,sp_fef06587fead,34.61,12.33,hsrc_c61726597ef3,,Portugal safe interior v3 from the 1751 Vaugondy sheets; positional uncertainty 12.33 km replaces 34.61 km
rev_fe04005c20f2,seven_years_war_1756_08_01,TERRESTRIAL_HEX,h6000_q-000606_r+000906,promo_7c95358cf0a4,promo_b68466ea22a9,UNRESOLVED,CONTROLLED,,sp_fef06587fead,34.61,12.33,hsrc_c61726597ef3,,Portugal safe interior v3 from the 1751 Vaugondy sheets; positional uncertainty 12.33 km replaces 34.61 km
rev_0c1393fb88d4,seven_years_war_1756_08_01,TERRESTRIAL_HEX,h6000_q-000601_r+000903,promo_7c95358cf0a4,promo_b68466ea22a9,UNRESOLVED,CONTROLLED,,sp_fef06587fead,34.61,12.33,hsrc_c61726597ef3,,Portugal safe interior v3 from the 1751 Vaugondy sheets; positional uncertainty 12.33 km replaces 34.61 km
rev_dc63ee250bb0,seven_years_war_1756_08_01,TERRESTRIAL_HEX,h6000_q-000600_r+000903,promo_7c95358cf0a4,promo_b68466ea22a9,UNRESOLVED,CONTROLLED,,sp_fef06587fead,34.61,12.33,hsrc_c61726597ef3,,Portugal safe interior v3 from the 1751 Vaugondy sheets; positional uncertainty 12.33 km replaces 34.61 km
rev_ed318c19b682,seven_years_war_1756_08_01,TERRESTRIAL_HEX,h6000_q-000599_r+000903,promo_7c95358cf0a4,promo_b68466ea22a9,UNRESOLVED,CONTROLLED,,sp_fef06587fead,34.61,12.33,hsrc_c61726597ef3,,Portugal safe interior v3 from the 1751 Vaugondy sheets; positional uncertainty 12.33 km replaces 34.61 km
rev_b2870f197021,seven_years_war_1756_08_01,TERRESTRIAL_HEX,h6000_q-000602_r+000904,promo_7c95358cf0a4,promo_b68466ea22a9,UNRESOLVED,CONTROLLED,,sp_fef06587fead,34.61,12.33,hsrc_c61726597ef3,,Portugal safe interior v3 from the 1751 Vaugondy sheets; positional uncertainty 12.33 km replaces 34.61 km
rev_b117e55225e4,seven_years_war_1756_08_01,TERRESTRIAL_HEX,h6000_q-000601_r+000904,promo_7c95358cf0a4,promo_b68466ea22a9,UNRESOLVED,CONTROLLED,,sp_fef06587fead,34.61,12.33,hsrc_c61726597ef3,,Portugal safe interior v3 from the 1751 Vaugondy sheets; positional uncertainty 12.33 km replaces 34.61 km
rev_f44ca6040018,seven_years_war_1756_08_01,TERRESTRIAL_HEX,h6000_q-000600_r+000904,promo_7c95358cf0a4,promo_b68466ea22a9,UNRESOLVED,CONTROLLED,,sp_fef06587fead,34.61,12.33,hsrc_c61726597ef3,,Portugal safe interior v3 from the 1751 Vaugondy sheets; positional uncertainty 12.33 km replaces 34.61 km
rev_4006f464bc7f,seven_years_war_1756_08_01,TERRESTRIAL_HEX,h6000_q-000602_r+000905,promo_7c95358cf0a4,promo_b68466ea22a9,UNRESOLVED,CONTROLLED,,sp_fef06587fead,34.61,12.33,hsrc_c61726597ef3,,Portugal safe interior v3 from the 1751 Vaugondy sheets; positional uncertainty 12.33 km replaces 34.61 km
rev_0d2652a56bf8,seven_years_war_1756_08_01,TERRESTRIAL_HEX,h6000_q-000600_r+000905,promo_7c95358cf0a4,promo_b68466ea22a9,UNRESOLVED,CONTROLLED,,sp_fef06587fead,34.61,12.33,hsrc_c61726597ef3,,Portugal safe interior v3 from the 1751 Vaugondy sheets; positional uncertainty 12.33 km replaces 34.61 km
rev_c287393c1cef,seven_years_war_1756_08_01,TERRESTRIAL_HEX,h6000_q-000601_r+000905,promo_7c95358cf0a4,promo_b68466ea22a9,UNRESOLVED,CONTROLLED,,sp_fef06587fead,34.61,12.33,hsrc_c61726597ef3,,Portugal safe interior v3 from the 1751 Vaugondy sheets; positional uncertainty 12.33 km replaces 34.61 km
rev_875d703db263,seven_years_war_1756_08_01,TERRESTRIAL_HEX,h6000_q-000602_r+000906,promo_7c95358cf0a4,promo_b68466ea22a9,UNRESOLVED,CONTROLLED,,sp_fef06587fead,34.61,12.33,hsrc_c61726597ef3,,Portugal safe interior v3 from the 1751 Vaugondy sheets; positional uncertainty 12.33 km replaces 34.61 km
rev_5200a4db2821,seven_years_war_1756_08_01,TERRESTRIAL_HEX,h6000_q-000597_r+000904,promo_7c95358cf0a4,promo_b68466ea22a9,UNRESOLVED,CONTROLLED,,sp_fef06587fead,34.61,12.33,hsrc_c61726597ef3,,Portugal safe interior v3 from the 1751 Vaugondy sheets; positional uncertainty 12.33 km replaces 34.61 km
rev_19dcac7c483c,seven_years_war_1756_08_01,TERRESTRIAL_HEX,h6000_q-000599_r+000904,promo_7c95358cf0a4,promo_b68466ea22a9,UNRESOLVED,CONTROLLED,,sp_fef06587fead,34.61,12.33,hsrc_c61726597ef3,,Portugal safe interior v3 from the 1751 Vaugondy sheets; positional uncertainty 12.33 km replaces 34.61 km
rev_7128d5f51ed0,seven_years_war_1756_08_01,TERRESTRIAL_HEX,h6000_q-000598_r+000904,promo_7c95358cf0a4,promo_b68466ea22a9,UNRESOLVED,CONTROLLED,,sp_fef06587fead,34.61,12.33,hsrc_c61726597ef3,,Portugal safe interior v3 from the 1751 Vaugondy sheets; positional uncertainty 12.33 km replaces 34.61 km
rev_e22e311a67f2,seven_years_war_1756_08_01,TERRESTRIAL_HEX,h6000_q-000597_r+000905,promo_7c95358cf0a4,promo_b68466ea22a9,UNRESOLVED,CONTROLLED,,sp_fef06587fead,34.61,12.33,hsrc_c61726597ef3,,Portugal safe interior v3 from the 1751 Vaugondy sheets; positional uncertainty 12.33 km replaces 34.61 km
rev_cbb9b2bd1254,seven_years_war_1756_08_01,TERRESTRIAL_HEX,h6000_q-000599_r+000905,promo_7c95358cf0a4,promo_b68466ea22a9,UNRESOLVED,CONTROLLED,,sp_fef06587fead,34.61,12.33,hsrc_c61726597ef3,,Portugal safe interior v3 from the 1751 Vaugondy sheets; positional uncertainty 12.33 km replaces 34.61 km
rev_809a6c58d83f,seven_years_war_1756_08_01,TERRESTRIAL_HEX,h6000_q-000598_r+000905,promo_7c95358cf0a4,promo_b68466ea22a9,UNRESOLVED,CONTROLLED,,sp_fef06587fead,34.61,12.33,hsrc_c61726597ef3,,Portugal safe interior v3 from the 1751 Vaugondy sheets; positional uncertainty 12.33 km replaces 34.61 km
rev_81ba9898b02e,seven_years_war_1756_08_01,TERRESTRIAL_HEX,h6000_q-000600_r+000906,promo_7c95358cf0a4,promo_b68466ea22a9,UNRESOLVED,CONTROLLED,,sp_fef06587fead,34.61,12.33,hsrc_c61726597ef3,,Portugal safe interior v3 from the 1751 Vaugondy sheets; positional uncertainty 12.33 km replaces 34.61 km
rev_9bbee7c2d2cf,seven_years_war_1756_08_01,TERRESTRIAL_HEX,h6000_q-000599_r+000906,promo_7c95358cf0a4,promo_b68466ea22a9,UNRESOLVED,CONTROLLED,,sp_fef06587fead,34.61,12.33,hsrc_c61726597ef3,,Portugal safe interior v3 from the 1751 Vaugondy sheets; positional uncertainty 12.33 km replaces 34.61 km
rev_4014d3578c60,seven_years_war_1756_08_01,TERRESTRIAL_HEX,h6000_q-000598_r+000906,promo_7c95358cf0a4,promo_b68466ea22a9,UNRESOLVED,CONTROLLED,,sp_fef06587fead,34.61,12.33,hsrc_c61726597ef3,,Portugal safe interior v3 from the 1751 Vaugondy sheets; positional uncertainty 12.33 km replaces 34.61 km
rev_6b668b02fb85,seven_years_war_1756_08_01,TERRESTRIAL_HEX,h6000_q-000600_r+000907,promo_7c95358cf0a4,promo_b68466ea22a9,UNRESOLVED,CONTROLLED,,sp_fef06587fead,34.61,12.33,hsrc_c61726597ef3,,Portugal safe interior v3 from the 1751 Vaugondy sheets; positional uncertainty 12.33 km replaces 34.61 km
rev_cb31c5c89de3,seven_years_war_1756_08_01,TERRESTRIAL_HEX,h6000_q-000601_r+000906,promo_7c95358cf0a4,promo_b68466ea22a9,UNRESOLVED,CONTROLLED,,sp_fef06587fead,34.61,12.33,hsrc_c61726597ef3,,Portugal safe interior v3 from the 1751 Vaugondy sheets; positional uncertainty 12.33 km replaces 34.61 km
rev_c1df52624609,seven_years_war_1756_08_01,TERRESTRIAL_HEX,h6000_q-000603_r+000906,promo_7c95358cf0a4,promo_b68466ea22a9,UNRESOLVED,CONTROLLED,,sp_fef06587fead,34.61,12.33,hsrc_c61726597ef3,,Portugal safe interior v3 from the 1751 Vaugondy sheets; positional uncertainty 12.33 km replaces 34.61 km
rev_912da5820422,seven_years_war_1756_08_01,TERRESTRIAL_HEX,h6000_q-000602_r+000907,promo_7c95358cf0a4,promo_b68466ea22a9,UNRESOLVED,CONTROLLED,,sp_fef06587fead,34.61,12.33,hsrc_c61726597ef3,,Portugal safe interior v3 from the 1751 Vaugondy sheets; positional uncertainty 12.33 km replaces 34.61 km
rev_2919b2ba2b74,seven_years_war_1756_08_01,TERRESTRIAL_HEX,h6000_q-000601_r+000907,promo_7c95358cf0a4,promo_b68466ea22a9,UNRESOLVED,CONTROLLED,,sp_fef06587fead,34.61,12.33,hsrc_c61726597ef3,,Portugal safe interior v3 from the 1751 Vaugondy sheets; positional uncertainty 12.33 km replaces 34.61 km
rev_d867da74b48e,seven_years_war_1756_08_01,TERRESTRIAL_HEX,h6000_q-000603_r+000907,promo_7c95358cf0a4,promo_b68466ea22a9,UNRESOLVED,CONTROLLED,,sp_fef06587fead,34.61,12.33,hsrc_c61726597ef3,,Portugal safe interior v3 from the 1751 Vaugondy sheets; positional uncertainty 12.33 km replaces 34.61 km
rev_774ae94f0848,seven_years_war_1756_08_01,TERRESTRIAL_HEX,h6000_q-000604_r+000908,promo_7c95358cf0a4,promo_b68466ea22a9,UNRESOLVED,CONTROLLED,,sp_fef06587fead,34.61,12.33,hsrc_c61726597ef3,,Portugal safe interior v3 from the 1751 Vaugondy sheets; positional uncertainty 12.33 km replaces 34.61 km
rev_946a2f10d461,seven_years_war_1756_08_01,TERRESTRIAL_HEX,h6000_q-000603_r+000908,promo_7c95358cf0a4,promo_b68466ea22a9,UNRESOLVED,CONTROLLED,,sp_fef06587fead,34.61,12.33,hsrc_c61726597ef3,,Portugal safe interior v3 from the 1751 Vaugondy sheets; positional uncertainty 12.33 km replaces 34.61 km
rev_7bf8d038cd06,seven_years_war_1756_08_01,TERRESTRIAL_HEX,h6000_q-000602_r+000908,promo_7c95358cf0a4,promo_b68466ea22a9,UNRESOLVED,CONTROLLED,,sp_fef06587fead,34.61,12.33,hsrc_c61726597ef3,,Portugal safe interior v3 from the 1751 Vaugondy sheets; positional uncertainty 12.33 km replaces 34.61 km
rev_06a62ba7899f,seven_years_war_1756_08_01,TERRESTRIAL_HEX,h6000_q-000602_r+000909,promo_7c95358cf0a4,promo_b68466ea22a9,UNRESOLVED,CONTROLLED,,sp_fef06587fead,34.61,12.33,hsrc_c61726597ef3,,Portugal safe interior v3 from the 1751 Vaugondy sheets; positional uncertainty 12.33 km replaces 34.61 km
rev_7f87366d0b37,seven_years_war_1756_08_01,TERRESTRIAL_HEX,h6000_q-000603_r+000909,promo_7c95358cf0a4,promo_b68466ea22a9,UNRESOLVED,CONTROLLED,,sp_fef06587fead,34.61,12.33,hsrc_c61726597ef3,,Portugal safe interior v3 from the 1751 Vaugondy sheets; positional uncertainty 12.33 km replaces 34.61 km
rev_0973adbbd423,seven_years_war_1756_08_01,TERRESTRIAL_HEX,h6000_q-000604_r+000906,promo_7c95358cf0a4,promo_b68466ea22a9,UNRESOLVED,CONTROLLED,,sp_fef06587fead,34.61,12.33,hsrc_c61726597ef3,,Portugal safe interior v3 from the 1751 Vaugondy sheets; positional uncertainty 12.33 km replaces 34.61 km
rev_6de7dd2b1214,seven_years_war_1756_08_01,TERRESTRIAL_HEX,h6000_q-000606_r+000907,promo_7c95358cf0a4,promo_b68466ea22a9,UNRESOLVED,CONTROLLED,,sp_fef06587fead,34.61,12.33,hsrc_c61726597ef3,,Portugal safe interior v3 from the 1751 Vaugondy sheets; positional uncertainty 12.33 km replaces 34.61 km
rev_b38b5c5f540f,seven_years_war_1756_08_01,TERRESTRIAL_HEX,h6000_q-000605_r+000907,promo_7c95358cf0a4,promo_b68466ea22a9,UNRESOLVED,CONTROLLED,,sp_fef06587fead,34.61,12.33,hsrc_c61726597ef3,,Portugal safe interior v3 from the 1751 Vaugondy sheets; positional uncertainty 12.33 km replaces 34.61 km
rev_460d5f0f8eeb,seven_years_war_1756_08_01,TERRESTRIAL_HEX,h6000_q-000604_r+000907,promo_7c95358cf0a4,promo_b68466ea22a9,UNRESOLVED,CONTROLLED,,sp_fef06587fead,34.61,12.33,hsrc_c61726597ef3,,Portugal safe interior v3 from the 1751 Vaugondy sheets; positional uncertainty 12.33 km replaces 34.61 km
rev_1a444c988038,seven_years_war_1756_08_01,TERRESTRIAL_HEX,h6000_q-000605_r+000908,promo_7c95358cf0a4,promo_b68466ea22a9,UNRESOLVED,CONTROLLED,,sp_fef06587fead,34.61,12.33,hsrc_c61726597ef3,,Portugal safe interior v3 from the 1751 Vaugondy sheets; positional uncertainty 12.33 km replaces 34.61 km
rev_7d1dad5e0189,seven_years_war_1756_08_01,TERRESTRIAL_HEX,h6000_q-000606_r+000908,promo_7c95358cf0a4,promo_b68466ea22a9,UNRESOLVED,CONTROLLED,,sp_fef06587fead,34.61,12.33,hsrc_c61726597ef3,,Portugal safe interior v3 from the 1751 Vaugondy sheets; positional uncertainty 12.33 km replaces 34.61 km
rev_e60c9b155502,seven_years_war_1756_08_01,TERRESTRIAL_HEX,h6000_q-000607_r+000908,promo_7c95358cf0a4,promo_b68466ea22a9,UNRESOLVED,CONTROLLED,,sp_fef06587fead,34.61,12.33,hsrc_c61726597ef3,,Portugal safe interior v3 from the 1751 Vaugondy sheets; positional uncertainty 12.33 km replaces 34.61 km
rev_a7268b7a6a88,seven_years_war_1756_08_01,TERRESTRIAL_HEX,h6000_q-000606_r+000909,promo_7c95358cf0a4,promo_b68466ea22a9,UNRESOLVED,CONTROLLED,,sp_fef06587fead,34.61,12.33,hsrc_c61726597ef3,,Portugal safe interior v3 from the 1751 Vaugondy sheets; positional uncertainty 12.33 km replaces 34.61 km
rev_e2fb88921853,seven_years_war_1756_08_01,TERRESTRIAL_HEX,h6000_q-000607_r+000909,promo_7c95358cf0a4,promo_b68466ea22a9,UNRESOLVED,CONTROLLED,,sp_fef06587fead,34.61,12.33,hsrc_c61726597ef3,,Portugal safe interior v3 from the 1751 Vaugondy sheets; positional uncertainty 12.33 km replaces 34.61 km
rev_7c9b8654a9d4,seven_years_war_1756_08_01,TERRESTRIAL_HEX,h6000_q-000605_r+000909,promo_7c95358cf0a4,promo_b68466ea22a9,UNRESOLVED,CONTROLLED,,sp_fef06587fead,34.61,12.33,hsrc_c61726597ef3,,Portugal safe interior v3 from the 1751 Vaugondy sheets; positional uncertainty 12.33 km replaces 34.61 km
rev_cbc52be12903,seven_years_war_1756_08_01,TERRESTRIAL_HEX,h6000_q-000599_r+000907,promo_7c95358cf0a4,promo_b68466ea22a9,UNRESOLVED,CONTROLLED,,sp_fef06587fead,34.61,12.33,hsrc_c61726597ef3,,Portugal safe interior v3 from the 1751 Vaugondy sheets; positional uncertainty 12.33 km replaces 34.61 km
rev_4a514d4b8cbf,seven_years_war_1756_08_01,TERRESTRIAL_HEX,h6000_q-000598_r+000907,promo_7c95358cf0a4,promo_b68466ea22a9,UNRESOLVED,CONTROLLED,,sp_fef06587fead,34.61,12.33,hsrc_c61726597ef3,,Portugal safe interior v3 from the 1751 Vaugondy sheets; positional uncertainty 12.33 km replaces 34.61 km
rev_eb11c3d2e36a,seven_years_war_1756_08_01,TERRESTRIAL_HEX,h6000_q-000599_r+000908,promo_7c95358cf0a4,promo_b68466ea22a9,UNRESOLVED,CONTROLLED,,sp_fef06587fead,34.61,12.33,hsrc_c61726597ef3,,Portugal safe interior v3 from the 1751 Vaugondy sheets; positional uncertainty 12.33 km replaces 34.61 km
rev_e0d89f948ccf,seven_years_war_1756_08_01,TERRESTRIAL_HEX,h6000_q-000600_r+000908,promo_7c95358cf0a4,promo_b68466ea22a9,UNRESOLVED,CONTROLLED,,sp_fef06587fead,34.61,12.33,hsrc_c61726597ef3,,Portugal safe interior v3 from the 1751 Vaugondy sheets; positional uncertainty 12.33 km replaces 34.61 km
rev_054286e630cd,seven_years_war_1756_08_01,TERRESTRIAL_HEX,h6000_q-000601_r+000908,promo_7c95358cf0a4,promo_b68466ea22a9,UNRESOLVED,CONTROLLED,,sp_fef06587fead,34.61,12.33,hsrc_c61726597ef3,,Portugal safe interior v3 from the 1751 Vaugondy sheets; positional uncertainty 12.33 km replaces 34.61 km
rev_0b00c60ba331,seven_years_war_1756_08_01,TERRESTRIAL_HEX,h6000_q-000599_r+000909,promo_7c95358cf0a4,promo_b68466ea22a9,UNRESOLVED,CONTROLLED,,sp_fef06587fead,34.61,12.33,hsrc_c61726597ef3,,Portugal safe interior v3 from the 1751 Vaugondy sheets; positional uncertainty 12.33 km replaces 34.61 km
rev_b4c42dc2852f,seven_years_war_1756_08_01,TERRESTRIAL_HEX,h6000_q-000601_r+000909,promo_7c95358cf0a4,promo_b68466ea22a9,UNRESOLVED,CONTROLLED,,sp_fef06587fead,34.61,12.33,hsrc_c61726597ef3,,Portugal safe interior v3 from the 1751 Vaugondy sheets; positional uncertainty 12.33 km replaces 34.61 km
rev_6178920732c8,seven_years_war_1756_08_01,TERRESTRIAL_HEX,h6000_q-000600_r+000909,promo_7c95358cf0a4,promo_b68466ea22a9,UNRESOLVED,CONTROLLED,,sp_fef06587fead,34.61,12.33,hsrc_c61726597ef3,,Portugal safe interior v3 from the 1751 Vaugondy sheets; positional uncertainty 12.33 km replaces 34.61 km
rev_b2953cfcd54f,seven_years_war_1756_08_01,TERRESTRIAL_HEX,h6000_q-000600_r+000910,promo_7c95358cf0a4,promo_b68466ea22a9,UNRESOLVED,CONTROLLED,,sp_fef06587fead,34.61,12.33,hsrc_c61726597ef3,,Portugal safe interior v3 from the 1751 Vaugondy sheets; positional uncertainty 12.33 km replaces 34.61 km
rev_362fe9334526,seven_years_war_1756_08_01,TERRESTRIAL_HEX,h6000_q-000601_r+000910,promo_7c95358cf0a4,promo_b68466ea22a9,UNRESOLVED,CONTROLLED,,sp_fef06587fead,34.61,12.33,hsrc_c61726597ef3,,Portugal safe interior v3 from the 1751 Vaugondy sheets; positional uncertainty 12.33 km replaces 34.61 km
rev_1251a284776c,seven_years_war_1756_08_01,TERRESTRIAL_HEX,h6000_q-000604_r+000909,promo_7c95358cf0a4,promo_b68466ea22a9,UNRESOLVED,CONTROLLED,,sp_fef06587fead,34.61,12.33,hsrc_c61726597ef3,,Portugal safe interior v3 from the 1751 Vaugondy sheets; positional uncertainty 12.33 km replaces 34.61 km
rev_9832eb5f4f6d,seven_years_war_1756_08_01,TERRESTRIAL_HEX,h6000_q-000603_r+000910,promo_7c95358cf0a4,promo_b68466ea22a9,UNRESOLVED,CONTROLLED,,sp_fef06587fead,34.61,12.33,hsrc_c61726597ef3,,Portugal safe interior v3 from the 1751 Vaugondy sheets; positional uncertainty 12.33 km replaces 34.61 km
rev_acbac403f764,seven_years_war_1756_08_01,TERRESTRIAL_HEX,h6000_q-000605_r+000910,promo_7c95358cf0a4,promo_b68466ea22a9,UNRESOLVED,CONTROLLED,,sp_fef06587fead,34.61,12.33,hsrc_c61726597ef3,,Portugal safe interior v3 from the 1751 Vaugondy sheets; positional uncertainty 12.33 km replaces 34.61 km
rev_77dce52cb604,seven_years_war_1756_08_01,TERRESTRIAL_HEX,h6000_q-000604_r+000910,promo_7c95358cf0a4,promo_b68466ea22a9,UNRESOLVED,CONTROLLED,,sp_fef06587fead,34.61,12.33,hsrc_c61726597ef3,,Portugal safe interior v3 from the 1751 Vaugondy sheets; positional uncertainty 12.33 km replaces 34.61 km
rev_272b6ed686d6,seven_years_war_1756_08_01,TERRESTRIAL_HEX,h6000_q-000604_r+000911,promo_7c95358cf0a4,promo_b68466ea22a9,UNRESOLVED,CONTROLLED,,sp_fef06587fead,34.61,12.33,hsrc_c61726597ef3,,Portugal safe interior v3 from the 1751 Vaugondy sheets; positional uncertainty 12.33 km replaces 34.61 km
rev_274d660ac795,seven_years_war_1756_08_01,TERRESTRIAL_HEX,h6000_q-000603_r+000911,promo_7c95358cf0a4,promo_b68466ea22a9,UNRESOLVED,CONTROLLED,,sp_fef06587fead,34.61,12.33,hsrc_c61726597ef3,,Portugal safe interior v3 from the 1751 Vaugondy sheets; positional uncertainty 12.33 km replaces 34.61 km
rev_7d1e579430b6,seven_years_war_1756_08_01,TERRESTRIAL_HEX,h6000_q-000605_r+000911,promo_7c95358cf0a4,promo_b68466ea22a9,UNRESOLVED,CONTROLLED,,sp_fef06587fead,34.61,12.33,hsrc_c61726597ef3,,Portugal safe interior v3 from the 1751 Vaugondy sheets; positional uncertainty 12.33 km replaces 34.61 km
rev_a52a2bef1c01,seven_years_war_1756_08_01,TERRESTRIAL_HEX,h6000_q-000604_r+000912,promo_7c95358cf0a4,promo_b68466ea22a9,UNRESOLVED,CONTROLLED,,sp_fef06587fead,34.61,12.33,hsrc_c61726597ef3,,Portugal safe interior v3 from the 1751 Vaugondy sheets; positional uncertainty 12.33 km replaces 34.61 km
rev_f032618ccb5c,seven_years_war_1756_08_01,TERRESTRIAL_HEX,h6000_q-000602_r+000910,promo_7c95358cf0a4,promo_b68466ea22a9,UNRESOLVED,CONTROLLED,,sp_fef06587fead,34.61,12.33,hsrc_c61726597ef3,,Portugal safe interior v3 from the 1751 Vaugondy sheets; positional uncertainty 12.33 km replaces 34.61 km
rev_68f72783ad91,seven_years_war_1756_08_01,TERRESTRIAL_HEX,h6000_q-000600_r+000911,promo_7c95358cf0a4,promo_b68466ea22a9,UNRESOLVED,CONTROLLED,,sp_fef06587fead,34.61,12.33,hsrc_c61726597ef3,,Portugal safe interior v3 from the 1751 Vaugondy sheets; positional uncertainty 12.33 km replaces 34.61 km
rev_188f279b80d8,seven_years_war_1756_08_01,TERRESTRIAL_HEX,h6000_q-000602_r+000911,promo_7c95358cf0a4,promo_b68466ea22a9,UNRESOLVED,CONTROLLED,,sp_fef06587fead,34.61,12.33,hsrc_c61726597ef3,,Portugal safe interior v3 from the 1751 Vaugondy sheets; positional uncertainty 12.33 km replaces 34.61 km
rev_bcfbd71e0d7c,seven_years_war_1756_08_01,TERRESTRIAL_HEX,h6000_q-000601_r+000911,promo_7c95358cf0a4,promo_b68466ea22a9,UNRESOLVED,CONTROLLED,,sp_fef06587fead,34.61,12.33,hsrc_c61726597ef3,,Portugal safe interior v3 from the 1751 Vaugondy sheets; positional uncertainty 12.33 km replaces 34.61 km
rev_2224ce0ae9fa,seven_years_war_1756_08_01,TERRESTRIAL_HEX,h6000_q-000602_r+000912,promo_7c95358cf0a4,promo_b68466ea22a9,UNRESOLVED,CONTROLLED,,sp_fef06587fead,34.61,12.33,hsrc_c61726597ef3,,Portugal safe interior v3 from the 1751 Vaugondy sheets; positional uncertainty 12.33 km replaces 34.61 km
rev_8ecd6c88bd62,seven_years_war_1756_08_01,TERRESTRIAL_HEX,h6000_q-000603_r+000912,promo_7c95358cf0a4,promo_b68466ea22a9,UNRESOLVED,CONTROLLED,,sp_fef06587fead,34.61,12.33,hsrc_c61726597ef3,,Portugal safe interior v3 from the 1751 Vaugondy sheets; positional uncertainty 12.33 km replaces 34.61 km
rev_08a7062b6a2d,seven_years_war_1756_08_01,TERRESTRIAL_HEX,h6000_q-000601_r+000912,promo_7c95358cf0a4,promo_b68466ea22a9,UNRESOLVED,CONTROLLED,,sp_fef06587fead,34.61,12.33,hsrc_c61726597ef3,,Portugal safe interior v3 from the 1751 Vaugondy sheets; positional uncertainty 12.33 km replaces 34.61 km
rev_62da66ea6519,seven_years_war_1756_08_01,TERRESTRIAL_HEX,h6000_q-000601_r+000913,promo_7c95358cf0a4,promo_b68466ea22a9,UNRESOLVED,CONTROLLED,,sp_fef06587fead,34.61,12.33,hsrc_c61726597ef3,,Portugal safe interior v3 from the 1751 Vaugondy sheets; positional uncertainty 12.33 km replaces 34.61 km
rev_5993d8aab10f,seven_years_war_1756_08_01,TERRESTRIAL_HEX,h6000_q-000602_r+000913,promo_7c95358cf0a4,promo_b68466ea22a9,UNRESOLVED,CONTROLLED,,sp_fef06587fead,34.61,12.33,hsrc_c61726597ef3,,Portugal safe interior v3 from the 1751 Vaugondy sheets; positional uncertainty 12.33 km replaces 34.61 km
rev_baaa595e05df,seven_years_war_1756_08_01,TERRESTRIAL_HEX,h6000_q-000603_r+000913,promo_7c95358cf0a4,promo_b68466ea22a9,UNRESOLVED,CONTROLLED,,sp_fef06587fead,34.61,12.33,hsrc_c61726597ef3,,Portugal safe interior v3 from the 1751 Vaugondy sheets; positional uncertainty 12.33 km replaces 34.61 km
rev_6d3558f4804f,seven_years_war_1756_08_01,TERRESTRIAL_HEX,h6000_q-000606_r+000910,promo_7c95358cf0a4,promo_b68466ea22a9,UNRESOLVED,CONTROLLED,,sp_fef06587fead,34.61,12.33,hsrc_c61726597ef3,,Portugal safe interior v3 from the 1751 Vaugondy sheets; positional uncertainty 12.33 km replaces 34.61 km
rev_ae89c484ef9d,seven_years_war_1756_08_01,TERRESTRIAL_HEX,h6000_q-000603_r+000923,promo_c1d69cca569e,promo_b68466ea22a9,UNRESOLVED,CONTROLLED,,sp_fef06587fead,34.61,12.33,hsrc_c61726597ef3,,Portugal safe interior v3 from the 1751 Vaugondy sheets; positional uncertainty 12.33 km replaces 34.61 km
rev_3f99da95efe5,seven_years_war_1756_08_01,TERRESTRIAL_HEX,h6000_q-000611_r+000897,promo_7c95358cf0a4,promo_b68466ea22a9,UNRESOLVED,CONTROLLED,,sp_fef06587fead,34.61,12.33,hsrc_c61726597ef3,,Portugal safe interior v3 from the 1751 Vaugondy sheets; positional uncertainty 12.33 km replaces 34.61 km
rev_78095d491825,seven_years_war_1756_08_01,TERRESTRIAL_HEX,h6000_q-000612_r+000898,promo_7c95358cf0a4,promo_b68466ea22a9,UNRESOLVED,CONTROLLED,,sp_fef06587fead,34.61,12.33,hsrc_c61726597ef3,,Portugal safe interior v3 from the 1751 Vaugondy sheets; positional uncertainty 12.33 km replaces 34.61 km
rev_40a107f586c3,seven_years_war_1756_08_01,TERRESTRIAL_HEX,h6000_q-000614_r+000899,promo_7c95358cf0a4,promo_b68466ea22a9,UNRESOLVED,CONTROLLED,,sp_fef06587fead,34.61,12.33,hsrc_c61726597ef3,,Portugal safe interior v3 from the 1751 Vaugondy sheets; positional uncertainty 12.33 km replaces 34.61 km
rev_9d521157e08b,seven_years_war_1756_08_01,TERRESTRIAL_HEX,h6000_q-000612_r+000899,promo_7c95358cf0a4,promo_b68466ea22a9,UNRESOLVED,CONTROLLED,,sp_fef06587fead,34.61,12.33,hsrc_c61726597ef3,,Portugal safe interior v3 from the 1751 Vaugondy sheets; positional uncertainty 12.33 km replaces 34.61 km
rev_bbeed7089ca2,seven_years_war_1756_08_01,TERRESTRIAL_HEX,h6000_q-000613_r+000899,promo_7c95358cf0a4,promo_b68466ea22a9,UNRESOLVED,CONTROLLED,,sp_fef06587fead,34.61,12.33,hsrc_c61726597ef3,,Portugal safe interior v3 from the 1751 Vaugondy sheets; positional uncertainty 12.33 km replaces 34.61 km
rev_03486fbd0dd9,seven_years_war_1756_08_01,TERRESTRIAL_HEX,h6000_q-000613_r+000900,promo_7c95358cf0a4,promo_b68466ea22a9,UNRESOLVED,CONTROLLED,,sp_fef06587fead,34.61,12.33,hsrc_c61726597ef3,,Portugal safe interior v3 from the 1751 Vaugondy sheets; positional uncertainty 12.33 km replaces 34.61 km
rev_6ab839cf0e23,seven_years_war_1756_08_01,TERRESTRIAL_HEX,h6000_q-000613_r+000901,promo_7c95358cf0a4,promo_b68466ea22a9,UNRESOLVED,CONTROLLED,,sp_fef06587fead,34.61,12.33,hsrc_c61726597ef3,,Portugal safe interior v3 from the 1751 Vaugondy sheets; positional uncertainty 12.33 km replaces 34.61 km
rev_50dc5b814bdd,seven_years_war_1756_08_01,TERRESTRIAL_HEX,h6000_q-000614_r+000903,promo_7c95358cf0a4,promo_b68466ea22a9,UNRESOLVED,CONTROLLED,,sp_fef06587fead,34.61,12.33,hsrc_c61726597ef3,,Portugal safe interior v3 from the 1751 Vaugondy sheets; positional uncertainty 12.33 km replaces 34.61 km
rev_456110abbc3d,seven_years_war_1756_08_01,TERRESTRIAL_HEX,h6000_q-000587_r+000903,promo_7c95358cf0a4,promo_b68466ea22a9,UNRESOLVED,CONTROLLED,,sp_fef06587fead,34.61,12.33,hsrc_c61726597ef3,,Portugal safe interior v3 from the 1751 Vaugondy sheets; positional uncertainty 12.33 km replaces 34.61 km
rev_21527c970a45,seven_years_war_1756_08_01,TERRESTRIAL_HEX,h6000_q-000586_r+000903,promo_7c95358cf0a4,promo_b68466ea22a9,UNRESOLVED,CONTROLLED,,sp_fef06587fead,34.61,12.33,hsrc_c61726597ef3,,Portugal safe interior v3 from the 1751 Vaugondy sheets; positional uncertainty 12.33 km replaces 34.61 km
rev_655f25d937ae,seven_years_war_1756_08_01,TERRESTRIAL_HEX,h6000_q-000585_r+000903,promo_7c95358cf0a4,promo_b68466ea22a9,UNRESOLVED,CONTROLLED,,sp_fef06587fead,34.61,12.33,hsrc_c61726597ef3,,Portugal safe interior v3 from the 1751 Vaugondy sheets; positional uncertainty 12.33 km replaces 34.61 km
rev_3b98fc93edb4,seven_years_war_1756_08_01,TERRESTRIAL_HEX,h6000_q-000585_r+000904,promo_7c95358cf0a4,promo_b68466ea22a9,UNRESOLVED,CONTROLLED,,sp_fef06587fead,34.61,12.33,hsrc_c61726597ef3,,Portugal safe interior v3 from the 1751 Vaugondy sheets; positional uncertainty 12.33 km replaces 34.61 km
rev_37cdd5a24930,seven_years_war_1756_08_01,TERRESTRIAL_HEX,h6000_q-000587_r+000904,promo_7c95358cf0a4,promo_b68466ea22a9,UNRESOLVED,CONTROLLED,,sp_fef06587fead,34.61,12.33,hsrc_c61726597ef3,,Portugal safe interior v3 from the 1751 Vaugondy sheets; positional uncertainty 12.33 km replaces 34.61 km
rev_b04573bc520c,seven_years_war_1756_08_01,TERRESTRIAL_HEX,h6000_q-000586_r+000904,promo_7c95358cf0a4,promo_b68466ea22a9,UNRESOLVED,CONTROLLED,,sp_fef06587fead,34.61,12.33,hsrc_c61726597ef3,,Portugal safe interior v3 from the 1751 Vaugondy sheets; positional uncertainty 12.33 km replaces 34.61 km
rev_791ac820af84,seven_years_war_1756_08_01,TERRESTRIAL_HEX,h6000_q-000588_r+000905,promo_7c95358cf0a4,promo_b68466ea22a9,UNRESOLVED,CONTROLLED,,sp_fef06587fead,34.61,12.33,hsrc_c61726597ef3,,Portugal safe interior v3 from the 1751 Vaugondy sheets; positional uncertainty 12.33 km replaces 34.61 km
rev_f67a2a8d0846,seven_years_war_1756_08_01,TERRESTRIAL_HEX,h6000_q-000586_r+000905,promo_7c95358cf0a4,promo_b68466ea22a9,UNRESOLVED,CONTROLLED,,sp_fef06587fead,34.61,12.33,hsrc_c61726597ef3,,Portugal safe interior v3 from the 1751 Vaugondy sheets; positional uncertainty 12.33 km replaces 34.61 km
rev_7fc31d830596,seven_years_war_1756_08_01,TERRESTRIAL_HEX,h6000_q-000587_r+000905,promo_7c95358cf0a4,promo_b68466ea22a9,UNRESOLVED,CONTROLLED,,sp_fef06587fead,34.61,12.33,hsrc_c61726597ef3,,Portugal safe interior v3 from the 1751 Vaugondy sheets; positional uncertainty 12.33 km replaces 34.61 km
rev_fcf0f4d059a9,seven_years_war_1756_08_01,TERRESTRIAL_HEX,h6000_q-000596_r+000904,promo_7c95358cf0a4,promo_b68466ea22a9,UNRESOLVED,CONTROLLED,,sp_fef06587fead,34.61,12.33,hsrc_c61726597ef3,,Portugal safe interior v3 from the 1751 Vaugondy sheets; positional uncertainty 12.33 km replaces 34.61 km
rev_77e3e6799961,seven_years_war_1756_08_01,TERRESTRIAL_HEX,h6000_q-000596_r+000905,promo_7c95358cf0a4,promo_b68466ea22a9,UNRESOLVED,CONTROLLED,,sp_fef06587fead,34.61,12.33,hsrc_c61726597ef3,,Portugal safe interior v3 from the 1751 Vaugondy sheets; positional uncertainty 12.33 km replaces 34.61 km
rev_cf689d2de779,seven_years_war_1756_08_01,TERRESTRIAL_HEX,h6000_q-000597_r+000906,promo_7c95358cf0a4,promo_b68466ea22a9,UNRESOLVED,CONTROLLED,,sp_fef06587fead,34.61,12.33,hsrc_c61726597ef3,,Portugal safe interior v3 from the 1751 Vaugondy sheets; positional uncertainty 12.33 km replaces 34.61 km
rev_1b961c788421,seven_years_war_1756_08_01,TERRESTRIAL_HEX,h6000_q-000597_r+000907,promo_7c95358cf0a4,promo_b68466ea22a9,UNRESOLVED,CONTROLLED,,sp_fef06587fead,34.61,12.33,hsrc_c61726597ef3,,Portugal safe interior v3 from the 1751 Vaugondy sheets; positional uncertainty 12.33 km replaces 34.61 km
rev_c5a91f132f57,seven_years_war_1756_08_01,TERRESTRIAL_HEX,h6000_q-000596_r+000907,promo_7c95358cf0a4,promo_b68466ea22a9,UNRESOLVED,CONTROLLED,,sp_fef06587fead,34.61,12.33,hsrc_c61726597ef3,,Portugal safe interior v3 from the 1751 Vaugondy sheets; positional uncertainty 12.33 km replaces 34.61 km
rev_75e4393eaa4b,seven_years_war_1756_08_01,TERRESTRIAL_HEX,h6000_q-000588_r+000906,promo_7c95358cf0a4,promo_b68466ea22a9,UNRESOLVED,CONTROLLED,,sp_fef06587fead,34.61,12.33,hsrc_c61726597ef3,,Portugal safe interior v3 from the 1751 Vaugondy sheets; positional uncertainty 12.33 km replaces 34.61 km
rev_9c337a178eea,seven_years_war_1756_08_01,TERRESTRIAL_HEX,h6000_q-000586_r+000906,promo_7c95358cf0a4,promo_b68466ea22a9,UNRESOLVED,CONTROLLED,,sp_fef06587fead,34.61,12.33,hsrc_c61726597ef3,,Portugal safe interior v3 from the 1751 Vaugondy sheets; positional uncertainty 12.33 km replaces 34.61 km
rev_82d951315be1,seven_years_war_1756_08_01,TERRESTRIAL_HEX,h6000_q-000587_r+000906,promo_7c95358cf0a4,promo_b68466ea22a9,UNRESOLVED,CONTROLLED,,sp_fef06587fead,34.61,12.33,hsrc_c61726597ef3,,Portugal safe interior v3 from the 1751 Vaugondy sheets; positional uncertainty 12.33 km replaces 34.61 km
rev_27dbda3e245c,seven_years_war_1756_08_01,TERRESTRIAL_HEX,h6000_q-000589_r+000907,promo_7c95358cf0a4,promo_b68466ea22a9,UNRESOLVED,CONTROLLED,,sp_fef06587fead,34.61,12.33,hsrc_c61726597ef3,,Portugal safe interior v3 from the 1751 Vaugondy sheets; positional uncertainty 12.33 km replaces 34.61 km
rev_6e8cbb2bffa5,seven_years_war_1756_08_01,TERRESTRIAL_HEX,h6000_q-000587_r+000907,promo_7c95358cf0a4,promo_b68466ea22a9,UNRESOLVED,CONTROLLED,,sp_fef06587fead,34.61,12.33,hsrc_c61726597ef3,,Portugal safe interior v3 from the 1751 Vaugondy sheets; positional uncertainty 12.33 km replaces 34.61 km
rev_083a319485c8,seven_years_war_1756_08_01,TERRESTRIAL_HEX,h6000_q-000588_r+000907,promo_7c95358cf0a4,promo_b68466ea22a9,UNRESOLVED,CONTROLLED,,sp_fef06587fead,34.61,12.33,hsrc_c61726597ef3,,Portugal safe interior v3 from the 1751 Vaugondy sheets; positional uncertainty 12.33 km replaces 34.61 km
rev_4780079b7cbf,seven_years_war_1756_08_01,TERRESTRIAL_HEX,h6000_q-000588_r+000908,promo_7c95358cf0a4,promo_b68466ea22a9,UNRESOLVED,CONTROLLED,,sp_fef06587fead,34.61,12.33,hsrc_c61726597ef3,,Portugal safe interior v3 from the 1751 Vaugondy sheets; positional uncertainty 12.33 km replaces 34.61 km
rev_08470ba658d3,seven_years_war_1756_08_01,TERRESTRIAL_HEX,h6000_q-000589_r+000908,promo_7c95358cf0a4,promo_b68466ea22a9,UNRESOLVED,CONTROLLED,,sp_fef06587fead,34.61,12.33,hsrc_c61726597ef3,,Portugal safe interior v3 from the 1751 Vaugondy sheets; positional uncertainty 12.33 km replaces 34.61 km
rev_11302f78348c,seven_years_war_1756_08_01,TERRESTRIAL_HEX,h6000_q-000590_r+000905,promo_7c95358cf0a4,promo_b68466ea22a9,UNRESOLVED,CONTROLLED,,sp_fef06587fead,34.61,12.33,hsrc_c61726597ef3,,Portugal safe interior v3 from the 1751 Vaugondy sheets; positional uncertainty 12.33 km replaces 34.61 km
rev_a222116a3584,seven_years_war_1756_08_01,TERRESTRIAL_HEX,h6000_q-000590_r+000906,promo_7c95358cf0a4,promo_b68466ea22a9,UNRESOLVED,CONTROLLED,,sp_fef06587fead,34.61,12.33,hsrc_c61726597ef3,,Portugal safe interior v3 from the 1751 Vaugondy sheets; positional uncertainty 12.33 km replaces 34.61 km
rev_c97487a5f289,seven_years_war_1756_08_01,TERRESTRIAL_HEX,h6000_q-000589_r+000906,promo_7c95358cf0a4,promo_b68466ea22a9,UNRESOLVED,CONTROLLED,,sp_fef06587fead,34.61,12.33,hsrc_c61726597ef3,,Portugal safe interior v3 from the 1751 Vaugondy sheets; positional uncertainty 12.33 km replaces 34.61 km
rev_9212d829b0c0,seven_years_war_1756_08_01,TERRESTRIAL_HEX,h6000_q-000591_r+000906,promo_7c95358cf0a4,promo_b68466ea22a9,UNRESOLVED,CONTROLLED,,sp_fef06587fead,34.61,12.33,hsrc_c61726597ef3,,Portugal safe interior v3 from the 1751 Vaugondy sheets; positional uncertainty 12.33 km replaces 34.61 km
rev_3de2edd6a1c6,seven_years_war_1756_08_01,TERRESTRIAL_HEX,h6000_q-000591_r+000907,promo_7c95358cf0a4,promo_b68466ea22a9,UNRESOLVED,CONTROLLED,,sp_fef06587fead,34.61,12.33,hsrc_c61726597ef3,,Portugal safe interior v3 from the 1751 Vaugondy sheets; positional uncertainty 12.33 km replaces 34.61 km
rev_de8df17e21de,seven_years_war_1756_08_01,TERRESTRIAL_HEX,h6000_q-000590_r+000907,promo_7c95358cf0a4,promo_b68466ea22a9,UNRESOLVED,CONTROLLED,,sp_fef06587fead,34.61,12.33,hsrc_c61726597ef3,,Portugal safe interior v3 from the 1751 Vaugondy sheets; positional uncertainty 12.33 km replaces 34.61 km
rev_6ff4d2a19097,seven_years_war_1756_08_01,TERRESTRIAL_HEX,h6000_q-000590_r+000908,promo_7c95358cf0a4,promo_b68466ea22a9,UNRESOLVED,CONTROLLED,,sp_fef06587fead,34.61,12.33,hsrc_c61726597ef3,,Portugal safe interior v3 from the 1751 Vaugondy sheets; positional uncertainty 12.33 km replaces 34.61 km
rev_fc44bc86e557,seven_years_war_1756_08_01,TERRESTRIAL_HEX,h6000_q-000591_r+000908,promo_7c95358cf0a4,promo_b68466ea22a9,UNRESOLVED,CONTROLLED,,sp_fef06587fead,34.61,12.33,hsrc_c61726597ef3,,Portugal safe interior v3 from the 1751 Vaugondy sheets; positional uncertainty 12.33 km replaces 34.61 km
rev_e71d19c725c2,seven_years_war_1756_08_01,TERRESTRIAL_HEX,h6000_q-000592_r+000908,promo_7c95358cf0a4,promo_b68466ea22a9,UNRESOLVED,CONTROLLED,,sp_fef06587fead,34.61,12.33,hsrc_c61726597ef3,,Portugal safe interior v3 from the 1751 Vaugondy sheets; positional uncertainty 12.33 km replaces 34.61 km
rev_c0b7d14523c4,seven_years_war_1756_08_01,TERRESTRIAL_HEX,h6000_q-000592_r+000909,promo_7c95358cf0a4,promo_b68466ea22a9,UNRESOLVED,CONTROLLED,,sp_fef06587fead,34.61,12.33,hsrc_c61726597ef3,,Portugal safe interior v3 from the 1751 Vaugondy sheets; positional uncertainty 12.33 km replaces 34.61 km
rev_3395391ca953,seven_years_war_1756_08_01,TERRESTRIAL_HEX,h6000_q-000592_r+000907,promo_7c95358cf0a4,promo_b68466ea22a9,UNRESOLVED,CONTROLLED,,sp_fef06587fead,34.61,12.33,hsrc_c61726597ef3,,Portugal safe interior v3 from the 1751 Vaugondy sheets; positional uncertainty 12.33 km replaces 34.61 km
rev_f67b4ac27a70,seven_years_war_1756_08_01,TERRESTRIAL_HEX,h6000_q-000593_r+000908,promo_7c95358cf0a4,promo_b68466ea22a9,UNRESOLVED,CONTROLLED,,sp_fef06587fead,34.61,12.33,hsrc_c61726597ef3,,Portugal safe interior v3 from the 1751 Vaugondy sheets; positional uncertainty 12.33 km replaces 34.61 km
rev_5a0f73e39a23,seven_years_war_1756_08_01,TERRESTRIAL_HEX,h6000_q-000594_r+000908,promo_7c95358cf0a4,promo_b68466ea22a9,UNRESOLVED,CONTROLLED,,sp_fef06587fead,34.61,12.33,hsrc_c61726597ef3,,Portugal safe interior v3 from the 1751 Vaugondy sheets; positional uncertainty 12.33 km replaces 34.61 km
rev_4154d1b0cb07,seven_years_war_1756_08_01,TERRESTRIAL_HEX,h6000_q-000595_r+000908,promo_7c95358cf0a4,promo_b68466ea22a9,UNRESOLVED,CONTROLLED,,sp_fef06587fead,34.61,12.33,hsrc_c61726597ef3,,Portugal safe interior v3 from the 1751 Vaugondy sheets; positional uncertainty 12.33 km replaces 34.61 km
rev_1cb7074b56ca,seven_years_war_1756_08_01,TERRESTRIAL_HEX,h6000_q-000593_r+000909,promo_7c95358cf0a4,promo_b68466ea22a9,UNRESOLVED,CONTROLLED,,sp_fef06587fead,34.61,12.33,hsrc_c61726597ef3,,Portugal safe interior v3 from the 1751 Vaugondy sheets; positional uncertainty 12.33 km replaces 34.61 km
rev_f542b570acfe,seven_years_war_1756_08_01,TERRESTRIAL_HEX,h6000_q-000597_r+000908,promo_7c95358cf0a4,promo_b68466ea22a9,UNRESOLVED,CONTROLLED,,sp_fef06587fead,34.61,12.33,hsrc_c61726597ef3,,Portugal safe interior v3 from the 1751 Vaugondy sheets; positional uncertainty 12.33 km replaces 34.61 km
rev_f48b77ecb0aa,seven_years_war_1756_08_01,TERRESTRIAL_HEX,h6000_q-000596_r+000908,promo_7c95358cf0a4,promo_b68466ea22a9,UNRESOLVED,CONTROLLED,,sp_fef06587fead,34.61,12.33,hsrc_c61726597ef3,,Portugal safe interior v3 from the 1751 Vaugondy sheets; positional uncertainty 12.33 km replaces 34.61 km
rev_547feba961ae,seven_years_war_1756_08_01,TERRESTRIAL_HEX,h6000_q-000598_r+000908,promo_7c95358cf0a4,promo_b68466ea22a9,UNRESOLVED,CONTROLLED,,sp_fef06587fead,34.61,12.33,hsrc_c61726597ef3,,Portugal safe interior v3 from the 1751 Vaugondy sheets; positional uncertainty 12.33 km replaces 34.61 km
rev_1a4fba74b65e,seven_years_war_1756_08_01,TERRESTRIAL_HEX,h6000_q-000597_r+000909,promo_7c95358cf0a4,promo_b68466ea22a9,UNRESOLVED,CONTROLLED,,sp_fef06587fead,34.61,12.33,hsrc_c61726597ef3,,Portugal safe interior v3 from the 1751 Vaugondy sheets; positional uncertainty 12.33 km replaces 34.61 km
rev_4ec0e4a0947b,seven_years_war_1756_08_01,TERRESTRIAL_HEX,h6000_q-000598_r+000909,promo_7c95358cf0a4,promo_b68466ea22a9,UNRESOLVED,CONTROLLED,,sp_fef06587fead,34.61,12.33,hsrc_c61726597ef3,,Portugal safe interior v3 from the 1751 Vaugondy sheets; positional uncertainty 12.33 km replaces 34.61 km
rev_f5d8dd6707a2,seven_years_war_1756_08_01,TERRESTRIAL_HEX,h6000_q-000596_r+000909,promo_7c95358cf0a4,promo_b68466ea22a9,UNRESOLVED,CONTROLLED,,sp_fef06587fead,34.61,12.33,hsrc_c61726597ef3,,Portugal safe interior v3 from the 1751 Vaugondy sheets; positional uncertainty 12.33 km replaces 34.61 km
rev_ea5a76c8d9f8,seven_years_war_1756_08_01,TERRESTRIAL_HEX,h6000_q-000597_r+000910,promo_7c95358cf0a4,promo_b68466ea22a9,UNRESOLVED,CONTROLLED,,sp_fef06587fead,34.61,12.33,hsrc_c61726597ef3,,Portugal safe interior v3 from the 1751 Vaugondy sheets; positional uncertainty 12.33 km replaces 34.61 km
rev_b58b8706c6d0,seven_years_war_1756_08_01,TERRESTRIAL_HEX,h6000_q-000599_r+000910,promo_7c95358cf0a4,promo_b68466ea22a9,UNRESOLVED,CONTROLLED,,sp_fef06587fead,34.61,12.33,hsrc_c61726597ef3,,Portugal safe interior v3 from the 1751 Vaugondy sheets; positional uncertainty 12.33 km replaces 34.61 km
rev_f6477b1113ba,seven_years_war_1756_08_01,TERRESTRIAL_HEX,h6000_q-000598_r+000910,promo_7c95358cf0a4,promo_b68466ea22a9,UNRESOLVED,CONTROLLED,,sp_fef06587fead,34.61,12.33,hsrc_c61726597ef3,,Portugal safe interior v3 from the 1751 Vaugondy sheets; positional uncertainty 12.33 km replaces 34.61 km
rev_802600a94600,seven_years_war_1756_08_01,TERRESTRIAL_HEX,h6000_q-000588_r+000909,promo_7c95358cf0a4,promo_b68466ea22a9,UNRESOLVED,CONTROLLED,,sp_fef06587fead,34.61,12.33,hsrc_c61726597ef3,,Portugal safe interior v3 from the 1751 Vaugondy sheets; positional uncertainty 12.33 km replaces 34.61 km
rev_7c88df0cfdaf,seven_years_war_1756_08_01,TERRESTRIAL_HEX,h6000_q-000589_r+000909,promo_7c95358cf0a4,promo_b68466ea22a9,UNRESOLVED,CONTROLLED,,sp_fef06587fead,34.61,12.33,hsrc_c61726597ef3,,Portugal safe interior v3 from the 1751 Vaugondy sheets; positional uncertainty 12.33 km replaces 34.61 km
rev_038efd63d95c,seven_years_war_1756_08_01,TERRESTRIAL_HEX,h6000_q-000590_r+000909,promo_7c95358cf0a4,promo_b68466ea22a9,UNRESOLVED,CONTROLLED,,sp_fef06587fead,34.61,12.33,hsrc_c61726597ef3,,Portugal safe interior v3 from the 1751 Vaugondy sheets; positional uncertainty 12.33 km replaces 34.61 km
rev_fc49befe4f87,seven_years_war_1756_08_01,TERRESTRIAL_HEX,h6000_q-000590_r+000910,promo_7c95358cf0a4,promo_b68466ea22a9,UNRESOLVED,CONTROLLED,,sp_fef06587fead,34.61,12.33,hsrc_c61726597ef3,,Portugal safe interior v3 from the 1751 Vaugondy sheets; positional uncertainty 12.33 km replaces 34.61 km
rev_29c4c8886e6c,seven_years_war_1756_08_01,TERRESTRIAL_HEX,h6000_q-000589_r+000910,promo_7c95358cf0a4,promo_b68466ea22a9,UNRESOLVED,CONTROLLED,,sp_fef06587fead,34.61,12.33,hsrc_c61726597ef3,,Portugal safe interior v3 from the 1751 Vaugondy sheets; positional uncertainty 12.33 km replaces 34.61 km
rev_8168698994bb,seven_years_war_1756_08_01,TERRESTRIAL_HEX,h6000_q-000590_r+000911,promo_7c95358cf0a4,promo_b68466ea22a9,UNRESOLVED,CONTROLLED,,sp_fef06587fead,34.61,12.33,hsrc_c61726597ef3,,Portugal safe interior v3 from the 1751 Vaugondy sheets; positional uncertainty 12.33 km replaces 34.61 km
rev_7bee20e9a319,seven_years_war_1756_08_01,TERRESTRIAL_HEX,h6000_q-000594_r+000909,promo_7c95358cf0a4,promo_b68466ea22a9,UNRESOLVED,CONTROLLED,,sp_fef06587fead,34.61,12.33,hsrc_c61726597ef3,,Portugal safe interior v3 from the 1751 Vaugondy sheets; positional uncertainty 12.33 km replaces 34.61 km
rev_e81c60f8c29e,seven_years_war_1756_08_01,TERRESTRIAL_HEX,h6000_q-000595_r+000909,promo_7c95358cf0a4,promo_b68466ea22a9,UNRESOLVED,CONTROLLED,,sp_fef06587fead,34.61,12.33,hsrc_c61726597ef3,,Portugal safe interior v3 from the 1751 Vaugondy sheets; positional uncertainty 12.33 km replaces 34.61 km
rev_6c4f33c4ae4c,seven_years_war_1756_08_01,TERRESTRIAL_HEX,h6000_q-000594_r+000910,promo_7c95358cf0a4,promo_b68466ea22a9,UNRESOLVED,CONTROLLED,,sp_fef06587fead,34.61,12.33,hsrc_c61726597ef3,,Portugal safe interior v3 from the 1751 Vaugondy sheets; positional uncertainty 12.33 km replaces 34.61 km
rev_faa6502a36c2,seven_years_war_1756_08_01,TERRESTRIAL_HEX,h6000_q-000596_r+000910,promo_7c95358cf0a4,promo_b68466ea22a9,UNRESOLVED,CONTROLLED,,sp_fef06587fead,34.61,12.33,hsrc_c61726597ef3,,Portugal safe interior v3 from the 1751 Vaugondy sheets; positional uncertainty 12.33 km replaces 34.61 km
rev_4c7c7230a3ca,seven_years_war_1756_08_01,TERRESTRIAL_HEX,h6000_q-000595_r+000910,promo_7c95358cf0a4,promo_b68466ea22a9,UNRESOLVED,CONTROLLED,,sp_fef06587fead,34.61,12.33,hsrc_c61726597ef3,,Portugal safe interior v3 from the 1751 Vaugondy sheets; positional uncertainty 12.33 km replaces 34.61 km
rev_fbf2878760ca,seven_years_war_1756_08_01,TERRESTRIAL_HEX,h6000_q-000594_r+000911,promo_7c95358cf0a4,promo_b68466ea22a9,UNRESOLVED,CONTROLLED,,sp_fef06587fead,34.61,12.33,hsrc_c61726597ef3,,Portugal safe interior v3 from the 1751 Vaugondy sheets; positional uncertainty 12.33 km replaces 34.61 km
rev_29f033f6ef4b,seven_years_war_1756_08_01,TERRESTRIAL_HEX,h6000_q-000596_r+000911,promo_7c95358cf0a4,promo_b68466ea22a9,UNRESOLVED,CONTROLLED,,sp_fef06587fead,34.61,12.33,hsrc_c61726597ef3,,Portugal safe interior v3 from the 1751 Vaugondy sheets; positional uncertainty 12.33 km replaces 34.61 km
rev_28ab3add3687,seven_years_war_1756_08_01,TERRESTRIAL_HEX,h6000_q-000595_r+000911,promo_7c95358cf0a4,promo_b68466ea22a9,UNRESOLVED,CONTROLLED,,sp_fef06587fead,34.61,12.33,hsrc_c61726597ef3,,Portugal safe interior v3 from the 1751 Vaugondy sheets; positional uncertainty 12.33 km replaces 34.61 km
rev_4323b307a1a1,seven_years_war_1756_08_01,TERRESTRIAL_HEX,h6000_q-000595_r+000912,promo_7c95358cf0a4,promo_b68466ea22a9,UNRESOLVED,CONTROLLED,,sp_fef06587fead,34.61,12.33,hsrc_c61726597ef3,,Portugal safe interior v3 from the 1751 Vaugondy sheets; positional uncertainty 12.33 km replaces 34.61 km
rev_6dec938c8da0,seven_years_war_1756_08_01,TERRESTRIAL_HEX,h6000_q-000597_r+000912,promo_7c95358cf0a4,promo_b68466ea22a9,UNRESOLVED,CONTROLLED,,sp_fef06587fead,34.61,12.33,hsrc_c61726597ef3,,Portugal safe interior v3 from the 1751 Vaugondy sheets; positional uncertainty 12.33 km replaces 34.61 km
rev_ed07625b5965,seven_years_war_1756_08_01,TERRESTRIAL_HEX,h6000_q-000591_r+000909,promo_7c95358cf0a4,promo_b68466ea22a9,UNRESOLVED,CONTROLLED,,sp_fef06587fead,34.61,12.33,hsrc_c61726597ef3,,Portugal safe interior v3 from the 1751 Vaugondy sheets; positional uncertainty 12.33 km replaces 34.61 km
rev_36c9fc21153b,seven_years_war_1756_08_01,TERRESTRIAL_HEX,h6000_q-000592_r+000910,promo_7c95358cf0a4,promo_b68466ea22a9,UNRESOLVED,CONTROLLED,,sp_fef06587fead,34.61,12.33,hsrc_c61726597ef3,,Portugal safe interior v3 from the 1751 Vaugondy sheets; positional uncertainty 12.33 km replaces 34.61 km
rev_e33cfd109f5b,seven_years_war_1756_08_01,TERRESTRIAL_HEX,h6000_q-000591_r+000910,promo_7c95358cf0a4,promo_b68466ea22a9,UNRESOLVED,CONTROLLED,,sp_fef06587fead,34.61,12.33,hsrc_c61726597ef3,,Portugal safe interior v3 from the 1751 Vaugondy sheets; positional uncertainty 12.33 km replaces 34.61 km
rev_bfe53c16cf58,seven_years_war_1756_08_01,TERRESTRIAL_HEX,h6000_q-000593_r+000910,promo_7c95358cf0a4,promo_b68466ea22a9,UNRESOLVED,CONTROLLED,,sp_fef06587fead,34.61,12.33,hsrc_c61726597ef3,,Portugal safe interior v3 from the 1751 Vaugondy sheets; positional uncertainty 12.33 km replaces 34.61 km
rev_b31c7f40373f,seven_years_war_1756_08_01,TERRESTRIAL_HEX,h6000_q-000593_r+000911,promo_7c95358cf0a4,promo_b68466ea22a9,UNRESOLVED,CONTROLLED,,sp_fef06587fead,34.61,12.33,hsrc_c61726597ef3,,Portugal safe interior v3 from the 1751 Vaugondy sheets; positional uncertainty 12.33 km replaces 34.61 km
rev_d1c104efc9ba,seven_years_war_1756_08_01,TERRESTRIAL_HEX,h6000_q-000591_r+000911,promo_7c95358cf0a4,promo_b68466ea22a9,UNRESOLVED,CONTROLLED,,sp_fef06587fead,34.61,12.33,hsrc_c61726597ef3,,Portugal safe interior v3 from the 1751 Vaugondy sheets; positional uncertainty 12.33 km replaces 34.61 km
rev_6f2980d6be7e,seven_years_war_1756_08_01,TERRESTRIAL_HEX,h6000_q-000592_r+000911,promo_7c95358cf0a4,promo_b68466ea22a9,UNRESOLVED,CONTROLLED,,sp_fef06587fead,34.61,12.33,hsrc_c61726597ef3,,Portugal safe interior v3 from the 1751 Vaugondy sheets; positional uncertainty 12.33 km replaces 34.61 km
rev_d4eb33f44cbb,seven_years_war_1756_08_01,TERRESTRIAL_HEX,h6000_q-000592_r+000912,promo_7c95358cf0a4,promo_b68466ea22a9,UNRESOLVED,CONTROLLED,,sp_fef06587fead,34.61,12.33,hsrc_c61726597ef3,,Portugal safe interior v3 from the 1751 Vaugondy sheets; positional uncertainty 12.33 km replaces 34.61 km
rev_2509137f6ac7,seven_years_war_1756_08_01,TERRESTRIAL_HEX,h6000_q-000594_r+000912,promo_7c95358cf0a4,promo_b68466ea22a9,UNRESOLVED,CONTROLLED,,sp_fef06587fead,34.61,12.33,hsrc_c61726597ef3,,Portugal safe interior v3 from the 1751 Vaugondy sheets; positional uncertainty 12.33 km replaces 34.61 km
rev_920d5f72bc20,seven_years_war_1756_08_01,TERRESTRIAL_HEX,h6000_q-000593_r+000912,promo_7c95358cf0a4,promo_b68466ea22a9,UNRESOLVED,CONTROLLED,,sp_fef06587fead,34.61,12.33,hsrc_c61726597ef3,,Portugal safe interior v3 from the 1751 Vaugondy sheets; positional uncertainty 12.33 km replaces 34.61 km
rev_860301db9f54,seven_years_war_1756_08_01,TERRESTRIAL_HEX,h6000_q-000597_r+000911,promo_7c95358cf0a4,promo_b68466ea22a9,UNRESOLVED,CONTROLLED,,sp_fef06587fead,34.61,12.33,hsrc_c61726597ef3,,Portugal safe interior v3 from the 1751 Vaugondy sheets; positional uncertainty 12.33 km replaces 34.61 km
rev_336d586ff815,seven_years_war_1756_08_01,TERRESTRIAL_HEX,h6000_q-000599_r+000911,promo_7c95358cf0a4,promo_b68466ea22a9,UNRESOLVED,CONTROLLED,,sp_fef06587fead,34.61,12.33,hsrc_c61726597ef3,,Portugal safe interior v3 from the 1751 Vaugondy sheets; positional uncertainty 12.33 km replaces 34.61 km
rev_6ee570e30a6a,seven_years_war_1756_08_01,TERRESTRIAL_HEX,h6000_q-000598_r+000911,promo_7c95358cf0a4,promo_b68466ea22a9,UNRESOLVED,CONTROLLED,,sp_fef06587fead,34.61,12.33,hsrc_c61726597ef3,,Portugal safe interior v3 from the 1751 Vaugondy sheets; positional uncertainty 12.33 km replaces 34.61 km
rev_785fd71b3490,seven_years_war_1756_08_01,TERRESTRIAL_HEX,h6000_q-000599_r+000912,promo_7c95358cf0a4,promo_b68466ea22a9,UNRESOLVED,CONTROLLED,,sp_fef06587fead,34.61,12.33,hsrc_c61726597ef3,,Portugal safe interior v3 from the 1751 Vaugondy sheets; positional uncertainty 12.33 km replaces 34.61 km
rev_fbdc7cf2f868,seven_years_war_1756_08_01,TERRESTRIAL_HEX,h6000_q-000598_r+000912,promo_7c95358cf0a4,promo_b68466ea22a9,UNRESOLVED,CONTROLLED,,sp_fef06587fead,34.61,12.33,hsrc_c61726597ef3,,Portugal safe interior v3 from the 1751 Vaugondy sheets; positional uncertainty 12.33 km replaces 34.61 km
rev_ce91bb190a8b,seven_years_war_1756_08_01,TERRESTRIAL_HEX,h6000_q-000600_r+000912,promo_7c95358cf0a4,promo_b68466ea22a9,UNRESOLVED,CONTROLLED,,sp_fef06587fead,34.61,12.33,hsrc_c61726597ef3,,Portugal safe interior v3 from the 1751 Vaugondy sheets; positional uncertainty 12.33 km replaces 34.61 km
rev_aaeb3c8aeabe,seven_years_war_1756_08_01,TERRESTRIAL_HEX,h6000_q-000599_r+000913,promo_7c95358cf0a4,promo_b68466ea22a9,UNRESOLVED,CONTROLLED,,sp_fef06587fead,34.61,12.33,hsrc_c61726597ef3,,Portugal safe interior v3 from the 1751 Vaugondy sheets; positional uncertainty 12.33 km replaces 34.61 km
rev_adce8bc75e03,seven_years_war_1756_08_01,TERRESTRIAL_HEX,h6000_q-000600_r+000913,promo_7c95358cf0a4,promo_b68466ea22a9,UNRESOLVED,CONTROLLED,,sp_fef06587fead,34.61,12.33,hsrc_c61726597ef3,,Portugal safe interior v3 from the 1751 Vaugondy sheets; positional uncertainty 12.33 km replaces 34.61 km
rev_5dd0324e4db3,seven_years_war_1756_08_01,TERRESTRIAL_HEX,h6000_q-000598_r+000913,promo_7c95358cf0a4,promo_b68466ea22a9,UNRESOLVED,CONTROLLED,,sp_fef06587fead,34.61,12.33,hsrc_c61726597ef3,,Portugal safe interior v3 from the 1751 Vaugondy sheets; positional uncertainty 12.33 km replaces 34.61 km
rev_276afd3638cd,seven_years_war_1756_08_01,TERRESTRIAL_HEX,h6000_q-000600_r+000914,promo_7c95358cf0a4,promo_b68466ea22a9,UNRESOLVED,CONTROLLED,,sp_fef06587fead,34.61,12.33,hsrc_c61726597ef3,,Portugal safe interior v3 from the 1751 Vaugondy sheets; positional uncertainty 12.33 km replaces 34.61 km
rev_0879842d31e4,seven_years_war_1756_08_01,TERRESTRIAL_HEX,h6000_q-000602_r+000926,promo_c1d69cca569e,promo_b68466ea22a9,UNRESOLVED,CONTROLLED,,sp_fef06587fead,34.61,12.33,hsrc_c61726597ef3,,Portugal safe interior v3 from the 1751 Vaugondy sheets; positional uncertainty 12.33 km replaces 34.61 km
rev_232c17269fd4,seven_years_war_1756_08_01,TERRESTRIAL_HEX,h6000_q-000603_r+000926,promo_c1d69cca569e,promo_b68466ea22a9,UNRESOLVED,CONTROLLED,,sp_fef06587fead,34.61,12.33,hsrc_c61726597ef3,,Portugal safe interior v3 from the 1751 Vaugondy sheets; positional uncertainty 12.33 km replaces 34.61 km
rev_6a5ac7562c64,seven_years_war_1756_08_01,TERRESTRIAL_HEX,h6000_q-000596_r+000912,promo_7c95358cf0a4,promo_b68466ea22a9,UNRESOLVED,CONTROLLED,,sp_fef06587fead,34.61,12.33,hsrc_c61726597ef3,,Portugal safe interior v3 from the 1751 Vaugondy sheets; positional uncertainty 12.33 km replaces 34.61 km
rev_cf255ec271a1,seven_years_war_1756_08_01,TERRESTRIAL_HEX,h6000_q-000597_r+000913,promo_7c95358cf0a4,promo_b68466ea22a9,UNRESOLVED,CONTROLLED,,sp_fef06587fead,34.61,12.33,hsrc_c61726597ef3,,Portugal safe interior v3 from the 1751 Vaugondy sheets; positional uncertainty 12.33 km replaces 34.61 km
rev_676bfd640e51,seven_years_war_1756_08_01,TERRESTRIAL_HEX,h6000_q-000596_r+000913,promo_7c95358cf0a4,promo_b68466ea22a9,UNRESOLVED,CONTROLLED,,sp_fef06587fead,34.61,12.33,hsrc_c61726597ef3,,Portugal safe interior v3 from the 1751 Vaugondy sheets; positional uncertainty 12.33 km replaces 34.61 km
rev_a260852118a2,seven_years_war_1756_08_01,TERRESTRIAL_HEX,h6000_q-000595_r+000913,promo_7c95358cf0a4,promo_b68466ea22a9,UNRESOLVED,CONTROLLED,,sp_fef06587fead,34.61,12.33,hsrc_c61726597ef3,,Portugal safe interior v3 from the 1751 Vaugondy sheets; positional uncertainty 12.33 km replaces 34.61 km
rev_1be89f6319c6,seven_years_war_1756_08_01,TERRESTRIAL_HEX,h6000_q-000597_r+000914,promo_7c95358cf0a4,promo_b68466ea22a9,UNRESOLVED,CONTROLLED,,sp_fef06587fead,34.61,12.33,hsrc_c61726597ef3,,Portugal safe interior v3 from the 1751 Vaugondy sheets; positional uncertainty 12.33 km replaces 34.61 km
rev_0a21e77865ac,seven_years_war_1756_08_01,TERRESTRIAL_HEX,h6000_q-000596_r+000914,promo_7c95358cf0a4,promo_b68466ea22a9,UNRESOLVED,CONTROLLED,,sp_fef06587fead,34.61,12.33,hsrc_c61726597ef3,,Portugal safe interior v3 from the 1751 Vaugondy sheets; positional uncertainty 12.33 km replaces 34.61 km
rev_b9ce02f2ed82,seven_years_war_1756_08_01,TERRESTRIAL_HEX,h6000_q-000598_r+000914,promo_7c95358cf0a4,promo_b68466ea22a9,UNRESOLVED,CONTROLLED,,sp_fef06587fead,34.61,12.33,hsrc_c61726597ef3,,Portugal safe interior v3 from the 1751 Vaugondy sheets; positional uncertainty 12.33 km replaces 34.61 km
rev_9614f50f5d04,seven_years_war_1756_08_01,TERRESTRIAL_HEX,h6000_q-000597_r+000915,promo_7c95358cf0a4,promo_b68466ea22a9,UNRESOLVED,CONTROLLED,,sp_fef06587fead,34.61,12.33,hsrc_c61726597ef3,,Portugal safe interior v3 from the 1751 Vaugondy sheets; positional uncertainty 12.33 km replaces 34.61 km
rev_562d78d0332a,seven_years_war_1756_08_01,TERRESTRIAL_HEX,h6000_q-000596_r+000915,promo_7c95358cf0a4,promo_b68466ea22a9,UNRESOLVED,CONTROLLED,,sp_fef06587fead,34.61,12.33,hsrc_c61726597ef3,,Portugal safe interior v3 from the 1751 Vaugondy sheets; positional uncertainty 12.33 km replaces 34.61 km
rev_d4bdaf1bf8d3,seven_years_war_1756_08_01,TERRESTRIAL_HEX,h6000_q-000598_r+000915,promo_7c95358cf0a4,promo_b68466ea22a9,UNRESOLVED,CONTROLLED,,sp_fef06587fead,34.61,12.33,hsrc_c61726597ef3,,Portugal safe interior v3 from the 1751 Vaugondy sheets; positional uncertainty 12.33 km replaces 34.61 km
rev_ff9d680be7f0,seven_years_war_1756_08_01,TERRESTRIAL_HEX,h6000_q-000594_r+000913,promo_7c95358cf0a4,promo_b68466ea22a9,UNRESOLVED,CONTROLLED,,sp_fef06587fead,34.61,12.33,hsrc_c61726597ef3,,Portugal safe interior v3 from the 1751 Vaugondy sheets; positional uncertainty 12.33 km replaces 34.61 km
rev_0e7106e2a6bb,seven_years_war_1756_08_01,TERRESTRIAL_HEX,h6000_q-000593_r+000913,promo_7c95358cf0a4,promo_b68466ea22a9,UNRESOLVED,CONTROLLED,,sp_fef06587fead,34.61,12.33,hsrc_c61726597ef3,,Portugal safe interior v3 from the 1751 Vaugondy sheets; positional uncertainty 12.33 km replaces 34.61 km
rev_7297ff8306c2,seven_years_war_1756_08_01,TERRESTRIAL_HEX,h6000_q-000592_r+000913,promo_7c95358cf0a4,promo_b68466ea22a9,UNRESOLVED,CONTROLLED,,sp_fef06587fead,34.61,12.33,hsrc_c61726597ef3,,Portugal safe interior v3 from the 1751 Vaugondy sheets; positional uncertainty 12.33 km replaces 34.61 km
rev_9cd4529cd288,seven_years_war_1756_08_01,TERRESTRIAL_HEX,h6000_q-000594_r+000914,promo_7c95358cf0a4,promo_b68466ea22a9,UNRESOLVED,CONTROLLED,,sp_fef06587fead,34.61,12.33,hsrc_c61726597ef3,,Portugal safe interior v3 from the 1751 Vaugondy sheets; positional uncertainty 12.33 km replaces 34.61 km
rev_da4285eaefa2,seven_years_war_1756_08_01,TERRESTRIAL_HEX,h6000_q-000595_r+000914,promo_7c95358cf0a4,promo_b68466ea22a9,UNRESOLVED,CONTROLLED,,sp_fef06587fead,34.61,12.33,hsrc_c61726597ef3,,Portugal safe interior v3 from the 1751 Vaugondy sheets; positional uncertainty 12.33 km replaces 34.61 km
rev_2a25d19000db,seven_years_war_1756_08_01,TERRESTRIAL_HEX,h6000_q-000595_r+000915,promo_7c95358cf0a4,promo_b68466ea22a9,UNRESOLVED,CONTROLLED,,sp_fef06587fead,34.61,12.33,hsrc_c61726597ef3,,Portugal safe interior v3 from the 1751 Vaugondy sheets; positional uncertainty 12.33 km replaces 34.61 km
rev_e314d1117745,seven_years_war_1756_08_01,TERRESTRIAL_HEX,h6000_q-000601_r+000914,promo_7c95358cf0a4,promo_b68466ea22a9,UNRESOLVED,CONTROLLED,,sp_fef06587fead,34.61,12.33,hsrc_c61726597ef3,,Portugal safe interior v3 from the 1751 Vaugondy sheets; positional uncertainty 12.33 km replaces 34.61 km
rev_6765b13185ad,seven_years_war_1756_08_01,TERRESTRIAL_HEX,h6000_q-000599_r+000914,promo_7c95358cf0a4,promo_b68466ea22a9,UNRESOLVED,CONTROLLED,,sp_fef06587fead,34.61,12.33,hsrc_c61726597ef3,,Portugal safe interior v3 from the 1751 Vaugondy sheets; positional uncertainty 12.33 km replaces 34.61 km
rev_f69fe7c864b5,seven_years_war_1756_08_01,TERRESTRIAL_HEX,h6000_q-000600_r+000915,promo_7c95358cf0a4,promo_b68466ea22a9,UNRESOLVED,CONTROLLED,,sp_fef06587fead,34.61,12.33,hsrc_c61726597ef3,,Portugal safe interior v3 from the 1751 Vaugondy sheets; positional uncertainty 12.33 km replaces 34.61 km
rev_b4abd0ea6a38,seven_years_war_1756_08_01,TERRESTRIAL_HEX,h6000_q-000599_r+000915,promo_7c95358cf0a4,promo_b68466ea22a9,UNRESOLVED,CONTROLLED,,sp_fef06587fead,34.61,12.33,hsrc_c61726597ef3,,Portugal safe interior v3 from the 1751 Vaugondy sheets; positional uncertainty 12.33 km replaces 34.61 km
rev_eb32494fdd40,seven_years_war_1756_08_01,TERRESTRIAL_HEX,h6000_q-000600_r+000917,promo_7c95358cf0a4,promo_b68466ea22a9,UNRESOLVED,CONTROLLED,,sp_fef06587fead,34.61,12.33,hsrc_c61726597ef3,,Portugal safe interior v3 from the 1751 Vaugondy sheets; positional uncertainty 12.33 km replaces 34.61 km
rev_600836de9db8,seven_years_war_1756_08_01,TERRESTRIAL_HEX,h6000_q-000595_r+000916,promo_7c95358cf0a4,promo_b68466ea22a9,UNRESOLVED,CONTROLLED,,sp_fef06587fead,34.61,12.33,hsrc_c61726597ef3,,Portugal safe interior v3 from the 1751 Vaugondy sheets; positional uncertainty 12.33 km replaces 34.61 km
rev_e008dfb25905,seven_years_war_1756_08_01,TERRESTRIAL_HEX,h6000_q-000596_r+000916,promo_7c95358cf0a4,promo_b68466ea22a9,UNRESOLVED,CONTROLLED,,sp_fef06587fead,34.61,12.33,hsrc_c61726597ef3,,Portugal safe interior v3 from the 1751 Vaugondy sheets; positional uncertainty 12.33 km replaces 34.61 km
rev_fb0a4f0633d8,seven_years_war_1756_08_01,TERRESTRIAL_HEX,h6000_q-000596_r+000917,promo_7c95358cf0a4,promo_b68466ea22a9,UNRESOLVED,CONTROLLED,,sp_fef06587fead,34.61,12.33,hsrc_c61726597ef3,,Portugal safe interior v3 from the 1751 Vaugondy sheets; positional uncertainty 12.33 km replaces 34.61 km
rev_39d3f211cefd,seven_years_war_1756_08_01,TERRESTRIAL_HEX,h6000_q-000597_r+000918,promo_c1d69cca569e,promo_b68466ea22a9,UNRESOLVED,CONTROLLED,,sp_fef06587fead,34.61,12.33,hsrc_c61726597ef3,,Portugal safe interior v3 from the 1751 Vaugondy sheets; positional uncertainty 12.33 km replaces 34.61 km
rev_0775b1a3fe07,seven_years_war_1756_08_01,TERRESTRIAL_HEX,h6000_q-000598_r+000916,promo_7c95358cf0a4,promo_b68466ea22a9,UNRESOLVED,CONTROLLED,,sp_fef06587fead,34.61,12.33,hsrc_c61726597ef3,,Portugal safe interior v3 from the 1751 Vaugondy sheets; positional uncertainty 12.33 km replaces 34.61 km
rev_31b38ef6534c,seven_years_war_1756_08_01,TERRESTRIAL_HEX,h6000_q-000599_r+000916,promo_7c95358cf0a4,promo_b68466ea22a9,UNRESOLVED,CONTROLLED,,sp_fef06587fead,34.61,12.33,hsrc_c61726597ef3,,Portugal safe interior v3 from the 1751 Vaugondy sheets; positional uncertainty 12.33 km replaces 34.61 km
rev_3c4efe3570f2,seven_years_war_1756_08_01,TERRESTRIAL_HEX,h6000_q-000597_r+000916,promo_7c95358cf0a4,promo_b68466ea22a9,UNRESOLVED,CONTROLLED,,sp_fef06587fead,34.61,12.33,hsrc_c61726597ef3,,Portugal safe interior v3 from the 1751 Vaugondy sheets; positional uncertainty 12.33 km replaces 34.61 km
rev_a53d8fc55322,seven_years_war_1756_08_01,TERRESTRIAL_HEX,h6000_q-000597_r+000917,promo_7c95358cf0a4,promo_b68466ea22a9,UNRESOLVED,CONTROLLED,,sp_fef06587fead,34.61,12.33,hsrc_c61726597ef3,,Portugal safe interior v3 from the 1751 Vaugondy sheets; positional uncertainty 12.33 km replaces 34.61 km
rev_a6981476a8b6,seven_years_war_1756_08_01,TERRESTRIAL_HEX,h6000_q-000598_r+000917,promo_7c95358cf0a4,promo_b68466ea22a9,UNRESOLVED,CONTROLLED,,sp_fef06587fead,34.61,12.33,hsrc_c61726597ef3,,Portugal safe interior v3 from the 1751 Vaugondy sheets; positional uncertainty 12.33 km replaces 34.61 km
rev_f51b2b85ba99,seven_years_war_1756_08_01,TERRESTRIAL_HEX,h6000_q-000599_r+000917,promo_7c95358cf0a4,promo_b68466ea22a9,UNRESOLVED,CONTROLLED,,sp_fef06587fead,34.61,12.33,hsrc_c61726597ef3,,Portugal safe interior v3 from the 1751 Vaugondy sheets; positional uncertainty 12.33 km replaces 34.61 km
rev_c12d2df28c8b,seven_years_war_1756_08_01,TERRESTRIAL_HEX,h6000_q-000599_r+000918,promo_7c95358cf0a4,promo_b68466ea22a9,UNRESOLVED,CONTROLLED,,sp_fef06587fead,34.61,12.33,hsrc_c61726597ef3,,Portugal safe interior v3 from the 1751 Vaugondy sheets; positional uncertainty 12.33 km replaces 34.61 km
rev_2c9273bf42aa,seven_years_war_1756_08_01,TERRESTRIAL_HEX,h6000_q-000598_r+000918,promo_7c95358cf0a4,promo_b68466ea22a9,UNRESOLVED,CONTROLLED,,sp_fef06587fead,34.61,12.33,hsrc_c61726597ef3,,Portugal safe interior v3 from the 1751 Vaugondy sheets; positional uncertainty 12.33 km replaces 34.61 km
rev_3ba8fe08c55e,seven_years_war_1756_08_01,TERRESTRIAL_HEX,h6000_q-000600_r+000918,promo_7c95358cf0a4,promo_b68466ea22a9,UNRESOLVED,CONTROLLED,,sp_fef06587fead,34.61,12.33,hsrc_c61726597ef3,,Portugal safe interior v3 from the 1751 Vaugondy sheets; positional uncertainty 12.33 km replaces 34.61 km
rev_81b27ff53f1f,seven_years_war_1756_08_01,TERRESTRIAL_HEX,h6000_q-000598_r+000919,promo_7c95358cf0a4,promo_b68466ea22a9,UNRESOLVED,CONTROLLED,,sp_fef06587fead,34.61,12.33,hsrc_c61726597ef3,,Portugal safe interior v3 from the 1751 Vaugondy sheets; positional uncertainty 12.33 km replaces 34.61 km
rev_93097b8d70fe,seven_years_war_1756_08_01,TERRESTRIAL_HEX,h6000_q-000597_r+000919,promo_c1d69cca569e,promo_b68466ea22a9,UNRESOLVED,CONTROLLED,,sp_fef06587fead,34.61,12.33,hsrc_c61726597ef3,,Portugal safe interior v3 from the 1751 Vaugondy sheets; positional uncertainty 12.33 km replaces 34.61 km
rev_81306498447c,seven_years_war_1756_08_01,TERRESTRIAL_HEX,h6000_q-000598_r+000920,promo_7c95358cf0a4,promo_b68466ea22a9,UNRESOLVED,CONTROLLED,,sp_fef06587fead,34.61,12.33,hsrc_c61726597ef3,,Portugal safe interior v3 from the 1751 Vaugondy sheets; positional uncertainty 12.33 km replaces 34.61 km
rev_694d7a1b35f5,seven_years_war_1756_08_01,TERRESTRIAL_HEX,h6000_q-000599_r+000921,promo_7c95358cf0a4,promo_b68466ea22a9,UNRESOLVED,CONTROLLED,,sp_fef06587fead,34.61,12.33,hsrc_c61726597ef3,,Portugal safe interior v3 from the 1751 Vaugondy sheets; positional uncertainty 12.33 km replaces 34.61 km
rev_2c0eb31b6996,seven_years_war_1756_08_01,TERRESTRIAL_HEX,h6000_q-000598_r+000921,promo_7c95358cf0a4,promo_b68466ea22a9,UNRESOLVED,CONTROLLED,,sp_fef06587fead,34.61,12.33,hsrc_c61726597ef3,,Portugal safe interior v3 from the 1751 Vaugondy sheets; positional uncertainty 12.33 km replaces 34.61 km
rev_392c9d4ce521,seven_years_war_1756_08_01,TERRESTRIAL_HEX,h6000_q-000599_r+000922,promo_7c95358cf0a4,promo_b68466ea22a9,UNRESOLVED,CONTROLLED,,sp_fef06587fead,34.61,12.33,hsrc_c61726597ef3,,Portugal safe interior v3 from the 1751 Vaugondy sheets; positional uncertainty 12.33 km replaces 34.61 km
rev_b13f1368b0fd,seven_years_war_1756_08_01,TERRESTRIAL_HEX,h6000_q-000600_r+000919,promo_7c95358cf0a4,promo_b68466ea22a9,UNRESOLVED,CONTROLLED,,sp_fef06587fead,34.61,12.33,hsrc_c61726597ef3,,Portugal safe interior v3 from the 1751 Vaugondy sheets; positional uncertainty 12.33 km replaces 34.61 km
rev_44fdcc652b3e,seven_years_war_1756_08_01,TERRESTRIAL_HEX,h6000_q-000599_r+000919,promo_7c95358cf0a4,promo_b68466ea22a9,UNRESOLVED,CONTROLLED,,sp_fef06587fead,34.61,12.33,hsrc_c61726597ef3,,Portugal safe interior v3 from the 1751 Vaugondy sheets; positional uncertainty 12.33 km replaces 34.61 km
rev_17e66bca72c5,seven_years_war_1756_08_01,TERRESTRIAL_HEX,h6000_q-000599_r+000920,promo_7c95358cf0a4,promo_b68466ea22a9,UNRESOLVED,CONTROLLED,,sp_fef06587fead,34.61,12.33,hsrc_c61726597ef3,,Portugal safe interior v3 from the 1751 Vaugondy sheets; positional uncertainty 12.33 km replaces 34.61 km
rev_4ff831c22279,seven_years_war_1756_08_01,TERRESTRIAL_HEX,h6000_q-000600_r+000920,promo_7c95358cf0a4,promo_b68466ea22a9,UNRESOLVED,CONTROLLED,,sp_fef06587fead,34.61,12.33,hsrc_c61726597ef3,,Portugal safe interior v3 from the 1751 Vaugondy sheets; positional uncertainty 12.33 km replaces 34.61 km
rev_6410390fe0ba,seven_years_war_1756_08_01,TERRESTRIAL_HEX,h6000_q-000601_r+000920,promo_c1d69cca569e,promo_b68466ea22a9,UNRESOLVED,CONTROLLED,,sp_fef06587fead,34.61,12.33,hsrc_c61726597ef3,,Portugal safe interior v3 from the 1751 Vaugondy sheets; positional uncertainty 12.33 km replaces 34.61 km
rev_07136aad2ee8,seven_years_war_1756_08_01,TERRESTRIAL_HEX,h6000_q-000602_r+000921,promo_c1d69cca569e,promo_b68466ea22a9,UNRESOLVED,CONTROLLED,,sp_fef06587fead,34.61,12.33,hsrc_c61726597ef3,,Portugal safe interior v3 from the 1751 Vaugondy sheets; positional uncertainty 12.33 km replaces 34.61 km
rev_be7cd2621d5b,seven_years_war_1756_08_01,TERRESTRIAL_HEX,h6000_q-000601_r+000921,promo_7c95358cf0a4,promo_b68466ea22a9,UNRESOLVED,CONTROLLED,,sp_fef06587fead,34.61,12.33,hsrc_c61726597ef3,,Portugal safe interior v3 from the 1751 Vaugondy sheets; positional uncertainty 12.33 km replaces 34.61 km
rev_30cd01425ced,seven_years_war_1756_08_01,TERRESTRIAL_HEX,h6000_q-000600_r+000921,promo_7c95358cf0a4,promo_b68466ea22a9,UNRESOLVED,CONTROLLED,,sp_fef06587fead,34.61,12.33,hsrc_c61726597ef3,,Portugal safe interior v3 from the 1751 Vaugondy sheets; positional uncertainty 12.33 km replaces 34.61 km
rev_747ea96d32d3,seven_years_war_1756_08_01,TERRESTRIAL_HEX,h6000_q-000600_r+000922,promo_7c95358cf0a4,promo_b68466ea22a9,UNRESOLVED,CONTROLLED,,sp_fef06587fead,34.61,12.33,hsrc_c61726597ef3,,Portugal safe interior v3 from the 1751 Vaugondy sheets; positional uncertainty 12.33 km replaces 34.61 km
rev_1322e6326822,seven_years_war_1756_08_01,TERRESTRIAL_HEX,h6000_q-000601_r+000922,promo_7c95358cf0a4,promo_b68466ea22a9,UNRESOLVED,CONTROLLED,,sp_fef06587fead,34.61,12.33,hsrc_c61726597ef3,,Portugal safe interior v3 from the 1751 Vaugondy sheets; positional uncertainty 12.33 km replaces 34.61 km
rev_e7139acd2356,seven_years_war_1756_08_01,TERRESTRIAL_HEX,h6000_q-000602_r+000922,promo_c1d69cca569e,promo_b68466ea22a9,UNRESOLVED,CONTROLLED,,sp_fef06587fead,34.61,12.33,hsrc_c61726597ef3,,Portugal safe interior v3 from the 1751 Vaugondy sheets; positional uncertainty 12.33 km replaces 34.61 km
rev_8159e891cc1a,seven_years_war_1756_08_01,TERRESTRIAL_HEX,h6000_q-000601_r+000923,promo_c1d69cca569e,promo_b68466ea22a9,UNRESOLVED,CONTROLLED,,sp_fef06587fead,34.61,12.33,hsrc_c61726597ef3,,Portugal safe interior v3 from the 1751 Vaugondy sheets; positional uncertainty 12.33 km replaces 34.61 km
rev_71984bddd3a8,seven_years_war_1756_08_01,TERRESTRIAL_HEX,h6000_q-000600_r+000923,promo_c1d69cca569e,promo_b68466ea22a9,UNRESOLVED,CONTROLLED,,sp_fef06587fead,34.61,12.33,hsrc_c61726597ef3,,Portugal safe interior v3 from the 1751 Vaugondy sheets; positional uncertainty 12.33 km replaces 34.61 km
rev_f6c7a455d131,seven_years_war_1756_08_01,TERRESTRIAL_HEX,h6000_q-000602_r+000923,promo_c1d69cca569e,promo_b68466ea22a9,UNRESOLVED,CONTROLLED,,sp_fef06587fead,34.61,12.33,hsrc_c61726597ef3,,Portugal safe interior v3 from the 1751 Vaugondy sheets; positional uncertainty 12.33 km replaces 34.61 km
rev_8064c330627f,seven_years_war_1756_08_01,TERRESTRIAL_HEX,h6000_q-000601_r+000924,promo_c1d69cca569e,promo_b68466ea22a9,UNRESOLVED,CONTROLLED,,sp_fef06587fead,34.61,12.33,hsrc_c61726597ef3,,Portugal safe interior v3 from the 1751 Vaugondy sheets; positional uncertainty 12.33 km replaces 34.61 km
rev_254678a36ed7,seven_years_war_1756_08_01,TERRESTRIAL_HEX,h6000_q-000603_r+000924,promo_c1d69cca569e,promo_b68466ea22a9,UNRESOLVED,CONTROLLED,,sp_fef06587fead,34.61,12.33,hsrc_c61726597ef3,,Portugal safe interior v3 from the 1751 Vaugondy sheets; positional uncertainty 12.33 km replaces 34.61 km
rev_c60de3a802cf,seven_years_war_1756_08_01,TERRESTRIAL_HEX,h6000_q-000602_r+000924,promo_c1d69cca569e,promo_b68466ea22a9,UNRESOLVED,CONTROLLED,,sp_fef06587fead,34.61,12.33,hsrc_c61726597ef3,,Portugal safe interior v3 from the 1751 Vaugondy sheets; positional uncertainty 12.33 km replaces 34.61 km
rev_93e33ad7e8f1,seven_years_war_1756_08_01,TERRESTRIAL_HEX,h6000_q-000602_r+000925,promo_c1d69cca569e,promo_b68466ea22a9,UNRESOLVED,CONTROLLED,,sp_fef06587fead,34.61,12.33,hsrc_c61726597ef3,,Portugal safe interior v3 from the 1751 Vaugondy sheets; positional uncertainty 12.33 km replaces 34.61 km
rev_175a0f84a0ba,seven_years_war_1756_08_01,TERRESTRIAL_HEX,h6000_q-000601_r+000925,promo_c1d69cca569e,promo_b68466ea22a9,UNRESOLVED,CONTROLLED,,sp_fef06587fead,34.61,12.33,hsrc_c61726597ef3,,Portugal safe interior v3 from the 1751 Vaugondy sheets; positional uncertainty 12.33 km replaces 34.61 km
rev_f673b46d3638,seven_years_war_1756_08_01,TERRESTRIAL_HEX,h6000_q-000603_r+000925,promo_c1d69cca569e,promo_b68466ea22a9,UNRESOLVED,CONTROLLED,,sp_fef06587fead,34.61,12.33,hsrc_c61726597ef3,,Portugal safe interior v3 from the 1751 Vaugondy sheets; positional uncertainty 12.33 km replaces 34.61 km
rev_c670711eefd3,seven_years_war_1756_08_01,TERRESTRIAL_HEX,h6000_q-000599_r+000923,promo_c1d69cca569e,promo_b68466ea22a9,UNRESOLVED,CONTROLLED,,sp_fef06587fead,34.61,12.33,hsrc_c61726597ef3,,Portugal safe interior v3 from the 1751 Vaugondy sheets; positional uncertainty 12.33 km replaces 34.61 km
rev_a6f8c5b98f80,seven_years_war_1756_08_01,TERRESTRIAL_HEX,h6000_q-000600_r+000924,promo_c1d69cca569e,promo_b68466ea22a9,UNRESOLVED,CONTROLLED,,sp_fef06587fead,34.61,12.33,hsrc_c61726597ef3,,Portugal safe interior v3 from the 1751 Vaugondy sheets; positional uncertainty 12.33 km replaces 34.61 km
rev_6191df00e7eb,seven_years_war_1756_08_01,TERRESTRIAL_HEX,h6000_q-000600_r+000925,promo_c1d69cca569e,promo_b68466ea22a9,UNRESOLVED,CONTROLLED,,sp_fef06587fead,34.61,12.33,hsrc_c61726597ef3,,Portugal safe interior v3 from the 1751 Vaugondy sheets; positional uncertainty 12.33 km replaces 34.61 km
rev_f332c101261c,seven_years_war_1756_08_01,TERRESTRIAL_HEX,h6000_q-000622_r+000945,promo_7c95358cf0a4,promo_b68466ea22a9,UNRESOLVED,CONTROLLED,,sp_fef06587fead,34.61,12.33,hsrc_c61726597ef3,,Portugal safe interior v3 from the 1751 Vaugondy sheets; positional uncertainty 12.33 km replaces 34.61 km
rev_ab665898fa9c,seven_years_war_1756_08_01,TERRESTRIAL_HEX,h6000_q-000623_r+000946,promo_7c95358cf0a4,promo_b68466ea22a9,UNRESOLVED,CONTROLLED,,sp_fef06587fead,34.61,12.33,hsrc_c61726597ef3,,Portugal safe interior v3 from the 1751 Vaugondy sheets; positional uncertainty 12.33 km replaces 34.61 km
rev_2d2039e41686,seven_years_war_1756_08_01,TERRESTRIAL_HEX,h6000_q-000634_r+000945,promo_7c95358cf0a4,promo_b68466ea22a9,UNRESOLVED,CONTROLLED,,sp_fef06587fead,34.61,12.33,hsrc_c61726597ef3,,Portugal safe interior v3 from the 1751 Vaugondy sheets; positional uncertainty 12.33 km replaces 34.61 km
rev_85271d5db3bf,seven_years_war_1756_08_01,TERRESTRIAL_HEX,h6000_q-000633_r+000945,promo_7c95358cf0a4,promo_b68466ea22a9,UNRESOLVED,CONTROLLED,,sp_fef06587fead,34.61,12.33,hsrc_c61726597ef3,,Portugal safe interior v3 from the 1751 Vaugondy sheets; positional uncertainty 12.33 km replaces 34.61 km
rev_92e259da1a53,seven_years_war_1756_08_01,TERRESTRIAL_HEX,h6000_q-000634_r+000946,promo_7c95358cf0a4,promo_b68466ea22a9,UNRESOLVED,CONTROLLED,,sp_fef06587fead,34.61,12.33,hsrc_c61726597ef3,,Portugal safe interior v3 from the 1751 Vaugondy sheets; positional uncertainty 12.33 km replaces 34.61 km
rev_52e5fb38f7ca,seven_years_war_1756_08_01,TERRESTRIAL_HEX,h6000_q-000635_r+000947,promo_7c95358cf0a4,promo_b68466ea22a9,UNRESOLVED,CONTROLLED,,sp_fef06587fead,34.61,12.33,hsrc_c61726597ef3,,Portugal safe interior v3 from the 1751 Vaugondy sheets; positional uncertainty 12.33 km replaces 34.61 km
rev_375239cdf6d0,seven_years_war_1756_08_01,TERRESTRIAL_HEX,h6000_q-000634_r+000947,promo_7c95358cf0a4,promo_b68466ea22a9,UNRESOLVED,CONTROLLED,,sp_fef06587fead,34.61,12.33,hsrc_c61726597ef3,,Portugal safe interior v3 from the 1751 Vaugondy sheets; positional uncertainty 12.33 km replaces 34.61 km
rev_5d9c968c87fe,seven_years_war_1756_08_01,TERRESTRIAL_HEX,h6000_q-000634_r+000948,promo_7c95358cf0a4,promo_b68466ea22a9,UNRESOLVED,CONTROLLED,,sp_fef06587fead,34.61,12.33,hsrc_c61726597ef3,,Portugal safe interior v3 from the 1751 Vaugondy sheets; positional uncertainty 12.33 km replaces 34.61 km
rev_315c5fccf6d8,seven_years_war_1756_08_01,TERRESTRIAL_HEX,h6000_q-000635_r+000948,promo_7c95358cf0a4,promo_b68466ea22a9,UNRESOLVED,CONTROLLED,,sp_fef06587fead,34.61,12.33,hsrc_c61726597ef3,,Portugal safe interior v3 from the 1751 Vaugondy sheets; positional uncertainty 12.33 km replaces 34.61 km
rev_00789c57e972,seven_years_war_1756_08_01,TERRESTRIAL_HEX,h6000_q-000635_r+000949,promo_7c95358cf0a4,promo_b68466ea22a9,UNRESOLVED,CONTROLLED,,sp_fef06587fead,34.61,12.33,hsrc_c61726597ef3,,Portugal safe interior v3 from the 1751 Vaugondy sheets; positional uncertainty 12.33 km replaces 34.61 km
rev_13802374aa94,seven_years_war_1756_08_01,TERRESTRIAL_HEX,h6000_q-000634_r+000949,promo_7c95358cf0a4,promo_b68466ea22a9,UNRESOLVED,CONTROLLED,,sp_fef06587fead,34.61,12.33,hsrc_c61726597ef3,,Portugal safe interior v3 from the 1751 Vaugondy sheets; positional uncertainty 12.33 km replaces 34.61 km
rev_9d912e56c611,seven_years_war_1756_08_01,TERRESTRIAL_HEX,h6000_q-000628_r+000949,promo_7c95358cf0a4,promo_b68466ea22a9,UNRESOLVED,CONTROLLED,,sp_fef06587fead,34.61,12.33,hsrc_c61726597ef3,,Portugal safe interior v3 from the 1751 Vaugondy sheets; positional uncertainty 12.33 km replaces 34.61 km
rev_395c96768f94,seven_years_war_1756_08_01,TERRESTRIAL_HEX,h6000_q-000633_r+000950,promo_7c95358cf0a4,promo_b68466ea22a9,UNRESOLVED,CONTROLLED,,sp_fef06587fead,34.61,12.33,hsrc_c61726597ef3,,Portugal safe interior v3 from the 1751 Vaugondy sheets; positional uncertainty 12.33 km replaces 34.61 km
rev_76a97f5b4a11,seven_years_war_1756_08_01,TERRESTRIAL_HEX,h6000_q-000634_r+000950,promo_7c95358cf0a4,promo_b68466ea22a9,UNRESOLVED,CONTROLLED,,sp_fef06587fead,34.61,12.33,hsrc_c61726597ef3,,Portugal safe interior v3 from the 1751 Vaugondy sheets; positional uncertainty 12.33 km replaces 34.61 km
rev_1d716184d808,seven_years_war_1756_08_01,TERRESTRIAL_HEX,h6000_q-000632_r+000951,promo_7c95358cf0a4,promo_b68466ea22a9,UNRESOLVED,CONTROLLED,,sp_fef06587fead,34.61,12.33,hsrc_c61726597ef3,,Portugal safe interior v3 from the 1751 Vaugondy sheets; positional uncertainty 12.33 km replaces 34.61 km
rev_eb0b7eb80513,seven_years_war_1756_08_01,TERRESTRIAL_HEX,h6000_q-000634_r+000951,promo_7c95358cf0a4,promo_b68466ea22a9,UNRESOLVED,CONTROLLED,,sp_fef06587fead,34.61,12.33,hsrc_c61726597ef3,,Portugal safe interior v3 from the 1751 Vaugondy sheets; positional uncertainty 12.33 km replaces 34.61 km
rev_cd566342d6a8,seven_years_war_1756_08_01,TERRESTRIAL_HEX,h6000_q-000633_r+000951,promo_7c95358cf0a4,promo_b68466ea22a9,UNRESOLVED,CONTROLLED,,sp_fef06587fead,34.61,12.33,hsrc_c61726597ef3,,Portugal safe interior v3 from the 1751 Vaugondy sheets; positional uncertainty 12.33 km replaces 34.61 km
rev_5b8653722e7b,seven_years_war_1756_08_01,TERRESTRIAL_HEX,h6000_q-000635_r+000952,promo_7c95358cf0a4,promo_b68466ea22a9,UNRESOLVED,CONTROLLED,,sp_fef06587fead,34.61,12.33,hsrc_c61726597ef3,,Portugal safe interior v3 from the 1751 Vaugondy sheets; positional uncertainty 12.33 km replaces 34.61 km
rev_df76e0ef7cfb,seven_years_war_1756_08_01,TERRESTRIAL_HEX,h6000_q-000634_r+000952,promo_7c95358cf0a4,promo_b68466ea22a9,UNRESOLVED,CONTROLLED,,sp_fef06587fead,34.61,12.33,hsrc_c61726597ef3,,Portugal safe interior v3 from the 1751 Vaugondy sheets; positional uncertainty 12.33 km replaces 34.61 km
rev_6f43cb5a2080,seven_years_war_1756_08_01,TERRESTRIAL_HEX,h6000_q-000633_r+000952,promo_7c95358cf0a4,promo_b68466ea22a9,UNRESOLVED,CONTROLLED,,sp_fef06587fead,34.61,12.33,hsrc_c61726597ef3,,Portugal safe interior v3 from the 1751 Vaugondy sheets; positional uncertainty 12.33 km replaces 34.61 km
rev_0dd38bae270d,seven_years_war_1756_08_01,TERRESTRIAL_HEX,h6000_q-000634_r+000953,promo_7c95358cf0a4,promo_b68466ea22a9,UNRESOLVED,CONTROLLED,,sp_fef06587fead,34.61,12.33,hsrc_c61726597ef3,,Portugal safe interior v3 from the 1751 Vaugondy sheets; positional uncertainty 12.33 km replaces 34.61 km
rev_0d5555e26a17,seven_years_war_1756_08_01,TERRESTRIAL_HEX,h6000_q-000625_r+000945,promo_7c95358cf0a4,promo_b68466ea22a9,UNRESOLVED,CONTROLLED,,sp_fef06587fead,34.61,12.33,hsrc_c61726597ef3,,Portugal safe interior v3 from the 1751 Vaugondy sheets; positional uncertainty 12.33 km replaces 34.61 km
rev_1584ce9367d8,seven_years_war_1756_08_01,TERRESTRIAL_HEX,h6000_q-000623_r+000945,promo_7c95358cf0a4,promo_b68466ea22a9,UNRESOLVED,CONTROLLED,,sp_fef06587fead,34.61,12.33,hsrc_c61726597ef3,,Portugal safe interior v3 from the 1751 Vaugondy sheets; positional uncertainty 12.33 km replaces 34.61 km
rev_7082caa2ac26,seven_years_war_1756_08_01,TERRESTRIAL_HEX,h6000_q-000624_r+000945,promo_7c95358cf0a4,promo_b68466ea22a9,UNRESOLVED,CONTROLLED,,sp_fef06587fead,34.61,12.33,hsrc_c61726597ef3,,Portugal safe interior v3 from the 1751 Vaugondy sheets; positional uncertainty 12.33 km replaces 34.61 km
rev_62d71d8a6edb,seven_years_war_1756_08_01,TERRESTRIAL_HEX,h6000_q-000624_r+000946,promo_7c95358cf0a4,promo_b68466ea22a9,UNRESOLVED,CONTROLLED,,sp_fef06587fead,34.61,12.33,hsrc_c61726597ef3,,Portugal safe interior v3 from the 1751 Vaugondy sheets; positional uncertainty 12.33 km replaces 34.61 km
rev_1bb0a9b2eca8,seven_years_war_1756_08_01,TERRESTRIAL_HEX,h6000_q-000625_r+000946,promo_7c95358cf0a4,promo_b68466ea22a9,UNRESOLVED,CONTROLLED,,sp_fef06587fead,34.61,12.33,hsrc_c61726597ef3,,Portugal safe interior v3 from the 1751 Vaugondy sheets; positional uncertainty 12.33 km replaces 34.61 km
rev_42c4aaec8b09,seven_years_war_1756_08_01,TERRESTRIAL_HEX,h6000_q-000623_r+000947,promo_7c95358cf0a4,promo_b68466ea22a9,UNRESOLVED,CONTROLLED,,sp_fef06587fead,34.61,12.33,hsrc_c61726597ef3,,Portugal safe interior v3 from the 1751 Vaugondy sheets; positional uncertainty 12.33 km replaces 34.61 km
rev_ddd3984b091c,seven_years_war_1756_08_01,TERRESTRIAL_HEX,h6000_q-000623_r+000948,promo_7c95358cf0a4,promo_b68466ea22a9,UNRESOLVED,CONTROLLED,,sp_fef06587fead,34.61,12.33,hsrc_c61726597ef3,,Portugal safe interior v3 from the 1751 Vaugondy sheets; positional uncertainty 12.33 km replaces 34.61 km
rev_6c9a63b94360,seven_years_war_1756_08_01,TERRESTRIAL_HEX,h6000_q-000624_r+000948,promo_7c95358cf0a4,promo_b68466ea22a9,UNRESOLVED,CONTROLLED,,sp_fef06587fead,34.61,12.33,hsrc_c61726597ef3,,Portugal safe interior v3 from the 1751 Vaugondy sheets; positional uncertainty 12.33 km replaces 34.61 km
rev_1a7ad94ea0c6,seven_years_war_1756_08_01,TERRESTRIAL_HEX,h6000_q-000624_r+000949,promo_7c95358cf0a4,promo_b68466ea22a9,UNRESOLVED,CONTROLLED,,sp_fef06587fead,34.61,12.33,hsrc_c61726597ef3,,Portugal safe interior v3 from the 1751 Vaugondy sheets; positional uncertainty 12.33 km replaces 34.61 km
rev_4481b94346ef,seven_years_war_1756_08_01,TERRESTRIAL_HEX,h6000_q-000623_r+000949,promo_7c95358cf0a4,promo_b68466ea22a9,UNRESOLVED,CONTROLLED,,sp_fef06587fead,34.61,12.33,hsrc_c61726597ef3,,Portugal safe interior v3 from the 1751 Vaugondy sheets; positional uncertainty 12.33 km replaces 34.61 km
rev_571c67c38289,seven_years_war_1756_08_01,TERRESTRIAL_HEX,h6000_q-000626_r+000946,promo_7c95358cf0a4,promo_b68466ea22a9,UNRESOLVED,CONTROLLED,,sp_fef06587fead,34.61,12.33,hsrc_c61726597ef3,,Portugal safe interior v3 from the 1751 Vaugondy sheets; positional uncertainty 12.33 km replaces 34.61 km
rev_0352620ac71b,seven_years_war_1756_08_01,TERRESTRIAL_HEX,h6000_q-000624_r+000947,promo_7c95358cf0a4,promo_b68466ea22a9,UNRESOLVED,CONTROLLED,,sp_fef06587fead,34.61,12.33,hsrc_c61726597ef3,,Portugal safe interior v3 from the 1751 Vaugondy sheets; positional uncertainty 12.33 km replaces 34.61 km
rev_f178380d19a2,seven_years_war_1756_08_01,TERRESTRIAL_HEX,h6000_q-000626_r+000947,promo_7c95358cf0a4,promo_b68466ea22a9,UNRESOLVED,CONTROLLED,,sp_fef06587fead,34.61,12.33,hsrc_c61726597ef3,,Portugal safe interior v3 from the 1751 Vaugondy sheets; positional uncertainty 12.33 km replaces 34.61 km
rev_4d506673f7ea,seven_years_war_1756_08_01,TERRESTRIAL_HEX,h6000_q-000625_r+000947,promo_7c95358cf0a4,promo_b68466ea22a9,UNRESOLVED,CONTROLLED,,sp_fef06587fead,34.61,12.33,hsrc_c61726597ef3,,Portugal safe interior v3 from the 1751 Vaugondy sheets; positional uncertainty 12.33 km replaces 34.61 km
rev_5b19eafd5fa0,seven_years_war_1756_08_01,TERRESTRIAL_HEX,h6000_q-000626_r+000948,promo_7c95358cf0a4,promo_b68466ea22a9,UNRESOLVED,CONTROLLED,,sp_fef06587fead,34.61,12.33,hsrc_c61726597ef3,,Portugal safe interior v3 from the 1751 Vaugondy sheets; positional uncertainty 12.33 km replaces 34.61 km
rev_cb7c09ef4910,seven_years_war_1756_08_01,TERRESTRIAL_HEX,h6000_q-000627_r+000948,promo_7c95358cf0a4,promo_b68466ea22a9,UNRESOLVED,CONTROLLED,,sp_fef06587fead,34.61,12.33,hsrc_c61726597ef3,,Portugal safe interior v3 from the 1751 Vaugondy sheets; positional uncertainty 12.33 km replaces 34.61 km
rev_735c4fc197f1,seven_years_war_1756_08_01,TERRESTRIAL_HEX,h6000_q-000625_r+000948,promo_7c95358cf0a4,promo_b68466ea22a9,UNRESOLVED,CONTROLLED,,sp_fef06587fead,34.61,12.33,hsrc_c61726597ef3,,Portugal safe interior v3 from the 1751 Vaugondy sheets; positional uncertainty 12.33 km replaces 34.61 km
rev_1bc55fb85e55,seven_years_war_1756_08_01,TERRESTRIAL_HEX,h6000_q-000626_r+000949,promo_7c95358cf0a4,promo_b68466ea22a9,UNRESOLVED,CONTROLLED,,sp_fef06587fead,34.61,12.33,hsrc_c61726597ef3,,Portugal safe interior v3 from the 1751 Vaugondy sheets; positional uncertainty 12.33 km replaces 34.61 km
rev_041202cc7941,seven_years_war_1756_08_01,TERRESTRIAL_HEX,h6000_q-000625_r+000949,promo_7c95358cf0a4,promo_b68466ea22a9,UNRESOLVED,CONTROLLED,,sp_fef06587fead,34.61,12.33,hsrc_c61726597ef3,,Portugal safe interior v3 from the 1751 Vaugondy sheets; positional uncertainty 12.33 km replaces 34.61 km
rev_7ead2d7e141e,seven_years_war_1756_08_01,TERRESTRIAL_HEX,h6000_q-000627_r+000949,promo_7c95358cf0a4,promo_b68466ea22a9,UNRESOLVED,CONTROLLED,,sp_fef06587fead,34.61,12.33,hsrc_c61726597ef3,,Portugal safe interior v3 from the 1751 Vaugondy sheets; positional uncertainty 12.33 km replaces 34.61 km
rev_dfa63be91c53,seven_years_war_1756_08_01,TERRESTRIAL_HEX,h6000_q-000622_r+000949,promo_7c95358cf0a4,promo_b68466ea22a9,UNRESOLVED,CONTROLLED,,sp_fef06587fead,34.61,12.33,hsrc_c61726597ef3,,Portugal safe interior v3 from the 1751 Vaugondy sheets; positional uncertainty 12.33 km replaces 34.61 km
rev_d9ee6a76d226,seven_years_war_1756_08_01,TERRESTRIAL_HEX,h6000_q-000622_r+000950,promo_7c95358cf0a4,promo_b68466ea22a9,UNRESOLVED,CONTROLLED,,sp_fef06587fead,34.61,12.33,hsrc_c61726597ef3,,Portugal safe interior v3 from the 1751 Vaugondy sheets; positional uncertainty 12.33 km replaces 34.61 km
rev_d37d4de0bd5c,seven_years_war_1756_08_01,TERRESTRIAL_HEX,h6000_q-000621_r+000950,promo_7c95358cf0a4,promo_b68466ea22a9,UNRESOLVED,CONTROLLED,,sp_fef06587fead,34.61,12.33,hsrc_c61726597ef3,,Portugal safe interior v3 from the 1751 Vaugondy sheets; positional uncertainty 12.33 km replaces 34.61 km
rev_cb7635aa0841,seven_years_war_1756_08_01,TERRESTRIAL_HEX,h6000_q-000620_r+000950,promo_7c95358cf0a4,promo_b68466ea22a9,UNRESOLVED,CONTROLLED,,sp_fef06587fead,34.61,12.33,hsrc_c61726597ef3,,Portugal safe interior v3 from the 1751 Vaugondy sheets; positional uncertainty 12.33 km replaces 34.61 km
rev_f9a5e3d3948f,seven_years_war_1756_08_01,TERRESTRIAL_HEX,h6000_q-000621_r+000951,promo_7c95358cf0a4,promo_b68466ea22a9,UNRESOLVED,CONTROLLED,,sp_fef06587fead,34.61,12.33,hsrc_c61726597ef3,,Portugal safe interior v3 from the 1751 Vaugondy sheets; positional uncertainty 12.33 km replaces 34.61 km
rev_60e3c48272bd,seven_years_war_1756_08_01,TERRESTRIAL_HEX,h6000_q-000625_r+000950,promo_7c95358cf0a4,promo_b68466ea22a9,UNRESOLVED,CONTROLLED,,sp_fef06587fead,34.61,12.33,hsrc_c61726597ef3,,Portugal safe interior v3 from the 1751 Vaugondy sheets; positional uncertainty 12.33 km replaces 34.61 km
rev_5dc4636d38fc,seven_years_war_1756_08_01,TERRESTRIAL_HEX,h6000_q-000624_r+000950,promo_7c95358cf0a4,promo_b68466ea22a9,UNRESOLVED,CONTROLLED,,sp_fef06587fead,34.61,12.33,hsrc_c61726597ef3,,Portugal safe interior v3 from the 1751 Vaugondy sheets; positional uncertainty 12.33 km replaces 34.61 km
rev_7543d8d3b31a,seven_years_war_1756_08_01,TERRESTRIAL_HEX,h6000_q-000623_r+000950,promo_7c95358cf0a4,promo_b68466ea22a9,UNRESOLVED,CONTROLLED,,sp_fef06587fead,34.61,12.33,hsrc_c61726597ef3,,Portugal safe interior v3 from the 1751 Vaugondy sheets; positional uncertainty 12.33 km replaces 34.61 km
rev_9b428b9ddf44,seven_years_war_1756_08_01,TERRESTRIAL_HEX,h6000_q-000623_r+000951,promo_7c95358cf0a4,promo_b68466ea22a9,UNRESOLVED,CONTROLLED,,sp_fef06587fead,34.61,12.33,hsrc_c61726597ef3,,Portugal safe interior v3 from the 1751 Vaugondy sheets; positional uncertainty 12.33 km replaces 34.61 km
rev_985fcb0aba78,seven_years_war_1756_08_01,TERRESTRIAL_HEX,h6000_q-000625_r+000951,promo_7c95358cf0a4,promo_b68466ea22a9,UNRESOLVED,CONTROLLED,,sp_fef06587fead,34.61,12.33,hsrc_c61726597ef3,,Portugal safe interior v3 from the 1751 Vaugondy sheets; positional uncertainty 12.33 km replaces 34.61 km
rev_97a64d29536a,seven_years_war_1756_08_01,TERRESTRIAL_HEX,h6000_q-000624_r+000951,promo_7c95358cf0a4,promo_b68466ea22a9,UNRESOLVED,CONTROLLED,,sp_fef06587fead,34.61,12.33,hsrc_c61726597ef3,,Portugal safe interior v3 from the 1751 Vaugondy sheets; positional uncertainty 12.33 km replaces 34.61 km
rev_40bf81bc1fda,seven_years_war_1756_08_01,TERRESTRIAL_HEX,h6000_q-000624_r+000952,promo_7c95358cf0a4,promo_b68466ea22a9,UNRESOLVED,CONTROLLED,,sp_fef06587fead,34.61,12.33,hsrc_c61726597ef3,,Portugal safe interior v3 from the 1751 Vaugondy sheets; positional uncertainty 12.33 km replaces 34.61 km
rev_2fbdcd397cd1,seven_years_war_1756_08_01,TERRESTRIAL_HEX,h6000_q-000626_r+000952,promo_7c95358cf0a4,promo_b68466ea22a9,UNRESOLVED,CONTROLLED,,sp_fef06587fead,34.61,12.33,hsrc_c61726597ef3,,Portugal safe interior v3 from the 1751 Vaugondy sheets; positional uncertainty 12.33 km replaces 34.61 km
rev_115e94e342db,seven_years_war_1756_08_01,TERRESTRIAL_HEX,h6000_q-000625_r+000952,promo_7c95358cf0a4,promo_b68466ea22a9,UNRESOLVED,CONTROLLED,,sp_fef06587fead,34.61,12.33,hsrc_c61726597ef3,,Portugal safe interior v3 from the 1751 Vaugondy sheets; positional uncertainty 12.33 km replaces 34.61 km
rev_69bd87a0b5de,seven_years_war_1756_08_01,TERRESTRIAL_HEX,h6000_q-000625_r+000953,promo_7c95358cf0a4,promo_b68466ea22a9,UNRESOLVED,CONTROLLED,,sp_fef06587fead,34.61,12.33,hsrc_c61726597ef3,,Portugal safe interior v3 from the 1751 Vaugondy sheets; positional uncertainty 12.33 km replaces 34.61 km
rev_f559d0cb2941,seven_years_war_1756_08_01,TERRESTRIAL_HEX,h6000_q-000627_r+000950,promo_7c95358cf0a4,promo_b68466ea22a9,UNRESOLVED,CONTROLLED,,sp_fef06587fead,34.61,12.33,hsrc_c61726597ef3,,Portugal safe interior v3 from the 1751 Vaugondy sheets; positional uncertainty 12.33 km replaces 34.61 km
rev_9602d722d2d0,seven_years_war_1756_08_01,TERRESTRIAL_HEX,h6000_q-000628_r+000950,promo_7c95358cf0a4,promo_b68466ea22a9,UNRESOLVED,CONTROLLED,,sp_fef06587fead,34.61,12.33,hsrc_c61726597ef3,,Portugal safe interior v3 from the 1751 Vaugondy sheets; positional uncertainty 12.33 km replaces 34.61 km
rev_9b3fdff78491,seven_years_war_1756_08_01,TERRESTRIAL_HEX,h6000_q-000626_r+000950,promo_7c95358cf0a4,promo_b68466ea22a9,UNRESOLVED,CONTROLLED,,sp_fef06587fead,34.61,12.33,hsrc_c61726597ef3,,Portugal safe interior v3 from the 1751 Vaugondy sheets; positional uncertainty 12.33 km replaces 34.61 km
rev_992fa2b13823,seven_years_war_1756_08_01,TERRESTRIAL_HEX,h6000_q-000626_r+000951,promo_7c95358cf0a4,promo_b68466ea22a9,UNRESOLVED,CONTROLLED,,sp_fef06587fead,34.61,12.33,hsrc_c61726597ef3,,Portugal safe interior v3 from the 1751 Vaugondy sheets; positional uncertainty 12.33 km replaces 34.61 km
rev_2694a1d85f36,seven_years_war_1756_08_01,TERRESTRIAL_HEX,h6000_q-000628_r+000951,promo_7c95358cf0a4,promo_b68466ea22a9,UNRESOLVED,CONTROLLED,,sp_fef06587fead,34.61,12.33,hsrc_c61726597ef3,,Portugal safe interior v3 from the 1751 Vaugondy sheets; positional uncertainty 12.33 km replaces 34.61 km
rev_827a30bd758b,seven_years_war_1756_08_01,TERRESTRIAL_HEX,h6000_q-000627_r+000951,promo_7c95358cf0a4,promo_b68466ea22a9,UNRESOLVED,CONTROLLED,,sp_fef06587fead,34.61,12.33,hsrc_c61726597ef3,,Portugal safe interior v3 from the 1751 Vaugondy sheets; positional uncertainty 12.33 km replaces 34.61 km
rev_2067defa013e,seven_years_war_1756_08_01,TERRESTRIAL_HEX,h6000_q-000627_r+000952,promo_7c95358cf0a4,promo_b68466ea22a9,UNRESOLVED,CONTROLLED,,sp_fef06587fead,34.61,12.33,hsrc_c61726597ef3,,Portugal safe interior v3 from the 1751 Vaugondy sheets; positional uncertainty 12.33 km replaces 34.61 km
rev_0596233d711f,seven_years_war_1756_08_01,TERRESTRIAL_HEX,h6000_q-000629_r+000952,promo_7c95358cf0a4,promo_b68466ea22a9,UNRESOLVED,CONTROLLED,,sp_fef06587fead,34.61,12.33,hsrc_c61726597ef3,,Portugal safe interior v3 from the 1751 Vaugondy sheets; positional uncertainty 12.33 km replaces 34.61 km
rev_057f8537980c,seven_years_war_1756_08_01,TERRESTRIAL_HEX,h6000_q-000628_r+000952,promo_7c95358cf0a4,promo_b68466ea22a9,UNRESOLVED,CONTROLLED,,sp_fef06587fead,34.61,12.33,hsrc_c61726597ef3,,Portugal safe interior v3 from the 1751 Vaugondy sheets; positional uncertainty 12.33 km replaces 34.61 km
rev_4d71a22cb8a1,seven_years_war_1756_08_01,TERRESTRIAL_HEX,h6000_q-000627_r+000953,promo_7c95358cf0a4,promo_b68466ea22a9,UNRESOLVED,CONTROLLED,,sp_fef06587fead,34.61,12.33,hsrc_c61726597ef3,,Portugal safe interior v3 from the 1751 Vaugondy sheets; positional uncertainty 12.33 km replaces 34.61 km
rev_3e07a9b69038,seven_years_war_1756_08_01,TERRESTRIAL_HEX,h6000_q-000622_r+000951,promo_7c95358cf0a4,promo_b68466ea22a9,UNRESOLVED,CONTROLLED,,sp_fef06587fead,34.61,12.33,hsrc_c61726597ef3,,Portugal safe interior v3 from the 1751 Vaugondy sheets; positional uncertainty 12.33 km replaces 34.61 km
rev_739ea297c25c,seven_years_war_1756_08_01,TERRESTRIAL_HEX,h6000_q-000622_r+000952,promo_7c95358cf0a4,promo_b68466ea22a9,UNRESOLVED,CONTROLLED,,sp_fef06587fead,34.61,12.33,hsrc_c61726597ef3,,Portugal safe interior v3 from the 1751 Vaugondy sheets; positional uncertainty 12.33 km replaces 34.61 km
rev_4d38e734676b,seven_years_war_1756_08_01,TERRESTRIAL_HEX,h6000_q-000623_r+000952,promo_7c95358cf0a4,promo_b68466ea22a9,UNRESOLVED,CONTROLLED,,sp_fef06587fead,34.61,12.33,hsrc_c61726597ef3,,Portugal safe interior v3 from the 1751 Vaugondy sheets; positional uncertainty 12.33 km replaces 34.61 km
rev_a48689e66b03,seven_years_war_1756_08_01,TERRESTRIAL_HEX,h6000_q-000621_r+000952,promo_7c95358cf0a4,promo_b68466ea22a9,UNRESOLVED,CONTROLLED,,sp_fef06587fead,34.61,12.33,hsrc_c61726597ef3,,Portugal safe interior v3 from the 1751 Vaugondy sheets; positional uncertainty 12.33 km replaces 34.61 km
rev_b31d175a9d9c,seven_years_war_1756_08_01,TERRESTRIAL_HEX,h6000_q-000621_r+000953,promo_7c95358cf0a4,promo_b68466ea22a9,UNRESOLVED,CONTROLLED,,sp_fef06587fead,34.61,12.33,hsrc_c61726597ef3,,Portugal safe interior v3 from the 1751 Vaugondy sheets; positional uncertainty 12.33 km replaces 34.61 km
rev_7a584346847c,seven_years_war_1756_08_01,TERRESTRIAL_HEX,h6000_q-000622_r+000953,promo_7c95358cf0a4,promo_b68466ea22a9,UNRESOLVED,CONTROLLED,,sp_fef06587fead,34.61,12.33,hsrc_c61726597ef3,,Portugal safe interior v3 from the 1751 Vaugondy sheets; positional uncertainty 12.33 km replaces 34.61 km
rev_1968d3248158,seven_years_war_1756_08_01,TERRESTRIAL_HEX,h6000_q-000623_r+000953,promo_7c95358cf0a4,promo_b68466ea22a9,UNRESOLVED,CONTROLLED,,sp_fef06587fead,34.61,12.33,hsrc_c61726597ef3,,Portugal safe interior v3 from the 1751 Vaugondy sheets; positional uncertainty 12.33 km replaces 34.61 km
rev_09081250cb4f,seven_years_war_1756_08_01,TERRESTRIAL_HEX,h6000_q-000622_r+000954,promo_7c95358cf0a4,promo_b68466ea22a9,UNRESOLVED,CONTROLLED,,sp_fef06587fead,34.61,12.33,hsrc_c61726597ef3,,Portugal safe interior v3 from the 1751 Vaugondy sheets; positional uncertainty 12.33 km replaces 34.61 km
rev_c98738dffb72,seven_years_war_1756_08_01,TERRESTRIAL_HEX,h6000_q-000624_r+000954,promo_7c95358cf0a4,promo_b68466ea22a9,UNRESOLVED,CONTROLLED,,sp_fef06587fead,34.61,12.33,hsrc_c61726597ef3,,Portugal safe interior v3 from the 1751 Vaugondy sheets; positional uncertainty 12.33 km replaces 34.61 km
rev_28c82274cbee,seven_years_war_1756_08_01,TERRESTRIAL_HEX,h6000_q-000628_r+000953,promo_7c95358cf0a4,promo_b68466ea22a9,UNRESOLVED,CONTROLLED,,sp_fef06587fead,34.61,12.33,hsrc_c61726597ef3,,Portugal safe interior v3 from the 1751 Vaugondy sheets; positional uncertainty 12.33 km replaces 34.61 km
rev_8f8b8f0a7460,seven_years_war_1756_08_01,TERRESTRIAL_HEX,h6000_q-000629_r+000953,promo_7c95358cf0a4,promo_b68466ea22a9,UNRESOLVED,CONTROLLED,,sp_fef06587fead,34.61,12.33,hsrc_c61726597ef3,,Portugal safe interior v3 from the 1751 Vaugondy sheets; positional uncertainty 12.33 km replaces 34.61 km
rev_4a1c2d6ba530,seven_years_war_1756_08_01,TERRESTRIAL_HEX,h6000_q-000628_r+000954,promo_7c95358cf0a4,promo_b68466ea22a9,UNRESOLVED,CONTROLLED,,sp_fef06587fead,34.61,12.33,hsrc_c61726597ef3,,Portugal safe interior v3 from the 1751 Vaugondy sheets; positional uncertainty 12.33 km replaces 34.61 km
rev_df088dd9c619,seven_years_war_1756_08_01,TERRESTRIAL_HEX,h6000_q-000629_r+000954,promo_7c95358cf0a4,promo_b68466ea22a9,UNRESOLVED,CONTROLLED,,sp_fef06587fead,34.61,12.33,hsrc_c61726597ef3,,Portugal safe interior v3 from the 1751 Vaugondy sheets; positional uncertainty 12.33 km replaces 34.61 km
rev_07519e6fe0d7,seven_years_war_1756_08_01,TERRESTRIAL_HEX,h6000_q-000630_r+000954,promo_7c95358cf0a4,promo_b68466ea22a9,UNRESOLVED,CONTROLLED,,sp_fef06587fead,34.61,12.33,hsrc_c61726597ef3,,Portugal safe interior v3 from the 1751 Vaugondy sheets; positional uncertainty 12.33 km replaces 34.61 km
rev_d6aee51dba8f,seven_years_war_1756_08_01,TERRESTRIAL_HEX,h6000_q-000628_r+000955,promo_7c95358cf0a4,promo_b68466ea22a9,UNRESOLVED,CONTROLLED,,sp_fef06587fead,34.61,12.33,hsrc_c61726597ef3,,Portugal safe interior v3 from the 1751 Vaugondy sheets; positional uncertainty 12.33 km replaces 34.61 km
rev_ad212d66a3f6,seven_years_war_1756_08_01,TERRESTRIAL_HEX,h6000_q-000629_r+000955,promo_7c95358cf0a4,promo_b68466ea22a9,UNRESOLVED,CONTROLLED,,sp_fef06587fead,34.61,12.33,hsrc_c61726597ef3,,Portugal safe interior v3 from the 1751 Vaugondy sheets; positional uncertainty 12.33 km replaces 34.61 km
rev_eddb94932b65,seven_years_war_1756_08_01,TERRESTRIAL_HEX,h6000_q-000630_r+000955,promo_7c95358cf0a4,promo_b68466ea22a9,UNRESOLVED,CONTROLLED,,sp_fef06587fead,34.61,12.33,hsrc_c61726597ef3,,Portugal safe interior v3 from the 1751 Vaugondy sheets; positional uncertainty 12.33 km replaces 34.61 km
rev_e6571e6df4c2,seven_years_war_1756_08_01,TERRESTRIAL_HEX,h6000_q-000631_r+000956,promo_7c95358cf0a4,promo_b68466ea22a9,UNRESOLVED,CONTROLLED,,sp_fef06587fead,34.61,12.33,hsrc_c61726597ef3,,Portugal safe interior v3 from the 1751 Vaugondy sheets; positional uncertainty 12.33 km replaces 34.61 km
rev_ec091446d106,seven_years_war_1756_08_01,TERRESTRIAL_HEX,h6000_q-000629_r+000956,promo_7c95358cf0a4,promo_b68466ea22a9,UNRESOLVED,CONTROLLED,,sp_fef06587fead,34.61,12.33,hsrc_c61726597ef3,,Portugal safe interior v3 from the 1751 Vaugondy sheets; positional uncertainty 12.33 km replaces 34.61 km
rev_6fafd3852d57,seven_years_war_1756_08_01,TERRESTRIAL_HEX,h6000_q-000605_r+000945,promo_7c95358cf0a4,promo_b68466ea22a9,UNRESOLVED,CONTROLLED,,sp_fef06587fead,34.61,12.33,hsrc_c61726597ef3,,Portugal safe interior v3 from the 1751 Vaugondy sheets; positional uncertainty 12.33 km replaces 34.61 km
rev_6f5752139ebd,seven_years_war_1756_08_01,TERRESTRIAL_HEX,h6000_q-000608_r+000946,promo_7c95358cf0a4,promo_b68466ea22a9,UNRESOLVED,CONTROLLED,,sp_fef06587fead,34.61,12.33,hsrc_c61726597ef3,,Portugal safe interior v3 from the 1751 Vaugondy sheets; positional uncertainty 12.33 km replaces 34.61 km
rev_4ab6f8a5a64b,seven_years_war_1756_08_01,TERRESTRIAL_HEX,h6000_q-000606_r+000946,promo_7c95358cf0a4,promo_b68466ea22a9,UNRESOLVED,CONTROLLED,,sp_fef06587fead,34.61,12.33,hsrc_c61726597ef3,,Portugal safe interior v3 from the 1751 Vaugondy sheets; positional uncertainty 12.33 km replaces 34.61 km
rev_07ecfa92d28e,seven_years_war_1756_08_01,TERRESTRIAL_HEX,h6000_q-000607_r+000946,promo_7c95358cf0a4,promo_b68466ea22a9,UNRESOLVED,CONTROLLED,,sp_fef06587fead,34.61,12.33,hsrc_c61726597ef3,,Portugal safe interior v3 from the 1751 Vaugondy sheets; positional uncertainty 12.33 km replaces 34.61 km
rev_b4557e378577,seven_years_war_1756_08_01,TERRESTRIAL_HEX,h6000_q-000606_r+000947,promo_7c95358cf0a4,promo_b68466ea22a9,UNRESOLVED,CONTROLLED,,sp_fef06587fead,34.61,12.33,hsrc_c61726597ef3,,Portugal safe interior v3 from the 1751 Vaugondy sheets; positional uncertainty 12.33 km replaces 34.61 km
rev_4fe59bac3c78,seven_years_war_1756_08_01,TERRESTRIAL_HEX,h6000_q-000607_r+000948,promo_7c95358cf0a4,promo_b68466ea22a9,UNRESOLVED,CONTROLLED,,sp_fef06587fead,34.61,12.33,hsrc_c61726597ef3,,Portugal safe interior v3 from the 1751 Vaugondy sheets; positional uncertainty 12.33 km replaces 34.61 km
rev_dd9ff2b0d342,seven_years_war_1756_08_01,TERRESTRIAL_HEX,h6000_q-000608_r+000948,promo_7c95358cf0a4,promo_b68466ea22a9,UNRESOLVED,CONTROLLED,,sp_fef06587fead,34.61,12.33,hsrc_c61726597ef3,,Portugal safe interior v3 from the 1751 Vaugondy sheets; positional uncertainty 12.33 km replaces 34.61 km
rev_8628a55debf8,seven_years_war_1756_08_01,TERRESTRIAL_HEX,h6000_q-000605_r+000946,promo_7c95358cf0a4,promo_b68466ea22a9,UNRESOLVED,CONTROLLED,,sp_fef06587fead,34.61,12.33,hsrc_c61726597ef3,,Portugal safe interior v3 from the 1751 Vaugondy sheets; positional uncertainty 12.33 km replaces 34.61 km
rev_22163000f6f9,seven_years_war_1756_08_01,TERRESTRIAL_HEX,h6000_q-000605_r+000947,promo_7c95358cf0a4,promo_b68466ea22a9,UNRESOLVED,CONTROLLED,,sp_fef06587fead,34.61,12.33,hsrc_c61726597ef3,,Portugal safe interior v3 from the 1751 Vaugondy sheets; positional uncertainty 12.33 km replaces 34.61 km
rev_6e809c9b1644,seven_years_war_1756_08_01,TERRESTRIAL_HEX,h6000_q-000609_r+000948,promo_7c95358cf0a4,promo_b68466ea22a9,UNRESOLVED,CONTROLLED,,sp_fef06587fead,34.61,12.33,hsrc_c61726597ef3,,Portugal safe interior v3 from the 1751 Vaugondy sheets; positional uncertainty 12.33 km replaces 34.61 km
rev_a2da462b709f,seven_years_war_1756_08_01,TERRESTRIAL_HEX,h6000_q-000609_r+000954,promo_7c95358cf0a4,promo_b68466ea22a9,UNRESOLVED,CONTROLLED,,sp_fef06587fead,34.61,12.33,hsrc_c61726597ef3,,Portugal safe interior v3 from the 1751 Vaugondy sheets; positional uncertainty 12.33 km replaces 34.61 km
rev_b70d7ef776cb,seven_years_war_1756_08_01,TERRESTRIAL_HEX,h6000_q-000608_r+000954,promo_7c95358cf0a4,promo_b68466ea22a9,UNRESOLVED,CONTROLLED,,sp_fef06587fead,34.61,12.33,hsrc_c61726597ef3,,Portugal safe interior v3 from the 1751 Vaugondy sheets; positional uncertainty 12.33 km replaces 34.61 km
rev_68ed6856fbb8,seven_years_war_1756_08_01,TERRESTRIAL_HEX,h6000_q-000613_r+000957,promo_c1d69cca569e,promo_b68466ea22a9,UNRESOLVED,CONTROLLED,,sp_fef06587fead,34.61,12.33,hsrc_c61726597ef3,,Portugal safe interior v3 from the 1751 Vaugondy sheets; positional uncertainty 12.33 km replaces 34.61 km
rev_fabfe04daaa9,seven_years_war_1756_08_01,TERRESTRIAL_HEX,h6000_q-000614_r+000958,promo_c1d69cca569e,promo_b68466ea22a9,UNRESOLVED,CONTROLLED,,sp_fef06587fead,34.61,12.33,hsrc_c61726597ef3,,Portugal safe interior v3 from the 1751 Vaugondy sheets; positional uncertainty 12.33 km replaces 34.61 km
rev_cbbaa0ae5119,seven_years_war_1756_08_01,TERRESTRIAL_HEX,h6000_q-000613_r+000958,promo_c1d69cca569e,promo_b68466ea22a9,UNRESOLVED,CONTROLLED,,sp_fef06587fead,34.61,12.33,hsrc_c61726597ef3,,Portugal safe interior v3 from the 1751 Vaugondy sheets; positional uncertainty 12.33 km replaces 34.61 km
rev_08416440a552,seven_years_war_1756_08_01,TERRESTRIAL_HEX,h6000_q-000613_r+000959,promo_c1d69cca569e,promo_b68466ea22a9,UNRESOLVED,CONTROLLED,,sp_fef06587fead,34.61,12.33,hsrc_c61726597ef3,,Portugal safe interior v3 from the 1751 Vaugondy sheets; positional uncertainty 12.33 km replaces 34.61 km
rev_a272379f9d5d,seven_years_war_1756_08_01,TERRESTRIAL_HEX,h6000_q-000614_r+000959,promo_c1d69cca569e,promo_b68466ea22a9,UNRESOLVED,CONTROLLED,,sp_fef06587fead,34.61,12.33,hsrc_c61726597ef3,,Portugal safe interior v3 from the 1751 Vaugondy sheets; positional uncertainty 12.33 km replaces 34.61 km
rev_f72ee086e99d,seven_years_war_1756_08_01,TERRESTRIAL_HEX,h6000_q-000615_r+000960,promo_c1d69cca569e,promo_b68466ea22a9,UNRESOLVED,CONTROLLED,,sp_fef06587fead,34.61,12.33,hsrc_c61726597ef3,,Portugal safe interior v3 from the 1751 Vaugondy sheets; positional uncertainty 12.33 km replaces 34.61 km
rev_526d9eb72a9a,seven_years_war_1756_08_01,TERRESTRIAL_HEX,h6000_q-000613_r+000960,promo_c1d69cca569e,promo_b68466ea22a9,UNRESOLVED,CONTROLLED,,sp_fef06587fead,34.61,12.33,hsrc_c61726597ef3,,Portugal safe interior v3 from the 1751 Vaugondy sheets; positional uncertainty 12.33 km replaces 34.61 km
rev_b056559bc521,seven_years_war_1756_08_01,TERRESTRIAL_HEX,h6000_q-000614_r+000960,promo_c1d69cca569e,promo_b68466ea22a9,UNRESOLVED,CONTROLLED,,sp_fef06587fead,34.61,12.33,hsrc_c61726597ef3,,Portugal safe interior v3 from the 1751 Vaugondy sheets; positional uncertainty 12.33 km replaces 34.61 km
rev_7c3e8dc9360d,seven_years_war_1756_08_01,TERRESTRIAL_HEX,h6000_q-000615_r+000961,promo_c1d69cca569e,promo_b68466ea22a9,UNRESOLVED,CONTROLLED,,sp_fef06587fead,34.61,12.33,hsrc_c61726597ef3,,Portugal safe interior v3 from the 1751 Vaugondy sheets; positional uncertainty 12.33 km replaces 34.61 km
rev_bc22a80f9fd5,seven_years_war_1756_08_01,TERRESTRIAL_HEX,h6000_q-000614_r+000961,promo_c1d69cca569e,promo_b68466ea22a9,UNRESOLVED,CONTROLLED,,sp_fef06587fead,34.61,12.33,hsrc_c61726597ef3,,Portugal safe interior v3 from the 1751 Vaugondy sheets; positional uncertainty 12.33 km replaces 34.61 km
rev_4c04ffb28811,seven_years_war_1756_08_01,TERRESTRIAL_HEX,h6000_q-000613_r+000961,promo_c1d69cca569e,promo_b68466ea22a9,UNRESOLVED,CONTROLLED,,sp_fef06587fead,34.61,12.33,hsrc_c61726597ef3,,Portugal safe interior v3 from the 1751 Vaugondy sheets; positional uncertainty 12.33 km replaces 34.61 km
rev_e438eab343d0,seven_years_war_1756_08_01,TERRESTRIAL_HEX,h6000_q-000614_r+000962,promo_c1d69cca569e,promo_b68466ea22a9,UNRESOLVED,CONTROLLED,,sp_fef06587fead,34.61,12.33,hsrc_c61726597ef3,,Portugal safe interior v3 from the 1751 Vaugondy sheets; positional uncertainty 12.33 km replaces 34.61 km
rev_d18eed3b50b8,seven_years_war_1756_08_01,TERRESTRIAL_HEX,h6000_q-000615_r+000962,promo_c1d69cca569e,promo_b68466ea22a9,UNRESOLVED,CONTROLLED,,sp_fef06587fead,34.61,12.33,hsrc_c61726597ef3,,Portugal safe interior v3 from the 1751 Vaugondy sheets; positional uncertainty 12.33 km replaces 34.61 km
rev_b6326a16a9aa,seven_years_war_1756_08_01,TERRESTRIAL_HEX,h6000_q-000612_r+000960,promo_c1d69cca569e,promo_b68466ea22a9,UNRESOLVED,CONTROLLED,,sp_fef06587fead,34.61,12.33,hsrc_c61726597ef3,,Portugal safe interior v3 from the 1751 Vaugondy sheets; positional uncertainty 12.33 km replaces 34.61 km
rev_c8b914d474a5,seven_years_war_1756_08_01,TERRESTRIAL_HEX,h6000_q-000613_r+000962,promo_7c95358cf0a4,promo_b68466ea22a9,UNRESOLVED,CONTROLLED,,sp_fef06587fead,34.61,12.33,hsrc_c61726597ef3,,Portugal safe interior v3 from the 1751 Vaugondy sheets; positional uncertainty 12.33 km replaces 34.61 km
rev_0aefcc75e8ae,seven_years_war_1756_08_01,TERRESTRIAL_HEX,h6000_q-000616_r+000962,promo_c1d69cca569e,promo_b68466ea22a9,UNRESOLVED,CONTROLLED,,sp_fef06587fead,34.61,12.33,hsrc_c61726597ef3,,Portugal safe interior v3 from the 1751 Vaugondy sheets; positional uncertainty 12.33 km replaces 34.61 km
rev_a2568c76db93,seven_years_war_1756_08_01,TERRESTRIAL_HEX,h6000_q-000614_r+000963,promo_7c95358cf0a4,promo_b68466ea22a9,UNRESOLVED,CONTROLLED,,sp_fef06587fead,34.61,12.33,hsrc_c61726597ef3,,Portugal safe interior v3 from the 1751 Vaugondy sheets; positional uncertainty 12.33 km replaces 34.61 km
rev_48bad1d9fe5f,seven_years_war_1756_08_01,TERRESTRIAL_HEX,h6000_q-000615_r+000963,promo_c1d69cca569e,promo_b68466ea22a9,UNRESOLVED,CONTROLLED,,sp_fef06587fead,34.61,12.33,hsrc_c61726597ef3,,Portugal safe interior v3 from the 1751 Vaugondy sheets; positional uncertainty 12.33 km replaces 34.61 km
rev_e85e8acec23c,seven_years_war_1756_08_01,TERRESTRIAL_HEX,h6000_q-000616_r+000963,promo_c1d69cca569e,promo_b68466ea22a9,UNRESOLVED,CONTROLLED,,sp_fef06587fead,34.61,12.33,hsrc_c61726597ef3,,Portugal safe interior v3 from the 1751 Vaugondy sheets; positional uncertainty 12.33 km replaces 34.61 km
rev_a8e131b40ae9,seven_years_war_1756_08_01,TERRESTRIAL_HEX,h6000_q-000617_r+000964,promo_c1d69cca569e,promo_b68466ea22a9,UNRESOLVED,CONTROLLED,,sp_fef06587fead,34.61,12.33,hsrc_c61726597ef3,,Portugal safe interior v3 from the 1751 Vaugondy sheets; positional uncertainty 12.33 km replaces 34.61 km
rev_9e82e81bfb1c,seven_years_war_1756_08_01,TERRESTRIAL_HEX,h6000_q-000616_r+000964,promo_c1d69cca569e,promo_b68466ea22a9,UNRESOLVED,CONTROLLED,,sp_fef06587fead,34.61,12.33,hsrc_c61726597ef3,,Portugal safe interior v3 from the 1751 Vaugondy sheets; positional uncertainty 12.33 km replaces 34.61 km
rev_0843b4391464,seven_years_war_1756_08_01,TERRESTRIAL_HEX,h6000_q-000615_r+000964,promo_7c95358cf0a4,promo_b68466ea22a9,UNRESOLVED,CONTROLLED,,sp_fef06587fead,34.61,12.33,hsrc_c61726597ef3,,Portugal safe interior v3 from the 1751 Vaugondy sheets; positional uncertainty 12.33 km replaces 34.61 km
rev_22d5d5d2b043,seven_years_war_1756_08_01,TERRESTRIAL_HEX,h6000_q-000616_r+000965,promo_7c95358cf0a4,promo_b68466ea22a9,UNRESOLVED,CONTROLLED,,sp_fef06587fead,34.61,12.33,hsrc_c61726597ef3,,Portugal safe interior v3 from the 1751 Vaugondy sheets; positional uncertainty 12.33 km replaces 34.61 km
rev_1eb8666aad35,seven_years_war_1756_08_01,TERRESTRIAL_HEX,h6000_q-000615_r+000965,promo_7c95358cf0a4,promo_b68466ea22a9,UNRESOLVED,CONTROLLED,,sp_fef06587fead,34.61,12.33,hsrc_c61726597ef3,,Portugal safe interior v3 from the 1751 Vaugondy sheets; positional uncertainty 12.33 km replaces 34.61 km
rev_12b34acfccaf,seven_years_war_1756_08_01,TERRESTRIAL_HEX,h6000_q-000617_r+000965,promo_c1d69cca569e,promo_b68466ea22a9,UNRESOLVED,CONTROLLED,,sp_fef06587fead,34.61,12.33,hsrc_c61726597ef3,,Portugal safe interior v3 from the 1751 Vaugondy sheets; positional uncertainty 12.33 km replaces 34.61 km
rev_91fb709260fa,seven_years_war_1756_08_01,TERRESTRIAL_HEX,h6000_q-000613_r+000963,promo_7c95358cf0a4,promo_b68466ea22a9,UNRESOLVED,CONTROLLED,,sp_fef06587fead,34.61,12.33,hsrc_c61726597ef3,,Portugal safe interior v3 from the 1751 Vaugondy sheets; positional uncertainty 12.33 km replaces 34.61 km
rev_991b53781063,seven_years_war_1756_08_01,TERRESTRIAL_HEX,h6000_q-000614_r+000964,promo_7c95358cf0a4,promo_b68466ea22a9,UNRESOLVED,CONTROLLED,,sp_fef06587fead,34.61,12.33,hsrc_c61726597ef3,,Portugal safe interior v3 from the 1751 Vaugondy sheets; positional uncertainty 12.33 km replaces 34.61 km
rev_8360c1102916,seven_years_war_1756_08_01,TERRESTRIAL_HEX,h6000_q-000613_r+000964,promo_7c95358cf0a4,promo_b68466ea22a9,UNRESOLVED,CONTROLLED,,sp_fef06587fead,34.61,12.33,hsrc_c61726597ef3,,Portugal safe interior v3 from the 1751 Vaugondy sheets; positional uncertainty 12.33 km replaces 34.61 km
rev_62441d170587,seven_years_war_1756_08_01,TERRESTRIAL_HEX,h6000_q-000614_r+000965,promo_7c95358cf0a4,promo_b68466ea22a9,UNRESOLVED,CONTROLLED,,sp_fef06587fead,34.61,12.33,hsrc_c61726597ef3,,Portugal safe interior v3 from the 1751 Vaugondy sheets; positional uncertainty 12.33 km replaces 34.61 km
rev_a8a3a6d8d970,seven_years_war_1756_08_01,TERRESTRIAL_HEX,h6000_q-000615_r+000966,promo_7c95358cf0a4,promo_b68466ea22a9,UNRESOLVED,CONTROLLED,,sp_fef06587fead,34.61,12.33,hsrc_c61726597ef3,,Portugal safe interior v3 from the 1751 Vaugondy sheets; positional uncertainty 12.33 km replaces 34.61 km
rev_a345d4d8bf4c,seven_years_war_1756_08_01,TERRESTRIAL_HEX,h6000_q-000614_r+000966,promo_7c95358cf0a4,promo_b68466ea22a9,UNRESOLVED,CONTROLLED,,sp_fef06587fead,34.61,12.33,hsrc_c61726597ef3,,Portugal safe interior v3 from the 1751 Vaugondy sheets; positional uncertainty 12.33 km replaces 34.61 km
rev_150fb48fa456,seven_years_war_1756_08_01,TERRESTRIAL_HEX,h6000_q-000616_r+000966,promo_7c95358cf0a4,promo_b68466ea22a9,UNRESOLVED,CONTROLLED,,sp_fef06587fead,34.61,12.33,hsrc_c61726597ef3,,Portugal safe interior v3 from the 1751 Vaugondy sheets; positional uncertainty 12.33 km replaces 34.61 km
rev_869edf2ef054,seven_years_war_1756_08_01,TERRESTRIAL_HEX,h6000_q-000617_r+000966,promo_7c95358cf0a4,promo_b68466ea22a9,UNRESOLVED,CONTROLLED,,sp_fef06587fead,34.61,12.33,hsrc_c61726597ef3,,Portugal safe interior v3 from the 1751 Vaugondy sheets; positional uncertainty 12.33 km replaces 34.61 km
rev_38a30991a78b,seven_years_war_1756_08_01,TERRESTRIAL_HEX,h6000_q-000618_r+000966,promo_c1d69cca569e,promo_b68466ea22a9,UNRESOLVED,CONTROLLED,,sp_fef06587fead,34.61,12.33,hsrc_c61726597ef3,,Portugal safe interior v3 from the 1751 Vaugondy sheets; positional uncertainty 12.33 km replaces 34.61 km
rev_eaac440b725f,seven_years_war_1756_08_01,TERRESTRIAL_HEX,h6000_q-000618_r+000967,promo_7c95358cf0a4,promo_b68466ea22a9,UNRESOLVED,CONTROLLED,,sp_fef06587fead,34.61,12.33,hsrc_c61726597ef3,,Portugal safe interior v3 from the 1751 Vaugondy sheets; positional uncertainty 12.33 km replaces 34.61 km
rev_e6e68198e09d,seven_years_war_1756_08_01,TERRESTRIAL_HEX,h6000_q-000616_r+000967,promo_7c95358cf0a4,promo_b68466ea22a9,UNRESOLVED,CONTROLLED,,sp_fef06587fead,34.61,12.33,hsrc_c61726597ef3,,Portugal safe interior v3 from the 1751 Vaugondy sheets; positional uncertainty 12.33 km replaces 34.61 km
rev_edddc54c0354,seven_years_war_1756_08_01,TERRESTRIAL_HEX,h6000_q-000617_r+000967,promo_7c95358cf0a4,promo_b68466ea22a9,UNRESOLVED,CONTROLLED,,sp_fef06587fead,34.61,12.33,hsrc_c61726597ef3,,Portugal safe interior v3 from the 1751 Vaugondy sheets; positional uncertainty 12.33 km replaces 34.61 km
rev_23a873ae0abc,seven_years_war_1756_08_01,TERRESTRIAL_HEX,h6000_q-000617_r+000968,promo_7c95358cf0a4,promo_b68466ea22a9,UNRESOLVED,CONTROLLED,,sp_fef06587fead,34.61,12.33,hsrc_c61726597ef3,,Portugal safe interior v3 from the 1751 Vaugondy sheets; positional uncertainty 12.33 km replaces 34.61 km
rev_ab5e1bfb1053,seven_years_war_1756_08_01,TERRESTRIAL_HEX,h6000_q-000618_r+000968,promo_7c95358cf0a4,promo_b68466ea22a9,UNRESOLVED,CONTROLLED,,sp_fef06587fead,34.61,12.33,hsrc_c61726597ef3,,Portugal safe interior v3 from the 1751 Vaugondy sheets; positional uncertainty 12.33 km replaces 34.61 km
rev_28009d83b790,seven_years_war_1756_08_01,TERRESTRIAL_HEX,h6000_q-000619_r+000968,promo_7c95358cf0a4,promo_b68466ea22a9,UNRESOLVED,CONTROLLED,,sp_fef06587fead,34.61,12.33,hsrc_c61726597ef3,,Portugal safe interior v3 from the 1751 Vaugondy sheets; positional uncertainty 12.33 km replaces 34.61 km
rev_5903785c6c03,seven_years_war_1756_08_01,TERRESTRIAL_HEX,h6000_q-000618_r+000969,promo_7c95358cf0a4,promo_b68466ea22a9,UNRESOLVED,CONTROLLED,,sp_fef06587fead,34.61,12.33,hsrc_c61726597ef3,,Portugal safe interior v3 from the 1751 Vaugondy sheets; positional uncertainty 12.33 km replaces 34.61 km
rev_9caa4c87a6aa,seven_years_war_1756_08_01,TERRESTRIAL_HEX,h6000_q-000615_r+000967,promo_7c95358cf0a4,promo_b68466ea22a9,UNRESOLVED,CONTROLLED,,sp_fef06587fead,34.61,12.33,hsrc_c61726597ef3,,Portugal safe interior v3 from the 1751 Vaugondy sheets; positional uncertainty 12.33 km replaces 34.61 km
rev_53fc3c10e383,seven_years_war_1756_08_01,TERRESTRIAL_HEX,h6000_q-000614_r+000967,promo_7c95358cf0a4,promo_b68466ea22a9,UNRESOLVED,CONTROLLED,,sp_fef06587fead,34.61,12.33,hsrc_c61726597ef3,,Portugal safe interior v3 from the 1751 Vaugondy sheets; positional uncertainty 12.33 km replaces 34.61 km
rev_99cc952cef62,seven_years_war_1756_08_01,TERRESTRIAL_HEX,h6000_q-000615_r+000968,promo_7c95358cf0a4,promo_b68466ea22a9,UNRESOLVED,CONTROLLED,,sp_fef06587fead,34.61,12.33,hsrc_c61726597ef3,,Portugal safe interior v3 from the 1751 Vaugondy sheets; positional uncertainty 12.33 km replaces 34.61 km
rev_464c648facf8,seven_years_war_1756_08_01,TERRESTRIAL_HEX,h6000_q-000616_r+000968,promo_7c95358cf0a4,promo_b68466ea22a9,UNRESOLVED,CONTROLLED,,sp_fef06587fead,34.61,12.33,hsrc_c61726597ef3,,Portugal safe interior v3 from the 1751 Vaugondy sheets; positional uncertainty 12.33 km replaces 34.61 km
rev_82f44fcbe180,seven_years_war_1756_08_01,TERRESTRIAL_HEX,h6000_q-000614_r+000968,promo_7c95358cf0a4,promo_b68466ea22a9,UNRESOLVED,CONTROLLED,,sp_fef06587fead,34.61,12.33,hsrc_c61726597ef3,,Portugal safe interior v3 from the 1751 Vaugondy sheets; positional uncertainty 12.33 km replaces 34.61 km
rev_97239a7d72c6,seven_years_war_1756_08_01,TERRESTRIAL_HEX,h6000_q-000614_r+000969,promo_7c95358cf0a4,promo_b68466ea22a9,UNRESOLVED,CONTROLLED,,sp_fef06587fead,34.61,12.33,hsrc_c61726597ef3,,Portugal safe interior v3 from the 1751 Vaugondy sheets; positional uncertainty 12.33 km replaces 34.61 km
rev_3041c5441327,seven_years_war_1756_08_01,TERRESTRIAL_HEX,h6000_q-000615_r+000969,promo_7c95358cf0a4,promo_b68466ea22a9,UNRESOLVED,CONTROLLED,,sp_fef06587fead,34.61,12.33,hsrc_c61726597ef3,,Portugal safe interior v3 from the 1751 Vaugondy sheets; positional uncertainty 12.33 km replaces 34.61 km
rev_2439fb96066d,seven_years_war_1756_08_01,TERRESTRIAL_HEX,h6000_q-000616_r+000969,promo_7c95358cf0a4,promo_b68466ea22a9,UNRESOLVED,CONTROLLED,,sp_fef06587fead,34.61,12.33,hsrc_c61726597ef3,,Portugal safe interior v3 from the 1751 Vaugondy sheets; positional uncertainty 12.33 km replaces 34.61 km
rev_7d3f0a20aa66,seven_years_war_1756_08_01,TERRESTRIAL_HEX,h6000_q-000617_r+000970,promo_7c95358cf0a4,promo_b68466ea22a9,UNRESOLVED,CONTROLLED,,sp_fef06587fead,34.61,12.33,hsrc_c61726597ef3,,Portugal safe interior v3 from the 1751 Vaugondy sheets; positional uncertainty 12.33 km replaces 34.61 km
rev_8b179c36e1b3,seven_years_war_1756_08_01,TERRESTRIAL_HEX,h6000_q-000614_r+000970,promo_7c95358cf0a4,promo_b68466ea22a9,UNRESOLVED,CONTROLLED,,sp_fef06587fead,34.61,12.33,hsrc_c61726597ef3,,Portugal safe interior v3 from the 1751 Vaugondy sheets; positional uncertainty 12.33 km replaces 34.61 km
rev_00c32b2a1f98,seven_years_war_1756_08_01,TERRESTRIAL_HEX,h6000_q-000614_r+000971,promo_7c95358cf0a4,promo_b68466ea22a9,UNRESOLVED,CONTROLLED,,sp_fef06587fead,34.61,12.33,hsrc_c61726597ef3,,Portugal safe interior v3 from the 1751 Vaugondy sheets; positional uncertainty 12.33 km replaces 34.61 km
rev_82442d2a998a,seven_years_war_1756_08_01,TERRESTRIAL_HEX,h6000_q-000624_r+000965,promo_7c95358cf0a4,promo_b68466ea22a9,UNRESOLVED,CONTROLLED,,sp_fef06587fead,34.61,12.33,hsrc_c61726597ef3,,Portugal safe interior v3 from the 1751 Vaugondy sheets; positional uncertainty 12.33 km replaces 34.61 km
rev_098b4484347b,seven_years_war_1756_08_01,TERRESTRIAL_HEX,h6000_q-000619_r+000963,promo_c1d69cca569e,promo_b68466ea22a9,UNRESOLVED,CONTROLLED,,sp_fef06587fead,34.61,12.33,hsrc_c61726597ef3,,Portugal safe interior v3 from the 1751 Vaugondy sheets; positional uncertainty 12.33 km replaces 34.61 km
rev_32c9292139c2,seven_years_war_1756_08_01,TERRESTRIAL_HEX,h6000_q-000617_r+000963,promo_c1d69cca569e,promo_b68466ea22a9,UNRESOLVED,CONTROLLED,,sp_fef06587fead,34.61,12.33,hsrc_c61726597ef3,,Portugal safe interior v3 from the 1751 Vaugondy sheets; positional uncertainty 12.33 km replaces 34.61 km
rev_348ca9bfcf0a,seven_years_war_1756_08_01,TERRESTRIAL_HEX,h6000_q-000620_r+000963,promo_7c95358cf0a4,promo_b68466ea22a9,UNRESOLVED,CONTROLLED,,sp_fef06587fead,34.61,12.33,hsrc_c61726597ef3,,Portugal safe interior v3 from the 1751 Vaugondy sheets; positional uncertainty 12.33 km replaces 34.61 km
rev_1657b7c29645,seven_years_war_1756_08_01,TERRESTRIAL_HEX,h6000_q-000618_r+000963,promo_c1d69cca569e,promo_b68466ea22a9,UNRESOLVED,CONTROLLED,,sp_fef06587fead,34.61,12.33,hsrc_c61726597ef3,,Portugal safe interior v3 from the 1751 Vaugondy sheets; positional uncertainty 12.33 km replaces 34.61 km
rev_0b3b33139edf,seven_years_war_1756_08_01,TERRESTRIAL_HEX,h6000_q-000620_r+000964,promo_c1d69cca569e,promo_b68466ea22a9,UNRESOLVED,CONTROLLED,,sp_fef06587fead,34.61,12.33,hsrc_c61726597ef3,,Portugal safe interior v3 from the 1751 Vaugondy sheets; positional uncertainty 12.33 km replaces 34.61 km
rev_c9610247702a,seven_years_war_1756_08_01,TERRESTRIAL_HEX,h6000_q-000619_r+000964,promo_c1d69cca569e,promo_b68466ea22a9,UNRESOLVED,CONTROLLED,,sp_fef06587fead,34.61,12.33,hsrc_c61726597ef3,,Portugal safe interior v3 from the 1751 Vaugondy sheets; positional uncertainty 12.33 km replaces 34.61 km
rev_ef96a2b562ff,seven_years_war_1756_08_01,TERRESTRIAL_HEX,h6000_q-000618_r+000964,promo_c1d69cca569e,promo_b68466ea22a9,UNRESOLVED,CONTROLLED,,sp_fef06587fead,34.61,12.33,hsrc_c61726597ef3,,Portugal safe interior v3 from the 1751 Vaugondy sheets; positional uncertainty 12.33 km replaces 34.61 km
rev_d48d2dd39cf8,seven_years_war_1756_08_01,TERRESTRIAL_HEX,h6000_q-000618_r+000965,promo_c1d69cca569e,promo_b68466ea22a9,UNRESOLVED,CONTROLLED,,sp_fef06587fead,34.61,12.33,hsrc_c61726597ef3,,Portugal safe interior v3 from the 1751 Vaugondy sheets; positional uncertainty 12.33 km replaces 34.61 km
rev_e29197618e7f,seven_years_war_1756_08_01,TERRESTRIAL_HEX,h6000_q-000619_r+000965,promo_c1d69cca569e,promo_b68466ea22a9,UNRESOLVED,CONTROLLED,,sp_fef06587fead,34.61,12.33,hsrc_c61726597ef3,,Portugal safe interior v3 from the 1751 Vaugondy sheets; positional uncertainty 12.33 km replaces 34.61 km
rev_1cb177bc9f92,seven_years_war_1756_08_01,TERRESTRIAL_HEX,h6000_q-000624_r+000963,promo_7c95358cf0a4,promo_b68466ea22a9,UNRESOLVED,CONTROLLED,,sp_fef06587fead,34.61,12.33,hsrc_c61726597ef3,,Portugal safe interior v3 from the 1751 Vaugondy sheets; positional uncertainty 12.33 km replaces 34.61 km
rev_70e29f5d1a98,seven_years_war_1756_08_01,TERRESTRIAL_HEX,h6000_q-000626_r+000964,promo_7c95358cf0a4,promo_b68466ea22a9,UNRESOLVED,CONTROLLED,,sp_fef06587fead,34.61,12.33,hsrc_c61726597ef3,,Portugal safe interior v3 from the 1751 Vaugondy sheets; positional uncertainty 12.33 km replaces 34.61 km
rev_c41278371ab4,seven_years_war_1756_08_01,TERRESTRIAL_HEX,h6000_q-000625_r+000964,promo_7c95358cf0a4,promo_b68466ea22a9,UNRESOLVED,CONTROLLED,,sp_fef06587fead,34.61,12.33,hsrc_c61726597ef3,,Portugal safe interior v3 from the 1751 Vaugondy sheets; positional uncertainty 12.33 km replaces 34.61 km
rev_e24f52248235,seven_years_war_1756_08_01,TERRESTRIAL_HEX,h6000_q-000624_r+000964,promo_7c95358cf0a4,promo_b68466ea22a9,UNRESOLVED,CONTROLLED,,sp_fef06587fead,34.61,12.33,hsrc_c61726597ef3,,Portugal safe interior v3 from the 1751 Vaugondy sheets; positional uncertainty 12.33 km replaces 34.61 km
rev_f68116396edf,seven_years_war_1756_08_01,TERRESTRIAL_HEX,h6000_q-000625_r+000965,promo_7c95358cf0a4,promo_b68466ea22a9,UNRESOLVED,CONTROLLED,,sp_fef06587fead,34.61,12.33,hsrc_c61726597ef3,,Portugal safe interior v3 from the 1751 Vaugondy sheets; positional uncertainty 12.33 km replaces 34.61 km
rev_e548f7faf96a,seven_years_war_1756_08_01,TERRESTRIAL_HEX,h6000_q-000626_r+000965,promo_7c95358cf0a4,promo_b68466ea22a9,UNRESOLVED,CONTROLLED,,sp_fef06587fead,34.61,12.33,hsrc_c61726597ef3,,Portugal safe interior v3 from the 1751 Vaugondy sheets; positional uncertainty 12.33 km replaces 34.61 km
rev_de640ab27abc,seven_years_war_1756_08_01,TERRESTRIAL_HEX,h6000_q-000625_r+000966,promo_7c95358cf0a4,promo_b68466ea22a9,UNRESOLVED,CONTROLLED,,sp_fef06587fead,34.61,12.33,hsrc_c61726597ef3,,Portugal safe interior v3 from the 1751 Vaugondy sheets; positional uncertainty 12.33 km replaces 34.61 km
rev_b5a6c39e43b6,seven_years_war_1756_08_01,TERRESTRIAL_HEX,h6000_q-000627_r+000966,promo_c1d69cca569e,promo_b68466ea22a9,UNRESOLVED,CONTROLLED,,sp_fef06587fead,34.61,12.33,hsrc_c61726597ef3,,Portugal safe interior v3 from the 1751 Vaugondy sheets; positional uncertainty 12.33 km replaces 34.61 km
rev_100bbbc25b82,seven_years_war_1756_08_01,TERRESTRIAL_HEX,h6000_q-000626_r+000966,promo_c1d69cca569e,promo_b68466ea22a9,UNRESOLVED,CONTROLLED,,sp_fef06587fead,34.61,12.33,hsrc_c61726597ef3,,Portugal safe interior v3 from the 1751 Vaugondy sheets; positional uncertainty 12.33 km replaces 34.61 km
rev_119a1f2e30db,seven_years_war_1756_08_01,TERRESTRIAL_HEX,h6000_q-000624_r+000966,promo_7c95358cf0a4,promo_b68466ea22a9,UNRESOLVED,CONTROLLED,,sp_fef06587fead,34.61,12.33,hsrc_c61726597ef3,,Portugal safe interior v3 from the 1751 Vaugondy sheets; positional uncertainty 12.33 km replaces 34.61 km
rev_ba5da31e9d5b,seven_years_war_1756_08_01,TERRESTRIAL_HEX,h6000_q-000624_r+000967,promo_c1d69cca569e,promo_b68466ea22a9,UNRESOLVED,CONTROLLED,,sp_fef06587fead,34.61,12.33,hsrc_c61726597ef3,,Portugal safe interior v3 from the 1751 Vaugondy sheets; positional uncertainty 12.33 km replaces 34.61 km
rev_d24351cd0d6b,seven_years_war_1756_08_01,TERRESTRIAL_HEX,h6000_q-000624_r+000968,promo_c1d69cca569e,promo_b68466ea22a9,UNRESOLVED,CONTROLLED,,sp_fef06587fead,34.61,12.33,hsrc_c61726597ef3,,Portugal safe interior v3 from the 1751 Vaugondy sheets; positional uncertainty 12.33 km replaces 34.61 km
rev_741a39d45744,seven_years_war_1756_08_01,TERRESTRIAL_HEX,h6000_q-000625_r+000968,promo_c1d69cca569e,promo_b68466ea22a9,UNRESOLVED,CONTROLLED,,sp_fef06587fead,34.61,12.33,hsrc_c61726597ef3,,Portugal safe interior v3 from the 1751 Vaugondy sheets; positional uncertainty 12.33 km replaces 34.61 km
rev_a8327f387c6e,seven_years_war_1756_08_01,TERRESTRIAL_HEX,h6000_q-000619_r+000966,promo_c1d69cca569e,promo_b68466ea22a9,UNRESOLVED,CONTROLLED,,sp_fef06587fead,34.61,12.33,hsrc_c61726597ef3,,Portugal safe interior v3 from the 1751 Vaugondy sheets; positional uncertainty 12.33 km replaces 34.61 km
rev_81abe21f7af9,seven_years_war_1756_08_01,TERRESTRIAL_HEX,h6000_q-000619_r+000967,promo_c1d69cca569e,promo_b68466ea22a9,UNRESOLVED,CONTROLLED,,sp_fef06587fead,34.61,12.33,hsrc_c61726597ef3,,Portugal safe interior v3 from the 1751 Vaugondy sheets; positional uncertainty 12.33 km replaces 34.61 km
rev_87a431a5df99,seven_years_war_1756_08_01,TERRESTRIAL_HEX,h6000_q-000624_r+000969,promo_c1d69cca569e,promo_b68466ea22a9,UNRESOLVED,CONTROLLED,,sp_fef06587fead,34.61,12.33,hsrc_c61726597ef3,,Portugal safe interior v3 from the 1751 Vaugondy sheets; positional uncertainty 12.33 km replaces 34.61 km
rev_8a1b6bc7f882,seven_years_war_1756_08_01,TERRESTRIAL_HEX,h6000_q-000625_r+000969,promo_c1d69cca569e,promo_b68466ea22a9,UNRESOLVED,CONTROLLED,,sp_fef06587fead,34.61,12.33,hsrc_c61726597ef3,,Portugal safe interior v3 from the 1751 Vaugondy sheets; positional uncertainty 12.33 km replaces 34.61 km
rev_b5084d317b88,seven_years_war_1756_08_01,TERRESTRIAL_HEX,h6000_q-000625_r+000970,promo_c1d69cca569e,promo_b68466ea22a9,UNRESOLVED,CONTROLLED,,sp_fef06587fead,34.61,12.33,hsrc_c61726597ef3,,Portugal safe interior v3 from the 1751 Vaugondy sheets; positional uncertainty 12.33 km replaces 34.61 km
rev_262474a6022c,seven_years_war_1756_08_01,TERRESTRIAL_HEX,h6000_q-000626_r+000970,promo_c1d69cca569e,promo_b68466ea22a9,UNRESOLVED,CONTROLLED,,sp_fef06587fead,34.61,12.33,hsrc_c61726597ef3,,Portugal safe interior v3 from the 1751 Vaugondy sheets; positional uncertainty 12.33 km replaces 34.61 km
rev_cf80c2d60bf8,seven_years_war_1756_08_01,TERRESTRIAL_HEX,h6000_q-000626_r+000971,promo_c1d69cca569e,promo_b68466ea22a9,UNRESOLVED,CONTROLLED,,sp_fef06587fead,34.61,12.33,hsrc_c61726597ef3,,Portugal safe interior v3 from the 1751 Vaugondy sheets; positional uncertainty 12.33 km replaces 34.61 km
rev_486520f187be,seven_years_war_1756_08_01,TERRESTRIAL_HEX,h6000_q-000625_r+000971,promo_c1d69cca569e,promo_b68466ea22a9,UNRESOLVED,CONTROLLED,,sp_fef06587fead,34.61,12.33,hsrc_c61726597ef3,,Portugal safe interior v3 from the 1751 Vaugondy sheets; positional uncertainty 12.33 km replaces 34.61 km
rev_632dc3d9bd35,seven_years_war_1756_08_01,TERRESTRIAL_HEX,h6000_q-000627_r+000972,promo_c1d69cca569e,promo_b68466ea22a9,UNRESOLVED,CONTROLLED,,sp_fef06587fead,34.61,12.33,hsrc_c61726597ef3,,Portugal safe interior v3 from the 1751 Vaugondy sheets; positional uncertainty 12.33 km replaces 34.61 km
rev_5c6e563575d5,seven_years_war_1756_08_01,TERRESTRIAL_HEX,h6000_q-000628_r+000970,promo_c1d69cca569e,promo_b68466ea22a9,UNRESOLVED,CONTROLLED,,sp_fef06587fead,34.61,12.33,hsrc_c61726597ef3,,Portugal safe interior v3 from the 1751 Vaugondy sheets; positional uncertainty 12.33 km replaces 34.61 km
rev_43bfe7245769,seven_years_war_1756_08_01,TERRESTRIAL_HEX,h6000_q-000629_r+000970,promo_c1d69cca569e,promo_b68466ea22a9,UNRESOLVED,CONTROLLED,,sp_fef06587fead,34.61,12.33,hsrc_c61726597ef3,,Portugal safe interior v3 from the 1751 Vaugondy sheets; positional uncertainty 12.33 km replaces 34.61 km
rev_73ca9edee532,seven_years_war_1756_08_01,TERRESTRIAL_HEX,h6000_q-000627_r+000970,promo_c1d69cca569e,promo_b68466ea22a9,UNRESOLVED,CONTROLLED,,sp_fef06587fead,34.61,12.33,hsrc_c61726597ef3,,Portugal safe interior v3 from the 1751 Vaugondy sheets; positional uncertainty 12.33 km replaces 34.61 km
rev_5088f7c7896e,seven_years_war_1756_08_01,TERRESTRIAL_HEX,h6000_q-000627_r+000971,promo_c1d69cca569e,promo_b68466ea22a9,UNRESOLVED,CONTROLLED,,sp_fef06587fead,34.61,12.33,hsrc_c61726597ef3,,Portugal safe interior v3 from the 1751 Vaugondy sheets; positional uncertainty 12.33 km replaces 34.61 km
rev_f53c428f8965,seven_years_war_1756_08_01,TERRESTRIAL_HEX,h6000_q-000628_r+000971,promo_c1d69cca569e,promo_b68466ea22a9,UNRESOLVED,CONTROLLED,,sp_fef06587fead,34.61,12.33,hsrc_c61726597ef3,,Portugal safe interior v3 from the 1751 Vaugondy sheets; positional uncertainty 12.33 km replaces 34.61 km
rev_823f4b149396,seven_years_war_1756_08_01,TERRESTRIAL_HEX,h6000_q-000629_r+000971,promo_c1d69cca569e,promo_b68466ea22a9,UNRESOLVED,CONTROLLED,,sp_fef06587fead,34.61,12.33,hsrc_c61726597ef3,,Portugal safe interior v3 from the 1751 Vaugondy sheets; positional uncertainty 12.33 km replaces 34.61 km
rev_b2b26df7e34d,seven_years_war_1756_08_01,TERRESTRIAL_HEX,h6000_q-000628_r+000972,promo_c1d69cca569e,promo_b68466ea22a9,UNRESOLVED,CONTROLLED,,sp_fef06587fead,34.61,12.33,hsrc_c61726597ef3,,Portugal safe interior v3 from the 1751 Vaugondy sheets; positional uncertainty 12.33 km replaces 34.61 km
rev_08d1e7065a70,seven_years_war_1756_08_01,TERRESTRIAL_HEX,h6000_q-000630_r+000972,promo_c1d69cca569e,promo_b68466ea22a9,UNRESOLVED,CONTROLLED,,sp_fef06587fead,34.61,12.33,hsrc_c61726597ef3,,Portugal safe interior v3 from the 1751 Vaugondy sheets; positional uncertainty 12.33 km replaces 34.61 km
rev_90d47adc972a,seven_years_war_1756_08_01,TERRESTRIAL_HEX,h6000_q-000629_r+000972,promo_c1d69cca569e,promo_b68466ea22a9,UNRESOLVED,CONTROLLED,,sp_fef06587fead,34.61,12.33,hsrc_c61726597ef3,,Portugal safe interior v3 from the 1751 Vaugondy sheets; positional uncertainty 12.33 km replaces 34.61 km
rev_af2157309758,seven_years_war_1756_08_01,TERRESTRIAL_HEX,h6000_q-000630_r+000973,promo_c1d69cca569e,promo_b68466ea22a9,UNRESOLVED,CONTROLLED,,sp_fef06587fead,34.61,12.33,hsrc_c61726597ef3,,Portugal safe interior v3 from the 1751 Vaugondy sheets; positional uncertainty 12.33 km replaces 34.61 km
rev_f61183d3f604,seven_years_war_1756_08_01,TERRESTRIAL_HEX,h6000_q-000625_r+000972,promo_c1d69cca569e,promo_b68466ea22a9,UNRESOLVED,CONTROLLED,,sp_fef06587fead,34.61,12.33,hsrc_c61726597ef3,,Portugal safe interior v3 from the 1751 Vaugondy sheets; positional uncertainty 12.33 km replaces 34.61 km
rev_88d8bcba176c,seven_years_war_1756_08_01,TERRESTRIAL_HEX,h6000_q-000626_r+000972,promo_c1d69cca569e,promo_b68466ea22a9,UNRESOLVED,CONTROLLED,,sp_fef06587fead,34.61,12.33,hsrc_c61726597ef3,,Portugal safe interior v3 from the 1751 Vaugondy sheets; positional uncertainty 12.33 km replaces 34.61 km
rev_016ad4dfaedb,seven_years_war_1756_08_01,TERRESTRIAL_HEX,h6000_q-000627_r+000973,promo_c1d69cca569e,promo_b68466ea22a9,UNRESOLVED,CONTROLLED,,sp_fef06587fead,34.61,12.33,hsrc_c61726597ef3,,Portugal safe interior v3 from the 1751 Vaugondy sheets; positional uncertainty 12.33 km replaces 34.61 km
rev_226e59b898c6,seven_years_war_1756_08_01,TERRESTRIAL_HEX,h6000_q-000626_r+000973,promo_c1d69cca569e,promo_b68466ea22a9,UNRESOLVED,CONTROLLED,,sp_fef06587fead,34.61,12.33,hsrc_c61726597ef3,,Portugal safe interior v3 from the 1751 Vaugondy sheets; positional uncertainty 12.33 km replaces 34.61 km
rev_e835eb4a565c,seven_years_war_1756_08_01,TERRESTRIAL_HEX,h6000_q-000627_r+000974,promo_c1d69cca569e,promo_b68466ea22a9,UNRESOLVED,CONTROLLED,,sp_fef06587fead,34.61,12.33,hsrc_c61726597ef3,,Portugal safe interior v3 from the 1751 Vaugondy sheets; positional uncertainty 12.33 km replaces 34.61 km
rev_f8846e638a74,seven_years_war_1756_08_01,TERRESTRIAL_HEX,h6000_q-000628_r+000974,promo_c1d69cca569e,promo_b68466ea22a9,UNRESOLVED,CONTROLLED,,sp_fef06587fead,34.61,12.33,hsrc_c61726597ef3,,Portugal safe interior v3 from the 1751 Vaugondy sheets; positional uncertainty 12.33 km replaces 34.61 km
rev_054db34b8f64,seven_years_war_1756_08_01,TERRESTRIAL_HEX,h6000_q-000626_r+000974,promo_c1d69cca569e,promo_b68466ea22a9,UNRESOLVED,CONTROLLED,,sp_fef06587fead,34.61,12.33,hsrc_c61726597ef3,,Portugal safe interior v3 from the 1751 Vaugondy sheets; positional uncertainty 12.33 km replaces 34.61 km
rev_438f83909a0e,seven_years_war_1756_08_01,TERRESTRIAL_HEX,h6000_q-000628_r+000975,promo_7c95358cf0a4,promo_b68466ea22a9,UNRESOLVED,CONTROLLED,,sp_fef06587fead,34.61,12.33,hsrc_c61726597ef3,,Portugal safe interior v3 from the 1751 Vaugondy sheets; positional uncertainty 12.33 km replaces 34.61 km
rev_0e6306582ef2,seven_years_war_1756_08_01,TERRESTRIAL_HEX,h6000_q-000627_r+000975,promo_c1d69cca569e,promo_b68466ea22a9,UNRESOLVED,CONTROLLED,,sp_fef06587fead,34.61,12.33,hsrc_c61726597ef3,,Portugal safe interior v3 from the 1751 Vaugondy sheets; positional uncertainty 12.33 km replaces 34.61 km
rev_df34be228926,seven_years_war_1756_08_01,TERRESTRIAL_HEX,h6000_q-000619_r+000972,promo_7c95358cf0a4,promo_b68466ea22a9,UNRESOLVED,CONTROLLED,,sp_fef06587fead,34.61,12.33,hsrc_c61726597ef3,,Portugal safe interior v3 from the 1751 Vaugondy sheets; positional uncertainty 12.33 km replaces 34.61 km
rev_d78c74be87a1,seven_years_war_1756_08_01,TERRESTRIAL_HEX,h6000_q-000620_r+000973,promo_7c95358cf0a4,promo_b68466ea22a9,UNRESOLVED,CONTROLLED,,sp_fef06587fead,34.61,12.33,hsrc_c61726597ef3,,Portugal safe interior v3 from the 1751 Vaugondy sheets; positional uncertainty 12.33 km replaces 34.61 km
rev_d1a8c5ce083b,seven_years_war_1756_08_01,TERRESTRIAL_HEX,h6000_q-000619_r+000973,promo_7c95358cf0a4,promo_b68466ea22a9,UNRESOLVED,CONTROLLED,,sp_fef06587fead,34.61,12.33,hsrc_c61726597ef3,,Portugal safe interior v3 from the 1751 Vaugondy sheets; positional uncertainty 12.33 km replaces 34.61 km
rev_15ac8f30ec84,seven_years_war_1756_08_01,TERRESTRIAL_HEX,h6000_q-000621_r+000974,promo_7c95358cf0a4,promo_b68466ea22a9,UNRESOLVED,CONTROLLED,,sp_fef06587fead,34.61,12.33,hsrc_c61726597ef3,,Portugal safe interior v3 from the 1751 Vaugondy sheets; positional uncertainty 12.33 km replaces 34.61 km
rev_83a7c917777c,seven_years_war_1756_08_01,TERRESTRIAL_HEX,h6000_q-000620_r+000974,promo_7c95358cf0a4,promo_b68466ea22a9,UNRESOLVED,CONTROLLED,,sp_fef06587fead,34.61,12.33,hsrc_c61726597ef3,,Portugal safe interior v3 from the 1751 Vaugondy sheets; positional uncertainty 12.33 km replaces 34.61 km
rev_004a13d3b19b,seven_years_war_1756_08_01,TERRESTRIAL_HEX,h6000_q-000622_r+000974,promo_7c95358cf0a4,promo_b68466ea22a9,UNRESOLVED,CONTROLLED,,sp_fef06587fead,34.61,12.33,hsrc_c61726597ef3,,Portugal safe interior v3 from the 1751 Vaugondy sheets; positional uncertainty 12.33 km replaces 34.61 km
rev_0e66f5bb6b80,seven_years_war_1756_08_01,TERRESTRIAL_HEX,h6000_q-000622_r+000975,promo_c1d69cca569e,promo_b68466ea22a9,UNRESOLVED,CONTROLLED,,sp_fef06587fead,34.61,12.33,hsrc_c61726597ef3,,Portugal safe interior v3 from the 1751 Vaugondy sheets; positional uncertainty 12.33 km replaces 34.61 km
rev_71d5347d0dab,seven_years_war_1756_08_01,TERRESTRIAL_HEX,h6000_q-000620_r+000975,promo_c1d69cca569e,promo_b68466ea22a9,UNRESOLVED,CONTROLLED,,sp_fef06587fead,34.61,12.33,hsrc_c61726597ef3,,Portugal safe interior v3 from the 1751 Vaugondy sheets; positional uncertainty 12.33 km replaces 34.61 km
rev_7d7b6cbef14b,seven_years_war_1756_08_01,TERRESTRIAL_HEX,h6000_q-000609_r+000947,promo_7c95358cf0a4,promo_b68466ea22a9,UNRESOLVED,CONTROLLED,,sp_fef06587fead,34.61,12.33,hsrc_c61726597ef3,,Portugal safe interior v3 from the 1751 Vaugondy sheets; positional uncertainty 12.33 km replaces 34.61 km
rev_af6e7774e87b,seven_years_war_1756_08_01,TERRESTRIAL_HEX,h6000_q-000610_r+000948,promo_7c95358cf0a4,promo_b68466ea22a9,UNRESOLVED,CONTROLLED,,sp_fef06587fead,34.61,12.33,hsrc_c61726597ef3,,Portugal safe interior v3 from the 1751 Vaugondy sheets; positional uncertainty 12.33 km replaces 34.61 km
rev_d2f35fdae77f,seven_years_war_1756_08_01,TERRESTRIAL_HEX,h6000_q-000610_r+000949,promo_7c95358cf0a4,promo_b68466ea22a9,UNRESOLVED,CONTROLLED,,sp_fef06587fead,34.61,12.33,hsrc_c61726597ef3,,Portugal safe interior v3 from the 1751 Vaugondy sheets; positional uncertainty 12.33 km replaces 34.61 km
rev_4c20be67dbd3,seven_years_war_1756_08_01,TERRESTRIAL_HEX,h6000_q-000611_r+000949,promo_7c95358cf0a4,promo_b68466ea22a9,UNRESOLVED,CONTROLLED,,sp_fef06587fead,34.61,12.33,hsrc_c61726597ef3,,Portugal safe interior v3 from the 1751 Vaugondy sheets; positional uncertainty 12.33 km replaces 34.61 km
rev_d3d2662e94d1,seven_years_war_1756_08_01,TERRESTRIAL_HEX,h6000_q-000612_r+000950,promo_7c95358cf0a4,promo_b68466ea22a9,UNRESOLVED,CONTROLLED,,sp_fef06587fead,34.61,12.33,hsrc_c61726597ef3,,Portugal safe interior v3 from the 1751 Vaugondy sheets; positional uncertainty 12.33 km replaces 34.61 km
rev_43b78f875c6c,seven_years_war_1756_08_01,TERRESTRIAL_HEX,h6000_q-000615_r+000951,promo_7c95358cf0a4,promo_b68466ea22a9,UNRESOLVED,CONTROLLED,,sp_fef06587fead,34.61,12.33,hsrc_c61726597ef3,,Portugal safe interior v3 from the 1751 Vaugondy sheets; positional uncertainty 12.33 km replaces 34.61 km
rev_c09877896dc0,seven_years_war_1756_08_01,TERRESTRIAL_HEX,h6000_q-000613_r+000950,promo_7c95358cf0a4,promo_b68466ea22a9,UNRESOLVED,CONTROLLED,,sp_fef06587fead,34.61,12.33,hsrc_c61726597ef3,,Portugal safe interior v3 from the 1751 Vaugondy sheets; positional uncertainty 12.33 km replaces 34.61 km
rev_0874f49a74aa,seven_years_war_1756_08_01,TERRESTRIAL_HEX,h6000_q-000614_r+000951,promo_7c95358cf0a4,promo_b68466ea22a9,UNRESOLVED,CONTROLLED,,sp_fef06587fead,34.61,12.33,hsrc_c61726597ef3,,Portugal safe interior v3 from the 1751 Vaugondy sheets; positional uncertainty 12.33 km replaces 34.61 km
rev_71d8f5720ecd,seven_years_war_1756_08_01,TERRESTRIAL_HEX,h6000_q-000618_r+000953,promo_7c95358cf0a4,promo_b68466ea22a9,UNRESOLVED,CONTROLLED,,sp_fef06587fead,34.61,12.33,hsrc_c61726597ef3,,Portugal safe interior v3 from the 1751 Vaugondy sheets; positional uncertainty 12.33 km replaces 34.61 km
rev_95b08a577f93,seven_years_war_1756_08_01,TERRESTRIAL_HEX,h6000_q-000619_r+000953,promo_7c95358cf0a4,promo_b68466ea22a9,UNRESOLVED,CONTROLLED,,sp_fef06587fead,34.61,12.33,hsrc_c61726597ef3,,Portugal safe interior v3 from the 1751 Vaugondy sheets; positional uncertainty 12.33 km replaces 34.61 km
rev_caf08f5dbef8,seven_years_war_1756_08_01,TERRESTRIAL_HEX,h6000_q-000616_r+000952,promo_7c95358cf0a4,promo_b68466ea22a9,UNRESOLVED,CONTROLLED,,sp_fef06587fead,34.61,12.33,hsrc_c61726597ef3,,Portugal safe interior v3 from the 1751 Vaugondy sheets; positional uncertainty 12.33 km replaces 34.61 km
rev_fb92ae6556e9,seven_years_war_1756_08_01,TERRESTRIAL_HEX,h6000_q-000615_r+000952,promo_7c95358cf0a4,promo_b68466ea22a9,UNRESOLVED,CONTROLLED,,sp_fef06587fead,34.61,12.33,hsrc_c61726597ef3,,Portugal safe interior v3 from the 1751 Vaugondy sheets; positional uncertainty 12.33 km replaces 34.61 km
rev_1bfffa01d35b,seven_years_war_1756_08_01,TERRESTRIAL_HEX,h6000_q-000617_r+000953,promo_7c95358cf0a4,promo_b68466ea22a9,UNRESOLVED,CONTROLLED,,sp_fef06587fead,34.61,12.33,hsrc_c61726597ef3,,Portugal safe interior v3 from the 1751 Vaugondy sheets; positional uncertainty 12.33 km replaces 34.61 km
rev_c69c426b311f,seven_years_war_1756_08_01,TERRESTRIAL_HEX,h6000_q-000616_r+000953,promo_7c95358cf0a4,promo_b68466ea22a9,UNRESOLVED,CONTROLLED,,sp_fef06587fead,34.61,12.33,hsrc_c61726597ef3,,Portugal safe interior v3 from the 1751 Vaugondy sheets; positional uncertainty 12.33 km replaces 34.61 km
rev_7cd0904826a1,seven_years_war_1756_08_01,TERRESTRIAL_HEX,h6000_q-000617_r+000954,promo_7c95358cf0a4,promo_b68466ea22a9,UNRESOLVED,CONTROLLED,,sp_fef06587fead,34.61,12.33,hsrc_c61726597ef3,,Portugal safe interior v3 from the 1751 Vaugondy sheets; positional uncertainty 12.33 km replaces 34.61 km
rev_0e5dd60924c7,seven_years_war_1756_08_01,TERRESTRIAL_HEX,h6000_q-000617_r+000955,promo_7c95358cf0a4,promo_b68466ea22a9,UNRESOLVED,CONTROLLED,,sp_fef06587fead,34.61,12.33,hsrc_c61726597ef3,,Portugal safe interior v3 from the 1751 Vaugondy sheets; positional uncertainty 12.33 km replaces 34.61 km
rev_f5722eb86150,seven_years_war_1756_08_01,TERRESTRIAL_HEX,h6000_q-000618_r+000956,promo_7c95358cf0a4,promo_b68466ea22a9,UNRESOLVED,CONTROLLED,,sp_fef06587fead,34.61,12.33,hsrc_c61726597ef3,,Portugal safe interior v3 from the 1751 Vaugondy sheets; positional uncertainty 12.33 km replaces 34.61 km
rev_ee300058b8d4,seven_years_war_1756_08_01,TERRESTRIAL_HEX,h6000_q-000619_r+000957,promo_7c95358cf0a4,promo_b68466ea22a9,UNRESOLVED,CONTROLLED,,sp_fef06587fead,34.61,12.33,hsrc_c61726597ef3,,Portugal safe interior v3 from the 1751 Vaugondy sheets; positional uncertainty 12.33 km replaces 34.61 km
rev_9ca432c7990b,seven_years_war_1756_08_01,TERRESTRIAL_HEX,h6000_q-000615_r+000957,promo_7c95358cf0a4,promo_b68466ea22a9,UNRESOLVED,CONTROLLED,,sp_fef06587fead,34.61,12.33,hsrc_c61726597ef3,,Portugal safe interior v3 from the 1751 Vaugondy sheets; positional uncertainty 12.33 km replaces 34.61 km
rev_7041634959e0,seven_years_war_1756_08_01,TERRESTRIAL_HEX,h6000_q-000614_r+000957,promo_7c95358cf0a4,promo_b68466ea22a9,UNRESOLVED,CONTROLLED,,sp_fef06587fead,34.61,12.33,hsrc_c61726597ef3,,Portugal safe interior v3 from the 1751 Vaugondy sheets; positional uncertainty 12.33 km replaces 34.61 km
rev_ed9bebd83d60,seven_years_war_1756_08_01,TERRESTRIAL_HEX,h6000_q-000616_r+000958,promo_7c95358cf0a4,promo_b68466ea22a9,UNRESOLVED,CONTROLLED,,sp_fef06587fead,34.61,12.33,hsrc_c61726597ef3,,Portugal safe interior v3 from the 1751 Vaugondy sheets; positional uncertainty 12.33 km replaces 34.61 km
rev_84c71d423d66,seven_years_war_1756_08_01,TERRESTRIAL_HEX,h6000_q-000615_r+000958,promo_7c95358cf0a4,promo_b68466ea22a9,UNRESOLVED,CONTROLLED,,sp_fef06587fead,34.61,12.33,hsrc_c61726597ef3,,Portugal safe interior v3 from the 1751 Vaugondy sheets; positional uncertainty 12.33 km replaces 34.61 km
rev_d3e9896edf87,seven_years_war_1756_08_01,TERRESTRIAL_HEX,h6000_q-000616_r+000959,promo_7c95358cf0a4,promo_b68466ea22a9,UNRESOLVED,CONTROLLED,,sp_fef06587fead,34.61,12.33,hsrc_c61726597ef3,,Portugal safe interior v3 from the 1751 Vaugondy sheets; positional uncertainty 12.33 km replaces 34.61 km
rev_3867883fdb14,seven_years_war_1756_08_01,TERRESTRIAL_HEX,h6000_q-000615_r+000959,promo_c1d69cca569e,promo_b68466ea22a9,UNRESOLVED,CONTROLLED,,sp_fef06587fead,34.61,12.33,hsrc_c61726597ef3,,Portugal safe interior v3 from the 1751 Vaugondy sheets; positional uncertainty 12.33 km replaces 34.61 km
rev_c87a505708da,seven_years_war_1756_08_01,TERRESTRIAL_HEX,h6000_q-000619_r+000958,promo_7c95358cf0a4,promo_b68466ea22a9,UNRESOLVED,CONTROLLED,,sp_fef06587fead,34.61,12.33,hsrc_c61726597ef3,,Portugal safe interior v3 from the 1751 Vaugondy sheets; positional uncertainty 12.33 km replaces 34.61 km
rev_bb6a9208b376,seven_years_war_1756_08_01,TERRESTRIAL_HEX,h6000_q-000620_r+000959,promo_7c95358cf0a4,promo_b68466ea22a9,UNRESOLVED,CONTROLLED,,sp_fef06587fead,34.61,12.33,hsrc_c61726597ef3,,Portugal safe interior v3 from the 1751 Vaugondy sheets; positional uncertainty 12.33 km replaces 34.61 km
rev_cc2b9f50d76d,seven_years_war_1756_08_01,TERRESTRIAL_HEX,h6000_q-000620_r+000960,promo_7c95358cf0a4,promo_b68466ea22a9,UNRESOLVED,CONTROLLED,,sp_fef06587fead,34.61,12.33,hsrc_c61726597ef3,,Portugal safe interior v3 from the 1751 Vaugondy sheets; positional uncertainty 12.33 km replaces 34.61 km
rev_c211b29f621f,seven_years_war_1756_08_01,TERRESTRIAL_HEX,h6000_q-000620_r+000961,promo_7c95358cf0a4,promo_b68466ea22a9,UNRESOLVED,CONTROLLED,,sp_fef06587fead,34.61,12.33,hsrc_c61726597ef3,,Portugal safe interior v3 from the 1751 Vaugondy sheets; positional uncertainty 12.33 km replaces 34.61 km
rev_911f691fefe0,seven_years_war_1756_08_01,TERRESTRIAL_HEX,h6000_q-000619_r+000961,promo_7c95358cf0a4,promo_b68466ea22a9,UNRESOLVED,CONTROLLED,,sp_fef06587fead,34.61,12.33,hsrc_c61726597ef3,,Portugal safe interior v3 from the 1751 Vaugondy sheets; positional uncertainty 12.33 km replaces 34.61 km
rev_275ba1944b30,seven_years_war_1756_08_01,TERRESTRIAL_HEX,h6000_q-000620_r+000962,promo_7c95358cf0a4,promo_b68466ea22a9,UNRESOLVED,CONTROLLED,,sp_fef06587fead,34.61,12.33,hsrc_c61726597ef3,,Portugal safe interior v3 from the 1751 Vaugondy sheets; positional uncertainty 12.33 km replaces 34.61 km
rev_be80f439e65b,seven_years_war_1756_08_01,TERRESTRIAL_HEX,h6000_q-000617_r+000959,promo_7c95358cf0a4,promo_b68466ea22a9,UNRESOLVED,CONTROLLED,,sp_fef06587fead,34.61,12.33,hsrc_c61726597ef3,,Portugal safe interior v3 from the 1751 Vaugondy sheets; positional uncertainty 12.33 km replaces 34.61 km
rev_ab016fb5def1,seven_years_war_1756_08_01,TERRESTRIAL_HEX,h6000_q-000618_r+000960,promo_7c95358cf0a4,promo_b68466ea22a9,UNRESOLVED,CONTROLLED,,sp_fef06587fead,34.61,12.33,hsrc_c61726597ef3,,Portugal safe interior v3 from the 1751 Vaugondy sheets; positional uncertainty 12.33 km replaces 34.61 km
rev_fa664d454082,seven_years_war_1756_08_01,TERRESTRIAL_HEX,h6000_q-000617_r+000960,promo_7c95358cf0a4,promo_b68466ea22a9,UNRESOLVED,CONTROLLED,,sp_fef06587fead,34.61,12.33,hsrc_c61726597ef3,,Portugal safe interior v3 from the 1751 Vaugondy sheets; positional uncertainty 12.33 km replaces 34.61 km
rev_82bc37c9f583,seven_years_war_1756_08_01,TERRESTRIAL_HEX,h6000_q-000616_r+000960,promo_c1d69cca569e,promo_b68466ea22a9,UNRESOLVED,CONTROLLED,,sp_fef06587fead,34.61,12.33,hsrc_c61726597ef3,,Portugal safe interior v3 from the 1751 Vaugondy sheets; positional uncertainty 12.33 km replaces 34.61 km
rev_a1bf3507ddea,seven_years_war_1756_08_01,TERRESTRIAL_HEX,h6000_q-000618_r+000961,promo_7c95358cf0a4,promo_b68466ea22a9,UNRESOLVED,CONTROLLED,,sp_fef06587fead,34.61,12.33,hsrc_c61726597ef3,,Portugal safe interior v3 from the 1751 Vaugondy sheets; positional uncertainty 12.33 km replaces 34.61 km
rev_47d3fa76ecd8,seven_years_war_1756_08_01,TERRESTRIAL_HEX,h6000_q-000616_r+000961,promo_c1d69cca569e,promo_b68466ea22a9,UNRESOLVED,CONTROLLED,,sp_fef06587fead,34.61,12.33,hsrc_c61726597ef3,,Portugal safe interior v3 from the 1751 Vaugondy sheets; positional uncertainty 12.33 km replaces 34.61 km
rev_ef888c2e76ef,seven_years_war_1756_08_01,TERRESTRIAL_HEX,h6000_q-000617_r+000961,promo_c1d69cca569e,promo_b68466ea22a9,UNRESOLVED,CONTROLLED,,sp_fef06587fead,34.61,12.33,hsrc_c61726597ef3,,Portugal safe interior v3 from the 1751 Vaugondy sheets; positional uncertainty 12.33 km replaces 34.61 km
rev_8e90267ee3dd,seven_years_war_1756_08_01,TERRESTRIAL_HEX,h6000_q-000617_r+000962,promo_c1d69cca569e,promo_b68466ea22a9,UNRESOLVED,CONTROLLED,,sp_fef06587fead,34.61,12.33,hsrc_c61726597ef3,,Portugal safe interior v3 from the 1751 Vaugondy sheets; positional uncertainty 12.33 km replaces 34.61 km
rev_56201e3f7aa2,seven_years_war_1756_08_01,TERRESTRIAL_HEX,h6000_q-000618_r+000962,promo_c1d69cca569e,promo_b68466ea22a9,UNRESOLVED,CONTROLLED,,sp_fef06587fead,34.61,12.33,hsrc_c61726597ef3,,Portugal safe interior v3 from the 1751 Vaugondy sheets; positional uncertainty 12.33 km replaces 34.61 km
rev_6b7199e6f4e7,seven_years_war_1756_08_01,TERRESTRIAL_HEX,h6000_q-000619_r+000962,promo_7c95358cf0a4,promo_b68466ea22a9,UNRESOLVED,CONTROLLED,,sp_fef06587fead,34.61,12.33,hsrc_c61726597ef3,,Portugal safe interior v3 from the 1751 Vaugondy sheets; positional uncertainty 12.33 km replaces 34.61 km
rev_bfbe3ec8ac30,seven_years_war_1756_08_01,TERRESTRIAL_HEX,h6000_q-000629_r+000951,promo_7c95358cf0a4,promo_b68466ea22a9,UNRESOLVED,CONTROLLED,,sp_fef06587fead,34.61,12.33,hsrc_c61726597ef3,,Portugal safe interior v3 from the 1751 Vaugondy sheets; positional uncertainty 12.33 km replaces 34.61 km
rev_f05c65d1cdf4,seven_years_war_1756_08_01,TERRESTRIAL_HEX,h6000_q-000630_r+000952,promo_7c95358cf0a4,promo_b68466ea22a9,UNRESOLVED,CONTROLLED,,sp_fef06587fead,34.61,12.33,hsrc_c61726597ef3,,Portugal safe interior v3 from the 1751 Vaugondy sheets; positional uncertainty 12.33 km replaces 34.61 km
rev_53a7ecbdc5c2,seven_years_war_1756_08_01,TERRESTRIAL_HEX,h6000_q-000632_r+000952,promo_7c95358cf0a4,promo_b68466ea22a9,UNRESOLVED,CONTROLLED,,sp_fef06587fead,34.61,12.33,hsrc_c61726597ef3,,Portugal safe interior v3 from the 1751 Vaugondy sheets; positional uncertainty 12.33 km replaces 34.61 km
rev_be75face407c,seven_years_war_1756_08_01,TERRESTRIAL_HEX,h6000_q-000631_r+000952,promo_7c95358cf0a4,promo_b68466ea22a9,UNRESOLVED,CONTROLLED,,sp_fef06587fead,34.61,12.33,hsrc_c61726597ef3,,Portugal safe interior v3 from the 1751 Vaugondy sheets; positional uncertainty 12.33 km replaces 34.61 km
rev_1b6be16f194f,seven_years_war_1756_08_01,TERRESTRIAL_HEX,h6000_q-000631_r+000953,promo_7c95358cf0a4,promo_b68466ea22a9,UNRESOLVED,CONTROLLED,,sp_fef06587fead,34.61,12.33,hsrc_c61726597ef3,,Portugal safe interior v3 from the 1751 Vaugondy sheets; positional uncertainty 12.33 km replaces 34.61 km
rev_bed4b2ddcdda,seven_years_war_1756_08_01,TERRESTRIAL_HEX,h6000_q-000630_r+000953,promo_7c95358cf0a4,promo_b68466ea22a9,UNRESOLVED,CONTROLLED,,sp_fef06587fead,34.61,12.33,hsrc_c61726597ef3,,Portugal safe interior v3 from the 1751 Vaugondy sheets; positional uncertainty 12.33 km replaces 34.61 km
rev_a1aa88396033,seven_years_war_1756_08_01,TERRESTRIAL_HEX,h6000_q-000635_r+000950,promo_7c95358cf0a4,promo_b68466ea22a9,UNRESOLVED,CONTROLLED,,sp_fef06587fead,34.61,12.33,hsrc_c61726597ef3,,Portugal safe interior v3 from the 1751 Vaugondy sheets; positional uncertainty 12.33 km replaces 34.61 km
rev_f01e3ebc6f3b,seven_years_war_1756_08_01,TERRESTRIAL_HEX,h6000_q-000635_r+000951,promo_7c95358cf0a4,promo_b68466ea22a9,UNRESOLVED,CONTROLLED,,sp_fef06587fead,34.61,12.33,hsrc_c61726597ef3,,Portugal safe interior v3 from the 1751 Vaugondy sheets; positional uncertainty 12.33 km replaces 34.61 km
rev_d089c47436a4,seven_years_war_1756_08_01,TERRESTRIAL_HEX,h6000_q-000636_r+000951,promo_7c95358cf0a4,promo_b68466ea22a9,UNRESOLVED,CONTROLLED,,sp_fef06587fead,34.61,12.33,hsrc_c61726597ef3,,Portugal safe interior v3 from the 1751 Vaugondy sheets; positional uncertainty 12.33 km replaces 34.61 km
rev_ff951c109b11,seven_years_war_1756_08_01,TERRESTRIAL_HEX,h6000_q-000636_r+000952,promo_7c95358cf0a4,promo_b68466ea22a9,UNRESOLVED,CONTROLLED,,sp_fef06587fead,34.61,12.33,hsrc_c61726597ef3,,Portugal safe interior v3 from the 1751 Vaugondy sheets; positional uncertainty 12.33 km replaces 34.61 km
rev_5906c5238dda,seven_years_war_1756_08_01,TERRESTRIAL_HEX,h6000_q-000632_r+000953,promo_7c95358cf0a4,promo_b68466ea22a9,UNRESOLVED,CONTROLLED,,sp_fef06587fead,34.61,12.33,hsrc_c61726597ef3,,Portugal safe interior v3 from the 1751 Vaugondy sheets; positional uncertainty 12.33 km replaces 34.61 km
rev_78719308dfca,seven_years_war_1756_08_01,TERRESTRIAL_HEX,h6000_q-000631_r+000954,promo_7c95358cf0a4,promo_b68466ea22a9,UNRESOLVED,CONTROLLED,,sp_fef06587fead,34.61,12.33,hsrc_c61726597ef3,,Portugal safe interior v3 from the 1751 Vaugondy sheets; positional uncertainty 12.33 km replaces 34.61 km
rev_39a15b244d33,seven_years_war_1756_08_01,TERRESTRIAL_HEX,h6000_q-000633_r+000954,promo_7c95358cf0a4,promo_b68466ea22a9,UNRESOLVED,CONTROLLED,,sp_fef06587fead,34.61,12.33,hsrc_c61726597ef3,,Portugal safe interior v3 from the 1751 Vaugondy sheets; positional uncertainty 12.33 km replaces 34.61 km
rev_7c6c69c04bae,seven_years_war_1756_08_01,TERRESTRIAL_HEX,h6000_q-000632_r+000954,promo_7c95358cf0a4,promo_b68466ea22a9,UNRESOLVED,CONTROLLED,,sp_fef06587fead,34.61,12.33,hsrc_c61726597ef3,,Portugal safe interior v3 from the 1751 Vaugondy sheets; positional uncertainty 12.33 km replaces 34.61 km
rev_a85927a9d574,seven_years_war_1756_08_01,TERRESTRIAL_HEX,h6000_q-000632_r+000955,promo_7c95358cf0a4,promo_b68466ea22a9,UNRESOLVED,CONTROLLED,,sp_fef06587fead,34.61,12.33,hsrc_c61726597ef3,,Portugal safe interior v3 from the 1751 Vaugondy sheets; positional uncertainty 12.33 km replaces 34.61 km
rev_7fcc0d66589f,seven_years_war_1756_08_01,TERRESTRIAL_HEX,h6000_q-000631_r+000955,promo_7c95358cf0a4,promo_b68466ea22a9,UNRESOLVED,CONTROLLED,,sp_fef06587fead,34.61,12.33,hsrc_c61726597ef3,,Portugal safe interior v3 from the 1751 Vaugondy sheets; positional uncertainty 12.33 km replaces 34.61 km
rev_f21f0f34a139,seven_years_war_1756_08_01,TERRESTRIAL_HEX,h6000_q-000633_r+000955,promo_7c95358cf0a4,promo_b68466ea22a9,UNRESOLVED,CONTROLLED,,sp_fef06587fead,34.61,12.33,hsrc_c61726597ef3,,Portugal safe interior v3 from the 1751 Vaugondy sheets; positional uncertainty 12.33 km replaces 34.61 km
rev_b248801e926f,seven_years_war_1756_08_01,TERRESTRIAL_HEX,h6000_q-000633_r+000956,promo_7c95358cf0a4,promo_b68466ea22a9,UNRESOLVED,CONTROLLED,,sp_fef06587fead,34.61,12.33,hsrc_c61726597ef3,,Portugal safe interior v3 from the 1751 Vaugondy sheets; positional uncertainty 12.33 km replaces 34.61 km
rev_456c57334b8c,seven_years_war_1756_08_01,TERRESTRIAL_HEX,h6000_q-000632_r+000956,promo_7c95358cf0a4,promo_b68466ea22a9,UNRESOLVED,CONTROLLED,,sp_fef06587fead,34.61,12.33,hsrc_c61726597ef3,,Portugal safe interior v3 from the 1751 Vaugondy sheets; positional uncertainty 12.33 km replaces 34.61 km
rev_710323a7e3ee,seven_years_war_1756_08_01,TERRESTRIAL_HEX,h6000_q-000634_r+000956,promo_7c95358cf0a4,promo_b68466ea22a9,UNRESOLVED,CONTROLLED,,sp_fef06587fead,34.61,12.33,hsrc_c61726597ef3,,Portugal safe interior v3 from the 1751 Vaugondy sheets; positional uncertainty 12.33 km replaces 34.61 km
rev_926c49c72af3,seven_years_war_1756_08_01,TERRESTRIAL_HEX,h6000_q-000635_r+000953,promo_7c95358cf0a4,promo_b68466ea22a9,UNRESOLVED,CONTROLLED,,sp_fef06587fead,34.61,12.33,hsrc_c61726597ef3,,Portugal safe interior v3 from the 1751 Vaugondy sheets; positional uncertainty 12.33 km replaces 34.61 km
rev_f2cfee70d63d,seven_years_war_1756_08_01,TERRESTRIAL_HEX,h6000_q-000633_r+000953,promo_7c95358cf0a4,promo_b68466ea22a9,UNRESOLVED,CONTROLLED,,sp_fef06587fead,34.61,12.33,hsrc_c61726597ef3,,Portugal safe interior v3 from the 1751 Vaugondy sheets; positional uncertainty 12.33 km replaces 34.61 km
rev_bb146511386b,seven_years_war_1756_08_01,TERRESTRIAL_HEX,h6000_q-000634_r+000954,promo_7c95358cf0a4,promo_b68466ea22a9,UNRESOLVED,CONTROLLED,,sp_fef06587fead,34.61,12.33,hsrc_c61726597ef3,,Portugal safe interior v3 from the 1751 Vaugondy sheets; positional uncertainty 12.33 km replaces 34.61 km
rev_c924b6d17f81,seven_years_war_1756_08_01,TERRESTRIAL_HEX,h6000_q-000635_r+000954,promo_7c95358cf0a4,promo_b68466ea22a9,UNRESOLVED,CONTROLLED,,sp_fef06587fead,34.61,12.33,hsrc_c61726597ef3,,Portugal safe interior v3 from the 1751 Vaugondy sheets; positional uncertainty 12.33 km replaces 34.61 km
rev_d6f4034cfe87,seven_years_war_1756_08_01,TERRESTRIAL_HEX,h6000_q-000636_r+000954,promo_7c95358cf0a4,promo_b68466ea22a9,UNRESOLVED,CONTROLLED,,sp_fef06587fead,34.61,12.33,hsrc_c61726597ef3,,Portugal safe interior v3 from the 1751 Vaugondy sheets; positional uncertainty 12.33 km replaces 34.61 km
rev_4cb9c0169feb,seven_years_war_1756_08_01,TERRESTRIAL_HEX,h6000_q-000635_r+000955,promo_7c95358cf0a4,promo_b68466ea22a9,UNRESOLVED,CONTROLLED,,sp_fef06587fead,34.61,12.33,hsrc_c61726597ef3,,Portugal safe interior v3 from the 1751 Vaugondy sheets; positional uncertainty 12.33 km replaces 34.61 km
rev_cd9f1c0fcad9,seven_years_war_1756_08_01,TERRESTRIAL_HEX,h6000_q-000634_r+000955,promo_7c95358cf0a4,promo_b68466ea22a9,UNRESOLVED,CONTROLLED,,sp_fef06587fead,34.61,12.33,hsrc_c61726597ef3,,Portugal safe interior v3 from the 1751 Vaugondy sheets; positional uncertainty 12.33 km replaces 34.61 km
rev_a9dc8c988483,seven_years_war_1756_08_01,TERRESTRIAL_HEX,h6000_q-000636_r+000955,promo_7c95358cf0a4,promo_b68466ea22a9,UNRESOLVED,CONTROLLED,,sp_fef06587fead,34.61,12.33,hsrc_c61726597ef3,,Portugal safe interior v3 from the 1751 Vaugondy sheets; positional uncertainty 12.33 km replaces 34.61 km
rev_5adfb1de0c92,seven_years_war_1756_08_01,TERRESTRIAL_HEX,h6000_q-000637_r+000956,promo_7c95358cf0a4,promo_b68466ea22a9,UNRESOLVED,CONTROLLED,,sp_fef06587fead,34.61,12.33,hsrc_c61726597ef3,,Portugal safe interior v3 from the 1751 Vaugondy sheets; positional uncertainty 12.33 km replaces 34.61 km
rev_867fea6a894e,seven_years_war_1756_08_01,TERRESTRIAL_HEX,h6000_q-000636_r+000953,promo_7c95358cf0a4,promo_b68466ea22a9,UNRESOLVED,CONTROLLED,,sp_fef06587fead,34.61,12.33,hsrc_c61726597ef3,,Portugal safe interior v3 from the 1751 Vaugondy sheets; positional uncertainty 12.33 km replaces 34.61 km
rev_6dbf66c04e02,seven_years_war_1756_08_01,TERRESTRIAL_HEX,h6000_q-000637_r+000954,promo_7c95358cf0a4,promo_b68466ea22a9,UNRESOLVED,CONTROLLED,,sp_fef06587fead,34.61,12.33,hsrc_c61726597ef3,,Portugal safe interior v3 from the 1751 Vaugondy sheets; positional uncertainty 12.33 km replaces 34.61 km
rev_c90826212119,seven_years_war_1756_08_01,TERRESTRIAL_HEX,h6000_q-000637_r+000955,promo_7c95358cf0a4,promo_b68466ea22a9,UNRESOLVED,CONTROLLED,,sp_fef06587fead,34.61,12.33,hsrc_c61726597ef3,,Portugal safe interior v3 from the 1751 Vaugondy sheets; positional uncertainty 12.33 km replaces 34.61 km
rev_f94109c6239e,seven_years_war_1756_08_01,TERRESTRIAL_HEX,h6000_q-000637_r+000957,promo_7c95358cf0a4,promo_b68466ea22a9,UNRESOLVED,CONTROLLED,,sp_fef06587fead,34.61,12.33,hsrc_c61726597ef3,,Portugal safe interior v3 from the 1751 Vaugondy sheets; positional uncertainty 12.33 km replaces 34.61 km
rev_a3fe725d27b5,seven_years_war_1756_08_01,TERRESTRIAL_HEX,h6000_q-000637_r+000958,promo_7c95358cf0a4,promo_b68466ea22a9,UNRESOLVED,CONTROLLED,,sp_fef06587fead,34.61,12.33,hsrc_c61726597ef3,,Portugal safe interior v3 from the 1751 Vaugondy sheets; positional uncertainty 12.33 km replaces 34.61 km
rev_68ab2f28e0d0,seven_years_war_1756_08_01,TERRESTRIAL_HEX,h6000_q-000638_r+000958,promo_7c95358cf0a4,promo_b68466ea22a9,UNRESOLVED,CONTROLLED,,sp_fef06587fead,34.61,12.33,hsrc_c61726597ef3,,Portugal safe interior v3 from the 1751 Vaugondy sheets; positional uncertainty 12.33 km replaces 34.61 km
rev_d0aa4b412e42,seven_years_war_1756_08_01,TERRESTRIAL_HEX,h6000_q-000638_r+000959,promo_7c95358cf0a4,promo_b68466ea22a9,UNRESOLVED,CONTROLLED,,sp_fef06587fead,34.61,12.33,hsrc_c61726597ef3,,Portugal safe interior v3 from the 1751 Vaugondy sheets; positional uncertainty 12.33 km replaces 34.61 km
rev_b3ef16369a9e,seven_years_war_1756_08_01,TERRESTRIAL_HEX,h6000_q-000637_r+000959,promo_7c95358cf0a4,promo_b68466ea22a9,UNRESOLVED,CONTROLLED,,sp_fef06587fead,34.61,12.33,hsrc_c61726597ef3,,Portugal safe interior v3 from the 1751 Vaugondy sheets; positional uncertainty 12.33 km replaces 34.61 km
rev_8f2e33a2286e,seven_years_war_1756_08_01,TERRESTRIAL_HEX,h6000_q-000638_r+000957,promo_7c95358cf0a4,promo_b68466ea22a9,UNRESOLVED,CONTROLLED,,sp_fef06587fead,34.61,12.33,hsrc_c61726597ef3,,Portugal safe interior v3 from the 1751 Vaugondy sheets; positional uncertainty 12.33 km replaces 34.61 km
rev_b05ecefb1749,seven_years_war_1756_08_01,TERRESTRIAL_HEX,h6000_q-000632_r+000957,promo_7c95358cf0a4,promo_b68466ea22a9,UNRESOLVED,CONTROLLED,,sp_fef06587fead,34.61,12.33,hsrc_c61726597ef3,,Portugal safe interior v3 from the 1751 Vaugondy sheets; positional uncertainty 12.33 km replaces 34.61 km
rev_754ba9f40640,seven_years_war_1756_08_01,TERRESTRIAL_HEX,h6000_q-000633_r+000957,promo_7c95358cf0a4,promo_b68466ea22a9,UNRESOLVED,CONTROLLED,,sp_fef06587fead,34.61,12.33,hsrc_c61726597ef3,,Portugal safe interior v3 from the 1751 Vaugondy sheets; positional uncertainty 12.33 km replaces 34.61 km
rev_379d25ffc7a5,seven_years_war_1756_08_01,TERRESTRIAL_HEX,h6000_q-000634_r+000957,promo_7c95358cf0a4,promo_b68466ea22a9,UNRESOLVED,CONTROLLED,,sp_fef06587fead,34.61,12.33,hsrc_c61726597ef3,,Portugal safe interior v3 from the 1751 Vaugondy sheets; positional uncertainty 12.33 km replaces 34.61 km
rev_35e560cd74b0,seven_years_war_1756_08_01,TERRESTRIAL_HEX,h6000_q-000633_r+000958,promo_7c95358cf0a4,promo_b68466ea22a9,UNRESOLVED,CONTROLLED,,sp_fef06587fead,34.61,12.33,hsrc_c61726597ef3,,Portugal safe interior v3 from the 1751 Vaugondy sheets; positional uncertainty 12.33 km replaces 34.61 km
rev_e2c8418e204d,seven_years_war_1756_08_01,TERRESTRIAL_HEX,h6000_q-000634_r+000958,promo_7c95358cf0a4,promo_b68466ea22a9,UNRESOLVED,CONTROLLED,,sp_fef06587fead,34.61,12.33,hsrc_c61726597ef3,,Portugal safe interior v3 from the 1751 Vaugondy sheets; positional uncertainty 12.33 km replaces 34.61 km
rev_7ee72ee3327f,seven_years_war_1756_08_01,TERRESTRIAL_HEX,h6000_q-000634_r+000959,promo_7c95358cf0a4,promo_b68466ea22a9,UNRESOLVED,CONTROLLED,,sp_fef06587fead,34.61,12.33,hsrc_c61726597ef3,,Portugal safe interior v3 from the 1751 Vaugondy sheets; positional uncertainty 12.33 km replaces 34.61 km
rev_42743bea1997,seven_years_war_1756_08_01,TERRESTRIAL_HEX,h6000_q-000633_r+000959,promo_7c95358cf0a4,promo_b68466ea22a9,UNRESOLVED,CONTROLLED,,sp_fef06587fead,34.61,12.33,hsrc_c61726597ef3,,Portugal safe interior v3 from the 1751 Vaugondy sheets; positional uncertainty 12.33 km replaces 34.61 km
rev_f03cdfe93b30,seven_years_war_1756_08_01,TERRESTRIAL_HEX,h6000_q-000634_r+000960,promo_7c95358cf0a4,promo_b68466ea22a9,UNRESOLVED,CONTROLLED,,sp_fef06587fead,34.61,12.33,hsrc_c61726597ef3,,Portugal safe interior v3 from the 1751 Vaugondy sheets; positional uncertainty 12.33 km replaces 34.61 km
rev_4a4886f786de,seven_years_war_1756_08_01,TERRESTRIAL_HEX,h6000_q-000635_r+000960,promo_7c95358cf0a4,promo_b68466ea22a9,UNRESOLVED,CONTROLLED,,sp_fef06587fead,34.61,12.33,hsrc_c61726597ef3,,Portugal safe interior v3 from the 1751 Vaugondy sheets; positional uncertainty 12.33 km replaces 34.61 km
rev_f91b8d1e03c6,seven_years_war_1756_08_01,TERRESTRIAL_HEX,h6000_q-000634_r+000961,promo_7c95358cf0a4,promo_b68466ea22a9,UNRESOLVED,CONTROLLED,,sp_fef06587fead,34.61,12.33,hsrc_c61726597ef3,,Portugal safe interior v3 from the 1751 Vaugondy sheets; positional uncertainty 12.33 km replaces 34.61 km
rev_a1f828f7ab64,seven_years_war_1756_08_01,TERRESTRIAL_HEX,h6000_q-000635_r+000961,promo_7c95358cf0a4,promo_b68466ea22a9,UNRESOLVED,CONTROLLED,,sp_fef06587fead,34.61,12.33,hsrc_c61726597ef3,,Portugal safe interior v3 from the 1751 Vaugondy sheets; positional uncertainty 12.33 km replaces 34.61 km
rev_3198339d0a5e,seven_years_war_1756_08_01,TERRESTRIAL_HEX,h6000_q-000636_r+000961,promo_7c95358cf0a4,promo_b68466ea22a9,UNRESOLVED,CONTROLLED,,sp_fef06587fead,34.61,12.33,hsrc_c61726597ef3,,Portugal safe interior v3 from the 1751 Vaugondy sheets; positional uncertainty 12.33 km replaces 34.61 km
rev_34f7676f7f73,seven_years_war_1756_08_01,TERRESTRIAL_HEX,h6000_q-000637_r+000962,promo_7c95358cf0a4,promo_b68466ea22a9,UNRESOLVED,CONTROLLED,,sp_fef06587fead,34.61,12.33,hsrc_c61726597ef3,,Portugal safe interior v3 from the 1751 Vaugondy sheets; positional uncertainty 12.33 km replaces 34.61 km
rev_a14bdb4fe71e,seven_years_war_1756_08_01,TERRESTRIAL_HEX,h6000_q-000635_r+000962,promo_7c95358cf0a4,promo_b68466ea22a9,UNRESOLVED,CONTROLLED,,sp_fef06587fead,34.61,12.33,hsrc_c61726597ef3,,Portugal safe interior v3 from the 1751 Vaugondy sheets; positional uncertainty 12.33 km replaces 34.61 km
rev_90d83909f93b,seven_years_war_1756_08_01,TERRESTRIAL_HEX,h6000_q-000636_r+000962,promo_7c95358cf0a4,promo_b68466ea22a9,UNRESOLVED,CONTROLLED,,sp_fef06587fead,34.61,12.33,hsrc_c61726597ef3,,Portugal safe interior v3 from the 1751 Vaugondy sheets; positional uncertainty 12.33 km replaces 34.61 km
rev_b608d63b14f4,seven_years_war_1756_08_01,TERRESTRIAL_HEX,h6000_q-000636_r+000963,promo_7c95358cf0a4,promo_b68466ea22a9,UNRESOLVED,CONTROLLED,,sp_fef06587fead,34.61,12.33,hsrc_c61726597ef3,,Portugal safe interior v3 from the 1751 Vaugondy sheets; positional uncertainty 12.33 km replaces 34.61 km
rev_d7959fef9278,seven_years_war_1756_08_01,TERRESTRIAL_HEX,h6000_q-000637_r+000963,promo_7c95358cf0a4,promo_b68466ea22a9,UNRESOLVED,CONTROLLED,,sp_fef06587fead,34.61,12.33,hsrc_c61726597ef3,,Portugal safe interior v3 from the 1751 Vaugondy sheets; positional uncertainty 12.33 km replaces 34.61 km
rev_187ea90b94e6,seven_years_war_1756_08_01,TERRESTRIAL_HEX,h6000_q-000638_r+000960,promo_7c95358cf0a4,promo_b68466ea22a9,UNRESOLVED,CONTROLLED,,sp_fef06587fead,34.61,12.33,hsrc_c61726597ef3,,Portugal safe interior v3 from the 1751 Vaugondy sheets; positional uncertainty 12.33 km replaces 34.61 km
rev_3bf4c733a61e,seven_years_war_1756_08_01,TERRESTRIAL_HEX,h6000_q-000639_r+000961,promo_7c95358cf0a4,promo_b68466ea22a9,UNRESOLVED,CONTROLLED,,sp_fef06587fead,34.61,12.33,hsrc_c61726597ef3,,Portugal safe interior v3 from the 1751 Vaugondy sheets; positional uncertainty 12.33 km replaces 34.61 km
rev_cdf60835284e,seven_years_war_1756_08_01,TERRESTRIAL_HEX,h6000_q-000638_r+000961,promo_7c95358cf0a4,promo_b68466ea22a9,UNRESOLVED,CONTROLLED,,sp_fef06587fead,34.61,12.33,hsrc_c61726597ef3,,Portugal safe interior v3 from the 1751 Vaugondy sheets; positional uncertainty 12.33 km replaces 34.61 km
rev_c3aecadae25b,seven_years_war_1756_08_01,TERRESTRIAL_HEX,h6000_q-000638_r+000962,promo_7c95358cf0a4,promo_b68466ea22a9,UNRESOLVED,CONTROLLED,,sp_fef06587fead,34.61,12.33,hsrc_c61726597ef3,,Portugal safe interior v3 from the 1751 Vaugondy sheets; positional uncertainty 12.33 km replaces 34.61 km
rev_74067bd89785,seven_years_war_1756_08_01,TERRESTRIAL_HEX,h6000_q-000639_r+000962,promo_7c95358cf0a4,promo_b68466ea22a9,UNRESOLVED,CONTROLLED,,sp_fef06587fead,34.61,12.33,hsrc_c61726597ef3,,Portugal safe interior v3 from the 1751 Vaugondy sheets; positional uncertainty 12.33 km replaces 34.61 km
rev_4b2060e35fcd,seven_years_war_1756_08_01,TERRESTRIAL_HEX,h6000_q-000638_r+000963,promo_7c95358cf0a4,promo_b68466ea22a9,UNRESOLVED,CONTROLLED,,sp_fef06587fead,34.61,12.33,hsrc_c61726597ef3,,Portugal safe interior v3 from the 1751 Vaugondy sheets; positional uncertainty 12.33 km replaces 34.61 km
rev_9a197402714d,seven_years_war_1756_08_01,TERRESTRIAL_HEX,h6000_q-000624_r+000953,promo_7c95358cf0a4,promo_b68466ea22a9,UNRESOLVED,CONTROLLED,,sp_fef06587fead,34.61,12.33,hsrc_c61726597ef3,,Portugal safe interior v3 from the 1751 Vaugondy sheets; positional uncertainty 12.33 km replaces 34.61 km
rev_e2234d25b21d,seven_years_war_1756_08_01,TERRESTRIAL_HEX,h6000_q-000626_r+000953,promo_7c95358cf0a4,promo_b68466ea22a9,UNRESOLVED,CONTROLLED,,sp_fef06587fead,34.61,12.33,hsrc_c61726597ef3,,Portugal safe interior v3 from the 1751 Vaugondy sheets; positional uncertainty 12.33 km replaces 34.61 km
rev_010d9ff433f2,seven_years_war_1756_08_01,TERRESTRIAL_HEX,h6000_q-000627_r+000954,promo_7c95358cf0a4,promo_b68466ea22a9,UNRESOLVED,CONTROLLED,,sp_fef06587fead,34.61,12.33,hsrc_c61726597ef3,,Portugal safe interior v3 from the 1751 Vaugondy sheets; positional uncertainty 12.33 km replaces 34.61 km
rev_f4b6a894d11d,seven_years_war_1756_08_01,TERRESTRIAL_HEX,h6000_q-000625_r+000954,promo_7c95358cf0a4,promo_b68466ea22a9,UNRESOLVED,CONTROLLED,,sp_fef06587fead,34.61,12.33,hsrc_c61726597ef3,,Portugal safe interior v3 from the 1751 Vaugondy sheets; positional uncertainty 12.33 km replaces 34.61 km
rev_886933a6dd03,seven_years_war_1756_08_01,TERRESTRIAL_HEX,h6000_q-000626_r+000954,promo_7c95358cf0a4,promo_b68466ea22a9,UNRESOLVED,CONTROLLED,,sp_fef06587fead,34.61,12.33,hsrc_c61726597ef3,,Portugal safe interior v3 from the 1751 Vaugondy sheets; positional uncertainty 12.33 km replaces 34.61 km
rev_82f4e2db97ca,seven_years_war_1756_08_01,TERRESTRIAL_HEX,h6000_q-000626_r+000955,promo_7c95358cf0a4,promo_b68466ea22a9,UNRESOLVED,CONTROLLED,,sp_fef06587fead,34.61,12.33,hsrc_c61726597ef3,,Portugal safe interior v3 from the 1751 Vaugondy sheets; positional uncertainty 12.33 km replaces 34.61 km
rev_f857195d3241,seven_years_war_1756_08_01,TERRESTRIAL_HEX,h6000_q-000627_r+000955,promo_7c95358cf0a4,promo_b68466ea22a9,UNRESOLVED,CONTROLLED,,sp_fef06587fead,34.61,12.33,hsrc_c61726597ef3,,Portugal safe interior v3 from the 1751 Vaugondy sheets; positional uncertainty 12.33 km replaces 34.61 km
rev_e233abb22ff7,seven_years_war_1756_08_01,TERRESTRIAL_HEX,h6000_q-000628_r+000956,promo_7c95358cf0a4,promo_b68466ea22a9,UNRESOLVED,CONTROLLED,,sp_fef06587fead,34.61,12.33,hsrc_c61726597ef3,,Portugal safe interior v3 from the 1751 Vaugondy sheets; positional uncertainty 12.33 km replaces 34.61 km
rev_1eba317dbe6a,seven_years_war_1756_08_01,TERRESTRIAL_HEX,h6000_q-000627_r+000956,promo_7c95358cf0a4,promo_b68466ea22a9,UNRESOLVED,CONTROLLED,,sp_fef06587fead,34.61,12.33,hsrc_c61726597ef3,,Portugal safe interior v3 from the 1751 Vaugondy sheets; positional uncertainty 12.33 km replaces 34.61 km
rev_b2ae779f137b,seven_years_war_1756_08_01,TERRESTRIAL_HEX,h6000_q-000621_r+000954,promo_7c95358cf0a4,promo_b68466ea22a9,UNRESOLVED,CONTROLLED,,sp_fef06587fead,34.61,12.33,hsrc_c61726597ef3,,Portugal safe interior v3 from the 1751 Vaugondy sheets; positional uncertainty 12.33 km replaces 34.61 km
rev_741c7bb4cf03,seven_years_war_1756_08_01,TERRESTRIAL_HEX,h6000_q-000620_r+000954,promo_7c95358cf0a4,promo_b68466ea22a9,UNRESOLVED,CONTROLLED,,sp_fef06587fead,34.61,12.33,hsrc_c61726597ef3,,Portugal safe interior v3 from the 1751 Vaugondy sheets; positional uncertainty 12.33 km replaces 34.61 km
rev_7349b2618ecd,seven_years_war_1756_08_01,TERRESTRIAL_HEX,h6000_q-000623_r+000954,promo_7c95358cf0a4,promo_b68466ea22a9,UNRESOLVED,CONTROLLED,,sp_fef06587fead,34.61,12.33,hsrc_c61726597ef3,,Portugal safe interior v3 from the 1751 Vaugondy sheets; positional uncertainty 12.33 km replaces 34.61 km
rev_8b90e77e3833,seven_years_war_1756_08_01,TERRESTRIAL_HEX,h6000_q-000628_r+000957,promo_7c95358cf0a4,promo_b68466ea22a9,UNRESOLVED,CONTROLLED,,sp_fef06587fead,34.61,12.33,hsrc_c61726597ef3,,Portugal safe interior v3 from the 1751 Vaugondy sheets; positional uncertainty 12.33 km replaces 34.61 km
rev_d0176c36bf6f,seven_years_war_1756_08_01,TERRESTRIAL_HEX,h6000_q-000629_r+000958,promo_7c95358cf0a4,promo_b68466ea22a9,UNRESOLVED,CONTROLLED,,sp_fef06587fead,34.61,12.33,hsrc_c61726597ef3,,Portugal safe interior v3 from the 1751 Vaugondy sheets; positional uncertainty 12.33 km replaces 34.61 km
rev_46083f45fe2a,seven_years_war_1756_08_01,TERRESTRIAL_HEX,h6000_q-000628_r+000958,promo_7c95358cf0a4,promo_b68466ea22a9,UNRESOLVED,CONTROLLED,,sp_fef06587fead,34.61,12.33,hsrc_c61726597ef3,,Portugal safe interior v3 from the 1751 Vaugondy sheets; positional uncertainty 12.33 km replaces 34.61 km
rev_1240c5fe35fe,seven_years_war_1756_08_01,TERRESTRIAL_HEX,h6000_q-000629_r+000959,promo_7c95358cf0a4,promo_b68466ea22a9,UNRESOLVED,CONTROLLED,,sp_fef06587fead,34.61,12.33,hsrc_c61726597ef3,,Portugal safe interior v3 from the 1751 Vaugondy sheets; positional uncertainty 12.33 km replaces 34.61 km
rev_2cbd49598010,seven_years_war_1756_08_01,TERRESTRIAL_HEX,h6000_q-000630_r+000956,promo_7c95358cf0a4,promo_b68466ea22a9,UNRESOLVED,CONTROLLED,,sp_fef06587fead,34.61,12.33,hsrc_c61726597ef3,,Portugal safe interior v3 from the 1751 Vaugondy sheets; positional uncertainty 12.33 km replaces 34.61 km
rev_af357fdea574,seven_years_war_1756_08_01,TERRESTRIAL_HEX,h6000_q-000629_r+000957,promo_7c95358cf0a4,promo_b68466ea22a9,UNRESOLVED,CONTROLLED,,sp_fef06587fead,34.61,12.33,hsrc_c61726597ef3,,Portugal safe interior v3 from the 1751 Vaugondy sheets; positional uncertainty 12.33 km replaces 34.61 km
rev_21143a809389,seven_years_war_1756_08_01,TERRESTRIAL_HEX,h6000_q-000630_r+000957,promo_7c95358cf0a4,promo_b68466ea22a9,UNRESOLVED,CONTROLLED,,sp_fef06587fead,34.61,12.33,hsrc_c61726597ef3,,Portugal safe interior v3 from the 1751 Vaugondy sheets; positional uncertainty 12.33 km replaces 34.61 km
rev_c9b550023b5d,seven_years_war_1756_08_01,TERRESTRIAL_HEX,h6000_q-000631_r+000957,promo_7c95358cf0a4,promo_b68466ea22a9,UNRESOLVED,CONTROLLED,,sp_fef06587fead,34.61,12.33,hsrc_c61726597ef3,,Portugal safe interior v3 from the 1751 Vaugondy sheets; positional uncertainty 12.33 km replaces 34.61 km
rev_46badcc45770,seven_years_war_1756_08_01,TERRESTRIAL_HEX,h6000_q-000630_r+000958,promo_7c95358cf0a4,promo_b68466ea22a9,UNRESOLVED,CONTROLLED,,sp_fef06587fead,34.61,12.33,hsrc_c61726597ef3,,Portugal safe interior v3 from the 1751 Vaugondy sheets; positional uncertainty 12.33 km replaces 34.61 km
rev_bad5624e872d,seven_years_war_1756_08_01,TERRESTRIAL_HEX,h6000_q-000631_r+000958,promo_7c95358cf0a4,promo_b68466ea22a9,UNRESOLVED,CONTROLLED,,sp_fef06587fead,34.61,12.33,hsrc_c61726597ef3,,Portugal safe interior v3 from the 1751 Vaugondy sheets; positional uncertainty 12.33 km replaces 34.61 km
rev_00af45615892,seven_years_war_1756_08_01,TERRESTRIAL_HEX,h6000_q-000632_r+000958,promo_7c95358cf0a4,promo_b68466ea22a9,UNRESOLVED,CONTROLLED,,sp_fef06587fead,34.61,12.33,hsrc_c61726597ef3,,Portugal safe interior v3 from the 1751 Vaugondy sheets; positional uncertainty 12.33 km replaces 34.61 km
rev_ba17449f4469,seven_years_war_1756_08_01,TERRESTRIAL_HEX,h6000_q-000630_r+000959,promo_7c95358cf0a4,promo_b68466ea22a9,UNRESOLVED,CONTROLLED,,sp_fef06587fead,34.61,12.33,hsrc_c61726597ef3,,Portugal safe interior v3 from the 1751 Vaugondy sheets; positional uncertainty 12.33 km replaces 34.61 km
rev_bf7c5cd364e8,seven_years_war_1756_08_01,TERRESTRIAL_HEX,h6000_q-000631_r+000959,promo_7c95358cf0a4,promo_b68466ea22a9,UNRESOLVED,CONTROLLED,,sp_fef06587fead,34.61,12.33,hsrc_c61726597ef3,,Portugal safe interior v3 from the 1751 Vaugondy sheets; positional uncertainty 12.33 km replaces 34.61 km
rev_bd52d3d1fc03,seven_years_war_1756_08_01,TERRESTRIAL_HEX,h6000_q-000632_r+000959,promo_7c95358cf0a4,promo_b68466ea22a9,UNRESOLVED,CONTROLLED,,sp_fef06587fead,34.61,12.33,hsrc_c61726597ef3,,Portugal safe interior v3 from the 1751 Vaugondy sheets; positional uncertainty 12.33 km replaces 34.61 km
rev_52b7bc1efd0f,seven_years_war_1756_08_01,TERRESTRIAL_HEX,h6000_q-000629_r+000960,promo_7c95358cf0a4,promo_b68466ea22a9,UNRESOLVED,CONTROLLED,,sp_fef06587fead,34.61,12.33,hsrc_c61726597ef3,,Portugal safe interior v3 from the 1751 Vaugondy sheets; positional uncertainty 12.33 km replaces 34.61 km
rev_d7bdf94a8667,seven_years_war_1756_08_01,TERRESTRIAL_HEX,h6000_q-000630_r+000960,promo_7c95358cf0a4,promo_b68466ea22a9,UNRESOLVED,CONTROLLED,,sp_fef06587fead,34.61,12.33,hsrc_c61726597ef3,,Portugal safe interior v3 from the 1751 Vaugondy sheets; positional uncertainty 12.33 km replaces 34.61 km
rev_09293f111a0f,seven_years_war_1756_08_01,TERRESTRIAL_HEX,h6000_q-000630_r+000961,promo_7c95358cf0a4,promo_b68466ea22a9,UNRESOLVED,CONTROLLED,,sp_fef06587fead,34.61,12.33,hsrc_c61726597ef3,,Portugal safe interior v3 from the 1751 Vaugondy sheets; positional uncertainty 12.33 km replaces 34.61 km
rev_7f15d806b200,seven_years_war_1756_08_01,TERRESTRIAL_HEX,h6000_q-000630_r+000962,promo_7c95358cf0a4,promo_b68466ea22a9,UNRESOLVED,CONTROLLED,,sp_fef06587fead,34.61,12.33,hsrc_c61726597ef3,,Portugal safe interior v3 from the 1751 Vaugondy sheets; positional uncertainty 12.33 km replaces 34.61 km
rev_878c2e2196bb,seven_years_war_1756_08_01,TERRESTRIAL_HEX,h6000_q-000631_r+000962,promo_7c95358cf0a4,promo_b68466ea22a9,UNRESOLVED,CONTROLLED,,sp_fef06587fead,34.61,12.33,hsrc_c61726597ef3,,Portugal safe interior v3 from the 1751 Vaugondy sheets; positional uncertainty 12.33 km replaces 34.61 km
rev_4fcf0875af68,seven_years_war_1756_08_01,TERRESTRIAL_HEX,h6000_q-000629_r+000962,promo_7c95358cf0a4,promo_b68466ea22a9,UNRESOLVED,CONTROLLED,,sp_fef06587fead,34.61,12.33,hsrc_c61726597ef3,,Portugal safe interior v3 from the 1751 Vaugondy sheets; positional uncertainty 12.33 km replaces 34.61 km
rev_7550d38e290a,seven_years_war_1756_08_01,TERRESTRIAL_HEX,h6000_q-000629_r+000963,promo_7c95358cf0a4,promo_b68466ea22a9,UNRESOLVED,CONTROLLED,,sp_fef06587fead,34.61,12.33,hsrc_c61726597ef3,,Portugal safe interior v3 from the 1751 Vaugondy sheets; positional uncertainty 12.33 km replaces 34.61 km
rev_f869332713e8,seven_years_war_1756_08_01,TERRESTRIAL_HEX,h6000_q-000630_r+000963,promo_7c95358cf0a4,promo_b68466ea22a9,UNRESOLVED,CONTROLLED,,sp_fef06587fead,34.61,12.33,hsrc_c61726597ef3,,Portugal safe interior v3 from the 1751 Vaugondy sheets; positional uncertainty 12.33 km replaces 34.61 km
rev_2bd8026dce27,seven_years_war_1756_08_01,TERRESTRIAL_HEX,h6000_q-000631_r+000960,promo_7c95358cf0a4,promo_b68466ea22a9,UNRESOLVED,CONTROLLED,,sp_fef06587fead,34.61,12.33,hsrc_c61726597ef3,,Portugal safe interior v3 from the 1751 Vaugondy sheets; positional uncertainty 12.33 km replaces 34.61 km
rev_5ca72efb347a,seven_years_war_1756_08_01,TERRESTRIAL_HEX,h6000_q-000632_r+000960,promo_7c95358cf0a4,promo_b68466ea22a9,UNRESOLVED,CONTROLLED,,sp_fef06587fead,34.61,12.33,hsrc_c61726597ef3,,Portugal safe interior v3 from the 1751 Vaugondy sheets; positional uncertainty 12.33 km replaces 34.61 km
rev_08869cb220df,seven_years_war_1756_08_01,TERRESTRIAL_HEX,h6000_q-000633_r+000960,promo_7c95358cf0a4,promo_b68466ea22a9,UNRESOLVED,CONTROLLED,,sp_fef06587fead,34.61,12.33,hsrc_c61726597ef3,,Portugal safe interior v3 from the 1751 Vaugondy sheets; positional uncertainty 12.33 km replaces 34.61 km
rev_c8af92dfea53,seven_years_war_1756_08_01,TERRESTRIAL_HEX,h6000_q-000633_r+000961,promo_7c95358cf0a4,promo_b68466ea22a9,UNRESOLVED,CONTROLLED,,sp_fef06587fead,34.61,12.33,hsrc_c61726597ef3,,Portugal safe interior v3 from the 1751 Vaugondy sheets; positional uncertainty 12.33 km replaces 34.61 km
rev_bc1b96710410,seven_years_war_1756_08_01,TERRESTRIAL_HEX,h6000_q-000631_r+000961,promo_7c95358cf0a4,promo_b68466ea22a9,UNRESOLVED,CONTROLLED,,sp_fef06587fead,34.61,12.33,hsrc_c61726597ef3,,Portugal safe interior v3 from the 1751 Vaugondy sheets; positional uncertainty 12.33 km replaces 34.61 km
rev_6a12bab21cd1,seven_years_war_1756_08_01,TERRESTRIAL_HEX,h6000_q-000632_r+000961,promo_7c95358cf0a4,promo_b68466ea22a9,UNRESOLVED,CONTROLLED,,sp_fef06587fead,34.61,12.33,hsrc_c61726597ef3,,Portugal safe interior v3 from the 1751 Vaugondy sheets; positional uncertainty 12.33 km replaces 34.61 km
rev_828dd6673d09,seven_years_war_1756_08_01,TERRESTRIAL_HEX,h6000_q-000632_r+000962,promo_7c95358cf0a4,promo_b68466ea22a9,UNRESOLVED,CONTROLLED,,sp_fef06587fead,34.61,12.33,hsrc_c61726597ef3,,Portugal safe interior v3 from the 1751 Vaugondy sheets; positional uncertainty 12.33 km replaces 34.61 km
rev_dfb0ebf5c943,seven_years_war_1756_08_01,TERRESTRIAL_HEX,h6000_q-000634_r+000962,promo_7c95358cf0a4,promo_b68466ea22a9,UNRESOLVED,CONTROLLED,,sp_fef06587fead,34.61,12.33,hsrc_c61726597ef3,,Portugal safe interior v3 from the 1751 Vaugondy sheets; positional uncertainty 12.33 km replaces 34.61 km
rev_2c212e09e183,seven_years_war_1756_08_01,TERRESTRIAL_HEX,h6000_q-000633_r+000962,promo_7c95358cf0a4,promo_b68466ea22a9,UNRESOLVED,CONTROLLED,,sp_fef06587fead,34.61,12.33,hsrc_c61726597ef3,,Portugal safe interior v3 from the 1751 Vaugondy sheets; positional uncertainty 12.33 km replaces 34.61 km
rev_e2b359ec85c2,seven_years_war_1756_08_01,TERRESTRIAL_HEX,h6000_q-000633_r+000963,promo_7c95358cf0a4,promo_b68466ea22a9,UNRESOLVED,CONTROLLED,,sp_fef06587fead,34.61,12.33,hsrc_c61726597ef3,,Portugal safe interior v3 from the 1751 Vaugondy sheets; positional uncertainty 12.33 km replaces 34.61 km
rev_13af65ce4223,seven_years_war_1756_08_01,TERRESTRIAL_HEX,h6000_q-000625_r+000962,promo_7c95358cf0a4,promo_b68466ea22a9,UNRESOLVED,CONTROLLED,,sp_fef06587fead,34.61,12.33,hsrc_c61726597ef3,,Portugal safe interior v3 from the 1751 Vaugondy sheets; positional uncertainty 12.33 km replaces 34.61 km
rev_fc81d9052413,seven_years_war_1756_08_01,TERRESTRIAL_HEX,h6000_q-000625_r+000963,promo_7c95358cf0a4,promo_b68466ea22a9,UNRESOLVED,CONTROLLED,,sp_fef06587fead,34.61,12.33,hsrc_c61726597ef3,,Portugal safe interior v3 from the 1751 Vaugondy sheets; positional uncertainty 12.33 km replaces 34.61 km
rev_c278adaade09,seven_years_war_1756_08_01,TERRESTRIAL_HEX,h6000_q-000635_r+000963,promo_7c95358cf0a4,promo_b68466ea22a9,UNRESOLVED,CONTROLLED,,sp_fef06587fead,34.61,12.33,hsrc_c61726597ef3,,Portugal safe interior v3 from the 1751 Vaugondy sheets; positional uncertainty 12.33 km replaces 34.61 km
rev_2257e1ca0354,seven_years_war_1756_08_01,TERRESTRIAL_HEX,h6000_q-000637_r+000964,promo_7c95358cf0a4,promo_b68466ea22a9,UNRESOLVED,CONTROLLED,,sp_fef06587fead,34.61,12.33,hsrc_c61726597ef3,,Portugal safe interior v3 from the 1751 Vaugondy sheets; positional uncertainty 12.33 km replaces 34.61 km
rev_f8f1469a856e,seven_years_war_1756_08_01,TERRESTRIAL_HEX,h6000_q-000636_r+000964,promo_7c95358cf0a4,promo_b68466ea22a9,UNRESOLVED,CONTROLLED,,sp_fef06587fead,34.61,12.33,hsrc_c61726597ef3,,Portugal safe interior v3 from the 1751 Vaugondy sheets; positional uncertainty 12.33 km replaces 34.61 km
rev_93efd2e5b91a,seven_years_war_1756_08_01,TERRESTRIAL_HEX,h6000_q-000638_r+000964,promo_7c95358cf0a4,promo_b68466ea22a9,UNRESOLVED,CONTROLLED,,sp_fef06587fead,34.61,12.33,hsrc_c61726597ef3,,Portugal safe interior v3 from the 1751 Vaugondy sheets; positional uncertainty 12.33 km replaces 34.61 km
rev_611ebde449b1,seven_years_war_1756_08_01,TERRESTRIAL_HEX,h6000_q-000637_r+000965,promo_7c95358cf0a4,promo_b68466ea22a9,UNRESOLVED,CONTROLLED,,sp_fef06587fead,34.61,12.33,hsrc_c61726597ef3,,Portugal safe interior v3 from the 1751 Vaugondy sheets; positional uncertainty 12.33 km replaces 34.61 km
rev_c113136b4e95,seven_years_war_1756_08_01,TERRESTRIAL_HEX,h6000_q-000638_r+000965,promo_7c95358cf0a4,promo_b68466ea22a9,UNRESOLVED,CONTROLLED,,sp_fef06587fead,34.61,12.33,hsrc_c61726597ef3,,Portugal safe interior v3 from the 1751 Vaugondy sheets; positional uncertainty 12.33 km replaces 34.61 km
rev_9be9eaeabd92,seven_years_war_1756_08_01,TERRESTRIAL_HEX,h6000_q-000636_r+000965,promo_7c95358cf0a4,promo_b68466ea22a9,UNRESOLVED,CONTROLLED,,sp_fef06587fead,34.61,12.33,hsrc_c61726597ef3,,Portugal safe interior v3 from the 1751 Vaugondy sheets; positional uncertainty 12.33 km replaces 34.61 km
rev_39aa431c93fb,seven_years_war_1756_08_01,TERRESTRIAL_HEX,h6000_q-000638_r+000966,promo_7c95358cf0a4,promo_b68466ea22a9,UNRESOLVED,CONTROLLED,,sp_fef06587fead,34.61,12.33,hsrc_c61726597ef3,,Portugal safe interior v3 from the 1751 Vaugondy sheets; positional uncertainty 12.33 km replaces 34.61 km
rev_7b6eb048ddd5,seven_years_war_1756_08_01,TERRESTRIAL_HEX,h6000_q-000637_r+000966,promo_7c95358cf0a4,promo_b68466ea22a9,UNRESOLVED,CONTROLLED,,sp_fef06587fead,34.61,12.33,hsrc_c61726597ef3,,Portugal safe interior v3 from the 1751 Vaugondy sheets; positional uncertainty 12.33 km replaces 34.61 km
rev_b61e4a911108,seven_years_war_1756_08_01,TERRESTRIAL_HEX,h6000_q-000639_r+000966,promo_7c95358cf0a4,promo_b68466ea22a9,UNRESOLVED,CONTROLLED,,sp_fef06587fead,34.61,12.33,hsrc_c61726597ef3,,Portugal safe interior v3 from the 1751 Vaugondy sheets; positional uncertainty 12.33 km replaces 34.61 km
rev_f527a08079e0,seven_years_war_1756_08_01,TERRESTRIAL_HEX,h6000_q-000639_r+000963,promo_7c95358cf0a4,promo_b68466ea22a9,UNRESOLVED,CONTROLLED,,sp_fef06587fead,34.61,12.33,hsrc_c61726597ef3,,Portugal safe interior v3 from the 1751 Vaugondy sheets; positional uncertainty 12.33 km replaces 34.61 km
rev_c365cd7c9f1a,seven_years_war_1756_08_01,TERRESTRIAL_HEX,h6000_q-000639_r+000964,promo_7c95358cf0a4,promo_b68466ea22a9,UNRESOLVED,CONTROLLED,,sp_fef06587fead,34.61,12.33,hsrc_c61726597ef3,,Portugal safe interior v3 from the 1751 Vaugondy sheets; positional uncertainty 12.33 km replaces 34.61 km
rev_e409326e9e6a,seven_years_war_1756_08_01,TERRESTRIAL_HEX,h6000_q-000640_r+000964,promo_7c95358cf0a4,promo_b68466ea22a9,UNRESOLVED,CONTROLLED,,sp_fef06587fead,34.61,12.33,hsrc_c61726597ef3,,Portugal safe interior v3 from the 1751 Vaugondy sheets; positional uncertainty 12.33 km replaces 34.61 km
rev_c9325c96affa,seven_years_war_1756_08_01,TERRESTRIAL_HEX,h6000_q-000640_r+000965,promo_7c95358cf0a4,promo_b68466ea22a9,UNRESOLVED,CONTROLLED,,sp_fef06587fead,34.61,12.33,hsrc_c61726597ef3,,Portugal safe interior v3 from the 1751 Vaugondy sheets; positional uncertainty 12.33 km replaces 34.61 km
rev_90cff35ef4b9,seven_years_war_1756_08_01,TERRESTRIAL_HEX,h6000_q-000639_r+000965,promo_7c95358cf0a4,promo_b68466ea22a9,UNRESOLVED,CONTROLLED,,sp_fef06587fead,34.61,12.33,hsrc_c61726597ef3,,Portugal safe interior v3 from the 1751 Vaugondy sheets; positional uncertainty 12.33 km replaces 34.61 km
rev_23916d488f5d,seven_years_war_1756_08_01,TERRESTRIAL_HEX,h6000_q-000640_r+000966,promo_7c95358cf0a4,promo_b68466ea22a9,UNRESOLVED,CONTROLLED,,sp_fef06587fead,34.61,12.33,hsrc_c61726597ef3,,Portugal safe interior v3 from the 1751 Vaugondy sheets; positional uncertainty 12.33 km replaces 34.61 km
rev_c778c3c8d977,seven_years_war_1756_08_01,TERRESTRIAL_HEX,h6000_q-000641_r+000966,promo_7c95358cf0a4,promo_b68466ea22a9,UNRESOLVED,CONTROLLED,,sp_fef06587fead,34.61,12.33,hsrc_c61726597ef3,,Portugal safe interior v3 from the 1751 Vaugondy sheets; positional uncertainty 12.33 km replaces 34.61 km
rev_3b39005d1c3b,seven_years_war_1756_08_01,TERRESTRIAL_HEX,h6000_q-000641_r+000967,promo_7c95358cf0a4,promo_b68466ea22a9,UNRESOLVED,CONTROLLED,,sp_fef06587fead,34.61,12.33,hsrc_c61726597ef3,,Portugal safe interior v3 from the 1751 Vaugondy sheets; positional uncertainty 12.33 km replaces 34.61 km
rev_4e2c32283cc3,seven_years_war_1756_08_01,TERRESTRIAL_HEX,h6000_q-000640_r+000967,promo_7c95358cf0a4,promo_b68466ea22a9,UNRESOLVED,CONTROLLED,,sp_fef06587fead,34.61,12.33,hsrc_c61726597ef3,,Portugal safe interior v3 from the 1751 Vaugondy sheets; positional uncertainty 12.33 km replaces 34.61 km
rev_6c7cfab17d92,seven_years_war_1756_08_01,TERRESTRIAL_HEX,h6000_q-000641_r+000968,promo_7c95358cf0a4,promo_b68466ea22a9,UNRESOLVED,CONTROLLED,,sp_fef06587fead,34.61,12.33,hsrc_c61726597ef3,,Portugal safe interior v3 from the 1751 Vaugondy sheets; positional uncertainty 12.33 km replaces 34.61 km
rev_0d8afbaae0a0,seven_years_war_1756_08_01,TERRESTRIAL_HEX,h6000_q-000642_r+000968,promo_7c95358cf0a4,promo_b68466ea22a9,UNRESOLVED,CONTROLLED,,sp_fef06587fead,34.61,12.33,hsrc_c61726597ef3,,Portugal safe interior v3 from the 1751 Vaugondy sheets; positional uncertainty 12.33 km replaces 34.61 km
rev_579dc4b94733,seven_years_war_1756_08_01,TERRESTRIAL_HEX,h6000_q-000642_r+000969,promo_7c95358cf0a4,promo_b68466ea22a9,UNRESOLVED,CONTROLLED,,sp_fef06587fead,34.61,12.33,hsrc_c61726597ef3,,Portugal safe interior v3 from the 1751 Vaugondy sheets; positional uncertainty 12.33 km replaces 34.61 km
rev_166682bc43cd,seven_years_war_1756_08_01,TERRESTRIAL_HEX,h6000_q-000641_r+000969,promo_7c95358cf0a4,promo_b68466ea22a9,UNRESOLVED,CONTROLLED,,sp_fef06587fead,34.61,12.33,hsrc_c61726597ef3,,Portugal safe interior v3 from the 1751 Vaugondy sheets; positional uncertainty 12.33 km replaces 34.61 km
rev_1c39c32f47aa,seven_years_war_1756_08_01,TERRESTRIAL_HEX,h6000_q-000643_r+000969,promo_7c95358cf0a4,promo_b68466ea22a9,UNRESOLVED,CONTROLLED,,sp_fef06587fead,34.61,12.33,hsrc_c61726597ef3,,Portugal safe interior v3 from the 1751 Vaugondy sheets; positional uncertainty 12.33 km replaces 34.61 km
rev_c1faa1260269,seven_years_war_1756_08_01,TERRESTRIAL_HEX,h6000_q-000639_r+000967,promo_7c95358cf0a4,promo_b68466ea22a9,UNRESOLVED,CONTROLLED,,sp_fef06587fead,34.61,12.33,hsrc_c61726597ef3,,Portugal safe interior v3 from the 1751 Vaugondy sheets; positional uncertainty 12.33 km replaces 34.61 km
rev_cb08f0a05d7e,seven_years_war_1756_08_01,TERRESTRIAL_HEX,h6000_q-000638_r+000967,promo_7c95358cf0a4,promo_b68466ea22a9,UNRESOLVED,CONTROLLED,,sp_fef06587fead,34.61,12.33,hsrc_c61726597ef3,,Portugal safe interior v3 from the 1751 Vaugondy sheets; positional uncertainty 12.33 km replaces 34.61 km
rev_124cc8da76e4,seven_years_war_1756_08_01,TERRESTRIAL_HEX,h6000_q-000637_r+000967,promo_7c95358cf0a4,promo_b68466ea22a9,UNRESOLVED,CONTROLLED,,sp_fef06587fead,34.61,12.33,hsrc_c61726597ef3,,Portugal safe interior v3 from the 1751 Vaugondy sheets; positional uncertainty 12.33 km replaces 34.61 km
rev_b73f36a4956b,seven_years_war_1756_08_01,TERRESTRIAL_HEX,h6000_q-000638_r+000968,promo_7c95358cf0a4,promo_b68466ea22a9,UNRESOLVED,CONTROLLED,,sp_fef06587fead,34.61,12.33,hsrc_c61726597ef3,,Portugal safe interior v3 from the 1751 Vaugondy sheets; positional uncertainty 12.33 km replaces 34.61 km
rev_c6bd5026981e,seven_years_war_1756_08_01,TERRESTRIAL_HEX,h6000_q-000640_r+000968,promo_7c95358cf0a4,promo_b68466ea22a9,UNRESOLVED,CONTROLLED,,sp_fef06587fead,34.61,12.33,hsrc_c61726597ef3,,Portugal safe interior v3 from the 1751 Vaugondy sheets; positional uncertainty 12.33 km replaces 34.61 km
rev_9ccef087a891,seven_years_war_1756_08_01,TERRESTRIAL_HEX,h6000_q-000639_r+000968,promo_7c95358cf0a4,promo_b68466ea22a9,UNRESOLVED,CONTROLLED,,sp_fef06587fead,34.61,12.33,hsrc_c61726597ef3,,Portugal safe interior v3 from the 1751 Vaugondy sheets; positional uncertainty 12.33 km replaces 34.61 km
rev_bc425cb2bb1a,seven_years_war_1756_08_01,TERRESTRIAL_HEX,h6000_q-000639_r+000969,promo_7c95358cf0a4,promo_b68466ea22a9,UNRESOLVED,CONTROLLED,,sp_fef06587fead,34.61,12.33,hsrc_c61726597ef3,,Portugal safe interior v3 from the 1751 Vaugondy sheets; positional uncertainty 12.33 km replaces 34.61 km
rev_e1b2606a7e3a,seven_years_war_1756_08_01,TERRESTRIAL_HEX,h6000_q-000640_r+000969,promo_7c95358cf0a4,promo_b68466ea22a9,UNRESOLVED,CONTROLLED,,sp_fef06587fead,34.61,12.33,hsrc_c61726597ef3,,Portugal safe interior v3 from the 1751 Vaugondy sheets; positional uncertainty 12.33 km replaces 34.61 km
rev_e516606213bc,seven_years_war_1756_08_01,TERRESTRIAL_HEX,h6000_q-000638_r+000969,promo_7c95358cf0a4,promo_b68466ea22a9,UNRESOLVED,CONTROLLED,,sp_fef06587fead,34.61,12.33,hsrc_c61726597ef3,,Portugal safe interior v3 from the 1751 Vaugondy sheets; positional uncertainty 12.33 km replaces 34.61 km
rev_143ecbae191c,seven_years_war_1756_08_01,TERRESTRIAL_HEX,h6000_q-000643_r+000970,promo_7c95358cf0a4,promo_b68466ea22a9,UNRESOLVED,CONTROLLED,,sp_fef06587fead,34.61,12.33,hsrc_c61726597ef3,,Portugal safe interior v3 from the 1751 Vaugondy sheets; positional uncertainty 12.33 km replaces 34.61 km
rev_73d1e603b433,seven_years_war_1756_08_01,TERRESTRIAL_HEX,h6000_q-000643_r+000971,promo_7c95358cf0a4,promo_b68466ea22a9,UNRESOLVED,CONTROLLED,,sp_fef06587fead,34.61,12.33,hsrc_c61726597ef3,,Portugal safe interior v3 from the 1751 Vaugondy sheets; positional uncertainty 12.33 km replaces 34.61 km
rev_9c44075e3ae6,seven_years_war_1756_08_01,TERRESTRIAL_HEX,h6000_q-000644_r+000971,promo_7c95358cf0a4,promo_b68466ea22a9,UNRESOLVED,CONTROLLED,,sp_fef06587fead,34.61,12.33,hsrc_c61726597ef3,,Portugal safe interior v3 from the 1751 Vaugondy sheets; positional uncertainty 12.33 km replaces 34.61 km
rev_09f2ab19408d,seven_years_war_1756_08_01,TERRESTRIAL_HEX,h6000_q-000644_r+000972,promo_7c95358cf0a4,promo_b68466ea22a9,UNRESOLVED,CONTROLLED,,sp_fef06587fead,34.61,12.33,hsrc_c61726597ef3,,Portugal safe interior v3 from the 1751 Vaugondy sheets; positional uncertainty 12.33 km replaces 34.61 km
rev_0adfd5f6180c,seven_years_war_1756_08_01,TERRESTRIAL_HEX,h6000_q-000639_r+000970,promo_7c95358cf0a4,promo_b68466ea22a9,UNRESOLVED,CONTROLLED,,sp_fef06587fead,34.61,12.33,hsrc_c61726597ef3,,Portugal safe interior v3 from the 1751 Vaugondy sheets; positional uncertainty 12.33 km replaces 34.61 km
rev_edf82a613251,seven_years_war_1756_08_01,TERRESTRIAL_HEX,h6000_q-000640_r+000970,promo_7c95358cf0a4,promo_b68466ea22a9,UNRESOLVED,CONTROLLED,,sp_fef06587fead,34.61,12.33,hsrc_c61726597ef3,,Portugal safe interior v3 from the 1751 Vaugondy sheets; positional uncertainty 12.33 km replaces 34.61 km
rev_f0f6b36b703a,seven_years_war_1756_08_01,TERRESTRIAL_HEX,h6000_q-000627_r+000962,promo_7c95358cf0a4,promo_b68466ea22a9,UNRESOLVED,CONTROLLED,,sp_fef06587fead,34.61,12.33,hsrc_c61726597ef3,,Portugal safe interior v3 from the 1751 Vaugondy sheets; positional uncertainty 12.33 km replaces 34.61 km
rev_c15f7d0d1561,seven_years_war_1756_08_01,TERRESTRIAL_HEX,h6000_q-000626_r+000962,promo_7c95358cf0a4,promo_b68466ea22a9,UNRESOLVED,CONTROLLED,,sp_fef06587fead,34.61,12.33,hsrc_c61726597ef3,,Portugal safe interior v3 from the 1751 Vaugondy sheets; positional uncertainty 12.33 km replaces 34.61 km
rev_05abdce7ff49,seven_years_war_1756_08_01,TERRESTRIAL_HEX,h6000_q-000628_r+000962,promo_7c95358cf0a4,promo_b68466ea22a9,UNRESOLVED,CONTROLLED,,sp_fef06587fead,34.61,12.33,hsrc_c61726597ef3,,Portugal safe interior v3 from the 1751 Vaugondy sheets; positional uncertainty 12.33 km replaces 34.61 km
rev_fcbea9e7f272,seven_years_war_1756_08_01,TERRESTRIAL_HEX,h6000_q-000626_r+000963,promo_7c95358cf0a4,promo_b68466ea22a9,UNRESOLVED,CONTROLLED,,sp_fef06587fead,34.61,12.33,hsrc_c61726597ef3,,Portugal safe interior v3 from the 1751 Vaugondy sheets; positional uncertainty 12.33 km replaces 34.61 km
rev_efa41959648c,seven_years_war_1756_08_01,TERRESTRIAL_HEX,h6000_q-000627_r+000963,promo_7c95358cf0a4,promo_b68466ea22a9,UNRESOLVED,CONTROLLED,,sp_fef06587fead,34.61,12.33,hsrc_c61726597ef3,,Portugal safe interior v3 from the 1751 Vaugondy sheets; positional uncertainty 12.33 km replaces 34.61 km
rev_1da76240bc0e,seven_years_war_1756_08_01,TERRESTRIAL_HEX,h6000_q-000628_r+000963,promo_7c95358cf0a4,promo_b68466ea22a9,UNRESOLVED,CONTROLLED,,sp_fef06587fead,34.61,12.33,hsrc_c61726597ef3,,Portugal safe interior v3 from the 1751 Vaugondy sheets; positional uncertainty 12.33 km replaces 34.61 km
rev_6fd8989f5fb0,seven_years_war_1756_08_01,TERRESTRIAL_HEX,h6000_q-000629_r+000964,promo_7c95358cf0a4,promo_b68466ea22a9,UNRESOLVED,CONTROLLED,,sp_fef06587fead,34.61,12.33,hsrc_c61726597ef3,,Portugal safe interior v3 from the 1751 Vaugondy sheets; positional uncertainty 12.33 km replaces 34.61 km
rev_4670ecc216d4,seven_years_war_1756_08_01,TERRESTRIAL_HEX,h6000_q-000627_r+000964,promo_c1d69cca569e,promo_b68466ea22a9,UNRESOLVED,CONTROLLED,,sp_fef06587fead,34.61,12.33,hsrc_c61726597ef3,,Portugal safe interior v3 from the 1751 Vaugondy sheets; positional uncertainty 12.33 km replaces 34.61 km
rev_4ca60c0a58b3,seven_years_war_1756_08_01,TERRESTRIAL_HEX,h6000_q-000628_r+000964,promo_c1d69cca569e,promo_b68466ea22a9,UNRESOLVED,CONTROLLED,,sp_fef06587fead,34.61,12.33,hsrc_c61726597ef3,,Portugal safe interior v3 from the 1751 Vaugondy sheets; positional uncertainty 12.33 km replaces 34.61 km
rev_e345bbe19f5d,seven_years_war_1756_08_01,TERRESTRIAL_HEX,h6000_q-000627_r+000965,promo_c1d69cca569e,promo_b68466ea22a9,UNRESOLVED,CONTROLLED,,sp_fef06587fead,34.61,12.33,hsrc_c61726597ef3,,Portugal safe interior v3 from the 1751 Vaugondy sheets; positional uncertainty 12.33 km replaces 34.61 km
rev_3da50a2e43a3,seven_years_war_1756_08_01,TERRESTRIAL_HEX,h6000_q-000631_r+000963,promo_7c95358cf0a4,promo_b68466ea22a9,UNRESOLVED,CONTROLLED,,sp_fef06587fead,34.61,12.33,hsrc_c61726597ef3,,Portugal safe interior v3 from the 1751 Vaugondy sheets; positional uncertainty 12.33 km replaces 34.61 km
rev_e3663b2a32f9,seven_years_war_1756_08_01,TERRESTRIAL_HEX,h6000_q-000630_r+000964,promo_7c95358cf0a4,promo_b68466ea22a9,UNRESOLVED,CONTROLLED,,sp_fef06587fead,34.61,12.33,hsrc_c61726597ef3,,Portugal safe interior v3 from the 1751 Vaugondy sheets; positional uncertainty 12.33 km replaces 34.61 km
rev_f9b36b5768fa,seven_years_war_1756_08_01,TERRESTRIAL_HEX,h6000_q-000632_r+000964,promo_7c95358cf0a4,promo_b68466ea22a9,UNRESOLVED,CONTROLLED,,sp_fef06587fead,34.61,12.33,hsrc_c61726597ef3,,Portugal safe interior v3 from the 1751 Vaugondy sheets; positional uncertainty 12.33 km replaces 34.61 km
rev_5d7a336bae3a,seven_years_war_1756_08_01,TERRESTRIAL_HEX,h6000_q-000631_r+000964,promo_7c95358cf0a4,promo_b68466ea22a9,UNRESOLVED,CONTROLLED,,sp_fef06587fead,34.61,12.33,hsrc_c61726597ef3,,Portugal safe interior v3 from the 1751 Vaugondy sheets; positional uncertainty 12.33 km replaces 34.61 km
rev_2f613811555b,seven_years_war_1756_08_01,TERRESTRIAL_HEX,h6000_q-000632_r+000965,promo_7c95358cf0a4,promo_b68466ea22a9,UNRESOLVED,CONTROLLED,,sp_fef06587fead,34.61,12.33,hsrc_c61726597ef3,,Portugal safe interior v3 from the 1751 Vaugondy sheets; positional uncertainty 12.33 km replaces 34.61 km
rev_eb9ffd16a152,seven_years_war_1756_08_01,TERRESTRIAL_HEX,h6000_q-000633_r+000965,promo_7c95358cf0a4,promo_b68466ea22a9,UNRESOLVED,CONTROLLED,,sp_fef06587fead,34.61,12.33,hsrc_c61726597ef3,,Portugal safe interior v3 from the 1751 Vaugondy sheets; positional uncertainty 12.33 km replaces 34.61 km
rev_0ff7a7bc6397,seven_years_war_1756_08_01,TERRESTRIAL_HEX,h6000_q-000631_r+000965,promo_7c95358cf0a4,promo_b68466ea22a9,UNRESOLVED,CONTROLLED,,sp_fef06587fead,34.61,12.33,hsrc_c61726597ef3,,Portugal safe interior v3 from the 1751 Vaugondy sheets; positional uncertainty 12.33 km replaces 34.61 km
rev_fade53dfdffe,seven_years_war_1756_08_01,TERRESTRIAL_HEX,h6000_q-000630_r+000965,promo_7c95358cf0a4,promo_b68466ea22a9,UNRESOLVED,CONTROLLED,,sp_fef06587fead,34.61,12.33,hsrc_c61726597ef3,,Portugal safe interior v3 from the 1751 Vaugondy sheets; positional uncertainty 12.33 km replaces 34.61 km
rev_f80e0f47292d,seven_years_war_1756_08_01,TERRESTRIAL_HEX,h6000_q-000633_r+000966,promo_7c95358cf0a4,promo_b68466ea22a9,UNRESOLVED,CONTROLLED,,sp_fef06587fead,34.61,12.33,hsrc_c61726597ef3,,Portugal safe interior v3 from the 1751 Vaugondy sheets; positional uncertainty 12.33 km replaces 34.61 km
rev_4bd49da36d56,seven_years_war_1756_08_01,TERRESTRIAL_HEX,h6000_q-000632_r+000966,promo_7c95358cf0a4,promo_b68466ea22a9,UNRESOLVED,CONTROLLED,,sp_fef06587fead,34.61,12.33,hsrc_c61726597ef3,,Portugal safe interior v3 from the 1751 Vaugondy sheets; positional uncertainty 12.33 km replaces 34.61 km
rev_8e2de4e16618,seven_years_war_1756_08_01,TERRESTRIAL_HEX,h6000_q-000634_r+000963,promo_7c95358cf0a4,promo_b68466ea22a9,UNRESOLVED,CONTROLLED,,sp_fef06587fead,34.61,12.33,hsrc_c61726597ef3,,Portugal safe interior v3 from the 1751 Vaugondy sheets; positional uncertainty 12.33 km replaces 34.61 km
rev_fa26a08a1dd1,seven_years_war_1756_08_01,TERRESTRIAL_HEX,h6000_q-000632_r+000963,promo_7c95358cf0a4,promo_b68466ea22a9,UNRESOLVED,CONTROLLED,,sp_fef06587fead,34.61,12.33,hsrc_c61726597ef3,,Portugal safe interior v3 from the 1751 Vaugondy sheets; positional uncertainty 12.33 km replaces 34.61 km
rev_8a7601fc598f,seven_years_war_1756_08_01,TERRESTRIAL_HEX,h6000_q-000635_r+000964,promo_7c95358cf0a4,promo_b68466ea22a9,UNRESOLVED,CONTROLLED,,sp_fef06587fead,34.61,12.33,hsrc_c61726597ef3,,Portugal safe interior v3 from the 1751 Vaugondy sheets; positional uncertainty 12.33 km replaces 34.61 km
rev_346d42a2ad36,seven_years_war_1756_08_01,TERRESTRIAL_HEX,h6000_q-000634_r+000964,promo_7c95358cf0a4,promo_b68466ea22a9,UNRESOLVED,CONTROLLED,,sp_fef06587fead,34.61,12.33,hsrc_c61726597ef3,,Portugal safe interior v3 from the 1751 Vaugondy sheets; positional uncertainty 12.33 km replaces 34.61 km
rev_5947b9029c0b,seven_years_war_1756_08_01,TERRESTRIAL_HEX,h6000_q-000633_r+000964,promo_7c95358cf0a4,promo_b68466ea22a9,UNRESOLVED,CONTROLLED,,sp_fef06587fead,34.61,12.33,hsrc_c61726597ef3,,Portugal safe interior v3 from the 1751 Vaugondy sheets; positional uncertainty 12.33 km replaces 34.61 km
rev_b12e7cdbee46,seven_years_war_1756_08_01,TERRESTRIAL_HEX,h6000_q-000635_r+000965,promo_7c95358cf0a4,promo_b68466ea22a9,UNRESOLVED,CONTROLLED,,sp_fef06587fead,34.61,12.33,hsrc_c61726597ef3,,Portugal safe interior v3 from the 1751 Vaugondy sheets; positional uncertainty 12.33 km replaces 34.61 km
rev_72329cd0ac79,seven_years_war_1756_08_01,TERRESTRIAL_HEX,h6000_q-000634_r+000965,promo_7c95358cf0a4,promo_b68466ea22a9,UNRESOLVED,CONTROLLED,,sp_fef06587fead,34.61,12.33,hsrc_c61726597ef3,,Portugal safe interior v3 from the 1751 Vaugondy sheets; positional uncertainty 12.33 km replaces 34.61 km
rev_3a58750e53da,seven_years_war_1756_08_01,TERRESTRIAL_HEX,h6000_q-000634_r+000966,promo_7c95358cf0a4,promo_b68466ea22a9,UNRESOLVED,CONTROLLED,,sp_fef06587fead,34.61,12.33,hsrc_c61726597ef3,,Portugal safe interior v3 from the 1751 Vaugondy sheets; positional uncertainty 12.33 km replaces 34.61 km
rev_d0e6cbace946,seven_years_war_1756_08_01,TERRESTRIAL_HEX,h6000_q-000636_r+000966,promo_7c95358cf0a4,promo_b68466ea22a9,UNRESOLVED,CONTROLLED,,sp_fef06587fead,34.61,12.33,hsrc_c61726597ef3,,Portugal safe interior v3 from the 1751 Vaugondy sheets; positional uncertainty 12.33 km replaces 34.61 km
rev_3a6318e2460d,seven_years_war_1756_08_01,TERRESTRIAL_HEX,h6000_q-000635_r+000966,promo_7c95358cf0a4,promo_b68466ea22a9,UNRESOLVED,CONTROLLED,,sp_fef06587fead,34.61,12.33,hsrc_c61726597ef3,,Portugal safe interior v3 from the 1751 Vaugondy sheets; positional uncertainty 12.33 km replaces 34.61 km
rev_ce9d3821308c,seven_years_war_1756_08_01,TERRESTRIAL_HEX,h6000_q-000628_r+000965,promo_c1d69cca569e,promo_b68466ea22a9,UNRESOLVED,CONTROLLED,,sp_fef06587fead,34.61,12.33,hsrc_c61726597ef3,,Portugal safe interior v3 from the 1751 Vaugondy sheets; positional uncertainty 12.33 km replaces 34.61 km
rev_98dea2a1526b,seven_years_war_1756_08_01,TERRESTRIAL_HEX,h6000_q-000629_r+000965,promo_c1d69cca569e,promo_b68466ea22a9,UNRESOLVED,CONTROLLED,,sp_fef06587fead,34.61,12.33,hsrc_c61726597ef3,,Portugal safe interior v3 from the 1751 Vaugondy sheets; positional uncertainty 12.33 km replaces 34.61 km
rev_3523f7007035,seven_years_war_1756_08_01,TERRESTRIAL_HEX,h6000_q-000629_r+000966,promo_c1d69cca569e,promo_b68466ea22a9,UNRESOLVED,CONTROLLED,,sp_fef06587fead,34.61,12.33,hsrc_c61726597ef3,,Portugal safe interior v3 from the 1751 Vaugondy sheets; positional uncertainty 12.33 km replaces 34.61 km
rev_e36b131a1e8d,seven_years_war_1756_08_01,TERRESTRIAL_HEX,h6000_q-000628_r+000966,promo_c1d69cca569e,promo_b68466ea22a9,UNRESOLVED,CONTROLLED,,sp_fef06587fead,34.61,12.33,hsrc_c61726597ef3,,Portugal safe interior v3 from the 1751 Vaugondy sheets; positional uncertainty 12.33 km replaces 34.61 km
rev_6d88b54c2cd2,seven_years_war_1756_08_01,TERRESTRIAL_HEX,h6000_q-000630_r+000966,promo_c1d69cca569e,promo_b68466ea22a9,UNRESOLVED,CONTROLLED,,sp_fef06587fead,34.61,12.33,hsrc_c61726597ef3,,Portugal safe interior v3 from the 1751 Vaugondy sheets; positional uncertainty 12.33 km replaces 34.61 km
rev_904069f54148,seven_years_war_1756_08_01,TERRESTRIAL_HEX,h6000_q-000628_r+000967,promo_c1d69cca569e,promo_b68466ea22a9,UNRESOLVED,CONTROLLED,,sp_fef06587fead,34.61,12.33,hsrc_c61726597ef3,,Portugal safe interior v3 from the 1751 Vaugondy sheets; positional uncertainty 12.33 km replaces 34.61 km
rev_23e4c083ba4a,seven_years_war_1756_08_01,TERRESTRIAL_HEX,h6000_q-000630_r+000967,promo_c1d69cca569e,promo_b68466ea22a9,UNRESOLVED,CONTROLLED,,sp_fef06587fead,34.61,12.33,hsrc_c61726597ef3,,Portugal safe interior v3 from the 1751 Vaugondy sheets; positional uncertainty 12.33 km replaces 34.61 km
rev_53ef85119e7d,seven_years_war_1756_08_01,TERRESTRIAL_HEX,h6000_q-000629_r+000967,promo_c1d69cca569e,promo_b68466ea22a9,UNRESOLVED,CONTROLLED,,sp_fef06587fead,34.61,12.33,hsrc_c61726597ef3,,Portugal safe interior v3 from the 1751 Vaugondy sheets; positional uncertainty 12.33 km replaces 34.61 km
rev_a8629d99b6fb,seven_years_war_1756_08_01,TERRESTRIAL_HEX,h6000_q-000629_r+000968,promo_c1d69cca569e,promo_b68466ea22a9,UNRESOLVED,CONTROLLED,,sp_fef06587fead,34.61,12.33,hsrc_c61726597ef3,,Portugal safe interior v3 from the 1751 Vaugondy sheets; positional uncertainty 12.33 km replaces 34.61 km
rev_e834e71e369f,seven_years_war_1756_08_01,TERRESTRIAL_HEX,h6000_q-000630_r+000968,promo_c1d69cca569e,promo_b68466ea22a9,UNRESOLVED,CONTROLLED,,sp_fef06587fead,34.61,12.33,hsrc_c61726597ef3,,Portugal safe interior v3 from the 1751 Vaugondy sheets; positional uncertainty 12.33 km replaces 34.61 km
rev_1f8993bac4ec,seven_years_war_1756_08_01,TERRESTRIAL_HEX,h6000_q-000631_r+000966,promo_7c95358cf0a4,promo_b68466ea22a9,UNRESOLVED,CONTROLLED,,sp_fef06587fead,34.61,12.33,hsrc_c61726597ef3,,Portugal safe interior v3 from the 1751 Vaugondy sheets; positional uncertainty 12.33 km replaces 34.61 km
rev_4def57c90879,seven_years_war_1756_08_01,TERRESTRIAL_HEX,h6000_q-000633_r+000967,promo_7c95358cf0a4,promo_b68466ea22a9,UNRESOLVED,CONTROLLED,,sp_fef06587fead,34.61,12.33,hsrc_c61726597ef3,,Portugal safe interior v3 from the 1751 Vaugondy sheets; positional uncertainty 12.33 km replaces 34.61 km
rev_7a4b44941141,seven_years_war_1756_08_01,TERRESTRIAL_HEX,h6000_q-000631_r+000967,promo_c1d69cca569e,promo_b68466ea22a9,UNRESOLVED,CONTROLLED,,sp_fef06587fead,34.61,12.33,hsrc_c61726597ef3,,Portugal safe interior v3 from the 1751 Vaugondy sheets; positional uncertainty 12.33 km replaces 34.61 km
rev_f4d4a07d6dcb,seven_years_war_1756_08_01,TERRESTRIAL_HEX,h6000_q-000632_r+000967,promo_7c95358cf0a4,promo_b68466ea22a9,UNRESOLVED,CONTROLLED,,sp_fef06587fead,34.61,12.33,hsrc_c61726597ef3,,Portugal safe interior v3 from the 1751 Vaugondy sheets; positional uncertainty 12.33 km replaces 34.61 km
rev_93b818c8d435,seven_years_war_1756_08_01,TERRESTRIAL_HEX,h6000_q-000632_r+000968,promo_c1d69cca569e,promo_b68466ea22a9,UNRESOLVED,CONTROLLED,,sp_fef06587fead,34.61,12.33,hsrc_c61726597ef3,,Portugal safe interior v3 from the 1751 Vaugondy sheets; positional uncertainty 12.33 km replaces 34.61 km
rev_2dce4d11144c,seven_years_war_1756_08_01,TERRESTRIAL_HEX,h6000_q-000633_r+000968,promo_7c95358cf0a4,promo_b68466ea22a9,UNRESOLVED,CONTROLLED,,sp_fef06587fead,34.61,12.33,hsrc_c61726597ef3,,Portugal safe interior v3 from the 1751 Vaugondy sheets; positional uncertainty 12.33 km replaces 34.61 km
rev_cd9662c75503,seven_years_war_1756_08_01,TERRESTRIAL_HEX,h6000_q-000634_r+000968,promo_7c95358cf0a4,promo_b68466ea22a9,UNRESOLVED,CONTROLLED,,sp_fef06587fead,34.61,12.33,hsrc_c61726597ef3,,Portugal safe interior v3 from the 1751 Vaugondy sheets; positional uncertainty 12.33 km replaces 34.61 km
rev_ae36aa6b5f56,seven_years_war_1756_08_01,TERRESTRIAL_HEX,h6000_q-000632_r+000969,promo_c1d69cca569e,promo_b68466ea22a9,UNRESOLVED,CONTROLLED,,sp_fef06587fead,34.61,12.33,hsrc_c61726597ef3,,Portugal safe interior v3 from the 1751 Vaugondy sheets; positional uncertainty 12.33 km replaces 34.61 km
rev_49e3b0534175,seven_years_war_1756_08_01,TERRESTRIAL_HEX,h6000_q-000634_r+000969,promo_7c95358cf0a4,promo_b68466ea22a9,UNRESOLVED,CONTROLLED,,sp_fef06587fead,34.61,12.33,hsrc_c61726597ef3,,Portugal safe interior v3 from the 1751 Vaugondy sheets; positional uncertainty 12.33 km replaces 34.61 km
rev_38c98f46d9fa,seven_years_war_1756_08_01,TERRESTRIAL_HEX,h6000_q-000633_r+000969,promo_7c95358cf0a4,promo_b68466ea22a9,UNRESOLVED,CONTROLLED,,sp_fef06587fead,34.61,12.33,hsrc_c61726597ef3,,Portugal safe interior v3 from the 1751 Vaugondy sheets; positional uncertainty 12.33 km replaces 34.61 km
rev_32a5c0707688,seven_years_war_1756_08_01,TERRESTRIAL_HEX,h6000_q-000626_r+000967,promo_c1d69cca569e,promo_b68466ea22a9,UNRESOLVED,CONTROLLED,,sp_fef06587fead,34.61,12.33,hsrc_c61726597ef3,,Portugal safe interior v3 from the 1751 Vaugondy sheets; positional uncertainty 12.33 km replaces 34.61 km
rev_ab3d09b7ce43,seven_years_war_1756_08_01,TERRESTRIAL_HEX,h6000_q-000627_r+000967,promo_c1d69cca569e,promo_b68466ea22a9,UNRESOLVED,CONTROLLED,,sp_fef06587fead,34.61,12.33,hsrc_c61726597ef3,,Portugal safe interior v3 from the 1751 Vaugondy sheets; positional uncertainty 12.33 km replaces 34.61 km
rev_fbc9e4e15235,seven_years_war_1756_08_01,TERRESTRIAL_HEX,h6000_q-000625_r+000967,promo_7c95358cf0a4,promo_b68466ea22a9,UNRESOLVED,CONTROLLED,,sp_fef06587fead,34.61,12.33,hsrc_c61726597ef3,,Portugal safe interior v3 from the 1751 Vaugondy sheets; positional uncertainty 12.33 km replaces 34.61 km
rev_5d3c11399172,seven_years_war_1756_08_01,TERRESTRIAL_HEX,h6000_q-000627_r+000968,promo_c1d69cca569e,promo_b68466ea22a9,UNRESOLVED,CONTROLLED,,sp_fef06587fead,34.61,12.33,hsrc_c61726597ef3,,Portugal safe interior v3 from the 1751 Vaugondy sheets; positional uncertainty 12.33 km replaces 34.61 km
rev_830e7b9ea1e1,seven_years_war_1756_08_01,TERRESTRIAL_HEX,h6000_q-000626_r+000968,promo_c1d69cca569e,promo_b68466ea22a9,UNRESOLVED,CONTROLLED,,sp_fef06587fead,34.61,12.33,hsrc_c61726597ef3,,Portugal safe interior v3 from the 1751 Vaugondy sheets; positional uncertainty 12.33 km replaces 34.61 km
rev_488a4a230491,seven_years_war_1756_08_01,TERRESTRIAL_HEX,h6000_q-000628_r+000968,promo_c1d69cca569e,promo_b68466ea22a9,UNRESOLVED,CONTROLLED,,sp_fef06587fead,34.61,12.33,hsrc_c61726597ef3,,Portugal safe interior v3 from the 1751 Vaugondy sheets; positional uncertainty 12.33 km replaces 34.61 km
rev_952721066fd1,seven_years_war_1756_08_01,TERRESTRIAL_HEX,h6000_q-000629_r+000969,promo_c1d69cca569e,promo_b68466ea22a9,UNRESOLVED,CONTROLLED,,sp_fef06587fead,34.61,12.33,hsrc_c61726597ef3,,Portugal safe interior v3 from the 1751 Vaugondy sheets; positional uncertainty 12.33 km replaces 34.61 km
rev_12ad9b940201,seven_years_war_1756_08_01,TERRESTRIAL_HEX,h6000_q-000628_r+000969,promo_c1d69cca569e,promo_b68466ea22a9,UNRESOLVED,CONTROLLED,,sp_fef06587fead,34.61,12.33,hsrc_c61726597ef3,,Portugal safe interior v3 from the 1751 Vaugondy sheets; positional uncertainty 12.33 km replaces 34.61 km
rev_38673eff397f,seven_years_war_1756_08_01,TERRESTRIAL_HEX,h6000_q-000627_r+000969,promo_c1d69cca569e,promo_b68466ea22a9,UNRESOLVED,CONTROLLED,,sp_fef06587fead,34.61,12.33,hsrc_c61726597ef3,,Portugal safe interior v3 from the 1751 Vaugondy sheets; positional uncertainty 12.33 km replaces 34.61 km
rev_862a126b9948,seven_years_war_1756_08_01,TERRESTRIAL_HEX,h6000_q-000626_r+000969,promo_c1d69cca569e,promo_b68466ea22a9,UNRESOLVED,CONTROLLED,,sp_fef06587fead,34.61,12.33,hsrc_c61726597ef3,,Portugal safe interior v3 from the 1751 Vaugondy sheets; positional uncertainty 12.33 km replaces 34.61 km
rev_dfc2022ca3d7,seven_years_war_1756_08_01,TERRESTRIAL_HEX,h6000_q-000636_r+000967,promo_7c95358cf0a4,promo_b68466ea22a9,UNRESOLVED,CONTROLLED,,sp_fef06587fead,34.61,12.33,hsrc_c61726597ef3,,Portugal safe interior v3 from the 1751 Vaugondy sheets; positional uncertainty 12.33 km replaces 34.61 km
rev_8417cc9e670d,seven_years_war_1756_08_01,TERRESTRIAL_HEX,h6000_q-000634_r+000967,promo_7c95358cf0a4,promo_b68466ea22a9,UNRESOLVED,CONTROLLED,,sp_fef06587fead,34.61,12.33,hsrc_c61726597ef3,,Portugal safe interior v3 from the 1751 Vaugondy sheets; positional uncertainty 12.33 km replaces 34.61 km
rev_c6ef9f9f4d09,seven_years_war_1756_08_01,TERRESTRIAL_HEX,h6000_q-000635_r+000967,promo_7c95358cf0a4,promo_b68466ea22a9,UNRESOLVED,CONTROLLED,,sp_fef06587fead,34.61,12.33,hsrc_c61726597ef3,,Portugal safe interior v3 from the 1751 Vaugondy sheets; positional uncertainty 12.33 km replaces 34.61 km
rev_02e311847ec5,seven_years_war_1756_08_01,TERRESTRIAL_HEX,h6000_q-000637_r+000968,promo_7c95358cf0a4,promo_b68466ea22a9,UNRESOLVED,CONTROLLED,,sp_fef06587fead,34.61,12.33,hsrc_c61726597ef3,,Portugal safe interior v3 from the 1751 Vaugondy sheets; positional uncertainty 12.33 km replaces 34.61 km
rev_a88668b5776d,seven_years_war_1756_08_01,TERRESTRIAL_HEX,h6000_q-000636_r+000968,promo_7c95358cf0a4,promo_b68466ea22a9,UNRESOLVED,CONTROLLED,,sp_fef06587fead,34.61,12.33,hsrc_c61726597ef3,,Portugal safe interior v3 from the 1751 Vaugondy sheets; positional uncertainty 12.33 km replaces 34.61 km
rev_43027ea73121,seven_years_war_1756_08_01,TERRESTRIAL_HEX,h6000_q-000635_r+000968,promo_7c95358cf0a4,promo_b68466ea22a9,UNRESOLVED,CONTROLLED,,sp_fef06587fead,34.61,12.33,hsrc_c61726597ef3,,Portugal safe interior v3 from the 1751 Vaugondy sheets; positional uncertainty 12.33 km replaces 34.61 km
rev_7b6a3073d9c3,seven_years_war_1756_08_01,TERRESTRIAL_HEX,h6000_q-000635_r+000969,promo_7c95358cf0a4,promo_b68466ea22a9,UNRESOLVED,CONTROLLED,,sp_fef06587fead,34.61,12.33,hsrc_c61726597ef3,,Portugal safe interior v3 from the 1751 Vaugondy sheets; positional uncertainty 12.33 km replaces 34.61 km
rev_a42e7a255690,seven_years_war_1756_08_01,TERRESTRIAL_HEX,h6000_q-000637_r+000969,promo_7c95358cf0a4,promo_b68466ea22a9,UNRESOLVED,CONTROLLED,,sp_fef06587fead,34.61,12.33,hsrc_c61726597ef3,,Portugal safe interior v3 from the 1751 Vaugondy sheets; positional uncertainty 12.33 km replaces 34.61 km
rev_10889208d346,seven_years_war_1756_08_01,TERRESTRIAL_HEX,h6000_q-000636_r+000969,promo_7c95358cf0a4,promo_b68466ea22a9,UNRESOLVED,CONTROLLED,,sp_fef06587fead,34.61,12.33,hsrc_c61726597ef3,,Portugal safe interior v3 from the 1751 Vaugondy sheets; positional uncertainty 12.33 km replaces 34.61 km
rev_74b17b8dec20,seven_years_war_1756_08_01,TERRESTRIAL_HEX,h6000_q-000637_r+000970,promo_7c95358cf0a4,promo_b68466ea22a9,UNRESOLVED,CONTROLLED,,sp_fef06587fead,34.61,12.33,hsrc_c61726597ef3,,Portugal safe interior v3 from the 1751 Vaugondy sheets; positional uncertainty 12.33 km replaces 34.61 km
rev_b1a794e20633,seven_years_war_1756_08_01,TERRESTRIAL_HEX,h6000_q-000631_r+000968,promo_c1d69cca569e,promo_b68466ea22a9,UNRESOLVED,CONTROLLED,,sp_fef06587fead,34.61,12.33,hsrc_c61726597ef3,,Portugal safe interior v3 from the 1751 Vaugondy sheets; positional uncertainty 12.33 km replaces 34.61 km
rev_714e6ef1043b,seven_years_war_1756_08_01,TERRESTRIAL_HEX,h6000_q-000630_r+000969,promo_c1d69cca569e,promo_b68466ea22a9,UNRESOLVED,CONTROLLED,,sp_fef06587fead,34.61,12.33,hsrc_c61726597ef3,,Portugal safe interior v3 from the 1751 Vaugondy sheets; positional uncertainty 12.33 km replaces 34.61 km
rev_6d917aa87548,seven_years_war_1756_08_01,TERRESTRIAL_HEX,h6000_q-000631_r+000969,promo_c1d69cca569e,promo_b68466ea22a9,UNRESOLVED,CONTROLLED,,sp_fef06587fead,34.61,12.33,hsrc_c61726597ef3,,Portugal safe interior v3 from the 1751 Vaugondy sheets; positional uncertainty 12.33 km replaces 34.61 km
rev_40e59bbf055c,seven_years_war_1756_08_01,TERRESTRIAL_HEX,h6000_q-000630_r+000970,promo_c1d69cca569e,promo_b68466ea22a9,UNRESOLVED,CONTROLLED,,sp_fef06587fead,34.61,12.33,hsrc_c61726597ef3,,Portugal safe interior v3 from the 1751 Vaugondy sheets; positional uncertainty 12.33 km replaces 34.61 km
rev_1220af6de6dc,seven_years_war_1756_08_01,TERRESTRIAL_HEX,h6000_q-000631_r+000971,promo_c1d69cca569e,promo_b68466ea22a9,UNRESOLVED,CONTROLLED,,sp_fef06587fead,34.61,12.33,hsrc_c61726597ef3,,Portugal safe interior v3 from the 1751 Vaugondy sheets; positional uncertainty 12.33 km replaces 34.61 km
rev_a41602581847,seven_years_war_1756_08_01,TERRESTRIAL_HEX,h6000_q-000630_r+000971,promo_c1d69cca569e,promo_b68466ea22a9,UNRESOLVED,CONTROLLED,,sp_fef06587fead,34.61,12.33,hsrc_c61726597ef3,,Portugal safe interior v3 from the 1751 Vaugondy sheets; positional uncertainty 12.33 km replaces 34.61 km
rev_71851a0b157c,seven_years_war_1756_08_01,TERRESTRIAL_HEX,h6000_q-000638_r+000970,promo_7c95358cf0a4,promo_b68466ea22a9,UNRESOLVED,CONTROLLED,,sp_fef06587fead,34.61,12.33,hsrc_c61726597ef3,,Portugal safe interior v3 from the 1751 Vaugondy sheets; positional uncertainty 12.33 km replaces 34.61 km
rev_9c5641369c1e,seven_years_war_1756_08_01,TERRESTRIAL_HEX,h6000_q-000631_r+000972,promo_c1d69cca569e,promo_b68466ea22a9,UNRESOLVED,CONTROLLED,,sp_fef06587fead,34.61,12.33,hsrc_c61726597ef3,,Portugal safe interior v3 from the 1751 Vaugondy sheets; positional uncertainty 12.33 km replaces 34.61 km
rev_ee27df097132,seven_years_war_1756_08_01,TERRESTRIAL_HEX,h6000_q-000632_r+000973,promo_c1d69cca569e,promo_b68466ea22a9,UNRESOLVED,CONTROLLED,,sp_fef06587fead,34.61,12.33,hsrc_c61726597ef3,,Portugal safe interior v3 from the 1751 Vaugondy sheets; positional uncertainty 12.33 km replaces 34.61 km
rev_324be4ef544f,seven_years_war_1756_08_01,TERRESTRIAL_HEX,h6000_q-000631_r+000973,promo_c1d69cca569e,promo_b68466ea22a9,UNRESOLVED,CONTROLLED,,sp_fef06587fead,34.61,12.33,hsrc_c61726597ef3,,Portugal safe interior v3 from the 1751 Vaugondy sheets; positional uncertainty 12.33 km replaces 34.61 km
rev_d197d6012f3e,seven_years_war_1756_08_01,TERRESTRIAL_HEX,h6000_q-000632_r+000974,promo_c1d69cca569e,promo_b68466ea22a9,UNRESOLVED,CONTROLLED,,sp_fef06587fead,34.61,12.33,hsrc_c61726597ef3,,Portugal safe interior v3 from the 1751 Vaugondy sheets; positional uncertainty 12.33 km replaces 34.61 km
rev_85a0f64ea0ef,seven_years_war_1756_08_01,TERRESTRIAL_HEX,h6000_q-000632_r+000975,promo_c1d69cca569e,promo_b68466ea22a9,UNRESOLVED,CONTROLLED,,sp_fef06587fead,34.61,12.33,hsrc_c61726597ef3,,Portugal safe interior v3 from the 1751 Vaugondy sheets; positional uncertainty 12.33 km replaces 34.61 km
rev_6c5e73ef2a7e,seven_years_war_1756_08_01,TERRESTRIAL_HEX,h6000_q-000633_r+000975,promo_c1d69cca569e,promo_b68466ea22a9,UNRESOLVED,CONTROLLED,,sp_fef06587fead,34.61,12.33,hsrc_c61726597ef3,,Portugal safe interior v3 from the 1751 Vaugondy sheets; positional uncertainty 12.33 km replaces 34.61 km
rev_0e143ff07656,seven_years_war_1756_08_01,TERRESTRIAL_HEX,h6000_q-000633_r+000976,promo_c1d69cca569e,promo_b68466ea22a9,UNRESOLVED,CONTROLLED,,sp_fef06587fead,34.61,12.33,hsrc_c61726597ef3,,Portugal safe interior v3 from the 1751 Vaugondy sheets; positional uncertainty 12.33 km replaces 34.61 km
rev_a24392868cd3,seven_years_war_1756_08_01,TERRESTRIAL_HEX,h6000_q-000633_r+000977,promo_c1d69cca569e,promo_b68466ea22a9,UNRESOLVED,CONTROLLED,,sp_fef06587fead,34.61,12.33,hsrc_c61726597ef3,,Portugal safe interior v3 from the 1751 Vaugondy sheets; positional uncertainty 12.33 km replaces 34.61 km
rev_8c44f0c0184a,seven_years_war_1756_08_01,TERRESTRIAL_HEX,h6000_q-000645_r+000973,promo_7c95358cf0a4,promo_b68466ea22a9,UNRESOLVED,CONTROLLED,,sp_fef06587fead,34.61,12.33,hsrc_c61726597ef3,,Portugal safe interior v3 from the 1751 Vaugondy sheets; positional uncertainty 12.33 km replaces 34.61 km
rev_6fab5fd6297e,seven_years_war_1756_08_01,TERRESTRIAL_HEX,h6000_q-000614_r+000977,promo_7c95358cf0a4,promo_b68466ea22a9,UNRESOLVED,CONTROLLED,,sp_fef06587fead,34.61,12.33,hsrc_c61726597ef3,,Portugal safe interior v3 from the 1751 Vaugondy sheets; positional uncertainty 12.33 km replaces 34.61 km
rev_e9dc4c1345d7,seven_years_war_1756_08_01,TERRESTRIAL_HEX,h6000_q-000615_r+000978,promo_7c95358cf0a4,promo_b68466ea22a9,UNRESOLVED,CONTROLLED,,sp_fef06587fead,34.61,12.33,hsrc_c61726597ef3,,Portugal safe interior v3 from the 1751 Vaugondy sheets; positional uncertainty 12.33 km replaces 34.61 km
rev_f4575ed47c77,seven_years_war_1756_08_01,TERRESTRIAL_HEX,h6000_q-000614_r+000978,promo_7c95358cf0a4,promo_b68466ea22a9,UNRESOLVED,CONTROLLED,,sp_fef06587fead,34.61,12.33,hsrc_c61726597ef3,,Portugal safe interior v3 from the 1751 Vaugondy sheets; positional uncertainty 12.33 km replaces 34.61 km
rev_9597b6a02d50,seven_years_war_1756_08_01,TERRESTRIAL_HEX,h6000_q-000619_r+000969,promo_7c95358cf0a4,promo_b68466ea22a9,UNRESOLVED,CONTROLLED,,sp_fef06587fead,34.61,12.33,hsrc_c61726597ef3,,Portugal safe interior v3 from the 1751 Vaugondy sheets; positional uncertainty 12.33 km replaces 34.61 km
rev_7eb590290e3c,seven_years_war_1756_08_01,TERRESTRIAL_HEX,h6000_q-000617_r+000969,promo_7c95358cf0a4,promo_b68466ea22a9,UNRESOLVED,CONTROLLED,,sp_fef06587fead,34.61,12.33,hsrc_c61726597ef3,,Portugal safe interior v3 from the 1751 Vaugondy sheets; positional uncertainty 12.33 km replaces 34.61 km
rev_fbfd8d80efdc,seven_years_war_1756_08_01,TERRESTRIAL_HEX,h6000_q-000618_r+000970,promo_7c95358cf0a4,promo_b68466ea22a9,UNRESOLVED,CONTROLLED,,sp_fef06587fead,34.61,12.33,hsrc_c61726597ef3,,Portugal safe interior v3 from the 1751 Vaugondy sheets; positional uncertainty 12.33 km replaces 34.61 km
rev_d027abd30ea3,seven_years_war_1756_08_01,TERRESTRIAL_HEX,h6000_q-000619_r+000970,promo_7c95358cf0a4,promo_b68466ea22a9,UNRESOLVED,CONTROLLED,,sp_fef06587fead,34.61,12.33,hsrc_c61726597ef3,,Portugal safe interior v3 from the 1751 Vaugondy sheets; positional uncertainty 12.33 km replaces 34.61 km
rev_fb9eedb50bb2,seven_years_war_1756_08_01,TERRESTRIAL_HEX,h6000_q-000620_r+000970,promo_7c95358cf0a4,promo_b68466ea22a9,UNRESOLVED,CONTROLLED,,sp_fef06587fead,34.61,12.33,hsrc_c61726597ef3,,Portugal safe interior v3 from the 1751 Vaugondy sheets; positional uncertainty 12.33 km replaces 34.61 km
rev_489a72955d30,seven_years_war_1756_08_01,TERRESTRIAL_HEX,h6000_q-000619_r+000971,promo_7c95358cf0a4,promo_b68466ea22a9,UNRESOLVED,CONTROLLED,,sp_fef06587fead,34.61,12.33,hsrc_c61726597ef3,,Portugal safe interior v3 from the 1751 Vaugondy sheets; positional uncertainty 12.33 km replaces 34.61 km
rev_fa3d90116c72,seven_years_war_1756_08_01,TERRESTRIAL_HEX,h6000_q-000618_r+000971,promo_7c95358cf0a4,promo_b68466ea22a9,UNRESOLVED,CONTROLLED,,sp_fef06587fead,34.61,12.33,hsrc_c61726597ef3,,Portugal safe interior v3 from the 1751 Vaugondy sheets; positional uncertainty 12.33 km replaces 34.61 km
rev_82cd186e2596,seven_years_war_1756_08_01,TERRESTRIAL_HEX,h6000_q-000620_r+000971,promo_7c95358cf0a4,promo_b68466ea22a9,UNRESOLVED,CONTROLLED,,sp_fef06587fead,34.61,12.33,hsrc_c61726597ef3,,Portugal safe interior v3 from the 1751 Vaugondy sheets; positional uncertainty 12.33 km replaces 34.61 km
rev_6e4dc7d44db6,seven_years_war_1756_08_01,TERRESTRIAL_HEX,h6000_q-000620_r+000972,promo_7c95358cf0a4,promo_b68466ea22a9,UNRESOLVED,CONTROLLED,,sp_fef06587fead,34.61,12.33,hsrc_c61726597ef3,,Portugal safe interior v3 from the 1751 Vaugondy sheets; positional uncertainty 12.33 km replaces 34.61 km
rev_166f42e6835c,seven_years_war_1756_08_01,TERRESTRIAL_HEX,h6000_q-000616_r+000970,promo_7c95358cf0a4,promo_b68466ea22a9,UNRESOLVED,CONTROLLED,,sp_fef06587fead,34.61,12.33,hsrc_c61726597ef3,,Portugal safe interior v3 from the 1751 Vaugondy sheets; positional uncertainty 12.33 km replaces 34.61 km
rev_d6cdfb0e72dd,seven_years_war_1756_08_01,TERRESTRIAL_HEX,h6000_q-000615_r+000970,promo_7c95358cf0a4,promo_b68466ea22a9,UNRESOLVED,CONTROLLED,,sp_fef06587fead,34.61,12.33,hsrc_c61726597ef3,,Portugal safe interior v3 from the 1751 Vaugondy sheets; positional uncertainty 12.33 km replaces 34.61 km
rev_0548ea771f23,seven_years_war_1756_08_01,TERRESTRIAL_HEX,h6000_q-000615_r+000971,promo_7c95358cf0a4,promo_b68466ea22a9,UNRESOLVED,CONTROLLED,,sp_fef06587fead,34.61,12.33,hsrc_c61726597ef3,,Portugal safe interior v3 from the 1751 Vaugondy sheets; positional uncertainty 12.33 km replaces 34.61 km
rev_fd16efc0b5ca,seven_years_war_1756_08_01,TERRESTRIAL_HEX,h6000_q-000616_r+000971,promo_7c95358cf0a4,promo_b68466ea22a9,UNRESOLVED,CONTROLLED,,sp_fef06587fead,34.61,12.33,hsrc_c61726597ef3,,Portugal safe interior v3 from the 1751 Vaugondy sheets; positional uncertainty 12.33 km replaces 34.61 km
rev_da1135cee742,seven_years_war_1756_08_01,TERRESTRIAL_HEX,h6000_q-000617_r+000971,promo_7c95358cf0a4,promo_b68466ea22a9,UNRESOLVED,CONTROLLED,,sp_fef06587fead,34.61,12.33,hsrc_c61726597ef3,,Portugal safe interior v3 from the 1751 Vaugondy sheets; positional uncertainty 12.33 km replaces 34.61 km
rev_06dc39dee28a,seven_years_war_1756_08_01,TERRESTRIAL_HEX,h6000_q-000618_r+000972,promo_7c95358cf0a4,promo_b68466ea22a9,UNRESOLVED,CONTROLLED,,sp_fef06587fead,34.61,12.33,hsrc_c61726597ef3,,Portugal safe interior v3 from the 1751 Vaugondy sheets; positional uncertainty 12.33 km replaces 34.61 km
rev_43b363abe225,seven_years_war_1756_08_01,TERRESTRIAL_HEX,h6000_q-000617_r+000972,promo_7c95358cf0a4,promo_b68466ea22a9,UNRESOLVED,CONTROLLED,,sp_fef06587fead,34.61,12.33,hsrc_c61726597ef3,,Portugal safe interior v3 from the 1751 Vaugondy sheets; positional uncertainty 12.33 km replaces 34.61 km
rev_44f4a5b266da,seven_years_war_1756_08_01,TERRESTRIAL_HEX,h6000_q-000616_r+000972,promo_7c95358cf0a4,promo_b68466ea22a9,UNRESOLVED,CONTROLLED,,sp_fef06587fead,34.61,12.33,hsrc_c61726597ef3,,Portugal safe interior v3 from the 1751 Vaugondy sheets; positional uncertainty 12.33 km replaces 34.61 km
rev_44006f432234,seven_years_war_1756_08_01,TERRESTRIAL_HEX,h6000_q-000617_r+000973,promo_c1d69cca569e,promo_b68466ea22a9,UNRESOLVED,CONTROLLED,,sp_fef06587fead,34.61,12.33,hsrc_c61726597ef3,,Portugal safe interior v3 from the 1751 Vaugondy sheets; positional uncertainty 12.33 km replaces 34.61 km
rev_f3a1812906ea,seven_years_war_1756_08_01,TERRESTRIAL_HEX,h6000_q-000618_r+000973,promo_c1d69cca569e,promo_b68466ea22a9,UNRESOLVED,CONTROLLED,,sp_fef06587fead,34.61,12.33,hsrc_c61726597ef3,,Portugal safe interior v3 from the 1751 Vaugondy sheets; positional uncertainty 12.33 km replaces 34.61 km
rev_60f32d2fa840,seven_years_war_1756_08_01,TERRESTRIAL_HEX,h6000_q-000615_r+000972,promo_7c95358cf0a4,promo_b68466ea22a9,UNRESOLVED,CONTROLLED,,sp_fef06587fead,34.61,12.33,hsrc_c61726597ef3,,Portugal safe interior v3 from the 1751 Vaugondy sheets; positional uncertainty 12.33 km replaces 34.61 km
rev_c12c17a7b311,seven_years_war_1756_08_01,TERRESTRIAL_HEX,h6000_q-000615_r+000973,promo_7c95358cf0a4,promo_b68466ea22a9,UNRESOLVED,CONTROLLED,,sp_fef06587fead,34.61,12.33,hsrc_c61726597ef3,,Portugal safe interior v3 from the 1751 Vaugondy sheets; positional uncertainty 12.33 km replaces 34.61 km
rev_cc8ba54405ac,seven_years_war_1756_08_01,TERRESTRIAL_HEX,h6000_q-000615_r+000974,promo_7c95358cf0a4,promo_b68466ea22a9,UNRESOLVED,CONTROLLED,,sp_fef06587fead,34.61,12.33,hsrc_c61726597ef3,,Portugal safe interior v3 from the 1751 Vaugondy sheets; positional uncertainty 12.33 km replaces 34.61 km
rev_92a7d0098e8a,seven_years_war_1756_08_01,TERRESTRIAL_HEX,h6000_q-000616_r+000974,promo_7c95358cf0a4,promo_b68466ea22a9,UNRESOLVED,CONTROLLED,,sp_fef06587fead,34.61,12.33,hsrc_c61726597ef3,,Portugal safe interior v3 from the 1751 Vaugondy sheets; positional uncertainty 12.33 km replaces 34.61 km
rev_7f470740bd1a,seven_years_war_1756_08_01,TERRESTRIAL_HEX,h6000_q-000616_r+000973,promo_7c95358cf0a4,promo_b68466ea22a9,UNRESOLVED,CONTROLLED,,sp_fef06587fead,34.61,12.33,hsrc_c61726597ef3,,Portugal safe interior v3 from the 1751 Vaugondy sheets; positional uncertainty 12.33 km replaces 34.61 km
rev_adf9545f6360,seven_years_war_1756_08_01,TERRESTRIAL_HEX,h6000_q-000619_r+000974,promo_c1d69cca569e,promo_b68466ea22a9,UNRESOLVED,CONTROLLED,,sp_fef06587fead,34.61,12.33,hsrc_c61726597ef3,,Portugal safe interior v3 from the 1751 Vaugondy sheets; positional uncertainty 12.33 km replaces 34.61 km
rev_a4d4d6909fd8,seven_years_war_1756_08_01,TERRESTRIAL_HEX,h6000_q-000617_r+000974,promo_c1d69cca569e,promo_b68466ea22a9,UNRESOLVED,CONTROLLED,,sp_fef06587fead,34.61,12.33,hsrc_c61726597ef3,,Portugal safe interior v3 from the 1751 Vaugondy sheets; positional uncertainty 12.33 km replaces 34.61 km
rev_9bb7597c01ca,seven_years_war_1756_08_01,TERRESTRIAL_HEX,h6000_q-000618_r+000974,promo_c1d69cca569e,promo_b68466ea22a9,UNRESOLVED,CONTROLLED,,sp_fef06587fead,34.61,12.33,hsrc_c61726597ef3,,Portugal safe interior v3 from the 1751 Vaugondy sheets; positional uncertainty 12.33 km replaces 34.61 km
rev_7af33a3d67ee,seven_years_war_1756_08_01,TERRESTRIAL_HEX,h6000_q-000619_r+000975,promo_c1d69cca569e,promo_b68466ea22a9,UNRESOLVED,CONTROLLED,,sp_fef06587fead,34.61,12.33,hsrc_c61726597ef3,,Portugal safe interior v3 from the 1751 Vaugondy sheets; positional uncertainty 12.33 km replaces 34.61 km
rev_c39db0158409,seven_years_war_1756_08_01,TERRESTRIAL_HEX,h6000_q-000618_r+000975,promo_c1d69cca569e,promo_b68466ea22a9,UNRESOLVED,CONTROLLED,,sp_fef06587fead,34.61,12.33,hsrc_c61726597ef3,,Portugal safe interior v3 from the 1751 Vaugondy sheets; positional uncertainty 12.33 km replaces 34.61 km
rev_364d9c1b52ae,seven_years_war_1756_08_01,TERRESTRIAL_HEX,h6000_q-000620_r+000976,promo_c1d69cca569e,promo_b68466ea22a9,UNRESOLVED,CONTROLLED,,sp_fef06587fead,34.61,12.33,hsrc_c61726597ef3,,Portugal safe interior v3 from the 1751 Vaugondy sheets; positional uncertainty 12.33 km replaces 34.61 km
rev_7eb3e1b4c95c,seven_years_war_1756_08_01,TERRESTRIAL_HEX,h6000_q-000618_r+000976,promo_c1d69cca569e,promo_b68466ea22a9,UNRESOLVED,CONTROLLED,,sp_fef06587fead,34.61,12.33,hsrc_c61726597ef3,,Portugal safe interior v3 from the 1751 Vaugondy sheets; positional uncertainty 12.33 km replaces 34.61 km
rev_9131bfa4e48d,seven_years_war_1756_08_01,TERRESTRIAL_HEX,h6000_q-000619_r+000976,promo_c1d69cca569e,promo_b68466ea22a9,UNRESOLVED,CONTROLLED,,sp_fef06587fead,34.61,12.33,hsrc_c61726597ef3,,Portugal safe interior v3 from the 1751 Vaugondy sheets; positional uncertainty 12.33 km replaces 34.61 km
rev_d1c18b81fb2b,seven_years_war_1756_08_01,TERRESTRIAL_HEX,h6000_q-000620_r+000977,promo_c1d69cca569e,promo_b68466ea22a9,UNRESOLVED,CONTROLLED,,sp_fef06587fead,34.61,12.33,hsrc_c61726597ef3,,Portugal safe interior v3 from the 1751 Vaugondy sheets; positional uncertainty 12.33 km replaces 34.61 km
rev_c0e65f944791,seven_years_war_1756_08_01,TERRESTRIAL_HEX,h6000_q-000617_r+000975,promo_c1d69cca569e,promo_b68466ea22a9,UNRESOLVED,CONTROLLED,,sp_fef06587fead,34.61,12.33,hsrc_c61726597ef3,,Portugal safe interior v3 from the 1751 Vaugondy sheets; positional uncertainty 12.33 km replaces 34.61 km
rev_82575f5546cc,seven_years_war_1756_08_01,TERRESTRIAL_HEX,h6000_q-000615_r+000975,promo_7c95358cf0a4,promo_b68466ea22a9,UNRESOLVED,CONTROLLED,,sp_fef06587fead,34.61,12.33,hsrc_c61726597ef3,,Portugal safe interior v3 from the 1751 Vaugondy sheets; positional uncertainty 12.33 km replaces 34.61 km
rev_f5f177dfa59c,seven_years_war_1756_08_01,TERRESTRIAL_HEX,h6000_q-000616_r+000975,promo_7c95358cf0a4,promo_b68466ea22a9,UNRESOLVED,CONTROLLED,,sp_fef06587fead,34.61,12.33,hsrc_c61726597ef3,,Portugal safe interior v3 from the 1751 Vaugondy sheets; positional uncertainty 12.33 km replaces 34.61 km
rev_47481fc64fef,seven_years_war_1756_08_01,TERRESTRIAL_HEX,h6000_q-000617_r+000976,promo_7c95358cf0a4,promo_b68466ea22a9,UNRESOLVED,CONTROLLED,,sp_fef06587fead,34.61,12.33,hsrc_c61726597ef3,,Portugal safe interior v3 from the 1751 Vaugondy sheets; positional uncertainty 12.33 km replaces 34.61 km
rev_8ee61c1e6d98,seven_years_war_1756_08_01,TERRESTRIAL_HEX,h6000_q-000615_r+000976,promo_7c95358cf0a4,promo_b68466ea22a9,UNRESOLVED,CONTROLLED,,sp_fef06587fead,34.61,12.33,hsrc_c61726597ef3,,Portugal safe interior v3 from the 1751 Vaugondy sheets; positional uncertainty 12.33 km replaces 34.61 km
rev_6b93a291100e,seven_years_war_1756_08_01,TERRESTRIAL_HEX,h6000_q-000616_r+000976,promo_7c95358cf0a4,promo_b68466ea22a9,UNRESOLVED,CONTROLLED,,sp_fef06587fead,34.61,12.33,hsrc_c61726597ef3,,Portugal safe interior v3 from the 1751 Vaugondy sheets; positional uncertainty 12.33 km replaces 34.61 km
rev_fe75ce84d412,seven_years_war_1756_08_01,TERRESTRIAL_HEX,h6000_q-000617_r+000977,promo_7c95358cf0a4,promo_b68466ea22a9,UNRESOLVED,CONTROLLED,,sp_fef06587fead,34.61,12.33,hsrc_c61726597ef3,,Portugal safe interior v3 from the 1751 Vaugondy sheets; positional uncertainty 12.33 km replaces 34.61 km
rev_33acbd0f8afb,seven_years_war_1756_08_01,TERRESTRIAL_HEX,h6000_q-000615_r+000977,promo_7c95358cf0a4,promo_b68466ea22a9,UNRESOLVED,CONTROLLED,,sp_fef06587fead,34.61,12.33,hsrc_c61726597ef3,,Portugal safe interior v3 from the 1751 Vaugondy sheets; positional uncertainty 12.33 km replaces 34.61 km
rev_bacfcdf423e3,seven_years_war_1756_08_01,TERRESTRIAL_HEX,h6000_q-000616_r+000977,promo_7c95358cf0a4,promo_b68466ea22a9,UNRESOLVED,CONTROLLED,,sp_fef06587fead,34.61,12.33,hsrc_c61726597ef3,,Portugal safe interior v3 from the 1751 Vaugondy sheets; positional uncertainty 12.33 km replaces 34.61 km
rev_830545e17ba7,seven_years_war_1756_08_01,TERRESTRIAL_HEX,h6000_q-000618_r+000977,promo_7c95358cf0a4,promo_b68466ea22a9,UNRESOLVED,CONTROLLED,,sp_fef06587fead,34.61,12.33,hsrc_c61726597ef3,,Portugal safe interior v3 from the 1751 Vaugondy sheets; positional uncertainty 12.33 km replaces 34.61 km
rev_e2690efefcdc,seven_years_war_1756_08_01,TERRESTRIAL_HEX,h6000_q-000621_r+000975,promo_7c95358cf0a4,promo_b68466ea22a9,UNRESOLVED,CONTROLLED,,sp_fef06587fead,34.61,12.33,hsrc_c61726597ef3,,Portugal safe interior v3 from the 1751 Vaugondy sheets; positional uncertainty 12.33 km replaces 34.61 km
rev_83c7011b8dae,seven_years_war_1756_08_01,TERRESTRIAL_HEX,h6000_q-000621_r+000976,promo_c1d69cca569e,promo_b68466ea22a9,UNRESOLVED,CONTROLLED,,sp_fef06587fead,34.61,12.33,hsrc_c61726597ef3,,Portugal safe interior v3 from the 1751 Vaugondy sheets; positional uncertainty 12.33 km replaces 34.61 km
rev_c57ca8904420,seven_years_war_1756_08_01,TERRESTRIAL_HEX,h6000_q-000623_r+000976,promo_c1d69cca569e,promo_b68466ea22a9,UNRESOLVED,CONTROLLED,,sp_fef06587fead,34.61,12.33,hsrc_c61726597ef3,,Portugal safe interior v3 from the 1751 Vaugondy sheets; positional uncertainty 12.33 km replaces 34.61 km
rev_dac9687caac5,seven_years_war_1756_08_01,TERRESTRIAL_HEX,h6000_q-000622_r+000976,promo_c1d69cca569e,promo_b68466ea22a9,UNRESOLVED,CONTROLLED,,sp_fef06587fead,34.61,12.33,hsrc_c61726597ef3,,Portugal safe interior v3 from the 1751 Vaugondy sheets; positional uncertainty 12.33 km replaces 34.61 km
rev_3e5951fa9be3,seven_years_war_1756_08_01,TERRESTRIAL_HEX,h6000_q-000621_r+000977,promo_7c95358cf0a4,promo_b68466ea22a9,UNRESOLVED,CONTROLLED,,sp_fef06587fead,34.61,12.33,hsrc_c61726597ef3,,Portugal safe interior v3 from the 1751 Vaugondy sheets; positional uncertainty 12.33 km replaces 34.61 km
rev_e8fa783d164f,seven_years_war_1756_08_01,TERRESTRIAL_HEX,h6000_q-000623_r+000977,promo_c1d69cca569e,promo_b68466ea22a9,UNRESOLVED,CONTROLLED,,sp_fef06587fead,34.61,12.33,hsrc_c61726597ef3,,Portugal safe interior v3 from the 1751 Vaugondy sheets; positional uncertainty 12.33 km replaces 34.61 km
rev_9e29b7f052dd,seven_years_war_1756_08_01,TERRESTRIAL_HEX,h6000_q-000622_r+000977,promo_7c95358cf0a4,promo_b68466ea22a9,UNRESOLVED,CONTROLLED,,sp_fef06587fead,34.61,12.33,hsrc_c61726597ef3,,Portugal safe interior v3 from the 1751 Vaugondy sheets; positional uncertainty 12.33 km replaces 34.61 km
rev_bcf96237cc04,seven_years_war_1756_08_01,TERRESTRIAL_HEX,h6000_q-000622_r+000978,promo_7c95358cf0a4,promo_b68466ea22a9,UNRESOLVED,CONTROLLED,,sp_fef06587fead,34.61,12.33,hsrc_c61726597ef3,,Portugal safe interior v3 from the 1751 Vaugondy sheets; positional uncertainty 12.33 km replaces 34.61 km
rev_4a395ee125d1,seven_years_war_1756_08_01,TERRESTRIAL_HEX,h6000_q-000623_r+000978,promo_7c95358cf0a4,promo_b68466ea22a9,UNRESOLVED,CONTROLLED,,sp_fef06587fead,34.61,12.33,hsrc_c61726597ef3,,Portugal safe interior v3 from the 1751 Vaugondy sheets; positional uncertainty 12.33 km replaces 34.61 km
rev_d7b0b8906f77,seven_years_war_1756_08_01,TERRESTRIAL_HEX,h6000_q-000624_r+000978,promo_c1d69cca569e,promo_b68466ea22a9,UNRESOLVED,CONTROLLED,,sp_fef06587fead,34.61,12.33,hsrc_c61726597ef3,,Portugal safe interior v3 from the 1751 Vaugondy sheets; positional uncertainty 12.33 km replaces 34.61 km
rev_81dba742c6c3,seven_years_war_1756_08_01,TERRESTRIAL_HEX,h6000_q-000619_r+000977,promo_c1d69cca569e,promo_b68466ea22a9,UNRESOLVED,CONTROLLED,,sp_fef06587fead,34.61,12.33,hsrc_c61726597ef3,,Portugal safe interior v3 from the 1751 Vaugondy sheets; positional uncertainty 12.33 km replaces 34.61 km
rev_e411e1e91315,seven_years_war_1756_08_01,TERRESTRIAL_HEX,h6000_q-000621_r+000978,promo_7c95358cf0a4,promo_b68466ea22a9,UNRESOLVED,CONTROLLED,,sp_fef06587fead,34.61,12.33,hsrc_c61726597ef3,,Portugal safe interior v3 from the 1751 Vaugondy sheets; positional uncertainty 12.33 km replaces 34.61 km
rev_32ddcc8b268a,seven_years_war_1756_08_01,TERRESTRIAL_HEX,h6000_q-000620_r+000978,promo_7c95358cf0a4,promo_b68466ea22a9,UNRESOLVED,CONTROLLED,,sp_fef06587fead,34.61,12.33,hsrc_c61726597ef3,,Portugal safe interior v3 from the 1751 Vaugondy sheets; positional uncertainty 12.33 km replaces 34.61 km
rev_87b25e42b9bd,seven_years_war_1756_08_01,TERRESTRIAL_HEX,h6000_q-000619_r+000978,promo_7c95358cf0a4,promo_b68466ea22a9,UNRESOLVED,CONTROLLED,,sp_fef06587fead,34.61,12.33,hsrc_c61726597ef3,,Portugal safe interior v3 from the 1751 Vaugondy sheets; positional uncertainty 12.33 km replaces 34.61 km
rev_9f6a3dded588,seven_years_war_1756_08_01,TERRESTRIAL_HEX,h6000_q-000621_r+000979,promo_7c95358cf0a4,promo_b68466ea22a9,UNRESOLVED,CONTROLLED,,sp_fef06587fead,34.61,12.33,hsrc_c61726597ef3,,Portugal safe interior v3 from the 1751 Vaugondy sheets; positional uncertainty 12.33 km replaces 34.61 km
rev_a5b5ddadb134,seven_years_war_1756_08_01,TERRESTRIAL_HEX,h6000_q-000619_r+000979,promo_7c95358cf0a4,promo_b68466ea22a9,UNRESOLVED,CONTROLLED,,sp_fef06587fead,34.61,12.33,hsrc_c61726597ef3,,Portugal safe interior v3 from the 1751 Vaugondy sheets; positional uncertainty 12.33 km replaces 34.61 km
rev_1a0aad1b6f8f,seven_years_war_1756_08_01,TERRESTRIAL_HEX,h6000_q-000620_r+000979,promo_7c95358cf0a4,promo_b68466ea22a9,UNRESOLVED,CONTROLLED,,sp_fef06587fead,34.61,12.33,hsrc_c61726597ef3,,Portugal safe interior v3 from the 1751 Vaugondy sheets; positional uncertainty 12.33 km replaces 34.61 km
rev_5198d575a795,seven_years_war_1756_08_01,TERRESTRIAL_HEX,h6000_q-000621_r+000980,promo_7c95358cf0a4,promo_b68466ea22a9,UNRESOLVED,CONTROLLED,,sp_fef06587fead,34.61,12.33,hsrc_c61726597ef3,,Portugal safe interior v3 from the 1751 Vaugondy sheets; positional uncertainty 12.33 km replaces 34.61 km
rev_a0c03fba388a,seven_years_war_1756_08_01,TERRESTRIAL_HEX,h6000_q-000622_r+000980,promo_7c95358cf0a4,promo_b68466ea22a9,UNRESOLVED,CONTROLLED,,sp_fef06587fead,34.61,12.33,hsrc_c61726597ef3,,Portugal safe interior v3 from the 1751 Vaugondy sheets; positional uncertainty 12.33 km replaces 34.61 km
rev_83b243677e0f,seven_years_war_1756_08_01,TERRESTRIAL_HEX,h6000_q-000620_r+000980,promo_7c95358cf0a4,promo_b68466ea22a9,UNRESOLVED,CONTROLLED,,sp_fef06587fead,34.61,12.33,hsrc_c61726597ef3,,Portugal safe interior v3 from the 1751 Vaugondy sheets; positional uncertainty 12.33 km replaces 34.61 km
rev_0b1f80f8f4c5,seven_years_war_1756_08_01,TERRESTRIAL_HEX,h6000_q-000617_r+000978,promo_7c95358cf0a4,promo_b68466ea22a9,UNRESOLVED,CONTROLLED,,sp_fef06587fead,34.61,12.33,hsrc_c61726597ef3,,Portugal safe interior v3 from the 1751 Vaugondy sheets; positional uncertainty 12.33 km replaces 34.61 km
rev_91db2230adcf,seven_years_war_1756_08_01,TERRESTRIAL_HEX,h6000_q-000616_r+000978,promo_7c95358cf0a4,promo_b68466ea22a9,UNRESOLVED,CONTROLLED,,sp_fef06587fead,34.61,12.33,hsrc_c61726597ef3,,Portugal safe interior v3 from the 1751 Vaugondy sheets; positional uncertainty 12.33 km replaces 34.61 km
rev_6de959e7c6ba,seven_years_war_1756_08_01,TERRESTRIAL_HEX,h6000_q-000618_r+000978,promo_7c95358cf0a4,promo_b68466ea22a9,UNRESOLVED,CONTROLLED,,sp_fef06587fead,34.61,12.33,hsrc_c61726597ef3,,Portugal safe interior v3 from the 1751 Vaugondy sheets; positional uncertainty 12.33 km replaces 34.61 km
rev_057d5939ddf8,seven_years_war_1756_08_01,TERRESTRIAL_HEX,h6000_q-000618_r+000979,promo_7c95358cf0a4,promo_b68466ea22a9,UNRESOLVED,CONTROLLED,,sp_fef06587fead,34.61,12.33,hsrc_c61726597ef3,,Portugal safe interior v3 from the 1751 Vaugondy sheets; positional uncertainty 12.33 km replaces 34.61 km
rev_b7dbf1b647b7,seven_years_war_1756_08_01,TERRESTRIAL_HEX,h6000_q-000616_r+000979,promo_7c95358cf0a4,promo_b68466ea22a9,UNRESOLVED,CONTROLLED,,sp_fef06587fead,34.61,12.33,hsrc_c61726597ef3,,Portugal safe interior v3 from the 1751 Vaugondy sheets; positional uncertainty 12.33 km replaces 34.61 km
rev_92258d49e956,seven_years_war_1756_08_01,TERRESTRIAL_HEX,h6000_q-000617_r+000979,promo_7c95358cf0a4,promo_b68466ea22a9,UNRESOLVED,CONTROLLED,,sp_fef06587fead,34.61,12.33,hsrc_c61726597ef3,,Portugal safe interior v3 from the 1751 Vaugondy sheets; positional uncertainty 12.33 km replaces 34.61 km
rev_af0af80c6b7b,seven_years_war_1756_08_01,TERRESTRIAL_HEX,h6000_q-000617_r+000980,promo_7c95358cf0a4,promo_b68466ea22a9,UNRESOLVED,CONTROLLED,,sp_fef06587fead,34.61,12.33,hsrc_c61726597ef3,,Portugal safe interior v3 from the 1751 Vaugondy sheets; positional uncertainty 12.33 km replaces 34.61 km
rev_52924746237e,seven_years_war_1756_08_01,TERRESTRIAL_HEX,h6000_q-000619_r+000980,promo_7c95358cf0a4,promo_b68466ea22a9,UNRESOLVED,CONTROLLED,,sp_fef06587fead,34.61,12.33,hsrc_c61726597ef3,,Portugal safe interior v3 from the 1751 Vaugondy sheets; positional uncertainty 12.33 km replaces 34.61 km
rev_8493d60d5d27,seven_years_war_1756_08_01,TERRESTRIAL_HEX,h6000_q-000618_r+000980,promo_7c95358cf0a4,promo_b68466ea22a9,UNRESOLVED,CONTROLLED,,sp_fef06587fead,34.61,12.33,hsrc_c61726597ef3,,Portugal safe interior v3 from the 1751 Vaugondy sheets; positional uncertainty 12.33 km replaces 34.61 km
rev_b90dbf5eedb1,seven_years_war_1756_08_01,TERRESTRIAL_HEX,h6000_q-000618_r+000981,promo_7c95358cf0a4,promo_b68466ea22a9,UNRESOLVED,CONTROLLED,,sp_fef06587fead,34.61,12.33,hsrc_c61726597ef3,,Portugal safe interior v3 from the 1751 Vaugondy sheets; positional uncertainty 12.33 km replaces 34.61 km
rev_1b6e21c2dd83,seven_years_war_1756_08_01,TERRESTRIAL_HEX,h6000_q-000624_r+000979,promo_7c95358cf0a4,promo_b68466ea22a9,UNRESOLVED,CONTROLLED,,sp_fef06587fead,34.61,12.33,hsrc_c61726597ef3,,Portugal safe interior v3 from the 1751 Vaugondy sheets; positional uncertainty 12.33 km replaces 34.61 km
rev_c0db6a7a3f2e,seven_years_war_1756_08_01,TERRESTRIAL_HEX,h6000_q-000623_r+000979,promo_7c95358cf0a4,promo_b68466ea22a9,UNRESOLVED,CONTROLLED,,sp_fef06587fead,34.61,12.33,hsrc_c61726597ef3,,Portugal safe interior v3 from the 1751 Vaugondy sheets; positional uncertainty 12.33 km replaces 34.61 km
rev_b2ae101733c8,seven_years_war_1756_08_01,TERRESTRIAL_HEX,h6000_q-000622_r+000979,promo_7c95358cf0a4,promo_b68466ea22a9,UNRESOLVED,CONTROLLED,,sp_fef06587fead,34.61,12.33,hsrc_c61726597ef3,,Portugal safe interior v3 from the 1751 Vaugondy sheets; positional uncertainty 12.33 km replaces 34.61 km
rev_e7d29fb7d04a,seven_years_war_1756_08_01,TERRESTRIAL_HEX,h6000_q-000625_r+000980,promo_7c95358cf0a4,promo_b68466ea22a9,UNRESOLVED,CONTROLLED,,sp_fef06587fead,34.61,12.33,hsrc_c61726597ef3,,Portugal safe interior v3 from the 1751 Vaugondy sheets; positional uncertainty 12.33 km replaces 34.61 km
rev_518683b13405,seven_years_war_1756_08_01,TERRESTRIAL_HEX,h6000_q-000624_r+000980,promo_7c95358cf0a4,promo_b68466ea22a9,UNRESOLVED,CONTROLLED,,sp_fef06587fead,34.61,12.33,hsrc_c61726597ef3,,Portugal safe interior v3 from the 1751 Vaugondy sheets; positional uncertainty 12.33 km replaces 34.61 km
rev_34125eee5a12,seven_years_war_1756_08_01,TERRESTRIAL_HEX,h6000_q-000623_r+000980,promo_7c95358cf0a4,promo_b68466ea22a9,UNRESOLVED,CONTROLLED,,sp_fef06587fead,34.61,12.33,hsrc_c61726597ef3,,Portugal safe interior v3 from the 1751 Vaugondy sheets; positional uncertainty 12.33 km replaces 34.61 km
rev_1fef1c5e5aad,seven_years_war_1756_08_01,TERRESTRIAL_HEX,h6000_q-000624_r+000981,promo_7c95358cf0a4,promo_b68466ea22a9,UNRESOLVED,CONTROLLED,,sp_fef06587fead,34.61,12.33,hsrc_c61726597ef3,,Portugal safe interior v3 from the 1751 Vaugondy sheets; positional uncertainty 12.33 km replaces 34.61 km
rev_897ff963fc6b,seven_years_war_1756_08_01,TERRESTRIAL_HEX,h6000_q-000623_r+000981,promo_7c95358cf0a4,promo_b68466ea22a9,UNRESOLVED,CONTROLLED,,sp_fef06587fead,34.61,12.33,hsrc_c61726597ef3,,Portugal safe interior v3 from the 1751 Vaugondy sheets; positional uncertainty 12.33 km replaces 34.61 km
rev_4aa13b3612e1,seven_years_war_1756_08_01,TERRESTRIAL_HEX,h6000_q-000625_r+000981,promo_7c95358cf0a4,promo_b68466ea22a9,UNRESOLVED,CONTROLLED,,sp_fef06587fead,34.61,12.33,hsrc_c61726597ef3,,Portugal safe interior v3 from the 1751 Vaugondy sheets; positional uncertainty 12.33 km replaces 34.61 km
rev_7772720218e3,seven_years_war_1756_08_01,TERRESTRIAL_HEX,h6000_q-000615_r+000979,promo_7c95358cf0a4,promo_b68466ea22a9,UNRESOLVED,CONTROLLED,,sp_fef06587fead,34.61,12.33,hsrc_c61726597ef3,,Portugal safe interior v3 from the 1751 Vaugondy sheets; positional uncertainty 12.33 km replaces 34.61 km
rev_896b84a5cd9d,seven_years_war_1756_08_01,TERRESTRIAL_HEX,h6000_q-000616_r+000980,promo_7c95358cf0a4,promo_b68466ea22a9,UNRESOLVED,CONTROLLED,,sp_fef06587fead,34.61,12.33,hsrc_c61726597ef3,,Portugal safe interior v3 from the 1751 Vaugondy sheets; positional uncertainty 12.33 km replaces 34.61 km
rev_180b9158ef92,seven_years_war_1756_08_01,TERRESTRIAL_HEX,h6000_q-000616_r+000981,promo_7c95358cf0a4,promo_b68466ea22a9,UNRESOLVED,CONTROLLED,,sp_fef06587fead,34.61,12.33,hsrc_c61726597ef3,,Portugal safe interior v3 from the 1751 Vaugondy sheets; positional uncertainty 12.33 km replaces 34.61 km
rev_f5388077ae24,seven_years_war_1756_08_01,TERRESTRIAL_HEX,h6000_q-000616_r+000982,promo_7c95358cf0a4,promo_b68466ea22a9,UNRESOLVED,CONTROLLED,,sp_fef06587fead,34.61,12.33,hsrc_c61726597ef3,,Portugal safe interior v3 from the 1751 Vaugondy sheets; positional uncertainty 12.33 km replaces 34.61 km
rev_4adcfdfa73c0,seven_years_war_1756_08_01,TERRESTRIAL_HEX,h6000_q-000617_r+000982,promo_7c95358cf0a4,promo_b68466ea22a9,UNRESOLVED,CONTROLLED,,sp_fef06587fead,34.61,12.33,hsrc_c61726597ef3,,Portugal safe interior v3 from the 1751 Vaugondy sheets; positional uncertainty 12.33 km replaces 34.61 km
rev_d542ca6b896a,seven_years_war_1756_08_01,TERRESTRIAL_HEX,h6000_q-000616_r+000983,promo_7c95358cf0a4,promo_b68466ea22a9,UNRESOLVED,CONTROLLED,,sp_fef06587fead,34.61,12.33,hsrc_c61726597ef3,,Portugal safe interior v3 from the 1751 Vaugondy sheets; positional uncertainty 12.33 km replaces 34.61 km
rev_f87e66774f20,seven_years_war_1756_08_01,TERRESTRIAL_HEX,h6000_q-000623_r+000974,promo_c1d69cca569e,promo_b68466ea22a9,UNRESOLVED,CONTROLLED,,sp_fef06587fead,34.61,12.33,hsrc_c61726597ef3,,Portugal safe interior v3 from the 1751 Vaugondy sheets; positional uncertainty 12.33 km replaces 34.61 km
rev_60e1ee2c1349,seven_years_war_1756_08_01,TERRESTRIAL_HEX,h6000_q-000624_r+000975,promo_c1d69cca569e,promo_b68466ea22a9,UNRESOLVED,CONTROLLED,,sp_fef06587fead,34.61,12.33,hsrc_c61726597ef3,,Portugal safe interior v3 from the 1751 Vaugondy sheets; positional uncertainty 12.33 km replaces 34.61 km
rev_b739e2c4c4bd,seven_years_war_1756_08_01,TERRESTRIAL_HEX,h6000_q-000625_r+000975,promo_c1d69cca569e,promo_b68466ea22a9,UNRESOLVED,CONTROLLED,,sp_fef06587fead,34.61,12.33,hsrc_c61726597ef3,,Portugal safe interior v3 from the 1751 Vaugondy sheets; positional uncertainty 12.33 km replaces 34.61 km
rev_89d42274725a,seven_years_war_1756_08_01,TERRESTRIAL_HEX,h6000_q-000623_r+000975,promo_c1d69cca569e,promo_b68466ea22a9,UNRESOLVED,CONTROLLED,,sp_fef06587fead,34.61,12.33,hsrc_c61726597ef3,,Portugal safe interior v3 from the 1751 Vaugondy sheets; positional uncertainty 12.33 km replaces 34.61 km
rev_9e787e1a7c3d,seven_years_war_1756_08_01,TERRESTRIAL_HEX,h6000_q-000624_r+000976,promo_c1d69cca569e,promo_b68466ea22a9,UNRESOLVED,CONTROLLED,,sp_fef06587fead,34.61,12.33,hsrc_c61726597ef3,,Portugal safe interior v3 from the 1751 Vaugondy sheets; positional uncertainty 12.33 km replaces 34.61 km
rev_2538a9168587,seven_years_war_1756_08_01,TERRESTRIAL_HEX,h6000_q-000628_r+000973,promo_c1d69cca569e,promo_b68466ea22a9,UNRESOLVED,CONTROLLED,,sp_fef06587fead,34.61,12.33,hsrc_c61726597ef3,,Portugal safe interior v3 from the 1751 Vaugondy sheets; positional uncertainty 12.33 km replaces 34.61 km
rev_6bcb2c39235a,seven_years_war_1756_08_01,TERRESTRIAL_HEX,h6000_q-000629_r+000973,promo_c1d69cca569e,promo_b68466ea22a9,UNRESOLVED,CONTROLLED,,sp_fef06587fead,34.61,12.33,hsrc_c61726597ef3,,Portugal safe interior v3 from the 1751 Vaugondy sheets; positional uncertainty 12.33 km replaces 34.61 km
rev_c955101a0ab7,seven_years_war_1756_08_01,TERRESTRIAL_HEX,h6000_q-000629_r+000974,promo_c1d69cca569e,promo_b68466ea22a9,UNRESOLVED,CONTROLLED,,sp_fef06587fead,34.61,12.33,hsrc_c61726597ef3,,Portugal safe interior v3 from the 1751 Vaugondy sheets; positional uncertainty 12.33 km replaces 34.61 km
rev_5e11bc63603f,seven_years_war_1756_08_01,TERRESTRIAL_HEX,h6000_q-000630_r+000974,promo_c1d69cca569e,promo_b68466ea22a9,UNRESOLVED,CONTROLLED,,sp_fef06587fead,34.61,12.33,hsrc_c61726597ef3,,Portugal safe interior v3 from the 1751 Vaugondy sheets; positional uncertainty 12.33 km replaces 34.61 km
rev_201d70b1ca01,seven_years_war_1756_08_01,TERRESTRIAL_HEX,h6000_q-000631_r+000974,promo_c1d69cca569e,promo_b68466ea22a9,UNRESOLVED,CONTROLLED,,sp_fef06587fead,34.61,12.33,hsrc_c61726597ef3,,Portugal safe interior v3 from the 1751 Vaugondy sheets; positional uncertainty 12.33 km replaces 34.61 km
rev_bf1157a1c963,seven_years_war_1756_08_01,TERRESTRIAL_HEX,h6000_q-000629_r+000975,promo_7c95358cf0a4,promo_b68466ea22a9,UNRESOLVED,CONTROLLED,,sp_fef06587fead,34.61,12.33,hsrc_c61726597ef3,,Portugal safe interior v3 from the 1751 Vaugondy sheets; positional uncertainty 12.33 km replaces 34.61 km
rev_38d6b058385c,seven_years_war_1756_08_01,TERRESTRIAL_HEX,h6000_q-000630_r+000975,promo_c1d69cca569e,promo_b68466ea22a9,UNRESOLVED,CONTROLLED,,sp_fef06587fead,34.61,12.33,hsrc_c61726597ef3,,Portugal safe interior v3 from the 1751 Vaugondy sheets; positional uncertainty 12.33 km replaces 34.61 km
rev_4663c1067a72,seven_years_war_1756_08_01,TERRESTRIAL_HEX,h6000_q-000631_r+000975,promo_c1d69cca569e,promo_b68466ea22a9,UNRESOLVED,CONTROLLED,,sp_fef06587fead,34.61,12.33,hsrc_c61726597ef3,,Portugal safe interior v3 from the 1751 Vaugondy sheets; positional uncertainty 12.33 km replaces 34.61 km
rev_927473c0230d,seven_years_war_1756_08_01,TERRESTRIAL_HEX,h6000_q-000632_r+000976,promo_c1d69cca569e,promo_b68466ea22a9,UNRESOLVED,CONTROLLED,,sp_fef06587fead,34.61,12.33,hsrc_c61726597ef3,,Portugal safe interior v3 from the 1751 Vaugondy sheets; positional uncertainty 12.33 km replaces 34.61 km
rev_b3daf1728510,seven_years_war_1756_08_01,TERRESTRIAL_HEX,h6000_q-000631_r+000976,promo_c1d69cca569e,promo_b68466ea22a9,UNRESOLVED,CONTROLLED,,sp_fef06587fead,34.61,12.33,hsrc_c61726597ef3,,Portugal safe interior v3 from the 1751 Vaugondy sheets; positional uncertainty 12.33 km replaces 34.61 km
rev_d01854222e1d,seven_years_war_1756_08_01,TERRESTRIAL_HEX,h6000_q-000626_r+000975,promo_c1d69cca569e,promo_b68466ea22a9,UNRESOLVED,CONTROLLED,,sp_fef06587fead,34.61,12.33,hsrc_c61726597ef3,,Portugal safe interior v3 from the 1751 Vaugondy sheets; positional uncertainty 12.33 km replaces 34.61 km
rev_cdddc8296d4e,seven_years_war_1756_08_01,TERRESTRIAL_HEX,h6000_q-000628_r+000976,promo_7c95358cf0a4,promo_b68466ea22a9,UNRESOLVED,CONTROLLED,,sp_fef06587fead,34.61,12.33,hsrc_c61726597ef3,,Portugal safe interior v3 from the 1751 Vaugondy sheets; positional uncertainty 12.33 km replaces 34.61 km
rev_4fb2bd21ad6f,seven_years_war_1756_08_01,TERRESTRIAL_HEX,h6000_q-000629_r+000976,promo_7c95358cf0a4,promo_b68466ea22a9,UNRESOLVED,CONTROLLED,,sp_fef06587fead,34.61,12.33,hsrc_c61726597ef3,,Portugal safe interior v3 from the 1751 Vaugondy sheets; positional uncertainty 12.33 km replaces 34.61 km
rev_3aadde5448af,seven_years_war_1756_08_01,TERRESTRIAL_HEX,h6000_q-000627_r+000976,promo_c1d69cca569e,promo_b68466ea22a9,UNRESOLVED,CONTROLLED,,sp_fef06587fead,34.61,12.33,hsrc_c61726597ef3,,Portugal safe interior v3 from the 1751 Vaugondy sheets; positional uncertainty 12.33 km replaces 34.61 km
rev_1a77f5a52c53,seven_years_war_1756_08_01,TERRESTRIAL_HEX,h6000_q-000629_r+000977,promo_7c95358cf0a4,promo_b68466ea22a9,UNRESOLVED,CONTROLLED,,sp_fef06587fead,34.61,12.33,hsrc_c61726597ef3,,Portugal safe interior v3 from the 1751 Vaugondy sheets; positional uncertainty 12.33 km replaces 34.61 km
rev_9c14599c5da3,seven_years_war_1756_08_01,TERRESTRIAL_HEX,h6000_q-000627_r+000977,promo_c1d69cca569e,promo_b68466ea22a9,UNRESOLVED,CONTROLLED,,sp_fef06587fead,34.61,12.33,hsrc_c61726597ef3,,Portugal safe interior v3 from the 1751 Vaugondy sheets; positional uncertainty 12.33 km replaces 34.61 km
rev_31c6a1a3059a,seven_years_war_1756_08_01,TERRESTRIAL_HEX,h6000_q-000628_r+000977,promo_c1d69cca569e,promo_b68466ea22a9,UNRESOLVED,CONTROLLED,,sp_fef06587fead,34.61,12.33,hsrc_c61726597ef3,,Portugal safe interior v3 from the 1751 Vaugondy sheets; positional uncertainty 12.33 km replaces 34.61 km
rev_b3052c6842d1,seven_years_war_1756_08_01,TERRESTRIAL_HEX,h6000_q-000628_r+000978,promo_c1d69cca569e,promo_b68466ea22a9,UNRESOLVED,CONTROLLED,,sp_fef06587fead,34.61,12.33,hsrc_c61726597ef3,,Portugal safe interior v3 from the 1751 Vaugondy sheets; positional uncertainty 12.33 km replaces 34.61 km
rev_a3af7dca2b20,seven_years_war_1756_08_01,TERRESTRIAL_HEX,h6000_q-000630_r+000978,promo_7c95358cf0a4,promo_b68466ea22a9,UNRESOLVED,CONTROLLED,,sp_fef06587fead,34.61,12.33,hsrc_c61726597ef3,,Portugal safe interior v3 from the 1751 Vaugondy sheets; positional uncertainty 12.33 km replaces 34.61 km
rev_627b6987c9dd,seven_years_war_1756_08_01,TERRESTRIAL_HEX,h6000_q-000629_r+000978,promo_7c95358cf0a4,promo_b68466ea22a9,UNRESOLVED,CONTROLLED,,sp_fef06587fead,34.61,12.33,hsrc_c61726597ef3,,Portugal safe interior v3 from the 1751 Vaugondy sheets; positional uncertainty 12.33 km replaces 34.61 km
rev_481a3f4d3251,seven_years_war_1756_08_01,TERRESTRIAL_HEX,h6000_q-000630_r+000976,promo_7c95358cf0a4,promo_b68466ea22a9,UNRESOLVED,CONTROLLED,,sp_fef06587fead,34.61,12.33,hsrc_c61726597ef3,,Portugal safe interior v3 from the 1751 Vaugondy sheets; positional uncertainty 12.33 km replaces 34.61 km
rev_0508a2eb9731,seven_years_war_1756_08_01,TERRESTRIAL_HEX,h6000_q-000630_r+000977,promo_7c95358cf0a4,promo_b68466ea22a9,UNRESOLVED,CONTROLLED,,sp_fef06587fead,34.61,12.33,hsrc_c61726597ef3,,Portugal safe interior v3 from the 1751 Vaugondy sheets; positional uncertainty 12.33 km replaces 34.61 km
rev_be9693bfedac,seven_years_war_1756_08_01,TERRESTRIAL_HEX,h6000_q-000632_r+000977,promo_c1d69cca569e,promo_b68466ea22a9,UNRESOLVED,CONTROLLED,,sp_fef06587fead,34.61,12.33,hsrc_c61726597ef3,,Portugal safe interior v3 from the 1751 Vaugondy sheets; positional uncertainty 12.33 km replaces 34.61 km
rev_a5eff1cc4a35,seven_years_war_1756_08_01,TERRESTRIAL_HEX,h6000_q-000631_r+000977,promo_7c95358cf0a4,promo_b68466ea22a9,UNRESOLVED,CONTROLLED,,sp_fef06587fead,34.61,12.33,hsrc_c61726597ef3,,Portugal safe interior v3 from the 1751 Vaugondy sheets; positional uncertainty 12.33 km replaces 34.61 km
rev_f5b045a9c407,seven_years_war_1756_08_01,TERRESTRIAL_HEX,h6000_q-000632_r+000978,promo_7c95358cf0a4,promo_b68466ea22a9,UNRESOLVED,CONTROLLED,,sp_fef06587fead,34.61,12.33,hsrc_c61726597ef3,,Portugal safe interior v3 from the 1751 Vaugondy sheets; positional uncertainty 12.33 km replaces 34.61 km
rev_ceff2c4a0e13,seven_years_war_1756_08_01,TERRESTRIAL_HEX,h6000_q-000633_r+000978,promo_c1d69cca569e,promo_b68466ea22a9,UNRESOLVED,CONTROLLED,,sp_fef06587fead,34.61,12.33,hsrc_c61726597ef3,,Portugal safe interior v3 from the 1751 Vaugondy sheets; positional uncertainty 12.33 km replaces 34.61 km
rev_baeb0ab016bf,seven_years_war_1756_08_01,TERRESTRIAL_HEX,h6000_q-000631_r+000978,promo_7c95358cf0a4,promo_b68466ea22a9,UNRESOLVED,CONTROLLED,,sp_fef06587fead,34.61,12.33,hsrc_c61726597ef3,,Portugal safe interior v3 from the 1751 Vaugondy sheets; positional uncertainty 12.33 km replaces 34.61 km
rev_8dc20ef156a0,seven_years_war_1756_08_01,TERRESTRIAL_HEX,h6000_q-000631_r+000979,promo_7c95358cf0a4,promo_b68466ea22a9,UNRESOLVED,CONTROLLED,,sp_fef06587fead,34.61,12.33,hsrc_c61726597ef3,,Portugal safe interior v3 from the 1751 Vaugondy sheets; positional uncertainty 12.33 km replaces 34.61 km
rev_50b9dacd9cdf,seven_years_war_1756_08_01,TERRESTRIAL_HEX,h6000_q-000632_r+000979,promo_7c95358cf0a4,promo_b68466ea22a9,UNRESOLVED,CONTROLLED,,sp_fef06587fead,34.61,12.33,hsrc_c61726597ef3,,Portugal safe interior v3 from the 1751 Vaugondy sheets; positional uncertainty 12.33 km replaces 34.61 km
rev_5c256c473e1d,seven_years_war_1756_08_01,TERRESTRIAL_HEX,h6000_q-000633_r+000979,promo_c1d69cca569e,promo_b68466ea22a9,UNRESOLVED,CONTROLLED,,sp_fef06587fead,34.61,12.33,hsrc_c61726597ef3,,Portugal safe interior v3 from the 1751 Vaugondy sheets; positional uncertainty 12.33 km replaces 34.61 km
rev_903ab99270a8,seven_years_war_1756_08_01,TERRESTRIAL_HEX,h6000_q-000625_r+000976,promo_c1d69cca569e,promo_b68466ea22a9,UNRESOLVED,CONTROLLED,,sp_fef06587fead,34.61,12.33,hsrc_c61726597ef3,,Portugal safe interior v3 from the 1751 Vaugondy sheets; positional uncertainty 12.33 km replaces 34.61 km
rev_358c32f29bdc,seven_years_war_1756_08_01,TERRESTRIAL_HEX,h6000_q-000626_r+000976,promo_c1d69cca569e,promo_b68466ea22a9,UNRESOLVED,CONTROLLED,,sp_fef06587fead,34.61,12.33,hsrc_c61726597ef3,,Portugal safe interior v3 from the 1751 Vaugondy sheets; positional uncertainty 12.33 km replaces 34.61 km
rev_be6dbdaf9401,seven_years_war_1756_08_01,TERRESTRIAL_HEX,h6000_q-000626_r+000977,promo_c1d69cca569e,promo_b68466ea22a9,UNRESOLVED,CONTROLLED,,sp_fef06587fead,34.61,12.33,hsrc_c61726597ef3,,Portugal safe interior v3 from the 1751 Vaugondy sheets; positional uncertainty 12.33 km replaces 34.61 km
rev_76bfb1e51a3d,seven_years_war_1756_08_01,TERRESTRIAL_HEX,h6000_q-000625_r+000977,promo_c1d69cca569e,promo_b68466ea22a9,UNRESOLVED,CONTROLLED,,sp_fef06587fead,34.61,12.33,hsrc_c61726597ef3,,Portugal safe interior v3 from the 1751 Vaugondy sheets; positional uncertainty 12.33 km replaces 34.61 km
rev_3facf8d169e6,seven_years_war_1756_08_01,TERRESTRIAL_HEX,h6000_q-000624_r+000977,promo_c1d69cca569e,promo_b68466ea22a9,UNRESOLVED,CONTROLLED,,sp_fef06587fead,34.61,12.33,hsrc_c61726597ef3,,Portugal safe interior v3 from the 1751 Vaugondy sheets; positional uncertainty 12.33 km replaces 34.61 km
rev_f132026b92dc,seven_years_war_1756_08_01,TERRESTRIAL_HEX,h6000_q-000626_r+000978,promo_c1d69cca569e,promo_b68466ea22a9,UNRESOLVED,CONTROLLED,,sp_fef06587fead,34.61,12.33,hsrc_c61726597ef3,,Portugal safe interior v3 from the 1751 Vaugondy sheets; positional uncertainty 12.33 km replaces 34.61 km
rev_91c12e09f7fe,seven_years_war_1756_08_01,TERRESTRIAL_HEX,h6000_q-000627_r+000978,promo_c1d69cca569e,promo_b68466ea22a9,UNRESOLVED,CONTROLLED,,sp_fef06587fead,34.61,12.33,hsrc_c61726597ef3,,Portugal safe interior v3 from the 1751 Vaugondy sheets; positional uncertainty 12.33 km replaces 34.61 km
rev_13dc81dfb9e4,seven_years_war_1756_08_01,TERRESTRIAL_HEX,h6000_q-000625_r+000978,promo_c1d69cca569e,promo_b68466ea22a9,UNRESOLVED,CONTROLLED,,sp_fef06587fead,34.61,12.33,hsrc_c61726597ef3,,Portugal safe interior v3 from the 1751 Vaugondy sheets; positional uncertainty 12.33 km replaces 34.61 km
rev_26be593bd654,seven_years_war_1756_08_01,TERRESTRIAL_HEX,h6000_q-000626_r+000979,promo_7c95358cf0a4,promo_b68466ea22a9,UNRESOLVED,CONTROLLED,,sp_fef06587fead,34.61,12.33,hsrc_c61726597ef3,,Portugal safe interior v3 from the 1751 Vaugondy sheets; positional uncertainty 12.33 km replaces 34.61 km
rev_44de977f7293,seven_years_war_1756_08_01,TERRESTRIAL_HEX,h6000_q-000625_r+000979,promo_7c95358cf0a4,promo_b68466ea22a9,UNRESOLVED,CONTROLLED,,sp_fef06587fead,34.61,12.33,hsrc_c61726597ef3,,Portugal safe interior v3 from the 1751 Vaugondy sheets; positional uncertainty 12.33 km replaces 34.61 km
rev_7cbd0350c699,seven_years_war_1756_08_01,TERRESTRIAL_HEX,h6000_q-000627_r+000979,promo_7c95358cf0a4,promo_b68466ea22a9,UNRESOLVED,CONTROLLED,,sp_fef06587fead,34.61,12.33,hsrc_c61726597ef3,,Portugal safe interior v3 from the 1751 Vaugondy sheets; positional uncertainty 12.33 km replaces 34.61 km
rev_22b1e71ec8b5,seven_years_war_1756_08_01,TERRESTRIAL_HEX,h6000_q-000628_r+000980,promo_7c95358cf0a4,promo_b68466ea22a9,UNRESOLVED,CONTROLLED,,sp_fef06587fead,34.61,12.33,hsrc_c61726597ef3,,Portugal safe interior v3 from the 1751 Vaugondy sheets; positional uncertainty 12.33 km replaces 34.61 km
rev_0dbf2c6219a7,seven_years_war_1756_08_01,TERRESTRIAL_HEX,h6000_q-000627_r+000980,promo_7c95358cf0a4,promo_b68466ea22a9,UNRESOLVED,CONTROLLED,,sp_fef06587fead,34.61,12.33,hsrc_c61726597ef3,,Portugal safe interior v3 from the 1751 Vaugondy sheets; positional uncertainty 12.33 km replaces 34.61 km
rev_6a17a9673336,seven_years_war_1756_08_01,TERRESTRIAL_HEX,h6000_q-000626_r+000980,promo_7c95358cf0a4,promo_b68466ea22a9,UNRESOLVED,CONTROLLED,,sp_fef06587fead,34.61,12.33,hsrc_c61726597ef3,,Portugal safe interior v3 from the 1751 Vaugondy sheets; positional uncertainty 12.33 km replaces 34.61 km
rev_12c08ca20998,seven_years_war_1756_08_01,TERRESTRIAL_HEX,h6000_q-000626_r+000981,promo_7c95358cf0a4,promo_b68466ea22a9,UNRESOLVED,CONTROLLED,,sp_fef06587fead,34.61,12.33,hsrc_c61726597ef3,,Portugal safe interior v3 from the 1751 Vaugondy sheets; positional uncertainty 12.33 km replaces 34.61 km
rev_d72b77f2c7a8,seven_years_war_1756_08_01,TERRESTRIAL_HEX,h6000_q-000627_r+000981,promo_7c95358cf0a4,promo_b68466ea22a9,UNRESOLVED,CONTROLLED,,sp_fef06587fead,34.61,12.33,hsrc_c61726597ef3,,Portugal safe interior v3 from the 1751 Vaugondy sheets; positional uncertainty 12.33 km replaces 34.61 km
rev_16b6083e13cf,seven_years_war_1756_08_01,TERRESTRIAL_HEX,h6000_q-000628_r+000981,promo_7c95358cf0a4,promo_b68466ea22a9,UNRESOLVED,CONTROLLED,,sp_fef06587fead,34.61,12.33,hsrc_c61726597ef3,,Portugal safe interior v3 from the 1751 Vaugondy sheets; positional uncertainty 12.33 km replaces 34.61 km
rev_f187f611cb93,seven_years_war_1756_08_01,TERRESTRIAL_HEX,h6000_q-000629_r+000982,promo_7c95358cf0a4,promo_b68466ea22a9,UNRESOLVED,CONTROLLED,,sp_fef06587fead,34.61,12.33,hsrc_c61726597ef3,,Portugal safe interior v3 from the 1751 Vaugondy sheets; positional uncertainty 12.33 km replaces 34.61 km
rev_a8b32f034fa0,seven_years_war_1756_08_01,TERRESTRIAL_HEX,h6000_q-000627_r+000982,promo_7c95358cf0a4,promo_b68466ea22a9,UNRESOLVED,CONTROLLED,,sp_fef06587fead,34.61,12.33,hsrc_c61726597ef3,,Portugal safe interior v3 from the 1751 Vaugondy sheets; positional uncertainty 12.33 km replaces 34.61 km
rev_cdffedacd5c9,seven_years_war_1756_08_01,TERRESTRIAL_HEX,h6000_q-000628_r+000982,promo_7c95358cf0a4,promo_b68466ea22a9,UNRESOLVED,CONTROLLED,,sp_fef06587fead,34.61,12.33,hsrc_c61726597ef3,,Portugal safe interior v3 from the 1751 Vaugondy sheets; positional uncertainty 12.33 km replaces 34.61 km
rev_02c2bb3c693f,seven_years_war_1756_08_01,TERRESTRIAL_HEX,h6000_q-000628_r+000979,promo_7c95358cf0a4,promo_b68466ea22a9,UNRESOLVED,CONTROLLED,,sp_fef06587fead,34.61,12.33,hsrc_c61726597ef3,,Portugal safe interior v3 from the 1751 Vaugondy sheets; positional uncertainty 12.33 km replaces 34.61 km
rev_1180394dc717,seven_years_war_1756_08_01,TERRESTRIAL_HEX,h6000_q-000630_r+000979,promo_7c95358cf0a4,promo_b68466ea22a9,UNRESOLVED,CONTROLLED,,sp_fef06587fead,34.61,12.33,hsrc_c61726597ef3,,Portugal safe interior v3 from the 1751 Vaugondy sheets; positional uncertainty 12.33 km replaces 34.61 km
rev_509dd6c018df,seven_years_war_1756_08_01,TERRESTRIAL_HEX,h6000_q-000629_r+000979,promo_7c95358cf0a4,promo_b68466ea22a9,UNRESOLVED,CONTROLLED,,sp_fef06587fead,34.61,12.33,hsrc_c61726597ef3,,Portugal safe interior v3 from the 1751 Vaugondy sheets; positional uncertainty 12.33 km replaces 34.61 km
rev_8a304c1f2e3b,seven_years_war_1756_08_01,TERRESTRIAL_HEX,h6000_q-000629_r+000980,promo_7c95358cf0a4,promo_b68466ea22a9,UNRESOLVED,CONTROLLED,,sp_fef06587fead,34.61,12.33,hsrc_c61726597ef3,,Portugal safe interior v3 from the 1751 Vaugondy sheets; positional uncertainty 12.33 km replaces 34.61 km
rev_6b3da47e26ae,seven_years_war_1756_08_01,TERRESTRIAL_HEX,h6000_q-000630_r+000980,promo_7c95358cf0a4,promo_b68466ea22a9,UNRESOLVED,CONTROLLED,,sp_fef06587fead,34.61,12.33,hsrc_c61726597ef3,,Portugal safe interior v3 from the 1751 Vaugondy sheets; positional uncertainty 12.33 km replaces 34.61 km
rev_186b72b1e1e1,seven_years_war_1756_08_01,TERRESTRIAL_HEX,h6000_q-000631_r+000980,promo_7c95358cf0a4,promo_b68466ea22a9,UNRESOLVED,CONTROLLED,,sp_fef06587fead,34.61,12.33,hsrc_c61726597ef3,,Portugal safe interior v3 from the 1751 Vaugondy sheets; positional uncertainty 12.33 km replaces 34.61 km
rev_c3c984f450b1,seven_years_war_1756_08_01,TERRESTRIAL_HEX,h6000_q-000630_r+000981,promo_7c95358cf0a4,promo_b68466ea22a9,UNRESOLVED,CONTROLLED,,sp_fef06587fead,34.61,12.33,hsrc_c61726597ef3,,Portugal safe interior v3 from the 1751 Vaugondy sheets; positional uncertainty 12.33 km replaces 34.61 km
rev_de93f8936160,seven_years_war_1756_08_01,TERRESTRIAL_HEX,h6000_q-000629_r+000981,promo_7c95358cf0a4,promo_b68466ea22a9,UNRESOLVED,CONTROLLED,,sp_fef06587fead,34.61,12.33,hsrc_c61726597ef3,,Portugal safe interior v3 from the 1751 Vaugondy sheets; positional uncertainty 12.33 km replaces 34.61 km
rev_c16712733984,seven_years_war_1756_08_01,TERRESTRIAL_HEX,h6000_q-000631_r+000981,promo_7c95358cf0a4,promo_b68466ea22a9,UNRESOLVED,CONTROLLED,,sp_fef06587fead,34.61,12.33,hsrc_c61726597ef3,,Portugal safe interior v3 from the 1751 Vaugondy sheets; positional uncertainty 12.33 km replaces 34.61 km
rev_e6f6fd794478,seven_years_war_1756_08_01,TERRESTRIAL_HEX,h6000_q-000631_r+000982,promo_7c95358cf0a4,promo_b68466ea22a9,UNRESOLVED,CONTROLLED,,sp_fef06587fead,34.61,12.33,hsrc_c61726597ef3,,Portugal safe interior v3 from the 1751 Vaugondy sheets; positional uncertainty 12.33 km replaces 34.61 km
rev_af5a07a3807e,seven_years_war_1756_08_01,TERRESTRIAL_HEX,h6000_q-000633_r+000980,promo_7c95358cf0a4,promo_b68466ea22a9,UNRESOLVED,CONTROLLED,,sp_fef06587fead,34.61,12.33,hsrc_c61726597ef3,,Portugal safe interior v3 from the 1751 Vaugondy sheets; positional uncertainty 12.33 km replaces 34.61 km
rev_ccd0426109d1,seven_years_war_1756_08_01,TERRESTRIAL_HEX,h6000_q-000632_r+000980,promo_7c95358cf0a4,promo_b68466ea22a9,UNRESOLVED,CONTROLLED,,sp_fef06587fead,34.61,12.33,hsrc_c61726597ef3,,Portugal safe interior v3 from the 1751 Vaugondy sheets; positional uncertainty 12.33 km replaces 34.61 km
rev_18c90f2991d1,seven_years_war_1756_08_01,TERRESTRIAL_HEX,h6000_q-000633_r+000981,promo_7c95358cf0a4,promo_b68466ea22a9,UNRESOLVED,CONTROLLED,,sp_fef06587fead,34.61,12.33,hsrc_c61726597ef3,,Portugal safe interior v3 from the 1751 Vaugondy sheets; positional uncertainty 12.33 km replaces 34.61 km
rev_4ea3a0a946c8,seven_years_war_1756_08_01,TERRESTRIAL_HEX,h6000_q-000632_r+000981,promo_7c95358cf0a4,promo_b68466ea22a9,UNRESOLVED,CONTROLLED,,sp_fef06587fead,34.61,12.33,hsrc_c61726597ef3,,Portugal safe interior v3 from the 1751 Vaugondy sheets; positional uncertainty 12.33 km replaces 34.61 km
rev_bb0ef63bf720,seven_years_war_1756_08_01,TERRESTRIAL_HEX,h6000_q-000633_r+000982,promo_7c95358cf0a4,promo_b68466ea22a9,UNRESOLVED,CONTROLLED,,sp_fef06587fead,34.61,12.33,hsrc_c61726597ef3,,Portugal safe interior v3 from the 1751 Vaugondy sheets; positional uncertainty 12.33 km replaces 34.61 km
rev_c3892a94252c,seven_years_war_1756_08_01,TERRESTRIAL_HEX,h6000_q-000632_r+000982,promo_7c95358cf0a4,promo_b68466ea22a9,UNRESOLVED,CONTROLLED,,sp_fef06587fead,34.61,12.33,hsrc_c61726597ef3,,Portugal safe interior v3 from the 1751 Vaugondy sheets; positional uncertainty 12.33 km replaces 34.61 km
rev_d065c364fbf3,seven_years_war_1756_08_01,TERRESTRIAL_HEX,h6000_q-000630_r+000982,promo_7c95358cf0a4,promo_b68466ea22a9,UNRESOLVED,CONTROLLED,,sp_fef06587fead,34.61,12.33,hsrc_c61726597ef3,,Portugal safe interior v3 from the 1751 Vaugondy sheets; positional uncertainty 12.33 km replaces 34.61 km
rev_93927e2983fb,seven_years_war_1756_08_01,TERRESTRIAL_HEX,h6000_q-000630_r+000983,promo_7c95358cf0a4,promo_b68466ea22a9,UNRESOLVED,CONTROLLED,,sp_fef06587fead,34.61,12.33,hsrc_c61726597ef3,,Portugal safe interior v3 from the 1751 Vaugondy sheets; positional uncertainty 12.33 km replaces 34.61 km
rev_45f7ace8762f,seven_years_war_1756_08_01,TERRESTRIAL_HEX,h6000_q-000631_r+000983,promo_7c95358cf0a4,promo_b68466ea22a9,UNRESOLVED,CONTROLLED,,sp_fef06587fead,34.61,12.33,hsrc_c61726597ef3,,Portugal safe interior v3 from the 1751 Vaugondy sheets; positional uncertainty 12.33 km replaces 34.61 km
rev_45936b942634,seven_years_war_1756_08_01,TERRESTRIAL_HEX,h6000_q-000632_r+000983,promo_7c95358cf0a4,promo_b68466ea22a9,UNRESOLVED,CONTROLLED,,sp_fef06587fead,34.61,12.33,hsrc_c61726597ef3,,Portugal safe interior v3 from the 1751 Vaugondy sheets; positional uncertainty 12.33 km replaces 34.61 km
rev_7dc9f743b1f6,seven_years_war_1756_08_01,TERRESTRIAL_HEX,h6000_q-000633_r+000984,promo_7c95358cf0a4,promo_b68466ea22a9,UNRESOLVED,CONTROLLED,,sp_fef06587fead,34.61,12.33,hsrc_c61726597ef3,,Portugal safe interior v3 from the 1751 Vaugondy sheets; positional uncertainty 12.33 km replaces 34.61 km
rev_84978f00f3b2,seven_years_war_1756_08_01,TERRESTRIAL_HEX,h6000_q-000632_r+000984,promo_7c95358cf0a4,promo_b68466ea22a9,UNRESOLVED,CONTROLLED,,sp_fef06587fead,34.61,12.33,hsrc_c61726597ef3,,Portugal safe interior v3 from the 1751 Vaugondy sheets; positional uncertainty 12.33 km replaces 34.61 km
rev_e4c5b2bb508d,seven_years_war_1756_08_01,TERRESTRIAL_HEX,h6000_q-000631_r+000984,promo_7c95358cf0a4,promo_b68466ea22a9,UNRESOLVED,CONTROLLED,,sp_fef06587fead,34.61,12.33,hsrc_c61726597ef3,,Portugal safe interior v3 from the 1751 Vaugondy sheets; positional uncertainty 12.33 km replaces 34.61 km
rev_e8a159ff7975,seven_years_war_1756_08_01,TERRESTRIAL_HEX,h6000_q-000632_r+000985,promo_7c95358cf0a4,promo_b68466ea22a9,UNRESOLVED,CONTROLLED,,sp_fef06587fead,34.61,12.33,hsrc_c61726597ef3,,Portugal safe interior v3 from the 1751 Vaugondy sheets; positional uncertainty 12.33 km replaces 34.61 km
rev_fdfad36906dd,seven_years_war_1756_08_01,TERRESTRIAL_HEX,h6000_q-000633_r+000985,promo_7c95358cf0a4,promo_b68466ea22a9,UNRESOLVED,CONTROLLED,,sp_fef06587fead,34.61,12.33,hsrc_c61726597ef3,,Portugal safe interior v3 from the 1751 Vaugondy sheets; positional uncertainty 12.33 km replaces 34.61 km
rev_4e5f8985cd24,seven_years_war_1756_08_01,TERRESTRIAL_HEX,h6000_q-000626_r+000982,promo_7c95358cf0a4,promo_b68466ea22a9,UNRESOLVED,CONTROLLED,,sp_fef06587fead,34.61,12.33,hsrc_c61726597ef3,,Portugal safe interior v3 from the 1751 Vaugondy sheets; positional uncertainty 12.33 km replaces 34.61 km
rev_54e7c13f6ded,seven_years_war_1756_08_01,TERRESTRIAL_HEX,h6000_q-000613_r+000982,promo_7c95358cf0a4,promo_b68466ea22a9,UNRESOLVED,CONTROLLED,,sp_fef06587fead,34.61,12.33,hsrc_c61726597ef3,,Portugal safe interior v3 from the 1751 Vaugondy sheets; positional uncertainty 12.33 km replaces 34.61 km
rev_16ecce01a481,seven_years_war_1756_08_01,TERRESTRIAL_HEX,h6000_q-000615_r+000983,promo_7c95358cf0a4,promo_b68466ea22a9,UNRESOLVED,CONTROLLED,,sp_fef06587fead,34.61,12.33,hsrc_c61726597ef3,,Portugal safe interior v3 from the 1751 Vaugondy sheets; positional uncertainty 12.33 km replaces 34.61 km
rev_3712ebdfec5e,seven_years_war_1756_08_01,TERRESTRIAL_HEX,h6000_q-000614_r+000983,promo_7c95358cf0a4,promo_b68466ea22a9,UNRESOLVED,CONTROLLED,,sp_fef06587fead,34.61,12.33,hsrc_c61726597ef3,,Portugal safe interior v3 from the 1751 Vaugondy sheets; positional uncertainty 12.33 km replaces 34.61 km
rev_6649094321c9,seven_years_war_1756_08_01,TERRESTRIAL_HEX,h6000_q-000622_r+000981,promo_7c95358cf0a4,promo_b68466ea22a9,UNRESOLVED,CONTROLLED,,sp_fef06587fead,34.61,12.33,hsrc_c61726597ef3,,Portugal safe interior v3 from the 1751 Vaugondy sheets; positional uncertainty 12.33 km replaces 34.61 km
rev_397e6a7d8651,seven_years_war_1756_08_01,TERRESTRIAL_HEX,h6000_q-000621_r+000981,promo_7c95358cf0a4,promo_b68466ea22a9,UNRESOLVED,CONTROLLED,,sp_fef06587fead,34.61,12.33,hsrc_c61726597ef3,,Portugal safe interior v3 from the 1751 Vaugondy sheets; positional uncertainty 12.33 km replaces 34.61 km
rev_c6e0100349ac,seven_years_war_1756_08_01,TERRESTRIAL_HEX,h6000_q-000620_r+000981,promo_7c95358cf0a4,promo_b68466ea22a9,UNRESOLVED,CONTROLLED,,sp_fef06587fead,34.61,12.33,hsrc_c61726597ef3,,Portugal safe interior v3 from the 1751 Vaugondy sheets; positional uncertainty 12.33 km replaces 34.61 km
rev_b36c7e7c4a49,seven_years_war_1756_08_01,TERRESTRIAL_HEX,h6000_q-000622_r+000982,promo_7c95358cf0a4,promo_b68466ea22a9,UNRESOLVED,CONTROLLED,,sp_fef06587fead,34.61,12.33,hsrc_c61726597ef3,,Portugal safe interior v3 from the 1751 Vaugondy sheets; positional uncertainty 12.33 km replaces 34.61 km
rev_308037a7a24a,seven_years_war_1756_08_01,TERRESTRIAL_HEX,h6000_q-000621_r+000982,promo_7c95358cf0a4,promo_b68466ea22a9,UNRESOLVED,CONTROLLED,,sp_fef06587fead,34.61,12.33,hsrc_c61726597ef3,,Portugal safe interior v3 from the 1751 Vaugondy sheets; positional uncertainty 12.33 km replaces 34.61 km
rev_7a143ab5ecf5,seven_years_war_1756_08_01,TERRESTRIAL_HEX,h6000_q-000623_r+000982,promo_7c95358cf0a4,promo_b68466ea22a9,UNRESOLVED,CONTROLLED,,sp_fef06587fead,34.61,12.33,hsrc_c61726597ef3,,Portugal safe interior v3 from the 1751 Vaugondy sheets; positional uncertainty 12.33 km replaces 34.61 km
rev_3bb01dd4758d,seven_years_war_1756_08_01,TERRESTRIAL_HEX,h6000_q-000621_r+000983,promo_7c95358cf0a4,promo_b68466ea22a9,UNRESOLVED,CONTROLLED,,sp_fef06587fead,34.61,12.33,hsrc_c61726597ef3,,Portugal safe interior v3 from the 1751 Vaugondy sheets; positional uncertainty 12.33 km replaces 34.61 km
rev_3384bd4d18e5,seven_years_war_1756_08_01,TERRESTRIAL_HEX,h6000_q-000623_r+000983,promo_7c95358cf0a4,promo_b68466ea22a9,UNRESOLVED,CONTROLLED,,sp_fef06587fead,34.61,12.33,hsrc_c61726597ef3,,Portugal safe interior v3 from the 1751 Vaugondy sheets; positional uncertainty 12.33 km replaces 34.61 km
rev_9fe2a6e704aa,seven_years_war_1756_08_01,TERRESTRIAL_HEX,h6000_q-000622_r+000983,promo_7c95358cf0a4,promo_b68466ea22a9,UNRESOLVED,CONTROLLED,,sp_fef06587fead,34.61,12.33,hsrc_c61726597ef3,,Portugal safe interior v3 from the 1751 Vaugondy sheets; positional uncertainty 12.33 km replaces 34.61 km
rev_4b9a04a0a331,seven_years_war_1756_08_01,TERRESTRIAL_HEX,h6000_q-000617_r+000981,promo_7c95358cf0a4,promo_b68466ea22a9,UNRESOLVED,CONTROLLED,,sp_fef06587fead,34.61,12.33,hsrc_c61726597ef3,,Portugal safe interior v3 from the 1751 Vaugondy sheets; positional uncertainty 12.33 km replaces 34.61 km
rev_09b4202de162,seven_years_war_1756_08_01,TERRESTRIAL_HEX,h6000_q-000619_r+000981,promo_7c95358cf0a4,promo_b68466ea22a9,UNRESOLVED,CONTROLLED,,sp_fef06587fead,34.61,12.33,hsrc_c61726597ef3,,Portugal safe interior v3 from the 1751 Vaugondy sheets; positional uncertainty 12.33 km replaces 34.61 km
rev_ef8a0821593b,seven_years_war_1756_08_01,TERRESTRIAL_HEX,h6000_q-000620_r+000982,promo_7c95358cf0a4,promo_b68466ea22a9,UNRESOLVED,CONTROLLED,,sp_fef06587fead,34.61,12.33,hsrc_c61726597ef3,,Portugal safe interior v3 from the 1751 Vaugondy sheets; positional uncertainty 12.33 km replaces 34.61 km
rev_9c129e0348d4,seven_years_war_1756_08_01,TERRESTRIAL_HEX,h6000_q-000618_r+000982,promo_7c95358cf0a4,promo_b68466ea22a9,UNRESOLVED,CONTROLLED,,sp_fef06587fead,34.61,12.33,hsrc_c61726597ef3,,Portugal safe interior v3 from the 1751 Vaugondy sheets; positional uncertainty 12.33 km replaces 34.61 km
rev_ee5472a3db59,seven_years_war_1756_08_01,TERRESTRIAL_HEX,h6000_q-000619_r+000982,promo_7c95358cf0a4,promo_b68466ea22a9,UNRESOLVED,CONTROLLED,,sp_fef06587fead,34.61,12.33,hsrc_c61726597ef3,,Portugal safe interior v3 from the 1751 Vaugondy sheets; positional uncertainty 12.33 km replaces 34.61 km
rev_b4557176361b,seven_years_war_1756_08_01,TERRESTRIAL_HEX,h6000_q-000619_r+000983,promo_7c95358cf0a4,promo_b68466ea22a9,UNRESOLVED,CONTROLLED,,sp_fef06587fead,34.61,12.33,hsrc_c61726597ef3,,Portugal safe interior v3 from the 1751 Vaugondy sheets; positional uncertainty 12.33 km replaces 34.61 km
rev_4c47526003c6,seven_years_war_1756_08_01,TERRESTRIAL_HEX,h6000_q-000618_r+000983,promo_7c95358cf0a4,promo_b68466ea22a9,UNRESOLVED,CONTROLLED,,sp_fef06587fead,34.61,12.33,hsrc_c61726597ef3,,Portugal safe interior v3 from the 1751 Vaugondy sheets; positional uncertainty 12.33 km replaces 34.61 km
rev_86e161b95edd,seven_years_war_1756_08_01,TERRESTRIAL_HEX,h6000_q-000620_r+000983,promo_7c95358cf0a4,promo_b68466ea22a9,UNRESOLVED,CONTROLLED,,sp_fef06587fead,34.61,12.33,hsrc_c61726597ef3,,Portugal safe interior v3 from the 1751 Vaugondy sheets; positional uncertainty 12.33 km replaces 34.61 km
rev_a4c531043442,seven_years_war_1756_08_01,TERRESTRIAL_HEX,h6000_q-000620_r+000984,promo_7c95358cf0a4,promo_b68466ea22a9,UNRESOLVED,CONTROLLED,,sp_fef06587fead,34.61,12.33,hsrc_c61726597ef3,,Portugal safe interior v3 from the 1751 Vaugondy sheets; positional uncertainty 12.33 km replaces 34.61 km
rev_35fe8b6d3054,seven_years_war_1756_08_01,TERRESTRIAL_HEX,h6000_q-000619_r+000984,promo_7c95358cf0a4,promo_b68466ea22a9,UNRESOLVED,CONTROLLED,,sp_fef06587fead,34.61,12.33,hsrc_c61726597ef3,,Portugal safe interior v3 from the 1751 Vaugondy sheets; positional uncertainty 12.33 km replaces 34.61 km
rev_925ad8f892c4,seven_years_war_1756_08_01,TERRESTRIAL_HEX,h6000_q-000617_r+000983,promo_7c95358cf0a4,promo_b68466ea22a9,UNRESOLVED,CONTROLLED,,sp_fef06587fead,34.61,12.33,hsrc_c61726597ef3,,Portugal safe interior v3 from the 1751 Vaugondy sheets; positional uncertainty 12.33 km replaces 34.61 km
rev_bcffaabf055e,seven_years_war_1756_08_01,TERRESTRIAL_HEX,h6000_q-000618_r+000984,promo_7c95358cf0a4,promo_b68466ea22a9,UNRESOLVED,CONTROLLED,,sp_fef06587fead,34.61,12.33,hsrc_c61726597ef3,,Portugal safe interior v3 from the 1751 Vaugondy sheets; positional uncertainty 12.33 km replaces 34.61 km
rev_802b6d418b9f,seven_years_war_1756_08_01,TERRESTRIAL_HEX,h6000_q-000616_r+000984,promo_7c95358cf0a4,promo_b68466ea22a9,UNRESOLVED,CONTROLLED,,sp_fef06587fead,34.61,12.33,hsrc_c61726597ef3,,Portugal safe interior v3 from the 1751 Vaugondy sheets; positional uncertainty 12.33 km replaces 34.61 km
rev_ba41a95f08f3,seven_years_war_1756_08_01,TERRESTRIAL_HEX,h6000_q-000617_r+000984,promo_7c95358cf0a4,promo_b68466ea22a9,UNRESOLVED,CONTROLLED,,sp_fef06587fead,34.61,12.33,hsrc_c61726597ef3,,Portugal safe interior v3 from the 1751 Vaugondy sheets; positional uncertainty 12.33 km replaces 34.61 km
rev_61079965c727,seven_years_war_1756_08_01,TERRESTRIAL_HEX,h6000_q-000618_r+000985,promo_7c95358cf0a4,promo_b68466ea22a9,UNRESOLVED,CONTROLLED,,sp_fef06587fead,34.61,12.33,hsrc_c61726597ef3,,Portugal safe interior v3 from the 1751 Vaugondy sheets; positional uncertainty 12.33 km replaces 34.61 km
rev_12bcccf2e919,seven_years_war_1756_08_01,TERRESTRIAL_HEX,h6000_q-000617_r+000985,promo_7c95358cf0a4,promo_b68466ea22a9,UNRESOLVED,CONTROLLED,,sp_fef06587fead,34.61,12.33,hsrc_c61726597ef3,,Portugal safe interior v3 from the 1751 Vaugondy sheets; positional uncertainty 12.33 km replaces 34.61 km
rev_1a234f6aa04b,seven_years_war_1756_08_01,TERRESTRIAL_HEX,h6000_q-000619_r+000986,promo_7c95358cf0a4,promo_b68466ea22a9,UNRESOLVED,CONTROLLED,,sp_fef06587fead,34.61,12.33,hsrc_c61726597ef3,,Portugal safe interior v3 from the 1751 Vaugondy sheets; positional uncertainty 12.33 km replaces 34.61 km
rev_2eb0a83085e4,seven_years_war_1756_08_01,TERRESTRIAL_HEX,h6000_q-000618_r+000986,promo_7c95358cf0a4,promo_b68466ea22a9,UNRESOLVED,CONTROLLED,,sp_fef06587fead,34.61,12.33,hsrc_c61726597ef3,,Portugal safe interior v3 from the 1751 Vaugondy sheets; positional uncertainty 12.33 km replaces 34.61 km
rev_53f11adf0967,seven_years_war_1756_08_01,TERRESTRIAL_HEX,h6000_q-000619_r+000987,promo_7c95358cf0a4,promo_b68466ea22a9,UNRESOLVED,CONTROLLED,,sp_fef06587fead,34.61,12.33,hsrc_c61726597ef3,,Portugal safe interior v3 from the 1751 Vaugondy sheets; positional uncertainty 12.33 km replaces 34.61 km
rev_dbf054ea410f,seven_years_war_1756_08_01,TERRESTRIAL_HEX,h6000_q-000623_r+000984,promo_7c95358cf0a4,promo_b68466ea22a9,UNRESOLVED,CONTROLLED,,sp_fef06587fead,34.61,12.33,hsrc_c61726597ef3,,Portugal safe interior v3 from the 1751 Vaugondy sheets; positional uncertainty 12.33 km replaces 34.61 km
rev_d55792650de1,seven_years_war_1756_08_01,TERRESTRIAL_HEX,h6000_q-000622_r+000984,promo_7c95358cf0a4,promo_b68466ea22a9,UNRESOLVED,CONTROLLED,,sp_fef06587fead,34.61,12.33,hsrc_c61726597ef3,,Portugal safe interior v3 from the 1751 Vaugondy sheets; positional uncertainty 12.33 km replaces 34.61 km
rev_65808745d90d,seven_years_war_1756_08_01,TERRESTRIAL_HEX,h6000_q-000623_r+000985,promo_7c95358cf0a4,promo_b68466ea22a9,UNRESOLVED,CONTROLLED,,sp_fef06587fead,34.61,12.33,hsrc_c61726597ef3,,Portugal safe interior v3 from the 1751 Vaugondy sheets; positional uncertainty 12.33 km replaces 34.61 km
rev_7b33a02db807,seven_years_war_1756_08_01,TERRESTRIAL_HEX,h6000_q-000624_r+000985,promo_7c95358cf0a4,promo_b68466ea22a9,UNRESOLVED,CONTROLLED,,sp_fef06587fead,34.61,12.33,hsrc_c61726597ef3,,Portugal safe interior v3 from the 1751 Vaugondy sheets; positional uncertainty 12.33 km replaces 34.61 km
rev_015aa99de10b,seven_years_war_1756_08_01,TERRESTRIAL_HEX,h6000_q-000622_r+000985,promo_7c95358cf0a4,promo_b68466ea22a9,UNRESOLVED,CONTROLLED,,sp_fef06587fead,34.61,12.33,hsrc_c61726597ef3,,Portugal safe interior v3 from the 1751 Vaugondy sheets; positional uncertainty 12.33 km replaces 34.61 km
rev_08e1ec488bcb,seven_years_war_1756_08_01,TERRESTRIAL_HEX,h6000_q-000625_r+000986,promo_7c95358cf0a4,promo_b68466ea22a9,UNRESOLVED,CONTROLLED,,sp_fef06587fead,34.61,12.33,hsrc_c61726597ef3,,Portugal safe interior v3 from the 1751 Vaugondy sheets; positional uncertainty 12.33 km replaces 34.61 km
rev_90509d040012,seven_years_war_1756_08_01,TERRESTRIAL_HEX,h6000_q-000624_r+000986,promo_7c95358cf0a4,promo_b68466ea22a9,UNRESOLVED,CONTROLLED,,sp_fef06587fead,34.61,12.33,hsrc_c61726597ef3,,Portugal safe interior v3 from the 1751 Vaugondy sheets; positional uncertainty 12.33 km replaces 34.61 km
rev_ea8d85d31932,seven_years_war_1756_08_01,TERRESTRIAL_HEX,h6000_q-000623_r+000986,promo_7c95358cf0a4,promo_b68466ea22a9,UNRESOLVED,CONTROLLED,,sp_fef06587fead,34.61,12.33,hsrc_c61726597ef3,,Portugal safe interior v3 from the 1751 Vaugondy sheets; positional uncertainty 12.33 km replaces 34.61 km
rev_adc0e475a97f,seven_years_war_1756_08_01,TERRESTRIAL_HEX,h6000_q-000623_r+000987,promo_7c95358cf0a4,promo_b68466ea22a9,UNRESOLVED,CONTROLLED,,sp_fef06587fead,34.61,12.33,hsrc_c61726597ef3,,Portugal safe interior v3 from the 1751 Vaugondy sheets; positional uncertainty 12.33 km replaces 34.61 km
rev_edc0199ba883,seven_years_war_1756_08_01,TERRESTRIAL_HEX,h6000_q-000621_r+000984,promo_7c95358cf0a4,promo_b68466ea22a9,UNRESOLVED,CONTROLLED,,sp_fef06587fead,34.61,12.33,hsrc_c61726597ef3,,Portugal safe interior v3 from the 1751 Vaugondy sheets; positional uncertainty 12.33 km replaces 34.61 km
rev_995691271dd2,seven_years_war_1756_08_01,TERRESTRIAL_HEX,h6000_q-000620_r+000985,promo_7c95358cf0a4,promo_b68466ea22a9,UNRESOLVED,CONTROLLED,,sp_fef06587fead,34.61,12.33,hsrc_c61726597ef3,,Portugal safe interior v3 from the 1751 Vaugondy sheets; positional uncertainty 12.33 km replaces 34.61 km
rev_0e2f1867c719,seven_years_war_1756_08_01,TERRESTRIAL_HEX,h6000_q-000621_r+000985,promo_7c95358cf0a4,promo_b68466ea22a9,UNRESOLVED,CONTROLLED,,sp_fef06587fead,34.61,12.33,hsrc_c61726597ef3,,Portugal safe interior v3 from the 1751 Vaugondy sheets; positional uncertainty 12.33 km replaces 34.61 km
rev_e696d21236a2,seven_years_war_1756_08_01,TERRESTRIAL_HEX,h6000_q-000619_r+000985,promo_7c95358cf0a4,promo_b68466ea22a9,UNRESOLVED,CONTROLLED,,sp_fef06587fead,34.61,12.33,hsrc_c61726597ef3,,Portugal safe interior v3 from the 1751 Vaugondy sheets; positional uncertainty 12.33 km replaces 34.61 km
rev_fdaae135012e,seven_years_war_1756_08_01,TERRESTRIAL_HEX,h6000_q-000620_r+000986,promo_7c95358cf0a4,promo_b68466ea22a9,UNRESOLVED,CONTROLLED,,sp_fef06587fead,34.61,12.33,hsrc_c61726597ef3,,Portugal safe interior v3 from the 1751 Vaugondy sheets; positional uncertainty 12.33 km replaces 34.61 km
rev_5f2bc6876963,seven_years_war_1756_08_01,TERRESTRIAL_HEX,h6000_q-000621_r+000986,promo_7c95358cf0a4,promo_b68466ea22a9,UNRESOLVED,CONTROLLED,,sp_fef06587fead,34.61,12.33,hsrc_c61726597ef3,,Portugal safe interior v3 from the 1751 Vaugondy sheets; positional uncertainty 12.33 km replaces 34.61 km
rev_5f62377e782b,seven_years_war_1756_08_01,TERRESTRIAL_HEX,h6000_q-000622_r+000986,promo_7c95358cf0a4,promo_b68466ea22a9,UNRESOLVED,CONTROLLED,,sp_fef06587fead,34.61,12.33,hsrc_c61726597ef3,,Portugal safe interior v3 from the 1751 Vaugondy sheets; positional uncertainty 12.33 km replaces 34.61 km
rev_e9e074b9b6b6,seven_years_war_1756_08_01,TERRESTRIAL_HEX,h6000_q-000620_r+000987,promo_7c95358cf0a4,promo_b68466ea22a9,UNRESOLVED,CONTROLLED,,sp_fef06587fead,34.61,12.33,hsrc_c61726597ef3,,Portugal safe interior v3 from the 1751 Vaugondy sheets; positional uncertainty 12.33 km replaces 34.61 km
rev_cae882ad1d40,seven_years_war_1756_08_01,TERRESTRIAL_HEX,h6000_q-000621_r+000987,promo_7c95358cf0a4,promo_b68466ea22a9,UNRESOLVED,CONTROLLED,,sp_fef06587fead,34.61,12.33,hsrc_c61726597ef3,,Portugal safe interior v3 from the 1751 Vaugondy sheets; positional uncertainty 12.33 km replaces 34.61 km
rev_c25d2e5a9696,seven_years_war_1756_08_01,TERRESTRIAL_HEX,h6000_q-000622_r+000987,promo_7c95358cf0a4,promo_b68466ea22a9,UNRESOLVED,CONTROLLED,,sp_fef06587fead,34.61,12.33,hsrc_c61726597ef3,,Portugal safe interior v3 from the 1751 Vaugondy sheets; positional uncertainty 12.33 km replaces 34.61 km
rev_4dbdc8dcf2f6,seven_years_war_1756_08_01,TERRESTRIAL_HEX,h6000_q-000628_r+000986,promo_7c95358cf0a4,promo_b68466ea22a9,UNRESOLVED,CONTROLLED,,sp_fef06587fead,34.61,12.33,hsrc_c61726597ef3,,Portugal safe interior v3 from the 1751 Vaugondy sheets; positional uncertainty 12.33 km replaces 34.61 km
rev_dd0fdd149458,seven_years_war_1756_08_01,TERRESTRIAL_HEX,h6000_q-000626_r+000986,promo_7c95358cf0a4,promo_b68466ea22a9,UNRESOLVED,CONTROLLED,,sp_fef06587fead,34.61,12.33,hsrc_c61726597ef3,,Portugal safe interior v3 from the 1751 Vaugondy sheets; positional uncertainty 12.33 km replaces 34.61 km
rev_e93ebc7ab83f,seven_years_war_1756_08_01,TERRESTRIAL_HEX,h6000_q-000627_r+000986,promo_7c95358cf0a4,promo_b68466ea22a9,UNRESOLVED,CONTROLLED,,sp_fef06587fead,34.61,12.33,hsrc_c61726597ef3,,Portugal safe interior v3 from the 1751 Vaugondy sheets; positional uncertainty 12.33 km replaces 34.61 km
rev_ea0071ae70f0,seven_years_war_1756_08_01,TERRESTRIAL_HEX,h6000_q-000618_r+000987,promo_7c95358cf0a4,promo_b68466ea22a9,UNRESOLVED,CONTROLLED,,sp_fef06587fead,34.61,12.33,hsrc_c61726597ef3,,Portugal safe interior v3 from the 1751 Vaugondy sheets; positional uncertainty 12.33 km replaces 34.61 km
rev_4ee4251e4ef6,seven_years_war_1756_08_01,TERRESTRIAL_HEX,h6000_q-000620_r+000988,promo_7c95358cf0a4,promo_b68466ea22a9,UNRESOLVED,CONTROLLED,,sp_fef06587fead,34.61,12.33,hsrc_c61726597ef3,,Portugal safe interior v3 from the 1751 Vaugondy sheets; positional uncertainty 12.33 km replaces 34.61 km
rev_5189adc2e38b,seven_years_war_1756_08_01,TERRESTRIAL_HEX,h6000_q-000619_r+000988,promo_7c95358cf0a4,promo_b68466ea22a9,UNRESOLVED,CONTROLLED,,sp_fef06587fead,34.61,12.33,hsrc_c61726597ef3,,Portugal safe interior v3 from the 1751 Vaugondy sheets; positional uncertainty 12.33 km replaces 34.61 km
rev_c0d5505126c2,seven_years_war_1756_08_01,TERRESTRIAL_HEX,h6000_q-000619_r+000989,promo_7c95358cf0a4,promo_b68466ea22a9,UNRESOLVED,CONTROLLED,,sp_fef06587fead,34.61,12.33,hsrc_c61726597ef3,,Portugal safe interior v3 from the 1751 Vaugondy sheets; positional uncertainty 12.33 km replaces 34.61 km
rev_550e334d79c4,seven_years_war_1756_08_01,TERRESTRIAL_HEX,h6000_q-000620_r+000989,promo_7c95358cf0a4,promo_b68466ea22a9,UNRESOLVED,CONTROLLED,,sp_fef06587fead,34.61,12.33,hsrc_c61726597ef3,,Portugal safe interior v3 from the 1751 Vaugondy sheets; positional uncertainty 12.33 km replaces 34.61 km
rev_e1a532ef0b30,seven_years_war_1756_08_01,TERRESTRIAL_HEX,h6000_q-000621_r+000988,promo_7c95358cf0a4,promo_b68466ea22a9,UNRESOLVED,CONTROLLED,,sp_fef06587fead,34.61,12.33,hsrc_c61726597ef3,,Portugal safe interior v3 from the 1751 Vaugondy sheets; positional uncertainty 12.33 km replaces 34.61 km
rev_97244f5810da,seven_years_war_1756_08_01,TERRESTRIAL_HEX,h6000_q-000622_r+000988,promo_7c95358cf0a4,promo_b68466ea22a9,UNRESOLVED,CONTROLLED,,sp_fef06587fead,34.61,12.33,hsrc_c61726597ef3,,Portugal safe interior v3 from the 1751 Vaugondy sheets; positional uncertainty 12.33 km replaces 34.61 km
rev_f39888d08d9a,seven_years_war_1756_08_01,TERRESTRIAL_HEX,h6000_q-000633_r+000983,promo_7c95358cf0a4,promo_b68466ea22a9,UNRESOLVED,CONTROLLED,,sp_fef06587fead,34.61,12.33,hsrc_c61726597ef3,,Portugal safe interior v3 from the 1751 Vaugondy sheets; positional uncertainty 12.33 km replaces 34.61 km
rev_77c1a78e42b9,seven_years_war_1756_08_01,TERRESTRIAL_HEX,h6000_q-000634_r+000983,promo_7c95358cf0a4,promo_b68466ea22a9,UNRESOLVED,CONTROLLED,,sp_fef06587fead,34.61,12.33,hsrc_c61726597ef3,,Portugal safe interior v3 from the 1751 Vaugondy sheets; positional uncertainty 12.33 km replaces 34.61 km
rev_81a538a3fe3e,seven_years_war_1756_08_01,TERRESTRIAL_HEX,h6000_q-000634_r+000984,promo_7c95358cf0a4,promo_b68466ea22a9,UNRESOLVED,CONTROLLED,,sp_fef06587fead,34.61,12.33,hsrc_c61726597ef3,,Portugal safe interior v3 from the 1751 Vaugondy sheets; positional uncertainty 12.33 km replaces 34.61 km
rev_1bd07d71f388,seven_years_war_1756_08_01,TERRESTRIAL_HEX,h6000_q-000635_r+000986,promo_7c95358cf0a4,promo_b68466ea22a9,UNRESOLVED,CONTROLLED,,sp_fef06587fead,34.61,12.33,hsrc_c61726597ef3,,Portugal safe interior v3 from the 1751 Vaugondy sheets; positional uncertainty 12.33 km replaces 34.61 km
rev_d39dda60bd30,seven_years_war_1756_08_01,TERRESTRIAL_HEX,h6000_q-000631_r+000985,promo_7c95358cf0a4,promo_b68466ea22a9,UNRESOLVED,CONTROLLED,,sp_fef06587fead,34.61,12.33,hsrc_c61726597ef3,,Portugal safe interior v3 from the 1751 Vaugondy sheets; positional uncertainty 12.33 km replaces 34.61 km
rev_e5ee77fb9c50,seven_years_war_1756_08_01,TERRESTRIAL_HEX,h6000_q-000634_r+000985,promo_7c95358cf0a4,promo_b68466ea22a9,UNRESOLVED,CONTROLLED,,sp_fef06587fead,34.61,12.33,hsrc_c61726597ef3,,Portugal safe interior v3 from the 1751 Vaugondy sheets; positional uncertainty 12.33 km replaces 34.61 km
rev_8a5d1cdaf394,seven_years_war_1756_08_01,TERRESTRIAL_HEX,h6000_q-000634_r+000986,promo_7c95358cf0a4,promo_b68466ea22a9,UNRESOLVED,CONTROLLED,,sp_fef06587fead,34.61,12.33,hsrc_c61726597ef3,,Portugal safe interior v3 from the 1751 Vaugondy sheets; positional uncertainty 12.33 km replaces 34.61 km
rev_9b5c29555d20,seven_years_war_1756_08_01,LAND_FRAGMENT,lfr_cec283bca00e9b,promo_c1d69cca569e,promo_b68466ea22a9,UNRESOLVED,CONTROLLED,,sp_fef06587fead,34.61,12.33,hsrc_c61726597ef3,,Portugal safe interior v3 from the 1751 Vaugondy sheets; positional uncertainty 12.33 km replaces 34.61 km
rev_a15e20e856c7,seven_years_war_1756_08_01,LAND_FRAGMENT,lfr_4ed40940e43b8d,promo_c1d69cca569e,promo_b68466ea22a9,UNRESOLVED,CONTROLLED,,sp_fef06587fead,34.61,12.33,hsrc_c61726597ef3,,Portugal safe interior v3 from the 1751 Vaugondy sheets; positional uncertainty 12.33 km replaces 34.61 km
