territorial_target_type,territorial_target_id,controller_scenario_polity_id,control_status,notes,old_status,old_controller,old_promotion_id,old_uncertainty_km,revision_id,reason,change,new_promotion_id,new_uncertainty_km
TERRESTRIAL_HEX,h6000_q-000573_r+000863,sp_fef06587fead,CONTROLLED,"land inside the Portuguese safe interior (v3); 4.11 of 19.68 km2 of the hex's canonical land, largest unioned share",,,,,,,INSERTED,promo_b68466ea22a9,12.33
TERRESTRIAL_HEX,h6000_q-000574_r+000862,sp_fef06587fead,CONTROLLED,"land inside the Portuguese safe interior (v3); 19.70 of 19.70 km2 of the hex's canonical land, largest unioned share",,,,,,,INSERTED,promo_b68466ea22a9,12.33
TERRESTRIAL_HEX,h6000_q-000574_r+000863,sp_fef06587fead,CONTROLLED,"land inside the Portuguese safe interior (v3); 19.68 of 19.68 km2 of the hex's canonical land, largest unioned share",,,,,,,INSERTED,promo_b68466ea22a9,12.33
TERRESTRIAL_HEX,h6000_q-000574_r+000864,sp_fef06587fead,CONTROLLED,"land inside the Portuguese safe interior (v3); 13.67 of 19.66 km2 of the hex's canonical land, largest unioned share",,,,,,,INSERTED,promo_b68466ea22a9,12.33
TERRESTRIAL_HEX,h6000_q-000574_r+000865,sp_fef06587fead,CONTROLLED,"land inside the Portuguese safe interior (v3); 1.63 of 19.64 km2 of the hex's canonical land, largest unioned share",,,,,,,INSERTED,promo_b68466ea22a9,12.33
TERRESTRIAL_HEX,h6000_q-000575_r+000862,sp_fef06587fead,CONTROLLED,"land inside the Portuguese safe interior (v3); 19.70 of 19.70 km2 of the hex's canonical land, largest unioned share",,,,,,,INSERTED,promo_b68466ea22a9,12.33
TERRESTRIAL_HEX,h6000_q-000575_r+000863,sp_fef06587fead,CONTROLLED,"land inside the Portuguese safe interior (v3); 19.68 of 19.68 km2 of the hex's canonical land, largest unioned share",,,,,,,INSERTED,promo_b68466ea22a9,12.33
TERRESTRIAL_HEX,h6000_q-000575_r+000864,sp_fef06587fead,CONTROLLED,"land inside the Portuguese safe interior (v3); 19.66 of 19.66 km2 of the hex's canonical land, largest unioned share",,,,,,,INSERTED,promo_b68466ea22a9,12.33
TERRESTRIAL_HEX,h6000_q-000575_r+000865,sp_fef06587fead,CONTROLLED,"land inside the Portuguese safe interior (v3); 19.64 of 19.64 km2 of the hex's canonical land, largest unioned share",,,,,,,INSERTED,promo_b68466ea22a9,12.33
TERRESTRIAL_HEX,h6000_q-000575_r+000866,sp_fef06587fead,CONTROLLED,"land inside the Portuguese safe interior (v3); 7.98 of 19.62 km2 of the hex's canonical land, largest unioned share",,,,,,,INSERTED,promo_b68466ea22a9,12.33
TERRESTRIAL_HEX,h6000_q-000576_r+000862,sp_fef06587fead,CONTROLLED,"land inside the Portuguese safe interior (v3); 19.70 of 19.70 km2 of the hex's canonical land, largest unioned share",,,,,,,INSERTED,promo_b68466ea22a9,12.33
TERRESTRIAL_HEX,h6000_q-000576_r+000863,sp_fef06587fead,CONTROLLED,"land inside the Portuguese safe interior (v3); 19.68 of 19.68 km2 of the hex's canonical land, largest unioned share",,,,,,,INSERTED,promo_b68466ea22a9,12.33
TERRESTRIAL_HEX,h6000_q-000576_r+000864,sp_fef06587fead,CONTROLLED,"land inside the Portuguese safe interior (v3); 19.66 of 19.66 km2 of the hex's canonical land, largest unioned share",,,,,,,INSERTED,promo_b68466ea22a9,12.33
TERRESTRIAL_HEX,h6000_q-000576_r+000865,sp_fef06587fead,CONTROLLED,"land inside the Portuguese safe interior (v3); 19.64 of 19.64 km2 of the hex's canonical land, largest unioned share",,,,,,,INSERTED,promo_b68466ea22a9,12.33
TERRESTRIAL_HEX,h6000_q-000576_r+000866,sp_fef06587fead,CONTROLLED,"land inside the Portuguese safe interior (v3); 19.62 of 19.62 km2 of the hex's canonical land, largest unioned share",,,,,,,INSERTED,promo_b68466ea22a9,12.33
TERRESTRIAL_HEX,h6000_q-000576_r+000867,sp_fef06587fead,CONTROLLED,"land inside the Portuguese safe interior (v3); 1.77 of 19.60 km2 of the hex's canonical land, largest unioned share",,,,,,,INSERTED,promo_b68466ea22a9,12.33
TERRESTRIAL_HEX,h6000_q-000577_r+000863,sp_fef06587fead,CONTROLLED,"land inside the Portuguese safe interior (v3); 19.68 of 19.68 km2 of the hex's canonical land, largest unioned share",,,,,,,INSERTED,promo_b68466ea22a9,12.33
TERRESTRIAL_HEX,h6000_q-000577_r+000864,sp_fef06587fead,CONTROLLED,"land inside the Portuguese safe interior (v3); 19.66 of 19.66 km2 of the hex's canonical land, largest unioned share",,,,,,,INSERTED,promo_b68466ea22a9,12.33
TERRESTRIAL_HEX,h6000_q-000577_r+000865,sp_fef06587fead,CONTROLLED,"land inside the Portuguese safe interior (v3); 19.64 of 19.64 km2 of the hex's canonical land, largest unioned share",,,,,,,INSERTED,promo_b68466ea22a9,12.33
TERRESTRIAL_HEX,h6000_q-000577_r+000866,sp_fef06587fead,CONTROLLED,"land inside the Portuguese safe interior (v3); 19.62 of 19.62 km2 of the hex's canonical land, largest unioned share",,,,,,,INSERTED,promo_b68466ea22a9,12.33
TERRESTRIAL_HEX,h6000_q-000577_r+000867,sp_fef06587fead,CONTROLLED,"land inside the Portuguese safe interior (v3); 17.99 of 19.60 km2 of the hex's canonical land, largest unioned share",,,,,,,INSERTED,promo_b68466ea22a9,12.33
TERRESTRIAL_HEX,h6000_q-000577_r+000868,sp_fef06587fead,CONTROLLED,"land inside the Portuguese safe interior (v3); 0.16 of 19.58 km2 of the hex's canonical land, largest unioned share",,,,,,,INSERTED,promo_b68466ea22a9,12.33
TERRESTRIAL_HEX,h6000_q-000577_r+000885,sp_fef06587fead,CONTROLLED,"land inside the Portuguese safe interior (v3); 6.14 of 19.26 km2 of the hex's canonical land, largest unioned share",,,,,,,INSERTED,promo_b68466ea22a9,12.33
TERRESTRIAL_HEX,h6000_q-000578_r+000863,sp_fef06587fead,CONTROLLED,"land inside the Portuguese safe interior (v3); 19.68 of 19.68 km2 of the hex's canonical land, largest unioned share",,,,,,,INSERTED,promo_b68466ea22a9,12.33
TERRESTRIAL_HEX,h6000_q-000578_r+000864,sp_fef06587fead,CONTROLLED,"land inside the Portuguese safe interior (v3); 19.66 of 19.66 km2 of the hex's canonical land, largest unioned share",,,,,,,INSERTED,promo_b68466ea22a9,12.33
TERRESTRIAL_HEX,h6000_q-000578_r+000865,sp_fef06587fead,CONTROLLED,"land inside the Portuguese safe interior (v3); 19.64 of 19.64 km2 of the hex's canonical land, largest unioned share",,,,,,,INSERTED,promo_b68466ea22a9,12.33
TERRESTRIAL_HEX,h6000_q-000578_r+000866,sp_fef06587fead,CONTROLLED,"land inside the Portuguese safe interior (v3); 19.62 of 19.62 km2 of the hex's canonical land, largest unioned share",,,,,,,INSERTED,promo_b68466ea22a9,12.33
TERRESTRIAL_HEX,h6000_q-000578_r+000867,sp_fef06587fead,CONTROLLED,"land inside the Portuguese safe interior (v3); 19.60 of 19.60 km2 of the hex's canonical land, largest unioned share",,,,,,,INSERTED,promo_b68466ea22a9,12.33
TERRESTRIAL_HEX,h6000_q-000578_r+000868,sp_fef06587fead,CONTROLLED,"land inside the Portuguese safe interior (v3); 18.42 of 19.58 km2 of the hex's canonical land, largest unioned share",,,,,,,INSERTED,promo_b68466ea22a9,12.33
TERRESTRIAL_HEX,h6000_q-000578_r+000869,sp_fef06587fead,CONTROLLED,"land inside the Portuguese safe interior (v3); 3.26 of 19.56 km2 of the hex's canonical land, largest unioned share",,,,,,,INSERTED,promo_b68466ea22a9,12.33
TERRESTRIAL_HEX,h6000_q-000578_r+000873,sp_fef06587fead,CONTROLLED,"land inside the Portuguese safe interior (v3); 0.63 of 19.49 km2 of the hex's canonical land, largest unioned share",,,,,,,INSERTED,promo_b68466ea22a9,12.33
TERRESTRIAL_HEX,h6000_q-000578_r+000874,sp_fef06587fead,CONTROLLED,"land inside the Portuguese safe interior (v3); 5.25 of 19.47 km2 of the hex's canonical land, largest unioned share",,,,,,,INSERTED,promo_b68466ea22a9,12.33
TERRESTRIAL_HEX,h6000_q-000578_r+000875,sp_fef06587fead,CONTROLLED,"land inside the Portuguese safe interior (v3); 1.04 of 19.45 km2 of the hex's canonical land, largest unioned share",,,,,,,INSERTED,promo_b68466ea22a9,12.33
TERRESTRIAL_HEX,h6000_q-000578_r+000877,sp_fef06587fead,CONTROLLED,"land inside the Portuguese safe interior (v3); 0.11 of 19.41 km2 of the hex's canonical land, largest unioned share",,,,,,,INSERTED,promo_b68466ea22a9,12.33
TERRESTRIAL_HEX,h6000_q-000578_r+000882,sp_fef06587fead,CONTROLLED,"land inside the Portuguese safe interior (v3); 4.37 of 19.31 km2 of the hex's canonical land, largest unioned share",,,,,,,INSERTED,promo_b68466ea22a9,12.33
TERRESTRIAL_HEX,h6000_q-000578_r+000883,sp_fef06587fead,CONTROLLED,"land inside the Portuguese safe interior (v3); 7.64 of 19.30 km2 of the hex's canonical land, largest unioned share",,,,,,,INSERTED,promo_b68466ea22a9,12.33
TERRESTRIAL_HEX,h6000_q-000578_r+000886,sp_fef06587fead,CONTROLLED,"land inside the Portuguese safe interior (v3); 4.56 of 19.24 km2 of the hex's canonical land, largest unioned share",,,,,,,INSERTED,promo_b68466ea22a9,12.33
TERRESTRIAL_HEX,h6000_q-000579_r+000864,sp_fef06587fead,CONTROLLED,"land inside the Portuguese safe interior (v3); 19.66 of 19.66 km2 of the hex's canonical land, largest unioned share",,,,,,,INSERTED,promo_b68466ea22a9,12.33
TERRESTRIAL_HEX,h6000_q-000579_r+000865,sp_fef06587fead,CONTROLLED,"land inside the Portuguese safe interior (v3); 19.64 of 19.64 km2 of the hex's canonical land, largest unioned share",,,,,,,INSERTED,promo_b68466ea22a9,12.33
TERRESTRIAL_HEX,h6000_q-000579_r+000866,sp_fef06587fead,CONTROLLED,"land inside the Portuguese safe interior (v3); 19.62 of 19.62 km2 of the hex's canonical land, largest unioned share",,,,,,,INSERTED,promo_b68466ea22a9,12.33
TERRESTRIAL_HEX,h6000_q-000579_r+000867,sp_fef06587fead,CONTROLLED,"land inside the Portuguese safe interior (v3); 19.60 of 19.60 km2 of the hex's canonical land, largest unioned share",,,,,,,INSERTED,promo_b68466ea22a9,12.33
TERRESTRIAL_HEX,h6000_q-000579_r+000868,sp_fef06587fead,CONTROLLED,"land inside the Portuguese safe interior (v3); 19.58 of 19.58 km2 of the hex's canonical land, largest unioned share",,,,,,,INSERTED,promo_b68466ea22a9,12.33
TERRESTRIAL_HEX,h6000_q-000579_r+000869,sp_fef06587fead,CONTROLLED,"land inside the Portuguese safe interior (v3); 19.56 of 19.56 km2 of the hex's canonical land, largest unioned share",,,,,,,INSERTED,promo_b68466ea22a9,12.33
TERRESTRIAL_HEX,h6000_q-000579_r+000874,sp_fef06587fead,CONTROLLED,"land inside the Portuguese safe interior (v3); 19.41 of 19.47 km2 of the hex's canonical land, largest unioned share",,,,,,,INSERTED,promo_b68466ea22a9,12.33
TERRESTRIAL_HEX,h6000_q-000579_r+000875,sp_fef06587fead,CONTROLLED,"land inside the Portuguese safe interior (v3); 19.45 of 19.45 km2 of the hex's canonical land, largest unioned share",,,,,,,INSERTED,promo_b68466ea22a9,12.33
TERRESTRIAL_HEX,h6000_q-000579_r+000876,sp_fef06587fead,CONTROLLED,"land inside the Portuguese safe interior (v3); 16.15 of 19.43 km2 of the hex's canonical land, largest unioned share",,,,,,,INSERTED,promo_b68466ea22a9,12.33
TERRESTRIAL_HEX,h6000_q-000579_r+000877,sp_fef06587fead,CONTROLLED,"land inside the Portuguese safe interior (v3); 15.51 of 19.41 km2 of the hex's canonical land, largest unioned share",,,,,,,INSERTED,promo_b68466ea22a9,12.33
TERRESTRIAL_HEX,h6000_q-000579_r+000878,sp_fef06587fead,CONTROLLED,"land inside the Portuguese safe interior (v3); 16.10 of 19.39 km2 of the hex's canonical land, largest unioned share",,,,,,,INSERTED,promo_b68466ea22a9,12.33
TERRESTRIAL_HEX,h6000_q-000579_r+000879,sp_fef06587fead,CONTROLLED,"land inside the Portuguese safe interior (v3); 6.85 of 19.37 km2 of the hex's canonical land, largest unioned share",,,,,,,INSERTED,promo_b68466ea22a9,12.33
TERRESTRIAL_HEX,h6000_q-000579_r+000880,sp_fef06587fead,CONTROLLED,"land inside the Portuguese safe interior (v3); 2.75 of 19.35 km2 of the hex's canonical land, largest unioned share",,,,,,,INSERTED,promo_b68466ea22a9,12.33
TERRESTRIAL_HEX,h6000_q-000579_r+000881,sp_fef06587fead,CONTROLLED,"land inside the Portuguese safe interior (v3); 5.38 of 19.33 km2 of the hex's canonical land, largest unioned share",,,,,,,INSERTED,promo_b68466ea22a9,12.33
TERRESTRIAL_HEX,h6000_q-000579_r+000882,sp_fef06587fead,CONTROLLED,"land inside the Portuguese safe interior (v3); 14.69 of 19.31 km2 of the hex's canonical land, largest unioned share",,,,,,,INSERTED,promo_b68466ea22a9,12.33
TERRESTRIAL_HEX,h6000_q-000579_r+000887,sp_fef06587fead,CONTROLLED,"land inside the Portuguese safe interior (v3); 0.58 of 19.22 km2 of the hex's canonical land, largest unioned share",,,,,,,INSERTED,promo_b68466ea22a9,12.33
TERRESTRIAL_HEX,h6000_q-000580_r+000867,sp_fef06587fead,CONTROLLED,"land inside the Portuguese safe interior (v3); 19.60 of 19.60 km2 of the hex's canonical land, largest unioned share",,,,,,,INSERTED,promo_b68466ea22a9,12.33
TERRESTRIAL_HEX,h6000_q-000580_r+000868,sp_fef06587fead,CONTROLLED,"land inside the Portuguese safe interior (v3); 19.58 of 19.58 km2 of the hex's canonical land, largest unioned share",,,,,,,INSERTED,promo_b68466ea22a9,12.33
TERRESTRIAL_HEX,h6000_q-000580_r+000869,sp_fef06587fead,CONTROLLED,"land inside the Portuguese safe interior (v3); 19.56 of 19.56 km2 of the hex's canonical land, largest unioned share",,,,,,,INSERTED,promo_b68466ea22a9,12.33
TERRESTRIAL_HEX,h6000_q-000580_r+000879,sp_fef06587fead,CONTROLLED,"land inside the Portuguese safe interior (v3); 19.37 of 19.37 km2 of the hex's canonical land, largest unioned share",,,,,,,INSERTED,promo_b68466ea22a9,12.33
TERRESTRIAL_HEX,h6000_q-000580_r+000880,sp_fef06587fead,CONTROLLED,"land inside the Portuguese safe interior (v3); 19.35 of 19.35 km2 of the hex's canonical land, largest unioned share",,,,,,,INSERTED,promo_b68466ea22a9,12.33
TERRESTRIAL_HEX,h6000_q-000582_r+000889,sp_fef06587fead,CONTROLLED,"land inside the Portuguese safe interior (v3); 12.58 of 19.18 km2 of the hex's canonical land, largest unioned share",,,,,,,INSERTED,promo_b68466ea22a9,12.33
TERRESTRIAL_HEX,h6000_q-000583_r+000890,sp_fef06587fead,CONTROLLED,"land inside the Portuguese safe interior (v3); 16.80 of 19.16 km2 of the hex's canonical land, largest unioned share",,,,,,,INSERTED,promo_b68466ea22a9,12.33
TERRESTRIAL_HEX,h6000_q-000583_r+000891,sp_fef06587fead,CONTROLLED,"land inside the Portuguese safe interior (v3); 2.03 of 19.14 km2 of the hex's canonical land, largest unioned share",,,,,,,INSERTED,promo_b68466ea22a9,12.33
TERRESTRIAL_HEX,h6000_q-000584_r+000891,sp_fef06587fead,CONTROLLED,"land inside the Portuguese safe interior (v3); 19.14 of 19.14 km2 of the hex's canonical land, largest unioned share",,,,,,,INSERTED,promo_b68466ea22a9,12.33
TERRESTRIAL_HEX,h6000_q-000584_r+000892,sp_fef06587fead,CONTROLLED,"land inside the Portuguese safe interior (v3); 10.04 of 19.12 km2 of the hex's canonical land, largest unioned share",,,,,,,INSERTED,promo_b68466ea22a9,12.33
TERRESTRIAL_HEX,h6000_q-000585_r+000892,sp_fef06587fead,CONTROLLED,"land inside the Portuguese safe interior (v3); 19.12 of 19.12 km2 of the hex's canonical land, largest unioned share",,,,,,,INSERTED,promo_b68466ea22a9,12.33
TERRESTRIAL_HEX,h6000_q-000585_r+000893,sp_fef06587fead,CONTROLLED,"land inside the Portuguese safe interior (v3); 17.49 of 19.10 km2 of the hex's canonical land, largest unioned share",,,,,,,INSERTED,promo_b68466ea22a9,12.33
TERRESTRIAL_HEX,h6000_q-000585_r+000894,sp_fef06587fead,CONTROLLED,"land inside the Portuguese safe interior (v3); 5.88 of 19.08 km2 of the hex's canonical land, largest unioned share",,,,,,,INSERTED,promo_b68466ea22a9,12.33
TERRESTRIAL_HEX,h6000_q-000586_r+000894,sp_fef06587fead,CONTROLLED,"land inside the Portuguese safe interior (v3); 19.08 of 19.08 km2 of the hex's canonical land, largest unioned share",,,,,,,INSERTED,promo_b68466ea22a9,12.33
TERRESTRIAL_HEX,h6000_q-000586_r+000895,sp_fef06587fead,CONTROLLED,"land inside the Portuguese safe interior (v3); 16.39 of 19.07 km2 of the hex's canonical land, largest unioned share",,,,,,,INSERTED,promo_b68466ea22a9,12.33
TERRESTRIAL_HEX,h6000_q-000586_r+000896,sp_fef06587fead,CONTROLLED,"land inside the Portuguese safe interior (v3); 2.37 of 19.05 km2 of the hex's canonical land, largest unioned share",,,,,,,INSERTED,promo_b68466ea22a9,12.33
TERRESTRIAL_HEX,h6000_q-000589_r+000866,sp_fef06587fead,CONTROLLED,"land inside the Portuguese safe interior (v3); 19.62 of 19.62 km2 of the hex's canonical land, largest unioned share",,,,,,,INSERTED,promo_b68466ea22a9,12.33
TERRESTRIAL_HEX,h6000_q-000590_r+000865,sp_fef06587fead,CONTROLLED,"land inside the Portuguese safe interior (v3); 19.64 of 19.64 km2 of the hex's canonical land, largest unioned share",,,,,,,INSERTED,promo_b68466ea22a9,12.33
TERRESTRIAL_HEX,h6000_q-000590_r+000866,sp_fef06587fead,CONTROLLED,"land inside the Portuguese safe interior (v3); 19.62 of 19.62 km2 of the hex's canonical land, largest unioned share",,,,,,,INSERTED,promo_b68466ea22a9,12.33
TERRESTRIAL_HEX,h6000_q-000590_r+000867,sp_fef06587fead,CONTROLLED,"land inside the Portuguese safe interior (v3); 19.60 of 19.60 km2 of the hex's canonical land, largest unioned share",,,,,,,INSERTED,promo_b68466ea22a9,12.33
TERRESTRIAL_HEX,h6000_q-000590_r+000868,sp_fef06587fead,CONTROLLED,"land inside the Portuguese safe interior (v3); 19.58 of 19.58 km2 of the hex's canonical land, largest unioned share",,,,,,,INSERTED,promo_b68466ea22a9,12.33
TERRESTRIAL_HEX,h6000_q-000590_r+000869,sp_fef06587fead,CONTROLLED,"land inside the Portuguese safe interior (v3); 19.56 of 19.56 km2 of the hex's canonical land, largest unioned share",,,,,,,INSERTED,promo_b68466ea22a9,12.33
TERRESTRIAL_HEX,h6000_q-000591_r+000866,sp_fef06587fead,CONTROLLED,"land inside the Portuguese safe interior (v3); 16.21 of 19.62 km2 of the hex's canonical land, largest unioned share",,,,,,,INSERTED,promo_b68466ea22a9,12.33
TERRESTRIAL_HEX,h6000_q-000591_r+000867,sp_fef06587fead,CONTROLLED,"land inside the Portuguese safe interior (v3); 18.30 of 19.60 km2 of the hex's canonical land, largest unioned share",,,,,,,INSERTED,promo_b68466ea22a9,12.33
TERRESTRIAL_HEX,h6000_q-000591_r+000868,sp_fef06587fead,CONTROLLED,"land inside the Portuguese safe interior (v3); 19.58 of 19.58 km2 of the hex's canonical land, largest unioned share",,,,,,,INSERTED,promo_b68466ea22a9,12.33
TERRESTRIAL_HEX,h6000_q-000591_r+000869,sp_fef06587fead,CONTROLLED,"land inside the Portuguese safe interior (v3); 19.56 of 19.56 km2 of the hex's canonical land, largest unioned share",,,,,,,INSERTED,promo_b68466ea22a9,12.33
TERRESTRIAL_HEX,h6000_q-000591_r+000870,sp_fef06587fead,CONTROLLED,"land inside the Portuguese safe interior (v3); 19.55 of 19.55 km2 of the hex's canonical land, largest unioned share",,,,,,,INSERTED,promo_b68466ea22a9,12.33
TERRESTRIAL_HEX,h6000_q-000591_r+000871,sp_fef06587fead,CONTROLLED,"land inside the Portuguese safe interior (v3); 19.53 of 19.53 km2 of the hex's canonical land, largest unioned share",,,,,,,INSERTED,promo_b68466ea22a9,12.33
TERRESTRIAL_HEX,h6000_q-000592_r+000867,sp_fef06587fead,CONTROLLED,"land inside the Portuguese safe interior (v3); 0.01 of 19.60 km2 of the hex's canonical land, largest unioned share",,,,,,,INSERTED,promo_b68466ea22a9,12.33
TERRESTRIAL_HEX,h6000_q-000592_r+000871,sp_fef06587fead,CONTROLLED,"land inside the Portuguese safe interior (v3); 19.53 of 19.53 km2 of the hex's canonical land, largest unioned share",,,,,,,INSERTED,promo_b68466ea22a9,12.33
TERRESTRIAL_HEX,h6000_q-000592_r+000872,sp_fef06587fead,CONTROLLED,"land inside the Portuguese safe interior (v3); 19.51 of 19.51 km2 of the hex's canonical land, largest unioned share",,,,,,,INSERTED,promo_b68466ea22a9,12.33
TERRESTRIAL_HEX,h6000_q-000593_r+000873,sp_fef06587fead,CONTROLLED,"land inside the Portuguese safe interior (v3); 19.49 of 19.49 km2 of the hex's canonical land, largest unioned share",,,,,,,INSERTED,promo_b68466ea22a9,12.33
TERRESTRIAL_HEX,h6000_q-000593_r+000874,sp_fef06587fead,CONTROLLED,"land inside the Portuguese safe interior (v3); 19.47 of 19.47 km2 of the hex's canonical land, largest unioned share",,,,,,,INSERTED,promo_b68466ea22a9,12.33
TERRESTRIAL_HEX,h6000_q-000593_r+000875,sp_fef06587fead,CONTROLLED,"land inside the Portuguese safe interior (v3); 19.45 of 19.45 km2 of the hex's canonical land, largest unioned share",,,,,,,INSERTED,promo_b68466ea22a9,12.33
TERRESTRIAL_HEX,h6000_q-000593_r+000876,sp_fef06587fead,CONTROLLED,"land inside the Portuguese safe interior (v3); 19.43 of 19.43 km2 of the hex's canonical land, largest unioned share",,,,,,,INSERTED,promo_b68466ea22a9,12.33
TERRESTRIAL_HEX,h6000_q-000593_r+000877,sp_fef06587fead,CONTROLLED,"land inside the Portuguese safe interior (v3); 19.41 of 19.41 km2 of the hex's canonical land, largest unioned share",,,,,,,INSERTED,promo_b68466ea22a9,12.33
TERRESTRIAL_HEX,h6000_q-000593_r+000878,sp_fef06587fead,CONTROLLED,"land inside the Portuguese safe interior (v3); 19.39 of 19.39 km2 of the hex's canonical land, largest unioned share",,,,,,,INSERTED,promo_b68466ea22a9,12.33
TERRESTRIAL_HEX,h6000_q-000593_r+000879,sp_fef06587fead,CONTROLLED,"land inside the Portuguese safe interior (v3); 19.37 of 19.37 km2 of the hex's canonical land, largest unioned share",,,,,,,INSERTED,promo_b68466ea22a9,12.33
TERRESTRIAL_HEX,h6000_q-000593_r+000880,sp_fef06587fead,CONTROLLED,"land inside the Portuguese safe interior (v3); 19.35 of 19.35 km2 of the hex's canonical land, largest unioned share",,,,,,,INSERTED,promo_b68466ea22a9,12.33
TERRESTRIAL_HEX,h6000_q-000594_r+000874,sp_fef06587fead,CONTROLLED,"land inside the Portuguese safe interior (v3); 19.47 of 19.47 km2 of the hex's canonical land, largest unioned share",,,,,,,INSERTED,promo_b68466ea22a9,12.33
TERRESTRIAL_HEX,h6000_q-000594_r+000875,sp_fef06587fead,CONTROLLED,"land inside the Portuguese safe interior (v3); 19.45 of 19.45 km2 of the hex's canonical land, largest unioned share",,,,,,,INSERTED,promo_b68466ea22a9,12.33
TERRESTRIAL_HEX,h6000_q-000594_r+000876,sp_fef06587fead,CONTROLLED,"land inside the Portuguese safe interior (v3); 19.43 of 19.43 km2 of the hex's canonical land, largest unioned share",,,,,,,INSERTED,promo_b68466ea22a9,12.33
TERRESTRIAL_HEX,h6000_q-000594_r+000877,sp_fef06587fead,CONTROLLED,"land inside the Portuguese safe interior (v3); 19.41 of 19.41 km2 of the hex's canonical land, largest unioned share",,,,,,,INSERTED,promo_b68466ea22a9,12.33
TERRESTRIAL_HEX,h6000_q-000594_r+000878,sp_fef06587fead,CONTROLLED,"land inside the Portuguese safe interior (v3); 19.39 of 19.39 km2 of the hex's canonical land, largest unioned share",,,,,,,INSERTED,promo_b68466ea22a9,12.33
TERRESTRIAL_HEX,h6000_q-000594_r+000879,sp_fef06587fead,CONTROLLED,"land inside the Portuguese safe interior (v3); 19.37 of 19.37 km2 of the hex's canonical land, largest unioned share",,,,,,,INSERTED,promo_b68466ea22a9,12.33
TERRESTRIAL_HEX,h6000_q-000594_r+000880,sp_fef06587fead,CONTROLLED,"land inside the Portuguese safe interior (v3); 19.35 of 19.35 km2 of the hex's canonical land, largest unioned share",,,,,,,INSERTED,promo_b68466ea22a9,12.33
TERRESTRIAL_HEX,h6000_q-000594_r+000881,sp_fef06587fead,CONTROLLED,"land inside the Portuguese safe interior (v3); 19.33 of 19.33 km2 of the hex's canonical land, largest unioned share",,,,,,,INSERTED,promo_b68466ea22a9,12.33
TERRESTRIAL_HEX,h6000_q-000594_r+000882,sp_fef06587fead,CONTROLLED,"land inside the Portuguese safe interior (v3); 19.31 of 19.31 km2 of the hex's canonical land, largest unioned share",,,,,,,INSERTED,promo_b68466ea22a9,12.33
TERRESTRIAL_HEX,h6000_q-000594_r+000883,sp_fef06587fead,CONTROLLED,"land inside the Portuguese safe interior (v3); 19.30 of 19.30 km2 of the hex's canonical land, largest unioned share",,,,,,,INSERTED,promo_b68466ea22a9,12.33
TERRESTRIAL_HEX,h6000_q-000594_r+000885,sp_fef06587fead,CONTROLLED,"land inside the Portuguese safe interior (v3); 19.26 of 19.26 km2 of the hex's canonical land, largest unioned share",,,,,,,INSERTED,promo_b68466ea22a9,12.33
TERRESTRIAL_HEX,h6000_q-000594_r+000886,sp_fef06587fead,CONTROLLED,"land inside the Portuguese safe interior (v3); 19.24 of 19.24 km2 of the hex's canonical land, largest unioned share",,,,,,,INSERTED,promo_b68466ea22a9,12.33
TERRESTRIAL_HEX,h6000_q-000594_r+000893,sp_fef06587fead,CONTROLLED,"land inside the Portuguese safe interior (v3); 19.10 of 19.10 km2 of the hex's canonical land, largest unioned share",,,,,,,INSERTED,promo_b68466ea22a9,12.33
TERRESTRIAL_HEX,h6000_q-000594_r+000894,sp_fef06587fead,CONTROLLED,"land inside the Portuguese safe interior (v3); 19.08 of 19.08 km2 of the hex's canonical land, largest unioned share",,,,,,,INSERTED,promo_b68466ea22a9,12.33
TERRESTRIAL_HEX,h6000_q-000594_r+000895,sp_fef06587fead,CONTROLLED,"land inside the Portuguese safe interior (v3); 19.07 of 19.07 km2 of the hex's canonical land, largest unioned share",,,,,,,INSERTED,promo_b68466ea22a9,12.33
TERRESTRIAL_HEX,h6000_q-000595_r+000875,sp_fef06587fead,CONTROLLED,"land inside the Portuguese safe interior (v3); 19.45 of 19.45 km2 of the hex's canonical land, largest unioned share",,,,,,,INSERTED,promo_b68466ea22a9,12.33
TERRESTRIAL_HEX,h6000_q-000595_r+000876,sp_fef06587fead,CONTROLLED,"land inside the Portuguese safe interior (v3); 19.43 of 19.43 km2 of the hex's canonical land, largest unioned share",,,,,,,INSERTED,promo_b68466ea22a9,12.33
TERRESTRIAL_HEX,h6000_q-000595_r+000877,sp_fef06587fead,CONTROLLED,"land inside the Portuguese safe interior (v3); 19.41 of 19.41 km2 of the hex's canonical land, largest unioned share",,,,,,,INSERTED,promo_b68466ea22a9,12.33
TERRESTRIAL_HEX,h6000_q-000595_r+000878,sp_fef06587fead,CONTROLLED,"land inside the Portuguese safe interior (v3); 19.39 of 19.39 km2 of the hex's canonical land, largest unioned share",,,,,,,INSERTED,promo_b68466ea22a9,12.33
TERRESTRIAL_HEX,h6000_q-000595_r+000879,sp_fef06587fead,CONTROLLED,"land inside the Portuguese safe interior (v3); 19.37 of 19.37 km2 of the hex's canonical land, largest unioned share",,,,,,,INSERTED,promo_b68466ea22a9,12.33
TERRESTRIAL_HEX,h6000_q-000595_r+000880,sp_fef06587fead,CONTROLLED,"land inside the Portuguese safe interior (v3); 19.35 of 19.35 km2 of the hex's canonical land, largest unioned share",,,,,,,INSERTED,promo_b68466ea22a9,12.33
TERRESTRIAL_HEX,h6000_q-000595_r+000881,sp_fef06587fead,CONTROLLED,"land inside the Portuguese safe interior (v3); 19.33 of 19.33 km2 of the hex's canonical land, largest unioned share",,,,,,,INSERTED,promo_b68466ea22a9,12.33
TERRESTRIAL_HEX,h6000_q-000595_r+000882,sp_fef06587fead,CONTROLLED,"land inside the Portuguese safe interior (v3); 19.31 of 19.31 km2 of the hex's canonical land, largest unioned share",,,,,,,INSERTED,promo_b68466ea22a9,12.33
TERRESTRIAL_HEX,h6000_q-000595_r+000883,sp_fef06587fead,CONTROLLED,"land inside the Portuguese safe interior (v3); 19.30 of 19.30 km2 of the hex's canonical land, largest unioned share",,,,,,,INSERTED,promo_b68466ea22a9,12.33
TERRESTRIAL_HEX,h6000_q-000595_r+000884,sp_fef06587fead,CONTROLLED,"land inside the Portuguese safe interior (v3); 19.28 of 19.28 km2 of the hex's canonical land, largest unioned share",,,,,,,INSERTED,promo_b68466ea22a9,12.33
TERRESTRIAL_HEX,h6000_q-000595_r+000885,sp_fef06587fead,CONTROLLED,"land inside the Portuguese safe interior (v3); 19.26 of 19.26 km2 of the hex's canonical land, largest unioned share",,,,,,,INSERTED,promo_b68466ea22a9,12.33
TERRESTRIAL_HEX,h6000_q-000595_r+000886,sp_fef06587fead,CONTROLLED,"land inside the Portuguese safe interior (v3); 19.24 of 19.24 km2 of the hex's canonical land, largest unioned share",,,,,,,INSERTED,promo_b68466ea22a9,12.33
TERRESTRIAL_HEX,h6000_q-000595_r+000887,sp_fef06587fead,CONTROLLED,"land inside the Portuguese safe interior (v3); 19.22 of 19.22 km2 of the hex's canonical land, largest unioned share",,,,,,,INSERTED,promo_b68466ea22a9,12.33
TERRESTRIAL_HEX,h6000_q-000595_r+000888,sp_fef06587fead,CONTROLLED,"land inside the Portuguese safe interior (v3); 19.20 of 19.20 km2 of the hex's canonical land, largest unioned share",,,,,,,INSERTED,promo_b68466ea22a9,12.33
TERRESTRIAL_HEX,h6000_q-000595_r+000893,sp_fef06587fead,CONTROLLED,"land inside the Portuguese safe interior (v3); 19.10 of 19.10 km2 of the hex's canonical land, largest unioned share",,,,,,,INSERTED,promo_b68466ea22a9,12.33
TERRESTRIAL_HEX,h6000_q-000595_r+000894,sp_fef06587fead,CONTROLLED,"land inside the Portuguese safe interior (v3); 19.08 of 19.08 km2 of the hex's canonical land, largest unioned share",,,,,,,INSERTED,promo_b68466ea22a9,12.33
TERRESTRIAL_HEX,h6000_q-000595_r+000895,sp_fef06587fead,CONTROLLED,"land inside the Portuguese safe interior (v3); 19.07 of 19.07 km2 of the hex's canonical land, largest unioned share",,,,,,,INSERTED,promo_b68466ea22a9,12.33
TERRESTRIAL_HEX,h6000_q-000595_r+000896,sp_fef06587fead,CONTROLLED,"land inside the Portuguese safe interior (v3); 19.05 of 19.05 km2 of the hex's canonical land, largest unioned share",,,,,,,INSERTED,promo_b68466ea22a9,12.33
TERRESTRIAL_HEX,h6000_q-000596_r+000875,sp_fef06587fead,CONTROLLED,"land inside the Portuguese safe interior (v3); 17.80 of 19.45 km2 of the hex's canonical land, largest unioned share",,,,,,,INSERTED,promo_b68466ea22a9,12.33
TERRESTRIAL_HEX,h6000_q-000596_r+000876,sp_fef06587fead,CONTROLLED,"land inside the Portuguese safe interior (v3); 19.43 of 19.43 km2 of the hex's canonical land, largest unioned share",,,,,,,INSERTED,promo_b68466ea22a9,12.33
TERRESTRIAL_HEX,h6000_q-000596_r+000877,sp_fef06587fead,CONTROLLED,"land inside the Portuguese safe interior (v3); 19.41 of 19.41 km2 of the hex's canonical land, largest unioned share",,,,,,,INSERTED,promo_b68466ea22a9,12.33
TERRESTRIAL_HEX,h6000_q-000596_r+000878,sp_fef06587fead,CONTROLLED,"land inside the Portuguese safe interior (v3); 19.39 of 19.39 km2 of the hex's canonical land, largest unioned share",,,,,,,INSERTED,promo_b68466ea22a9,12.33
TERRESTRIAL_HEX,h6000_q-000596_r+000879,sp_fef06587fead,CONTROLLED,"land inside the Portuguese safe interior (v3); 19.37 of 19.37 km2 of the hex's canonical land, largest unioned share",,,,,,,INSERTED,promo_b68466ea22a9,12.33
TERRESTRIAL_HEX,h6000_q-000596_r+000880,sp_fef06587fead,CONTROLLED,"land inside the Portuguese safe interior (v3); 19.35 of 19.35 km2 of the hex's canonical land, largest unioned share",,,,,,,INSERTED,promo_b68466ea22a9,12.33
TERRESTRIAL_HEX,h6000_q-000596_r+000881,sp_fef06587fead,CONTROLLED,"land inside the Portuguese safe interior (v3); 19.33 of 19.33 km2 of the hex's canonical land, largest unioned share",,,,,,,INSERTED,promo_b68466ea22a9,12.33
TERRESTRIAL_HEX,h6000_q-000596_r+000882,sp_fef06587fead,CONTROLLED,"land inside the Portuguese safe interior (v3); 19.31 of 19.31 km2 of the hex's canonical land, largest unioned share",,,,,,,INSERTED,promo_b68466ea22a9,12.33
TERRESTRIAL_HEX,h6000_q-000596_r+000883,sp_fef06587fead,CONTROLLED,"land inside the Portuguese safe interior (v3); 19.30 of 19.30 km2 of the hex's canonical land, largest unioned share",,,,,,,INSERTED,promo_b68466ea22a9,12.33
TERRESTRIAL_HEX,h6000_q-000596_r+000884,sp_fef06587fead,CONTROLLED,"land inside the Portuguese safe interior (v3); 19.28 of 19.28 km2 of the hex's canonical land, largest unioned share",,,,,,,INSERTED,promo_b68466ea22a9,12.33
TERRESTRIAL_HEX,h6000_q-000596_r+000885,sp_fef06587fead,CONTROLLED,"land inside the Portuguese safe interior (v3); 19.26 of 19.26 km2 of the hex's canonical land, largest unioned share",,,,,,,INSERTED,promo_b68466ea22a9,12.33
TERRESTRIAL_HEX,h6000_q-000596_r+000886,sp_fef06587fead,CONTROLLED,"land inside the Portuguese safe interior (v3); 19.24 of 19.24 km2 of the hex's canonical land, largest unioned share",,,,,,,INSERTED,promo_b68466ea22a9,12.33
TERRESTRIAL_HEX,h6000_q-000596_r+000887,sp_fef06587fead,CONTROLLED,"land inside the Portuguese safe interior (v3); 19.22 of 19.22 km2 of the hex's canonical land, largest unioned share",,,,,,,INSERTED,promo_b68466ea22a9,12.33
TERRESTRIAL_HEX,h6000_q-000596_r+000888,sp_fef06587fead,CONTROLLED,"land inside the Portuguese safe interior (v3); 19.20 of 19.20 km2 of the hex's canonical land, largest unioned share",,,,,,,INSERTED,promo_b68466ea22a9,12.33
TERRESTRIAL_HEX,h6000_q-000596_r+000889,sp_fef06587fead,CONTROLLED,"land inside the Portuguese safe interior (v3); 19.18 of 19.18 km2 of the hex's canonical land, largest unioned share",,,,,,,INSERTED,promo_b68466ea22a9,12.33
TERRESTRIAL_HEX,h6000_q-000596_r+000893,sp_fef06587fead,CONTROLLED,"land inside the Portuguese safe interior (v3); 19.10 of 19.10 km2 of the hex's canonical land, largest unioned share",,,,,,,INSERTED,promo_b68466ea22a9,12.33
TERRESTRIAL_HEX,h6000_q-000596_r+000894,sp_fef06587fead,CONTROLLED,"land inside the Portuguese safe interior (v3); 19.08 of 19.08 km2 of the hex's canonical land, largest unioned share",,,,,,,INSERTED,promo_b68466ea22a9,12.33
TERRESTRIAL_HEX,h6000_q-000596_r+000895,sp_fef06587fead,CONTROLLED,"land inside the Portuguese safe interior (v3); 19.07 of 19.07 km2 of the hex's canonical land, largest unioned share",,,,,,,INSERTED,promo_b68466ea22a9,12.33
TERRESTRIAL_HEX,h6000_q-000596_r+000896,sp_fef06587fead,CONTROLLED,"land inside the Portuguese safe interior (v3); 19.05 of 19.05 km2 of the hex's canonical land, largest unioned share",,,,,,,INSERTED,promo_b68466ea22a9,12.33
TERRESTRIAL_HEX,h6000_q-000596_r+000897,sp_fef06587fead,CONTROLLED,"land inside the Portuguese safe interior (v3); 19.03 of 19.03 km2 of the hex's canonical land, largest unioned share",,,,,,,INSERTED,promo_b68466ea22a9,12.33
TERRESTRIAL_HEX,h6000_q-000597_r+000876,sp_fef06587fead,CONTROLLED,"land inside the Portuguese safe interior (v3); 8.02 of 19.43 km2 of the hex's canonical land, largest unioned share",,,,,,,INSERTED,promo_b68466ea22a9,12.33
TERRESTRIAL_HEX,h6000_q-000597_r+000877,sp_fef06587fead,CONTROLLED,"land inside the Portuguese safe interior (v3); 18.61 of 19.41 km2 of the hex's canonical land, largest unioned share",,,,,,,INSERTED,promo_b68466ea22a9,12.33
TERRESTRIAL_HEX,h6000_q-000597_r+000878,sp_fef06587fead,CONTROLLED,"land inside the Portuguese safe interior (v3); 19.27 of 19.39 km2 of the hex's canonical land, largest unioned share",,,,,,,INSERTED,promo_b68466ea22a9,12.33
TERRESTRIAL_HEX,h6000_q-000597_r+000879,sp_fef06587fead,CONTROLLED,"land inside the Portuguese safe interior (v3); 19.37 of 19.37 km2 of the hex's canonical land, largest unioned share",,,,,,,INSERTED,promo_b68466ea22a9,12.33
TERRESTRIAL_HEX,h6000_q-000597_r+000880,sp_fef06587fead,CONTROLLED,"land inside the Portuguese safe interior (v3); 19.35 of 19.35 km2 of the hex's canonical land, largest unioned share",,,,,,,INSERTED,promo_b68466ea22a9,12.33
TERRESTRIAL_HEX,h6000_q-000597_r+000881,sp_fef06587fead,CONTROLLED,"land inside the Portuguese safe interior (v3); 19.33 of 19.33 km2 of the hex's canonical land, largest unioned share",,,,,,,INSERTED,promo_b68466ea22a9,12.33
TERRESTRIAL_HEX,h6000_q-000597_r+000882,sp_fef06587fead,CONTROLLED,"land inside the Portuguese safe interior (v3); 19.31 of 19.31 km2 of the hex's canonical land, largest unioned share",,,,,,,INSERTED,promo_b68466ea22a9,12.33
TERRESTRIAL_HEX,h6000_q-000597_r+000883,sp_fef06587fead,CONTROLLED,"land inside the Portuguese safe interior (v3); 19.30 of 19.30 km2 of the hex's canonical land, largest unioned share",,,,,,,INSERTED,promo_b68466ea22a9,12.33
TERRESTRIAL_HEX,h6000_q-000597_r+000884,sp_fef06587fead,CONTROLLED,"land inside the Portuguese safe interior (v3); 19.28 of 19.28 km2 of the hex's canonical land, largest unioned share",,,,,,,INSERTED,promo_b68466ea22a9,12.33
TERRESTRIAL_HEX,h6000_q-000597_r+000885,sp_fef06587fead,CONTROLLED,"land inside the Portuguese safe interior (v3); 19.26 of 19.26 km2 of the hex's canonical land, largest unioned share",,,,,,,INSERTED,promo_b68466ea22a9,12.33
TERRESTRIAL_HEX,h6000_q-000597_r+000886,sp_fef06587fead,CONTROLLED,"land inside the Portuguese safe interior (v3); 19.24 of 19.24 km2 of the hex's canonical land, largest unioned share",,,,,,,INSERTED,promo_b68466ea22a9,12.33
TERRESTRIAL_HEX,h6000_q-000597_r+000887,sp_fef06587fead,CONTROLLED,"land inside the Portuguese safe interior (v3); 19.22 of 19.22 km2 of the hex's canonical land, largest unioned share",,,,,,,INSERTED,promo_b68466ea22a9,12.33
TERRESTRIAL_HEX,h6000_q-000597_r+000888,sp_fef06587fead,CONTROLLED,"land inside the Portuguese safe interior (v3); 19.20 of 19.20 km2 of the hex's canonical land, largest unioned share",,,,,,,INSERTED,promo_b68466ea22a9,12.33
TERRESTRIAL_HEX,h6000_q-000597_r+000889,sp_fef06587fead,CONTROLLED,"land inside the Portuguese safe interior (v3); 19.18 of 19.18 km2 of the hex's canonical land, largest unioned share",,,,,,,INSERTED,promo_b68466ea22a9,12.33
TERRESTRIAL_HEX,h6000_q-000597_r+000890,sp_fef06587fead,CONTROLLED,"land inside the Portuguese safe interior (v3); 19.16 of 19.16 km2 of the hex's canonical land, largest unioned share",,,,,,,INSERTED,promo_b68466ea22a9,12.33
TERRESTRIAL_HEX,h6000_q-000597_r+000891,sp_fef06587fead,CONTROLLED,"land inside the Portuguese safe interior (v3); 19.14 of 19.14 km2 of the hex's canonical land, largest unioned share",,,,,,,INSERTED,promo_b68466ea22a9,12.33
TERRESTRIAL_HEX,h6000_q-000597_r+000893,sp_fef06587fead,CONTROLLED,"land inside the Portuguese safe interior (v3); 19.10 of 19.10 km2 of the hex's canonical land, largest unioned share",,,,,,,INSERTED,promo_b68466ea22a9,12.33
TERRESTRIAL_HEX,h6000_q-000597_r+000894,sp_fef06587fead,CONTROLLED,"land inside the Portuguese safe interior (v3); 19.08 of 19.08 km2 of the hex's canonical land, largest unioned share",,,,,,,INSERTED,promo_b68466ea22a9,12.33
TERRESTRIAL_HEX,h6000_q-000597_r+000895,sp_fef06587fead,CONTROLLED,"land inside the Portuguese safe interior (v3); 19.07 of 19.07 km2 of the hex's canonical land, largest unioned share",,,,,,,INSERTED,promo_b68466ea22a9,12.33
TERRESTRIAL_HEX,h6000_q-000597_r+000896,sp_fef06587fead,CONTROLLED,"land inside the Portuguese safe interior (v3); 19.05 of 19.05 km2 of the hex's canonical land, largest unioned share",,,,,,,INSERTED,promo_b68466ea22a9,12.33
TERRESTRIAL_HEX,h6000_q-000597_r+000897,sp_fef06587fead,CONTROLLED,"land inside the Portuguese safe interior (v3); 19.03 of 19.03 km2 of the hex's canonical land, largest unioned share",,,,,,,INSERTED,promo_b68466ea22a9,12.33
TERRESTRIAL_HEX,h6000_q-000597_r+000898,sp_fef06587fead,CONTROLLED,"land inside the Portuguese safe interior (v3); 19.01 of 19.01 km2 of the hex's canonical land, largest unioned share",,,,,,,INSERTED,promo_b68466ea22a9,12.33
TERRESTRIAL_HEX,h6000_q-000597_r+000899,sp_fef06587fead,CONTROLLED,"land inside the Portuguese safe interior (v3); 18.99 of 18.99 km2 of the hex's canonical land, largest unioned share",,,,,,,INSERTED,promo_b68466ea22a9,12.33
TERRESTRIAL_HEX,h6000_q-000598_r+000877,sp_fef06587fead,CONTROLLED,"land inside the Portuguese safe interior (v3); 0.51 of 19.41 km2 of the hex's canonical land, largest unioned share",,,,,,,INSERTED,promo_b68466ea22a9,12.33
TERRESTRIAL_HEX,h6000_q-000598_r+000878,sp_fef06587fead,CONTROLLED,"land inside the Portuguese safe interior (v3); 0.97 of 19.39 km2 of the hex's canonical land, largest unioned share",,,,,,,INSERTED,promo_b68466ea22a9,12.33
TERRESTRIAL_HEX,h6000_q-000598_r+000879,sp_fef06587fead,CONTROLLED,"land inside the Portuguese safe interior (v3); 6.22 of 19.37 km2 of the hex's canonical land, largest unioned share",,,,,,,INSERTED,promo_b68466ea22a9,12.33
TERRESTRIAL_HEX,h6000_q-000598_r+000880,sp_fef06587fead,CONTROLLED,"land inside the Portuguese safe interior (v3); 17.52 of 19.35 km2 of the hex's canonical land, largest unioned share",,,,,,,INSERTED,promo_b68466ea22a9,12.33
TERRESTRIAL_HEX,h6000_q-000598_r+000881,sp_fef06587fead,CONTROLLED,"land inside the Portuguese safe interior (v3); 19.33 of 19.33 km2 of the hex's canonical land, largest unioned share",,,,,,,INSERTED,promo_b68466ea22a9,12.33
TERRESTRIAL_HEX,h6000_q-000598_r+000882,sp_fef06587fead,CONTROLLED,"land inside the Portuguese safe interior (v3); 19.31 of 19.31 km2 of the hex's canonical land, largest unioned share",,,,,,,INSERTED,promo_b68466ea22a9,12.33
TERRESTRIAL_HEX,h6000_q-000598_r+000883,sp_fef06587fead,CONTROLLED,"land inside the Portuguese safe interior (v3); 19.30 of 19.30 km2 of the hex's canonical land, largest unioned share",,,,,,,INSERTED,promo_b68466ea22a9,12.33
TERRESTRIAL_HEX,h6000_q-000598_r+000884,sp_fef06587fead,CONTROLLED,"land inside the Portuguese safe interior (v3); 19.28 of 19.28 km2 of the hex's canonical land, largest unioned share",,,,,,,INSERTED,promo_b68466ea22a9,12.33
TERRESTRIAL_HEX,h6000_q-000598_r+000885,sp_fef06587fead,CONTROLLED,"land inside the Portuguese safe interior (v3); 19.26 of 19.26 km2 of the hex's canonical land, largest unioned share",,,,,,,INSERTED,promo_b68466ea22a9,12.33
TERRESTRIAL_HEX,h6000_q-000598_r+000886,sp_fef06587fead,CONTROLLED,"land inside the Portuguese safe interior (v3); 19.24 of 19.24 km2 of the hex's canonical land, largest unioned share",,,,,,,INSERTED,promo_b68466ea22a9,12.33
TERRESTRIAL_HEX,h6000_q-000598_r+000887,sp_fef06587fead,CONTROLLED,"land inside the Portuguese safe interior (v3); 19.22 of 19.22 km2 of the hex's canonical land, largest unioned share",,,,,,,INSERTED,promo_b68466ea22a9,12.33
TERRESTRIAL_HEX,h6000_q-000598_r+000888,sp_fef06587fead,CONTROLLED,"land inside the Portuguese safe interior (v3); 19.20 of 19.20 km2 of the hex's canonical land, largest unioned share",,,,,,,INSERTED,promo_b68466ea22a9,12.33
TERRESTRIAL_HEX,h6000_q-000598_r+000889,sp_fef06587fead,CONTROLLED,"land inside the Portuguese safe interior (v3); 19.18 of 19.18 km2 of the hex's canonical land, largest unioned share",,,,,,,INSERTED,promo_b68466ea22a9,12.33
TERRESTRIAL_HEX,h6000_q-000598_r+000890,sp_fef06587fead,CONTROLLED,"land inside the Portuguese safe interior (v3); 19.16 of 19.16 km2 of the hex's canonical land, largest unioned share",,,,,,,INSERTED,promo_b68466ea22a9,12.33
TERRESTRIAL_HEX,h6000_q-000598_r+000891,sp_fef06587fead,CONTROLLED,"land inside the Portuguese safe interior (v3); 19.14 of 19.14 km2 of the hex's canonical land, largest unioned share",,,,,,,INSERTED,promo_b68466ea22a9,12.33
TERRESTRIAL_HEX,h6000_q-000598_r+000892,sp_fef06587fead,CONTROLLED,"land inside the Portuguese safe interior (v3); 19.12 of 19.12 km2 of the hex's canonical land, largest unioned share",,,,,,,INSERTED,promo_b68466ea22a9,12.33
TERRESTRIAL_HEX,h6000_q-000598_r+000893,sp_fef06587fead,CONTROLLED,"land inside the Portuguese safe interior (v3); 19.10 of 19.10 km2 of the hex's canonical land, largest unioned share",,,,,,,INSERTED,promo_b68466ea22a9,12.33
TERRESTRIAL_HEX,h6000_q-000598_r+000894,sp_fef06587fead,CONTROLLED,"land inside the Portuguese safe interior (v3); 19.08 of 19.08 km2 of the hex's canonical land, largest unioned share",,,,,,,INSERTED,promo_b68466ea22a9,12.33
TERRESTRIAL_HEX,h6000_q-000598_r+000895,sp_fef06587fead,CONTROLLED,"land inside the Portuguese safe interior (v3); 19.07 of 19.07 km2 of the hex's canonical land, largest unioned share",,,,,,,INSERTED,promo_b68466ea22a9,12.33
TERRESTRIAL_HEX,h6000_q-000598_r+000896,sp_fef06587fead,CONTROLLED,"land inside the Portuguese safe interior (v3); 19.05 of 19.05 km2 of the hex's canonical land, largest unioned share",,,,,,,INSERTED,promo_b68466ea22a9,12.33
TERRESTRIAL_HEX,h6000_q-000598_r+000897,sp_fef06587fead,CONTROLLED,"land inside the Portuguese safe interior (v3); 19.03 of 19.03 km2 of the hex's canonical land, largest unioned share",,,,,,,INSERTED,promo_b68466ea22a9,12.33
TERRESTRIAL_HEX,h6000_q-000598_r+000898,sp_fef06587fead,CONTROLLED,"land inside the Portuguese safe interior (v3); 19.01 of 19.01 km2 of the hex's canonical land, largest unioned share",,,,,,,INSERTED,promo_b68466ea22a9,12.33
TERRESTRIAL_HEX,h6000_q-000598_r+000899,sp_fef06587fead,CONTROLLED,"land inside the Portuguese safe interior (v3); 18.99 of 18.99 km2 of the hex's canonical land, largest unioned share",,,,,,,INSERTED,promo_b68466ea22a9,12.33
TERRESTRIAL_HEX,h6000_q-000599_r+000888,sp_fef06587fead,CONTROLLED,"land inside the Portuguese safe interior (v3); 19.20 of 19.20 km2 of the hex's canonical land, largest unioned share",,,,,,,INSERTED,promo_b68466ea22a9,12.33
TERRESTRIAL_HEX,h6000_q-000599_r+000889,sp_fef06587fead,CONTROLLED,"land inside the Portuguese safe interior (v3); 19.18 of 19.18 km2 of the hex's canonical land, largest unioned share",,,,,,,INSERTED,promo_b68466ea22a9,12.33
TERRESTRIAL_HEX,h6000_q-000599_r+000890,sp_fef06587fead,CONTROLLED,"land inside the Portuguese safe interior (v3); 19.16 of 19.16 km2 of the hex's canonical land, largest unioned share",,,,,,,INSERTED,promo_b68466ea22a9,12.33
TERRESTRIAL_HEX,h6000_q-000599_r+000891,sp_fef06587fead,CONTROLLED,"land inside the Portuguese safe interior (v3); 19.14 of 19.14 km2 of the hex's canonical land, largest unioned share",,,,,,,INSERTED,promo_b68466ea22a9,12.33
TERRESTRIAL_HEX,h6000_q-000599_r+000892,sp_fef06587fead,CONTROLLED,"land inside the Portuguese safe interior (v3); 19.12 of 19.12 km2 of the hex's canonical land, largest unioned share",,,,,,,INSERTED,promo_b68466ea22a9,12.33
TERRESTRIAL_HEX,h6000_q-000599_r+000893,sp_fef06587fead,CONTROLLED,"land inside the Portuguese safe interior (v3); 19.10 of 19.10 km2 of the hex's canonical land, largest unioned share",,,,,,,INSERTED,promo_b68466ea22a9,12.33
TERRESTRIAL_HEX,h6000_q-000599_r+000894,sp_fef06587fead,CONTROLLED,"land inside the Portuguese safe interior (v3); 19.08 of 19.08 km2 of the hex's canonical land, largest unioned share",,,,,,,INSERTED,promo_b68466ea22a9,12.33
TERRESTRIAL_HEX,h6000_q-000599_r+000895,sp_fef06587fead,CONTROLLED,"land inside the Portuguese safe interior (v3); 19.07 of 19.07 km2 of the hex's canonical land, largest unioned share",,,,,,,INSERTED,promo_b68466ea22a9,12.33
TERRESTRIAL_HEX,h6000_q-000599_r+000896,sp_fef06587fead,CONTROLLED,"land inside the Portuguese safe interior (v3); 19.05 of 19.05 km2 of the hex's canonical land, largest unioned share",,,,,,,INSERTED,promo_b68466ea22a9,12.33
TERRESTRIAL_HEX,h6000_q-000599_r+000897,sp_fef06587fead,CONTROLLED,"land inside the Portuguese safe interior (v3); 19.03 of 19.03 km2 of the hex's canonical land, largest unioned share",,,,,,,INSERTED,promo_b68466ea22a9,12.33
TERRESTRIAL_HEX,h6000_q-000599_r+000898,sp_fef06587fead,CONTROLLED,"land inside the Portuguese safe interior (v3); 19.01 of 19.01 km2 of the hex's canonical land, largest unioned share",,,,,,,INSERTED,promo_b68466ea22a9,12.33
TERRESTRIAL_HEX,h6000_q-000599_r+000899,sp_fef06587fead,CONTROLLED,"land inside the Portuguese safe interior (v3); 18.99 of 18.99 km2 of the hex's canonical land, largest unioned share",,,,,,,INSERTED,promo_b68466ea22a9,12.33
TERRESTRIAL_HEX,h6000_q-000600_r+000892,sp_fef06587fead,CONTROLLED,"land inside the Portuguese safe interior (v3); 19.12 of 19.12 km2 of the hex's canonical land, largest unioned share",,,,,,,INSERTED,promo_b68466ea22a9,12.33
TERRESTRIAL_HEX,h6000_q-000600_r+000893,sp_fef06587fead,CONTROLLED,"land inside the Portuguese safe interior (v3); 19.10 of 19.10 km2 of the hex's canonical land, largest unioned share",,,,,,,INSERTED,promo_b68466ea22a9,12.33
TERRESTRIAL_HEX,h6000_q-000600_r+000894,sp_fef06587fead,CONTROLLED,"land inside the Portuguese safe interior (v3); 19.08 of 19.08 km2 of the hex's canonical land, largest unioned share",,,,,,,INSERTED,promo_b68466ea22a9,12.33
TERRESTRIAL_HEX,h6000_q-000600_r+000895,sp_fef06587fead,CONTROLLED,"land inside the Portuguese safe interior (v3); 19.07 of 19.07 km2 of the hex's canonical land, largest unioned share",,,,,,,INSERTED,promo_b68466ea22a9,12.33
TERRESTRIAL_HEX,h6000_q-000600_r+000898,sp_fef06587fead,CONTROLLED,"land inside the Portuguese safe interior (v3); 19.01 of 19.01 km2 of the hex's canonical land, largest unioned share",,,,,,,INSERTED,promo_b68466ea22a9,12.33
TERRESTRIAL_HEX,h6000_q-000600_r+000916,sp_fef06587fead,CONTROLLED,"land inside the Portuguese safe interior (v3); 18.66 of 18.66 km2 of the hex's canonical land, largest unioned share",,,,,,,INSERTED,promo_b68466ea22a9,12.33
TERRESTRIAL_HEX,h6000_q-000601_r+000883,sp_fef06587fead,CONTROLLED,"land inside the Portuguese safe interior (v3); 15.66 of 19.30 km2 of the hex's canonical land, largest unioned share",,,,,,,INSERTED,promo_b68466ea22a9,12.33
TERRESTRIAL_HEX,h6000_q-000601_r+000893,sp_fef06587fead,CONTROLLED,"land inside the Portuguese safe interior (v3); 19.10 of 19.10 km2 of the hex's canonical land, largest unioned share",,,,,,,INSERTED,promo_b68466ea22a9,12.33
TERRESTRIAL_HEX,h6000_q-000601_r+000894,sp_fef06587fead,CONTROLLED,"land inside the Portuguese safe interior (v3); 19.08 of 19.08 km2 of the hex's canonical land, largest unioned share",,,,,,,INSERTED,promo_b68466ea22a9,12.33
TERRESTRIAL_HEX,h6000_q-000601_r+000895,sp_fef06587fead,CONTROLLED,"land inside the Portuguese safe interior (v3); 19.07 of 19.07 km2 of the hex's canonical land, largest unioned share",,,,,,,INSERTED,promo_b68466ea22a9,12.33
TERRESTRIAL_HEX,h6000_q-000601_r+000915,sp_fef06587fead,CONTROLLED,"land inside the Portuguese safe interior (v3); 18.68 of 18.68 km2 of the hex's canonical land, largest unioned share",,,,,,,INSERTED,promo_b68466ea22a9,12.33
TERRESTRIAL_HEX,h6000_q-000601_r+000916,sp_fef06587fead,CONTROLLED,"land inside the Portuguese safe interior (v3); 18.66 of 18.66 km2 of the hex's canonical land, largest unioned share",,,,,,,INSERTED,promo_b68466ea22a9,12.33
TERRESTRIAL_HEX,h6000_q-000601_r+000917,sp_fef06587fead,CONTROLLED,"land inside the Portuguese safe interior (v3); 18.64 of 18.64 km2 of the hex's canonical land, largest unioned share",,,,,,,INSERTED,promo_b68466ea22a9,12.33
TERRESTRIAL_HEX,h6000_q-000601_r+000918,sp_fef06587fead,CONTROLLED,"land inside the Portuguese safe interior (v3); 18.63 of 18.63 km2 of the hex's canonical land, largest unioned share",,,,,,,INSERTED,promo_b68466ea22a9,12.33
TERRESTRIAL_HEX,h6000_q-000601_r+000919,sp_fef06587fead,CONTROLLED,"land inside the Portuguese safe interior (v3); 18.61 of 18.61 km2 of the hex's canonical land, largest unioned share",,,,,,,INSERTED,promo_b68466ea22a9,12.33
TERRESTRIAL_HEX,h6000_q-000602_r+000895,sp_fef06587fead,CONTROLLED,"land inside the Portuguese safe interior (v3); 19.07 of 19.07 km2 of the hex's canonical land, largest unioned share",,,,,,,INSERTED,promo_b68466ea22a9,12.33
TERRESTRIAL_HEX,h6000_q-000602_r+000914,sp_fef06587fead,CONTROLLED,"land inside the Portuguese safe interior (v3); 18.70 of 18.70 km2 of the hex's canonical land, largest unioned share",,,,,,,INSERTED,promo_b68466ea22a9,12.33
TERRESTRIAL_HEX,h6000_q-000602_r+000915,sp_fef06587fead,CONTROLLED,"land inside the Portuguese safe interior (v3); 18.68 of 18.68 km2 of the hex's canonical land, largest unioned share",,,,,,,INSERTED,promo_b68466ea22a9,12.33
TERRESTRIAL_HEX,h6000_q-000602_r+000916,sp_fef06587fead,CONTROLLED,"land inside the Portuguese safe interior (v3); 18.66 of 18.66 km2 of the hex's canonical land, largest unioned share",,,,,,,INSERTED,promo_b68466ea22a9,12.33
TERRESTRIAL_HEX,h6000_q-000602_r+000917,sp_fef06587fead,CONTROLLED,"land inside the Portuguese safe interior (v3); 18.64 of 18.64 km2 of the hex's canonical land, largest unioned share",,,,,,,INSERTED,promo_b68466ea22a9,12.33
TERRESTRIAL_HEX,h6000_q-000602_r+000918,sp_fef06587fead,CONTROLLED,"land inside the Portuguese safe interior (v3); 18.63 of 18.63 km2 of the hex's canonical land, largest unioned share",,,,,,,INSERTED,promo_b68466ea22a9,12.33
TERRESTRIAL_HEX,h6000_q-000602_r+000919,sp_fef06587fead,CONTROLLED,"land inside the Portuguese safe interior (v3); 18.61 of 18.61 km2 of the hex's canonical land, largest unioned share",,,,,,,INSERTED,promo_b68466ea22a9,12.33
TERRESTRIAL_HEX,h6000_q-000602_r+000920,sp_fef06587fead,CONTROLLED,"land inside the Portuguese safe interior (v3); 18.59 of 18.59 km2 of the hex's canonical land, largest unioned share",,,,,,,INSERTED,promo_b68466ea22a9,12.33
TERRESTRIAL_HEX,h6000_q-000603_r+000914,sp_fef06587fead,CONTROLLED,"land inside the Portuguese safe interior (v3); 18.70 of 18.70 km2 of the hex's canonical land, largest unioned share",,,,,,,INSERTED,promo_b68466ea22a9,12.33
TERRESTRIAL_HEX,h6000_q-000603_r+000915,sp_fef06587fead,CONTROLLED,"land inside the Portuguese safe interior (v3); 18.68 of 18.68 km2 of the hex's canonical land, largest unioned share",,,,,,,INSERTED,promo_b68466ea22a9,12.33
TERRESTRIAL_HEX,h6000_q-000603_r+000916,sp_fef06587fead,CONTROLLED,"land inside the Portuguese safe interior (v3); 18.66 of 18.66 km2 of the hex's canonical land, largest unioned share",,,,,,,INSERTED,promo_b68466ea22a9,12.33
TERRESTRIAL_HEX,h6000_q-000603_r+000917,sp_fef06587fead,CONTROLLED,"land inside the Portuguese safe interior (v3); 18.64 of 18.64 km2 of the hex's canonical land, largest unioned share",,,,,,,INSERTED,promo_b68466ea22a9,12.33
TERRESTRIAL_HEX,h6000_q-000603_r+000918,sp_fef06587fead,CONTROLLED,"land inside the Portuguese safe interior (v3); 18.63 of 18.63 km2 of the hex's canonical land, largest unioned share",,,,,,,INSERTED,promo_b68466ea22a9,12.33
TERRESTRIAL_HEX,h6000_q-000603_r+000919,sp_fef06587fead,CONTROLLED,"land inside the Portuguese safe interior (v3); 18.61 of 18.61 km2 of the hex's canonical land, largest unioned share",,,,,,,INSERTED,promo_b68466ea22a9,12.33
TERRESTRIAL_HEX,h6000_q-000603_r+000920,sp_fef06587fead,CONTROLLED,"land inside the Portuguese safe interior (v3); 18.59 of 18.59 km2 of the hex's canonical land, largest unioned share",,,,,,,INSERTED,promo_b68466ea22a9,12.33
TERRESTRIAL_HEX,h6000_q-000603_r+000921,sp_fef06587fead,CONTROLLED,"land inside the Portuguese safe interior (v3); 18.57 of 18.57 km2 of the hex's canonical land, largest unioned share",,,,,,,INSERTED,promo_b68466ea22a9,12.33
TERRESTRIAL_HEX,h6000_q-000603_r+000922,sp_fef06587fead,CONTROLLED,"land inside the Portuguese safe interior (v3); 18.55 of 18.55 km2 of the hex's canonical land, largest unioned share",,,,,,,INSERTED,promo_b68466ea22a9,12.33
TERRESTRIAL_HEX,h6000_q-000604_r+000913,sp_fef06587fead,CONTROLLED,"land inside the Portuguese safe interior (v3); 18.72 of 18.72 km2 of the hex's canonical land, largest unioned share",,,,,,,INSERTED,promo_b68466ea22a9,12.33
TERRESTRIAL_HEX,h6000_q-000604_r+000914,sp_fef06587fead,CONTROLLED,"land inside the Portuguese safe interior (v3); 18.70 of 18.70 km2 of the hex's canonical land, largest unioned share",,,,,,,INSERTED,promo_b68466ea22a9,12.33
TERRESTRIAL_HEX,h6000_q-000604_r+000915,sp_fef06587fead,CONTROLLED,"land inside the Portuguese safe interior (v3); 18.68 of 18.68 km2 of the hex's canonical land, largest unioned share",,,,,,,INSERTED,promo_b68466ea22a9,12.33
TERRESTRIAL_HEX,h6000_q-000604_r+000916,sp_fef06587fead,CONTROLLED,"land inside the Portuguese safe interior (v3); 18.66 of 18.66 km2 of the hex's canonical land, largest unioned share",,,,,,,INSERTED,promo_b68466ea22a9,12.33
TERRESTRIAL_HEX,h6000_q-000604_r+000917,sp_fef06587fead,CONTROLLED,"land inside the Portuguese safe interior (v3); 18.64 of 18.64 km2 of the hex's canonical land, largest unioned share",,,,,,,INSERTED,promo_b68466ea22a9,12.33
TERRESTRIAL_HEX,h6000_q-000604_r+000918,sp_fef06587fead,CONTROLLED,"land inside the Portuguese safe interior (v3); 18.63 of 18.63 km2 of the hex's canonical land, largest unioned share",,,,,,,INSERTED,promo_b68466ea22a9,12.33
TERRESTRIAL_HEX,h6000_q-000604_r+000919,sp_fef06587fead,CONTROLLED,"land inside the Portuguese safe interior (v3); 18.61 of 18.61 km2 of the hex's canonical land, largest unioned share",,,,,,,INSERTED,promo_b68466ea22a9,12.33
TERRESTRIAL_HEX,h6000_q-000604_r+000920,sp_fef06587fead,CONTROLLED,"land inside the Portuguese safe interior (v3); 18.59 of 18.59 km2 of the hex's canonical land, largest unioned share",,,,,,,INSERTED,promo_b68466ea22a9,12.33
TERRESTRIAL_HEX,h6000_q-000604_r+000921,sp_fef06587fead,CONTROLLED,"land inside the Portuguese safe interior (v3); 18.57 of 18.57 km2 of the hex's canonical land, largest unioned share",,,,,,,INSERTED,promo_b68466ea22a9,12.33
TERRESTRIAL_HEX,h6000_q-000604_r+000922,sp_fef06587fead,CONTROLLED,"land inside the Portuguese safe interior (v3); 18.55 of 18.55 km2 of the hex's canonical land, largest unioned share",,,,,,,INSERTED,promo_b68466ea22a9,12.33
TERRESTRIAL_HEX,h6000_q-000604_r+000923,sp_fef06587fead,CONTROLLED,"land inside the Portuguese safe interior (v3); 18.53 of 18.53 km2 of the hex's canonical land, largest unioned share",,,,,,,INSERTED,promo_b68466ea22a9,12.33
TERRESTRIAL_HEX,h6000_q-000604_r+000924,sp_fef06587fead,CONTROLLED,"land inside the Portuguese safe interior (v3); 18.51 of 18.51 km2 of the hex's canonical land, largest unioned share",,,,,,,INSERTED,promo_b68466ea22a9,12.33
TERRESTRIAL_HEX,h6000_q-000604_r+000925,sp_fef06587fead,CONTROLLED,"land inside the Portuguese safe interior (v3); 16.24 of 18.49 km2 of the hex's canonical land, largest unioned share",,,,,,,INSERTED,promo_b68466ea22a9,12.33
TERRESTRIAL_HEX,h6000_q-000604_r+000926,sp_fef06587fead,CONTROLLED,"land inside the Portuguese safe interior (v3); 0.07 of 18.47 km2 of the hex's canonical land, largest unioned share",,,,,,,INSERTED,promo_b68466ea22a9,12.33
TERRESTRIAL_HEX,h6000_q-000605_r+000912,sp_fef06587fead,CONTROLLED,"land inside the Portuguese safe interior (v3); 18.74 of 18.74 km2 of the hex's canonical land, largest unioned share",,,,,,,INSERTED,promo_b68466ea22a9,12.33
TERRESTRIAL_HEX,h6000_q-000605_r+000913,sp_fef06587fead,CONTROLLED,"land inside the Portuguese safe interior (v3); 18.72 of 18.72 km2 of the hex's canonical land, largest unioned share",,,,,,,INSERTED,promo_b68466ea22a9,12.33
TERRESTRIAL_HEX,h6000_q-000605_r+000914,sp_fef06587fead,CONTROLLED,"land inside the Portuguese safe interior (v3); 18.70 of 18.70 km2 of the hex's canonical land, largest unioned share",,,,,,,INSERTED,promo_b68466ea22a9,12.33
TERRESTRIAL_HEX,h6000_q-000605_r+000915,sp_fef06587fead,CONTROLLED,"land inside the Portuguese safe interior (v3); 18.68 of 18.68 km2 of the hex's canonical land, largest unioned share",,,,,,,INSERTED,promo_b68466ea22a9,12.33
TERRESTRIAL_HEX,h6000_q-000605_r+000916,sp_fef06587fead,CONTROLLED,"land inside the Portuguese safe interior (v3); 18.66 of 18.66 km2 of the hex's canonical land, largest unioned share",,,,,,,INSERTED,promo_b68466ea22a9,12.33
TERRESTRIAL_HEX,h6000_q-000605_r+000917,sp_fef06587fead,CONTROLLED,"land inside the Portuguese safe interior (v3); 18.64 of 18.64 km2 of the hex's canonical land, largest unioned share",,,,,,,INSERTED,promo_b68466ea22a9,12.33
TERRESTRIAL_HEX,h6000_q-000605_r+000918,sp_fef06587fead,CONTROLLED,"land inside the Portuguese safe interior (v3); 18.63 of 18.63 km2 of the hex's canonical land, largest unioned share",,,,,,,INSERTED,promo_b68466ea22a9,12.33
TERRESTRIAL_HEX,h6000_q-000605_r+000919,sp_fef06587fead,CONTROLLED,"land inside the Portuguese safe interior (v3); 18.61 of 18.61 km2 of the hex's canonical land, largest unioned share",,,,,,,INSERTED,promo_b68466ea22a9,12.33
TERRESTRIAL_HEX,h6000_q-000605_r+000920,sp_fef06587fead,CONTROLLED,"land inside the Portuguese safe interior (v3); 18.59 of 18.59 km2 of the hex's canonical land, largest unioned share",,,,,,,INSERTED,promo_b68466ea22a9,12.33
TERRESTRIAL_HEX,h6000_q-000605_r+000921,sp_fef06587fead,CONTROLLED,"land inside the Portuguese safe interior (v3); 18.57 of 18.57 km2 of the hex's canonical land, largest unioned share",,,,,,,INSERTED,promo_b68466ea22a9,12.33
TERRESTRIAL_HEX,h6000_q-000605_r+000922,sp_fef06587fead,CONTROLLED,"land inside the Portuguese safe interior (v3); 18.55 of 18.55 km2 of the hex's canonical land, largest unioned share",,,,,,,INSERTED,promo_b68466ea22a9,12.33
TERRESTRIAL_HEX,h6000_q-000605_r+000923,sp_fef06587fead,CONTROLLED,"land inside the Portuguese safe interior (v3); 18.53 of 18.53 km2 of the hex's canonical land, largest unioned share",,,,,,,INSERTED,promo_b68466ea22a9,12.33
TERRESTRIAL_HEX,h6000_q-000605_r+000924,sp_fef06587fead,CONTROLLED,"land inside the Portuguese safe interior (v3); 18.51 of 18.51 km2 of the hex's canonical land, largest unioned share",,,,,,,INSERTED,promo_b68466ea22a9,12.33
TERRESTRIAL_HEX,h6000_q-000605_r+000925,sp_fef06587fead,CONTROLLED,"land inside the Portuguese safe interior (v3); 14.52 of 18.49 km2 of the hex's canonical land, largest unioned share",,,,,,,INSERTED,promo_b68466ea22a9,12.33
TERRESTRIAL_HEX,h6000_q-000605_r+000926,sp_fef06587fead,CONTROLLED,"land inside the Portuguese safe interior (v3); 0.04 of 18.47 km2 of the hex's canonical land, largest unioned share",,,,,,,INSERTED,promo_b68466ea22a9,12.33
TERRESTRIAL_HEX,h6000_q-000606_r+000911,sp_fef06587fead,CONTROLLED,"land inside the Portuguese safe interior (v3); 18.76 of 18.76 km2 of the hex's canonical land, largest unioned share",,,,,,,INSERTED,promo_b68466ea22a9,12.33
TERRESTRIAL_HEX,h6000_q-000606_r+000912,sp_fef06587fead,CONTROLLED,"land inside the Portuguese safe interior (v3); 18.74 of 18.74 km2 of the hex's canonical land, largest unioned share",,,,,,,INSERTED,promo_b68466ea22a9,12.33
TERRESTRIAL_HEX,h6000_q-000606_r+000913,sp_fef06587fead,CONTROLLED,"land inside the Portuguese safe interior (v3); 18.72 of 18.72 km2 of the hex's canonical land, largest unioned share",,,,,,,INSERTED,promo_b68466ea22a9,12.33
TERRESTRIAL_HEX,h6000_q-000606_r+000914,sp_fef06587fead,CONTROLLED,"land inside the Portuguese safe interior (v3); 18.70 of 18.70 km2 of the hex's canonical land, largest unioned share",,,,,,,INSERTED,promo_b68466ea22a9,12.33
TERRESTRIAL_HEX,h6000_q-000606_r+000915,sp_fef06587fead,CONTROLLED,"land inside the Portuguese safe interior (v3); 18.68 of 18.68 km2 of the hex's canonical land, largest unioned share",,,,,,,INSERTED,promo_b68466ea22a9,12.33
TERRESTRIAL_HEX,h6000_q-000606_r+000916,sp_fef06587fead,CONTROLLED,"land inside the Portuguese safe interior (v3); 18.66 of 18.66 km2 of the hex's canonical land, largest unioned share",,,,,,,INSERTED,promo_b68466ea22a9,12.33
TERRESTRIAL_HEX,h6000_q-000606_r+000917,sp_fef06587fead,CONTROLLED,"land inside the Portuguese safe interior (v3); 18.64 of 18.64 km2 of the hex's canonical land, largest unioned share",,,,,,,INSERTED,promo_b68466ea22a9,12.33
TERRESTRIAL_HEX,h6000_q-000606_r+000918,sp_fef06587fead,CONTROLLED,"land inside the Portuguese safe interior (v3); 18.63 of 18.63 km2 of the hex's canonical land, largest unioned share",,,,,,,INSERTED,promo_b68466ea22a9,12.33
TERRESTRIAL_HEX,h6000_q-000606_r+000919,sp_fef06587fead,CONTROLLED,"land inside the Portuguese safe interior (v3); 18.61 of 18.61 km2 of the hex's canonical land, largest unioned share",,,,,,,INSERTED,promo_b68466ea22a9,12.33
TERRESTRIAL_HEX,h6000_q-000606_r+000920,sp_fef06587fead,CONTROLLED,"land inside the Portuguese safe interior (v3); 18.59 of 18.59 km2 of the hex's canonical land, largest unioned share",,,,,,,INSERTED,promo_b68466ea22a9,12.33
TERRESTRIAL_HEX,h6000_q-000606_r+000921,sp_fef06587fead,CONTROLLED,"land inside the Portuguese safe interior (v3); 18.57 of 18.57 km2 of the hex's canonical land, largest unioned share",,,,,,,INSERTED,promo_b68466ea22a9,12.33
TERRESTRIAL_HEX,h6000_q-000606_r+000922,sp_fef06587fead,CONTROLLED,"land inside the Portuguese safe interior (v3); 18.55 of 18.55 km2 of the hex's canonical land, largest unioned share",,,,,,,INSERTED,promo_b68466ea22a9,12.33
TERRESTRIAL_HEX,h6000_q-000606_r+000923,sp_fef06587fead,CONTROLLED,"land inside the Portuguese safe interior (v3); 18.53 of 18.53 km2 of the hex's canonical land, largest unioned share",,,,,,,INSERTED,promo_b68466ea22a9,12.33
TERRESTRIAL_HEX,h6000_q-000606_r+000924,sp_fef06587fead,CONTROLLED,"land inside the Portuguese safe interior (v3); 18.51 of 18.51 km2 of the hex's canonical land, largest unioned share",,,,,,,INSERTED,promo_b68466ea22a9,12.33
TERRESTRIAL_HEX,h6000_q-000606_r+000925,sp_fef06587fead,CONTROLLED,"land inside the Portuguese safe interior (v3); 12.80 of 18.49 km2 of the hex's canonical land, largest unioned share",,,,,,,INSERTED,promo_b68466ea22a9,12.33
TERRESTRIAL_HEX,h6000_q-000607_r+000910,sp_fef06587fead,CONTROLLED,"land inside the Portuguese safe interior (v3); 18.78 of 18.78 km2 of the hex's canonical land, largest unioned share",,,,,,,INSERTED,promo_b68466ea22a9,12.33
TERRESTRIAL_HEX,h6000_q-000607_r+000911,sp_fef06587fead,CONTROLLED,"land inside the Portuguese safe interior (v3); 18.76 of 18.76 km2 of the hex's canonical land, largest unioned share",,,,,,,INSERTED,promo_b68466ea22a9,12.33
TERRESTRIAL_HEX,h6000_q-000607_r+000912,sp_fef06587fead,CONTROLLED,"land inside the Portuguese safe interior (v3); 18.74 of 18.74 km2 of the hex's canonical land, largest unioned share",,,,,,,INSERTED,promo_b68466ea22a9,12.33
TERRESTRIAL_HEX,h6000_q-000607_r+000913,sp_fef06587fead,CONTROLLED,"land inside the Portuguese safe interior (v3); 18.72 of 18.72 km2 of the hex's canonical land, largest unioned share",,,,,,,INSERTED,promo_b68466ea22a9,12.33
TERRESTRIAL_HEX,h6000_q-000607_r+000914,sp_fef06587fead,CONTROLLED,"land inside the Portuguese safe interior (v3); 18.70 of 18.70 km2 of the hex's canonical land, largest unioned share",,,,,,,INSERTED,promo_b68466ea22a9,12.33
TERRESTRIAL_HEX,h6000_q-000607_r+000915,sp_fef06587fead,CONTROLLED,"land inside the Portuguese safe interior (v3); 18.68 of 18.68 km2 of the hex's canonical land, largest unioned share",,,,,,,INSERTED,promo_b68466ea22a9,12.33
TERRESTRIAL_HEX,h6000_q-000607_r+000916,sp_fef06587fead,CONTROLLED,"land inside the Portuguese safe interior (v3); 18.66 of 18.66 km2 of the hex's canonical land, largest unioned share",,,,,,,INSERTED,promo_b68466ea22a9,12.33
TERRESTRIAL_HEX,h6000_q-000607_r+000917,sp_fef06587fead,CONTROLLED,"land inside the Portuguese safe interior (v3); 18.64 of 18.64 km2 of the hex's canonical land, largest unioned share",,,,,,,INSERTED,promo_b68466ea22a9,12.33
TERRESTRIAL_HEX,h6000_q-000607_r+000918,sp_fef06587fead,CONTROLLED,"land inside the Portuguese safe interior (v3); 18.63 of 18.63 km2 of the hex's canonical land, largest unioned share",,,,,,,INSERTED,promo_b68466ea22a9,12.33
TERRESTRIAL_HEX,h6000_q-000607_r+000919,sp_fef06587fead,CONTROLLED,"land inside the Portuguese safe interior (v3); 18.61 of 18.61 km2 of the hex's canonical land, largest unioned share",,,,,,,INSERTED,promo_b68466ea22a9,12.33
TERRESTRIAL_HEX,h6000_q-000607_r+000920,sp_fef06587fead,CONTROLLED,"land inside the Portuguese safe interior (v3); 18.59 of 18.59 km2 of the hex's canonical land, largest unioned share",,,,,,,INSERTED,promo_b68466ea22a9,12.33
TERRESTRIAL_HEX,h6000_q-000607_r+000921,sp_fef06587fead,CONTROLLED,"land inside the Portuguese safe interior (v3); 18.57 of 18.57 km2 of the hex's canonical land, largest unioned share",,,,,,,INSERTED,promo_b68466ea22a9,12.33
TERRESTRIAL_HEX,h6000_q-000607_r+000922,sp_fef06587fead,CONTROLLED,"land inside the Portuguese safe interior (v3); 18.55 of 18.55 km2 of the hex's canonical land, largest unioned share",,,,,,,INSERTED,promo_b68466ea22a9,12.33
TERRESTRIAL_HEX,h6000_q-000607_r+000923,sp_fef06587fead,CONTROLLED,"land inside the Portuguese safe interior (v3); 18.53 of 18.53 km2 of the hex's canonical land, largest unioned share",,,,,,,INSERTED,promo_b68466ea22a9,12.33
TERRESTRIAL_HEX,h6000_q-000607_r+000924,sp_fef06587fead,CONTROLLED,"land inside the Portuguese safe interior (v3); 18.51 of 18.51 km2 of the hex's canonical land, largest unioned share",,,,,,,INSERTED,promo_b68466ea22a9,12.33
TERRESTRIAL_HEX,h6000_q-000607_r+000925,sp_fef06587fead,CONTROLLED,"land inside the Portuguese safe interior (v3); 13.49 of 18.49 km2 of the hex's canonical land, largest unioned share",,,,,,,INSERTED,promo_b68466ea22a9,12.33
TERRESTRIAL_HEX,h6000_q-000608_r+000904,sp_fef06587fead,CONTROLLED,"land inside the Portuguese safe interior (v3); 18.89 of 18.89 km2 of the hex's canonical land, largest unioned share",,,,,,,INSERTED,promo_b68466ea22a9,12.33
TERRESTRIAL_HEX,h6000_q-000608_r+000910,sp_fef06587fead,CONTROLLED,"land inside the Portuguese safe interior (v3); 18.78 of 18.78 km2 of the hex's canonical land, largest unioned share",,,,,,,INSERTED,promo_b68466ea22a9,12.33
TERRESTRIAL_HEX,h6000_q-000608_r+000911,sp_fef06587fead,CONTROLLED,"land inside the Portuguese safe interior (v3); 18.76 of 18.76 km2 of the hex's canonical land, largest unioned share",,,,,,,INSERTED,promo_b68466ea22a9,12.33
TERRESTRIAL_HEX,h6000_q-000608_r+000912,sp_fef06587fead,CONTROLLED,"land inside the Portuguese safe interior (v3); 18.74 of 18.74 km2 of the hex's canonical land, largest unioned share",,,,,,,INSERTED,promo_b68466ea22a9,12.33
TERRESTRIAL_HEX,h6000_q-000608_r+000913,sp_fef06587fead,CONTROLLED,"land inside the Portuguese safe interior (v3); 18.72 of 18.72 km2 of the hex's canonical land, largest unioned share",,,,,,,INSERTED,promo_b68466ea22a9,12.33
TERRESTRIAL_HEX,h6000_q-000608_r+000914,sp_fef06587fead,CONTROLLED,"land inside the Portuguese safe interior (v3); 18.70 of 18.70 km2 of the hex's canonical land, largest unioned share",,,,,,,INSERTED,promo_b68466ea22a9,12.33
TERRESTRIAL_HEX,h6000_q-000608_r+000915,sp_fef06587fead,CONTROLLED,"land inside the Portuguese safe interior (v3); 18.68 of 18.68 km2 of the hex's canonical land, largest unioned share",,,,,,,INSERTED,promo_b68466ea22a9,12.33
TERRESTRIAL_HEX,h6000_q-000608_r+000916,sp_fef06587fead,CONTROLLED,"land inside the Portuguese safe interior (v3); 18.66 of 18.66 km2 of the hex's canonical land, largest unioned share",,,,,,,INSERTED,promo_b68466ea22a9,12.33
TERRESTRIAL_HEX,h6000_q-000608_r+000917,sp_fef06587fead,CONTROLLED,"land inside the Portuguese safe interior (v3); 18.64 of 18.64 km2 of the hex's canonical land, largest unioned share",,,,,,,INSERTED,promo_b68466ea22a9,12.33
TERRESTRIAL_HEX,h6000_q-000608_r+000918,sp_fef06587fead,CONTROLLED,"land inside the Portuguese safe interior (v3); 18.63 of 18.63 km2 of the hex's canonical land, largest unioned share",,,,,,,INSERTED,promo_b68466ea22a9,12.33
TERRESTRIAL_HEX,h6000_q-000608_r+000919,sp_fef06587fead,CONTROLLED,"land inside the Portuguese safe interior (v3); 18.61 of 18.61 km2 of the hex's canonical land, largest unioned share",,,,,,,INSERTED,promo_b68466ea22a9,12.33
TERRESTRIAL_HEX,h6000_q-000608_r+000920,sp_fef06587fead,CONTROLLED,"land inside the Portuguese safe interior (v3); 18.59 of 18.59 km2 of the hex's canonical land, largest unioned share",,,,,,,INSERTED,promo_b68466ea22a9,12.33
TERRESTRIAL_HEX,h6000_q-000608_r+000921,sp_fef06587fead,CONTROLLED,"land inside the Portuguese safe interior (v3); 18.57 of 18.57 km2 of the hex's canonical land, largest unioned share",,,,,,,INSERTED,promo_b68466ea22a9,12.33
TERRESTRIAL_HEX,h6000_q-000608_r+000922,sp_fef06587fead,CONTROLLED,"land inside the Portuguese safe interior (v3); 18.55 of 18.55 km2 of the hex's canonical land, largest unioned share",,,,,,,INSERTED,promo_b68466ea22a9,12.33
TERRESTRIAL_HEX,h6000_q-000608_r+000923,sp_fef06587fead,CONTROLLED,"land inside the Portuguese safe interior (v3); 18.53 of 18.53 km2 of the hex's canonical land, largest unioned share",,,,,,,INSERTED,promo_b68466ea22a9,12.33
TERRESTRIAL_HEX,h6000_q-000608_r+000924,sp_fef06587fead,CONTROLLED,"land inside the Portuguese safe interior (v3); 18.51 of 18.51 km2 of the hex's canonical land, largest unioned share",,,,,,,INSERTED,promo_b68466ea22a9,12.33
TERRESTRIAL_HEX,h6000_q-000608_r+000925,sp_fef06587fead,CONTROLLED,"land inside the Portuguese safe interior (v3); 12.57 of 18.49 km2 of the hex's canonical land, largest unioned share",,,,,,,INSERTED,promo_b68466ea22a9,12.33
TERRESTRIAL_HEX,h6000_q-000609_r+000903,sp_fef06587fead,CONTROLLED,"land inside the Portuguese safe interior (v3); 18.91 of 18.91 km2 of the hex's canonical land, largest unioned share",,,,,,,INSERTED,promo_b68466ea22a9,12.33
TERRESTRIAL_HEX,h6000_q-000609_r+000904,sp_fef06587fead,CONTROLLED,"land inside the Portuguese safe interior (v3); 18.89 of 18.89 km2 of the hex's canonical land, largest unioned share",,,,,,,INSERTED,promo_b68466ea22a9,12.33
TERRESTRIAL_HEX,h6000_q-000609_r+000905,sp_fef06587fead,CONTROLLED,"land inside the Portuguese safe interior (v3); 18.87 of 18.87 km2 of the hex's canonical land, largest unioned share",,,,,,,INSERTED,promo_b68466ea22a9,12.33
TERRESTRIAL_HEX,h6000_q-000609_r+000906,sp_fef06587fead,CONTROLLED,"land inside the Portuguese safe interior (v3); 18.85 of 18.85 km2 of the hex's canonical land, largest unioned share",,,,,,,INSERTED,promo_b68466ea22a9,12.33
TERRESTRIAL_HEX,h6000_q-000609_r+000907,sp_fef06587fead,CONTROLLED,"land inside the Portuguese safe interior (v3); 18.84 of 18.84 km2 of the hex's canonical land, largest unioned share",,,,,,,INSERTED,promo_b68466ea22a9,12.33
TERRESTRIAL_HEX,h6000_q-000609_r+000908,sp_fef06587fead,CONTROLLED,"land inside the Portuguese safe interior (v3); 18.82 of 18.82 km2 of the hex's canonical land, largest unioned share",,,,,,,INSERTED,promo_b68466ea22a9,12.33
TERRESTRIAL_HEX,h6000_q-000609_r+000909,sp_fef06587fead,CONTROLLED,"land inside the Portuguese safe interior (v3); 18.80 of 18.80 km2 of the hex's canonical land, largest unioned share",,,,,,,INSERTED,promo_b68466ea22a9,12.33
TERRESTRIAL_HEX,h6000_q-000609_r+000910,sp_fef06587fead,CONTROLLED,"land inside the Portuguese safe interior (v3); 18.78 of 18.78 km2 of the hex's canonical land, largest unioned share",,,,,,,INSERTED,promo_b68466ea22a9,12.33
TERRESTRIAL_HEX,h6000_q-000609_r+000911,sp_fef06587fead,CONTROLLED,"land inside the Portuguese safe interior (v3); 18.76 of 18.76 km2 of the hex's canonical land, largest unioned share",,,,,,,INSERTED,promo_b68466ea22a9,12.33
TERRESTRIAL_HEX,h6000_q-000609_r+000912,sp_fef06587fead,CONTROLLED,"land inside the Portuguese safe interior (v3); 18.74 of 18.74 km2 of the hex's canonical land, largest unioned share",,,,,,,INSERTED,promo_b68466ea22a9,12.33
TERRESTRIAL_HEX,h6000_q-000609_r+000913,sp_fef06587fead,CONTROLLED,"land inside the Portuguese safe interior (v3); 18.72 of 18.72 km2 of the hex's canonical land, largest unioned share",,,,,,,INSERTED,promo_b68466ea22a9,12.33
TERRESTRIAL_HEX,h6000_q-000609_r+000914,sp_fef06587fead,CONTROLLED,"land inside the Portuguese safe interior (v3); 18.70 of 18.70 km2 of the hex's canonical land, largest unioned share",,,,,,,INSERTED,promo_b68466ea22a9,12.33
TERRESTRIAL_HEX,h6000_q-000609_r+000915,sp_fef06587fead,CONTROLLED,"land inside the Portuguese safe interior (v3); 18.68 of 18.68 km2 of the hex's canonical land, largest unioned share",,,,,,,INSERTED,promo_b68466ea22a9,12.33
TERRESTRIAL_HEX,h6000_q-000609_r+000916,sp_fef06587fead,CONTROLLED,"land inside the Portuguese safe interior (v3); 18.66 of 18.66 km2 of the hex's canonical land, largest unioned share",,,,,,,INSERTED,promo_b68466ea22a9,12.33
TERRESTRIAL_HEX,h6000_q-000609_r+000917,sp_fef06587fead,CONTROLLED,"land inside the Portuguese safe interior (v3); 18.64 of 18.64 km2 of the hex's canonical land, largest unioned share",,,,,,,INSERTED,promo_b68466ea22a9,12.33
TERRESTRIAL_HEX,h6000_q-000609_r+000918,sp_fef06587fead,CONTROLLED,"land inside the Portuguese safe interior (v3); 18.63 of 18.63 km2 of the hex's canonical land, largest unioned share",,,,,,,INSERTED,promo_b68466ea22a9,12.33
TERRESTRIAL_HEX,h6000_q-000609_r+000919,sp_fef06587fead,CONTROLLED,"land inside the Portuguese safe interior (v3); 18.61 of 18.61 km2 of the hex's canonical land, largest unioned share",,,,,,,INSERTED,promo_b68466ea22a9,12.33
TERRESTRIAL_HEX,h6000_q-000609_r+000920,sp_fef06587fead,CONTROLLED,"land inside the Portuguese safe interior (v3); 18.59 of 18.59 km2 of the hex's canonical land, largest unioned share",,,,,,,INSERTED,promo_b68466ea22a9,12.33
TERRESTRIAL_HEX,h6000_q-000609_r+000921,sp_fef06587fead,CONTROLLED,"land inside the Portuguese safe interior (v3); 18.57 of 18.57 km2 of the hex's canonical land, largest unioned share",,,,,,,INSERTED,promo_b68466ea22a9,12.33
TERRESTRIAL_HEX,h6000_q-000609_r+000922,sp_fef06587fead,CONTROLLED,"land inside the Portuguese safe interior (v3); 18.55 of 18.55 km2 of the hex's canonical land, largest unioned share",,,,,,,INSERTED,promo_b68466ea22a9,12.33
TERRESTRIAL_HEX,h6000_q-000609_r+000923,sp_fef06587fead,CONTROLLED,"land inside the Portuguese safe interior (v3); 18.53 of 18.53 km2 of the hex's canonical land, largest unioned share",,,,,,,INSERTED,promo_b68466ea22a9,12.33
TERRESTRIAL_HEX,h6000_q-000609_r+000924,sp_fef06587fead,CONTROLLED,"land inside the Portuguese safe interior (v3); 18.51 of 18.51 km2 of the hex's canonical land, largest unioned share",,,,,,,INSERTED,promo_b68466ea22a9,12.33
TERRESTRIAL_HEX,h6000_q-000609_r+000925,sp_fef06587fead,CONTROLLED,"land inside the Portuguese safe interior (v3); 11.86 of 18.49 km2 of the hex's canonical land, largest unioned share",,,,,,,INSERTED,promo_b68466ea22a9,12.33
TERRESTRIAL_HEX,h6000_q-000609_r+000955,sp_fef06587fead,CONTROLLED,"land inside the Portuguese safe interior (v3); 15.42 of 17.92 km2 of the hex's canonical land, largest unioned share",,,,,,,INSERTED,promo_b68466ea22a9,12.33
TERRESTRIAL_HEX,h6000_q-000609_r+000956,sp_fef06587fead,CONTROLLED,"land inside the Portuguese safe interior (v3); 9.09 of 17.90 km2 of the hex's canonical land, largest unioned share",,,,,,,INSERTED,promo_b68466ea22a9,12.33
TERRESTRIAL_HEX,h6000_q-000609_r+000957,sp_fef06587fead,CONTROLLED,"land inside the Portuguese safe interior (v3); 1.06 of 17.88 km2 of the hex's canonical land, largest unioned share",,,,,,,INSERTED,promo_b68466ea22a9,12.33
TERRESTRIAL_HEX,h6000_q-000610_r+000903,sp_fef06587fead,CONTROLLED,"land inside the Portuguese safe interior (v3); 18.91 of 18.91 km2 of the hex's canonical land, largest unioned share",,,,,,,INSERTED,promo_b68466ea22a9,12.33
TERRESTRIAL_HEX,h6000_q-000610_r+000904,sp_fef06587fead,CONTROLLED,"land inside the Portuguese safe interior (v3); 18.89 of 18.89 km2 of the hex's canonical land, largest unioned share",,,,,,,INSERTED,promo_b68466ea22a9,12.33
TERRESTRIAL_HEX,h6000_q-000610_r+000905,sp_fef06587fead,CONTROLLED,"land inside the Portuguese safe interior (v3); 18.87 of 18.87 km2 of the hex's canonical land, largest unioned share",,,,,,,INSERTED,promo_b68466ea22a9,12.33
TERRESTRIAL_HEX,h6000_q-000610_r+000906,sp_fef06587fead,CONTROLLED,"land inside the Portuguese safe interior (v3); 18.85 of 18.85 km2 of the hex's canonical land, largest unioned share",,,,,,,INSERTED,promo_b68466ea22a9,12.33
TERRESTRIAL_HEX,h6000_q-000610_r+000907,sp_fef06587fead,CONTROLLED,"land inside the Portuguese safe interior (v3); 18.84 of 18.84 km2 of the hex's canonical land, largest unioned share",,,,,,,INSERTED,promo_b68466ea22a9,12.33
TERRESTRIAL_HEX,h6000_q-000610_r+000908,sp_fef06587fead,CONTROLLED,"land inside the Portuguese safe interior (v3); 18.82 of 18.82 km2 of the hex's canonical land, largest unioned share",,,,,,,INSERTED,promo_b68466ea22a9,12.33
TERRESTRIAL_HEX,h6000_q-000610_r+000909,sp_fef06587fead,CONTROLLED,"land inside the Portuguese safe interior (v3); 18.80 of 18.80 km2 of the hex's canonical land, largest unioned share",,,,,,,INSERTED,promo_b68466ea22a9,12.33
TERRESTRIAL_HEX,h6000_q-000610_r+000910,sp_fef06587fead,CONTROLLED,"land inside the Portuguese safe interior (v3); 18.78 of 18.78 km2 of the hex's canonical land, largest unioned share",,,,,,,INSERTED,promo_b68466ea22a9,12.33
TERRESTRIAL_HEX,h6000_q-000610_r+000911,sp_fef06587fead,CONTROLLED,"land inside the Portuguese safe interior (v3); 18.76 of 18.76 km2 of the hex's canonical land, largest unioned share",,,,,,,INSERTED,promo_b68466ea22a9,12.33
TERRESTRIAL_HEX,h6000_q-000610_r+000912,sp_fef06587fead,CONTROLLED,"land inside the Portuguese safe interior (v3); 18.74 of 18.74 km2 of the hex's canonical land, largest unioned share",,,,,,,INSERTED,promo_b68466ea22a9,12.33
TERRESTRIAL_HEX,h6000_q-000610_r+000913,sp_fef06587fead,CONTROLLED,"land inside the Portuguese safe interior (v3); 18.72 of 18.72 km2 of the hex's canonical land, largest unioned share",,,,,,,INSERTED,promo_b68466ea22a9,12.33
TERRESTRIAL_HEX,h6000_q-000610_r+000914,sp_fef06587fead,CONTROLLED,"land inside the Portuguese safe interior (v3); 18.70 of 18.70 km2 of the hex's canonical land, largest unioned share",,,,,,,INSERTED,promo_b68466ea22a9,12.33
TERRESTRIAL_HEX,h6000_q-000610_r+000915,sp_fef06587fead,CONTROLLED,"land inside the Portuguese safe interior (v3); 18.68 of 18.68 km2 of the hex's canonical land, largest unioned share",,,,,,,INSERTED,promo_b68466ea22a9,12.33
TERRESTRIAL_HEX,h6000_q-000610_r+000916,sp_fef06587fead,CONTROLLED,"land inside the Portuguese safe interior (v3); 18.66 of 18.66 km2 of the hex's canonical land, largest unioned share",,,,,,,INSERTED,promo_b68466ea22a9,12.33
TERRESTRIAL_HEX,h6000_q-000610_r+000917,sp_fef06587fead,CONTROLLED,"land inside the Portuguese safe interior (v3); 18.64 of 18.64 km2 of the hex's canonical land, largest unioned share",,,,,,,INSERTED,promo_b68466ea22a9,12.33
TERRESTRIAL_HEX,h6000_q-000610_r+000918,sp_fef06587fead,CONTROLLED,"land inside the Portuguese safe interior (v3); 18.63 of 18.63 km2 of the hex's canonical land, largest unioned share",,,,,,,INSERTED,promo_b68466ea22a9,12.33
TERRESTRIAL_HEX,h6000_q-000610_r+000919,sp_fef06587fead,CONTROLLED,"land inside the Portuguese safe interior (v3); 18.61 of 18.61 km2 of the hex's canonical land, largest unioned share",,,,,,,INSERTED,promo_b68466ea22a9,12.33
TERRESTRIAL_HEX,h6000_q-000610_r+000920,sp_fef06587fead,CONTROLLED,"land inside the Portuguese safe interior (v3); 18.59 of 18.59 km2 of the hex's canonical land, largest unioned share",,,,,,,INSERTED,promo_b68466ea22a9,12.33
TERRESTRIAL_HEX,h6000_q-000610_r+000921,sp_fef06587fead,CONTROLLED,"land inside the Portuguese safe interior (v3); 18.57 of 18.57 km2 of the hex's canonical land, largest unioned share",,,,,,,INSERTED,promo_b68466ea22a9,12.33
TERRESTRIAL_HEX,h6000_q-000610_r+000922,sp_fef06587fead,CONTROLLED,"land inside the Portuguese safe interior (v3); 18.55 of 18.55 km2 of the hex's canonical land, largest unioned share",,,,,,,INSERTED,promo_b68466ea22a9,12.33
TERRESTRIAL_HEX,h6000_q-000610_r+000923,sp_fef06587fead,CONTROLLED,"land inside the Portuguese safe interior (v3); 18.53 of 18.53 km2 of the hex's canonical land, largest unioned share",,,,,,,INSERTED,promo_b68466ea22a9,12.33
TERRESTRIAL_HEX,h6000_q-000610_r+000924,sp_fef06587fead,CONTROLLED,"land inside the Portuguese safe interior (v3); 18.51 of 18.51 km2 of the hex's canonical land, largest unioned share",,,,,,,INSERTED,promo_b68466ea22a9,12.33
TERRESTRIAL_HEX,h6000_q-000610_r+000925,sp_fef06587fead,CONTROLLED,"land inside the Portuguese safe interior (v3); 10.68 of 18.49 km2 of the hex's canonical land, largest unioned share",,,,,,,INSERTED,promo_b68466ea22a9,12.33
TERRESTRIAL_HEX,h6000_q-000610_r+000955,sp_fef06587fead,CONTROLLED,"land inside the Portuguese safe interior (v3); 2.95 of 17.92 km2 of the hex's canonical land, largest unioned share",,,,,,,INSERTED,promo_b68466ea22a9,12.33
TERRESTRIAL_HEX,h6000_q-000610_r+000956,sp_fef06587fead,CONTROLLED,"land inside the Portuguese safe interior (v3); 17.90 of 17.90 km2 of the hex's canonical land, largest unioned share",,,,,,,INSERTED,promo_b68466ea22a9,12.33
TERRESTRIAL_HEX,h6000_q-000610_r+000957,sp_fef06587fead,CONTROLLED,"land inside the Portuguese safe interior (v3); 17.52 of 17.88 km2 of the hex's canonical land, largest unioned share",,,,,,,INSERTED,promo_b68466ea22a9,12.33
TERRESTRIAL_HEX,h6000_q-000610_r+000958,sp_fef06587fead,CONTROLLED,"land inside the Portuguese safe interior (v3); 0.92 of 17.87 km2 of the hex's canonical land, largest unioned share",,,,,,,INSERTED,promo_b68466ea22a9,12.33
TERRESTRIAL_HEX,h6000_q-000611_r+000904,sp_fef06587fead,CONTROLLED,"land inside the Portuguese safe interior (v3); 18.89 of 18.89 km2 of the hex's canonical land, largest unioned share",,,,,,,INSERTED,promo_b68466ea22a9,12.33
TERRESTRIAL_HEX,h6000_q-000611_r+000905,sp_fef06587fead,CONTROLLED,"land inside the Portuguese safe interior (v3); 18.87 of 18.87 km2 of the hex's canonical land, largest unioned share",,,,,,,INSERTED,promo_b68466ea22a9,12.33
TERRESTRIAL_HEX,h6000_q-000611_r+000906,sp_fef06587fead,CONTROLLED,"land inside the Portuguese safe interior (v3); 18.85 of 18.85 km2 of the hex's canonical land, largest unioned share",,,,,,,INSERTED,promo_b68466ea22a9,12.33
TERRESTRIAL_HEX,h6000_q-000611_r+000907,sp_fef06587fead,CONTROLLED,"land inside the Portuguese safe interior (v3); 18.84 of 18.84 km2 of the hex's canonical land, largest unioned share",,,,,,,INSERTED,promo_b68466ea22a9,12.33
TERRESTRIAL_HEX,h6000_q-000611_r+000908,sp_fef06587fead,CONTROLLED,"land inside the Portuguese safe interior (v3); 18.82 of 18.82 km2 of the hex's canonical land, largest unioned share",,,,,,,INSERTED,promo_b68466ea22a9,12.33
TERRESTRIAL_HEX,h6000_q-000611_r+000909,sp_fef06587fead,CONTROLLED,"land inside the Portuguese safe interior (v3); 18.80 of 18.80 km2 of the hex's canonical land, largest unioned share",,,,,,,INSERTED,promo_b68466ea22a9,12.33
TERRESTRIAL_HEX,h6000_q-000611_r+000910,sp_fef06587fead,CONTROLLED,"land inside the Portuguese safe interior (v3); 18.78 of 18.78 km2 of the hex's canonical land, largest unioned share",,,,,,,INSERTED,promo_b68466ea22a9,12.33
TERRESTRIAL_HEX,h6000_q-000611_r+000911,sp_fef06587fead,CONTROLLED,"land inside the Portuguese safe interior (v3); 18.76 of 18.76 km2 of the hex's canonical land, largest unioned share",,,,,,,INSERTED,promo_b68466ea22a9,12.33
TERRESTRIAL_HEX,h6000_q-000611_r+000912,sp_fef06587fead,CONTROLLED,"land inside the Portuguese safe interior (v3); 18.74 of 18.74 km2 of the hex's canonical land, largest unioned share",,,,,,,INSERTED,promo_b68466ea22a9,12.33
TERRESTRIAL_HEX,h6000_q-000611_r+000913,sp_fef06587fead,CONTROLLED,"land inside the Portuguese safe interior (v3); 18.72 of 18.72 km2 of the hex's canonical land, largest unioned share",,,,,,,INSERTED,promo_b68466ea22a9,12.33
TERRESTRIAL_HEX,h6000_q-000611_r+000914,sp_fef06587fead,CONTROLLED,"land inside the Portuguese safe interior (v3); 18.70 of 18.70 km2 of the hex's canonical land, largest unioned share",,,,,,,INSERTED,promo_b68466ea22a9,12.33
TERRESTRIAL_HEX,h6000_q-000611_r+000915,sp_fef06587fead,CONTROLLED,"land inside the Portuguese safe interior (v3); 18.68 of 18.68 km2 of the hex's canonical land, largest unioned share",,,,,,,INSERTED,promo_b68466ea22a9,12.33
TERRESTRIAL_HEX,h6000_q-000611_r+000916,sp_fef06587fead,CONTROLLED,"land inside the Portuguese safe interior (v3); 18.66 of 18.66 km2 of the hex's canonical land, largest unioned share",,,,,,,INSERTED,promo_b68466ea22a9,12.33
TERRESTRIAL_HEX,h6000_q-000611_r+000917,sp_fef06587fead,CONTROLLED,"land inside the Portuguese safe interior (v3); 18.64 of 18.64 km2 of the hex's canonical land, largest unioned share",,,,,,,INSERTED,promo_b68466ea22a9,12.33
TERRESTRIAL_HEX,h6000_q-000611_r+000918,sp_fef06587fead,CONTROLLED,"land inside the Portuguese safe interior (v3); 18.63 of 18.63 km2 of the hex's canonical land, largest unioned share",,,,,,,INSERTED,promo_b68466ea22a9,12.33
TERRESTRIAL_HEX,h6000_q-000611_r+000919,sp_fef06587fead,CONTROLLED,"land inside the Portuguese safe interior (v3); 18.61 of 18.61 km2 of the hex's canonical land, largest unioned share",,,,,,,INSERTED,promo_b68466ea22a9,12.33
TERRESTRIAL_HEX,h6000_q-000611_r+000920,sp_fef06587fead,CONTROLLED,"land inside the Portuguese safe interior (v3); 18.59 of 18.59 km2 of the hex's canonical land, largest unioned share",,,,,,,INSERTED,promo_b68466ea22a9,12.33
TERRESTRIAL_HEX,h6000_q-000611_r+000921,sp_fef06587fead,CONTROLLED,"land inside the Portuguese safe interior (v3); 18.57 of 18.57 km2 of the hex's canonical land, largest unioned share",,,,,,,INSERTED,promo_b68466ea22a9,12.33
TERRESTRIAL_HEX,h6000_q-000611_r+000922,sp_fef06587fead,CONTROLLED,"land inside the Portuguese safe interior (v3); 18.55 of 18.55 km2 of the hex's canonical land, largest unioned share",,,,,,,INSERTED,promo_b68466ea22a9,12.33
TERRESTRIAL_HEX,h6000_q-000611_r+000923,sp_fef06587fead,CONTROLLED,"land inside the Portuguese safe interior (v3); 18.53 of 18.53 km2 of the hex's canonical land, largest unioned share",,,,,,,INSERTED,promo_b68466ea22a9,12.33
TERRESTRIAL_HEX,h6000_q-000611_r+000924,sp_fef06587fead,CONTROLLED,"land inside the Portuguese safe interior (v3); 18.51 of 18.51 km2 of the hex's canonical land, largest unioned share",,,,,,,INSERTED,promo_b68466ea22a9,12.33
TERRESTRIAL_HEX,h6000_q-000611_r+000925,sp_fef06587fead,CONTROLLED,"land inside the Portuguese safe interior (v3); 9.63 of 18.49 km2 of the hex's canonical land, largest unioned share",,,,,,,INSERTED,promo_b68466ea22a9,12.33
TERRESTRIAL_HEX,h6000_q-000611_r+000956,sp_fef06587fead,CONTROLLED,"land inside the Portuguese safe interior (v3); 5.58 of 17.90 km2 of the hex's canonical land, largest unioned share",,,,,,,INSERTED,promo_b68466ea22a9,12.33
TERRESTRIAL_HEX,h6000_q-000611_r+000957,sp_fef06587fead,CONTROLLED,"land inside the Portuguese safe interior (v3); 17.88 of 17.88 km2 of the hex's canonical land, largest unioned share",,,,,,,INSERTED,promo_b68466ea22a9,12.33
TERRESTRIAL_HEX,h6000_q-000611_r+000958,sp_fef06587fead,CONTROLLED,"land inside the Portuguese safe interior (v3); 17.41 of 17.87 km2 of the hex's canonical land, largest unioned share",,,,,,,INSERTED,promo_b68466ea22a9,12.33
TERRESTRIAL_HEX,h6000_q-000611_r+000959,sp_fef06587fead,CONTROLLED,"land inside the Portuguese safe interior (v3); 2.53 of 17.85 km2 of the hex's canonical land, largest unioned share",,,,,,,INSERTED,promo_b68466ea22a9,12.33
TERRESTRIAL_HEX,h6000_q-000612_r+000905,sp_fef06587fead,CONTROLLED,"land inside the Portuguese safe interior (v3); 18.87 of 18.87 km2 of the hex's canonical land, largest unioned share",,,,,,,INSERTED,promo_b68466ea22a9,12.33
TERRESTRIAL_HEX,h6000_q-000612_r+000906,sp_fef06587fead,CONTROLLED,"land inside the Portuguese safe interior (v3); 18.85 of 18.85 km2 of the hex's canonical land, largest unioned share",,,,,,,INSERTED,promo_b68466ea22a9,12.33
TERRESTRIAL_HEX,h6000_q-000612_r+000907,sp_fef06587fead,CONTROLLED,"land inside the Portuguese safe interior (v3); 18.84 of 18.84 km2 of the hex's canonical land, largest unioned share",,,,,,,INSERTED,promo_b68466ea22a9,12.33
TERRESTRIAL_HEX,h6000_q-000612_r+000908,sp_fef06587fead,CONTROLLED,"land inside the Portuguese safe interior (v3); 18.82 of 18.82 km2 of the hex's canonical land, largest unioned share",,,,,,,INSERTED,promo_b68466ea22a9,12.33
TERRESTRIAL_HEX,h6000_q-000612_r+000909,sp_fef06587fead,CONTROLLED,"land inside the Portuguese safe interior (v3); 18.80 of 18.80 km2 of the hex's canonical land, largest unioned share",,,,,,,INSERTED,promo_b68466ea22a9,12.33
TERRESTRIAL_HEX,h6000_q-000612_r+000910,sp_fef06587fead,CONTROLLED,"land inside the Portuguese safe interior (v3); 18.78 of 18.78 km2 of the hex's canonical land, largest unioned share",,,,,,,INSERTED,promo_b68466ea22a9,12.33
TERRESTRIAL_HEX,h6000_q-000612_r+000911,sp_fef06587fead,CONTROLLED,"land inside the Portuguese safe interior (v3); 18.76 of 18.76 km2 of the hex's canonical land, largest unioned share",,,,,,,INSERTED,promo_b68466ea22a9,12.33
TERRESTRIAL_HEX,h6000_q-000612_r+000912,sp_fef06587fead,CONTROLLED,"land inside the Portuguese safe interior (v3); 18.74 of 18.74 km2 of the hex's canonical land, largest unioned share",,,,,,,INSERTED,promo_b68466ea22a9,12.33
TERRESTRIAL_HEX,h6000_q-000612_r+000913,sp_fef06587fead,CONTROLLED,"land inside the Portuguese safe interior (v3); 18.72 of 18.72 km2 of the hex's canonical land, largest unioned share",,,,,,,INSERTED,promo_b68466ea22a9,12.33
TERRESTRIAL_HEX,h6000_q-000612_r+000914,sp_fef06587fead,CONTROLLED,"land inside the Portuguese safe interior (v3); 18.70 of 18.70 km2 of the hex's canonical land, largest unioned share",,,,,,,INSERTED,promo_b68466ea22a9,12.33
TERRESTRIAL_HEX,h6000_q-000612_r+000915,sp_fef06587fead,CONTROLLED,"land inside the Portuguese safe interior (v3); 18.68 of 18.68 km2 of the hex's canonical land, largest unioned share",,,,,,,INSERTED,promo_b68466ea22a9,12.33
TERRESTRIAL_HEX,h6000_q-000612_r+000916,sp_fef06587fead,CONTROLLED,"land inside the Portuguese safe interior (v3); 18.66 of 18.66 km2 of the hex's canonical land, largest unioned share",,,,,,,INSERTED,promo_b68466ea22a9,12.33
TERRESTRIAL_HEX,h6000_q-000612_r+000917,sp_fef06587fead,CONTROLLED,"land inside the Portuguese safe interior (v3); 18.64 of 18.64 km2 of the hex's canonical land, largest unioned share",,,,,,,INSERTED,promo_b68466ea22a9,12.33
TERRESTRIAL_HEX,h6000_q-000612_r+000918,sp_fef06587fead,CONTROLLED,"land inside the Portuguese safe interior (v3); 18.63 of 18.63 km2 of the hex's canonical land, largest unioned share",,,,,,,INSERTED,promo_b68466ea22a9,12.33
TERRESTRIAL_HEX,h6000_q-000612_r+000919,sp_fef06587fead,CONTROLLED,"land inside the Portuguese safe interior (v3); 18.61 of 18.61 km2 of the hex's canonical land, largest unioned share",,,,,,,INSERTED,promo_b68466ea22a9,12.33
TERRESTRIAL_HEX,h6000_q-000612_r+000920,sp_fef06587fead,CONTROLLED,"land inside the Portuguese safe interior (v3); 18.59 of 18.59 km2 of the hex's canonical land, largest unioned share",,,,,,,INSERTED,promo_b68466ea22a9,12.33
TERRESTRIAL_HEX,h6000_q-000612_r+000921,sp_fef06587fead,CONTROLLED,"land inside the Portuguese safe interior (v3); 18.57 of 18.57 km2 of the hex's canonical land, largest unioned share",,,,,,,INSERTED,promo_b68466ea22a9,12.33
TERRESTRIAL_HEX,h6000_q-000612_r+000922,sp_fef06587fead,CONTROLLED,"land inside the Portuguese safe interior (v3); 18.55 of 18.55 km2 of the hex's canonical land, largest unioned share",,,,,,,INSERTED,promo_b68466ea22a9,12.33
TERRESTRIAL_HEX,h6000_q-000612_r+000923,sp_fef06587fead,CONTROLLED,"land inside the Portuguese safe interior (v3); 18.53 of 18.53 km2 of the hex's canonical land, largest unioned share",,,,,,,INSERTED,promo_b68466ea22a9,12.33
TERRESTRIAL_HEX,h6000_q-000612_r+000924,sp_fef06587fead,CONTROLLED,"land inside the Portuguese safe interior (v3); 18.51 of 18.51 km2 of the hex's canonical land, largest unioned share",,,,,,,INSERTED,promo_b68466ea22a9,12.33
TERRESTRIAL_HEX,h6000_q-000612_r+000925,sp_fef06587fead,CONTROLLED,"land inside the Portuguese safe interior (v3); 9.17 of 18.49 km2 of the hex's canonical land, largest unioned share",,,,,,,INSERTED,promo_b68466ea22a9,12.33
TERRESTRIAL_HEX,h6000_q-000612_r+000957,sp_fef06587fead,CONTROLLED,"land inside the Portuguese safe interior (v3); 12.83 of 17.88 km2 of the hex's canonical land, largest unioned share",,,,,,,INSERTED,promo_b68466ea22a9,12.33
TERRESTRIAL_HEX,h6000_q-000612_r+000958,sp_fef06587fead,CONTROLLED,"land inside the Portuguese safe interior (v3); 17.87 of 17.87 km2 of the hex's canonical land, largest unioned share",,,,,,,INSERTED,promo_b68466ea22a9,12.33
TERRESTRIAL_HEX,h6000_q-000612_r+000959,sp_fef06587fead,CONTROLLED,"land inside the Portuguese safe interior (v3); 17.85 of 17.85 km2 of the hex's canonical land, largest unioned share",,,,,,,INSERTED,promo_b68466ea22a9,12.33
TERRESTRIAL_HEX,h6000_q-000613_r+000905,sp_fef06587fead,CONTROLLED,"land inside the Portuguese safe interior (v3); 18.87 of 18.87 km2 of the hex's canonical land, largest unioned share",,,,,,,INSERTED,promo_b68466ea22a9,12.33
TERRESTRIAL_HEX,h6000_q-000613_r+000906,sp_fef06587fead,CONTROLLED,"land inside the Portuguese safe interior (v3); 18.79 of 18.85 km2 of the hex's canonical land, largest unioned share",,,,,,,INSERTED,promo_b68466ea22a9,12.33
TERRESTRIAL_HEX,h6000_q-000613_r+000907,sp_fef06587fead,CONTROLLED,"land inside the Portuguese safe interior (v3); 16.95 of 18.84 km2 of the hex's canonical land, largest unioned share",,,,,,,INSERTED,promo_b68466ea22a9,12.33
TERRESTRIAL_HEX,h6000_q-000613_r+000908,sp_fef06587fead,CONTROLLED,"land inside the Portuguese safe interior (v3); 18.01 of 18.82 km2 of the hex's canonical land, largest unioned share",,,,,,,INSERTED,promo_b68466ea22a9,12.33
TERRESTRIAL_HEX,h6000_q-000613_r+000909,sp_fef06587fead,CONTROLLED,"land inside the Portuguese safe interior (v3); 18.80 of 18.80 km2 of the hex's canonical land, largest unioned share",,,,,,,INSERTED,promo_b68466ea22a9,12.33
TERRESTRIAL_HEX,h6000_q-000613_r+000910,sp_fef06587fead,CONTROLLED,"land inside the Portuguese safe interior (v3); 18.78 of 18.78 km2 of the hex's canonical land, largest unioned share",,,,,,,INSERTED,promo_b68466ea22a9,12.33
TERRESTRIAL_HEX,h6000_q-000613_r+000911,sp_fef06587fead,CONTROLLED,"land inside the Portuguese safe interior (v3); 18.76 of 18.76 km2 of the hex's canonical land, largest unioned share",,,,,,,INSERTED,promo_b68466ea22a9,12.33
TERRESTRIAL_HEX,h6000_q-000613_r+000912,sp_fef06587fead,CONTROLLED,"land inside the Portuguese safe interior (v3); 18.74 of 18.74 km2 of the hex's canonical land, largest unioned share",,,,,,,INSERTED,promo_b68466ea22a9,12.33
TERRESTRIAL_HEX,h6000_q-000613_r+000913,sp_fef06587fead,CONTROLLED,"land inside the Portuguese safe interior (v3); 18.72 of 18.72 km2 of the hex's canonical land, largest unioned share",,,,,,,INSERTED,promo_b68466ea22a9,12.33
TERRESTRIAL_HEX,h6000_q-000613_r+000914,sp_fef06587fead,CONTROLLED,"land inside the Portuguese safe interior (v3); 18.70 of 18.70 km2 of the hex's canonical land, largest unioned share",,,,,,,INSERTED,promo_b68466ea22a9,12.33
TERRESTRIAL_HEX,h6000_q-000613_r+000915,sp_fef06587fead,CONTROLLED,"land inside the Portuguese safe interior (v3); 18.68 of 18.68 km2 of the hex's canonical land, largest unioned share",,,,,,,INSERTED,promo_b68466ea22a9,12.33
TERRESTRIAL_HEX,h6000_q-000613_r+000916,sp_fef06587fead,CONTROLLED,"land inside the Portuguese safe interior (v3); 18.66 of 18.66 km2 of the hex's canonical land, largest unioned share",,,,,,,INSERTED,promo_b68466ea22a9,12.33
TERRESTRIAL_HEX,h6000_q-000613_r+000917,sp_fef06587fead,CONTROLLED,"land inside the Portuguese safe interior (v3); 18.64 of 18.64 km2 of the hex's canonical land, largest unioned share",,,,,,,INSERTED,promo_b68466ea22a9,12.33
TERRESTRIAL_HEX,h6000_q-000613_r+000918,sp_fef06587fead,CONTROLLED,"land inside the Portuguese safe interior (v3); 18.63 of 18.63 km2 of the hex's canonical land, largest unioned share",,,,,,,INSERTED,promo_b68466ea22a9,12.33
TERRESTRIAL_HEX,h6000_q-000613_r+000919,sp_fef06587fead,CONTROLLED,"land inside the Portuguese safe interior (v3); 18.61 of 18.61 km2 of the hex's canonical land, largest unioned share",,,,,,,INSERTED,promo_b68466ea22a9,12.33
TERRESTRIAL_HEX,h6000_q-000613_r+000920,sp_fef06587fead,CONTROLLED,"land inside the Portuguese safe interior (v3); 18.59 of 18.59 km2 of the hex's canonical land, largest unioned share",,,,,,,INSERTED,promo_b68466ea22a9,12.33
TERRESTRIAL_HEX,h6000_q-000613_r+000921,sp_fef06587fead,CONTROLLED,"land inside the Portuguese safe interior (v3); 18.57 of 18.57 km2 of the hex's canonical land, largest unioned share",,,,,,,INSERTED,promo_b68466ea22a9,12.33
TERRESTRIAL_HEX,h6000_q-000613_r+000922,sp_fef06587fead,CONTROLLED,"land inside the Portuguese safe interior (v3); 18.55 of 18.55 km2 of the hex's canonical land, largest unioned share",,,,,,,INSERTED,promo_b68466ea22a9,12.33
TERRESTRIAL_HEX,h6000_q-000613_r+000923,sp_fef06587fead,CONTROLLED,"land inside the Portuguese safe interior (v3); 18.53 of 18.53 km2 of the hex's canonical land, largest unioned share",,,,,,,INSERTED,promo_b68466ea22a9,12.33
TERRESTRIAL_HEX,h6000_q-000613_r+000924,sp_fef06587fead,CONTROLLED,"land inside the Portuguese safe interior (v3); 18.51 of 18.51 km2 of the hex's canonical land, largest unioned share",,,,,,,INSERTED,promo_b68466ea22a9,12.33
TERRESTRIAL_HEX,h6000_q-000613_r+000925,sp_fef06587fead,CONTROLLED,"land inside the Portuguese safe interior (v3); 7.75 of 18.49 km2 of the hex's canonical land, largest unioned share",,,,,,,INSERTED,promo_b68466ea22a9,12.33
TERRESTRIAL_HEX,h6000_q-000613_r+000981,sp_fef06587fead,CONTROLLED,"land inside the Portuguese safe interior (v3); 3.97 of 17.43 km2 of the hex's canonical land, largest unioned share",,,,,,,INSERTED,promo_b68466ea22a9,12.33
TERRESTRIAL_HEX,h6000_q-000614_r+000906,sp_fef06587fead,CONTROLLED,"land inside the Portuguese safe interior (v3); 6.29 of 18.85 km2 of the hex's canonical land, largest unioned share",,,,,,,INSERTED,promo_b68466ea22a9,12.33
TERRESTRIAL_HEX,h6000_q-000614_r+000907,sp_fef06587fead,CONTROLLED,"land inside the Portuguese safe interior (v3); 0.72 of 18.84 km2 of the hex's canonical land, largest unioned share",,,,,,,INSERTED,promo_b68466ea22a9,12.33
TERRESTRIAL_HEX,h6000_q-000614_r+000908,sp_fef06587fead,CONTROLLED,"land inside the Portuguese safe interior (v3); 0.18 of 18.82 km2 of the hex's canonical land, largest unioned share",,,,,,,INSERTED,promo_b68466ea22a9,12.33
TERRESTRIAL_HEX,h6000_q-000614_r+000909,sp_fef06587fead,CONTROLLED,"land inside the Portuguese safe interior (v3); 2.99 of 18.80 km2 of the hex's canonical land, largest unioned share",,,,,,,INSERTED,promo_b68466ea22a9,12.33
TERRESTRIAL_HEX,h6000_q-000614_r+000910,sp_fef06587fead,CONTROLLED,"land inside the Portuguese safe interior (v3); 10.60 of 18.78 km2 of the hex's canonical land, largest unioned share",,,,,,,INSERTED,promo_b68466ea22a9,12.33
TERRESTRIAL_HEX,h6000_q-000614_r+000911,sp_fef06587fead,CONTROLLED,"land inside the Portuguese safe interior (v3); 18.76 of 18.76 km2 of the hex's canonical land, largest unioned share",,,,,,,INSERTED,promo_b68466ea22a9,12.33
TERRESTRIAL_HEX,h6000_q-000614_r+000912,sp_fef06587fead,CONTROLLED,"land inside the Portuguese safe interior (v3); 18.74 of 18.74 km2 of the hex's canonical land, largest unioned share",,,,,,,INSERTED,promo_b68466ea22a9,12.33
TERRESTRIAL_HEX,h6000_q-000614_r+000913,sp_fef06587fead,CONTROLLED,"land inside the Portuguese safe interior (v3); 18.72 of 18.72 km2 of the hex's canonical land, largest unioned share",,,,,,,INSERTED,promo_b68466ea22a9,12.33
TERRESTRIAL_HEX,h6000_q-000614_r+000914,sp_fef06587fead,CONTROLLED,"land inside the Portuguese safe interior (v3); 18.70 of 18.70 km2 of the hex's canonical land, largest unioned share",,,,,,,INSERTED,promo_b68466ea22a9,12.33
TERRESTRIAL_HEX,h6000_q-000614_r+000915,sp_fef06587fead,CONTROLLED,"land inside the Portuguese safe interior (v3); 18.68 of 18.68 km2 of the hex's canonical land, largest unioned share",,,,,,,INSERTED,promo_b68466ea22a9,12.33
TERRESTRIAL_HEX,h6000_q-000614_r+000916,sp_fef06587fead,CONTROLLED,"land inside the Portuguese safe interior (v3); 18.66 of 18.66 km2 of the hex's canonical land, largest unioned share",,,,,,,INSERTED,promo_b68466ea22a9,12.33
TERRESTRIAL_HEX,h6000_q-000614_r+000917,sp_fef06587fead,CONTROLLED,"land inside the Portuguese safe interior (v3); 18.64 of 18.64 km2 of the hex's canonical land, largest unioned share",,,,,,,INSERTED,promo_b68466ea22a9,12.33
TERRESTRIAL_HEX,h6000_q-000614_r+000918,sp_fef06587fead,CONTROLLED,"land inside the Portuguese safe interior (v3); 18.63 of 18.63 km2 of the hex's canonical land, largest unioned share",,,,,,,INSERTED,promo_b68466ea22a9,12.33
TERRESTRIAL_HEX,h6000_q-000614_r+000919,sp_fef06587fead,CONTROLLED,"land inside the Portuguese safe interior (v3); 18.61 of 18.61 km2 of the hex's canonical land, largest unioned share",,,,,,,INSERTED,promo_b68466ea22a9,12.33
TERRESTRIAL_HEX,h6000_q-000614_r+000920,sp_fef06587fead,CONTROLLED,"land inside the Portuguese safe interior (v3); 18.59 of 18.59 km2 of the hex's canonical land, largest unioned share",,,,,,,INSERTED,promo_b68466ea22a9,12.33
TERRESTRIAL_HEX,h6000_q-000614_r+000921,sp_fef06587fead,CONTROLLED,"land inside the Portuguese safe interior (v3); 18.57 of 18.57 km2 of the hex's canonical land, largest unioned share",,,,,,,INSERTED,promo_b68466ea22a9,12.33
TERRESTRIAL_HEX,h6000_q-000614_r+000922,sp_fef06587fead,CONTROLLED,"land inside the Portuguese safe interior (v3); 18.55 of 18.55 km2 of the hex's canonical land, largest unioned share",,,,,,,INSERTED,promo_b68466ea22a9,12.33
TERRESTRIAL_HEX,h6000_q-000614_r+000923,sp_fef06587fead,CONTROLLED,"land inside the Portuguese safe interior (v3); 18.53 of 18.53 km2 of the hex's canonical land, largest unioned share",,,,,,,INSERTED,promo_b68466ea22a9,12.33
TERRESTRIAL_HEX,h6000_q-000614_r+000924,sp_fef06587fead,CONTROLLED,"land inside the Portuguese safe interior (v3); 18.51 of 18.51 km2 of the hex's canonical land, largest unioned share",,,,,,,INSERTED,promo_b68466ea22a9,12.33
TERRESTRIAL_HEX,h6000_q-000614_r+000925,sp_fef06587fead,CONTROLLED,"land inside the Portuguese safe interior (v3); 7.32 of 18.49 km2 of the hex's canonical land, largest unioned share",,,,,,,INSERTED,promo_b68466ea22a9,12.33
TERRESTRIAL_HEX,h6000_q-000614_r+000979,sp_fef06587fead,CONTROLLED,"land inside the Portuguese safe interior (v3); 1.77 of 17.47 km2 of the hex's canonical land, largest unioned share",,,,,,,INSERTED,promo_b68466ea22a9,12.33
TERRESTRIAL_HEX,h6000_q-000614_r+000980,sp_fef06587fead,CONTROLLED,"land inside the Portuguese safe interior (v3); 6.64 of 17.45 km2 of the hex's canonical land, largest unioned share",,,,,,,INSERTED,promo_b68466ea22a9,12.33
TERRESTRIAL_HEX,h6000_q-000614_r+000981,sp_fef06587fead,CONTROLLED,"land inside the Portuguese safe interior (v3); 15.45 of 17.43 km2 of the hex's canonical land, largest unioned share",,,,,,,INSERTED,promo_b68466ea22a9,12.33
TERRESTRIAL_HEX,h6000_q-000614_r+000982,sp_fef06587fead,CONTROLLED,"land inside the Portuguese safe interior (v3); 16.03 of 17.42 km2 of the hex's canonical land, largest unioned share",,,,,,,INSERTED,promo_b68466ea22a9,12.33
TERRESTRIAL_HEX,h6000_q-000615_r+000911,sp_fef06587fead,CONTROLLED,"land inside the Portuguese safe interior (v3); 1.79 of 18.76 km2 of the hex's canonical land, largest unioned share",,,,,,,INSERTED,promo_b68466ea22a9,12.33
TERRESTRIAL_HEX,h6000_q-000615_r+000912,sp_fef06587fead,CONTROLLED,"land inside the Portuguese safe interior (v3); 17.46 of 18.74 km2 of the hex's canonical land, largest unioned share",,,,,,,INSERTED,promo_b68466ea22a9,12.33
TERRESTRIAL_HEX,h6000_q-000615_r+000913,sp_fef06587fead,CONTROLLED,"land inside the Portuguese safe interior (v3); 18.72 of 18.72 km2 of the hex's canonical land, largest unioned share",,,,,,,INSERTED,promo_b68466ea22a9,12.33
TERRESTRIAL_HEX,h6000_q-000615_r+000914,sp_fef06587fead,CONTROLLED,"land inside the Portuguese safe interior (v3); 18.70 of 18.70 km2 of the hex's canonical land, largest unioned share",,,,,,,INSERTED,promo_b68466ea22a9,12.33
TERRESTRIAL_HEX,h6000_q-000615_r+000915,sp_fef06587fead,CONTROLLED,"land inside the Portuguese safe interior (v3); 18.68 of 18.68 km2 of the hex's canonical land, largest unioned share",,,,,,,INSERTED,promo_b68466ea22a9,12.33
TERRESTRIAL_HEX,h6000_q-000615_r+000916,sp_fef06587fead,CONTROLLED,"land inside the Portuguese safe interior (v3); 18.66 of 18.66 km2 of the hex's canonical land, largest unioned share",,,,,,,INSERTED,promo_b68466ea22a9,12.33
TERRESTRIAL_HEX,h6000_q-000615_r+000917,sp_fef06587fead,CONTROLLED,"land inside the Portuguese safe interior (v3); 18.64 of 18.64 km2 of the hex's canonical land, largest unioned share",,,,,,,INSERTED,promo_b68466ea22a9,12.33
TERRESTRIAL_HEX,h6000_q-000615_r+000918,sp_fef06587fead,CONTROLLED,"land inside the Portuguese safe interior (v3); 18.63 of 18.63 km2 of the hex's canonical land, largest unioned share",,,,,,,INSERTED,promo_b68466ea22a9,12.33
TERRESTRIAL_HEX,h6000_q-000615_r+000919,sp_fef06587fead,CONTROLLED,"land inside the Portuguese safe interior (v3); 18.61 of 18.61 km2 of the hex's canonical land, largest unioned share",,,,,,,INSERTED,promo_b68466ea22a9,12.33
TERRESTRIAL_HEX,h6000_q-000615_r+000920,sp_fef06587fead,CONTROLLED,"land inside the Portuguese safe interior (v3); 18.59 of 18.59 km2 of the hex's canonical land, largest unioned share",,,,,,,INSERTED,promo_b68466ea22a9,12.33
TERRESTRIAL_HEX,h6000_q-000615_r+000921,sp_fef06587fead,CONTROLLED,"land inside the Portuguese safe interior (v3); 18.57 of 18.57 km2 of the hex's canonical land, largest unioned share",,,,,,,INSERTED,promo_b68466ea22a9,12.33
TERRESTRIAL_HEX,h6000_q-000615_r+000922,sp_fef06587fead,CONTROLLED,"land inside the Portuguese safe interior (v3); 18.55 of 18.55 km2 of the hex's canonical land, largest unioned share",,,,,,,INSERTED,promo_b68466ea22a9,12.33
TERRESTRIAL_HEX,h6000_q-000615_r+000923,sp_fef06587fead,CONTROLLED,"land inside the Portuguese safe interior (v3); 18.53 of 18.53 km2 of the hex's canonical land, largest unioned share",,,,,,,INSERTED,promo_b68466ea22a9,12.33
TERRESTRIAL_HEX,h6000_q-000615_r+000924,sp_fef06587fead,CONTROLLED,"land inside the Portuguese safe interior (v3); 18.51 of 18.51 km2 of the hex's canonical land, largest unioned share",,,,,,,INSERTED,promo_b68466ea22a9,12.33
TERRESTRIAL_HEX,h6000_q-000615_r+000925,sp_fef06587fead,CONTROLLED,"land inside the Portuguese safe interior (v3); 6.37 of 18.49 km2 of the hex's canonical land, largest unioned share",,,,,,,INSERTED,promo_b68466ea22a9,12.33
TERRESTRIAL_HEX,h6000_q-000615_r+000980,sp_fef06587fead,CONTROLLED,"land inside the Portuguese safe interior (v3); 17.45 of 17.45 km2 of the hex's canonical land, largest unioned share",,,,,,,INSERTED,promo_b68466ea22a9,12.33
TERRESTRIAL_HEX,h6000_q-000615_r+000981,sp_fef06587fead,CONTROLLED,"land inside the Portuguese safe interior (v3); 17.43 of 17.43 km2 of the hex's canonical land, largest unioned share",,,,,,,INSERTED,promo_b68466ea22a9,12.33
TERRESTRIAL_HEX,h6000_q-000615_r+000982,sp_fef06587fead,CONTROLLED,"land inside the Portuguese safe interior (v3); 17.42 of 17.42 km2 of the hex's canonical land, largest unioned share",,,,,,,INSERTED,promo_b68466ea22a9,12.33
TERRESTRIAL_HEX,h6000_q-000616_r+000912,sp_fef06587fead,CONTROLLED,"land inside the Portuguese safe interior (v3); 0.31 of 18.74 km2 of the hex's canonical land, largest unioned share",,,,,,,INSERTED,promo_b68466ea22a9,12.33
TERRESTRIAL_HEX,h6000_q-000616_r+000913,sp_fef06587fead,CONTROLLED,"land inside the Portuguese safe interior (v3); 17.97 of 18.72 km2 of the hex's canonical land, largest unioned share",,,,,,,INSERTED,promo_b68466ea22a9,12.33
TERRESTRIAL_HEX,h6000_q-000616_r+000914,sp_fef06587fead,CONTROLLED,"land inside the Portuguese safe interior (v3); 18.70 of 18.70 km2 of the hex's canonical land, largest unioned share",,,,,,,INSERTED,promo_b68466ea22a9,12.33
TERRESTRIAL_HEX,h6000_q-000616_r+000915,sp_fef06587fead,CONTROLLED,"land inside the Portuguese safe interior (v3); 18.68 of 18.68 km2 of the hex's canonical land, largest unioned share",,,,,,,INSERTED,promo_b68466ea22a9,12.33
TERRESTRIAL_HEX,h6000_q-000616_r+000916,sp_fef06587fead,CONTROLLED,"land inside the Portuguese safe interior (v3); 18.66 of 18.66 km2 of the hex's canonical land, largest unioned share",,,,,,,INSERTED,promo_b68466ea22a9,12.33
TERRESTRIAL_HEX,h6000_q-000616_r+000917,sp_fef06587fead,CONTROLLED,"land inside the Portuguese safe interior (v3); 18.64 of 18.64 km2 of the hex's canonical land, largest unioned share",,,,,,,INSERTED,promo_b68466ea22a9,12.33
TERRESTRIAL_HEX,h6000_q-000616_r+000918,sp_fef06587fead,CONTROLLED,"land inside the Portuguese safe interior (v3); 18.63 of 18.63 km2 of the hex's canonical land, largest unioned share",,,,,,,INSERTED,promo_b68466ea22a9,12.33
TERRESTRIAL_HEX,h6000_q-000616_r+000919,sp_fef06587fead,CONTROLLED,"land inside the Portuguese safe interior (v3); 18.61 of 18.61 km2 of the hex's canonical land, largest unioned share",,,,,,,INSERTED,promo_b68466ea22a9,12.33
TERRESTRIAL_HEX,h6000_q-000616_r+000920,sp_fef06587fead,CONTROLLED,"land inside the Portuguese safe interior (v3); 18.59 of 18.59 km2 of the hex's canonical land, largest unioned share",,,,,,,INSERTED,promo_b68466ea22a9,12.33
TERRESTRIAL_HEX,h6000_q-000616_r+000921,sp_fef06587fead,CONTROLLED,"land inside the Portuguese safe interior (v3); 18.57 of 18.57 km2 of the hex's canonical land, largest unioned share",,,,,,,INSERTED,promo_b68466ea22a9,12.33
TERRESTRIAL_HEX,h6000_q-000616_r+000922,sp_fef06587fead,CONTROLLED,"land inside the Portuguese safe interior (v3); 18.55 of 18.55 km2 of the hex's canonical land, largest unioned share",,,,,,,INSERTED,promo_b68466ea22a9,12.33
TERRESTRIAL_HEX,h6000_q-000616_r+000923,sp_fef06587fead,CONTROLLED,"land inside the Portuguese safe interior (v3); 18.53 of 18.53 km2 of the hex's canonical land, largest unioned share",,,,,,,INSERTED,promo_b68466ea22a9,12.33
TERRESTRIAL_HEX,h6000_q-000616_r+000924,sp_fef06587fead,CONTROLLED,"land inside the Portuguese safe interior (v3); 18.51 of 18.51 km2 of the hex's canonical land, largest unioned share",,,,,,,INSERTED,promo_b68466ea22a9,12.33
TERRESTRIAL_HEX,h6000_q-000616_r+000925,sp_fef06587fead,CONTROLLED,"land inside the Portuguese safe interior (v3); 5.36 of 18.49 km2 of the hex's canonical land, largest unioned share",,,,,,,INSERTED,promo_b68466ea22a9,12.33
TERRESTRIAL_HEX,h6000_q-000617_r+000913,sp_fef06587fead,CONTROLLED,"land inside the Portuguese safe interior (v3); 3.76 of 18.72 km2 of the hex's canonical land, largest unioned share",,,,,,,INSERTED,promo_b68466ea22a9,12.33
TERRESTRIAL_HEX,h6000_q-000617_r+000914,sp_fef06587fead,CONTROLLED,"land inside the Portuguese safe interior (v3); 18.70 of 18.70 km2 of the hex's canonical land, largest unioned share",,,,,,,INSERTED,promo_b68466ea22a9,12.33
TERRESTRIAL_HEX,h6000_q-000617_r+000915,sp_fef06587fead,CONTROLLED,"land inside the Portuguese safe interior (v3); 18.68 of 18.68 km2 of the hex's canonical land, largest unioned share",,,,,,,INSERTED,promo_b68466ea22a9,12.33
TERRESTRIAL_HEX,h6000_q-000617_r+000916,sp_fef06587fead,CONTROLLED,"land inside the Portuguese safe interior (v3); 18.66 of 18.66 km2 of the hex's canonical land, largest unioned share",,,,,,,INSERTED,promo_b68466ea22a9,12.33
TERRESTRIAL_HEX,h6000_q-000617_r+000917,sp_fef06587fead,CONTROLLED,"land inside the Portuguese safe interior (v3); 18.64 of 18.64 km2 of the hex's canonical land, largest unioned share",,,,,,,INSERTED,promo_b68466ea22a9,12.33
TERRESTRIAL_HEX,h6000_q-000617_r+000918,sp_fef06587fead,CONTROLLED,"land inside the Portuguese safe interior (v3); 18.63 of 18.63 km2 of the hex's canonical land, largest unioned share",,,,,,,INSERTED,promo_b68466ea22a9,12.33
TERRESTRIAL_HEX,h6000_q-000617_r+000919,sp_fef06587fead,CONTROLLED,"land inside the Portuguese safe interior (v3); 18.61 of 18.61 km2 of the hex's canonical land, largest unioned share",,,,,,,INSERTED,promo_b68466ea22a9,12.33
TERRESTRIAL_HEX,h6000_q-000617_r+000920,sp_fef06587fead,CONTROLLED,"land inside the Portuguese safe interior (v3); 18.59 of 18.59 km2 of the hex's canonical land, largest unioned share",,,,,,,INSERTED,promo_b68466ea22a9,12.33
TERRESTRIAL_HEX,h6000_q-000617_r+000921,sp_fef06587fead,CONTROLLED,"land inside the Portuguese safe interior (v3); 18.57 of 18.57 km2 of the hex's canonical land, largest unioned share",,,,,,,INSERTED,promo_b68466ea22a9,12.33
TERRESTRIAL_HEX,h6000_q-000617_r+000922,sp_fef06587fead,CONTROLLED,"land inside the Portuguese safe interior (v3); 18.55 of 18.55 km2 of the hex's canonical land, largest unioned share",,,,,,,INSERTED,promo_b68466ea22a9,12.33
TERRESTRIAL_HEX,h6000_q-000617_r+000923,sp_fef06587fead,CONTROLLED,"land inside the Portuguese safe interior (v3); 18.53 of 18.53 km2 of the hex's canonical land, largest unioned share",,,,,,,INSERTED,promo_b68466ea22a9,12.33
TERRESTRIAL_HEX,h6000_q-000617_r+000924,sp_fef06587fead,CONTROLLED,"land inside the Portuguese safe interior (v3); 18.51 of 18.51 km2 of the hex's canonical land, largest unioned share",,,,,,,INSERTED,promo_b68466ea22a9,12.33
TERRESTRIAL_HEX,h6000_q-000617_r+000925,sp_fef06587fead,CONTROLLED,"land inside the Portuguese safe interior (v3); 4.67 of 18.49 km2 of the hex's canonical land, largest unioned share",,,,,,,INSERTED,promo_b68466ea22a9,12.33
TERRESTRIAL_HEX,h6000_q-000618_r+000914,sp_fef06587fead,CONTROLLED,"land inside the Portuguese safe interior (v3); 6.70 of 18.70 km2 of the hex's canonical land, largest unioned share",,,,,,,INSERTED,promo_b68466ea22a9,12.33
TERRESTRIAL_HEX,h6000_q-000618_r+000915,sp_fef06587fead,CONTROLLED,"land inside the Portuguese safe interior (v3); 17.68 of 18.68 km2 of the hex's canonical land, largest unioned share",,,,,,,INSERTED,promo_b68466ea22a9,12.33
TERRESTRIAL_HEX,h6000_q-000618_r+000916,sp_fef06587fead,CONTROLLED,"land inside the Portuguese safe interior (v3); 18.66 of 18.66 km2 of the hex's canonical land, largest unioned share",,,,,,,INSERTED,promo_b68466ea22a9,12.33
TERRESTRIAL_HEX,h6000_q-000618_r+000917,sp_fef06587fead,CONTROLLED,"land inside the Portuguese safe interior (v3); 18.64 of 18.64 km2 of the hex's canonical land, largest unioned share",,,,,,,INSERTED,promo_b68466ea22a9,12.33
TERRESTRIAL_HEX,h6000_q-000618_r+000918,sp_fef06587fead,CONTROLLED,"land inside the Portuguese safe interior (v3); 18.63 of 18.63 km2 of the hex's canonical land, largest unioned share",,,,,,,INSERTED,promo_b68466ea22a9,12.33
TERRESTRIAL_HEX,h6000_q-000618_r+000919,sp_fef06587fead,CONTROLLED,"land inside the Portuguese safe interior (v3); 18.61 of 18.61 km2 of the hex's canonical land, largest unioned share",,,,,,,INSERTED,promo_b68466ea22a9,12.33
TERRESTRIAL_HEX,h6000_q-000618_r+000920,sp_fef06587fead,CONTROLLED,"land inside the Portuguese safe interior (v3); 18.59 of 18.59 km2 of the hex's canonical land, largest unioned share",,,,,,,INSERTED,promo_b68466ea22a9,12.33
TERRESTRIAL_HEX,h6000_q-000618_r+000921,sp_fef06587fead,CONTROLLED,"land inside the Portuguese safe interior (v3); 18.57 of 18.57 km2 of the hex's canonical land, largest unioned share",,,,,,,INSERTED,promo_b68466ea22a9,12.33
TERRESTRIAL_HEX,h6000_q-000618_r+000922,sp_fef06587fead,CONTROLLED,"land inside the Portuguese safe interior (v3); 18.55 of 18.55 km2 of the hex's canonical land, largest unioned share",,,,,,,INSERTED,promo_b68466ea22a9,12.33
TERRESTRIAL_HEX,h6000_q-000618_r+000923,sp_fef06587fead,CONTROLLED,"land inside the Portuguese safe interior (v3); 18.53 of 18.53 km2 of the hex's canonical land, largest unioned share",,,,,,,INSERTED,promo_b68466ea22a9,12.33
TERRESTRIAL_HEX,h6000_q-000618_r+000924,sp_fef06587fead,CONTROLLED,"land inside the Portuguese safe interior (v3); 18.51 of 18.51 km2 of the hex's canonical land, largest unioned share",,,,,,,INSERTED,promo_b68466ea22a9,12.33
TERRESTRIAL_HEX,h6000_q-000618_r+000925,sp_fef06587fead,CONTROLLED,"land inside the Portuguese safe interior (v3); 3.55 of 18.49 km2 of the hex's canonical land, largest unioned share",,,,,,,INSERTED,promo_b68466ea22a9,12.33
TERRESTRIAL_HEX,h6000_q-000619_r+000916,sp_fef06587fead,CONTROLLED,"land inside the Portuguese safe interior (v3); 10.82 of 18.66 km2 of the hex's canonical land, largest unioned share",,,,,,,INSERTED,promo_b68466ea22a9,12.33
TERRESTRIAL_HEX,h6000_q-000619_r+000917,sp_fef06587fead,CONTROLLED,"land inside the Portuguese safe interior (v3); 18.64 of 18.64 km2 of the hex's canonical land, largest unioned share",,,,,,,INSERTED,promo_b68466ea22a9,12.33
TERRESTRIAL_HEX,h6000_q-000619_r+000918,sp_fef06587fead,CONTROLLED,"land inside the Portuguese safe interior (v3); 18.63 of 18.63 km2 of the hex's canonical land, largest unioned share",,,,,,,INSERTED,promo_b68466ea22a9,12.33
TERRESTRIAL_HEX,h6000_q-000619_r+000919,sp_fef06587fead,CONTROLLED,"land inside the Portuguese safe interior (v3); 18.61 of 18.61 km2 of the hex's canonical land, largest unioned share",,,,,,,INSERTED,promo_b68466ea22a9,12.33
TERRESTRIAL_HEX,h6000_q-000619_r+000920,sp_fef06587fead,CONTROLLED,"land inside the Portuguese safe interior (v3); 18.59 of 18.59 km2 of the hex's canonical land, largest unioned share",,,,,,,INSERTED,promo_b68466ea22a9,12.33
TERRESTRIAL_HEX,h6000_q-000619_r+000921,sp_fef06587fead,CONTROLLED,"land inside the Portuguese safe interior (v3); 18.57 of 18.57 km2 of the hex's canonical land, largest unioned share",,,,,,,INSERTED,promo_b68466ea22a9,12.33
TERRESTRIAL_HEX,h6000_q-000619_r+000922,sp_fef06587fead,CONTROLLED,"land inside the Portuguese safe interior (v3); 18.55 of 18.55 km2 of the hex's canonical land, largest unioned share",,,,,,,INSERTED,promo_b68466ea22a9,12.33
TERRESTRIAL_HEX,h6000_q-000619_r+000923,sp_fef06587fead,CONTROLLED,"land inside the Portuguese safe interior (v3); 18.53 of 18.53 km2 of the hex's canonical land, largest unioned share",,,,,,,INSERTED,promo_b68466ea22a9,12.33
TERRESTRIAL_HEX,h6000_q-000619_r+000924,sp_fef06587fead,CONTROLLED,"land inside the Portuguese safe interior (v3); 18.36 of 18.51 km2 of the hex's canonical land, largest unioned share",,,,,,,INSERTED,promo_b68466ea22a9,12.33
TERRESTRIAL_HEX,h6000_q-000619_r+000925,sp_fef06587fead,CONTROLLED,"land inside the Portuguese safe interior (v3); 2.55 of 18.49 km2 of the hex's canonical land, largest unioned share",,,,,,,INSERTED,promo_b68466ea22a9,12.33
TERRESTRIAL_HEX,h6000_q-000620_r+000917,sp_fef06587fead,CONTROLLED,"land inside the Portuguese safe interior (v3); 3.68 of 18.64 km2 of the hex's canonical land, largest unioned share",,,,,,,INSERTED,promo_b68466ea22a9,12.33
TERRESTRIAL_HEX,h6000_q-000620_r+000918,sp_fef06587fead,CONTROLLED,"land inside the Portuguese safe interior (v3); 18.24 of 18.63 km2 of the hex's canonical land, largest unioned share",,,,,,,INSERTED,promo_b68466ea22a9,12.33
TERRESTRIAL_HEX,h6000_q-000620_r+000919,sp_fef06587fead,CONTROLLED,"land inside the Portuguese safe interior (v3); 18.61 of 18.61 km2 of the hex's canonical land, largest unioned share",,,,,,,INSERTED,promo_b68466ea22a9,12.33
TERRESTRIAL_HEX,h6000_q-000620_r+000920,sp_fef06587fead,CONTROLLED,"land inside the Portuguese safe interior (v3); 18.59 of 18.59 km2 of the hex's canonical land, largest unioned share",,,,,,,INSERTED,promo_b68466ea22a9,12.33
TERRESTRIAL_HEX,h6000_q-000620_r+000921,sp_fef06587fead,CONTROLLED,"land inside the Portuguese safe interior (v3); 18.57 of 18.57 km2 of the hex's canonical land, largest unioned share",,,,,,,INSERTED,promo_b68466ea22a9,12.33
TERRESTRIAL_HEX,h6000_q-000620_r+000922,sp_fef06587fead,CONTROLLED,"land inside the Portuguese safe interior (v3); 18.55 of 18.55 km2 of the hex's canonical land, largest unioned share",,,,,,,INSERTED,promo_b68466ea22a9,12.33
TERRESTRIAL_HEX,h6000_q-000620_r+000923,sp_fef06587fead,CONTROLLED,"land inside the Portuguese safe interior (v3); 18.53 of 18.53 km2 of the hex's canonical land, largest unioned share",,,,,,,INSERTED,promo_b68466ea22a9,12.33
TERRESTRIAL_HEX,h6000_q-000620_r+000924,sp_fef06587fead,CONTROLLED,"land inside the Portuguese safe interior (v3); 18.27 of 18.51 km2 of the hex's canonical land, largest unioned share",,,,,,,INSERTED,promo_b68466ea22a9,12.33
TERRESTRIAL_HEX,h6000_q-000620_r+000925,sp_fef06587fead,CONTROLLED,"land inside the Portuguese safe interior (v3); 1.94 of 18.49 km2 of the hex's canonical land, largest unioned share",,,,,,,INSERTED,promo_b68466ea22a9,12.33
TERRESTRIAL_HEX,h6000_q-000621_r+000918,sp_fef06587fead,CONTROLLED,"land inside the Portuguese safe interior (v3); 0.91 of 18.63 km2 of the hex's canonical land, largest unioned share",,,,,,,INSERTED,promo_b68466ea22a9,12.33
TERRESTRIAL_HEX,h6000_q-000621_r+000919,sp_fef06587fead,CONTROLLED,"land inside the Portuguese safe interior (v3); 17.94 of 18.61 km2 of the hex's canonical land, largest unioned share",,,,,,,INSERTED,promo_b68466ea22a9,12.33
TERRESTRIAL_HEX,h6000_q-000621_r+000920,sp_fef06587fead,CONTROLLED,"land inside the Portuguese safe interior (v3); 18.59 of 18.59 km2 of the hex's canonical land, largest unioned share",,,,,,,INSERTED,promo_b68466ea22a9,12.33
TERRESTRIAL_HEX,h6000_q-000621_r+000921,sp_fef06587fead,CONTROLLED,"land inside the Portuguese safe interior (v3); 18.57 of 18.57 km2 of the hex's canonical land, largest unioned share",,,,,,,INSERTED,promo_b68466ea22a9,12.33
TERRESTRIAL_HEX,h6000_q-000621_r+000922,sp_fef06587fead,CONTROLLED,"land inside the Portuguese safe interior (v3); 18.55 of 18.55 km2 of the hex's canonical land, largest unioned share",,,,,,,INSERTED,promo_b68466ea22a9,12.33
TERRESTRIAL_HEX,h6000_q-000621_r+000923,sp_fef06587fead,CONTROLLED,"land inside the Portuguese safe interior (v3); 18.53 of 18.53 km2 of the hex's canonical land, largest unioned share",,,,,,,INSERTED,promo_b68466ea22a9,12.33
TERRESTRIAL_HEX,h6000_q-000621_r+000924,sp_fef06587fead,CONTROLLED,"land inside the Portuguese safe interior (v3); 17.93 of 18.51 km2 of the hex's canonical land, largest unioned share",,,,,,,INSERTED,promo_b68466ea22a9,12.33
TERRESTRIAL_HEX,h6000_q-000621_r+000925,sp_fef06587fead,CONTROLLED,"land inside the Portuguese safe interior (v3); 1.18 of 18.49 km2 of the hex's canonical land, largest unioned share",,,,,,,INSERTED,promo_b68466ea22a9,12.33
TERRESTRIAL_HEX,h6000_q-000622_r+000919,sp_fef06587fead,CONTROLLED,"land inside the Portuguese safe interior (v3); 1.12 of 18.61 km2 of the hex's canonical land, largest unioned share",,,,,,,INSERTED,promo_b68466ea22a9,12.33
TERRESTRIAL_HEX,h6000_q-000622_r+000920,sp_fef06587fead,CONTROLLED,"land inside the Portuguese safe interior (v3); 18.53 of 18.59 km2 of the hex's canonical land, largest unioned share",,,,,,,INSERTED,promo_b68466ea22a9,12.33
TERRESTRIAL_HEX,h6000_q-000622_r+000921,sp_fef06587fead,CONTROLLED,"land inside the Portuguese safe interior (v3); 18.57 of 18.57 km2 of the hex's canonical land, largest unioned share",,,,,,,INSERTED,promo_b68466ea22a9,12.33
TERRESTRIAL_HEX,h6000_q-000622_r+000922,sp_fef06587fead,CONTROLLED,"land inside the Portuguese safe interior (v3); 18.55 of 18.55 km2 of the hex's canonical land, largest unioned share",,,,,,,INSERTED,promo_b68466ea22a9,12.33
TERRESTRIAL_HEX,h6000_q-000622_r+000923,sp_fef06587fead,CONTROLLED,"land inside the Portuguese safe interior (v3); 18.53 of 18.53 km2 of the hex's canonical land, largest unioned share",,,,,,,INSERTED,promo_b68466ea22a9,12.33
TERRESTRIAL_HEX,h6000_q-000622_r+000924,sp_fef06587fead,CONTROLLED,"land inside the Portuguese safe interior (v3); 16.46 of 18.51 km2 of the hex's canonical land, largest unioned share",,,,,,,INSERTED,promo_b68466ea22a9,12.33
TERRESTRIAL_HEX,h6000_q-000622_r+000925,sp_fef06587fead,CONTROLLED,"land inside the Portuguese safe interior (v3); 0.26 of 18.49 km2 of the hex's canonical land, largest unioned share",,,,,,,INSERTED,promo_b68466ea22a9,12.33
TERRESTRIAL_HEX,h6000_q-000622_r+000943,sp_fef06587fead,CONTROLLED,"land inside the Portuguese safe interior (v3); 0.41 of 18.15 km2 of the hex's canonical land, largest unioned share",,,,,,,INSERTED,promo_b68466ea22a9,12.33
TERRESTRIAL_HEX,h6000_q-000622_r+000944,sp_fef06587fead,CONTROLLED,"land inside the Portuguese safe interior (v3); 3.72 of 18.13 km2 of the hex's canonical land, largest unioned share",,,,,,,INSERTED,promo_b68466ea22a9,12.33
TERRESTRIAL_HEX,h6000_q-000623_r+000920,sp_fef06587fead,CONTROLLED,"land inside the Portuguese safe interior (v3); 6.31 of 18.59 km2 of the hex's canonical land, largest unioned share",,,,,,,INSERTED,promo_b68466ea22a9,12.33
TERRESTRIAL_HEX,h6000_q-000623_r+000921,sp_fef06587fead,CONTROLLED,"land inside the Portuguese safe interior (v3); 18.57 of 18.57 km2 of the hex's canonical land, largest unioned share",,,,,,,INSERTED,promo_b68466ea22a9,12.33
TERRESTRIAL_HEX,h6000_q-000623_r+000922,sp_fef06587fead,CONTROLLED,"land inside the Portuguese safe interior (v3); 18.55 of 18.55 km2 of the hex's canonical land, largest unioned share",,,,,,,INSERTED,promo_b68466ea22a9,12.33
TERRESTRIAL_HEX,h6000_q-000623_r+000923,sp_fef06587fead,CONTROLLED,"land inside the Portuguese safe interior (v3); 18.53 of 18.53 km2 of the hex's canonical land, largest unioned share",,,,,,,INSERTED,promo_b68466ea22a9,12.33
TERRESTRIAL_HEX,h6000_q-000623_r+000924,sp_fef06587fead,CONTROLLED,"land inside the Portuguese safe interior (v3); 16.36 of 18.51 km2 of the hex's canonical land, largest unioned share",,,,,,,INSERTED,promo_b68466ea22a9,12.33
TERRESTRIAL_HEX,h6000_q-000623_r+000925,sp_fef06587fead,CONTROLLED,"land inside the Portuguese safe interior (v3); 0.21 of 18.49 km2 of the hex's canonical land, largest unioned share",,,,,,,INSERTED,promo_b68466ea22a9,12.33
TERRESTRIAL_HEX,h6000_q-000623_r+000943,sp_fef06587fead,CONTROLLED,"land inside the Portuguese safe interior (v3); 5.36 of 18.15 km2 of the hex's canonical land, largest unioned share",,,,,,,INSERTED,promo_b68466ea22a9,12.33
TERRESTRIAL_HEX,h6000_q-000623_r+000944,sp_fef06587fead,CONTROLLED,"land inside the Portuguese safe interior (v3); 18.08 of 18.13 km2 of the hex's canonical land, largest unioned share",,,,,,,INSERTED,promo_b68466ea22a9,12.33
TERRESTRIAL_HEX,h6000_q-000624_r+000921,sp_fef06587fead,CONTROLLED,"land inside the Portuguese safe interior (v3); 17.01 of 18.57 km2 of the hex's canonical land, largest unioned share",,,,,,,INSERTED,promo_b68466ea22a9,12.33
TERRESTRIAL_HEX,h6000_q-000624_r+000922,sp_fef06587fead,CONTROLLED,"land inside the Portuguese safe interior (v3); 18.55 of 18.55 km2 of the hex's canonical land, largest unioned share",,,,,,,INSERTED,promo_b68466ea22a9,12.33
TERRESTRIAL_HEX,h6000_q-000624_r+000923,sp_fef06587fead,CONTROLLED,"land inside the Portuguese safe interior (v3); 18.53 of 18.53 km2 of the hex's canonical land, largest unioned share",,,,,,,INSERTED,promo_b68466ea22a9,12.33
TERRESTRIAL_HEX,h6000_q-000624_r+000924,sp_fef06587fead,CONTROLLED,"land inside the Portuguese safe interior (v3); 16.28 of 18.51 km2 of the hex's canonical land, largest unioned share",,,,,,,INSERTED,promo_b68466ea22a9,12.33
TERRESTRIAL_HEX,h6000_q-000624_r+000925,sp_fef06587fead,CONTROLLED,"land inside the Portuguese safe interior (v3); 0.07 of 18.49 km2 of the hex's canonical land, largest unioned share",,,,,,,INSERTED,promo_b68466ea22a9,12.33
TERRESTRIAL_HEX,h6000_q-000624_r+000943,sp_fef06587fead,CONTROLLED,"land inside the Portuguese safe interior (v3); 10.01 of 18.15 km2 of the hex's canonical land, largest unioned share",,,,,,,INSERTED,promo_b68466ea22a9,12.33
TERRESTRIAL_HEX,h6000_q-000624_r+000944,sp_fef06587fead,CONTROLLED,"land inside the Portuguese safe interior (v3); 18.13 of 18.13 km2 of the hex's canonical land, largest unioned share",,,,,,,INSERTED,promo_b68466ea22a9,12.33
TERRESTRIAL_HEX,h6000_q-000624_r+000982,sp_fef06587fead,CONTROLLED,"land inside the Portuguese safe interior (v3); 17.42 of 17.42 km2 of the hex's canonical land, largest unioned share",,,,,,,INSERTED,promo_b68466ea22a9,12.33
TERRESTRIAL_HEX,h6000_q-000624_r+000983,sp_fef06587fead,CONTROLLED,"land inside the Portuguese safe interior (v3); 17.40 of 17.40 km2 of the hex's canonical land, largest unioned share",,,,,,,INSERTED,promo_b68466ea22a9,12.33
TERRESTRIAL_HEX,h6000_q-000624_r+000984,sp_fef06587fead,CONTROLLED,"land inside the Portuguese safe interior (v3); 17.38 of 17.38 km2 of the hex's canonical land, largest unioned share",,,,,,,INSERTED,promo_b68466ea22a9,12.33
TERRESTRIAL_HEX,h6000_q-000625_r+000921,sp_fef06587fead,CONTROLLED,"land inside the Portuguese safe interior (v3); 12.38 of 18.57 km2 of the hex's canonical land, largest unioned share",,,,,,,INSERTED,promo_b68466ea22a9,12.33
TERRESTRIAL_HEX,h6000_q-000625_r+000922,sp_fef06587fead,CONTROLLED,"land inside the Portuguese safe interior (v3); 18.55 of 18.55 km2 of the hex's canonical land, largest unioned share",,,,,,,INSERTED,promo_b68466ea22a9,12.33
TERRESTRIAL_HEX,h6000_q-000625_r+000923,sp_fef06587fead,CONTROLLED,"land inside the Portuguese safe interior (v3); 18.53 of 18.53 km2 of the hex's canonical land, largest unioned share",,,,,,,INSERTED,promo_b68466ea22a9,12.33
TERRESTRIAL_HEX,h6000_q-000625_r+000924,sp_fef06587fead,CONTROLLED,"land inside the Portuguese safe interior (v3); 15.27 of 18.51 km2 of the hex's canonical land, largest unioned share",,,,,,,INSERTED,promo_b68466ea22a9,12.33
TERRESTRIAL_HEX,h6000_q-000625_r+000925,sp_fef06587fead,CONTROLLED,"land inside the Portuguese safe interior (v3); 0.07 of 18.49 km2 of the hex's canonical land, largest unioned share",,,,,,,INSERTED,promo_b68466ea22a9,12.33
TERRESTRIAL_HEX,h6000_q-000625_r+000942,sp_fef06587fead,CONTROLLED,"land inside the Portuguese safe interior (v3); 0.96 of 18.17 km2 of the hex's canonical land, largest unioned share",,,,,,,INSERTED,promo_b68466ea22a9,12.33
TERRESTRIAL_HEX,h6000_q-000625_r+000943,sp_fef06587fead,CONTROLLED,"land inside the Portuguese safe interior (v3); 14.01 of 18.15 km2 of the hex's canonical land, largest unioned share",,,,,,,INSERTED,promo_b68466ea22a9,12.33
TERRESTRIAL_HEX,h6000_q-000625_r+000944,sp_fef06587fead,CONTROLLED,"land inside the Portuguese safe interior (v3); 18.13 of 18.13 km2 of the hex's canonical land, largest unioned share",,,,,,,INSERTED,promo_b68466ea22a9,12.33
TERRESTRIAL_HEX,h6000_q-000625_r+000982,sp_fef06587fead,CONTROLLED,"land inside the Portuguese safe interior (v3); 17.42 of 17.42 km2 of the hex's canonical land, largest unioned share",,,,,,,INSERTED,promo_b68466ea22a9,12.33
TERRESTRIAL_HEX,h6000_q-000625_r+000983,sp_fef06587fead,CONTROLLED,"land inside the Portuguese safe interior (v3); 17.40 of 17.40 km2 of the hex's canonical land, largest unioned share",,,,,,,INSERTED,promo_b68466ea22a9,12.33
TERRESTRIAL_HEX,h6000_q-000625_r+000984,sp_fef06587fead,CONTROLLED,"land inside the Portuguese safe interior (v3); 17.38 of 17.38 km2 of the hex's canonical land, largest unioned share",,,,,,,INSERTED,promo_b68466ea22a9,12.33
TERRESTRIAL_HEX,h6000_q-000625_r+000985,sp_fef06587fead,CONTROLLED,"land inside the Portuguese safe interior (v3); 17.36 of 17.36 km2 of the hex's canonical land, largest unioned share",,,,,,,INSERTED,promo_b68466ea22a9,12.33
TERRESTRIAL_HEX,h6000_q-000626_r+000921,sp_fef06587fead,CONTROLLED,"land inside the Portuguese safe interior (v3); 12.03 of 18.57 km2 of the hex's canonical land, largest unioned share",,,,,,,INSERTED,promo_b68466ea22a9,12.33
TERRESTRIAL_HEX,h6000_q-000626_r+000922,sp_fef06587fead,CONTROLLED,"land inside the Portuguese safe interior (v3); 18.55 of 18.55 km2 of the hex's canonical land, largest unioned share",,,,,,,INSERTED,promo_b68466ea22a9,12.33
TERRESTRIAL_HEX,h6000_q-000626_r+000923,sp_fef06587fead,CONTROLLED,"land inside the Portuguese safe interior (v3); 18.53 of 18.53 km2 of the hex's canonical land, largest unioned share",,,,,,,INSERTED,promo_b68466ea22a9,12.33
TERRESTRIAL_HEX,h6000_q-000626_r+000924,sp_fef06587fead,CONTROLLED,"land inside the Portuguese safe interior (v3); 13.92 of 18.51 km2 of the hex's canonical land, largest unioned share",,,,,,,INSERTED,promo_b68466ea22a9,12.33
TERRESTRIAL_HEX,h6000_q-000626_r+000941,sp_fef06587fead,CONTROLLED,"land inside the Portuguese safe interior (v3); 0.97 of 18.19 km2 of the hex's canonical land, largest unioned share",,,,,,,INSERTED,promo_b68466ea22a9,12.33
TERRESTRIAL_HEX,h6000_q-000626_r+000942,sp_fef06587fead,CONTROLLED,"land inside the Portuguese safe interior (v3); 9.36 of 18.17 km2 of the hex's canonical land, largest unioned share",,,,,,,INSERTED,promo_b68466ea22a9,12.33
TERRESTRIAL_HEX,h6000_q-000626_r+000943,sp_fef06587fead,CONTROLLED,"land inside the Portuguese safe interior (v3); 18.15 of 18.15 km2 of the hex's canonical land, largest unioned share",,,,,,,INSERTED,promo_b68466ea22a9,12.33
TERRESTRIAL_HEX,h6000_q-000626_r+000944,sp_fef06587fead,CONTROLLED,"land inside the Portuguese safe interior (v3); 18.13 of 18.13 km2 of the hex's canonical land, largest unioned share",,,,,,,INSERTED,promo_b68466ea22a9,12.33
TERRESTRIAL_HEX,h6000_q-000626_r+000945,sp_fef06587fead,CONTROLLED,"land inside the Portuguese safe interior (v3); 18.11 of 18.11 km2 of the hex's canonical land, largest unioned share",,,,,,,INSERTED,promo_b68466ea22a9,12.33
TERRESTRIAL_HEX,h6000_q-000626_r+000983,sp_fef06587fead,CONTROLLED,"land inside the Portuguese safe interior (v3); 17.40 of 17.40 km2 of the hex's canonical land, largest unioned share",,,,,,,INSERTED,promo_b68466ea22a9,12.33
TERRESTRIAL_HEX,h6000_q-000626_r+000984,sp_fef06587fead,CONTROLLED,"land inside the Portuguese safe interior (v3); 17.38 of 17.38 km2 of the hex's canonical land, largest unioned share",,,,,,,INSERTED,promo_b68466ea22a9,12.33
TERRESTRIAL_HEX,h6000_q-000626_r+000985,sp_fef06587fead,CONTROLLED,"land inside the Portuguese safe interior (v3); 17.36 of 17.36 km2 of the hex's canonical land, largest unioned share",,,,,,,INSERTED,promo_b68466ea22a9,12.33
TERRESTRIAL_HEX,h6000_q-000627_r+000920,sp_fef06587fead,CONTROLLED,"land inside the Portuguese safe interior (v3); 0.21 of 18.59 km2 of the hex's canonical land, largest unioned share",,,,,,,INSERTED,promo_b68466ea22a9,12.33
TERRESTRIAL_HEX,h6000_q-000627_r+000921,sp_fef06587fead,CONTROLLED,"land inside the Portuguese safe interior (v3); 9.82 of 18.57 km2 of the hex's canonical land, largest unioned share",,,,,,,INSERTED,promo_b68466ea22a9,12.33
TERRESTRIAL_HEX,h6000_q-000627_r+000922,sp_fef06587fead,CONTROLLED,"land inside the Portuguese safe interior (v3); 13.74 of 18.55 km2 of the hex's canonical land, largest unioned share",,,,,,,INSERTED,promo_b68466ea22a9,12.33
TERRESTRIAL_HEX,h6000_q-000627_r+000923,sp_fef06587fead,CONTROLLED,"land inside the Portuguese safe interior (v3); 18.34 of 18.53 km2 of the hex's canonical land, largest unioned share",,,,,,,INSERTED,promo_b68466ea22a9,12.33
TERRESTRIAL_HEX,h6000_q-000627_r+000924,sp_fef06587fead,CONTROLLED,"land inside the Portuguese safe interior (v3); 9.61 of 18.51 km2 of the hex's canonical land, largest unioned share",,,,,,,INSERTED,promo_b68466ea22a9,12.33
TERRESTRIAL_HEX,h6000_q-000627_r+000941,sp_fef06587fead,CONTROLLED,"land inside the Portuguese safe interior (v3); 1.99 of 18.19 km2 of the hex's canonical land, largest unioned share",,,,,,,INSERTED,promo_b68466ea22a9,12.33
TERRESTRIAL_HEX,h6000_q-000627_r+000942,sp_fef06587fead,CONTROLLED,"land inside the Portuguese safe interior (v3); 18.17 of 18.17 km2 of the hex's canonical land, largest unioned share",,,,,,,INSERTED,promo_b68466ea22a9,12.33
TERRESTRIAL_HEX,h6000_q-000627_r+000943,sp_fef06587fead,CONTROLLED,"land inside the Portuguese safe interior (v3); 18.15 of 18.15 km2 of the hex's canonical land, largest unioned share",,,,,,,INSERTED,promo_b68466ea22a9,12.33
TERRESTRIAL_HEX,h6000_q-000627_r+000944,sp_fef06587fead,CONTROLLED,"land inside the Portuguese safe interior (v3); 18.13 of 18.13 km2 of the hex's canonical land, largest unioned share",,,,,,,INSERTED,promo_b68466ea22a9,12.33
TERRESTRIAL_HEX,h6000_q-000627_r+000945,sp_fef06587fead,CONTROLLED,"land inside the Portuguese safe interior (v3); 18.11 of 18.11 km2 of the hex's canonical land, largest unioned share",,,,,,,INSERTED,promo_b68466ea22a9,12.33
TERRESTRIAL_HEX,h6000_q-000627_r+000946,sp_fef06587fead,CONTROLLED,"land inside the Portuguese safe interior (v3); 18.09 of 18.09 km2 of the hex's canonical land, largest unioned share",,,,,,,INSERTED,promo_b68466ea22a9,12.33
TERRESTRIAL_HEX,h6000_q-000627_r+000947,sp_fef06587fead,CONTROLLED,"land inside the Portuguese safe interior (v3); 18.07 of 18.07 km2 of the hex's canonical land, largest unioned share",,,,,,,INSERTED,promo_b68466ea22a9,12.33
TERRESTRIAL_HEX,h6000_q-000627_r+000983,sp_fef06587fead,CONTROLLED,"land inside the Portuguese safe interior (v3); 17.40 of 17.40 km2 of the hex's canonical land, largest unioned share",,,,,,,INSERTED,promo_b68466ea22a9,12.33
TERRESTRIAL_HEX,h6000_q-000627_r+000984,sp_fef06587fead,CONTROLLED,"land inside the Portuguese safe interior (v3); 17.38 of 17.38 km2 of the hex's canonical land, largest unioned share",,,,,,,INSERTED,promo_b68466ea22a9,12.33
TERRESTRIAL_HEX,h6000_q-000627_r+000985,sp_fef06587fead,CONTROLLED,"land inside the Portuguese safe interior (v3); 17.33 of 17.36 km2 of the hex's canonical land, largest unioned share",,,,,,,INSERTED,promo_b68466ea22a9,12.33
TERRESTRIAL_HEX,h6000_q-000628_r+000923,sp_fef06587fead,CONTROLLED,"land inside the Portuguese safe interior (v3); 0.07 of 18.53 km2 of the hex's canonical land, largest unioned share",,,,,,,INSERTED,promo_b68466ea22a9,12.33
TERRESTRIAL_HEX,h6000_q-000628_r+000924,sp_fef06587fead,CONTROLLED,"land inside the Portuguese safe interior (v3); 2.33 of 18.51 km2 of the hex's canonical land, largest unioned share",,,,,,,INSERTED,promo_b68466ea22a9,12.33
TERRESTRIAL_HEX,h6000_q-000628_r+000942,sp_fef06587fead,CONTROLLED,"land inside the Portuguese safe interior (v3); 5.73 of 18.17 km2 of the hex's canonical land, largest unioned share",,,,,,,INSERTED,promo_b68466ea22a9,12.33
TERRESTRIAL_HEX,h6000_q-000628_r+000943,sp_fef06587fead,CONTROLLED,"land inside the Portuguese safe interior (v3); 18.15 of 18.15 km2 of the hex's canonical land, largest unioned share",,,,,,,INSERTED,promo_b68466ea22a9,12.33
TERRESTRIAL_HEX,h6000_q-000628_r+000944,sp_fef06587fead,CONTROLLED,"land inside the Portuguese safe interior (v3); 18.13 of 18.13 km2 of the hex's canonical land, largest unioned share",,,,,,,INSERTED,promo_b68466ea22a9,12.33
TERRESTRIAL_HEX,h6000_q-000628_r+000945,sp_fef06587fead,CONTROLLED,"land inside the Portuguese safe interior (v3); 18.11 of 18.11 km2 of the hex's canonical land, largest unioned share",,,,,,,INSERTED,promo_b68466ea22a9,12.33
TERRESTRIAL_HEX,h6000_q-000628_r+000946,sp_fef06587fead,CONTROLLED,"land inside the Portuguese safe interior (v3); 18.09 of 18.09 km2 of the hex's canonical land, largest unioned share",,,,,,,INSERTED,promo_b68466ea22a9,12.33
TERRESTRIAL_HEX,h6000_q-000628_r+000947,sp_fef06587fead,CONTROLLED,"land inside the Portuguese safe interior (v3); 18.07 of 18.07 km2 of the hex's canonical land, largest unioned share",,,,,,,INSERTED,promo_b68466ea22a9,12.33
TERRESTRIAL_HEX,h6000_q-000628_r+000948,sp_fef06587fead,CONTROLLED,"land inside the Portuguese safe interior (v3); 18.05 of 18.05 km2 of the hex's canonical land, largest unioned share",,,,,,,INSERTED,promo_b68466ea22a9,12.33
TERRESTRIAL_HEX,h6000_q-000628_r+000983,sp_fef06587fead,CONTROLLED,"land inside the Portuguese safe interior (v3); 17.40 of 17.40 km2 of the hex's canonical land, largest unioned share",,,,,,,INSERTED,promo_b68466ea22a9,12.33
TERRESTRIAL_HEX,h6000_q-000628_r+000984,sp_fef06587fead,CONTROLLED,"land inside the Portuguese safe interior (v3); 17.38 of 17.38 km2 of the hex's canonical land, largest unioned share",,,,,,,INSERTED,promo_b68466ea22a9,12.33
TERRESTRIAL_HEX,h6000_q-000628_r+000985,sp_fef06587fead,CONTROLLED,"land inside the Portuguese safe interior (v3); 17.36 of 17.36 km2 of the hex's canonical land, largest unioned share",,,,,,,INSERTED,promo_b68466ea22a9,12.33
TERRESTRIAL_HEX,h6000_q-000629_r+000943,sp_fef06587fead,CONTROLLED,"land inside the Portuguese safe interior (v3); 11.57 of 18.15 km2 of the hex's canonical land, largest unioned share",,,,,,,INSERTED,promo_b68466ea22a9,12.33
TERRESTRIAL_HEX,h6000_q-000629_r+000944,sp_fef06587fead,CONTROLLED,"land inside the Portuguese safe interior (v3); 18.13 of 18.13 km2 of the hex's canonical land, largest unioned share",,,,,,,INSERTED,promo_b68466ea22a9,12.33
TERRESTRIAL_HEX,h6000_q-000629_r+000945,sp_fef06587fead,CONTROLLED,"land inside the Portuguese safe interior (v3); 18.11 of 18.11 km2 of the hex's canonical land, largest unioned share",,,,,,,INSERTED,promo_b68466ea22a9,12.33
TERRESTRIAL_HEX,h6000_q-000629_r+000946,sp_fef06587fead,CONTROLLED,"land inside the Portuguese safe interior (v3); 18.09 of 18.09 km2 of the hex's canonical land, largest unioned share",,,,,,,INSERTED,promo_b68466ea22a9,12.33
TERRESTRIAL_HEX,h6000_q-000629_r+000947,sp_fef06587fead,CONTROLLED,"land inside the Portuguese safe interior (v3); 18.07 of 18.07 km2 of the hex's canonical land, largest unioned share",,,,,,,INSERTED,promo_b68466ea22a9,12.33
TERRESTRIAL_HEX,h6000_q-000629_r+000948,sp_fef06587fead,CONTROLLED,"land inside the Portuguese safe interior (v3); 18.05 of 18.05 km2 of the hex's canonical land, largest unioned share",,,,,,,INSERTED,promo_b68466ea22a9,12.33
TERRESTRIAL_HEX,h6000_q-000629_r+000949,sp_fef06587fead,CONTROLLED,"land inside the Portuguese safe interior (v3); 18.04 of 18.04 km2 of the hex's canonical land, largest unioned share",,,,,,,INSERTED,promo_b68466ea22a9,12.33
TERRESTRIAL_HEX,h6000_q-000629_r+000950,sp_fef06587fead,CONTROLLED,"land inside the Portuguese safe interior (v3); 18.02 of 18.02 km2 of the hex's canonical land, largest unioned share",,,,,,,INSERTED,promo_b68466ea22a9,12.33
TERRESTRIAL_HEX,h6000_q-000629_r+000983,sp_fef06587fead,CONTROLLED,"land inside the Portuguese safe interior (v3); 17.40 of 17.40 km2 of the hex's canonical land, largest unioned share",,,,,,,INSERTED,promo_b68466ea22a9,12.33
TERRESTRIAL_HEX,h6000_q-000629_r+000984,sp_fef06587fead,CONTROLLED,"land inside the Portuguese safe interior (v3); 17.38 of 17.38 km2 of the hex's canonical land, largest unioned share",,,,,,,INSERTED,promo_b68466ea22a9,12.33
TERRESTRIAL_HEX,h6000_q-000629_r+000985,sp_fef06587fead,CONTROLLED,"land inside the Portuguese safe interior (v3); 17.36 of 17.36 km2 of the hex's canonical land, largest unioned share",,,,,,,INSERTED,promo_b68466ea22a9,12.33
TERRESTRIAL_HEX,h6000_q-000629_r+000986,sp_fef06587fead,CONTROLLED,"land inside the Portuguese safe interior (v3); 3.60 of 17.34 km2 of the hex's canonical land, largest unioned share",,,,,,,INSERTED,promo_b68466ea22a9,12.33
TERRESTRIAL_HEX,h6000_q-000630_r+000944,sp_fef06587fead,CONTROLLED,"land inside the Portuguese safe interior (v3); 16.81 of 18.13 km2 of the hex's canonical land, largest unioned share",,,,,,,INSERTED,promo_b68466ea22a9,12.33
TERRESTRIAL_HEX,h6000_q-000630_r+000945,sp_fef06587fead,CONTROLLED,"land inside the Portuguese safe interior (v3); 18.11 of 18.11 km2 of the hex's canonical land, largest unioned share",,,,,,,INSERTED,promo_b68466ea22a9,12.33
TERRESTRIAL_HEX,h6000_q-000630_r+000946,sp_fef06587fead,CONTROLLED,"land inside the Portuguese safe interior (v3); 18.09 of 18.09 km2 of the hex's canonical land, largest unioned share",,,,,,,INSERTED,promo_b68466ea22a9,12.33
TERRESTRIAL_HEX,h6000_q-000630_r+000947,sp_fef06587fead,CONTROLLED,"land inside the Portuguese safe interior (v3); 18.07 of 18.07 km2 of the hex's canonical land, largest unioned share",,,,,,,INSERTED,promo_b68466ea22a9,12.33
TERRESTRIAL_HEX,h6000_q-000630_r+000948,sp_fef06587fead,CONTROLLED,"land inside the Portuguese safe interior (v3); 18.05 of 18.05 km2 of the hex's canonical land, largest unioned share",,,,,,,INSERTED,promo_b68466ea22a9,12.33
TERRESTRIAL_HEX,h6000_q-000630_r+000949,sp_fef06587fead,CONTROLLED,"land inside the Portuguese safe interior (v3); 18.04 of 18.04 km2 of the hex's canonical land, largest unioned share",,,,,,,INSERTED,promo_b68466ea22a9,12.33
TERRESTRIAL_HEX,h6000_q-000630_r+000950,sp_fef06587fead,CONTROLLED,"land inside the Portuguese safe interior (v3); 18.02 of 18.02 km2 of the hex's canonical land, largest unioned share",,,,,,,INSERTED,promo_b68466ea22a9,12.33
TERRESTRIAL_HEX,h6000_q-000630_r+000951,sp_fef06587fead,CONTROLLED,"land inside the Portuguese safe interior (v3); 18.00 of 18.00 km2 of the hex's canonical land, largest unioned share",,,,,,,INSERTED,promo_b68466ea22a9,12.33
TERRESTRIAL_HEX,h6000_q-000630_r+000984,sp_fef06587fead,CONTROLLED,"land inside the Portuguese safe interior (v3); 17.38 of 17.38 km2 of the hex's canonical land, largest unioned share",,,,,,,INSERTED,promo_b68466ea22a9,12.33
TERRESTRIAL_HEX,h6000_q-000630_r+000985,sp_fef06587fead,CONTROLLED,"land inside the Portuguese safe interior (v3); 17.36 of 17.36 km2 of the hex's canonical land, largest unioned share",,,,,,,INSERTED,promo_b68466ea22a9,12.33
TERRESTRIAL_HEX,h6000_q-000630_r+000986,sp_fef06587fead,CONTROLLED,"land inside the Portuguese safe interior (v3); 7.31 of 17.34 km2 of the hex's canonical land, largest unioned share",,,,,,,INSERTED,promo_b68466ea22a9,12.33
TERRESTRIAL_HEX,h6000_q-000631_r+000944,sp_fef06587fead,CONTROLLED,"land inside the Portuguese safe interior (v3); 5.81 of 18.13 km2 of the hex's canonical land, largest unioned share",,,,,,,INSERTED,promo_b68466ea22a9,12.33
TERRESTRIAL_HEX,h6000_q-000631_r+000945,sp_fef06587fead,CONTROLLED,"land inside the Portuguese safe interior (v3); 18.11 of 18.11 km2 of the hex's canonical land, largest unioned share",,,,,,,INSERTED,promo_b68466ea22a9,12.33
TERRESTRIAL_HEX,h6000_q-000631_r+000946,sp_fef06587fead,CONTROLLED,"land inside the Portuguese safe interior (v3); 18.09 of 18.09 km2 of the hex's canonical land, largest unioned share",,,,,,,INSERTED,promo_b68466ea22a9,12.33
TERRESTRIAL_HEX,h6000_q-000631_r+000947,sp_fef06587fead,CONTROLLED,"land inside the Portuguese safe interior (v3); 18.07 of 18.07 km2 of the hex's canonical land, largest unioned share",,,,,,,INSERTED,promo_b68466ea22a9,12.33
TERRESTRIAL_HEX,h6000_q-000631_r+000948,sp_fef06587fead,CONTROLLED,"land inside the Portuguese safe interior (v3); 18.05 of 18.05 km2 of the hex's canonical land, largest unioned share",,,,,,,INSERTED,promo_b68466ea22a9,12.33
TERRESTRIAL_HEX,h6000_q-000631_r+000949,sp_fef06587fead,CONTROLLED,"land inside the Portuguese safe interior (v3); 18.04 of 18.04 km2 of the hex's canonical land, largest unioned share",,,,,,,INSERTED,promo_b68466ea22a9,12.33
TERRESTRIAL_HEX,h6000_q-000631_r+000950,sp_fef06587fead,CONTROLLED,"land inside the Portuguese safe interior (v3); 18.02 of 18.02 km2 of the hex's canonical land, largest unioned share",,,,,,,INSERTED,promo_b68466ea22a9,12.33
TERRESTRIAL_HEX,h6000_q-000631_r+000951,sp_fef06587fead,CONTROLLED,"land inside the Portuguese safe interior (v3); 18.00 of 18.00 km2 of the hex's canonical land, largest unioned share",,,,,,,INSERTED,promo_b68466ea22a9,12.33
TERRESTRIAL_HEX,h6000_q-000631_r+000970,sp_fef06587fead,CONTROLLED,"land inside the Portuguese safe interior (v3); 17.64 of 17.64 km2 of the hex's canonical land, largest unioned share",,,,,,,INSERTED,promo_b68466ea22a9,12.33
TERRESTRIAL_HEX,h6000_q-000631_r+000986,sp_fef06587fead,CONTROLLED,"land inside the Portuguese safe interior (v3); 14.70 of 17.34 km2 of the hex's canonical land, largest unioned share",,,,,,,INSERTED,promo_b68466ea22a9,12.33
TERRESTRIAL_HEX,h6000_q-000632_r+000945,sp_fef06587fead,CONTROLLED,"land inside the Portuguese safe interior (v3); 17.00 of 18.11 km2 of the hex's canonical land, largest unioned share",,,,,,,INSERTED,promo_b68466ea22a9,12.33
TERRESTRIAL_HEX,h6000_q-000632_r+000946,sp_fef06587fead,CONTROLLED,"land inside the Portuguese safe interior (v3); 18.09 of 18.09 km2 of the hex's canonical land, largest unioned share",,,,,,,INSERTED,promo_b68466ea22a9,12.33
TERRESTRIAL_HEX,h6000_q-000632_r+000947,sp_fef06587fead,CONTROLLED,"land inside the Portuguese safe interior (v3); 18.07 of 18.07 km2 of the hex's canonical land, largest unioned share",,,,,,,INSERTED,promo_b68466ea22a9,12.33
TERRESTRIAL_HEX,h6000_q-000632_r+000948,sp_fef06587fead,CONTROLLED,"land inside the Portuguese safe interior (v3); 18.05 of 18.05 km2 of the hex's canonical land, largest unioned share",,,,,,,INSERTED,promo_b68466ea22a9,12.33
TERRESTRIAL_HEX,h6000_q-000632_r+000949,sp_fef06587fead,CONTROLLED,"land inside the Portuguese safe interior (v3); 18.04 of 18.04 km2 of the hex's canonical land, largest unioned share",,,,,,,INSERTED,promo_b68466ea22a9,12.33
TERRESTRIAL_HEX,h6000_q-000632_r+000950,sp_fef06587fead,CONTROLLED,"land inside the Portuguese safe interior (v3); 18.02 of 18.02 km2 of the hex's canonical land, largest unioned share",,,,,,,INSERTED,promo_b68466ea22a9,12.33
TERRESTRIAL_HEX,h6000_q-000632_r+000970,sp_fef06587fead,CONTROLLED,"land inside the Portuguese safe interior (v3); 17.64 of 17.64 km2 of the hex's canonical land, largest unioned share",,,,,,,INSERTED,promo_b68466ea22a9,12.33
TERRESTRIAL_HEX,h6000_q-000632_r+000971,sp_fef06587fead,CONTROLLED,"land inside the Portuguese safe interior (v3); 17.62 of 17.62 km2 of the hex's canonical land, largest unioned share",,,,,,,INSERTED,promo_b68466ea22a9,12.33
TERRESTRIAL_HEX,h6000_q-000632_r+000972,sp_fef06587fead,CONTROLLED,"land inside the Portuguese safe interior (v3); 17.60 of 17.60 km2 of the hex's canonical land, largest unioned share",,,,,,,INSERTED,promo_b68466ea22a9,12.33
TERRESTRIAL_HEX,h6000_q-000632_r+000986,sp_fef06587fead,CONTROLLED,"land inside the Portuguese safe interior (v3); 17.34 of 17.34 km2 of the hex's canonical land, largest unioned share",,,,,,,INSERTED,promo_b68466ea22a9,12.33
TERRESTRIAL_HEX,h6000_q-000632_r+000987,sp_fef06587fead,CONTROLLED,"land inside the Portuguese safe interior (v3); 3.64 of 17.32 km2 of the hex's canonical land, largest unioned share",,,,,,,INSERTED,promo_b68466ea22a9,12.33
TERRESTRIAL_HEX,h6000_q-000633_r+000946,sp_fef06587fead,CONTROLLED,"land inside the Portuguese safe interior (v3); 18.09 of 18.09 km2 of the hex's canonical land, largest unioned share",,,,,,,INSERTED,promo_b68466ea22a9,12.33
TERRESTRIAL_HEX,h6000_q-000633_r+000947,sp_fef06587fead,CONTROLLED,"land inside the Portuguese safe interior (v3); 18.07 of 18.07 km2 of the hex's canonical land, largest unioned share",,,,,,,INSERTED,promo_b68466ea22a9,12.33
TERRESTRIAL_HEX,h6000_q-000633_r+000948,sp_fef06587fead,CONTROLLED,"land inside the Portuguese safe interior (v3); 18.05 of 18.05 km2 of the hex's canonical land, largest unioned share",,,,,,,INSERTED,promo_b68466ea22a9,12.33
TERRESTRIAL_HEX,h6000_q-000633_r+000949,sp_fef06587fead,CONTROLLED,"land inside the Portuguese safe interior (v3); 18.04 of 18.04 km2 of the hex's canonical land, largest unioned share",,,,,,,INSERTED,promo_b68466ea22a9,12.33
TERRESTRIAL_HEX,h6000_q-000633_r+000970,sp_fef06587fead,CONTROLLED,"land inside the Portuguese safe interior (v3); 17.64 of 17.64 km2 of the hex's canonical land, largest unioned share",,,,,,,INSERTED,promo_b68466ea22a9,12.33
TERRESTRIAL_HEX,h6000_q-000633_r+000971,sp_fef06587fead,CONTROLLED,"land inside the Portuguese safe interior (v3); 17.62 of 17.62 km2 of the hex's canonical land, largest unioned share",,,,,,,INSERTED,promo_b68466ea22a9,12.33
TERRESTRIAL_HEX,h6000_q-000633_r+000972,sp_fef06587fead,CONTROLLED,"land inside the Portuguese safe interior (v3); 17.60 of 17.60 km2 of the hex's canonical land, largest unioned share",,,,,,,INSERTED,promo_b68466ea22a9,12.33
TERRESTRIAL_HEX,h6000_q-000633_r+000973,sp_fef06587fead,CONTROLLED,"land inside the Portuguese safe interior (v3); 17.58 of 17.58 km2 of the hex's canonical land, largest unioned share",,,,,,,INSERTED,promo_b68466ea22a9,12.33
TERRESTRIAL_HEX,h6000_q-000633_r+000974,sp_fef06587fead,CONTROLLED,"land inside the Portuguese safe interior (v3); 17.57 of 17.57 km2 of the hex's canonical land, largest unioned share",,,,,,,INSERTED,promo_b68466ea22a9,12.33
TERRESTRIAL_HEX,h6000_q-000633_r+000986,sp_fef06587fead,CONTROLLED,"land inside the Portuguese safe interior (v3); 16.72 of 17.34 km2 of the hex's canonical land, largest unioned share",,,,,,,INSERTED,promo_b68466ea22a9,12.33
TERRESTRIAL_HEX,h6000_q-000633_r+000987,sp_fef06587fead,CONTROLLED,"land inside the Portuguese safe interior (v3); 5.80 of 17.32 km2 of the hex's canonical land, largest unioned share",,,,,,,INSERTED,promo_b68466ea22a9,12.33
TERRESTRIAL_HEX,h6000_q-000634_r+000970,sp_fef06587fead,CONTROLLED,"land inside the Portuguese safe interior (v3); 17.64 of 17.64 km2 of the hex's canonical land, largest unioned share",,,,,,,INSERTED,promo_b68466ea22a9,12.33
TERRESTRIAL_HEX,h6000_q-000634_r+000971,sp_fef06587fead,CONTROLLED,"land inside the Portuguese safe interior (v3); 17.62 of 17.62 km2 of the hex's canonical land, largest unioned share",,,,,,,INSERTED,promo_b68466ea22a9,12.33
TERRESTRIAL_HEX,h6000_q-000634_r+000972,sp_fef06587fead,CONTROLLED,"land inside the Portuguese safe interior (v3); 17.60 of 17.60 km2 of the hex's canonical land, largest unioned share",,,,,,,INSERTED,promo_b68466ea22a9,12.33
TERRESTRIAL_HEX,h6000_q-000634_r+000973,sp_fef06587fead,CONTROLLED,"land inside the Portuguese safe interior (v3); 17.58 of 17.58 km2 of the hex's canonical land, largest unioned share",,,,,,,INSERTED,promo_b68466ea22a9,12.33
TERRESTRIAL_HEX,h6000_q-000634_r+000974,sp_fef06587fead,CONTROLLED,"land inside the Portuguese safe interior (v3); 17.57 of 17.57 km2 of the hex's canonical land, largest unioned share",,,,,,,INSERTED,promo_b68466ea22a9,12.33
TERRESTRIAL_HEX,h6000_q-000634_r+000975,sp_fef06587fead,CONTROLLED,"land inside the Portuguese safe interior (v3); 17.55 of 17.55 km2 of the hex's canonical land, largest unioned share",,,,,,,INSERTED,promo_b68466ea22a9,12.33
TERRESTRIAL_HEX,h6000_q-000634_r+000976,sp_fef06587fead,CONTROLLED,"land inside the Portuguese safe interior (v3); 17.53 of 17.53 km2 of the hex's canonical land, largest unioned share",,,,,,,INSERTED,promo_b68466ea22a9,12.33
TERRESTRIAL_HEX,h6000_q-000634_r+000977,sp_fef06587fead,CONTROLLED,"land inside the Portuguese safe interior (v3); 17.51 of 17.51 km2 of the hex's canonical land, largest unioned share",,,,,,,INSERTED,promo_b68466ea22a9,12.33
TERRESTRIAL_HEX,h6000_q-000634_r+000978,sp_fef06587fead,CONTROLLED,"land inside the Portuguese safe interior (v3); 17.49 of 17.49 km2 of the hex's canonical land, largest unioned share",,,,,,,INSERTED,promo_b68466ea22a9,12.33
TERRESTRIAL_HEX,h6000_q-000634_r+000979,sp_fef06587fead,CONTROLLED,"land inside the Portuguese safe interior (v3); 17.47 of 17.47 km2 of the hex's canonical land, largest unioned share",,,,,,,INSERTED,promo_b68466ea22a9,12.33
TERRESTRIAL_HEX,h6000_q-000634_r+000980,sp_fef06587fead,CONTROLLED,"land inside the Portuguese safe interior (v3); 17.45 of 17.45 km2 of the hex's canonical land, largest unioned share",,,,,,,INSERTED,promo_b68466ea22a9,12.33
TERRESTRIAL_HEX,h6000_q-000634_r+000981,sp_fef06587fead,CONTROLLED,"land inside the Portuguese safe interior (v3); 17.43 of 17.43 km2 of the hex's canonical land, largest unioned share",,,,,,,INSERTED,promo_b68466ea22a9,12.33
TERRESTRIAL_HEX,h6000_q-000634_r+000982,sp_fef06587fead,CONTROLLED,"land inside the Portuguese safe interior (v3); 17.42 of 17.42 km2 of the hex's canonical land, largest unioned share",,,,,,,INSERTED,promo_b68466ea22a9,12.33
TERRESTRIAL_HEX,h6000_q-000635_r+000956,sp_fef06587fead,CONTROLLED,"land inside the Portuguese safe interior (v3); 17.90 of 17.90 km2 of the hex's canonical land, largest unioned share",,,,,,,INSERTED,promo_b68466ea22a9,12.33
TERRESTRIAL_HEX,h6000_q-000635_r+000957,sp_fef06587fead,CONTROLLED,"land inside the Portuguese safe interior (v3); 17.88 of 17.88 km2 of the hex's canonical land, largest unioned share",,,,,,,INSERTED,promo_b68466ea22a9,12.33
TERRESTRIAL_HEX,h6000_q-000635_r+000958,sp_fef06587fead,CONTROLLED,"land inside the Portuguese safe interior (v3); 17.87 of 17.87 km2 of the hex's canonical land, largest unioned share",,,,,,,INSERTED,promo_b68466ea22a9,12.33
TERRESTRIAL_HEX,h6000_q-000635_r+000959,sp_fef06587fead,CONTROLLED,"land inside the Portuguese safe interior (v3); 17.85 of 17.85 km2 of the hex's canonical land, largest unioned share",,,,,,,INSERTED,promo_b68466ea22a9,12.33
TERRESTRIAL_HEX,h6000_q-000635_r+000970,sp_fef06587fead,CONTROLLED,"land inside the Portuguese safe interior (v3); 17.64 of 17.64 km2 of the hex's canonical land, largest unioned share",,,,,,,INSERTED,promo_b68466ea22a9,12.33
TERRESTRIAL_HEX,h6000_q-000635_r+000971,sp_fef06587fead,CONTROLLED,"land inside the Portuguese safe interior (v3); 17.62 of 17.62 km2 of the hex's canonical land, largest unioned share",,,,,,,INSERTED,promo_b68466ea22a9,12.33
TERRESTRIAL_HEX,h6000_q-000635_r+000972,sp_fef06587fead,CONTROLLED,"land inside the Portuguese safe interior (v3); 17.60 of 17.60 km2 of the hex's canonical land, largest unioned share",,,,,,,INSERTED,promo_b68466ea22a9,12.33
TERRESTRIAL_HEX,h6000_q-000635_r+000973,sp_fef06587fead,CONTROLLED,"land inside the Portuguese safe interior (v3); 17.58 of 17.58 km2 of the hex's canonical land, largest unioned share",,,,,,,INSERTED,promo_b68466ea22a9,12.33
TERRESTRIAL_HEX,h6000_q-000635_r+000974,sp_fef06587fead,CONTROLLED,"land inside the Portuguese safe interior (v3); 17.57 of 17.57 km2 of the hex's canonical land, largest unioned share",,,,,,,INSERTED,promo_b68466ea22a9,12.33
TERRESTRIAL_HEX,h6000_q-000635_r+000975,sp_fef06587fead,CONTROLLED,"land inside the Portuguese safe interior (v3); 17.55 of 17.55 km2 of the hex's canonical land, largest unioned share",,,,,,,INSERTED,promo_b68466ea22a9,12.33
TERRESTRIAL_HEX,h6000_q-000635_r+000976,sp_fef06587fead,CONTROLLED,"land inside the Portuguese safe interior (v3); 17.53 of 17.53 km2 of the hex's canonical land, largest unioned share",,,,,,,INSERTED,promo_b68466ea22a9,12.33
TERRESTRIAL_HEX,h6000_q-000635_r+000977,sp_fef06587fead,CONTROLLED,"land inside the Portuguese safe interior (v3); 17.51 of 17.51 km2 of the hex's canonical land, largest unioned share",,,,,,,INSERTED,promo_b68466ea22a9,12.33
TERRESTRIAL_HEX,h6000_q-000635_r+000978,sp_fef06587fead,CONTROLLED,"land inside the Portuguese safe interior (v3); 17.49 of 17.49 km2 of the hex's canonical land, largest unioned share",,,,,,,INSERTED,promo_b68466ea22a9,12.33
TERRESTRIAL_HEX,h6000_q-000635_r+000979,sp_fef06587fead,CONTROLLED,"land inside the Portuguese safe interior (v3); 17.47 of 17.47 km2 of the hex's canonical land, largest unioned share",,,,,,,INSERTED,promo_b68466ea22a9,12.33
TERRESTRIAL_HEX,h6000_q-000635_r+000980,sp_fef06587fead,CONTROLLED,"land inside the Portuguese safe interior (v3); 17.45 of 17.45 km2 of the hex's canonical land, largest unioned share",,,,,,,INSERTED,promo_b68466ea22a9,12.33
TERRESTRIAL_HEX,h6000_q-000635_r+000981,sp_fef06587fead,CONTROLLED,"land inside the Portuguese safe interior (v3); 17.43 of 17.43 km2 of the hex's canonical land, largest unioned share",,,,,,,INSERTED,promo_b68466ea22a9,12.33
TERRESTRIAL_HEX,h6000_q-000635_r+000982,sp_fef06587fead,CONTROLLED,"land inside the Portuguese safe interior (v3); 17.42 of 17.42 km2 of the hex's canonical land, largest unioned share",,,,,,,INSERTED,promo_b68466ea22a9,12.33
TERRESTRIAL_HEX,h6000_q-000635_r+000983,sp_fef06587fead,CONTROLLED,"land inside the Portuguese safe interior (v3); 17.40 of 17.40 km2 of the hex's canonical land, largest unioned share",,,,,,,INSERTED,promo_b68466ea22a9,12.33
TERRESTRIAL_HEX,h6000_q-000635_r+000984,sp_fef06587fead,CONTROLLED,"land inside the Portuguese safe interior (v3); 17.38 of 17.38 km2 of the hex's canonical land, largest unioned share",,,,,,,INSERTED,promo_b68466ea22a9,12.33
TERRESTRIAL_HEX,h6000_q-000635_r+000985,sp_fef06587fead,CONTROLLED,"land inside the Portuguese safe interior (v3); 17.36 of 17.36 km2 of the hex's canonical land, largest unioned share",,,,,,,INSERTED,promo_b68466ea22a9,12.33
TERRESTRIAL_HEX,h6000_q-000636_r+000956,sp_fef06587fead,CONTROLLED,"land inside the Portuguese safe interior (v3); 17.90 of 17.90 km2 of the hex's canonical land, largest unioned share",,,,,,,INSERTED,promo_b68466ea22a9,12.33
TERRESTRIAL_HEX,h6000_q-000636_r+000957,sp_fef06587fead,CONTROLLED,"land inside the Portuguese safe interior (v3); 17.88 of 17.88 km2 of the hex's canonical land, largest unioned share",,,,,,,INSERTED,promo_b68466ea22a9,12.33
TERRESTRIAL_HEX,h6000_q-000636_r+000958,sp_fef06587fead,CONTROLLED,"land inside the Portuguese safe interior (v3); 17.87 of 17.87 km2 of the hex's canonical land, largest unioned share",,,,,,,INSERTED,promo_b68466ea22a9,12.33
TERRESTRIAL_HEX,h6000_q-000636_r+000959,sp_fef06587fead,CONTROLLED,"land inside the Portuguese safe interior (v3); 17.85 of 17.85 km2 of the hex's canonical land, largest unioned share",,,,,,,INSERTED,promo_b68466ea22a9,12.33
TERRESTRIAL_HEX,h6000_q-000636_r+000960,sp_fef06587fead,CONTROLLED,"land inside the Portuguese safe interior (v3); 17.83 of 17.83 km2 of the hex's canonical land, largest unioned share",,,,,,,INSERTED,promo_b68466ea22a9,12.33
TERRESTRIAL_HEX,h6000_q-000636_r+000970,sp_fef06587fead,CONTROLLED,"land inside the Portuguese safe interior (v3); 17.64 of 17.64 km2 of the hex's canonical land, largest unioned share",,,,,,,INSERTED,promo_b68466ea22a9,12.33
TERRESTRIAL_HEX,h6000_q-000636_r+000971,sp_fef06587fead,CONTROLLED,"land inside the Portuguese safe interior (v3); 17.62 of 17.62 km2 of the hex's canonical land, largest unioned share",,,,,,,INSERTED,promo_b68466ea22a9,12.33
TERRESTRIAL_HEX,h6000_q-000636_r+000972,sp_fef06587fead,CONTROLLED,"land inside the Portuguese safe interior (v3); 17.60 of 17.60 km2 of the hex's canonical land, largest unioned share",,,,,,,INSERTED,promo_b68466ea22a9,12.33
TERRESTRIAL_HEX,h6000_q-000636_r+000973,sp_fef06587fead,CONTROLLED,"land inside the Portuguese safe interior (v3); 17.58 of 17.58 km2 of the hex's canonical land, largest unioned share",,,,,,,INSERTED,promo_b68466ea22a9,12.33
TERRESTRIAL_HEX,h6000_q-000636_r+000974,sp_fef06587fead,CONTROLLED,"land inside the Portuguese safe interior (v3); 17.57 of 17.57 km2 of the hex's canonical land, largest unioned share",,,,,,,INSERTED,promo_b68466ea22a9,12.33
TERRESTRIAL_HEX,h6000_q-000636_r+000975,sp_fef06587fead,CONTROLLED,"land inside the Portuguese safe interior (v3); 17.55 of 17.55 km2 of the hex's canonical land, largest unioned share",,,,,,,INSERTED,promo_b68466ea22a9,12.33
TERRESTRIAL_HEX,h6000_q-000636_r+000976,sp_fef06587fead,CONTROLLED,"land inside the Portuguese safe interior (v3); 17.53 of 17.53 km2 of the hex's canonical land, largest unioned share",,,,,,,INSERTED,promo_b68466ea22a9,12.33
TERRESTRIAL_HEX,h6000_q-000636_r+000977,sp_fef06587fead,CONTROLLED,"land inside the Portuguese safe interior (v3); 17.51 of 17.51 km2 of the hex's canonical land, largest unioned share",,,,,,,INSERTED,promo_b68466ea22a9,12.33
TERRESTRIAL_HEX,h6000_q-000636_r+000978,sp_fef06587fead,CONTROLLED,"land inside the Portuguese safe interior (v3); 17.49 of 17.49 km2 of the hex's canonical land, largest unioned share",,,,,,,INSERTED,promo_b68466ea22a9,12.33
TERRESTRIAL_HEX,h6000_q-000636_r+000979,sp_fef06587fead,CONTROLLED,"land inside the Portuguese safe interior (v3); 17.47 of 17.47 km2 of the hex's canonical land, largest unioned share",,,,,,,INSERTED,promo_b68466ea22a9,12.33
TERRESTRIAL_HEX,h6000_q-000636_r+000980,sp_fef06587fead,CONTROLLED,"land inside the Portuguese safe interior (v3); 17.45 of 17.45 km2 of the hex's canonical land, largest unioned share",,,,,,,INSERTED,promo_b68466ea22a9,12.33
TERRESTRIAL_HEX,h6000_q-000636_r+000981,sp_fef06587fead,CONTROLLED,"land inside the Portuguese safe interior (v3); 17.43 of 17.43 km2 of the hex's canonical land, largest unioned share",,,,,,,INSERTED,promo_b68466ea22a9,12.33
TERRESTRIAL_HEX,h6000_q-000636_r+000982,sp_fef06587fead,CONTROLLED,"land inside the Portuguese safe interior (v3); 17.42 of 17.42 km2 of the hex's canonical land, largest unioned share",,,,,,,INSERTED,promo_b68466ea22a9,12.33
TERRESTRIAL_HEX,h6000_q-000636_r+000983,sp_fef06587fead,CONTROLLED,"land inside the Portuguese safe interior (v3); 17.40 of 17.40 km2 of the hex's canonical land, largest unioned share",,,,,,,INSERTED,promo_b68466ea22a9,12.33
TERRESTRIAL_HEX,h6000_q-000636_r+000984,sp_fef06587fead,CONTROLLED,"land inside the Portuguese safe interior (v3); 17.38 of 17.38 km2 of the hex's canonical land, largest unioned share",,,,,,,INSERTED,promo_b68466ea22a9,12.33
TERRESTRIAL_HEX,h6000_q-000636_r+000985,sp_fef06587fead,CONTROLLED,"land inside the Portuguese safe interior (v3); 17.36 of 17.36 km2 of the hex's canonical land, largest unioned share",,,,,,,INSERTED,promo_b68466ea22a9,12.33
TERRESTRIAL_HEX,h6000_q-000636_r+000986,sp_fef06587fead,CONTROLLED,"land inside the Portuguese safe interior (v3); 6.50 of 17.34 km2 of the hex's canonical land, largest unioned share",,,,,,,INSERTED,promo_b68466ea22a9,12.33
TERRESTRIAL_HEX,h6000_q-000637_r+000960,sp_fef06587fead,CONTROLLED,"land inside the Portuguese safe interior (v3); 17.83 of 17.83 km2 of the hex's canonical land, largest unioned share",,,,,,,INSERTED,promo_b68466ea22a9,12.33
TERRESTRIAL_HEX,h6000_q-000637_r+000961,sp_fef06587fead,CONTROLLED,"land inside the Portuguese safe interior (v3); 17.81 of 17.81 km2 of the hex's canonical land, largest unioned share",,,,,,,INSERTED,promo_b68466ea22a9,12.33
TERRESTRIAL_HEX,h6000_q-000637_r+000971,sp_fef06587fead,CONTROLLED,"land inside the Portuguese safe interior (v3); 17.62 of 17.62 km2 of the hex's canonical land, largest unioned share",,,,,,,INSERTED,promo_b68466ea22a9,12.33
TERRESTRIAL_HEX,h6000_q-000637_r+000972,sp_fef06587fead,CONTROLLED,"land inside the Portuguese safe interior (v3); 17.60 of 17.60 km2 of the hex's canonical land, largest unioned share",,,,,,,INSERTED,promo_b68466ea22a9,12.33
TERRESTRIAL_HEX,h6000_q-000637_r+000973,sp_fef06587fead,CONTROLLED,"land inside the Portuguese safe interior (v3); 17.58 of 17.58 km2 of the hex's canonical land, largest unioned share",,,,,,,INSERTED,promo_b68466ea22a9,12.33
TERRESTRIAL_HEX,h6000_q-000637_r+000974,sp_fef06587fead,CONTROLLED,"land inside the Portuguese safe interior (v3); 17.57 of 17.57 km2 of the hex's canonical land, largest unioned share",,,,,,,INSERTED,promo_b68466ea22a9,12.33
TERRESTRIAL_HEX,h6000_q-000637_r+000975,sp_fef06587fead,CONTROLLED,"land inside the Portuguese safe interior (v3); 17.55 of 17.55 km2 of the hex's canonical land, largest unioned share",,,,,,,INSERTED,promo_b68466ea22a9,12.33
TERRESTRIAL_HEX,h6000_q-000637_r+000976,sp_fef06587fead,CONTROLLED,"land inside the Portuguese safe interior (v3); 17.53 of 17.53 km2 of the hex's canonical land, largest unioned share",,,,,,,INSERTED,promo_b68466ea22a9,12.33
TERRESTRIAL_HEX,h6000_q-000637_r+000977,sp_fef06587fead,CONTROLLED,"land inside the Portuguese safe interior (v3); 17.51 of 17.51 km2 of the hex's canonical land, largest unioned share",,,,,,,INSERTED,promo_b68466ea22a9,12.33
TERRESTRIAL_HEX,h6000_q-000637_r+000978,sp_fef06587fead,CONTROLLED,"land inside the Portuguese safe interior (v3); 17.49 of 17.49 km2 of the hex's canonical land, largest unioned share",,,,,,,INSERTED,promo_b68466ea22a9,12.33
TERRESTRIAL_HEX,h6000_q-000637_r+000979,sp_fef06587fead,CONTROLLED,"land inside the Portuguese safe interior (v3); 17.47 of 17.47 km2 of the hex's canonical land, largest unioned share",,,,,,,INSERTED,promo_b68466ea22a9,12.33
TERRESTRIAL_HEX,h6000_q-000637_r+000980,sp_fef06587fead,CONTROLLED,"land inside the Portuguese safe interior (v3); 17.45 of 17.45 km2 of the hex's canonical land, largest unioned share",,,,,,,INSERTED,promo_b68466ea22a9,12.33
TERRESTRIAL_HEX,h6000_q-000637_r+000981,sp_fef06587fead,CONTROLLED,"land inside the Portuguese safe interior (v3); 17.43 of 17.43 km2 of the hex's canonical land, largest unioned share",,,,,,,INSERTED,promo_b68466ea22a9,12.33
TERRESTRIAL_HEX,h6000_q-000637_r+000982,sp_fef06587fead,CONTROLLED,"land inside the Portuguese safe interior (v3); 17.42 of 17.42 km2 of the hex's canonical land, largest unioned share",,,,,,,INSERTED,promo_b68466ea22a9,12.33
TERRESTRIAL_HEX,h6000_q-000637_r+000983,sp_fef06587fead,CONTROLLED,"land inside the Portuguese safe interior (v3); 17.40 of 17.40 km2 of the hex's canonical land, largest unioned share",,,,,,,INSERTED,promo_b68466ea22a9,12.33
TERRESTRIAL_HEX,h6000_q-000637_r+000984,sp_fef06587fead,CONTROLLED,"land inside the Portuguese safe interior (v3); 17.38 of 17.38 km2 of the hex's canonical land, largest unioned share",,,,,,,INSERTED,promo_b68466ea22a9,12.33
TERRESTRIAL_HEX,h6000_q-000637_r+000985,sp_fef06587fead,CONTROLLED,"land inside the Portuguese safe interior (v3); 17.36 of 17.36 km2 of the hex's canonical land, largest unioned share",,,,,,,INSERTED,promo_b68466ea22a9,12.33
TERRESTRIAL_HEX,h6000_q-000637_r+000986,sp_fef06587fead,CONTROLLED,"land inside the Portuguese safe interior (v3); 9.17 of 17.34 km2 of the hex's canonical land, largest unioned share",,,,,,,INSERTED,promo_b68466ea22a9,12.33
TERRESTRIAL_HEX,h6000_q-000638_r+000971,sp_fef06587fead,CONTROLLED,"land inside the Portuguese safe interior (v3); 17.62 of 17.62 km2 of the hex's canonical land, largest unioned share",,,,,,,INSERTED,promo_b68466ea22a9,12.33
TERRESTRIAL_HEX,h6000_q-000638_r+000972,sp_fef06587fead,CONTROLLED,"land inside the Portuguese safe interior (v3); 17.60 of 17.60 km2 of the hex's canonical land, largest unioned share",,,,,,,INSERTED,promo_b68466ea22a9,12.33
TERRESTRIAL_HEX,h6000_q-000638_r+000973,sp_fef06587fead,CONTROLLED,"land inside the Portuguese safe interior (v3); 17.58 of 17.58 km2 of the hex's canonical land, largest unioned share",,,,,,,INSERTED,promo_b68466ea22a9,12.33
TERRESTRIAL_HEX,h6000_q-000638_r+000974,sp_fef06587fead,CONTROLLED,"land inside the Portuguese safe interior (v3); 17.57 of 17.57 km2 of the hex's canonical land, largest unioned share",,,,,,,INSERTED,promo_b68466ea22a9,12.33
TERRESTRIAL_HEX,h6000_q-000638_r+000975,sp_fef06587fead,CONTROLLED,"land inside the Portuguese safe interior (v3); 17.55 of 17.55 km2 of the hex's canonical land, largest unioned share",,,,,,,INSERTED,promo_b68466ea22a9,12.33
TERRESTRIAL_HEX,h6000_q-000638_r+000976,sp_fef06587fead,CONTROLLED,"land inside the Portuguese safe interior (v3); 17.53 of 17.53 km2 of the hex's canonical land, largest unioned share",,,,,,,INSERTED,promo_b68466ea22a9,12.33
TERRESTRIAL_HEX,h6000_q-000638_r+000977,sp_fef06587fead,CONTROLLED,"land inside the Portuguese safe interior (v3); 17.51 of 17.51 km2 of the hex's canonical land, largest unioned share",,,,,,,INSERTED,promo_b68466ea22a9,12.33
TERRESTRIAL_HEX,h6000_q-000638_r+000978,sp_fef06587fead,CONTROLLED,"land inside the Portuguese safe interior (v3); 17.49 of 17.49 km2 of the hex's canonical land, largest unioned share",,,,,,,INSERTED,promo_b68466ea22a9,12.33
TERRESTRIAL_HEX,h6000_q-000638_r+000979,sp_fef06587fead,CONTROLLED,"land inside the Portuguese safe interior (v3); 17.47 of 17.47 km2 of the hex's canonical land, largest unioned share",,,,,,,INSERTED,promo_b68466ea22a9,12.33
TERRESTRIAL_HEX,h6000_q-000638_r+000980,sp_fef06587fead,CONTROLLED,"land inside the Portuguese safe interior (v3); 17.45 of 17.45 km2 of the hex's canonical land, largest unioned share",,,,,,,INSERTED,promo_b68466ea22a9,12.33
TERRESTRIAL_HEX,h6000_q-000638_r+000981,sp_fef06587fead,CONTROLLED,"land inside the Portuguese safe interior (v3); 17.43 of 17.43 km2 of the hex's canonical land, largest unioned share",,,,,,,INSERTED,promo_b68466ea22a9,12.33
TERRESTRIAL_HEX,h6000_q-000638_r+000982,sp_fef06587fead,CONTROLLED,"land inside the Portuguese safe interior (v3); 17.42 of 17.42 km2 of the hex's canonical land, largest unioned share",,,,,,,INSERTED,promo_b68466ea22a9,12.33
TERRESTRIAL_HEX,h6000_q-000638_r+000983,sp_fef06587fead,CONTROLLED,"land inside the Portuguese safe interior (v3); 17.40 of 17.40 km2 of the hex's canonical land, largest unioned share",,,,,,,INSERTED,promo_b68466ea22a9,12.33
TERRESTRIAL_HEX,h6000_q-000638_r+000984,sp_fef06587fead,CONTROLLED,"land inside the Portuguese safe interior (v3); 17.38 of 17.38 km2 of the hex's canonical land, largest unioned share",,,,,,,INSERTED,promo_b68466ea22a9,12.33
TERRESTRIAL_HEX,h6000_q-000638_r+000985,sp_fef06587fead,CONTROLLED,"land inside the Portuguese safe interior (v3); 17.36 of 17.36 km2 of the hex's canonical land, largest unioned share",,,,,,,INSERTED,promo_b68466ea22a9,12.33
TERRESTRIAL_HEX,h6000_q-000638_r+000986,sp_fef06587fead,CONTROLLED,"land inside the Portuguese safe interior (v3); 8.06 of 17.34 km2 of the hex's canonical land, largest unioned share",,,,,,,INSERTED,promo_b68466ea22a9,12.33
TERRESTRIAL_HEX,h6000_q-000639_r+000971,sp_fef06587fead,CONTROLLED,"land inside the Portuguese safe interior (v3); 17.62 of 17.62 km2 of the hex's canonical land, largest unioned share",,,,,,,INSERTED,promo_b68466ea22a9,12.33
TERRESTRIAL_HEX,h6000_q-000639_r+000972,sp_fef06587fead,CONTROLLED,"land inside the Portuguese safe interior (v3); 17.60 of 17.60 km2 of the hex's canonical land, largest unioned share",,,,,,,INSERTED,promo_b68466ea22a9,12.33
TERRESTRIAL_HEX,h6000_q-000639_r+000973,sp_fef06587fead,CONTROLLED,"land inside the Portuguese safe interior (v3); 17.58 of 17.58 km2 of the hex's canonical land, largest unioned share",,,,,,,INSERTED,promo_b68466ea22a9,12.33
TERRESTRIAL_HEX,h6000_q-000639_r+000974,sp_fef06587fead,CONTROLLED,"land inside the Portuguese safe interior (v3); 17.57 of 17.57 km2 of the hex's canonical land, largest unioned share",,,,,,,INSERTED,promo_b68466ea22a9,12.33
TERRESTRIAL_HEX,h6000_q-000639_r+000975,sp_fef06587fead,CONTROLLED,"land inside the Portuguese safe interior (v3); 17.55 of 17.55 km2 of the hex's canonical land, largest unioned share",,,,,,,INSERTED,promo_b68466ea22a9,12.33
TERRESTRIAL_HEX,h6000_q-000639_r+000976,sp_fef06587fead,CONTROLLED,"land inside the Portuguese safe interior (v3); 17.53 of 17.53 km2 of the hex's canonical land, largest unioned share",,,,,,,INSERTED,promo_b68466ea22a9,12.33
TERRESTRIAL_HEX,h6000_q-000639_r+000977,sp_fef06587fead,CONTROLLED,"land inside the Portuguese safe interior (v3); 17.51 of 17.51 km2 of the hex's canonical land, largest unioned share",,,,,,,INSERTED,promo_b68466ea22a9,12.33
TERRESTRIAL_HEX,h6000_q-000639_r+000978,sp_fef06587fead,CONTROLLED,"land inside the Portuguese safe interior (v3); 17.49 of 17.49 km2 of the hex's canonical land, largest unioned share",,,,,,,INSERTED,promo_b68466ea22a9,12.33
TERRESTRIAL_HEX,h6000_q-000639_r+000979,sp_fef06587fead,CONTROLLED,"land inside the Portuguese safe interior (v3); 17.47 of 17.47 km2 of the hex's canonical land, largest unioned share",,,,,,,INSERTED,promo_b68466ea22a9,12.33
TERRESTRIAL_HEX,h6000_q-000639_r+000980,sp_fef06587fead,CONTROLLED,"land inside the Portuguese safe interior (v3); 17.45 of 17.45 km2 of the hex's canonical land, largest unioned share",,,,,,,INSERTED,promo_b68466ea22a9,12.33
TERRESTRIAL_HEX,h6000_q-000639_r+000981,sp_fef06587fead,CONTROLLED,"land inside the Portuguese safe interior (v3); 17.43 of 17.43 km2 of the hex's canonical land, largest unioned share",,,,,,,INSERTED,promo_b68466ea22a9,12.33
TERRESTRIAL_HEX,h6000_q-000639_r+000982,sp_fef06587fead,CONTROLLED,"land inside the Portuguese safe interior (v3); 17.42 of 17.42 km2 of the hex's canonical land, largest unioned share",,,,,,,INSERTED,promo_b68466ea22a9,12.33
TERRESTRIAL_HEX,h6000_q-000639_r+000983,sp_fef06587fead,CONTROLLED,"land inside the Portuguese safe interior (v3); 17.40 of 17.40 km2 of the hex's canonical land, largest unioned share",,,,,,,INSERTED,promo_b68466ea22a9,12.33
TERRESTRIAL_HEX,h6000_q-000639_r+000984,sp_fef06587fead,CONTROLLED,"land inside the Portuguese safe interior (v3); 17.38 of 17.38 km2 of the hex's canonical land, largest unioned share",,,,,,,INSERTED,promo_b68466ea22a9,12.33
TERRESTRIAL_HEX,h6000_q-000639_r+000985,sp_fef06587fead,CONTROLLED,"land inside the Portuguese safe interior (v3); 15.05 of 17.36 km2 of the hex's canonical land, largest unioned share",,,,,,,INSERTED,promo_b68466ea22a9,12.33
TERRESTRIAL_HEX,h6000_q-000639_r+000986,sp_fef06587fead,CONTROLLED,"land inside the Portuguese safe interior (v3); 1.12 of 17.34 km2 of the hex's canonical land, largest unioned share",,,,,,,INSERTED,promo_b68466ea22a9,12.33
TERRESTRIAL_HEX,h6000_q-000640_r+000971,sp_fef06587fead,CONTROLLED,"land inside the Portuguese safe interior (v3); 17.62 of 17.62 km2 of the hex's canonical land, largest unioned share",,,,,,,INSERTED,promo_b68466ea22a9,12.33
TERRESTRIAL_HEX,h6000_q-000640_r+000972,sp_fef06587fead,CONTROLLED,"land inside the Portuguese safe interior (v3); 17.60 of 17.60 km2 of the hex's canonical land, largest unioned share",,,,,,,INSERTED,promo_b68466ea22a9,12.33
TERRESTRIAL_HEX,h6000_q-000640_r+000973,sp_fef06587fead,CONTROLLED,"land inside the Portuguese safe interior (v3); 17.58 of 17.58 km2 of the hex's canonical land, largest unioned share",,,,,,,INSERTED,promo_b68466ea22a9,12.33
TERRESTRIAL_HEX,h6000_q-000640_r+000974,sp_fef06587fead,CONTROLLED,"land inside the Portuguese safe interior (v3); 17.57 of 17.57 km2 of the hex's canonical land, largest unioned share",,,,,,,INSERTED,promo_b68466ea22a9,12.33
TERRESTRIAL_HEX,h6000_q-000640_r+000975,sp_fef06587fead,CONTROLLED,"land inside the Portuguese safe interior (v3); 17.55 of 17.55 km2 of the hex's canonical land, largest unioned share",,,,,,,INSERTED,promo_b68466ea22a9,12.33
TERRESTRIAL_HEX,h6000_q-000640_r+000976,sp_fef06587fead,CONTROLLED,"land inside the Portuguese safe interior (v3); 17.53 of 17.53 km2 of the hex's canonical land, largest unioned share",,,,,,,INSERTED,promo_b68466ea22a9,12.33
TERRESTRIAL_HEX,h6000_q-000640_r+000977,sp_fef06587fead,CONTROLLED,"land inside the Portuguese safe interior (v3); 17.51 of 17.51 km2 of the hex's canonical land, largest unioned share",,,,,,,INSERTED,promo_b68466ea22a9,12.33
TERRESTRIAL_HEX,h6000_q-000640_r+000978,sp_fef06587fead,CONTROLLED,"land inside the Portuguese safe interior (v3); 17.49 of 17.49 km2 of the hex's canonical land, largest unioned share",,,,,,,INSERTED,promo_b68466ea22a9,12.33
TERRESTRIAL_HEX,h6000_q-000640_r+000979,sp_fef06587fead,CONTROLLED,"land inside the Portuguese safe interior (v3); 17.47 of 17.47 km2 of the hex's canonical land, largest unioned share",,,,,,,INSERTED,promo_b68466ea22a9,12.33
TERRESTRIAL_HEX,h6000_q-000640_r+000980,sp_fef06587fead,CONTROLLED,"land inside the Portuguese safe interior (v3); 17.45 of 17.45 km2 of the hex's canonical land, largest unioned share",,,,,,,INSERTED,promo_b68466ea22a9,12.33
TERRESTRIAL_HEX,h6000_q-000640_r+000981,sp_fef06587fead,CONTROLLED,"land inside the Portuguese safe interior (v3); 17.43 of 17.43 km2 of the hex's canonical land, largest unioned share",,,,,,,INSERTED,promo_b68466ea22a9,12.33
TERRESTRIAL_HEX,h6000_q-000640_r+000982,sp_fef06587fead,CONTROLLED,"land inside the Portuguese safe interior (v3); 17.42 of 17.42 km2 of the hex's canonical land, largest unioned share",,,,,,,INSERTED,promo_b68466ea22a9,12.33
TERRESTRIAL_HEX,h6000_q-000640_r+000983,sp_fef06587fead,CONTROLLED,"land inside the Portuguese safe interior (v3); 17.40 of 17.40 km2 of the hex's canonical land, largest unioned share",,,,,,,INSERTED,promo_b68466ea22a9,12.33
TERRESTRIAL_HEX,h6000_q-000640_r+000984,sp_fef06587fead,CONTROLLED,"land inside the Portuguese safe interior (v3); 17.38 of 17.38 km2 of the hex's canonical land, largest unioned share",,,,,,,INSERTED,promo_b68466ea22a9,12.33
TERRESTRIAL_HEX,h6000_q-000640_r+000985,sp_fef06587fead,CONTROLLED,"land inside the Portuguese safe interior (v3); 13.10 of 17.36 km2 of the hex's canonical land, largest unioned share",,,,,,,INSERTED,promo_b68466ea22a9,12.33
TERRESTRIAL_HEX,h6000_q-000641_r+000970,sp_fef06587fead,CONTROLLED,"land inside the Portuguese safe interior (v3); 17.64 of 17.64 km2 of the hex's canonical land, largest unioned share",,,,,,,INSERTED,promo_b68466ea22a9,12.33
TERRESTRIAL_HEX,h6000_q-000641_r+000971,sp_fef06587fead,CONTROLLED,"land inside the Portuguese safe interior (v3); 17.62 of 17.62 km2 of the hex's canonical land, largest unioned share",,,,,,,INSERTED,promo_b68466ea22a9,12.33
TERRESTRIAL_HEX,h6000_q-000641_r+000972,sp_fef06587fead,CONTROLLED,"land inside the Portuguese safe interior (v3); 17.60 of 17.60 km2 of the hex's canonical land, largest unioned share",,,,,,,INSERTED,promo_b68466ea22a9,12.33
TERRESTRIAL_HEX,h6000_q-000641_r+000973,sp_fef06587fead,CONTROLLED,"land inside the Portuguese safe interior (v3); 17.58 of 17.58 km2 of the hex's canonical land, largest unioned share",,,,,,,INSERTED,promo_b68466ea22a9,12.33
TERRESTRIAL_HEX,h6000_q-000641_r+000974,sp_fef06587fead,CONTROLLED,"land inside the Portuguese safe interior (v3); 17.57 of 17.57 km2 of the hex's canonical land, largest unioned share",,,,,,,INSERTED,promo_b68466ea22a9,12.33
TERRESTRIAL_HEX,h6000_q-000641_r+000975,sp_fef06587fead,CONTROLLED,"land inside the Portuguese safe interior (v3); 17.55 of 17.55 km2 of the hex's canonical land, largest unioned share",,,,,,,INSERTED,promo_b68466ea22a9,12.33
TERRESTRIAL_HEX,h6000_q-000641_r+000976,sp_fef06587fead,CONTROLLED,"land inside the Portuguese safe interior (v3); 17.53 of 17.53 km2 of the hex's canonical land, largest unioned share",,,,,,,INSERTED,promo_b68466ea22a9,12.33
TERRESTRIAL_HEX,h6000_q-000641_r+000977,sp_fef06587fead,CONTROLLED,"land inside the Portuguese safe interior (v3); 17.51 of 17.51 km2 of the hex's canonical land, largest unioned share",,,,,,,INSERTED,promo_b68466ea22a9,12.33
TERRESTRIAL_HEX,h6000_q-000641_r+000978,sp_fef06587fead,CONTROLLED,"land inside the Portuguese safe interior (v3); 17.49 of 17.49 km2 of the hex's canonical land, largest unioned share",,,,,,,INSERTED,promo_b68466ea22a9,12.33
TERRESTRIAL_HEX,h6000_q-000641_r+000979,sp_fef06587fead,CONTROLLED,"land inside the Portuguese safe interior (v3); 17.47 of 17.47 km2 of the hex's canonical land, largest unioned share",,,,,,,INSERTED,promo_b68466ea22a9,12.33
TERRESTRIAL_HEX,h6000_q-000641_r+000980,sp_fef06587fead,CONTROLLED,"land inside the Portuguese safe interior (v3); 17.45 of 17.45 km2 of the hex's canonical land, largest unioned share",,,,,,,INSERTED,promo_b68466ea22a9,12.33
TERRESTRIAL_HEX,h6000_q-000641_r+000981,sp_fef06587fead,CONTROLLED,"land inside the Portuguese safe interior (v3); 17.43 of 17.43 km2 of the hex's canonical land, largest unioned share",,,,,,,INSERTED,promo_b68466ea22a9,12.33
TERRESTRIAL_HEX,h6000_q-000641_r+000982,sp_fef06587fead,CONTROLLED,"land inside the Portuguese safe interior (v3); 17.42 of 17.42 km2 of the hex's canonical land, largest unioned share",,,,,,,INSERTED,promo_b68466ea22a9,12.33
TERRESTRIAL_HEX,h6000_q-000641_r+000983,sp_fef06587fead,CONTROLLED,"land inside the Portuguese safe interior (v3); 17.40 of 17.40 km2 of the hex's canonical land, largest unioned share",,,,,,,INSERTED,promo_b68466ea22a9,12.33
TERRESTRIAL_HEX,h6000_q-000641_r+000984,sp_fef06587fead,CONTROLLED,"land inside the Portuguese safe interior (v3); 17.38 of 17.38 km2 of the hex's canonical land, largest unioned share",,,,,,,INSERTED,promo_b68466ea22a9,12.33
TERRESTRIAL_HEX,h6000_q-000641_r+000985,sp_fef06587fead,CONTROLLED,"land inside the Portuguese safe interior (v3); 12.98 of 17.36 km2 of the hex's canonical land, largest unioned share",,,,,,,INSERTED,promo_b68466ea22a9,12.33
TERRESTRIAL_HEX,h6000_q-000642_r+000970,sp_fef06587fead,CONTROLLED,"land inside the Portuguese safe interior (v3); 17.64 of 17.64 km2 of the hex's canonical land, largest unioned share",,,,,,,INSERTED,promo_b68466ea22a9,12.33
TERRESTRIAL_HEX,h6000_q-000642_r+000971,sp_fef06587fead,CONTROLLED,"land inside the Portuguese safe interior (v3); 17.62 of 17.62 km2 of the hex's canonical land, largest unioned share",,,,,,,INSERTED,promo_b68466ea22a9,12.33
TERRESTRIAL_HEX,h6000_q-000642_r+000972,sp_fef06587fead,CONTROLLED,"land inside the Portuguese safe interior (v3); 17.60 of 17.60 km2 of the hex's canonical land, largest unioned share",,,,,,,INSERTED,promo_b68466ea22a9,12.33
TERRESTRIAL_HEX,h6000_q-000642_r+000973,sp_fef06587fead,CONTROLLED,"land inside the Portuguese safe interior (v3); 17.58 of 17.58 km2 of the hex's canonical land, largest unioned share",,,,,,,INSERTED,promo_b68466ea22a9,12.33
TERRESTRIAL_HEX,h6000_q-000642_r+000974,sp_fef06587fead,CONTROLLED,"land inside the Portuguese safe interior (v3); 17.57 of 17.57 km2 of the hex's canonical land, largest unioned share",,,,,,,INSERTED,promo_b68466ea22a9,12.33
TERRESTRIAL_HEX,h6000_q-000642_r+000975,sp_fef06587fead,CONTROLLED,"land inside the Portuguese safe interior (v3); 17.55 of 17.55 km2 of the hex's canonical land, largest unioned share",,,,,,,INSERTED,promo_b68466ea22a9,12.33
TERRESTRIAL_HEX,h6000_q-000642_r+000976,sp_fef06587fead,CONTROLLED,"land inside the Portuguese safe interior (v3); 17.53 of 17.53 km2 of the hex's canonical land, largest unioned share",,,,,,,INSERTED,promo_b68466ea22a9,12.33
TERRESTRIAL_HEX,h6000_q-000642_r+000977,sp_fef06587fead,CONTROLLED,"land inside the Portuguese safe interior (v3); 17.51 of 17.51 km2 of the hex's canonical land, largest unioned share",,,,,,,INSERTED,promo_b68466ea22a9,12.33
TERRESTRIAL_HEX,h6000_q-000642_r+000978,sp_fef06587fead,CONTROLLED,"land inside the Portuguese safe interior (v3); 17.49 of 17.49 km2 of the hex's canonical land, largest unioned share",,,,,,,INSERTED,promo_b68466ea22a9,12.33
TERRESTRIAL_HEX,h6000_q-000642_r+000979,sp_fef06587fead,CONTROLLED,"land inside the Portuguese safe interior (v3); 17.47 of 17.47 km2 of the hex's canonical land, largest unioned share",,,,,,,INSERTED,promo_b68466ea22a9,12.33
TERRESTRIAL_HEX,h6000_q-000642_r+000980,sp_fef06587fead,CONTROLLED,"land inside the Portuguese safe interior (v3); 17.45 of 17.45 km2 of the hex's canonical land, largest unioned share",,,,,,,INSERTED,promo_b68466ea22a9,12.33
TERRESTRIAL_HEX,h6000_q-000642_r+000981,sp_fef06587fead,CONTROLLED,"land inside the Portuguese safe interior (v3); 17.43 of 17.43 km2 of the hex's canonical land, largest unioned share",,,,,,,INSERTED,promo_b68466ea22a9,12.33
TERRESTRIAL_HEX,h6000_q-000642_r+000982,sp_fef06587fead,CONTROLLED,"land inside the Portuguese safe interior (v3); 17.42 of 17.42 km2 of the hex's canonical land, largest unioned share",,,,,,,INSERTED,promo_b68466ea22a9,12.33
TERRESTRIAL_HEX,h6000_q-000642_r+000983,sp_fef06587fead,CONTROLLED,"land inside the Portuguese safe interior (v3); 17.40 of 17.40 km2 of the hex's canonical land, largest unioned share",,,,,,,INSERTED,promo_b68466ea22a9,12.33
TERRESTRIAL_HEX,h6000_q-000642_r+000984,sp_fef06587fead,CONTROLLED,"land inside the Portuguese safe interior (v3); 17.35 of 17.38 km2 of the hex's canonical land, largest unioned share",,,,,,,INSERTED,promo_b68466ea22a9,12.33
TERRESTRIAL_HEX,h6000_q-000642_r+000985,sp_fef06587fead,CONTROLLED,"land inside the Portuguese safe interior (v3); 5.27 of 17.36 km2 of the hex's canonical land, largest unioned share",,,,,,,INSERTED,promo_b68466ea22a9,12.33
TERRESTRIAL_HEX,h6000_q-000643_r+000972,sp_fef06587fead,CONTROLLED,"land inside the Portuguese safe interior (v3); 17.60 of 17.60 km2 of the hex's canonical land, largest unioned share",,,,,,,INSERTED,promo_b68466ea22a9,12.33
TERRESTRIAL_HEX,h6000_q-000643_r+000973,sp_fef06587fead,CONTROLLED,"land inside the Portuguese safe interior (v3); 17.58 of 17.58 km2 of the hex's canonical land, largest unioned share",,,,,,,INSERTED,promo_b68466ea22a9,12.33
TERRESTRIAL_HEX,h6000_q-000643_r+000974,sp_fef06587fead,CONTROLLED,"land inside the Portuguese safe interior (v3); 17.57 of 17.57 km2 of the hex's canonical land, largest unioned share",,,,,,,INSERTED,promo_b68466ea22a9,12.33
TERRESTRIAL_HEX,h6000_q-000643_r+000975,sp_fef06587fead,CONTROLLED,"land inside the Portuguese safe interior (v3); 17.55 of 17.55 km2 of the hex's canonical land, largest unioned share",,,,,,,INSERTED,promo_b68466ea22a9,12.33
TERRESTRIAL_HEX,h6000_q-000643_r+000976,sp_fef06587fead,CONTROLLED,"land inside the Portuguese safe interior (v3); 17.53 of 17.53 km2 of the hex's canonical land, largest unioned share",,,,,,,INSERTED,promo_b68466ea22a9,12.33
TERRESTRIAL_HEX,h6000_q-000643_r+000977,sp_fef06587fead,CONTROLLED,"land inside the Portuguese safe interior (v3); 17.51 of 17.51 km2 of the hex's canonical land, largest unioned share",,,,,,,INSERTED,promo_b68466ea22a9,12.33
TERRESTRIAL_HEX,h6000_q-000643_r+000978,sp_fef06587fead,CONTROLLED,"land inside the Portuguese safe interior (v3); 17.49 of 17.49 km2 of the hex's canonical land, largest unioned share",,,,,,,INSERTED,promo_b68466ea22a9,12.33
TERRESTRIAL_HEX,h6000_q-000643_r+000979,sp_fef06587fead,CONTROLLED,"land inside the Portuguese safe interior (v3); 17.47 of 17.47 km2 of the hex's canonical land, largest unioned share",,,,,,,INSERTED,promo_b68466ea22a9,12.33
TERRESTRIAL_HEX,h6000_q-000643_r+000980,sp_fef06587fead,CONTROLLED,"land inside the Portuguese safe interior (v3); 17.45 of 17.45 km2 of the hex's canonical land, largest unioned share",,,,,,,INSERTED,promo_b68466ea22a9,12.33
TERRESTRIAL_HEX,h6000_q-000643_r+000981,sp_fef06587fead,CONTROLLED,"land inside the Portuguese safe interior (v3); 17.43 of 17.43 km2 of the hex's canonical land, largest unioned share",,,,,,,INSERTED,promo_b68466ea22a9,12.33
TERRESTRIAL_HEX,h6000_q-000643_r+000982,sp_fef06587fead,CONTROLLED,"land inside the Portuguese safe interior (v3); 17.42 of 17.42 km2 of the hex's canonical land, largest unioned share",,,,,,,INSERTED,promo_b68466ea22a9,12.33
TERRESTRIAL_HEX,h6000_q-000643_r+000983,sp_fef06587fead,CONTROLLED,"land inside the Portuguese safe interior (v3); 17.40 of 17.40 km2 of the hex's canonical land, largest unioned share",,,,,,,INSERTED,promo_b68466ea22a9,12.33
TERRESTRIAL_HEX,h6000_q-000643_r+000984,sp_fef06587fead,CONTROLLED,"land inside the Portuguese safe interior (v3); 12.84 of 17.38 km2 of the hex's canonical land, largest unioned share",,,,,,,INSERTED,promo_b68466ea22a9,12.33
TERRESTRIAL_HEX,h6000_q-000643_r+000985,sp_fef06587fead,CONTROLLED,"land inside the Portuguese safe interior (v3); 0.48 of 17.36 km2 of the hex's canonical land, largest unioned share",,,,,,,INSERTED,promo_b68466ea22a9,12.33
TERRESTRIAL_HEX,h6000_q-000644_r+000973,sp_fef06587fead,CONTROLLED,"land inside the Portuguese safe interior (v3); 17.58 of 17.58 km2 of the hex's canonical land, largest unioned share",,,,,,,INSERTED,promo_b68466ea22a9,12.33
TERRESTRIAL_HEX,h6000_q-000644_r+000974,sp_fef06587fead,CONTROLLED,"land inside the Portuguese safe interior (v3); 17.57 of 17.57 km2 of the hex's canonical land, largest unioned share",,,,,,,INSERTED,promo_b68466ea22a9,12.33
TERRESTRIAL_HEX,h6000_q-000644_r+000975,sp_fef06587fead,CONTROLLED,"land inside the Portuguese safe interior (v3); 17.55 of 17.55 km2 of the hex's canonical land, largest unioned share",,,,,,,INSERTED,promo_b68466ea22a9,12.33
TERRESTRIAL_HEX,h6000_q-000644_r+000976,sp_fef06587fead,CONTROLLED,"land inside the Portuguese safe interior (v3); 17.53 of 17.53 km2 of the hex's canonical land, largest unioned share",,,,,,,INSERTED,promo_b68466ea22a9,12.33
TERRESTRIAL_HEX,h6000_q-000644_r+000977,sp_fef06587fead,CONTROLLED,"land inside the Portuguese safe interior (v3); 17.51 of 17.51 km2 of the hex's canonical land, largest unioned share",,,,,,,INSERTED,promo_b68466ea22a9,12.33
TERRESTRIAL_HEX,h6000_q-000644_r+000978,sp_fef06587fead,CONTROLLED,"land inside the Portuguese safe interior (v3); 17.49 of 17.49 km2 of the hex's canonical land, largest unioned share",,,,,,,INSERTED,promo_b68466ea22a9,12.33
TERRESTRIAL_HEX,h6000_q-000644_r+000979,sp_fef06587fead,CONTROLLED,"land inside the Portuguese safe interior (v3); 17.47 of 17.47 km2 of the hex's canonical land, largest unioned share",,,,,,,INSERTED,promo_b68466ea22a9,12.33
TERRESTRIAL_HEX,h6000_q-000644_r+000980,sp_fef06587fead,CONTROLLED,"land inside the Portuguese safe interior (v3); 17.45 of 17.45 km2 of the hex's canonical land, largest unioned share",,,,,,,INSERTED,promo_b68466ea22a9,12.33
TERRESTRIAL_HEX,h6000_q-000644_r+000981,sp_fef06587fead,CONTROLLED,"land inside the Portuguese safe interior (v3); 17.43 of 17.43 km2 of the hex's canonical land, largest unioned share",,,,,,,INSERTED,promo_b68466ea22a9,12.33
TERRESTRIAL_HEX,h6000_q-000644_r+000982,sp_fef06587fead,CONTROLLED,"land inside the Portuguese safe interior (v3); 17.42 of 17.42 km2 of the hex's canonical land, largest unioned share",,,,,,,INSERTED,promo_b68466ea22a9,12.33
TERRESTRIAL_HEX,h6000_q-000644_r+000983,sp_fef06587fead,CONTROLLED,"land inside the Portuguese safe interior (v3); 17.40 of 17.40 km2 of the hex's canonical land, largest unioned share",,,,,,,INSERTED,promo_b68466ea22a9,12.33
TERRESTRIAL_HEX,h6000_q-000644_r+000984,sp_fef06587fead,CONTROLLED,"land inside the Portuguese safe interior (v3); 9.16 of 17.38 km2 of the hex's canonical land, largest unioned share",,,,,,,INSERTED,promo_b68466ea22a9,12.33
TERRESTRIAL_HEX,h6000_q-000645_r+000974,sp_fef06587fead,CONTROLLED,"land inside the Portuguese safe interior (v3); 6.70 of 17.57 km2 of the hex's canonical land, largest unioned share",,,,,,,INSERTED,promo_b68466ea22a9,12.33
TERRESTRIAL_HEX,h6000_q-000645_r+000975,sp_fef06587fead,CONTROLLED,"land inside the Portuguese safe interior (v3); 5.42 of 17.55 km2 of the hex's canonical land, largest unioned share",,,,,,,INSERTED,promo_b68466ea22a9,12.33
TERRESTRIAL_HEX,h6000_q-000645_r+000976,sp_fef06587fead,CONTROLLED,"land inside the Portuguese safe interior (v3); 8.40 of 17.53 km2 of the hex's canonical land, largest unioned share",,,,,,,INSERTED,promo_b68466ea22a9,12.33
TERRESTRIAL_HEX,h6000_q-000645_r+000977,sp_fef06587fead,CONTROLLED,"land inside the Portuguese safe interior (v3); 15.04 of 17.51 km2 of the hex's canonical land, largest unioned share",,,,,,,INSERTED,promo_b68466ea22a9,12.33
TERRESTRIAL_HEX,h6000_q-000645_r+000978,sp_fef06587fead,CONTROLLED,"land inside the Portuguese safe interior (v3); 17.49 of 17.49 km2 of the hex's canonical land, largest unioned share",,,,,,,INSERTED,promo_b68466ea22a9,12.33
TERRESTRIAL_HEX,h6000_q-000645_r+000979,sp_fef06587fead,CONTROLLED,"land inside the Portuguese safe interior (v3); 17.47 of 17.47 km2 of the hex's canonical land, largest unioned share",,,,,,,INSERTED,promo_b68466ea22a9,12.33
TERRESTRIAL_HEX,h6000_q-000645_r+000980,sp_fef06587fead,CONTROLLED,"land inside the Portuguese safe interior (v3); 17.45 of 17.45 km2 of the hex's canonical land, largest unioned share",,,,,,,INSERTED,promo_b68466ea22a9,12.33
TERRESTRIAL_HEX,h6000_q-000645_r+000981,sp_fef06587fead,CONTROLLED,"land inside the Portuguese safe interior (v3); 17.43 of 17.43 km2 of the hex's canonical land, largest unioned share",,,,,,,INSERTED,promo_b68466ea22a9,12.33
TERRESTRIAL_HEX,h6000_q-000645_r+000982,sp_fef06587fead,CONTROLLED,"land inside the Portuguese safe interior (v3); 17.42 of 17.42 km2 of the hex's canonical land, largest unioned share",,,,,,,INSERTED,promo_b68466ea22a9,12.33
TERRESTRIAL_HEX,h6000_q-000645_r+000983,sp_fef06587fead,CONTROLLED,"land inside the Portuguese safe interior (v3); 17.11 of 17.40 km2 of the hex's canonical land, largest unioned share",,,,,,,INSERTED,promo_b68466ea22a9,12.33
TERRESTRIAL_HEX,h6000_q-000645_r+000984,sp_fef06587fead,CONTROLLED,"land inside the Portuguese safe interior (v3); 5.27 of 17.38 km2 of the hex's canonical land, largest unioned share",,,,,,,INSERTED,promo_b68466ea22a9,12.33
TERRESTRIAL_HEX,h6000_q-000646_r+000978,sp_fef06587fead,CONTROLLED,"land inside the Portuguese safe interior (v3); 5.62 of 17.49 km2 of the hex's canonical land, largest unioned share",,,,,,,INSERTED,promo_b68466ea22a9,12.33
TERRESTRIAL_HEX,h6000_q-000646_r+000979,sp_fef06587fead,CONTROLLED,"land inside the Portuguese safe interior (v3); 17.41 of 17.47 km2 of the hex's canonical land, largest unioned share",,,,,,,INSERTED,promo_b68466ea22a9,12.33
TERRESTRIAL_HEX,h6000_q-000646_r+000980,sp_fef06587fead,CONTROLLED,"land inside the Portuguese safe interior (v3); 17.45 of 17.45 km2 of the hex's canonical land, largest unioned share",,,,,,,INSERTED,promo_b68466ea22a9,12.33
TERRESTRIAL_HEX,h6000_q-000646_r+000981,sp_fef06587fead,CONTROLLED,"land inside the Portuguese safe interior (v3); 17.43 of 17.43 km2 of the hex's canonical land, largest unioned share",,,,,,,INSERTED,promo_b68466ea22a9,12.33
TERRESTRIAL_HEX,h6000_q-000646_r+000982,sp_fef06587fead,CONTROLLED,"land inside the Portuguese safe interior (v3); 12.32 of 17.42 km2 of the hex's canonical land, largest unioned share",,,,,,,INSERTED,promo_b68466ea22a9,12.33
TERRESTRIAL_HEX,h6000_q-000646_r+000983,sp_fef06587fead,CONTROLLED,"land inside the Portuguese safe interior (v3); 4.05 of 17.40 km2 of the hex's canonical land, largest unioned share",,,,,,,INSERTED,promo_b68466ea22a9,12.33
TERRESTRIAL_HEX,h6000_q-000646_r+000984,sp_fef06587fead,CONTROLLED,"land inside the Portuguese safe interior (v3); 0.14 of 17.38 km2 of the hex's canonical land, largest unioned share",,,,,,,INSERTED,promo_b68466ea22a9,12.33
TERRESTRIAL_HEX,h6000_q-000647_r+000979,sp_fef06587fead,CONTROLLED,"land inside the Portuguese safe interior (v3); 1.04 of 17.47 km2 of the hex's canonical land, largest unioned share",,,,,,,INSERTED,promo_b68466ea22a9,12.33
TERRESTRIAL_HEX,h6000_q-000647_r+000980,sp_fef06587fead,CONTROLLED,"land inside the Portuguese safe interior (v3); 16.76 of 17.45 km2 of the hex's canonical land, largest unioned share",,,,,,,INSERTED,promo_b68466ea22a9,12.33
TERRESTRIAL_HEX,h6000_q-000647_r+000981,sp_fef06587fead,CONTROLLED,"land inside the Portuguese safe interior (v3); 17.26 of 17.43 km2 of the hex's canonical land, largest unioned share",,,,,,,INSERTED,promo_b68466ea22a9,12.33
TERRESTRIAL_HEX,h6000_q-000647_r+000982,sp_fef06587fead,CONTROLLED,"land inside the Portuguese safe interior (v3); 3.90 of 17.42 km2 of the hex's canonical land, largest unioned share",,,,,,,INSERTED,promo_b68466ea22a9,12.33
TERRESTRIAL_HEX,h6000_q-000648_r+000980,sp_fef06587fead,CONTROLLED,"land inside the Portuguese safe interior (v3); 0.70 of 17.45 km2 of the hex's canonical land, largest unioned share",,,,,,,INSERTED,promo_b68466ea22a9,12.33
TERRESTRIAL_HEX,h6000_q-000648_r+000981,sp_fef06587fead,CONTROLLED,"land inside the Portuguese safe interior (v3); 16.87 of 17.43 km2 of the hex's canonical land, largest unioned share",,,,,,,INSERTED,promo_b68466ea22a9,12.33
TERRESTRIAL_HEX,h6000_q-000648_r+000982,sp_fef06587fead,CONTROLLED,"land inside the Portuguese safe interior (v3); 1.32 of 17.42 km2 of the hex's canonical land, largest unioned share",,,,,,,INSERTED,promo_b68466ea22a9,12.33
TERRESTRIAL_HEX,h6000_q-000649_r+000981,sp_fef06587fead,CONTROLLED,"land inside the Portuguese safe interior (v3); 0.06 of 17.43 km2 of the hex's canonical land, largest unioned share",,,,,,,INSERTED,promo_b68466ea22a9,12.33
TERRESTRIAL_HEX,h6000_q-000649_r+000982,sp_fef06587fead,CONTROLLED,"land inside the Portuguese safe interior (v3); 0.69 of 17.42 km2 of the hex's canonical land, largest unioned share",,,,,,,INSERTED,promo_b68466ea22a9,12.33
TERRESTRIAL_HEX,h6000_q-000572_r+000861,sp_fef06587fead,CONTROLLED,"land inside the Portuguese safe interior (v3); 1.55 of 19.72 km2 of the hex's canonical land, largest unioned share",UNRESOLVED,,promo_c1d69cca569e,34.61,rev_0c9f7912f9bf,Portugal safe interior v3 from the 1751 Vaugondy sheets; positional uncertainty 12.33 km replaces 34.61 km,REVISED,promo_b68466ea22a9,12.33
TERRESTRIAL_HEX,h6000_q-000573_r+000859,sp_fef06587fead,CONTROLLED,"land inside the Portuguese safe interior (v3); 0.06 of 19.76 km2 of the hex's canonical land, largest unioned share",UNRESOLVED,,promo_c1d69cca569e,34.61,rev_239ca1ee8754,Portugal safe interior v3 from the 1751 Vaugondy sheets; positional uncertainty 12.33 km replaces 34.61 km,REVISED,promo_b68466ea22a9,12.33
TERRESTRIAL_HEX,h6000_q-000573_r+000860,sp_fef06587fead,CONTROLLED,"land inside the Portuguese safe interior (v3); 11.48 of 19.74 km2 of the hex's canonical land, largest unioned share",UNRESOLVED,,promo_c1d69cca569e,34.61,rev_d0a0c7ea2851,Portugal safe interior v3 from the 1751 Vaugondy sheets; positional uncertainty 12.33 km replaces 34.61 km,REVISED,promo_b68466ea22a9,12.33
TERRESTRIAL_HEX,h6000_q-000573_r+000861,sp_fef06587fead,CONTROLLED,"land inside the Portuguese safe interior (v3); 18.68 of 19.72 km2 of the hex's canonical land, largest unioned share",UNRESOLVED,,promo_c1d69cca569e,34.61,rev_b564b935087d,Portugal safe interior v3 from the 1751 Vaugondy sheets; positional uncertainty 12.33 km replaces 34.61 km,REVISED,promo_b68466ea22a9,12.33
TERRESTRIAL_HEX,h6000_q-000573_r+000862,sp_fef06587fead,CONTROLLED,"land inside the Portuguese safe interior (v3); 16.85 of 19.70 km2 of the hex's canonical land, largest unioned share",UNRESOLVED,,promo_c1d69cca569e,34.61,rev_7dbe767bdba4,Portugal safe interior v3 from the 1751 Vaugondy sheets; positional uncertainty 12.33 km replaces 34.61 km,REVISED,promo_b68466ea22a9,12.33
TERRESTRIAL_HEX,h6000_q-000574_r+000859,sp_fef06587fead,CONTROLLED,"land inside the Portuguese safe interior (v3); 7.03 of 19.76 km2 of the hex's canonical land, largest unioned share",UNRESOLVED,,promo_c1d69cca569e,34.61,rev_dec13f52044a,Portugal safe interior v3 from the 1751 Vaugondy sheets; positional uncertainty 12.33 km replaces 34.61 km,REVISED,promo_b68466ea22a9,12.33
TERRESTRIAL_HEX,h6000_q-000574_r+000860,sp_fef06587fead,CONTROLLED,"land inside the Portuguese safe interior (v3); 19.59 of 19.74 km2 of the hex's canonical land, largest unioned share",UNRESOLVED,,promo_c1d69cca569e,34.61,rev_a5658235ea7e,Portugal safe interior v3 from the 1751 Vaugondy sheets; positional uncertainty 12.33 km replaces 34.61 km,REVISED,promo_b68466ea22a9,12.33
TERRESTRIAL_HEX,h6000_q-000574_r+000861,sp_fef06587fead,CONTROLLED,"land inside the Portuguese safe interior (v3); 19.72 of 19.72 km2 of the hex's canonical land, largest unioned share",UNRESOLVED,,promo_c1d69cca569e,34.61,rev_8ecdef7757a6,Portugal safe interior v3 from the 1751 Vaugondy sheets; positional uncertainty 12.33 km replaces 34.61 km,REVISED,promo_b68466ea22a9,12.33
TERRESTRIAL_HEX,h6000_q-000575_r+000859,sp_fef06587fead,CONTROLLED,"land inside the Portuguese safe interior (v3); 9.57 of 19.76 km2 of the hex's canonical land, largest unioned share",UNRESOLVED,,promo_c1d69cca569e,34.61,rev_c29cbc24330e,Portugal safe interior v3 from the 1751 Vaugondy sheets; positional uncertainty 12.33 km replaces 34.61 km,REVISED,promo_b68466ea22a9,12.33
TERRESTRIAL_HEX,h6000_q-000575_r+000860,sp_fef06587fead,CONTROLLED,"land inside the Portuguese safe interior (v3); 19.74 of 19.74 km2 of the hex's canonical land, largest unioned share",UNRESOLVED,,promo_c1d69cca569e,34.61,rev_a9a0b0bcc7a1,Portugal safe interior v3 from the 1751 Vaugondy sheets; positional uncertainty 12.33 km replaces 34.61 km,REVISED,promo_b68466ea22a9,12.33
TERRESTRIAL_HEX,h6000_q-000575_r+000861,sp_fef06587fead,CONTROLLED,"land inside the Portuguese safe interior (v3); 19.72 of 19.72 km2 of the hex's canonical land, largest unioned share",UNRESOLVED,,promo_c1d69cca569e,34.61,rev_374b47cd6a18,Portugal safe interior v3 from the 1751 Vaugondy sheets; positional uncertainty 12.33 km replaces 34.61 km,REVISED,promo_b68466ea22a9,12.33
TERRESTRIAL_HEX,h6000_q-000576_r+000858,sp_fef06587fead,CONTROLLED,"land inside the Portuguese safe interior (v3); 3.34 of 19.78 km2 of the hex's canonical land, largest unioned share",UNRESOLVED,,promo_c1d69cca569e,34.61,rev_840fea653e86,Portugal safe interior v3 from the 1751 Vaugondy sheets; positional uncertainty 12.33 km replaces 34.61 km,REVISED,promo_b68466ea22a9,12.33
TERRESTRIAL_HEX,h6000_q-000576_r+000859,sp_fef06587fead,CONTROLLED,"land inside the Portuguese safe interior (v3); 16.81 of 19.76 km2 of the hex's canonical land, largest unioned share",UNRESOLVED,,promo_c1d69cca569e,34.61,rev_81e0e4b64d3f,Portugal safe interior v3 from the 1751 Vaugondy sheets; positional uncertainty 12.33 km replaces 34.61 km,REVISED,promo_b68466ea22a9,12.33
TERRESTRIAL_HEX,h6000_q-000576_r+000860,sp_fef06587fead,CONTROLLED,"land inside the Portuguese safe interior (v3); 19.74 of 19.74 km2 of the hex's canonical land, largest unioned share",UNRESOLVED,,promo_c1d69cca569e,34.61,rev_052e93dfe4e7,Portugal safe interior v3 from the 1751 Vaugondy sheets; positional uncertainty 12.33 km replaces 34.61 km,REVISED,promo_b68466ea22a9,12.33
TERRESTRIAL_HEX,h6000_q-000576_r+000861,sp_fef06587fead,CONTROLLED,"land inside the Portuguese safe interior (v3); 19.72 of 19.72 km2 of the hex's canonical land, largest unioned share",UNRESOLVED,,promo_c1d69cca569e,34.61,rev_25af1c6578ec,Portugal safe interior v3 from the 1751 Vaugondy sheets; positional uncertainty 12.33 km replaces 34.61 km,REVISED,promo_b68466ea22a9,12.33
TERRESTRIAL_HEX,h6000_q-000577_r+000859,sp_fef06587fead,CONTROLLED,"land inside the Portuguese safe interior (v3); 13.41 of 19.76 km2 of the hex's canonical land, largest unioned share",UNRESOLVED,,promo_c1d69cca569e,34.61,rev_e5246bf5cf4b,Portugal safe interior v3 from the 1751 Vaugondy sheets; positional uncertainty 12.33 km replaces 34.61 km,REVISED,promo_b68466ea22a9,12.33
TERRESTRIAL_HEX,h6000_q-000577_r+000860,sp_fef06587fead,CONTROLLED,"land inside the Portuguese safe interior (v3); 19.74 of 19.74 km2 of the hex's canonical land, largest unioned share",UNRESOLVED,,promo_c1d69cca569e,34.61,rev_6df7d8809128,Portugal safe interior v3 from the 1751 Vaugondy sheets; positional uncertainty 12.33 km replaces 34.61 km,REVISED,promo_b68466ea22a9,12.33
TERRESTRIAL_HEX,h6000_q-000577_r+000861,sp_fef06587fead,CONTROLLED,"land inside the Portuguese safe interior (v3); 19.72 of 19.72 km2 of the hex's canonical land, largest unioned share",UNRESOLVED,,promo_c1d69cca569e,34.61,rev_6e612898bff0,Portugal safe interior v3 from the 1751 Vaugondy sheets; positional uncertainty 12.33 km replaces 34.61 km,REVISED,promo_b68466ea22a9,12.33
TERRESTRIAL_HEX,h6000_q-000577_r+000862,sp_fef06587fead,CONTROLLED,"land inside the Portuguese safe interior (v3); 19.70 of 19.70 km2 of the hex's canonical land, largest unioned share",UNRESOLVED,,promo_c1d69cca569e,34.61,rev_ad7f268ba1fd,Portugal safe interior v3 from the 1751 Vaugondy sheets; positional uncertainty 12.33 km replaces 34.61 km,REVISED,promo_b68466ea22a9,12.33
TERRESTRIAL_HEX,h6000_q-000577_r+000884,sp_fef06587fead,CONTROLLED,"land inside the Portuguese safe interior (v3); 0.10 of 19.28 km2 of the hex's canonical land, largest unioned share",UNRESOLVED,,promo_7c95358cf0a4,34.61,rev_8b5881b33c84,Portugal safe interior v3 from the 1751 Vaugondy sheets; positional uncertainty 12.33 km replaces 34.61 km,REVISED,promo_b68466ea22a9,12.33
TERRESTRIAL_HEX,h6000_q-000578_r+000859,sp_fef06587fead,CONTROLLED,"land inside the Portuguese safe interior (v3); 0.02 of 19.76 km2 of the hex's canonical land, largest unioned share",UNRESOLVED,,promo_c1d69cca569e,34.61,rev_0825f60f8969,Portugal safe interior v3 from the 1751 Vaugondy sheets; positional uncertainty 12.33 km replaces 34.61 km,REVISED,promo_b68466ea22a9,12.33
TERRESTRIAL_HEX,h6000_q-000578_r+000860,sp_fef06587fead,CONTROLLED,"land inside the Portuguese safe interior (v3); 18.43 of 19.74 km2 of the hex's canonical land, largest unioned share",UNRESOLVED,,promo_c1d69cca569e,34.61,rev_e681efbefb61,Portugal safe interior v3 from the 1751 Vaugondy sheets; positional uncertainty 12.33 km replaces 34.61 km,REVISED,promo_b68466ea22a9,12.33
TERRESTRIAL_HEX,h6000_q-000578_r+000861,sp_fef06587fead,CONTROLLED,"land inside the Portuguese safe interior (v3); 19.72 of 19.72 km2 of the hex's canonical land, largest unioned share",UNRESOLVED,,promo_c1d69cca569e,34.61,rev_e1934b9ddd99,Portugal safe interior v3 from the 1751 Vaugondy sheets; positional uncertainty 12.33 km replaces 34.61 km,REVISED,promo_b68466ea22a9,12.33
TERRESTRIAL_HEX,h6000_q-000578_r+000862,sp_fef06587fead,CONTROLLED,"land inside the Portuguese safe interior (v3); 19.70 of 19.70 km2 of the hex's canonical land, largest unioned share",UNRESOLVED,,promo_c1d69cca569e,34.61,rev_bbb4d5ce85c8,Portugal safe interior v3 from the 1751 Vaugondy sheets; positional uncertainty 12.33 km replaces 34.61 km,REVISED,promo_b68466ea22a9,12.33
TERRESTRIAL_HEX,h6000_q-000578_r+000884,sp_fef06587fead,CONTROLLED,"land inside the Portuguese safe interior (v3); 11.59 of 19.28 km2 of the hex's canonical land, largest unioned share",UNRESOLVED,,promo_7c95358cf0a4,34.61,rev_509903a71c66,Portugal safe interior v3 from the 1751 Vaugondy sheets; positional uncertainty 12.33 km replaces 34.61 km,REVISED,promo_b68466ea22a9,12.33
TERRESTRIAL_HEX,h6000_q-000578_r+000885,sp_fef06587fead,CONTROLLED,"land inside the Portuguese safe interior (v3); 19.25 of 19.26 km2 of the hex's canonical land, largest unioned share",UNRESOLVED,,promo_7c95358cf0a4,34.61,rev_1fa544000d7d,Portugal safe interior v3 from the 1751 Vaugondy sheets; positional uncertainty 12.33 km replaces 34.61 km,REVISED,promo_b68466ea22a9,12.33
TERRESTRIAL_HEX,h6000_q-000579_r+000860,sp_fef06587fead,CONTROLLED,"land inside the Portuguese safe interior (v3); 3.47 of 19.74 km2 of the hex's canonical land, largest unioned share",UNRESOLVED,,promo_c1d69cca569e,34.61,rev_af6ada25ceb1,Portugal safe interior v3 from the 1751 Vaugondy sheets; positional uncertainty 12.33 km replaces 34.61 km,REVISED,promo_b68466ea22a9,12.33
TERRESTRIAL_HEX,h6000_q-000579_r+000861,sp_fef06587fead,CONTROLLED,"land inside the Portuguese safe interior (v3); 19.72 of 19.72 km2 of the hex's canonical land, largest unioned share",UNRESOLVED,,promo_c1d69cca569e,34.61,rev_2e5f9c94831f,Portugal safe interior v3 from the 1751 Vaugondy sheets; positional uncertainty 12.33 km replaces 34.61 km,REVISED,promo_b68466ea22a9,12.33
TERRESTRIAL_HEX,h6000_q-000579_r+000862,sp_fef06587fead,CONTROLLED,"land inside the Portuguese safe interior (v3); 19.70 of 19.70 km2 of the hex's canonical land, largest unioned share",UNRESOLVED,,promo_c1d69cca569e,34.61,rev_8d886c5123aa,Portugal safe interior v3 from the 1751 Vaugondy sheets; positional uncertainty 12.33 km replaces 34.61 km,REVISED,promo_b68466ea22a9,12.33
TERRESTRIAL_HEX,h6000_q-000579_r+000863,sp_fef06587fead,CONTROLLED,"land inside the Portuguese safe interior (v3); 19.68 of 19.68 km2 of the hex's canonical land, largest unioned share",UNRESOLVED,,promo_c1d69cca569e,34.61,rev_c10ff28318b5,Portugal safe interior v3 from the 1751 Vaugondy sheets; positional uncertainty 12.33 km replaces 34.61 km,REVISED,promo_b68466ea22a9,12.33
TERRESTRIAL_HEX,h6000_q-000579_r+000870,sp_fef06587fead,CONTROLLED,"land inside the Portuguese safe interior (v3); 14.50 of 19.55 km2 of the hex's canonical land, largest unioned share",UNRESOLVED,,promo_7c95358cf0a4,34.61,rev_9cb77a345c53,Portugal safe interior v3 from the 1751 Vaugondy sheets; positional uncertainty 12.33 km replaces 34.61 km,REVISED,promo_b68466ea22a9,12.33
TERRESTRIAL_HEX,h6000_q-000579_r+000871,sp_fef06587fead,CONTROLLED,"land inside the Portuguese safe interior (v3); 8.47 of 19.53 km2 of the hex's canonical land, largest unioned share",UNRESOLVED,,promo_7c95358cf0a4,34.61,rev_3915ee869e13,Portugal safe interior v3 from the 1751 Vaugondy sheets; positional uncertainty 12.33 km replaces 34.61 km,REVISED,promo_b68466ea22a9,12.33
TERRESTRIAL_HEX,h6000_q-000579_r+000872,sp_fef06587fead,CONTROLLED,"land inside the Portuguese safe interior (v3); 8.98 of 19.51 km2 of the hex's canonical land, largest unioned share",UNRESOLVED,,promo_7c95358cf0a4,34.61,rev_c7b2db0179c7,Portugal safe interior v3 from the 1751 Vaugondy sheets; positional uncertainty 12.33 km replaces 34.61 km,REVISED,promo_b68466ea22a9,12.33
TERRESTRIAL_HEX,h6000_q-000579_r+000873,sp_fef06587fead,CONTROLLED,"land inside the Portuguese safe interior (v3); 15.00 of 19.49 km2 of the hex's canonical land, largest unioned share",UNRESOLVED,,promo_7c95358cf0a4,34.61,rev_1435e7e78042,Portugal safe interior v3 from the 1751 Vaugondy sheets; positional uncertainty 12.33 km replaces 34.61 km,REVISED,promo_b68466ea22a9,12.33
TERRESTRIAL_HEX,h6000_q-000579_r+000883,sp_fef06587fead,CONTROLLED,"land inside the Portuguese safe interior (v3); 19.30 of 19.30 km2 of the hex's canonical land, largest unioned share",UNRESOLVED,,promo_7c95358cf0a4,34.61,rev_22d44a88d9fb,Portugal safe interior v3 from the 1751 Vaugondy sheets; positional uncertainty 12.33 km replaces 34.61 km,REVISED,promo_b68466ea22a9,12.33
TERRESTRIAL_HEX,h6000_q-000579_r+000884,sp_fef06587fead,CONTROLLED,"land inside the Portuguese safe interior (v3); 19.28 of 19.28 km2 of the hex's canonical land, largest unioned share",UNRESOLVED,,promo_7c95358cf0a4,34.61,rev_cefbc96c2119,Portugal safe interior v3 from the 1751 Vaugondy sheets; positional uncertainty 12.33 km replaces 34.61 km,REVISED,promo_b68466ea22a9,12.33
TERRESTRIAL_HEX,h6000_q-000579_r+000885,sp_fef06587fead,CONTROLLED,"land inside the Portuguese safe interior (v3); 19.26 of 19.26 km2 of the hex's canonical land, largest unioned share",UNRESOLVED,,promo_7c95358cf0a4,34.61,rev_a0d58f124589,Portugal safe interior v3 from the 1751 Vaugondy sheets; positional uncertainty 12.33 km replaces 34.61 km,REVISED,promo_b68466ea22a9,12.33
TERRESTRIAL_HEX,h6000_q-000579_r+000886,sp_fef06587fead,CONTROLLED,"land inside the Portuguese safe interior (v3); 19.21 of 19.24 km2 of the hex's canonical land, largest unioned share",UNRESOLVED,,promo_7c95358cf0a4,34.61,rev_45728f10bee4,Portugal safe interior v3 from the 1751 Vaugondy sheets; positional uncertainty 12.33 km replaces 34.61 km,REVISED,promo_b68466ea22a9,12.33
TERRESTRIAL_HEX,h6000_q-000580_r+000861,sp_fef06587fead,CONTROLLED,"land inside the Portuguese safe interior (v3); 15.33 of 19.72 km2 of the hex's canonical land, largest unioned share",UNRESOLVED,,promo_c1d69cca569e,34.61,rev_938fd3a2e8f9,Portugal safe interior v3 from the 1751 Vaugondy sheets; positional uncertainty 12.33 km replaces 34.61 km,REVISED,promo_b68466ea22a9,12.33
TERRESTRIAL_HEX,h6000_q-000580_r+000862,sp_fef06587fead,CONTROLLED,"land inside the Portuguese safe interior (v3); 19.70 of 19.70 km2 of the hex's canonical land, largest unioned share",UNRESOLVED,,promo_c1d69cca569e,34.61,rev_bed0984a8004,Portugal safe interior v3 from the 1751 Vaugondy sheets; positional uncertainty 12.33 km replaces 34.61 km,REVISED,promo_b68466ea22a9,12.33
TERRESTRIAL_HEX,h6000_q-000580_r+000863,sp_fef06587fead,CONTROLLED,"land inside the Portuguese safe interior (v3); 19.68 of 19.68 km2 of the hex's canonical land, largest unioned share",UNRESOLVED,,promo_c1d69cca569e,34.61,rev_fd4a03839ab1,Portugal safe interior v3 from the 1751 Vaugondy sheets; positional uncertainty 12.33 km replaces 34.61 km,REVISED,promo_b68466ea22a9,12.33
TERRESTRIAL_HEX,h6000_q-000580_r+000864,sp_fef06587fead,CONTROLLED,"land inside the Portuguese safe interior (v3); 19.66 of 19.66 km2 of the hex's canonical land, largest unioned share",UNRESOLVED,,promo_c1d69cca569e,34.61,rev_3cc093f9c773,Portugal safe interior v3 from the 1751 Vaugondy sheets; positional uncertainty 12.33 km replaces 34.61 km,REVISED,promo_b68466ea22a9,12.33
TERRESTRIAL_HEX,h6000_q-000580_r+000865,sp_fef06587fead,CONTROLLED,"land inside the Portuguese safe interior (v3); 19.64 of 19.64 km2 of the hex's canonical land, largest unioned share",UNRESOLVED,,promo_c1d69cca569e,34.61,rev_1d28afd1c69f,Portugal safe interior v3 from the 1751 Vaugondy sheets; positional uncertainty 12.33 km replaces 34.61 km,REVISED,promo_b68466ea22a9,12.33
TERRESTRIAL_HEX,h6000_q-000580_r+000866,sp_fef06587fead,CONTROLLED,"land inside the Portuguese safe interior (v3); 19.62 of 19.62 km2 of the hex's canonical land, largest unioned share",UNRESOLVED,,promo_c1d69cca569e,34.61,rev_e0a6f704acaa,Portugal safe interior v3 from the 1751 Vaugondy sheets; positional uncertainty 12.33 km replaces 34.61 km,REVISED,promo_b68466ea22a9,12.33
TERRESTRIAL_HEX,h6000_q-000580_r+000870,sp_fef06587fead,CONTROLLED,"land inside the Portuguese safe interior (v3); 19.55 of 19.55 km2 of the hex's canonical land, largest unioned share",UNRESOLVED,,promo_7c95358cf0a4,34.61,rev_280703160fb2,Portugal safe interior v3 from the 1751 Vaugondy sheets; positional uncertainty 12.33 km replaces 34.61 km,REVISED,promo_b68466ea22a9,12.33
TERRESTRIAL_HEX,h6000_q-000580_r+000871,sp_fef06587fead,CONTROLLED,"land inside the Portuguese safe interior (v3); 19.53 of 19.53 km2 of the hex's canonical land, largest unioned share",UNRESOLVED,,promo_7c95358cf0a4,34.61,rev_ad10caaa6a90,Portugal safe interior v3 from the 1751 Vaugondy sheets; positional uncertainty 12.33 km replaces 34.61 km,REVISED,promo_b68466ea22a9,12.33
TERRESTRIAL_HEX,h6000_q-000580_r+000872,sp_fef06587fead,CONTROLLED,"land inside the Portuguese safe interior (v3); 19.51 of 19.51 km2 of the hex's canonical land, largest unioned share",UNRESOLVED,,promo_7c95358cf0a4,34.61,rev_20c253bb6d6a,Portugal safe interior v3 from the 1751 Vaugondy sheets; positional uncertainty 12.33 km replaces 34.61 km,REVISED,promo_b68466ea22a9,12.33
TERRESTRIAL_HEX,h6000_q-000580_r+000873,sp_fef06587fead,CONTROLLED,"land inside the Portuguese safe interior (v3); 19.49 of 19.49 km2 of the hex's canonical land, largest unioned share",UNRESOLVED,,promo_7c95358cf0a4,34.61,rev_d6d3cb2ff9b1,Portugal safe interior v3 from the 1751 Vaugondy sheets; positional uncertainty 12.33 km replaces 34.61 km,REVISED,promo_b68466ea22a9,12.33
TERRESTRIAL_HEX,h6000_q-000580_r+000874,sp_fef06587fead,CONTROLLED,"land inside the Portuguese safe interior (v3); 19.47 of 19.47 km2 of the hex's canonical land, largest unioned share",UNRESOLVED,,promo_7c95358cf0a4,34.61,rev_676fc2bb99d6,Portugal safe interior v3 from the 1751 Vaugondy sheets; positional uncertainty 12.33 km replaces 34.61 km,REVISED,promo_b68466ea22a9,12.33
TERRESTRIAL_HEX,h6000_q-000580_r+000875,sp_fef06587fead,CONTROLLED,"land inside the Portuguese safe interior (v3); 19.45 of 19.45 km2 of the hex's canonical land, largest unioned share",UNRESOLVED,,promo_7c95358cf0a4,34.61,rev_211eb19740b1,Portugal safe interior v3 from the 1751 Vaugondy sheets; positional uncertainty 12.33 km replaces 34.61 km,REVISED,promo_b68466ea22a9,12.33
TERRESTRIAL_HEX,h6000_q-000580_r+000876,sp_fef06587fead,CONTROLLED,"land inside the Portuguese safe interior (v3); 19.43 of 19.43 km2 of the hex's canonical land, largest unioned share",UNRESOLVED,,promo_7c95358cf0a4,34.61,rev_6c960b98f01a,Portugal safe interior v3 from the 1751 Vaugondy sheets; positional uncertainty 12.33 km replaces 34.61 km,REVISED,promo_b68466ea22a9,12.33
TERRESTRIAL_HEX,h6000_q-000580_r+000877,sp_fef06587fead,CONTROLLED,"land inside the Portuguese safe interior (v3); 19.41 of 19.41 km2 of the hex's canonical land, largest unioned share",UNRESOLVED,,promo_7c95358cf0a4,34.61,rev_243a531fc563,Portugal safe interior v3 from the 1751 Vaugondy sheets; positional uncertainty 12.33 km replaces 34.61 km,REVISED,promo_b68466ea22a9,12.33
TERRESTRIAL_HEX,h6000_q-000580_r+000878,sp_fef06587fead,CONTROLLED,"land inside the Portuguese safe interior (v3); 19.39 of 19.39 km2 of the hex's canonical land, largest unioned share",UNRESOLVED,,promo_7c95358cf0a4,34.61,rev_ab6d35ae0cd0,Portugal safe interior v3 from the 1751 Vaugondy sheets; positional uncertainty 12.33 km replaces 34.61 km,REVISED,promo_b68466ea22a9,12.33
TERRESTRIAL_HEX,h6000_q-000580_r+000881,sp_fef06587fead,CONTROLLED,"land inside the Portuguese safe interior (v3); 19.33 of 19.33 km2 of the hex's canonical land, largest unioned share",UNRESOLVED,,promo_7c95358cf0a4,34.61,rev_918648811367,Portugal safe interior v3 from the 1751 Vaugondy sheets; positional uncertainty 12.33 km replaces 34.61 km,REVISED,promo_b68466ea22a9,12.33
TERRESTRIAL_HEX,h6000_q-000580_r+000882,sp_fef06587fead,CONTROLLED,"land inside the Portuguese safe interior (v3); 19.31 of 19.31 km2 of the hex's canonical land, largest unioned share",UNRESOLVED,,promo_7c95358cf0a4,34.61,rev_7babb14e4f1a,Portugal safe interior v3 from the 1751 Vaugondy sheets; positional uncertainty 12.33 km replaces 34.61 km,REVISED,promo_b68466ea22a9,12.33
TERRESTRIAL_HEX,h6000_q-000580_r+000883,sp_fef06587fead,CONTROLLED,"land inside the Portuguese safe interior (v3); 19.30 of 19.30 km2 of the hex's canonical land, largest unioned share",UNRESOLVED,,promo_7c95358cf0a4,34.61,rev_0e3405e5d805,Portugal safe interior v3 from the 1751 Vaugondy sheets; positional uncertainty 12.33 km replaces 34.61 km,REVISED,promo_b68466ea22a9,12.33
TERRESTRIAL_HEX,h6000_q-000580_r+000884,sp_fef06587fead,CONTROLLED,"land inside the Portuguese safe interior (v3); 19.28 of 19.28 km2 of the hex's canonical land, largest unioned share",UNRESOLVED,,promo_7c95358cf0a4,34.61,rev_b5a0d786c519,Portugal safe interior v3 from the 1751 Vaugondy sheets; positional uncertainty 12.33 km replaces 34.61 km,REVISED,promo_b68466ea22a9,12.33
TERRESTRIAL_HEX,h6000_q-000580_r+000885,sp_fef06587fead,CONTROLLED,"land inside the Portuguese safe interior (v3); 19.26 of 19.26 km2 of the hex's canonical land, largest unioned share",UNRESOLVED,,promo_7c95358cf0a4,34.61,rev_069294be3202,Portugal safe interior v3 from the 1751 Vaugondy sheets; positional uncertainty 12.33 km replaces 34.61 km,REVISED,promo_b68466ea22a9,12.33
TERRESTRIAL_HEX,h6000_q-000580_r+000886,sp_fef06587fead,CONTROLLED,"land inside the Portuguese safe interior (v3); 19.24 of 19.24 km2 of the hex's canonical land, largest unioned share",UNRESOLVED,,promo_7c95358cf0a4,34.61,rev_ab9fd643588b,Portugal safe interior v3 from the 1751 Vaugondy sheets; positional uncertainty 12.33 km replaces 34.61 km,REVISED,promo_b68466ea22a9,12.33
TERRESTRIAL_HEX,h6000_q-000580_r+000887,sp_fef06587fead,CONTROLLED,"land inside the Portuguese safe interior (v3); 15.28 of 19.22 km2 of the hex's canonical land, largest unioned share",UNRESOLVED,,promo_7c95358cf0a4,34.61,rev_ea533aa42a2b,Portugal safe interior v3 from the 1751 Vaugondy sheets; positional uncertainty 12.33 km replaces 34.61 km,REVISED,promo_b68466ea22a9,12.33
TERRESTRIAL_HEX,h6000_q-000581_r+000861,sp_fef06587fead,CONTROLLED,"land inside the Portuguese safe interior (v3); 7.73 of 19.72 km2 of the hex's canonical land, largest unioned share",UNRESOLVED,,promo_c1d69cca569e,34.61,rev_c6d3e10ba297,Portugal safe interior v3 from the 1751 Vaugondy sheets; positional uncertainty 12.33 km replaces 34.61 km,REVISED,promo_b68466ea22a9,12.33
TERRESTRIAL_HEX,h6000_q-000581_r+000862,sp_fef06587fead,CONTROLLED,"land inside the Portuguese safe interior (v3); 19.70 of 19.70 km2 of the hex's canonical land, largest unioned share",UNRESOLVED,,promo_c1d69cca569e,34.61,rev_94a02c8446c7,Portugal safe interior v3 from the 1751 Vaugondy sheets; positional uncertainty 12.33 km replaces 34.61 km,REVISED,promo_b68466ea22a9,12.33
TERRESTRIAL_HEX,h6000_q-000581_r+000863,sp_fef06587fead,CONTROLLED,"land inside the Portuguese safe interior (v3); 19.68 of 19.68 km2 of the hex's canonical land, largest unioned share",UNRESOLVED,,promo_c1d69cca569e,34.61,rev_5b5b69dbc569,Portugal safe interior v3 from the 1751 Vaugondy sheets; positional uncertainty 12.33 km replaces 34.61 km,REVISED,promo_b68466ea22a9,12.33
TERRESTRIAL_HEX,h6000_q-000581_r+000864,sp_fef06587fead,CONTROLLED,"land inside the Portuguese safe interior (v3); 19.66 of 19.66 km2 of the hex's canonical land, largest unioned share",UNRESOLVED,,promo_c1d69cca569e,34.61,rev_c66b1de694ba,Portugal safe interior v3 from the 1751 Vaugondy sheets; positional uncertainty 12.33 km replaces 34.61 km,REVISED,promo_b68466ea22a9,12.33
TERRESTRIAL_HEX,h6000_q-000581_r+000865,sp_fef06587fead,CONTROLLED,"land inside the Portuguese safe interior (v3); 19.64 of 19.64 km2 of the hex's canonical land, largest unioned share",UNRESOLVED,,promo_c1d69cca569e,34.61,rev_721cf28b5182,Portugal safe interior v3 from the 1751 Vaugondy sheets; positional uncertainty 12.33 km replaces 34.61 km,REVISED,promo_b68466ea22a9,12.33
TERRESTRIAL_HEX,h6000_q-000581_r+000866,sp_fef06587fead,CONTROLLED,"land inside the Portuguese safe interior (v3); 19.62 of 19.62 km2 of the hex's canonical land, largest unioned share",UNRESOLVED,,promo_c1d69cca569e,34.61,rev_e82408ec8113,Portugal safe interior v3 from the 1751 Vaugondy sheets; positional uncertainty 12.33 km replaces 34.61 km,REVISED,promo_b68466ea22a9,12.33
TERRESTRIAL_HEX,h6000_q-000581_r+000867,sp_fef06587fead,CONTROLLED,"land inside the Portuguese safe interior (v3); 19.60 of 19.60 km2 of the hex's canonical land, largest unioned share",UNRESOLVED,,promo_c1d69cca569e,34.61,rev_9b74d879cad4,Portugal safe interior v3 from the 1751 Vaugondy sheets; positional uncertainty 12.33 km replaces 34.61 km,REVISED,promo_b68466ea22a9,12.33
TERRESTRIAL_HEX,h6000_q-000581_r+000868,sp_fef06587fead,CONTROLLED,"land inside the Portuguese safe interior (v3); 19.58 of 19.58 km2 of the hex's canonical land, largest unioned share",UNRESOLVED,,promo_c1d69cca569e,34.61,rev_d1beaab25bb6,Portugal safe interior v3 from the 1751 Vaugondy sheets; positional uncertainty 12.33 km replaces 34.61 km,REVISED,promo_b68466ea22a9,12.33
TERRESTRIAL_HEX,h6000_q-000581_r+000869,sp_fef06587fead,CONTROLLED,"land inside the Portuguese safe interior (v3); 19.56 of 19.56 km2 of the hex's canonical land, largest unioned share",UNRESOLVED,,promo_c1d69cca569e,34.61,rev_c303f7040cad,Portugal safe interior v3 from the 1751 Vaugondy sheets; positional uncertainty 12.33 km replaces 34.61 km,REVISED,promo_b68466ea22a9,12.33
TERRESTRIAL_HEX,h6000_q-000581_r+000870,sp_fef06587fead,CONTROLLED,"land inside the Portuguese safe interior (v3); 19.55 of 19.55 km2 of the hex's canonical land, largest unioned share",UNRESOLVED,,promo_7c95358cf0a4,34.61,rev_12bc0d0726c2,Portugal safe interior v3 from the 1751 Vaugondy sheets; positional uncertainty 12.33 km replaces 34.61 km,REVISED,promo_b68466ea22a9,12.33
TERRESTRIAL_HEX,h6000_q-000581_r+000871,sp_fef06587fead,CONTROLLED,"land inside the Portuguese safe interior (v3); 19.53 of 19.53 km2 of the hex's canonical land, largest unioned share",UNRESOLVED,,promo_7c95358cf0a4,34.61,rev_f86c81a62e16,Portugal safe interior v3 from the 1751 Vaugondy sheets; positional uncertainty 12.33 km replaces 34.61 km,REVISED,promo_b68466ea22a9,12.33
TERRESTRIAL_HEX,h6000_q-000581_r+000872,sp_fef06587fead,CONTROLLED,"land inside the Portuguese safe interior (v3); 19.51 of 19.51 km2 of the hex's canonical land, largest unioned share",UNRESOLVED,,promo_7c95358cf0a4,34.61,rev_91926cb1956a,Portugal safe interior v3 from the 1751 Vaugondy sheets; positional uncertainty 12.33 km replaces 34.61 km,REVISED,promo_b68466ea22a9,12.33
TERRESTRIAL_HEX,h6000_q-000581_r+000873,sp_fef06587fead,CONTROLLED,"land inside the Portuguese safe interior (v3); 19.49 of 19.49 km2 of the hex's canonical land, largest unioned share",UNRESOLVED,,promo_7c95358cf0a4,34.61,rev_7e667c84163b,Portugal safe interior v3 from the 1751 Vaugondy sheets; positional uncertainty 12.33 km replaces 34.61 km,REVISED,promo_b68466ea22a9,12.33
TERRESTRIAL_HEX,h6000_q-000581_r+000874,sp_fef06587fead,CONTROLLED,"land inside the Portuguese safe interior (v3); 19.47 of 19.47 km2 of the hex's canonical land, largest unioned share",UNRESOLVED,,promo_7c95358cf0a4,34.61,rev_7a11e9ea7a34,Portugal safe interior v3 from the 1751 Vaugondy sheets; positional uncertainty 12.33 km replaces 34.61 km,REVISED,promo_b68466ea22a9,12.33
TERRESTRIAL_HEX,h6000_q-000581_r+000875,sp_fef06587fead,CONTROLLED,"land inside the Portuguese safe interior (v3); 19.45 of 19.45 km2 of the hex's canonical land, largest unioned share",UNRESOLVED,,promo_7c95358cf0a4,34.61,rev_285e2239e736,Portugal safe interior v3 from the 1751 Vaugondy sheets; positional uncertainty 12.33 km replaces 34.61 km,REVISED,promo_b68466ea22a9,12.33
TERRESTRIAL_HEX,h6000_q-000581_r+000876,sp_fef06587fead,CONTROLLED,"land inside the Portuguese safe interior (v3); 19.43 of 19.43 km2 of the hex's canonical land, largest unioned share",UNRESOLVED,,promo_7c95358cf0a4,34.61,rev_3fcdb8bd49d6,Portugal safe interior v3 from the 1751 Vaugondy sheets; positional uncertainty 12.33 km replaces 34.61 km,REVISED,promo_b68466ea22a9,12.33
TERRESTRIAL_HEX,h6000_q-000581_r+000877,sp_fef06587fead,CONTROLLED,"land inside the Portuguese safe interior (v3); 19.41 of 19.41 km2 of the hex's canonical land, largest unioned share",UNRESOLVED,,promo_7c95358cf0a4,34.61,rev_baaf873ea177,Portugal safe interior v3 from the 1751 Vaugondy sheets; positional uncertainty 12.33 km replaces 34.61 km,REVISED,promo_b68466ea22a9,12.33
TERRESTRIAL_HEX,h6000_q-000581_r+000878,sp_fef06587fead,CONTROLLED,"land inside the Portuguese safe interior (v3); 19.39 of 19.39 km2 of the hex's canonical land, largest unioned share",UNRESOLVED,,promo_7c95358cf0a4,34.61,rev_6a8b34f0d38a,Portugal safe interior v3 from the 1751 Vaugondy sheets; positional uncertainty 12.33 km replaces 34.61 km,REVISED,promo_b68466ea22a9,12.33
TERRESTRIAL_HEX,h6000_q-000581_r+000879,sp_fef06587fead,CONTROLLED,"land inside the Portuguese safe interior (v3); 19.37 of 19.37 km2 of the hex's canonical land, largest unioned share",UNRESOLVED,,promo_7c95358cf0a4,34.61,rev_aa02e949e2fc,Portugal safe interior v3 from the 1751 Vaugondy sheets; positional uncertainty 12.33 km replaces 34.61 km,REVISED,promo_b68466ea22a9,12.33
TERRESTRIAL_HEX,h6000_q-000581_r+000880,sp_fef06587fead,CONTROLLED,"land inside the Portuguese safe interior (v3); 19.35 of 19.35 km2 of the hex's canonical land, largest unioned share",UNRESOLVED,,promo_7c95358cf0a4,34.61,rev_65d26eb81fc0,Portugal safe interior v3 from the 1751 Vaugondy sheets; positional uncertainty 12.33 km replaces 34.61 km,REVISED,promo_b68466ea22a9,12.33
TERRESTRIAL_HEX,h6000_q-000581_r+000881,sp_fef06587fead,CONTROLLED,"land inside the Portuguese safe interior (v3); 19.33 of 19.33 km2 of the hex's canonical land, largest unioned share",UNRESOLVED,,promo_7c95358cf0a4,34.61,rev_25772f037e34,Portugal safe interior v3 from the 1751 Vaugondy sheets; positional uncertainty 12.33 km replaces 34.61 km,REVISED,promo_b68466ea22a9,12.33
TERRESTRIAL_HEX,h6000_q-000581_r+000882,sp_fef06587fead,CONTROLLED,"land inside the Portuguese safe interior (v3); 19.31 of 19.31 km2 of the hex's canonical land, largest unioned share",UNRESOLVED,,promo_7c95358cf0a4,34.61,rev_de53fc920d8e,Portugal safe interior v3 from the 1751 Vaugondy sheets; positional uncertainty 12.33 km replaces 34.61 km,REVISED,promo_b68466ea22a9,12.33
TERRESTRIAL_HEX,h6000_q-000581_r+000883,sp_fef06587fead,CONTROLLED,"land inside the Portuguese safe interior (v3); 19.30 of 19.30 km2 of the hex's canonical land, largest unioned share",UNRESOLVED,,promo_7c95358cf0a4,34.61,rev_44df8f02ed58,Portugal safe interior v3 from the 1751 Vaugondy sheets; positional uncertainty 12.33 km replaces 34.61 km,REVISED,promo_b68466ea22a9,12.33
TERRESTRIAL_HEX,h6000_q-000581_r+000884,sp_fef06587fead,CONTROLLED,"land inside the Portuguese safe interior (v3); 19.28 of 19.28 km2 of the hex's canonical land, largest unioned share",UNRESOLVED,,promo_7c95358cf0a4,34.61,rev_4c078e48e6ba,Portugal safe interior v3 from the 1751 Vaugondy sheets; positional uncertainty 12.33 km replaces 34.61 km,REVISED,promo_b68466ea22a9,12.33
TERRESTRIAL_HEX,h6000_q-000581_r+000885,sp_fef06587fead,CONTROLLED,"land inside the Portuguese safe interior (v3); 19.26 of 19.26 km2 of the hex's canonical land, largest unioned share",UNRESOLVED,,promo_7c95358cf0a4,34.61,rev_cda2bb0f2aac,Portugal safe interior v3 from the 1751 Vaugondy sheets; positional uncertainty 12.33 km replaces 34.61 km,REVISED,promo_b68466ea22a9,12.33
TERRESTRIAL_HEX,h6000_q-000581_r+000886,sp_fef06587fead,CONTROLLED,"land inside the Portuguese safe interior (v3); 19.24 of 19.24 km2 of the hex's canonical land, largest unioned share",UNRESOLVED,,promo_7c95358cf0a4,34.61,rev_9918e8383a7b,Portugal safe interior v3 from the 1751 Vaugondy sheets; positional uncertainty 12.33 km replaces 34.61 km,REVISED,promo_b68466ea22a9,12.33
TERRESTRIAL_HEX,h6000_q-000581_r+000887,sp_fef06587fead,CONTROLLED,"land inside the Portuguese safe interior (v3); 19.22 of 19.22 km2 of the hex's canonical land, largest unioned share",UNRESOLVED,,promo_7c95358cf0a4,34.61,rev_e4154d9b22d8,Portugal safe interior v3 from the 1751 Vaugondy sheets; positional uncertainty 12.33 km replaces 34.61 km,REVISED,promo_b68466ea22a9,12.33
TERRESTRIAL_HEX,h6000_q-000581_r+000888,sp_fef06587fead,CONTROLLED,"land inside the Portuguese safe interior (v3); 11.60 of 19.20 km2 of the hex's canonical land, largest unioned share",UNRESOLVED,,promo_7c95358cf0a4,34.61,rev_c46998e8d452,Portugal safe interior v3 from the 1751 Vaugondy sheets; positional uncertainty 12.33 km replaces 34.61 km,REVISED,promo_b68466ea22a9,12.33
TERRESTRIAL_HEX,h6000_q-000582_r+000857,sp_fef06587fead,CONTROLLED,"land inside the Portuguese safe interior (v2); 15.20 of 19.50 km2 of the hex's canonical land, largest unioned share",UNRESOLVED,,promo_c1d69cca569e,34.61,rev_c64ac6b49b3d,Portugal safe interior v3 from the 1751 Vaugondy sheets; positional uncertainty 12.33 km replaces 34.61 km,REVISED,promo_b68466ea22a9,12.33
TERRESTRIAL_HEX,h6000_q-000582_r+000858,sp_fef06587fead,CONTROLLED,"land inside the Portuguese safe interior (v2); 13.99 of 19.78 km2 of the hex's canonical land, largest unioned share",UNRESOLVED,,promo_c1d69cca569e,34.61,rev_5ae22beb580a,Portugal safe interior v3 from the 1751 Vaugondy sheets; positional uncertainty 12.33 km replaces 34.61 km,REVISED,promo_b68466ea22a9,12.33
TERRESTRIAL_HEX,h6000_q-000582_r+000859,sp_fef06587fead,CONTROLLED,"land inside the Portuguese safe interior (v2); 12.31 of 19.76 km2 of the hex's canonical land, largest unioned share",UNRESOLVED,,promo_c1d69cca569e,34.61,rev_304000756fa3,Portugal safe interior v3 from the 1751 Vaugondy sheets; positional uncertainty 12.33 km replaces 34.61 km,REVISED,promo_b68466ea22a9,12.33
TERRESTRIAL_HEX,h6000_q-000582_r+000860,sp_fef06587fead,CONTROLLED,"land inside the Portuguese safe interior (v2); 0.12 of 19.74 km2 of the hex's canonical land, largest unioned share",UNRESOLVED,,promo_c1d69cca569e,34.61,rev_887c8c4111b9,Portugal safe interior v3 from the 1751 Vaugondy sheets; positional uncertainty 12.33 km replaces 34.61 km,REVISED,promo_b68466ea22a9,12.33
TERRESTRIAL_HEX,h6000_q-000582_r+000861,sp_fef06587fead,CONTROLLED,"land inside the Portuguese safe interior (v3); 4.82 of 19.72 km2 of the hex's canonical land, largest unioned share",UNRESOLVED,,promo_c1d69cca569e,34.61,rev_863cedff9afc,Portugal safe interior v3 from the 1751 Vaugondy sheets; positional uncertainty 12.33 km replaces 34.61 km,REVISED,promo_b68466ea22a9,12.33
TERRESTRIAL_HEX,h6000_q-000582_r+000862,sp_fef06587fead,CONTROLLED,"land inside the Portuguese safe interior (v3); 19.70 of 19.70 km2 of the hex's canonical land, largest unioned share",UNRESOLVED,,promo_c1d69cca569e,34.61,rev_f56c584c2879,Portugal safe interior v3 from the 1751 Vaugondy sheets; positional uncertainty 12.33 km replaces 34.61 km,REVISED,promo_b68466ea22a9,12.33
TERRESTRIAL_HEX,h6000_q-000582_r+000863,sp_fef06587fead,CONTROLLED,"land inside the Portuguese safe interior (v3); 19.68 of 19.68 km2 of the hex's canonical land, largest unioned share",UNRESOLVED,,promo_c1d69cca569e,34.61,rev_a1494c105a23,Portugal safe interior v3 from the 1751 Vaugondy sheets; positional uncertainty 12.33 km replaces 34.61 km,REVISED,promo_b68466ea22a9,12.33
TERRESTRIAL_HEX,h6000_q-000582_r+000864,sp_fef06587fead,CONTROLLED,"land inside the Portuguese safe interior (v3); 19.66 of 19.66 km2 of the hex's canonical land, largest unioned share",UNRESOLVED,,promo_c1d69cca569e,34.61,rev_44b1f0a33de2,Portugal safe interior v3 from the 1751 Vaugondy sheets; positional uncertainty 12.33 km replaces 34.61 km,REVISED,promo_b68466ea22a9,12.33
TERRESTRIAL_HEX,h6000_q-000582_r+000865,sp_fef06587fead,CONTROLLED,"land inside the Portuguese safe interior (v3); 19.64 of 19.64 km2 of the hex's canonical land, largest unioned share",UNRESOLVED,,promo_c1d69cca569e,34.61,rev_b30f1bd2b131,Portugal safe interior v3 from the 1751 Vaugondy sheets; positional uncertainty 12.33 km replaces 34.61 km,REVISED,promo_b68466ea22a9,12.33
TERRESTRIAL_HEX,h6000_q-000582_r+000866,sp_fef06587fead,CONTROLLED,"land inside the Portuguese safe interior (v3); 19.62 of 19.62 km2 of the hex's canonical land, largest unioned share",UNRESOLVED,,promo_c1d69cca569e,34.61,rev_1cd0cb2d868d,Portugal safe interior v3 from the 1751 Vaugondy sheets; positional uncertainty 12.33 km replaces 34.61 km,REVISED,promo_b68466ea22a9,12.33
TERRESTRIAL_HEX,h6000_q-000582_r+000867,sp_fef06587fead,CONTROLLED,"land inside the Portuguese safe interior (v3); 19.60 of 19.60 km2 of the hex's canonical land, largest unioned share",UNRESOLVED,,promo_c1d69cca569e,34.61,rev_594012a30bf2,Portugal safe interior v3 from the 1751 Vaugondy sheets; positional uncertainty 12.33 km replaces 34.61 km,REVISED,promo_b68466ea22a9,12.33
TERRESTRIAL_HEX,h6000_q-000582_r+000868,sp_fef06587fead,CONTROLLED,"land inside the Portuguese safe interior (v3); 19.58 of 19.58 km2 of the hex's canonical land, largest unioned share",UNRESOLVED,,promo_c1d69cca569e,34.61,rev_03dc1b6d87f9,Portugal safe interior v3 from the 1751 Vaugondy sheets; positional uncertainty 12.33 km replaces 34.61 km,REVISED,promo_b68466ea22a9,12.33
TERRESTRIAL_HEX,h6000_q-000582_r+000869,sp_fef06587fead,CONTROLLED,"land inside the Portuguese safe interior (v3); 19.56 of 19.56 km2 of the hex's canonical land, largest unioned share",UNRESOLVED,,promo_c1d69cca569e,34.61,rev_333d64d19a72,Portugal safe interior v3 from the 1751 Vaugondy sheets; positional uncertainty 12.33 km replaces 34.61 km,REVISED,promo_b68466ea22a9,12.33
TERRESTRIAL_HEX,h6000_q-000582_r+000870,sp_fef06587fead,CONTROLLED,"land inside the Portuguese safe interior (v3); 19.55 of 19.55 km2 of the hex's canonical land, largest unioned share",UNRESOLVED,,promo_7c95358cf0a4,34.61,rev_1359b8d8de95,Portugal safe interior v3 from the 1751 Vaugondy sheets; positional uncertainty 12.33 km replaces 34.61 km,REVISED,promo_b68466ea22a9,12.33
TERRESTRIAL_HEX,h6000_q-000582_r+000871,sp_fef06587fead,CONTROLLED,"land inside the Portuguese safe interior (v3); 19.53 of 19.53 km2 of the hex's canonical land, largest unioned share",UNRESOLVED,,promo_7c95358cf0a4,34.61,rev_c1cd26d3daba,Portugal safe interior v3 from the 1751 Vaugondy sheets; positional uncertainty 12.33 km replaces 34.61 km,REVISED,promo_b68466ea22a9,12.33
TERRESTRIAL_HEX,h6000_q-000582_r+000872,sp_fef06587fead,CONTROLLED,"land inside the Portuguese safe interior (v3); 19.51 of 19.51 km2 of the hex's canonical land, largest unioned share",UNRESOLVED,,promo_7c95358cf0a4,34.61,rev_cda538bef6d7,Portugal safe interior v3 from the 1751 Vaugondy sheets; positional uncertainty 12.33 km replaces 34.61 km,REVISED,promo_b68466ea22a9,12.33
TERRESTRIAL_HEX,h6000_q-000582_r+000873,sp_fef06587fead,CONTROLLED,"land inside the Portuguese safe interior (v3); 19.49 of 19.49 km2 of the hex's canonical land, largest unioned share",UNRESOLVED,,promo_7c95358cf0a4,34.61,rev_da36d582c03c,Portugal safe interior v3 from the 1751 Vaugondy sheets; positional uncertainty 12.33 km replaces 34.61 km,REVISED,promo_b68466ea22a9,12.33
TERRESTRIAL_HEX,h6000_q-000582_r+000874,sp_fef06587fead,CONTROLLED,"land inside the Portuguese safe interior (v3); 19.47 of 19.47 km2 of the hex's canonical land, largest unioned share",UNRESOLVED,,promo_7c95358cf0a4,34.61,rev_e54a6a7d4f20,Portugal safe interior v3 from the 1751 Vaugondy sheets; positional uncertainty 12.33 km replaces 34.61 km,REVISED,promo_b68466ea22a9,12.33
TERRESTRIAL_HEX,h6000_q-000582_r+000875,sp_fef06587fead,CONTROLLED,"land inside the Portuguese safe interior (v3); 19.45 of 19.45 km2 of the hex's canonical land, largest unioned share",UNRESOLVED,,promo_7c95358cf0a4,34.61,rev_573d1c6b47bf,Portugal safe interior v3 from the 1751 Vaugondy sheets; positional uncertainty 12.33 km replaces 34.61 km,REVISED,promo_b68466ea22a9,12.33
TERRESTRIAL_HEX,h6000_q-000582_r+000876,sp_fef06587fead,CONTROLLED,"land inside the Portuguese safe interior (v3); 19.43 of 19.43 km2 of the hex's canonical land, largest unioned share",UNRESOLVED,,promo_7c95358cf0a4,34.61,rev_140c71bda231,Portugal safe interior v3 from the 1751 Vaugondy sheets; positional uncertainty 12.33 km replaces 34.61 km,REVISED,promo_b68466ea22a9,12.33
TERRESTRIAL_HEX,h6000_q-000582_r+000877,sp_fef06587fead,CONTROLLED,"land inside the Portuguese safe interior (v3); 19.41 of 19.41 km2 of the hex's canonical land, largest unioned share",UNRESOLVED,,promo_7c95358cf0a4,34.61,rev_43bebaae2894,Portugal safe interior v3 from the 1751 Vaugondy sheets; positional uncertainty 12.33 km replaces 34.61 km,REVISED,promo_b68466ea22a9,12.33
TERRESTRIAL_HEX,h6000_q-000582_r+000878,sp_fef06587fead,CONTROLLED,"land inside the Portuguese safe interior (v3); 19.39 of 19.39 km2 of the hex's canonical land, largest unioned share",UNRESOLVED,,promo_7c95358cf0a4,34.61,rev_ff10924c99d4,Portugal safe interior v3 from the 1751 Vaugondy sheets; positional uncertainty 12.33 km replaces 34.61 km,REVISED,promo_b68466ea22a9,12.33
TERRESTRIAL_HEX,h6000_q-000582_r+000879,sp_fef06587fead,CONTROLLED,"land inside the Portuguese safe interior (v3); 19.37 of 19.37 km2 of the hex's canonical land, largest unioned share",UNRESOLVED,,promo_7c95358cf0a4,34.61,rev_ff6b205db2d8,Portugal safe interior v3 from the 1751 Vaugondy sheets; positional uncertainty 12.33 km replaces 34.61 km,REVISED,promo_b68466ea22a9,12.33
TERRESTRIAL_HEX,h6000_q-000582_r+000880,sp_fef06587fead,CONTROLLED,"land inside the Portuguese safe interior (v3); 19.35 of 19.35 km2 of the hex's canonical land, largest unioned share",UNRESOLVED,,promo_7c95358cf0a4,34.61,rev_279f0969629b,Portugal safe interior v3 from the 1751 Vaugondy sheets; positional uncertainty 12.33 km replaces 34.61 km,REVISED,promo_b68466ea22a9,12.33
TERRESTRIAL_HEX,h6000_q-000582_r+000881,sp_fef06587fead,CONTROLLED,"land inside the Portuguese safe interior (v3); 19.33 of 19.33 km2 of the hex's canonical land, largest unioned share",UNRESOLVED,,promo_7c95358cf0a4,34.61,rev_67dd95abad81,Portugal safe interior v3 from the 1751 Vaugondy sheets; positional uncertainty 12.33 km replaces 34.61 km,REVISED,promo_b68466ea22a9,12.33
TERRESTRIAL_HEX,h6000_q-000582_r+000882,sp_fef06587fead,CONTROLLED,"land inside the Portuguese safe interior (v3); 19.31 of 19.31 km2 of the hex's canonical land, largest unioned share",UNRESOLVED,,promo_7c95358cf0a4,34.61,rev_9e35f5d8eabe,Portugal safe interior v3 from the 1751 Vaugondy sheets; positional uncertainty 12.33 km replaces 34.61 km,REVISED,promo_b68466ea22a9,12.33
TERRESTRIAL_HEX,h6000_q-000582_r+000883,sp_fef06587fead,CONTROLLED,"land inside the Portuguese safe interior (v3); 19.30 of 19.30 km2 of the hex's canonical land, largest unioned share",UNRESOLVED,,promo_7c95358cf0a4,34.61,rev_0bf028afc9ae,Portugal safe interior v3 from the 1751 Vaugondy sheets; positional uncertainty 12.33 km replaces 34.61 km,REVISED,promo_b68466ea22a9,12.33
TERRESTRIAL_HEX,h6000_q-000582_r+000884,sp_fef06587fead,CONTROLLED,"land inside the Portuguese safe interior (v3); 19.28 of 19.28 km2 of the hex's canonical land, largest unioned share",UNRESOLVED,,promo_7c95358cf0a4,34.61,rev_e900a7ef5478,Portugal safe interior v3 from the 1751 Vaugondy sheets; positional uncertainty 12.33 km replaces 34.61 km,REVISED,promo_b68466ea22a9,12.33
TERRESTRIAL_HEX,h6000_q-000582_r+000885,sp_fef06587fead,CONTROLLED,"land inside the Portuguese safe interior (v3); 19.26 of 19.26 km2 of the hex's canonical land, largest unioned share",UNRESOLVED,,promo_7c95358cf0a4,34.61,rev_d7df1114afd5,Portugal safe interior v3 from the 1751 Vaugondy sheets; positional uncertainty 12.33 km replaces 34.61 km,REVISED,promo_b68466ea22a9,12.33
TERRESTRIAL_HEX,h6000_q-000582_r+000886,sp_fef06587fead,CONTROLLED,"land inside the Portuguese safe interior (v3); 19.24 of 19.24 km2 of the hex's canonical land, largest unioned share",UNRESOLVED,,promo_7c95358cf0a4,34.61,rev_346b7778caef,Portugal safe interior v3 from the 1751 Vaugondy sheets; positional uncertainty 12.33 km replaces 34.61 km,REVISED,promo_b68466ea22a9,12.33
TERRESTRIAL_HEX,h6000_q-000582_r+000887,sp_fef06587fead,CONTROLLED,"land inside the Portuguese safe interior (v3); 19.22 of 19.22 km2 of the hex's canonical land, largest unioned share",UNRESOLVED,,promo_7c95358cf0a4,34.61,rev_e8ae7d50cfe4,Portugal safe interior v3 from the 1751 Vaugondy sheets; positional uncertainty 12.33 km replaces 34.61 km,REVISED,promo_b68466ea22a9,12.33
TERRESTRIAL_HEX,h6000_q-000582_r+000888,sp_fef06587fead,CONTROLLED,"land inside the Portuguese safe interior (v3); 19.20 of 19.20 km2 of the hex's canonical land, largest unioned share",UNRESOLVED,,promo_7c95358cf0a4,34.61,rev_ca0f424a2579,Portugal safe interior v3 from the 1751 Vaugondy sheets; positional uncertainty 12.33 km replaces 34.61 km,REVISED,promo_b68466ea22a9,12.33
TERRESTRIAL_HEX,h6000_q-000583_r+000858,sp_fef06587fead,CONTROLLED,"land inside the Portuguese safe interior (v2); 16.67 of 19.78 km2 of the hex's canonical land, largest unioned share",UNRESOLVED,,promo_c1d69cca569e,34.61,rev_ce245296ba63,Portugal safe interior v3 from the 1751 Vaugondy sheets; positional uncertainty 12.33 km replaces 34.61 km,REVISED,promo_b68466ea22a9,12.33
TERRESTRIAL_HEX,h6000_q-000583_r+000859,sp_fef06587fead,CONTROLLED,"land inside the Portuguese safe interior (v2); 3.94 of 19.76 km2 of the hex's canonical land, largest unioned share",UNRESOLVED,,promo_c1d69cca569e,34.61,rev_c5cbc81b6f32,Portugal safe interior v3 from the 1751 Vaugondy sheets; positional uncertainty 12.33 km replaces 34.61 km,REVISED,promo_b68466ea22a9,12.33
TERRESTRIAL_HEX,h6000_q-000583_r+000861,sp_fef06587fead,CONTROLLED,"land inside the Portuguese safe interior (v3); 8.49 of 19.72 km2 of the hex's canonical land, largest unioned share",UNRESOLVED,,promo_c1d69cca569e,34.61,rev_2961ae03a2c0,Portugal safe interior v3 from the 1751 Vaugondy sheets; positional uncertainty 12.33 km replaces 34.61 km,REVISED,promo_b68466ea22a9,12.33
TERRESTRIAL_HEX,h6000_q-000583_r+000862,sp_fef06587fead,CONTROLLED,"land inside the Portuguese safe interior (v3); 19.70 of 19.70 km2 of the hex's canonical land, largest unioned share",UNRESOLVED,,promo_c1d69cca569e,34.61,rev_2fe46524eac5,Portugal safe interior v3 from the 1751 Vaugondy sheets; positional uncertainty 12.33 km replaces 34.61 km,REVISED,promo_b68466ea22a9,12.33
TERRESTRIAL_HEX,h6000_q-000583_r+000863,sp_fef06587fead,CONTROLLED,"land inside the Portuguese safe interior (v3); 19.68 of 19.68 km2 of the hex's canonical land, largest unioned share",UNRESOLVED,,promo_c1d69cca569e,34.61,rev_75e690220548,Portugal safe interior v3 from the 1751 Vaugondy sheets; positional uncertainty 12.33 km replaces 34.61 km,REVISED,promo_b68466ea22a9,12.33
TERRESTRIAL_HEX,h6000_q-000583_r+000864,sp_fef06587fead,CONTROLLED,"land inside the Portuguese safe interior (v3); 19.66 of 19.66 km2 of the hex's canonical land, largest unioned share",UNRESOLVED,,promo_c1d69cca569e,34.61,rev_a496722f139d,Portugal safe interior v3 from the 1751 Vaugondy sheets; positional uncertainty 12.33 km replaces 34.61 km,REVISED,promo_b68466ea22a9,12.33
TERRESTRIAL_HEX,h6000_q-000583_r+000865,sp_fef06587fead,CONTROLLED,"land inside the Portuguese safe interior (v3); 19.64 of 19.64 km2 of the hex's canonical land, largest unioned share",UNRESOLVED,,promo_c1d69cca569e,34.61,rev_23e35e47c433,Portugal safe interior v3 from the 1751 Vaugondy sheets; positional uncertainty 12.33 km replaces 34.61 km,REVISED,promo_b68466ea22a9,12.33
TERRESTRIAL_HEX,h6000_q-000583_r+000866,sp_fef06587fead,CONTROLLED,"land inside the Portuguese safe interior (v3); 19.62 of 19.62 km2 of the hex's canonical land, largest unioned share",UNRESOLVED,,promo_c1d69cca569e,34.61,rev_dc46f3ab8356,Portugal safe interior v3 from the 1751 Vaugondy sheets; positional uncertainty 12.33 km replaces 34.61 km,REVISED,promo_b68466ea22a9,12.33
TERRESTRIAL_HEX,h6000_q-000583_r+000867,sp_fef06587fead,CONTROLLED,"land inside the Portuguese safe interior (v3); 19.60 of 19.60 km2 of the hex's canonical land, largest unioned share",UNRESOLVED,,promo_c1d69cca569e,34.61,rev_c2ac691e7371,Portugal safe interior v3 from the 1751 Vaugondy sheets; positional uncertainty 12.33 km replaces 34.61 km,REVISED,promo_b68466ea22a9,12.33
TERRESTRIAL_HEX,h6000_q-000583_r+000868,sp_fef06587fead,CONTROLLED,"land inside the Portuguese safe interior (v3); 19.58 of 19.58 km2 of the hex's canonical land, largest unioned share",UNRESOLVED,,promo_c1d69cca569e,34.61,rev_86f9428bd1c4,Portugal safe interior v3 from the 1751 Vaugondy sheets; positional uncertainty 12.33 km replaces 34.61 km,REVISED,promo_b68466ea22a9,12.33
TERRESTRIAL_HEX,h6000_q-000583_r+000869,sp_fef06587fead,CONTROLLED,"land inside the Portuguese safe interior (v3); 19.56 of 19.56 km2 of the hex's canonical land, largest unioned share",UNRESOLVED,,promo_c1d69cca569e,34.61,rev_9b702498b836,Portugal safe interior v3 from the 1751 Vaugondy sheets; positional uncertainty 12.33 km replaces 34.61 km,REVISED,promo_b68466ea22a9,12.33
TERRESTRIAL_HEX,h6000_q-000583_r+000870,sp_fef06587fead,CONTROLLED,"land inside the Portuguese safe interior (v3); 19.55 of 19.55 km2 of the hex's canonical land, largest unioned share",UNRESOLVED,,promo_7c95358cf0a4,34.61,rev_31076af0a5aa,Portugal safe interior v3 from the 1751 Vaugondy sheets; positional uncertainty 12.33 km replaces 34.61 km,REVISED,promo_b68466ea22a9,12.33
TERRESTRIAL_HEX,h6000_q-000583_r+000871,sp_fef06587fead,CONTROLLED,"land inside the Portuguese safe interior (v3); 19.53 of 19.53 km2 of the hex's canonical land, largest unioned share",UNRESOLVED,,promo_7c95358cf0a4,34.61,rev_15ebfb6a502f,Portugal safe interior v3 from the 1751 Vaugondy sheets; positional uncertainty 12.33 km replaces 34.61 km,REVISED,promo_b68466ea22a9,12.33
TERRESTRIAL_HEX,h6000_q-000583_r+000872,sp_fef06587fead,CONTROLLED,"land inside the Portuguese safe interior (v3); 19.51 of 19.51 km2 of the hex's canonical land, largest unioned share",UNRESOLVED,,promo_7c95358cf0a4,34.61,rev_230ee53a81ac,Portugal safe interior v3 from the 1751 Vaugondy sheets; positional uncertainty 12.33 km replaces 34.61 km,REVISED,promo_b68466ea22a9,12.33
TERRESTRIAL_HEX,h6000_q-000583_r+000873,sp_fef06587fead,CONTROLLED,"land inside the Portuguese safe interior (v3); 19.49 of 19.49 km2 of the hex's canonical land, largest unioned share",UNRESOLVED,,promo_7c95358cf0a4,34.61,rev_59b8848b6279,Portugal safe interior v3 from the 1751 Vaugondy sheets; positional uncertainty 12.33 km replaces 34.61 km,REVISED,promo_b68466ea22a9,12.33
TERRESTRIAL_HEX,h6000_q-000583_r+000874,sp_fef06587fead,CONTROLLED,"land inside the Portuguese safe interior (v3); 19.47 of 19.47 km2 of the hex's canonical land, largest unioned share",UNRESOLVED,,promo_7c95358cf0a4,34.61,rev_1ef49582dc7c,Portugal safe interior v3 from the 1751 Vaugondy sheets; positional uncertainty 12.33 km replaces 34.61 km,REVISED,promo_b68466ea22a9,12.33
TERRESTRIAL_HEX,h6000_q-000583_r+000875,sp_fef06587fead,CONTROLLED,"land inside the Portuguese safe interior (v3); 19.45 of 19.45 km2 of the hex's canonical land, largest unioned share",UNRESOLVED,,promo_7c95358cf0a4,34.61,rev_1e17031652a8,Portugal safe interior v3 from the 1751 Vaugondy sheets; positional uncertainty 12.33 km replaces 34.61 km,REVISED,promo_b68466ea22a9,12.33
TERRESTRIAL_HEX,h6000_q-000583_r+000876,sp_fef06587fead,CONTROLLED,"land inside the Portuguese safe interior (v3); 19.43 of 19.43 km2 of the hex's canonical land, largest unioned share",UNRESOLVED,,promo_7c95358cf0a4,34.61,rev_5c018ad9b523,Portugal safe interior v3 from the 1751 Vaugondy sheets; positional uncertainty 12.33 km replaces 34.61 km,REVISED,promo_b68466ea22a9,12.33
TERRESTRIAL_HEX,h6000_q-000583_r+000877,sp_fef06587fead,CONTROLLED,"land inside the Portuguese safe interior (v3); 19.41 of 19.41 km2 of the hex's canonical land, largest unioned share",UNRESOLVED,,promo_7c95358cf0a4,34.61,rev_4c2ec0a4fa51,Portugal safe interior v3 from the 1751 Vaugondy sheets; positional uncertainty 12.33 km replaces 34.61 km,REVISED,promo_b68466ea22a9,12.33
TERRESTRIAL_HEX,h6000_q-000583_r+000878,sp_fef06587fead,CONTROLLED,"land inside the Portuguese safe interior (v3); 19.39 of 19.39 km2 of the hex's canonical land, largest unioned share",UNRESOLVED,,promo_7c95358cf0a4,34.61,rev_4fb5ad64527f,Portugal safe interior v3 from the 1751 Vaugondy sheets; positional uncertainty 12.33 km replaces 34.61 km,REVISED,promo_b68466ea22a9,12.33
TERRESTRIAL_HEX,h6000_q-000583_r+000879,sp_fef06587fead,CONTROLLED,"land inside the Portuguese safe interior (v3); 19.37 of 19.37 km2 of the hex's canonical land, largest unioned share",UNRESOLVED,,promo_7c95358cf0a4,34.61,rev_b3451e921d48,Portugal safe interior v3 from the 1751 Vaugondy sheets; positional uncertainty 12.33 km replaces 34.61 km,REVISED,promo_b68466ea22a9,12.33
TERRESTRIAL_HEX,h6000_q-000583_r+000880,sp_fef06587fead,CONTROLLED,"land inside the Portuguese safe interior (v3); 19.35 of 19.35 km2 of the hex's canonical land, largest unioned share",UNRESOLVED,,promo_7c95358cf0a4,34.61,rev_dea0ccd2a1a1,Portugal safe interior v3 from the 1751 Vaugondy sheets; positional uncertainty 12.33 km replaces 34.61 km,REVISED,promo_b68466ea22a9,12.33
TERRESTRIAL_HEX,h6000_q-000583_r+000881,sp_fef06587fead,CONTROLLED,"land inside the Portuguese safe interior (v3); 19.33 of 19.33 km2 of the hex's canonical land, largest unioned share",UNRESOLVED,,promo_7c95358cf0a4,34.61,rev_cb6f211d47ab,Portugal safe interior v3 from the 1751 Vaugondy sheets; positional uncertainty 12.33 km replaces 34.61 km,REVISED,promo_b68466ea22a9,12.33
TERRESTRIAL_HEX,h6000_q-000583_r+000882,sp_fef06587fead,CONTROLLED,"land inside the Portuguese safe interior (v3); 19.31 of 19.31 km2 of the hex's canonical land, largest unioned share",UNRESOLVED,,promo_7c95358cf0a4,34.61,rev_b8cfe4dd3264,Portugal safe interior v3 from the 1751 Vaugondy sheets; positional uncertainty 12.33 km replaces 34.61 km,REVISED,promo_b68466ea22a9,12.33
TERRESTRIAL_HEX,h6000_q-000583_r+000883,sp_fef06587fead,CONTROLLED,"land inside the Portuguese safe interior (v3); 19.30 of 19.30 km2 of the hex's canonical land, largest unioned share",UNRESOLVED,,promo_7c95358cf0a4,34.61,rev_b62ab041f3ea,Portugal safe interior v3 from the 1751 Vaugondy sheets; positional uncertainty 12.33 km replaces 34.61 km,REVISED,promo_b68466ea22a9,12.33
TERRESTRIAL_HEX,h6000_q-000583_r+000884,sp_fef06587fead,CONTROLLED,"land inside the Portuguese safe interior (v3); 19.28 of 19.28 km2 of the hex's canonical land, largest unioned share",UNRESOLVED,,promo_7c95358cf0a4,34.61,rev_3551bc74066e,Portugal safe interior v3 from the 1751 Vaugondy sheets; positional uncertainty 12.33 km replaces 34.61 km,REVISED,promo_b68466ea22a9,12.33
TERRESTRIAL_HEX,h6000_q-000583_r+000885,sp_fef06587fead,CONTROLLED,"land inside the Portuguese safe interior (v3); 19.26 of 19.26 km2 of the hex's canonical land, largest unioned share",UNRESOLVED,,promo_7c95358cf0a4,34.61,rev_7d22d0ab522e,Portugal safe interior v3 from the 1751 Vaugondy sheets; positional uncertainty 12.33 km replaces 34.61 km,REVISED,promo_b68466ea22a9,12.33
TERRESTRIAL_HEX,h6000_q-000583_r+000886,sp_fef06587fead,CONTROLLED,"land inside the Portuguese safe interior (v3); 19.24 of 19.24 km2 of the hex's canonical land, largest unioned share",UNRESOLVED,,promo_7c95358cf0a4,34.61,rev_a67b6756d667,Portugal safe interior v3 from the 1751 Vaugondy sheets; positional uncertainty 12.33 km replaces 34.61 km,REVISED,promo_b68466ea22a9,12.33
TERRESTRIAL_HEX,h6000_q-000583_r+000887,sp_fef06587fead,CONTROLLED,"land inside the Portuguese safe interior (v3); 19.22 of 19.22 km2 of the hex's canonical land, largest unioned share",UNRESOLVED,,promo_7c95358cf0a4,34.61,rev_6b0ece0d2d2e,Portugal safe interior v3 from the 1751 Vaugondy sheets; positional uncertainty 12.33 km replaces 34.61 km,REVISED,promo_b68466ea22a9,12.33
TERRESTRIAL_HEX,h6000_q-000583_r+000888,sp_fef06587fead,CONTROLLED,"land inside the Portuguese safe interior (v3); 19.20 of 19.20 km2 of the hex's canonical land, largest unioned share",UNRESOLVED,,promo_7c95358cf0a4,34.61,rev_98ef33ade8ac,Portugal safe interior v3 from the 1751 Vaugondy sheets; positional uncertainty 12.33 km replaces 34.61 km,REVISED,promo_b68466ea22a9,12.33
TERRESTRIAL_HEX,h6000_q-000583_r+000889,sp_fef06587fead,CONTROLLED,"land inside the Portuguese safe interior (v3); 19.18 of 19.18 km2 of the hex's canonical land, largest unioned share",UNRESOLVED,,promo_7c95358cf0a4,34.61,rev_1f5ed78ecdd2,Portugal safe interior v3 from the 1751 Vaugondy sheets; positional uncertainty 12.33 km replaces 34.61 km,REVISED,promo_b68466ea22a9,12.33
TERRESTRIAL_HEX,h6000_q-000584_r+000857,sp_fef06587fead,CONTROLLED,"land inside the Portuguese safe interior (v2); 0.66 of 11.85 km2 of the hex's canonical land, largest unioned share",UNRESOLVED,,promo_c1d69cca569e,34.61,rev_e0cec14b64c3,Portugal safe interior v3 from the 1751 Vaugondy sheets; positional uncertainty 12.33 km replaces 34.61 km,REVISED,promo_b68466ea22a9,12.33
TERRESTRIAL_HEX,h6000_q-000584_r+000858,sp_fef06587fead,CONTROLLED,"land inside the Portuguese safe interior (v2); 7.03 of 19.78 km2 of the hex's canonical land, largest unioned share",UNRESOLVED,,promo_c1d69cca569e,34.61,rev_fb659041a2e6,Portugal safe interior v3 from the 1751 Vaugondy sheets; positional uncertainty 12.33 km replaces 34.61 km,REVISED,promo_b68466ea22a9,12.33
TERRESTRIAL_HEX,h6000_q-000584_r+000860,sp_fef06587fead,CONTROLLED,"land inside the Portuguese safe interior (v3); 8.15 of 19.74 km2 of the hex's canonical land, largest unioned share",UNRESOLVED,,promo_c1d69cca569e,34.61,rev_49eaeb4ace46,Portugal safe interior v3 from the 1751 Vaugondy sheets; positional uncertainty 12.33 km replaces 34.61 km,REVISED,promo_b68466ea22a9,12.33
TERRESTRIAL_HEX,h6000_q-000584_r+000861,sp_fef06587fead,CONTROLLED,"land inside the Portuguese safe interior (v3); 17.59 of 19.72 km2 of the hex's canonical land, largest unioned share",UNRESOLVED,,promo_c1d69cca569e,34.61,rev_06887115cef8,Portugal safe interior v3 from the 1751 Vaugondy sheets; positional uncertainty 12.33 km replaces 34.61 km,REVISED,promo_b68466ea22a9,12.33
TERRESTRIAL_HEX,h6000_q-000584_r+000862,sp_fef06587fead,CONTROLLED,"land inside the Portuguese safe interior (v3); 19.70 of 19.70 km2 of the hex's canonical land, largest unioned share",UNRESOLVED,,promo_c1d69cca569e,34.61,rev_8fdb4d5a7701,Portugal safe interior v3 from the 1751 Vaugondy sheets; positional uncertainty 12.33 km replaces 34.61 km,REVISED,promo_b68466ea22a9,12.33
TERRESTRIAL_HEX,h6000_q-000584_r+000863,sp_fef06587fead,CONTROLLED,"land inside the Portuguese safe interior (v3); 19.68 of 19.68 km2 of the hex's canonical land, largest unioned share",UNRESOLVED,,promo_c1d69cca569e,34.61,rev_711b2228bbfa,Portugal safe interior v3 from the 1751 Vaugondy sheets; positional uncertainty 12.33 km replaces 34.61 km,REVISED,promo_b68466ea22a9,12.33
TERRESTRIAL_HEX,h6000_q-000584_r+000864,sp_fef06587fead,CONTROLLED,"land inside the Portuguese safe interior (v3); 19.66 of 19.66 km2 of the hex's canonical land, largest unioned share",UNRESOLVED,,promo_c1d69cca569e,34.61,rev_35f22f8557d3,Portugal safe interior v3 from the 1751 Vaugondy sheets; positional uncertainty 12.33 km replaces 34.61 km,REVISED,promo_b68466ea22a9,12.33
TERRESTRIAL_HEX,h6000_q-000584_r+000865,sp_fef06587fead,CONTROLLED,"land inside the Portuguese safe interior (v3); 19.64 of 19.64 km2 of the hex's canonical land, largest unioned share",UNRESOLVED,,promo_c1d69cca569e,34.61,rev_e66888698e78,Portugal safe interior v3 from the 1751 Vaugondy sheets; positional uncertainty 12.33 km replaces 34.61 km,REVISED,promo_b68466ea22a9,12.33
TERRESTRIAL_HEX,h6000_q-000584_r+000866,sp_fef06587fead,CONTROLLED,"land inside the Portuguese safe interior (v3); 19.62 of 19.62 km2 of the hex's canonical land, largest unioned share",UNRESOLVED,,promo_c1d69cca569e,34.61,rev_b64ca4abf899,Portugal safe interior v3 from the 1751 Vaugondy sheets; positional uncertainty 12.33 km replaces 34.61 km,REVISED,promo_b68466ea22a9,12.33
TERRESTRIAL_HEX,h6000_q-000584_r+000867,sp_fef06587fead,CONTROLLED,"land inside the Portuguese safe interior (v3); 19.60 of 19.60 km2 of the hex's canonical land, largest unioned share",UNRESOLVED,,promo_c1d69cca569e,34.61,rev_26676176a25c,Portugal safe interior v3 from the 1751 Vaugondy sheets; positional uncertainty 12.33 km replaces 34.61 km,REVISED,promo_b68466ea22a9,12.33
TERRESTRIAL_HEX,h6000_q-000584_r+000868,sp_fef06587fead,CONTROLLED,"land inside the Portuguese safe interior (v3); 19.58 of 19.58 km2 of the hex's canonical land, largest unioned share",UNRESOLVED,,promo_c1d69cca569e,34.61,rev_115721932873,Portugal safe interior v3 from the 1751 Vaugondy sheets; positional uncertainty 12.33 km replaces 34.61 km,REVISED,promo_b68466ea22a9,12.33
TERRESTRIAL_HEX,h6000_q-000584_r+000869,sp_fef06587fead,CONTROLLED,"land inside the Portuguese safe interior (v3); 19.56 of 19.56 km2 of the hex's canonical land, largest unioned share",UNRESOLVED,,promo_c1d69cca569e,34.61,rev_ac27032b8fed,Portugal safe interior v3 from the 1751 Vaugondy sheets; positional uncertainty 12.33 km replaces 34.61 km,REVISED,promo_b68466ea22a9,12.33
TERRESTRIAL_HEX,h6000_q-000584_r+000870,sp_fef06587fead,CONTROLLED,"land inside the Portuguese safe interior (v3); 19.55 of 19.55 km2 of the hex's canonical land, largest unioned share",UNRESOLVED,,promo_7c95358cf0a4,34.61,rev_6f6fdc976e9d,Portugal safe interior v3 from the 1751 Vaugondy sheets; positional uncertainty 12.33 km replaces 34.61 km,REVISED,promo_b68466ea22a9,12.33
TERRESTRIAL_HEX,h6000_q-000584_r+000871,sp_fef06587fead,CONTROLLED,"land inside the Portuguese safe interior (v3); 19.53 of 19.53 km2 of the hex's canonical land, largest unioned share",UNRESOLVED,,promo_7c95358cf0a4,34.61,rev_969e6e85d8e4,Portugal safe interior v3 from the 1751 Vaugondy sheets; positional uncertainty 12.33 km replaces 34.61 km,REVISED,promo_b68466ea22a9,12.33
TERRESTRIAL_HEX,h6000_q-000584_r+000872,sp_fef06587fead,CONTROLLED,"land inside the Portuguese safe interior (v3); 19.51 of 19.51 km2 of the hex's canonical land, largest unioned share",UNRESOLVED,,promo_7c95358cf0a4,34.61,rev_b61dbcf3b765,Portugal safe interior v3 from the 1751 Vaugondy sheets; positional uncertainty 12.33 km replaces 34.61 km,REVISED,promo_b68466ea22a9,12.33
TERRESTRIAL_HEX,h6000_q-000584_r+000873,sp_fef06587fead,CONTROLLED,"land inside the Portuguese safe interior (v3); 19.49 of 19.49 km2 of the hex's canonical land, largest unioned share",UNRESOLVED,,promo_7c95358cf0a4,34.61,rev_e523134898b5,Portugal safe interior v3 from the 1751 Vaugondy sheets; positional uncertainty 12.33 km replaces 34.61 km,REVISED,promo_b68466ea22a9,12.33
TERRESTRIAL_HEX,h6000_q-000584_r+000874,sp_fef06587fead,CONTROLLED,"land inside the Portuguese safe interior (v3); 19.47 of 19.47 km2 of the hex's canonical land, largest unioned share",UNRESOLVED,,promo_7c95358cf0a4,34.61,rev_11d2f960d84c,Portugal safe interior v3 from the 1751 Vaugondy sheets; positional uncertainty 12.33 km replaces 34.61 km,REVISED,promo_b68466ea22a9,12.33
TERRESTRIAL_HEX,h6000_q-000584_r+000875,sp_fef06587fead,CONTROLLED,"land inside the Portuguese safe interior (v3); 19.45 of 19.45 km2 of the hex's canonical land, largest unioned share",UNRESOLVED,,promo_7c95358cf0a4,34.61,rev_02c028ff7ae7,Portugal safe interior v3 from the 1751 Vaugondy sheets; positional uncertainty 12.33 km replaces 34.61 km,REVISED,promo_b68466ea22a9,12.33
TERRESTRIAL_HEX,h6000_q-000584_r+000876,sp_fef06587fead,CONTROLLED,"land inside the Portuguese safe interior (v3); 19.43 of 19.43 km2 of the hex's canonical land, largest unioned share",UNRESOLVED,,promo_7c95358cf0a4,34.61,rev_f3a18d695d16,Portugal safe interior v3 from the 1751 Vaugondy sheets; positional uncertainty 12.33 km replaces 34.61 km,REVISED,promo_b68466ea22a9,12.33
TERRESTRIAL_HEX,h6000_q-000584_r+000877,sp_fef06587fead,CONTROLLED,"land inside the Portuguese safe interior (v3); 19.41 of 19.41 km2 of the hex's canonical land, largest unioned share",UNRESOLVED,,promo_7c95358cf0a4,34.61,rev_d6424e451593,Portugal safe interior v3 from the 1751 Vaugondy sheets; positional uncertainty 12.33 km replaces 34.61 km,REVISED,promo_b68466ea22a9,12.33
TERRESTRIAL_HEX,h6000_q-000584_r+000878,sp_fef06587fead,CONTROLLED,"land inside the Portuguese safe interior (v3); 19.39 of 19.39 km2 of the hex's canonical land, largest unioned share",UNRESOLVED,,promo_7c95358cf0a4,34.61,rev_e47fde521c16,Portugal safe interior v3 from the 1751 Vaugondy sheets; positional uncertainty 12.33 km replaces 34.61 km,REVISED,promo_b68466ea22a9,12.33
TERRESTRIAL_HEX,h6000_q-000584_r+000879,sp_fef06587fead,CONTROLLED,"land inside the Portuguese safe interior (v3); 19.37 of 19.37 km2 of the hex's canonical land, largest unioned share",UNRESOLVED,,promo_7c95358cf0a4,34.61,rev_7fe5440a69fc,Portugal safe interior v3 from the 1751 Vaugondy sheets; positional uncertainty 12.33 km replaces 34.61 km,REVISED,promo_b68466ea22a9,12.33
TERRESTRIAL_HEX,h6000_q-000584_r+000880,sp_fef06587fead,CONTROLLED,"land inside the Portuguese safe interior (v3); 19.35 of 19.35 km2 of the hex's canonical land, largest unioned share",UNRESOLVED,,promo_7c95358cf0a4,34.61,rev_f68de38512c0,Portugal safe interior v3 from the 1751 Vaugondy sheets; positional uncertainty 12.33 km replaces 34.61 km,REVISED,promo_b68466ea22a9,12.33
TERRESTRIAL_HEX,h6000_q-000584_r+000881,sp_fef06587fead,CONTROLLED,"land inside the Portuguese safe interior (v3); 19.33 of 19.33 km2 of the hex's canonical land, largest unioned share",UNRESOLVED,,promo_7c95358cf0a4,34.61,rev_f5fc76aae9b2,Portugal safe interior v3 from the 1751 Vaugondy sheets; positional uncertainty 12.33 km replaces 34.61 km,REVISED,promo_b68466ea22a9,12.33
TERRESTRIAL_HEX,h6000_q-000584_r+000882,sp_fef06587fead,CONTROLLED,"land inside the Portuguese safe interior (v3); 19.31 of 19.31 km2 of the hex's canonical land, largest unioned share",UNRESOLVED,,promo_7c95358cf0a4,34.61,rev_948aa1a33e86,Portugal safe interior v3 from the 1751 Vaugondy sheets; positional uncertainty 12.33 km replaces 34.61 km,REVISED,promo_b68466ea22a9,12.33
TERRESTRIAL_HEX,h6000_q-000584_r+000883,sp_fef06587fead,CONTROLLED,"land inside the Portuguese safe interior (v3); 19.30 of 19.30 km2 of the hex's canonical land, largest unioned share",UNRESOLVED,,promo_7c95358cf0a4,34.61,rev_92c4c43c8aaf,Portugal safe interior v3 from the 1751 Vaugondy sheets; positional uncertainty 12.33 km replaces 34.61 km,REVISED,promo_b68466ea22a9,12.33
TERRESTRIAL_HEX,h6000_q-000584_r+000884,sp_fef06587fead,CONTROLLED,"land inside the Portuguese safe interior (v3); 19.28 of 19.28 km2 of the hex's canonical land, largest unioned share",UNRESOLVED,,promo_7c95358cf0a4,34.61,rev_debf9245e862,Portugal safe interior v3 from the 1751 Vaugondy sheets; positional uncertainty 12.33 km replaces 34.61 km,REVISED,promo_b68466ea22a9,12.33
TERRESTRIAL_HEX,h6000_q-000584_r+000885,sp_fef06587fead,CONTROLLED,"land inside the Portuguese safe interior (v3); 19.26 of 19.26 km2 of the hex's canonical land, largest unioned share",UNRESOLVED,,promo_7c95358cf0a4,34.61,rev_b53c7b52ea57,Portugal safe interior v3 from the 1751 Vaugondy sheets; positional uncertainty 12.33 km replaces 34.61 km,REVISED,promo_b68466ea22a9,12.33
TERRESTRIAL_HEX,h6000_q-000584_r+000886,sp_fef06587fead,CONTROLLED,"land inside the Portuguese safe interior (v3); 19.24 of 19.24 km2 of the hex's canonical land, largest unioned share",UNRESOLVED,,promo_7c95358cf0a4,34.61,rev_856c4088ad77,Portugal safe interior v3 from the 1751 Vaugondy sheets; positional uncertainty 12.33 km replaces 34.61 km,REVISED,promo_b68466ea22a9,12.33
TERRESTRIAL_HEX,h6000_q-000584_r+000887,sp_fef06587fead,CONTROLLED,"land inside the Portuguese safe interior (v3); 19.22 of 19.22 km2 of the hex's canonical land, largest unioned share",UNRESOLVED,,promo_7c95358cf0a4,34.61,rev_8b59f21ea3c1,Portugal safe interior v3 from the 1751 Vaugondy sheets; positional uncertainty 12.33 km replaces 34.61 km,REVISED,promo_b68466ea22a9,12.33
TERRESTRIAL_HEX,h6000_q-000584_r+000888,sp_fef06587fead,CONTROLLED,"land inside the Portuguese safe interior (v3); 19.20 of 19.20 km2 of the hex's canonical land, largest unioned share",UNRESOLVED,,promo_7c95358cf0a4,34.61,rev_c54eed939bee,Portugal safe interior v3 from the 1751 Vaugondy sheets; positional uncertainty 12.33 km replaces 34.61 km,REVISED,promo_b68466ea22a9,12.33
TERRESTRIAL_HEX,h6000_q-000584_r+000889,sp_fef06587fead,CONTROLLED,"land inside the Portuguese safe interior (v3); 19.18 of 19.18 km2 of the hex's canonical land, largest unioned share",UNRESOLVED,,promo_7c95358cf0a4,34.61,rev_8e5228b37739,Portugal safe interior v3 from the 1751 Vaugondy sheets; positional uncertainty 12.33 km replaces 34.61 km,REVISED,promo_b68466ea22a9,12.33
TERRESTRIAL_HEX,h6000_q-000584_r+000890,sp_fef06587fead,CONTROLLED,"land inside the Portuguese safe interior (v3); 19.16 of 19.16 km2 of the hex's canonical land, largest unioned share",UNRESOLVED,,promo_7c95358cf0a4,34.61,rev_fae6b12c5e7a,Portugal safe interior v3 from the 1751 Vaugondy sheets; positional uncertainty 12.33 km replaces 34.61 km,REVISED,promo_b68466ea22a9,12.33
TERRESTRIAL_HEX,h6000_q-000585_r+000860,sp_fef06587fead,CONTROLLED,"land inside the Portuguese safe interior (v3); 10.19 of 19.74 km2 of the hex's canonical land, largest unioned share",UNRESOLVED,,promo_c1d69cca569e,34.61,rev_e926928200f7,Portugal safe interior v3 from the 1751 Vaugondy sheets; positional uncertainty 12.33 km replaces 34.61 km,REVISED,promo_b68466ea22a9,12.33
TERRESTRIAL_HEX,h6000_q-000585_r+000861,sp_fef06587fead,CONTROLLED,"land inside the Portuguese safe interior (v3); 19.72 of 19.72 km2 of the hex's canonical land, largest unioned share",UNRESOLVED,,promo_c1d69cca569e,34.61,rev_74580b38533e,Portugal safe interior v3 from the 1751 Vaugondy sheets; positional uncertainty 12.33 km replaces 34.61 km,REVISED,promo_b68466ea22a9,12.33
TERRESTRIAL_HEX,h6000_q-000585_r+000862,sp_fef06587fead,CONTROLLED,"land inside the Portuguese safe interior (v3); 19.70 of 19.70 km2 of the hex's canonical land, largest unioned share",UNRESOLVED,,promo_c1d69cca569e,34.61,rev_dbf51a5e2f1e,Portugal safe interior v3 from the 1751 Vaugondy sheets; positional uncertainty 12.33 km replaces 34.61 km,REVISED,promo_b68466ea22a9,12.33
TERRESTRIAL_HEX,h6000_q-000585_r+000863,sp_fef06587fead,CONTROLLED,"land inside the Portuguese safe interior (v3); 19.68 of 19.68 km2 of the hex's canonical land, largest unioned share",UNRESOLVED,,promo_c1d69cca569e,34.61,rev_a27d40e0c317,Portugal safe interior v3 from the 1751 Vaugondy sheets; positional uncertainty 12.33 km replaces 34.61 km,REVISED,promo_b68466ea22a9,12.33
TERRESTRIAL_HEX,h6000_q-000585_r+000864,sp_fef06587fead,CONTROLLED,"land inside the Portuguese safe interior (v3); 19.66 of 19.66 km2 of the hex's canonical land, largest unioned share",UNRESOLVED,,promo_c1d69cca569e,34.61,rev_17fb9617c747,Portugal safe interior v3 from the 1751 Vaugondy sheets; positional uncertainty 12.33 km replaces 34.61 km,REVISED,promo_b68466ea22a9,12.33
TERRESTRIAL_HEX,h6000_q-000585_r+000865,sp_fef06587fead,CONTROLLED,"land inside the Portuguese safe interior (v3); 19.64 of 19.64 km2 of the hex's canonical land, largest unioned share",UNRESOLVED,,promo_c1d69cca569e,34.61,rev_406f88464b72,Portugal safe interior v3 from the 1751 Vaugondy sheets; positional uncertainty 12.33 km replaces 34.61 km,REVISED,promo_b68466ea22a9,12.33
TERRESTRIAL_HEX,h6000_q-000585_r+000866,sp_fef06587fead,CONTROLLED,"land inside the Portuguese safe interior (v3); 19.62 of 19.62 km2 of the hex's canonical land, largest unioned share",UNRESOLVED,,promo_c1d69cca569e,34.61,rev_29608b080d14,Portugal safe interior v3 from the 1751 Vaugondy sheets; positional uncertainty 12.33 km replaces 34.61 km,REVISED,promo_b68466ea22a9,12.33
TERRESTRIAL_HEX,h6000_q-000585_r+000867,sp_fef06587fead,CONTROLLED,"land inside the Portuguese safe interior (v3); 19.60 of 19.60 km2 of the hex's canonical land, largest unioned share",UNRESOLVED,,promo_c1d69cca569e,34.61,rev_387715bd54a9,Portugal safe interior v3 from the 1751 Vaugondy sheets; positional uncertainty 12.33 km replaces 34.61 km,REVISED,promo_b68466ea22a9,12.33
TERRESTRIAL_HEX,h6000_q-000585_r+000868,sp_fef06587fead,CONTROLLED,"land inside the Portuguese safe interior (v3); 19.58 of 19.58 km2 of the hex's canonical land, largest unioned share",UNRESOLVED,,promo_c1d69cca569e,34.61,rev_8d2fdfc66829,Portugal safe interior v3 from the 1751 Vaugondy sheets; positional uncertainty 12.33 km replaces 34.61 km,REVISED,promo_b68466ea22a9,12.33
TERRESTRIAL_HEX,h6000_q-000585_r+000869,sp_fef06587fead,CONTROLLED,"land inside the Portuguese safe interior (v3); 19.56 of 19.56 km2 of the hex's canonical land, largest unioned share",UNRESOLVED,,promo_c1d69cca569e,34.61,rev_dc6b9822a92f,Portugal safe interior v3 from the 1751 Vaugondy sheets; positional uncertainty 12.33 km replaces 34.61 km,REVISED,promo_b68466ea22a9,12.33
TERRESTRIAL_HEX,h6000_q-000585_r+000870,sp_fef06587fead,CONTROLLED,"land inside the Portuguese safe interior (v3); 19.55 of 19.55 km2 of the hex's canonical land, largest unioned share",UNRESOLVED,,promo_7c95358cf0a4,34.61,rev_178f32cdec58,Portugal safe interior v3 from the 1751 Vaugondy sheets; positional uncertainty 12.33 km replaces 34.61 km,REVISED,promo_b68466ea22a9,12.33
TERRESTRIAL_HEX,h6000_q-000585_r+000871,sp_fef06587fead,CONTROLLED,"land inside the Portuguese safe interior (v3); 19.53 of 19.53 km2 of the hex's canonical land, largest unioned share",UNRESOLVED,,promo_7c95358cf0a4,34.61,rev_07bdb9971c3e,Portugal safe interior v3 from the 1751 Vaugondy sheets; positional uncertainty 12.33 km replaces 34.61 km,REVISED,promo_b68466ea22a9,12.33
TERRESTRIAL_HEX,h6000_q-000585_r+000872,sp_fef06587fead,CONTROLLED,"land inside the Portuguese safe interior (v3); 19.51 of 19.51 km2 of the hex's canonical land, largest unioned share",UNRESOLVED,,promo_7c95358cf0a4,34.61,rev_d76ee6756856,Portugal safe interior v3 from the 1751 Vaugondy sheets; positional uncertainty 12.33 km replaces 34.61 km,REVISED,promo_b68466ea22a9,12.33
TERRESTRIAL_HEX,h6000_q-000585_r+000873,sp_fef06587fead,CONTROLLED,"land inside the Portuguese safe interior (v3); 19.49 of 19.49 km2 of the hex's canonical land, largest unioned share",UNRESOLVED,,promo_7c95358cf0a4,34.61,rev_8c88666fefcc,Portugal safe interior v3 from the 1751 Vaugondy sheets; positional uncertainty 12.33 km replaces 34.61 km,REVISED,promo_b68466ea22a9,12.33
TERRESTRIAL_HEX,h6000_q-000585_r+000874,sp_fef06587fead,CONTROLLED,"land inside the Portuguese safe interior (v3); 19.47 of 19.47 km2 of the hex's canonical land, largest unioned share",UNRESOLVED,,promo_7c95358cf0a4,34.61,rev_11b1fc68297c,Portugal safe interior v3 from the 1751 Vaugondy sheets; positional uncertainty 12.33 km replaces 34.61 km,REVISED,promo_b68466ea22a9,12.33
TERRESTRIAL_HEX,h6000_q-000585_r+000875,sp_fef06587fead,CONTROLLED,"land inside the Portuguese safe interior (v3); 19.45 of 19.45 km2 of the hex's canonical land, largest unioned share",UNRESOLVED,,promo_7c95358cf0a4,34.61,rev_29e9dbd85511,Portugal safe interior v3 from the 1751 Vaugondy sheets; positional uncertainty 12.33 km replaces 34.61 km,REVISED,promo_b68466ea22a9,12.33
TERRESTRIAL_HEX,h6000_q-000585_r+000876,sp_fef06587fead,CONTROLLED,"land inside the Portuguese safe interior (v3); 19.43 of 19.43 km2 of the hex's canonical land, largest unioned share",UNRESOLVED,,promo_7c95358cf0a4,34.61,rev_071eb50b4658,Portugal safe interior v3 from the 1751 Vaugondy sheets; positional uncertainty 12.33 km replaces 34.61 km,REVISED,promo_b68466ea22a9,12.33
TERRESTRIAL_HEX,h6000_q-000585_r+000877,sp_fef06587fead,CONTROLLED,"land inside the Portuguese safe interior (v3); 19.41 of 19.41 km2 of the hex's canonical land, largest unioned share",UNRESOLVED,,promo_7c95358cf0a4,34.61,rev_266a40bf8e9c,Portugal safe interior v3 from the 1751 Vaugondy sheets; positional uncertainty 12.33 km replaces 34.61 km,REVISED,promo_b68466ea22a9,12.33
TERRESTRIAL_HEX,h6000_q-000585_r+000878,sp_fef06587fead,CONTROLLED,"land inside the Portuguese safe interior (v3); 19.39 of 19.39 km2 of the hex's canonical land, largest unioned share",UNRESOLVED,,promo_7c95358cf0a4,34.61,rev_e4ca05acf1d8,Portugal safe interior v3 from the 1751 Vaugondy sheets; positional uncertainty 12.33 km replaces 34.61 km,REVISED,promo_b68466ea22a9,12.33
TERRESTRIAL_HEX,h6000_q-000585_r+000879,sp_fef06587fead,CONTROLLED,"land inside the Portuguese safe interior (v3); 19.37 of 19.37 km2 of the hex's canonical land, largest unioned share",UNRESOLVED,,promo_7c95358cf0a4,34.61,rev_07d3ba6ca6d7,Portugal safe interior v3 from the 1751 Vaugondy sheets; positional uncertainty 12.33 km replaces 34.61 km,REVISED,promo_b68466ea22a9,12.33
TERRESTRIAL_HEX,h6000_q-000585_r+000880,sp_fef06587fead,CONTROLLED,"land inside the Portuguese safe interior (v3); 19.35 of 19.35 km2 of the hex's canonical land, largest unioned share",UNRESOLVED,,promo_7c95358cf0a4,34.61,rev_96d962129d3d,Portugal safe interior v3 from the 1751 Vaugondy sheets; positional uncertainty 12.33 km replaces 34.61 km,REVISED,promo_b68466ea22a9,12.33
TERRESTRIAL_HEX,h6000_q-000585_r+000881,sp_fef06587fead,CONTROLLED,"land inside the Portuguese safe interior (v3); 19.33 of 19.33 km2 of the hex's canonical land, largest unioned share",UNRESOLVED,,promo_7c95358cf0a4,34.61,rev_e4ca9e89a69b,Portugal safe interior v3 from the 1751 Vaugondy sheets; positional uncertainty 12.33 km replaces 34.61 km,REVISED,promo_b68466ea22a9,12.33
TERRESTRIAL_HEX,h6000_q-000585_r+000882,sp_fef06587fead,CONTROLLED,"land inside the Portuguese safe interior (v3); 19.31 of 19.31 km2 of the hex's canonical land, largest unioned share",UNRESOLVED,,promo_7c95358cf0a4,34.61,rev_9d26fd9906e1,Portugal safe interior v3 from the 1751 Vaugondy sheets; positional uncertainty 12.33 km replaces 34.61 km,REVISED,promo_b68466ea22a9,12.33
TERRESTRIAL_HEX,h6000_q-000585_r+000883,sp_fef06587fead,CONTROLLED,"land inside the Portuguese safe interior (v3); 19.30 of 19.30 km2 of the hex's canonical land, largest unioned share",UNRESOLVED,,promo_7c95358cf0a4,34.61,rev_d57d332fe86a,Portugal safe interior v3 from the 1751 Vaugondy sheets; positional uncertainty 12.33 km replaces 34.61 km,REVISED,promo_b68466ea22a9,12.33
TERRESTRIAL_HEX,h6000_q-000585_r+000884,sp_fef06587fead,CONTROLLED,"land inside the Portuguese safe interior (v3); 19.28 of 19.28 km2 of the hex's canonical land, largest unioned share",UNRESOLVED,,promo_7c95358cf0a4,34.61,rev_c6ce0dfbc471,Portugal safe interior v3 from the 1751 Vaugondy sheets; positional uncertainty 12.33 km replaces 34.61 km,REVISED,promo_b68466ea22a9,12.33
TERRESTRIAL_HEX,h6000_q-000585_r+000885,sp_fef06587fead,CONTROLLED,"land inside the Portuguese safe interior (v3); 19.26 of 19.26 km2 of the hex's canonical land, largest unioned share",UNRESOLVED,,promo_7c95358cf0a4,34.61,rev_34f5f16a92f9,Portugal safe interior v3 from the 1751 Vaugondy sheets; positional uncertainty 12.33 km replaces 34.61 km,REVISED,promo_b68466ea22a9,12.33
TERRESTRIAL_HEX,h6000_q-000585_r+000886,sp_fef06587fead,CONTROLLED,"land inside the Portuguese safe interior (v3); 19.24 of 19.24 km2 of the hex's canonical land, largest unioned share",UNRESOLVED,,promo_7c95358cf0a4,34.61,rev_106c7c3649d4,Portugal safe interior v3 from the 1751 Vaugondy sheets; positional uncertainty 12.33 km replaces 34.61 km,REVISED,promo_b68466ea22a9,12.33
TERRESTRIAL_HEX,h6000_q-000585_r+000887,sp_fef06587fead,CONTROLLED,"land inside the Portuguese safe interior (v3); 19.22 of 19.22 km2 of the hex's canonical land, largest unioned share",UNRESOLVED,,promo_7c95358cf0a4,34.61,rev_a76e96166db6,Portugal safe interior v3 from the 1751 Vaugondy sheets; positional uncertainty 12.33 km replaces 34.61 km,REVISED,promo_b68466ea22a9,12.33
TERRESTRIAL_HEX,h6000_q-000585_r+000888,sp_fef06587fead,CONTROLLED,"land inside the Portuguese safe interior (v3); 19.20 of 19.20 km2 of the hex's canonical land, largest unioned share",UNRESOLVED,,promo_7c95358cf0a4,34.61,rev_a5d10842a2cb,Portugal safe interior v3 from the 1751 Vaugondy sheets; positional uncertainty 12.33 km replaces 34.61 km,REVISED,promo_b68466ea22a9,12.33
TERRESTRIAL_HEX,h6000_q-000585_r+000889,sp_fef06587fead,CONTROLLED,"land inside the Portuguese safe interior (v3); 19.18 of 19.18 km2 of the hex's canonical land, largest unioned share",UNRESOLVED,,promo_7c95358cf0a4,34.61,rev_b01dd142dbf5,Portugal safe interior v3 from the 1751 Vaugondy sheets; positional uncertainty 12.33 km replaces 34.61 km,REVISED,promo_b68466ea22a9,12.33
TERRESTRIAL_HEX,h6000_q-000585_r+000890,sp_fef06587fead,CONTROLLED,"land inside the Portuguese safe interior (v3); 19.16 of 19.16 km2 of the hex's canonical land, largest unioned share",UNRESOLVED,,promo_7c95358cf0a4,34.61,rev_f109338f5f6e,Portugal safe interior v3 from the 1751 Vaugondy sheets; positional uncertainty 12.33 km replaces 34.61 km,REVISED,promo_b68466ea22a9,12.33
TERRESTRIAL_HEX,h6000_q-000585_r+000891,sp_fef06587fead,CONTROLLED,"land inside the Portuguese safe interior (v3); 19.14 of 19.14 km2 of the hex's canonical land, largest unioned share",UNRESOLVED,,promo_7c95358cf0a4,34.61,rev_27ff8833f5f3,Portugal safe interior v3 from the 1751 Vaugondy sheets; positional uncertainty 12.33 km replaces 34.61 km,REVISED,promo_b68466ea22a9,12.33
TERRESTRIAL_HEX,h6000_q-000585_r+000901,sp_fef06587fead,CONTROLLED,"land inside the Portuguese safe interior (v3); 9.57 of 18.95 km2 of the hex's canonical land, largest unioned share",UNRESOLVED,,promo_7c95358cf0a4,34.61,rev_eb09462782c6,Portugal safe interior v3 from the 1751 Vaugondy sheets; positional uncertainty 12.33 km replaces 34.61 km,REVISED,promo_b68466ea22a9,12.33
TERRESTRIAL_HEX,h6000_q-000585_r+000902,sp_fef06587fead,CONTROLLED,"land inside the Portuguese safe interior (v3); 14.23 of 18.93 km2 of the hex's canonical land, largest unioned share",UNRESOLVED,,promo_7c95358cf0a4,34.61,rev_e21572e7460d,Portugal safe interior v3 from the 1751 Vaugondy sheets; positional uncertainty 12.33 km replaces 34.61 km,REVISED,promo_b68466ea22a9,12.33
TERRESTRIAL_HEX,h6000_q-000585_r+000903,sp_fef06587fead,CONTROLLED,"land inside the Portuguese safe interior (v3); 9.24 of 18.91 km2 of the hex's canonical land, largest unioned share",UNRESOLVED,,promo_7c95358cf0a4,34.61,rev_655f25d937ae,Portugal safe interior v3 from the 1751 Vaugondy sheets; positional uncertainty 12.33 km replaces 34.61 km,REVISED,promo_b68466ea22a9,12.33
TERRESTRIAL_HEX,h6000_q-000585_r+000904,sp_fef06587fead,CONTROLLED,"land inside the Portuguese safe interior (v3); 2.00 of 18.89 km2 of the hex's canonical land, largest unioned share",UNRESOLVED,,promo_7c95358cf0a4,34.61,rev_3b98fc93edb4,Portugal safe interior v3 from the 1751 Vaugondy sheets; positional uncertainty 12.33 km replaces 34.61 km,REVISED,promo_b68466ea22a9,12.33
TERRESTRIAL_HEX,h6000_q-000586_r+000860,sp_fef06587fead,CONTROLLED,"land inside the Portuguese safe interior (v3); 12.49 of 19.74 km2 of the hex's canonical land, largest unioned share",UNRESOLVED,,promo_c1d69cca569e,34.61,rev_3c60f539e5b5,Portugal safe interior v3 from the 1751 Vaugondy sheets; positional uncertainty 12.33 km replaces 34.61 km,REVISED,promo_b68466ea22a9,12.33
TERRESTRIAL_HEX,h6000_q-000586_r+000861,sp_fef06587fead,CONTROLLED,"land inside the Portuguese safe interior (v3); 19.72 of 19.72 km2 of the hex's canonical land, largest unioned share",UNRESOLVED,,promo_c1d69cca569e,34.61,rev_49644602d733,Portugal safe interior v3 from the 1751 Vaugondy sheets; positional uncertainty 12.33 km replaces 34.61 km,REVISED,promo_b68466ea22a9,12.33
TERRESTRIAL_HEX,h6000_q-000586_r+000862,sp_fef06587fead,CONTROLLED,"land inside the Portuguese safe interior (v3); 19.70 of 19.70 km2 of the hex's canonical land, largest unioned share",UNRESOLVED,,promo_c1d69cca569e,34.61,rev_a0f165b80f4f,Portugal safe interior v3 from the 1751 Vaugondy sheets; positional uncertainty 12.33 km replaces 34.61 km,REVISED,promo_b68466ea22a9,12.33
TERRESTRIAL_HEX,h6000_q-000586_r+000863,sp_fef06587fead,CONTROLLED,"land inside the Portuguese safe interior (v3); 19.68 of 19.68 km2 of the hex's canonical land, largest unioned share",UNRESOLVED,,promo_c1d69cca569e,34.61,rev_f0c85baf708f,Portugal safe interior v3 from the 1751 Vaugondy sheets; positional uncertainty 12.33 km replaces 34.61 km,REVISED,promo_b68466ea22a9,12.33
TERRESTRIAL_HEX,h6000_q-000586_r+000864,sp_fef06587fead,CONTROLLED,"land inside the Portuguese safe interior (v3); 19.66 of 19.66 km2 of the hex's canonical land, largest unioned share",UNRESOLVED,,promo_c1d69cca569e,34.61,rev_9a92e50d59ef,Portugal safe interior v3 from the 1751 Vaugondy sheets; positional uncertainty 12.33 km replaces 34.61 km,REVISED,promo_b68466ea22a9,12.33
TERRESTRIAL_HEX,h6000_q-000586_r+000865,sp_fef06587fead,CONTROLLED,"land inside the Portuguese safe interior (v3); 19.64 of 19.64 km2 of the hex's canonical land, largest unioned share",UNRESOLVED,,promo_c1d69cca569e,34.61,rev_749f407037f5,Portugal safe interior v3 from the 1751 Vaugondy sheets; positional uncertainty 12.33 km replaces 34.61 km,REVISED,promo_b68466ea22a9,12.33
TERRESTRIAL_HEX,h6000_q-000586_r+000866,sp_fef06587fead,CONTROLLED,"land inside the Portuguese safe interior (v3); 19.62 of 19.62 km2 of the hex's canonical land, largest unioned share",UNRESOLVED,,promo_c1d69cca569e,34.61,rev_f77903171676,Portugal safe interior v3 from the 1751 Vaugondy sheets; positional uncertainty 12.33 km replaces 34.61 km,REVISED,promo_b68466ea22a9,12.33
TERRESTRIAL_HEX,h6000_q-000586_r+000867,sp_fef06587fead,CONTROLLED,"land inside the Portuguese safe interior (v3); 19.60 of 19.60 km2 of the hex's canonical land, largest unioned share",UNRESOLVED,,promo_c1d69cca569e,34.61,rev_0104b630b08f,Portugal safe interior v3 from the 1751 Vaugondy sheets; positional uncertainty 12.33 km replaces 34.61 km,REVISED,promo_b68466ea22a9,12.33
TERRESTRIAL_HEX,h6000_q-000586_r+000868,sp_fef06587fead,CONTROLLED,"land inside the Portuguese safe interior (v3); 19.58 of 19.58 km2 of the hex's canonical land, largest unioned share",UNRESOLVED,,promo_c1d69cca569e,34.61,rev_200dfcd928d6,Portugal safe interior v3 from the 1751 Vaugondy sheets; positional uncertainty 12.33 km replaces 34.61 km,REVISED,promo_b68466ea22a9,12.33
TERRESTRIAL_HEX,h6000_q-000586_r+000869,sp_fef06587fead,CONTROLLED,"land inside the Portuguese safe interior (v3); 19.56 of 19.56 km2 of the hex's canonical land, largest unioned share",UNRESOLVED,,promo_c1d69cca569e,34.61,rev_e271b3e2e929,Portugal safe interior v3 from the 1751 Vaugondy sheets; positional uncertainty 12.33 km replaces 34.61 km,REVISED,promo_b68466ea22a9,12.33
TERRESTRIAL_HEX,h6000_q-000586_r+000870,sp_fef06587fead,CONTROLLED,"land inside the Portuguese safe interior (v3); 19.55 of 19.55 km2 of the hex's canonical land, largest unioned share",UNRESOLVED,,promo_7c95358cf0a4,34.61,rev_dce42f7ec5d3,Portugal safe interior v3 from the 1751 Vaugondy sheets; positional uncertainty 12.33 km replaces 34.61 km,REVISED,promo_b68466ea22a9,12.33
TERRESTRIAL_HEX,h6000_q-000586_r+000871,sp_fef06587fead,CONTROLLED,"land inside the Portuguese safe interior (v3); 19.53 of 19.53 km2 of the hex's canonical land, largest unioned share",UNRESOLVED,,promo_7c95358cf0a4,34.61,rev_4faec760134d,Portugal safe interior v3 from the 1751 Vaugondy sheets; positional uncertainty 12.33 km replaces 34.61 km,REVISED,promo_b68466ea22a9,12.33
TERRESTRIAL_HEX,h6000_q-000586_r+000872,sp_fef06587fead,CONTROLLED,"land inside the Portuguese safe interior (v3); 19.51 of 19.51 km2 of the hex's canonical land, largest unioned share",UNRESOLVED,,promo_7c95358cf0a4,34.61,rev_5173b6c9b2ef,Portugal safe interior v3 from the 1751 Vaugondy sheets; positional uncertainty 12.33 km replaces 34.61 km,REVISED,promo_b68466ea22a9,12.33
TERRESTRIAL_HEX,h6000_q-000586_r+000873,sp_fef06587fead,CONTROLLED,"land inside the Portuguese safe interior (v3); 19.49 of 19.49 km2 of the hex's canonical land, largest unioned share",UNRESOLVED,,promo_7c95358cf0a4,34.61,rev_9214ab7cfe32,Portugal safe interior v3 from the 1751 Vaugondy sheets; positional uncertainty 12.33 km replaces 34.61 km,REVISED,promo_b68466ea22a9,12.33
TERRESTRIAL_HEX,h6000_q-000586_r+000874,sp_fef06587fead,CONTROLLED,"land inside the Portuguese safe interior (v3); 19.47 of 19.47 km2 of the hex's canonical land, largest unioned share",UNRESOLVED,,promo_7c95358cf0a4,34.61,rev_69d609b36403,Portugal safe interior v3 from the 1751 Vaugondy sheets; positional uncertainty 12.33 km replaces 34.61 km,REVISED,promo_b68466ea22a9,12.33
TERRESTRIAL_HEX,h6000_q-000586_r+000875,sp_fef06587fead,CONTROLLED,"land inside the Portuguese safe interior (v3); 19.45 of 19.45 km2 of the hex's canonical land, largest unioned share",UNRESOLVED,,promo_7c95358cf0a4,34.61,rev_ad1c646d6e87,Portugal safe interior v3 from the 1751 Vaugondy sheets; positional uncertainty 12.33 km replaces 34.61 km,REVISED,promo_b68466ea22a9,12.33
TERRESTRIAL_HEX,h6000_q-000586_r+000876,sp_fef06587fead,CONTROLLED,"land inside the Portuguese safe interior (v3); 19.43 of 19.43 km2 of the hex's canonical land, largest unioned share",UNRESOLVED,,promo_7c95358cf0a4,34.61,rev_3e2a506a9417,Portugal safe interior v3 from the 1751 Vaugondy sheets; positional uncertainty 12.33 km replaces 34.61 km,REVISED,promo_b68466ea22a9,12.33
TERRESTRIAL_HEX,h6000_q-000586_r+000877,sp_fef06587fead,CONTROLLED,"land inside the Portuguese safe interior (v3); 19.41 of 19.41 km2 of the hex's canonical land, largest unioned share",UNRESOLVED,,promo_7c95358cf0a4,34.61,rev_e8354927aacd,Portugal safe interior v3 from the 1751 Vaugondy sheets; positional uncertainty 12.33 km replaces 34.61 km,REVISED,promo_b68466ea22a9,12.33
TERRESTRIAL_HEX,h6000_q-000586_r+000878,sp_fef06587fead,CONTROLLED,"land inside the Portuguese safe interior (v3); 19.39 of 19.39 km2 of the hex's canonical land, largest unioned share",UNRESOLVED,,promo_7c95358cf0a4,34.61,rev_8c80818d075c,Portugal safe interior v3 from the 1751 Vaugondy sheets; positional uncertainty 12.33 km replaces 34.61 km,REVISED,promo_b68466ea22a9,12.33
TERRESTRIAL_HEX,h6000_q-000586_r+000879,sp_fef06587fead,CONTROLLED,"land inside the Portuguese safe interior (v3); 19.37 of 19.37 km2 of the hex's canonical land, largest unioned share",UNRESOLVED,,promo_7c95358cf0a4,34.61,rev_7968533ef073,Portugal safe interior v3 from the 1751 Vaugondy sheets; positional uncertainty 12.33 km replaces 34.61 km,REVISED,promo_b68466ea22a9,12.33
TERRESTRIAL_HEX,h6000_q-000586_r+000880,sp_fef06587fead,CONTROLLED,"land inside the Portuguese safe interior (v3); 19.35 of 19.35 km2 of the hex's canonical land, largest unioned share",UNRESOLVED,,promo_7c95358cf0a4,34.61,rev_49e7aa92ec8e,Portugal safe interior v3 from the 1751 Vaugondy sheets; positional uncertainty 12.33 km replaces 34.61 km,REVISED,promo_b68466ea22a9,12.33
TERRESTRIAL_HEX,h6000_q-000586_r+000881,sp_fef06587fead,CONTROLLED,"land inside the Portuguese safe interior (v3); 19.33 of 19.33 km2 of the hex's canonical land, largest unioned share",UNRESOLVED,,promo_7c95358cf0a4,34.61,rev_20cd3b63c607,Portugal safe interior v3 from the 1751 Vaugondy sheets; positional uncertainty 12.33 km replaces 34.61 km,REVISED,promo_b68466ea22a9,12.33
TERRESTRIAL_HEX,h6000_q-000586_r+000882,sp_fef06587fead,CONTROLLED,"land inside the Portuguese safe interior (v3); 19.31 of 19.31 km2 of the hex's canonical land, largest unioned share",UNRESOLVED,,promo_7c95358cf0a4,34.61,rev_8f2d372f801b,Portugal safe interior v3 from the 1751 Vaugondy sheets; positional uncertainty 12.33 km replaces 34.61 km,REVISED,promo_b68466ea22a9,12.33
TERRESTRIAL_HEX,h6000_q-000586_r+000883,sp_fef06587fead,CONTROLLED,"land inside the Portuguese safe interior (v3); 19.30 of 19.30 km2 of the hex's canonical land, largest unioned share",UNRESOLVED,,promo_7c95358cf0a4,34.61,rev_88fe19b75e18,Portugal safe interior v3 from the 1751 Vaugondy sheets; positional uncertainty 12.33 km replaces 34.61 km,REVISED,promo_b68466ea22a9,12.33
TERRESTRIAL_HEX,h6000_q-000586_r+000884,sp_fef06587fead,CONTROLLED,"land inside the Portuguese safe interior (v3); 19.28 of 19.28 km2 of the hex's canonical land, largest unioned share",UNRESOLVED,,promo_7c95358cf0a4,34.61,rev_256e677788b9,Portugal safe interior v3 from the 1751 Vaugondy sheets; positional uncertainty 12.33 km replaces 34.61 km,REVISED,promo_b68466ea22a9,12.33
TERRESTRIAL_HEX,h6000_q-000586_r+000885,sp_fef06587fead,CONTROLLED,"land inside the Portuguese safe interior (v3); 19.26 of 19.26 km2 of the hex's canonical land, largest unioned share",UNRESOLVED,,promo_7c95358cf0a4,34.61,rev_2f8bf6a007a6,Portugal safe interior v3 from the 1751 Vaugondy sheets; positional uncertainty 12.33 km replaces 34.61 km,REVISED,promo_b68466ea22a9,12.33
TERRESTRIAL_HEX,h6000_q-000586_r+000886,sp_fef06587fead,CONTROLLED,"land inside the Portuguese safe interior (v3); 19.24 of 19.24 km2 of the hex's canonical land, largest unioned share",UNRESOLVED,,promo_7c95358cf0a4,34.61,rev_75c254e5fab3,Portugal safe interior v3 from the 1751 Vaugondy sheets; positional uncertainty 12.33 km replaces 34.61 km,REVISED,promo_b68466ea22a9,12.33
TERRESTRIAL_HEX,h6000_q-000586_r+000887,sp_fef06587fead,CONTROLLED,"land inside the Portuguese safe interior (v3); 19.22 of 19.22 km2 of the hex's canonical land, largest unioned share",UNRESOLVED,,promo_7c95358cf0a4,34.61,rev_7e375055f6d2,Portugal safe interior v3 from the 1751 Vaugondy sheets; positional uncertainty 12.33 km replaces 34.61 km,REVISED,promo_b68466ea22a9,12.33
TERRESTRIAL_HEX,h6000_q-000586_r+000888,sp_fef06587fead,CONTROLLED,"land inside the Portuguese safe interior (v3); 19.20 of 19.20 km2 of the hex's canonical land, largest unioned share",UNRESOLVED,,promo_7c95358cf0a4,34.61,rev_8f67d4d382ed,Portugal safe interior v3 from the 1751 Vaugondy sheets; positional uncertainty 12.33 km replaces 34.61 km,REVISED,promo_b68466ea22a9,12.33
TERRESTRIAL_HEX,h6000_q-000586_r+000889,sp_fef06587fead,CONTROLLED,"land inside the Portuguese safe interior (v3); 19.18 of 19.18 km2 of the hex's canonical land, largest unioned share",UNRESOLVED,,promo_7c95358cf0a4,34.61,rev_a89b8e6ce060,Portugal safe interior v3 from the 1751 Vaugondy sheets; positional uncertainty 12.33 km replaces 34.61 km,REVISED,promo_b68466ea22a9,12.33
TERRESTRIAL_HEX,h6000_q-000586_r+000890,sp_fef06587fead,CONTROLLED,"land inside the Portuguese safe interior (v3); 19.16 of 19.16 km2 of the hex's canonical land, largest unioned share",UNRESOLVED,,promo_7c95358cf0a4,34.61,rev_316d5799ff6a,Portugal safe interior v3 from the 1751 Vaugondy sheets; positional uncertainty 12.33 km replaces 34.61 km,REVISED,promo_b68466ea22a9,12.33
TERRESTRIAL_HEX,h6000_q-000586_r+000891,sp_fef06587fead,CONTROLLED,"land inside the Portuguese safe interior (v3); 19.14 of 19.14 km2 of the hex's canonical land, largest unioned share",UNRESOLVED,,promo_7c95358cf0a4,34.61,rev_09cf7e76988d,Portugal safe interior v3 from the 1751 Vaugondy sheets; positional uncertainty 12.33 km replaces 34.61 km,REVISED,promo_b68466ea22a9,12.33
TERRESTRIAL_HEX,h6000_q-000586_r+000892,sp_fef06587fead,CONTROLLED,"land inside the Portuguese safe interior (v3); 19.12 of 19.12 km2 of the hex's canonical land, largest unioned share",UNRESOLVED,,promo_7c95358cf0a4,34.61,rev_eb2579dd74ff,Portugal safe interior v3 from the 1751 Vaugondy sheets; positional uncertainty 12.33 km replaces 34.61 km,REVISED,promo_b68466ea22a9,12.33
TERRESTRIAL_HEX,h6000_q-000586_r+000893,sp_fef06587fead,CONTROLLED,"land inside the Portuguese safe interior (v3); 19.10 of 19.10 km2 of the hex's canonical land, largest unioned share",UNRESOLVED,,promo_7c95358cf0a4,34.61,rev_8596b90e84ef,Portugal safe interior v3 from the 1751 Vaugondy sheets; positional uncertainty 12.33 km replaces 34.61 km,REVISED,promo_b68466ea22a9,12.33
TERRESTRIAL_HEX,h6000_q-000586_r+000901,sp_fef06587fead,CONTROLLED,"land inside the Portuguese safe interior (v3); 12.51 of 18.95 km2 of the hex's canonical land, largest unioned share",UNRESOLVED,,promo_7c95358cf0a4,34.61,rev_ec2cdeeee915,Portugal safe interior v3 from the 1751 Vaugondy sheets; positional uncertainty 12.33 km replaces 34.61 km,REVISED,promo_b68466ea22a9,12.33
TERRESTRIAL_HEX,h6000_q-000586_r+000902,sp_fef06587fead,CONTROLLED,"land inside the Portuguese safe interior (v3); 18.93 of 18.93 km2 of the hex's canonical land, largest unioned share",UNRESOLVED,,promo_7c95358cf0a4,34.61,rev_be2bace3c28c,Portugal safe interior v3 from the 1751 Vaugondy sheets; positional uncertainty 12.33 km replaces 34.61 km,REVISED,promo_b68466ea22a9,12.33
TERRESTRIAL_HEX,h6000_q-000586_r+000903,sp_fef06587fead,CONTROLLED,"land inside the Portuguese safe interior (v3); 18.91 of 18.91 km2 of the hex's canonical land, largest unioned share",UNRESOLVED,,promo_7c95358cf0a4,34.61,rev_21527c970a45,Portugal safe interior v3 from the 1751 Vaugondy sheets; positional uncertainty 12.33 km replaces 34.61 km,REVISED,promo_b68466ea22a9,12.33
TERRESTRIAL_HEX,h6000_q-000586_r+000904,sp_fef06587fead,CONTROLLED,"land inside the Portuguese safe interior (v3); 18.89 of 18.89 km2 of the hex's canonical land, largest unioned share",UNRESOLVED,,promo_7c95358cf0a4,34.61,rev_b04573bc520c,Portugal safe interior v3 from the 1751 Vaugondy sheets; positional uncertainty 12.33 km replaces 34.61 km,REVISED,promo_b68466ea22a9,12.33
TERRESTRIAL_HEX,h6000_q-000586_r+000905,sp_fef06587fead,CONTROLLED,"land inside the Portuguese safe interior (v3); 16.58 of 18.87 km2 of the hex's canonical land, largest unioned share",UNRESOLVED,,promo_7c95358cf0a4,34.61,rev_f67a2a8d0846,Portugal safe interior v3 from the 1751 Vaugondy sheets; positional uncertainty 12.33 km replaces 34.61 km,REVISED,promo_b68466ea22a9,12.33
TERRESTRIAL_HEX,h6000_q-000586_r+000906,sp_fef06587fead,CONTROLLED,"land inside the Portuguese safe interior (v3); 0.94 of 18.85 km2 of the hex's canonical land, largest unioned share",UNRESOLVED,,promo_7c95358cf0a4,34.61,rev_9c337a178eea,Portugal safe interior v3 from the 1751 Vaugondy sheets; positional uncertainty 12.33 km replaces 34.61 km,REVISED,promo_b68466ea22a9,12.33
TERRESTRIAL_HEX,h6000_q-000587_r+000860,sp_fef06587fead,CONTROLLED,"land inside the Portuguese safe interior (v3); 10.25 of 19.74 km2 of the hex's canonical land, largest unioned share",UNRESOLVED,,promo_c1d69cca569e,34.61,rev_b6fbbc7f24ae,Portugal safe interior v3 from the 1751 Vaugondy sheets; positional uncertainty 12.33 km replaces 34.61 km,REVISED,promo_b68466ea22a9,12.33
TERRESTRIAL_HEX,h6000_q-000587_r+000861,sp_fef06587fead,CONTROLLED,"land inside the Portuguese safe interior (v3); 19.72 of 19.72 km2 of the hex's canonical land, largest unioned share",UNRESOLVED,,promo_c1d69cca569e,34.61,rev_253f392274d4,Portugal safe interior v3 from the 1751 Vaugondy sheets; positional uncertainty 12.33 km replaces 34.61 km,REVISED,promo_b68466ea22a9,12.33
TERRESTRIAL_HEX,h6000_q-000587_r+000862,sp_fef06587fead,CONTROLLED,"land inside the Portuguese safe interior (v3); 19.70 of 19.70 km2 of the hex's canonical land, largest unioned share",UNRESOLVED,,promo_c1d69cca569e,34.61,rev_a2d68ccefcd9,Portugal safe interior v3 from the 1751 Vaugondy sheets; positional uncertainty 12.33 km replaces 34.61 km,REVISED,promo_b68466ea22a9,12.33
TERRESTRIAL_HEX,h6000_q-000587_r+000863,sp_fef06587fead,CONTROLLED,"land inside the Portuguese safe interior (v3); 19.68 of 19.68 km2 of the hex's canonical land, largest unioned share",UNRESOLVED,,promo_c1d69cca569e,34.61,rev_69e7be7e4707,Portugal safe interior v3 from the 1751 Vaugondy sheets; positional uncertainty 12.33 km replaces 34.61 km,REVISED,promo_b68466ea22a9,12.33
TERRESTRIAL_HEX,h6000_q-000587_r+000864,sp_fef06587fead,CONTROLLED,"land inside the Portuguese safe interior (v3); 19.66 of 19.66 km2 of the hex's canonical land, largest unioned share",UNRESOLVED,,promo_c1d69cca569e,34.61,rev_d9ac68c1bc98,Portugal safe interior v3 from the 1751 Vaugondy sheets; positional uncertainty 12.33 km replaces 34.61 km,REVISED,promo_b68466ea22a9,12.33
TERRESTRIAL_HEX,h6000_q-000587_r+000865,sp_fef06587fead,CONTROLLED,"land inside the Portuguese safe interior (v3); 19.64 of 19.64 km2 of the hex's canonical land, largest unioned share",UNRESOLVED,,promo_c1d69cca569e,34.61,rev_c31038a0e61c,Portugal safe interior v3 from the 1751 Vaugondy sheets; positional uncertainty 12.33 km replaces 34.61 km,REVISED,promo_b68466ea22a9,12.33
TERRESTRIAL_HEX,h6000_q-000587_r+000866,sp_fef06587fead,CONTROLLED,"land inside the Portuguese safe interior (v3); 19.62 of 19.62 km2 of the hex's canonical land, largest unioned share",UNRESOLVED,,promo_c1d69cca569e,34.61,rev_224d8703c397,Portugal safe interior v3 from the 1751 Vaugondy sheets; positional uncertainty 12.33 km replaces 34.61 km,REVISED,promo_b68466ea22a9,12.33
TERRESTRIAL_HEX,h6000_q-000587_r+000867,sp_fef06587fead,CONTROLLED,"land inside the Portuguese safe interior (v3); 19.60 of 19.60 km2 of the hex's canonical land, largest unioned share",UNRESOLVED,,promo_c1d69cca569e,34.61,rev_ce97d6af52b5,Portugal safe interior v3 from the 1751 Vaugondy sheets; positional uncertainty 12.33 km replaces 34.61 km,REVISED,promo_b68466ea22a9,12.33
TERRESTRIAL_HEX,h6000_q-000587_r+000868,sp_fef06587fead,CONTROLLED,"land inside the Portuguese safe interior (v3); 19.58 of 19.58 km2 of the hex's canonical land, largest unioned share",UNRESOLVED,,promo_c1d69cca569e,34.61,rev_53e72332b8fd,Portugal safe interior v3 from the 1751 Vaugondy sheets; positional uncertainty 12.33 km replaces 34.61 km,REVISED,promo_b68466ea22a9,12.33
TERRESTRIAL_HEX,h6000_q-000587_r+000869,sp_fef06587fead,CONTROLLED,"land inside the Portuguese safe interior (v3); 19.56 of 19.56 km2 of the hex's canonical land, largest unioned share",UNRESOLVED,,promo_c1d69cca569e,34.61,rev_2a8d365b966a,Portugal safe interior v3 from the 1751 Vaugondy sheets; positional uncertainty 12.33 km replaces 34.61 km,REVISED,promo_b68466ea22a9,12.33
TERRESTRIAL_HEX,h6000_q-000587_r+000870,sp_fef06587fead,CONTROLLED,"land inside the Portuguese safe interior (v3); 19.55 of 19.55 km2 of the hex's canonical land, largest unioned share",UNRESOLVED,,promo_c1d69cca569e,34.61,rev_afc85bebe25d,Portugal safe interior v3 from the 1751 Vaugondy sheets; positional uncertainty 12.33 km replaces 34.61 km,REVISED,promo_b68466ea22a9,12.33
TERRESTRIAL_HEX,h6000_q-000587_r+000871,sp_fef06587fead,CONTROLLED,"land inside the Portuguese safe interior (v3); 19.53 of 19.53 km2 of the hex's canonical land, largest unioned share",UNRESOLVED,,promo_7c95358cf0a4,34.61,rev_4a3b50afbe89,Portugal safe interior v3 from the 1751 Vaugondy sheets; positional uncertainty 12.33 km replaces 34.61 km,REVISED,promo_b68466ea22a9,12.33
TERRESTRIAL_HEX,h6000_q-000587_r+000872,sp_fef06587fead,CONTROLLED,"land inside the Portuguese safe interior (v3); 19.51 of 19.51 km2 of the hex's canonical land, largest unioned share",UNRESOLVED,,promo_7c95358cf0a4,34.61,rev_c80c396ca4d3,Portugal safe interior v3 from the 1751 Vaugondy sheets; positional uncertainty 12.33 km replaces 34.61 km,REVISED,promo_b68466ea22a9,12.33
TERRESTRIAL_HEX,h6000_q-000587_r+000873,sp_fef06587fead,CONTROLLED,"land inside the Portuguese safe interior (v3); 19.49 of 19.49 km2 of the hex's canonical land, largest unioned share",UNRESOLVED,,promo_7c95358cf0a4,34.61,rev_6ae989eae814,Portugal safe interior v3 from the 1751 Vaugondy sheets; positional uncertainty 12.33 km replaces 34.61 km,REVISED,promo_b68466ea22a9,12.33
TERRESTRIAL_HEX,h6000_q-000587_r+000874,sp_fef06587fead,CONTROLLED,"land inside the Portuguese safe interior (v3); 19.47 of 19.47 km2 of the hex's canonical land, largest unioned share",UNRESOLVED,,promo_7c95358cf0a4,34.61,rev_29684d4ba1f4,Portugal safe interior v3 from the 1751 Vaugondy sheets; positional uncertainty 12.33 km replaces 34.61 km,REVISED,promo_b68466ea22a9,12.33
TERRESTRIAL_HEX,h6000_q-000587_r+000875,sp_fef06587fead,CONTROLLED,"land inside the Portuguese safe interior (v3); 19.45 of 19.45 km2 of the hex's canonical land, largest unioned share",UNRESOLVED,,promo_7c95358cf0a4,34.61,rev_9f4fd45dc59b,Portugal safe interior v3 from the 1751 Vaugondy sheets; positional uncertainty 12.33 km replaces 34.61 km,REVISED,promo_b68466ea22a9,12.33
TERRESTRIAL_HEX,h6000_q-000587_r+000876,sp_fef06587fead,CONTROLLED,"land inside the Portuguese safe interior (v3); 19.43 of 19.43 km2 of the hex's canonical land, largest unioned share",UNRESOLVED,,promo_7c95358cf0a4,34.61,rev_90e56dbdafea,Portugal safe interior v3 from the 1751 Vaugondy sheets; positional uncertainty 12.33 km replaces 34.61 km,REVISED,promo_b68466ea22a9,12.33
TERRESTRIAL_HEX,h6000_q-000587_r+000877,sp_fef06587fead,CONTROLLED,"land inside the Portuguese safe interior (v3); 19.41 of 19.41 km2 of the hex's canonical land, largest unioned share",UNRESOLVED,,promo_7c95358cf0a4,34.61,rev_ec64ba41c8fb,Portugal safe interior v3 from the 1751 Vaugondy sheets; positional uncertainty 12.33 km replaces 34.61 km,REVISED,promo_b68466ea22a9,12.33
TERRESTRIAL_HEX,h6000_q-000587_r+000878,sp_fef06587fead,CONTROLLED,"land inside the Portuguese safe interior (v3); 19.39 of 19.39 km2 of the hex's canonical land, largest unioned share",UNRESOLVED,,promo_7c95358cf0a4,34.61,rev_22a18f0a2d91,Portugal safe interior v3 from the 1751 Vaugondy sheets; positional uncertainty 12.33 km replaces 34.61 km,REVISED,promo_b68466ea22a9,12.33
TERRESTRIAL_HEX,h6000_q-000587_r+000879,sp_fef06587fead,CONTROLLED,"land inside the Portuguese safe interior (v3); 19.37 of 19.37 km2 of the hex's canonical land, largest unioned share",UNRESOLVED,,promo_7c95358cf0a4,34.61,rev_462671b3d87a,Portugal safe interior v3 from the 1751 Vaugondy sheets; positional uncertainty 12.33 km replaces 34.61 km,REVISED,promo_b68466ea22a9,12.33
TERRESTRIAL_HEX,h6000_q-000587_r+000880,sp_fef06587fead,CONTROLLED,"land inside the Portuguese safe interior (v3); 19.35 of 19.35 km2 of the hex's canonical land, largest unioned share",UNRESOLVED,,promo_7c95358cf0a4,34.61,rev_6eb42a94386e,Portugal safe interior v3 from the 1751 Vaugondy sheets; positional uncertainty 12.33 km replaces 34.61 km,REVISED,promo_b68466ea22a9,12.33
TERRESTRIAL_HEX,h6000_q-000587_r+000881,sp_fef06587fead,CONTROLLED,"land inside the Portuguese safe interior (v3); 19.33 of 19.33 km2 of the hex's canonical land, largest unioned share",UNRESOLVED,,promo_7c95358cf0a4,34.61,rev_a26730d07c34,Portugal safe interior v3 from the 1751 Vaugondy sheets; positional uncertainty 12.33 km replaces 34.61 km,REVISED,promo_b68466ea22a9,12.33
TERRESTRIAL_HEX,h6000_q-000587_r+000882,sp_fef06587fead,CONTROLLED,"land inside the Portuguese safe interior (v3); 19.31 of 19.31 km2 of the hex's canonical land, largest unioned share",UNRESOLVED,,promo_7c95358cf0a4,34.61,rev_9f8473987b49,Portugal safe interior v3 from the 1751 Vaugondy sheets; positional uncertainty 12.33 km replaces 34.61 km,REVISED,promo_b68466ea22a9,12.33
TERRESTRIAL_HEX,h6000_q-000587_r+000883,sp_fef06587fead,CONTROLLED,"land inside the Portuguese safe interior (v3); 19.30 of 19.30 km2 of the hex's canonical land, largest unioned share",UNRESOLVED,,promo_7c95358cf0a4,34.61,rev_cf9e15cf607f,Portugal safe interior v3 from the 1751 Vaugondy sheets; positional uncertainty 12.33 km replaces 34.61 km,REVISED,promo_b68466ea22a9,12.33
TERRESTRIAL_HEX,h6000_q-000587_r+000884,sp_fef06587fead,CONTROLLED,"land inside the Portuguese safe interior (v3); 19.28 of 19.28 km2 of the hex's canonical land, largest unioned share",UNRESOLVED,,promo_7c95358cf0a4,34.61,rev_53e2d0814759,Portugal safe interior v3 from the 1751 Vaugondy sheets; positional uncertainty 12.33 km replaces 34.61 km,REVISED,promo_b68466ea22a9,12.33
TERRESTRIAL_HEX,h6000_q-000587_r+000885,sp_fef06587fead,CONTROLLED,"land inside the Portuguese safe interior (v2+v3); 19.26 of 19.26 km2 of the hex's canonical land, largest unioned share",UNRESOLVED,,promo_7c95358cf0a4,34.61,rev_36a68e71895a,Portugal safe interior v3 from the 1751 Vaugondy sheets; positional uncertainty 12.33 km replaces 34.61 km,REVISED,promo_b68466ea22a9,12.33
TERRESTRIAL_HEX,h6000_q-000587_r+000886,sp_fef06587fead,CONTROLLED,"land inside the Portuguese safe interior (v2+v3); 19.24 of 19.24 km2 of the hex's canonical land, largest unioned share",UNRESOLVED,,promo_7c95358cf0a4,34.61,rev_f1fe8600d70b,Portugal safe interior v3 from the 1751 Vaugondy sheets; positional uncertainty 12.33 km replaces 34.61 km,REVISED,promo_b68466ea22a9,12.33
TERRESTRIAL_HEX,h6000_q-000587_r+000887,sp_fef06587fead,CONTROLLED,"land inside the Portuguese safe interior (v3); 19.22 of 19.22 km2 of the hex's canonical land, largest unioned share",UNRESOLVED,,promo_7c95358cf0a4,34.61,rev_98dbc6d98d1f,Portugal safe interior v3 from the 1751 Vaugondy sheets; positional uncertainty 12.33 km replaces 34.61 km,REVISED,promo_b68466ea22a9,12.33
TERRESTRIAL_HEX,h6000_q-000587_r+000888,sp_fef06587fead,CONTROLLED,"land inside the Portuguese safe interior (v3); 19.20 of 19.20 km2 of the hex's canonical land, largest unioned share",UNRESOLVED,,promo_7c95358cf0a4,34.61,rev_0ede140a94b1,Portugal safe interior v3 from the 1751 Vaugondy sheets; positional uncertainty 12.33 km replaces 34.61 km,REVISED,promo_b68466ea22a9,12.33
TERRESTRIAL_HEX,h6000_q-000587_r+000889,sp_fef06587fead,CONTROLLED,"land inside the Portuguese safe interior (v3); 19.18 of 19.18 km2 of the hex's canonical land, largest unioned share",UNRESOLVED,,promo_7c95358cf0a4,34.61,rev_4a2d390f1e2b,Portugal safe interior v3 from the 1751 Vaugondy sheets; positional uncertainty 12.33 km replaces 34.61 km,REVISED,promo_b68466ea22a9,12.33
TERRESTRIAL_HEX,h6000_q-000587_r+000890,sp_fef06587fead,CONTROLLED,"land inside the Portuguese safe interior (v3); 19.16 of 19.16 km2 of the hex's canonical land, largest unioned share",UNRESOLVED,,promo_7c95358cf0a4,34.61,rev_6eb209b4e2ff,Portugal safe interior v3 from the 1751 Vaugondy sheets; positional uncertainty 12.33 km replaces 34.61 km,REVISED,promo_b68466ea22a9,12.33
TERRESTRIAL_HEX,h6000_q-000587_r+000891,sp_fef06587fead,CONTROLLED,"land inside the Portuguese safe interior (v3); 19.14 of 19.14 km2 of the hex's canonical land, largest unioned share",UNRESOLVED,,promo_7c95358cf0a4,34.61,rev_9e87d98280c2,Portugal safe interior v3 from the 1751 Vaugondy sheets; positional uncertainty 12.33 km replaces 34.61 km,REVISED,promo_b68466ea22a9,12.33
TERRESTRIAL_HEX,h6000_q-000587_r+000892,sp_fef06587fead,CONTROLLED,"land inside the Portuguese safe interior (v3); 19.12 of 19.12 km2 of the hex's canonical land, largest unioned share",UNRESOLVED,,promo_7c95358cf0a4,34.61,rev_4cb6969d9c12,Portugal safe interior v3 from the 1751 Vaugondy sheets; positional uncertainty 12.33 km replaces 34.61 km,REVISED,promo_b68466ea22a9,12.33
TERRESTRIAL_HEX,h6000_q-000587_r+000893,sp_fef06587fead,CONTROLLED,"land inside the Portuguese safe interior (v3); 19.10 of 19.10 km2 of the hex's canonical land, largest unioned share",UNRESOLVED,,promo_7c95358cf0a4,34.61,rev_d7a20f6cb57d,Portugal safe interior v3 from the 1751 Vaugondy sheets; positional uncertainty 12.33 km replaces 34.61 km,REVISED,promo_b68466ea22a9,12.33
TERRESTRIAL_HEX,h6000_q-000587_r+000894,sp_fef06587fead,CONTROLLED,"land inside the Portuguese safe interior (v3); 19.08 of 19.08 km2 of the hex's canonical land, largest unioned share",UNRESOLVED,,promo_7c95358cf0a4,34.61,rev_a6be547ad568,Portugal safe interior v3 from the 1751 Vaugondy sheets; positional uncertainty 12.33 km replaces 34.61 km,REVISED,promo_b68466ea22a9,12.33
TERRESTRIAL_HEX,h6000_q-000587_r+000895,sp_fef06587fead,CONTROLLED,"land inside the Portuguese safe interior (v3); 19.07 of 19.07 km2 of the hex's canonical land, largest unioned share",UNRESOLVED,,promo_7c95358cf0a4,34.61,rev_a474b3c913b2,Portugal safe interior v3 from the 1751 Vaugondy sheets; positional uncertainty 12.33 km replaces 34.61 km,REVISED,promo_b68466ea22a9,12.33
TERRESTRIAL_HEX,h6000_q-000587_r+000896,sp_fef06587fead,CONTROLLED,"land inside the Portuguese safe interior (v3); 19.05 of 19.05 km2 of the hex's canonical land, largest unioned share",UNRESOLVED,,promo_7c95358cf0a4,34.61,rev_2cf0e54f6694,Portugal safe interior v3 from the 1751 Vaugondy sheets; positional uncertainty 12.33 km replaces 34.61 km,REVISED,promo_b68466ea22a9,12.33
TERRESTRIAL_HEX,h6000_q-000587_r+000897,sp_fef06587fead,CONTROLLED,"land inside the Portuguese safe interior (v3); 12.87 of 19.03 km2 of the hex's canonical land, largest unioned share",UNRESOLVED,,promo_7c95358cf0a4,34.61,rev_9bf462c3969a,Portugal safe interior v3 from the 1751 Vaugondy sheets; positional uncertainty 12.33 km replaces 34.61 km,REVISED,promo_b68466ea22a9,12.33
TERRESTRIAL_HEX,h6000_q-000587_r+000898,sp_fef06587fead,CONTROLLED,"land inside the Portuguese safe interior (v3); 5.61 of 19.01 km2 of the hex's canonical land, largest unioned share",UNRESOLVED,,promo_7c95358cf0a4,34.61,rev_397dc63a0451,Portugal safe interior v3 from the 1751 Vaugondy sheets; positional uncertainty 12.33 km replaces 34.61 km,REVISED,promo_b68466ea22a9,12.33
TERRESTRIAL_HEX,h6000_q-000587_r+000899,sp_fef06587fead,CONTROLLED,"land inside the Portuguese safe interior (v3); 4.14 of 18.99 km2 of the hex's canonical land, largest unioned share",UNRESOLVED,,promo_7c95358cf0a4,34.61,rev_314f4a8402c3,Portugal safe interior v3 from the 1751 Vaugondy sheets; positional uncertainty 12.33 km replaces 34.61 km,REVISED,promo_b68466ea22a9,12.33
TERRESTRIAL_HEX,h6000_q-000587_r+000900,sp_fef06587fead,CONTROLLED,"land inside the Portuguese safe interior (v3); 9.06 of 18.97 km2 of the hex's canonical land, largest unioned share",UNRESOLVED,,promo_7c95358cf0a4,34.61,rev_0666cc2ebb14,Portugal safe interior v3 from the 1751 Vaugondy sheets; positional uncertainty 12.33 km replaces 34.61 km,REVISED,promo_b68466ea22a9,12.33
TERRESTRIAL_HEX,h6000_q-000587_r+000901,sp_fef06587fead,CONTROLLED,"land inside the Portuguese safe interior (v3); 18.19 of 18.95 km2 of the hex's canonical land, largest unioned share",UNRESOLVED,,promo_7c95358cf0a4,34.61,rev_fc0ed9ce505f,Portugal safe interior v3 from the 1751 Vaugondy sheets; positional uncertainty 12.33 km replaces 34.61 km,REVISED,promo_b68466ea22a9,12.33
TERRESTRIAL_HEX,h6000_q-000587_r+000902,sp_fef06587fead,CONTROLLED,"land inside the Portuguese safe interior (v3); 18.93 of 18.93 km2 of the hex's canonical land, largest unioned share",UNRESOLVED,,promo_7c95358cf0a4,34.61,rev_39c73253c281,Portugal safe interior v3 from the 1751 Vaugondy sheets; positional uncertainty 12.33 km replaces 34.61 km,REVISED,promo_b68466ea22a9,12.33
TERRESTRIAL_HEX,h6000_q-000587_r+000903,sp_fef06587fead,CONTROLLED,"land inside the Portuguese safe interior (v3); 18.91 of 18.91 km2 of the hex's canonical land, largest unioned share",UNRESOLVED,,promo_7c95358cf0a4,34.61,rev_456110abbc3d,Portugal safe interior v3 from the 1751 Vaugondy sheets; positional uncertainty 12.33 km replaces 34.61 km,REVISED,promo_b68466ea22a9,12.33
TERRESTRIAL_HEX,h6000_q-000587_r+000904,sp_fef06587fead,CONTROLLED,"land inside the Portuguese safe interior (v3); 18.89 of 18.89 km2 of the hex's canonical land, largest unioned share",UNRESOLVED,,promo_7c95358cf0a4,34.61,rev_37cdd5a24930,Portugal safe interior v3 from the 1751 Vaugondy sheets; positional uncertainty 12.33 km replaces 34.61 km,REVISED,promo_b68466ea22a9,12.33
TERRESTRIAL_HEX,h6000_q-000587_r+000905,sp_fef06587fead,CONTROLLED,"land inside the Portuguese safe interior (v3); 18.87 of 18.87 km2 of the hex's canonical land, largest unioned share",UNRESOLVED,,promo_7c95358cf0a4,34.61,rev_7fc31d830596,Portugal safe interior v3 from the 1751 Vaugondy sheets; positional uncertainty 12.33 km replaces 34.61 km,REVISED,promo_b68466ea22a9,12.33
TERRESTRIAL_HEX,h6000_q-000587_r+000906,sp_fef06587fead,CONTROLLED,"land inside the Portuguese safe interior (v3); 18.76 of 18.85 km2 of the hex's canonical land, largest unioned share",UNRESOLVED,,promo_7c95358cf0a4,34.61,rev_82d951315be1,Portugal safe interior v3 from the 1751 Vaugondy sheets; positional uncertainty 12.33 km replaces 34.61 km,REVISED,promo_b68466ea22a9,12.33
TERRESTRIAL_HEX,h6000_q-000587_r+000907,sp_fef06587fead,CONTROLLED,"land inside the Portuguese safe interior (v3); 5.51 of 18.84 km2 of the hex's canonical land, largest unioned share",UNRESOLVED,,promo_7c95358cf0a4,34.61,rev_6e8cbb2bffa5,Portugal safe interior v3 from the 1751 Vaugondy sheets; positional uncertainty 12.33 km replaces 34.61 km,REVISED,promo_b68466ea22a9,12.33
TERRESTRIAL_HEX,h6000_q-000588_r+000860,sp_fef06587fead,CONTROLLED,"land inside the Portuguese safe interior (v3); 4.18 of 19.74 km2 of the hex's canonical land, largest unioned share",UNRESOLVED,,promo_c1d69cca569e,34.61,rev_66859f76ab0e,Portugal safe interior v3 from the 1751 Vaugondy sheets; positional uncertainty 12.33 km replaces 34.61 km,REVISED,promo_b68466ea22a9,12.33
TERRESTRIAL_HEX,h6000_q-000588_r+000861,sp_fef06587fead,CONTROLLED,"land inside the Portuguese safe interior (v3); 19.72 of 19.72 km2 of the hex's canonical land, largest unioned share",UNRESOLVED,,promo_c1d69cca569e,34.61,rev_8af2d23b2117,Portugal safe interior v3 from the 1751 Vaugondy sheets; positional uncertainty 12.33 km replaces 34.61 km,REVISED,promo_b68466ea22a9,12.33
TERRESTRIAL_HEX,h6000_q-000588_r+000862,sp_fef06587fead,CONTROLLED,"land inside the Portuguese safe interior (v3); 19.70 of 19.70 km2 of the hex's canonical land, largest unioned share",UNRESOLVED,,promo_c1d69cca569e,34.61,rev_ebd380f00839,Portugal safe interior v3 from the 1751 Vaugondy sheets; positional uncertainty 12.33 km replaces 34.61 km,REVISED,promo_b68466ea22a9,12.33
TERRESTRIAL_HEX,h6000_q-000588_r+000863,sp_fef06587fead,CONTROLLED,"land inside the Portuguese safe interior (v3); 19.68 of 19.68 km2 of the hex's canonical land, largest unioned share",UNRESOLVED,,promo_c1d69cca569e,34.61,rev_3a92fc2b23b8,Portugal safe interior v3 from the 1751 Vaugondy sheets; positional uncertainty 12.33 km replaces 34.61 km,REVISED,promo_b68466ea22a9,12.33
TERRESTRIAL_HEX,h6000_q-000588_r+000864,sp_fef06587fead,CONTROLLED,"land inside the Portuguese safe interior (v3); 19.66 of 19.66 km2 of the hex's canonical land, largest unioned share",UNRESOLVED,,promo_c1d69cca569e,34.61,rev_8baff4902a1b,Portugal safe interior v3 from the 1751 Vaugondy sheets; positional uncertainty 12.33 km replaces 34.61 km,REVISED,promo_b68466ea22a9,12.33
TERRESTRIAL_HEX,h6000_q-000588_r+000865,sp_fef06587fead,CONTROLLED,"land inside the Portuguese safe interior (v3); 19.64 of 19.64 km2 of the hex's canonical land, largest unioned share",UNRESOLVED,,promo_c1d69cca569e,34.61,rev_7b998d32e8e5,Portugal safe interior v3 from the 1751 Vaugondy sheets; positional uncertainty 12.33 km replaces 34.61 km,REVISED,promo_b68466ea22a9,12.33
TERRESTRIAL_HEX,h6000_q-000588_r+000866,sp_fef06587fead,CONTROLLED,"land inside the Portuguese safe interior (v3); 19.62 of 19.62 km2 of the hex's canonical land, largest unioned share",UNRESOLVED,,promo_c1d69cca569e,34.61,rev_1bfbd46b25d2,Portugal safe interior v3 from the 1751 Vaugondy sheets; positional uncertainty 12.33 km replaces 34.61 km,REVISED,promo_b68466ea22a9,12.33
TERRESTRIAL_HEX,h6000_q-000588_r+000867,sp_fef06587fead,CONTROLLED,"land inside the Portuguese safe interior (v3); 19.60 of 19.60 km2 of the hex's canonical land, largest unioned share",UNRESOLVED,,promo_c1d69cca569e,34.61,rev_196ea3cff514,Portugal safe interior v3 from the 1751 Vaugondy sheets; positional uncertainty 12.33 km replaces 34.61 km,REVISED,promo_b68466ea22a9,12.33
TERRESTRIAL_HEX,h6000_q-000588_r+000868,sp_fef06587fead,CONTROLLED,"land inside the Portuguese safe interior (v3); 19.58 of 19.58 km2 of the hex's canonical land, largest unioned share",UNRESOLVED,,promo_c1d69cca569e,34.61,rev_c8268f941655,Portugal safe interior v3 from the 1751 Vaugondy sheets; positional uncertainty 12.33 km replaces 34.61 km,REVISED,promo_b68466ea22a9,12.33
TERRESTRIAL_HEX,h6000_q-000588_r+000869,sp_fef06587fead,CONTROLLED,"land inside the Portuguese safe interior (v3); 19.56 of 19.56 km2 of the hex's canonical land, largest unioned share",UNRESOLVED,,promo_c1d69cca569e,34.61,rev_3cbf3498a665,Portugal safe interior v3 from the 1751 Vaugondy sheets; positional uncertainty 12.33 km replaces 34.61 km,REVISED,promo_b68466ea22a9,12.33
TERRESTRIAL_HEX,h6000_q-000588_r+000870,sp_fef06587fead,CONTROLLED,"land inside the Portuguese safe interior (v3); 19.55 of 19.55 km2 of the hex's canonical land, largest unioned share",UNRESOLVED,,promo_c1d69cca569e,34.61,rev_97276f0389e0,Portugal safe interior v3 from the 1751 Vaugondy sheets; positional uncertainty 12.33 km replaces 34.61 km,REVISED,promo_b68466ea22a9,12.33
TERRESTRIAL_HEX,h6000_q-000588_r+000871,sp_fef06587fead,CONTROLLED,"land inside the Portuguese safe interior (v3); 19.53 of 19.53 km2 of the hex's canonical land, largest unioned share",UNRESOLVED,,promo_7c95358cf0a4,34.61,rev_34d0d0f4334a,Portugal safe interior v3 from the 1751 Vaugondy sheets; positional uncertainty 12.33 km replaces 34.61 km,REVISED,promo_b68466ea22a9,12.33
TERRESTRIAL_HEX,h6000_q-000588_r+000872,sp_fef06587fead,CONTROLLED,"land inside the Portuguese safe interior (v3); 19.51 of 19.51 km2 of the hex's canonical land, largest unioned share",UNRESOLVED,,promo_7c95358cf0a4,34.61,rev_f1b5d299f87a,Portugal safe interior v3 from the 1751 Vaugondy sheets; positional uncertainty 12.33 km replaces 34.61 km,REVISED,promo_b68466ea22a9,12.33
TERRESTRIAL_HEX,h6000_q-000588_r+000873,sp_fef06587fead,CONTROLLED,"land inside the Portuguese safe interior (v3); 19.49 of 19.49 km2 of the hex's canonical land, largest unioned share",UNRESOLVED,,promo_7c95358cf0a4,34.61,rev_2e4bba7fabdb,Portugal safe interior v3 from the 1751 Vaugondy sheets; positional uncertainty 12.33 km replaces 34.61 km,REVISED,promo_b68466ea22a9,12.33
TERRESTRIAL_HEX,h6000_q-000588_r+000874,sp_fef06587fead,CONTROLLED,"land inside the Portuguese safe interior (v3); 19.47 of 19.47 km2 of the hex's canonical land, largest unioned share",UNRESOLVED,,promo_7c95358cf0a4,34.61,rev_1ab69fd115fe,Portugal safe interior v3 from the 1751 Vaugondy sheets; positional uncertainty 12.33 km replaces 34.61 km,REVISED,promo_b68466ea22a9,12.33
TERRESTRIAL_HEX,h6000_q-000588_r+000875,sp_fef06587fead,CONTROLLED,"land inside the Portuguese safe interior (v3); 19.45 of 19.45 km2 of the hex's canonical land, largest unioned share",UNRESOLVED,,promo_7c95358cf0a4,34.61,rev_5ab7fc89da4a,Portugal safe interior v3 from the 1751 Vaugondy sheets; positional uncertainty 12.33 km replaces 34.61 km,REVISED,promo_b68466ea22a9,12.33
TERRESTRIAL_HEX,h6000_q-000588_r+000876,sp_fef06587fead,CONTROLLED,"land inside the Portuguese safe interior (v3); 19.43 of 19.43 km2 of the hex's canonical land, largest unioned share",UNRESOLVED,,promo_7c95358cf0a4,34.61,rev_703f8af59422,Portugal safe interior v3 from the 1751 Vaugondy sheets; positional uncertainty 12.33 km replaces 34.61 km,REVISED,promo_b68466ea22a9,12.33
TERRESTRIAL_HEX,h6000_q-000588_r+000877,sp_fef06587fead,CONTROLLED,"land inside the Portuguese safe interior (v3); 19.41 of 19.41 km2 of the hex's canonical land, largest unioned share",UNRESOLVED,,promo_7c95358cf0a4,34.61,rev_f027baa38ddd,Portugal safe interior v3 from the 1751 Vaugondy sheets; positional uncertainty 12.33 km replaces 34.61 km,REVISED,promo_b68466ea22a9,12.33
TERRESTRIAL_HEX,h6000_q-000588_r+000878,sp_fef06587fead,CONTROLLED,"land inside the Portuguese safe interior (v3); 19.39 of 19.39 km2 of the hex's canonical land, largest unioned share",UNRESOLVED,,promo_7c95358cf0a4,34.61,rev_22d6ee9780c9,Portugal safe interior v3 from the 1751 Vaugondy sheets; positional uncertainty 12.33 km replaces 34.61 km,REVISED,promo_b68466ea22a9,12.33
TERRESTRIAL_HEX,h6000_q-000588_r+000879,sp_fef06587fead,CONTROLLED,"land inside the Portuguese safe interior (v3); 19.37 of 19.37 km2 of the hex's canonical land, largest unioned share",UNRESOLVED,,promo_7c95358cf0a4,34.61,rev_c78f6cdbcbea,Portugal safe interior v3 from the 1751 Vaugondy sheets; positional uncertainty 12.33 km replaces 34.61 km,REVISED,promo_b68466ea22a9,12.33
TERRESTRIAL_HEX,h6000_q-000588_r+000880,sp_fef06587fead,CONTROLLED,"land inside the Portuguese safe interior (v3); 19.35 of 19.35 km2 of the hex's canonical land, largest unioned share",UNRESOLVED,,promo_7c95358cf0a4,34.61,rev_a94a01326461,Portugal safe interior v3 from the 1751 Vaugondy sheets; positional uncertainty 12.33 km replaces 34.61 km,REVISED,promo_b68466ea22a9,12.33
TERRESTRIAL_HEX,h6000_q-000588_r+000881,sp_fef06587fead,CONTROLLED,"land inside the Portuguese safe interior (v3); 19.33 of 19.33 km2 of the hex's canonical land, largest unioned share",UNRESOLVED,,promo_7c95358cf0a4,34.61,rev_d011956b57db,Portugal safe interior v3 from the 1751 Vaugondy sheets; positional uncertainty 12.33 km replaces 34.61 km,REVISED,promo_b68466ea22a9,12.33
TERRESTRIAL_HEX,h6000_q-000588_r+000882,sp_fef06587fead,CONTROLLED,"land inside the Portuguese safe interior (v3); 19.31 of 19.31 km2 of the hex's canonical land, largest unioned share",UNRESOLVED,,promo_7c95358cf0a4,34.61,rev_d3403b09c07f,Portugal safe interior v3 from the 1751 Vaugondy sheets; positional uncertainty 12.33 km replaces 34.61 km,REVISED,promo_b68466ea22a9,12.33
TERRESTRIAL_HEX,h6000_q-000588_r+000883,sp_fef06587fead,CONTROLLED,"land inside the Portuguese safe interior (v3); 19.30 of 19.30 km2 of the hex's canonical land, largest unioned share",UNRESOLVED,,promo_7c95358cf0a4,34.61,rev_b70d9a28234c,Portugal safe interior v3 from the 1751 Vaugondy sheets; positional uncertainty 12.33 km replaces 34.61 km,REVISED,promo_b68466ea22a9,12.33
TERRESTRIAL_HEX,h6000_q-000588_r+000884,sp_fef06587fead,CONTROLLED,"land inside the Portuguese safe interior (v3); 19.28 of 19.28 km2 of the hex's canonical land, largest unioned share",UNRESOLVED,,promo_7c95358cf0a4,34.61,rev_8e1fe2ef4190,Portugal safe interior v3 from the 1751 Vaugondy sheets; positional uncertainty 12.33 km replaces 34.61 km,REVISED,promo_b68466ea22a9,12.33
TERRESTRIAL_HEX,h6000_q-000588_r+000885,sp_fef06587fead,CONTROLLED,"land inside the Portuguese safe interior (v3); 19.26 of 19.26 km2 of the hex's canonical land, largest unioned share",UNRESOLVED,,promo_7c95358cf0a4,34.61,rev_01f35cd583d9,Portugal safe interior v3 from the 1751 Vaugondy sheets; positional uncertainty 12.33 km replaces 34.61 km,REVISED,promo_b68466ea22a9,12.33
TERRESTRIAL_HEX,h6000_q-000588_r+000886,sp_fef06587fead,CONTROLLED,"land inside the Portuguese safe interior (v3); 19.24 of 19.24 km2 of the hex's canonical land, largest unioned share",UNRESOLVED,,promo_7c95358cf0a4,34.61,rev_58a112baecca,Portugal safe interior v3 from the 1751 Vaugondy sheets; positional uncertainty 12.33 km replaces 34.61 km,REVISED,promo_b68466ea22a9,12.33
TERRESTRIAL_HEX,h6000_q-000588_r+000887,sp_fef06587fead,CONTROLLED,"land inside the Portuguese safe interior (v3); 19.22 of 19.22 km2 of the hex's canonical land, largest unioned share",UNRESOLVED,,promo_7c95358cf0a4,34.61,rev_86688616de72,Portugal safe interior v3 from the 1751 Vaugondy sheets; positional uncertainty 12.33 km replaces 34.61 km,REVISED,promo_b68466ea22a9,12.33
TERRESTRIAL_HEX,h6000_q-000588_r+000888,sp_fef06587fead,CONTROLLED,"land inside the Portuguese safe interior (v3); 19.20 of 19.20 km2 of the hex's canonical land, largest unioned share",UNRESOLVED,,promo_7c95358cf0a4,34.61,rev_ed3939326274,Portugal safe interior v3 from the 1751 Vaugondy sheets; positional uncertainty 12.33 km replaces 34.61 km,REVISED,promo_b68466ea22a9,12.33
TERRESTRIAL_HEX,h6000_q-000588_r+000889,sp_fef06587fead,CONTROLLED,"land inside the Portuguese safe interior (v3); 19.18 of 19.18 km2 of the hex's canonical land, largest unioned share",UNRESOLVED,,promo_7c95358cf0a4,34.61,rev_72f1f2169117,Portugal safe interior v3 from the 1751 Vaugondy sheets; positional uncertainty 12.33 km replaces 34.61 km,REVISED,promo_b68466ea22a9,12.33
TERRESTRIAL_HEX,h6000_q-000588_r+000890,sp_fef06587fead,CONTROLLED,"land inside the Portuguese safe interior (v3); 19.16 of 19.16 km2 of the hex's canonical land, largest unioned share",UNRESOLVED,,promo_7c95358cf0a4,34.61,rev_8f79982e43e7,Portugal safe interior v3 from the 1751 Vaugondy sheets; positional uncertainty 12.33 km replaces 34.61 km,REVISED,promo_b68466ea22a9,12.33
TERRESTRIAL_HEX,h6000_q-000588_r+000891,sp_fef06587fead,CONTROLLED,"land inside the Portuguese safe interior (v3); 19.14 of 19.14 km2 of the hex's canonical land, largest unioned share",UNRESOLVED,,promo_7c95358cf0a4,34.61,rev_ecd498fc409d,Portugal safe interior v3 from the 1751 Vaugondy sheets; positional uncertainty 12.33 km replaces 34.61 km,REVISED,promo_b68466ea22a9,12.33
TERRESTRIAL_HEX,h6000_q-000588_r+000892,sp_fef06587fead,CONTROLLED,"land inside the Portuguese safe interior (v3); 19.12 of 19.12 km2 of the hex's canonical land, largest unioned share",UNRESOLVED,,promo_7c95358cf0a4,34.61,rev_c4af81079580,Portugal safe interior v3 from the 1751 Vaugondy sheets; positional uncertainty 12.33 km replaces 34.61 km,REVISED,promo_b68466ea22a9,12.33
TERRESTRIAL_HEX,h6000_q-000588_r+000893,sp_fef06587fead,CONTROLLED,"land inside the Portuguese safe interior (v3); 19.10 of 19.10 km2 of the hex's canonical land, largest unioned share",UNRESOLVED,,promo_7c95358cf0a4,34.61,rev_c2d243e52ef5,Portugal safe interior v3 from the 1751 Vaugondy sheets; positional uncertainty 12.33 km replaces 34.61 km,REVISED,promo_b68466ea22a9,12.33
TERRESTRIAL_HEX,h6000_q-000588_r+000894,sp_fef06587fead,CONTROLLED,"land inside the Portuguese safe interior (v3); 19.08 of 19.08 km2 of the hex's canonical land, largest unioned share",UNRESOLVED,,promo_7c95358cf0a4,34.61,rev_bacc9d391211,Portugal safe interior v3 from the 1751 Vaugondy sheets; positional uncertainty 12.33 km replaces 34.61 km,REVISED,promo_b68466ea22a9,12.33
TERRESTRIAL_HEX,h6000_q-000588_r+000895,sp_fef06587fead,CONTROLLED,"land inside the Portuguese safe interior (v3); 19.07 of 19.07 km2 of the hex's canonical land, largest unioned share",UNRESOLVED,,promo_7c95358cf0a4,34.61,rev_68f3db984920,Portugal safe interior v3 from the 1751 Vaugondy sheets; positional uncertainty 12.33 km replaces 34.61 km,REVISED,promo_b68466ea22a9,12.33
TERRESTRIAL_HEX,h6000_q-000588_r+000896,sp_fef06587fead,CONTROLLED,"land inside the Portuguese safe interior (v3); 19.05 of 19.05 km2 of the hex's canonical land, largest unioned share",UNRESOLVED,,promo_7c95358cf0a4,34.61,rev_06d338e7ea6e,Portugal safe interior v3 from the 1751 Vaugondy sheets; positional uncertainty 12.33 km replaces 34.61 km,REVISED,promo_b68466ea22a9,12.33
TERRESTRIAL_HEX,h6000_q-000588_r+000897,sp_fef06587fead,CONTROLLED,"land inside the Portuguese safe interior (v3); 19.03 of 19.03 km2 of the hex's canonical land, largest unioned share",UNRESOLVED,,promo_7c95358cf0a4,34.61,rev_3df6cbd19455,Portugal safe interior v3 from the 1751 Vaugondy sheets; positional uncertainty 12.33 km replaces 34.61 km,REVISED,promo_b68466ea22a9,12.33
TERRESTRIAL_HEX,h6000_q-000588_r+000898,sp_fef06587fead,CONTROLLED,"land inside the Portuguese safe interior (v3); 19.01 of 19.01 km2 of the hex's canonical land, largest unioned share",UNRESOLVED,,promo_7c95358cf0a4,34.61,rev_264c4df3d0bd,Portugal safe interior v3 from the 1751 Vaugondy sheets; positional uncertainty 12.33 km replaces 34.61 km,REVISED,promo_b68466ea22a9,12.33
TERRESTRIAL_HEX,h6000_q-000588_r+000899,sp_fef06587fead,CONTROLLED,"land inside the Portuguese safe interior (v3); 18.99 of 18.99 km2 of the hex's canonical land, largest unioned share",UNRESOLVED,,promo_7c95358cf0a4,34.61,rev_b7180f310aaf,Portugal safe interior v3 from the 1751 Vaugondy sheets; positional uncertainty 12.33 km replaces 34.61 km,REVISED,promo_b68466ea22a9,12.33
TERRESTRIAL_HEX,h6000_q-000588_r+000900,sp_fef06587fead,CONTROLLED,"land inside the Portuguese safe interior (v3); 18.97 of 18.97 km2 of the hex's canonical land, largest unioned share",UNRESOLVED,,promo_7c95358cf0a4,34.61,rev_4fe7de6fbc93,Portugal safe interior v3 from the 1751 Vaugondy sheets; positional uncertainty 12.33 km replaces 34.61 km,REVISED,promo_b68466ea22a9,12.33
TERRESTRIAL_HEX,h6000_q-000588_r+000901,sp_fef06587fead,CONTROLLED,"land inside the Portuguese safe interior (v3); 18.95 of 18.95 km2 of the hex's canonical land, largest unioned share",UNRESOLVED,,promo_7c95358cf0a4,34.61,rev_7f0a1665a44c,Portugal safe interior v3 from the 1751 Vaugondy sheets; positional uncertainty 12.33 km replaces 34.61 km,REVISED,promo_b68466ea22a9,12.33
TERRESTRIAL_HEX,h6000_q-000588_r+000902,sp_fef06587fead,CONTROLLED,"land inside the Portuguese safe interior (v3); 18.93 of 18.93 km2 of the hex's canonical land, largest unioned share",UNRESOLVED,,promo_7c95358cf0a4,34.61,rev_908fbec0cae1,Portugal safe interior v3 from the 1751 Vaugondy sheets; positional uncertainty 12.33 km replaces 34.61 km,REVISED,promo_b68466ea22a9,12.33
TERRESTRIAL_HEX,h6000_q-000588_r+000903,sp_fef06587fead,CONTROLLED,"land inside the Portuguese safe interior (v3); 18.91 of 18.91 km2 of the hex's canonical land, largest unioned share",UNRESOLVED,,promo_7c95358cf0a4,34.61,rev_507998c3e755,Portugal safe interior v3 from the 1751 Vaugondy sheets; positional uncertainty 12.33 km replaces 34.61 km,REVISED,promo_b68466ea22a9,12.33
TERRESTRIAL_HEX,h6000_q-000588_r+000904,sp_fef06587fead,CONTROLLED,"land inside the Portuguese safe interior (v3); 18.89 of 18.89 km2 of the hex's canonical land, largest unioned share",UNRESOLVED,,promo_7c95358cf0a4,34.61,rev_a20afa9c7c9c,Portugal safe interior v3 from the 1751 Vaugondy sheets; positional uncertainty 12.33 km replaces 34.61 km,REVISED,promo_b68466ea22a9,12.33
TERRESTRIAL_HEX,h6000_q-000588_r+000905,sp_fef06587fead,CONTROLLED,"land inside the Portuguese safe interior (v3); 18.87 of 18.87 km2 of the hex's canonical land, largest unioned share",UNRESOLVED,,promo_7c95358cf0a4,34.61,rev_791ac820af84,Portugal safe interior v3 from the 1751 Vaugondy sheets; positional uncertainty 12.33 km replaces 34.61 km,REVISED,promo_b68466ea22a9,12.33
TERRESTRIAL_HEX,h6000_q-000588_r+000906,sp_fef06587fead,CONTROLLED,"land inside the Portuguese safe interior (v3); 18.85 of 18.85 km2 of the hex's canonical land, largest unioned share",UNRESOLVED,,promo_7c95358cf0a4,34.61,rev_75e4393eaa4b,Portugal safe interior v3 from the 1751 Vaugondy sheets; positional uncertainty 12.33 km replaces 34.61 km,REVISED,promo_b68466ea22a9,12.33
TERRESTRIAL_HEX,h6000_q-000588_r+000907,sp_fef06587fead,CONTROLLED,"land inside the Portuguese safe interior (v3); 18.84 of 18.84 km2 of the hex's canonical land, largest unioned share",UNRESOLVED,,promo_7c95358cf0a4,34.61,rev_083a319485c8,Portugal safe interior v3 from the 1751 Vaugondy sheets; positional uncertainty 12.33 km replaces 34.61 km,REVISED,promo_b68466ea22a9,12.33
TERRESTRIAL_HEX,h6000_q-000588_r+000908,sp_fef06587fead,CONTROLLED,"land inside the Portuguese safe interior (v3); 15.84 of 18.82 km2 of the hex's canonical land, largest unioned share",UNRESOLVED,,promo_7c95358cf0a4,34.61,rev_4780079b7cbf,Portugal safe interior v3 from the 1751 Vaugondy sheets; positional uncertainty 12.33 km replaces 34.61 km,REVISED,promo_b68466ea22a9,12.33
TERRESTRIAL_HEX,h6000_q-000588_r+000909,sp_fef06587fead,CONTROLLED,"land inside the Portuguese safe interior (v3); 2.22 of 18.80 km2 of the hex's canonical land, largest unioned share",UNRESOLVED,,promo_7c95358cf0a4,34.61,rev_802600a94600,Portugal safe interior v3 from the 1751 Vaugondy sheets; positional uncertainty 12.33 km replaces 34.61 km,REVISED,promo_b68466ea22a9,12.33
TERRESTRIAL_HEX,h6000_q-000589_r+000861,sp_fef06587fead,CONTROLLED,"land inside the Portuguese safe interior (v3); 12.80 of 19.72 km2 of the hex's canonical land, largest unioned share",UNRESOLVED,,promo_c1d69cca569e,34.61,rev_aa7c62017fca,Portugal safe interior v3 from the 1751 Vaugondy sheets; positional uncertainty 12.33 km replaces 34.61 km,REVISED,promo_b68466ea22a9,12.33
TERRESTRIAL_HEX,h6000_q-000589_r+000862,sp_fef06587fead,CONTROLLED,"land inside the Portuguese safe interior (v3); 19.70 of 19.70 km2 of the hex's canonical land, largest unioned share",UNRESOLVED,,promo_c1d69cca569e,34.61,rev_0f7b392836e3,Portugal safe interior v3 from the 1751 Vaugondy sheets; positional uncertainty 12.33 km replaces 34.61 km,REVISED,promo_b68466ea22a9,12.33
TERRESTRIAL_HEX,h6000_q-000589_r+000863,sp_fef06587fead,CONTROLLED,"land inside the Portuguese safe interior (v3); 19.68 of 19.68 km2 of the hex's canonical land, largest unioned share",UNRESOLVED,,promo_c1d69cca569e,34.61,rev_9d61d1af3e66,Portugal safe interior v3 from the 1751 Vaugondy sheets; positional uncertainty 12.33 km replaces 34.61 km,REVISED,promo_b68466ea22a9,12.33
TERRESTRIAL_HEX,h6000_q-000589_r+000864,sp_fef06587fead,CONTROLLED,"land inside the Portuguese safe interior (v3); 19.66 of 19.66 km2 of the hex's canonical land, largest unioned share",UNRESOLVED,,promo_c1d69cca569e,34.61,rev_7b284e8036f7,Portugal safe interior v3 from the 1751 Vaugondy sheets; positional uncertainty 12.33 km replaces 34.61 km,REVISED,promo_b68466ea22a9,12.33
TERRESTRIAL_HEX,h6000_q-000589_r+000865,sp_fef06587fead,CONTROLLED,"land inside the Portuguese safe interior (v3); 19.64 of 19.64 km2 of the hex's canonical land, largest unioned share",UNRESOLVED,,promo_c1d69cca569e,34.61,rev_14f2d33b138c,Portugal safe interior v3 from the 1751 Vaugondy sheets; positional uncertainty 12.33 km replaces 34.61 km,REVISED,promo_b68466ea22a9,12.33
TERRESTRIAL_HEX,h6000_q-000589_r+000867,sp_fef06587fead,CONTROLLED,"land inside the Portuguese safe interior (v3); 19.60 of 19.60 km2 of the hex's canonical land, largest unioned share",UNRESOLVED,,promo_c1d69cca569e,34.61,rev_259230eac2ad,Portugal safe interior v3 from the 1751 Vaugondy sheets; positional uncertainty 12.33 km replaces 34.61 km,REVISED,promo_b68466ea22a9,12.33
TERRESTRIAL_HEX,h6000_q-000589_r+000868,sp_fef06587fead,CONTROLLED,"land inside the Portuguese safe interior (v3); 19.58 of 19.58 km2 of the hex's canonical land, largest unioned share",UNRESOLVED,,promo_c1d69cca569e,34.61,rev_70f39fd3830d,Portugal safe interior v3 from the 1751 Vaugondy sheets; positional uncertainty 12.33 km replaces 34.61 km,REVISED,promo_b68466ea22a9,12.33
TERRESTRIAL_HEX,h6000_q-000589_r+000869,sp_fef06587fead,CONTROLLED,"land inside the Portuguese safe interior (v3); 19.56 of 19.56 km2 of the hex's canonical land, largest unioned share",UNRESOLVED,,promo_c1d69cca569e,34.61,rev_4c5e252aac09,Portugal safe interior v3 from the 1751 Vaugondy sheets; positional uncertainty 12.33 km replaces 34.61 km,REVISED,promo_b68466ea22a9,12.33
TERRESTRIAL_HEX,h6000_q-000589_r+000870,sp_fef06587fead,CONTROLLED,"land inside the Portuguese safe interior (v3); 19.55 of 19.55 km2 of the hex's canonical land, largest unioned share",UNRESOLVED,,promo_c1d69cca569e,34.61,rev_f12f3368f083,Portugal safe interior v3 from the 1751 Vaugondy sheets; positional uncertainty 12.33 km replaces 34.61 km,REVISED,promo_b68466ea22a9,12.33
TERRESTRIAL_HEX,h6000_q-000589_r+000871,sp_fef06587fead,CONTROLLED,"land inside the Portuguese safe interior (v3); 19.53 of 19.53 km2 of the hex's canonical land, largest unioned share",UNRESOLVED,,promo_c1d69cca569e,34.61,rev_c5c2903e98d0,Portugal safe interior v3 from the 1751 Vaugondy sheets; positional uncertainty 12.33 km replaces 34.61 km,REVISED,promo_b68466ea22a9,12.33
TERRESTRIAL_HEX,h6000_q-000589_r+000872,sp_fef06587fead,CONTROLLED,"land inside the Portuguese safe interior (v3); 19.51 of 19.51 km2 of the hex's canonical land, largest unioned share",UNRESOLVED,,promo_7c95358cf0a4,34.61,rev_f18ee22efeeb,Portugal safe interior v3 from the 1751 Vaugondy sheets; positional uncertainty 12.33 km replaces 34.61 km,REVISED,promo_b68466ea22a9,12.33
TERRESTRIAL_HEX,h6000_q-000589_r+000873,sp_fef06587fead,CONTROLLED,"land inside the Portuguese safe interior (v3); 19.49 of 19.49 km2 of the hex's canonical land, largest unioned share",UNRESOLVED,,promo_7c95358cf0a4,34.61,rev_ee9be5cfc5fd,Portugal safe interior v3 from the 1751 Vaugondy sheets; positional uncertainty 12.33 km replaces 34.61 km,REVISED,promo_b68466ea22a9,12.33
TERRESTRIAL_HEX,h6000_q-000589_r+000874,sp_fef06587fead,CONTROLLED,"land inside the Portuguese safe interior (v3); 19.47 of 19.47 km2 of the hex's canonical land, largest unioned share",UNRESOLVED,,promo_7c95358cf0a4,34.61,rev_cbf59f7b7b4f,Portugal safe interior v3 from the 1751 Vaugondy sheets; positional uncertainty 12.33 km replaces 34.61 km,REVISED,promo_b68466ea22a9,12.33
TERRESTRIAL_HEX,h6000_q-000589_r+000875,sp_fef06587fead,CONTROLLED,"land inside the Portuguese safe interior (v3); 19.45 of 19.45 km2 of the hex's canonical land, largest unioned share",UNRESOLVED,,promo_7c95358cf0a4,34.61,rev_f45a9ebc0609,Portugal safe interior v3 from the 1751 Vaugondy sheets; positional uncertainty 12.33 km replaces 34.61 km,REVISED,promo_b68466ea22a9,12.33
TERRESTRIAL_HEX,h6000_q-000589_r+000876,sp_fef06587fead,CONTROLLED,"land inside the Portuguese safe interior (v3); 19.43 of 19.43 km2 of the hex's canonical land, largest unioned share",UNRESOLVED,,promo_7c95358cf0a4,34.61,rev_66a16fa491c8,Portugal safe interior v3 from the 1751 Vaugondy sheets; positional uncertainty 12.33 km replaces 34.61 km,REVISED,promo_b68466ea22a9,12.33
TERRESTRIAL_HEX,h6000_q-000589_r+000877,sp_fef06587fead,CONTROLLED,"land inside the Portuguese safe interior (v3); 19.41 of 19.41 km2 of the hex's canonical land, largest unioned share",UNRESOLVED,,promo_7c95358cf0a4,34.61,rev_7900c910da2e,Portugal safe interior v3 from the 1751 Vaugondy sheets; positional uncertainty 12.33 km replaces 34.61 km,REVISED,promo_b68466ea22a9,12.33
TERRESTRIAL_HEX,h6000_q-000589_r+000878,sp_fef06587fead,CONTROLLED,"land inside the Portuguese safe interior (v3); 19.39 of 19.39 km2 of the hex's canonical land, largest unioned share",UNRESOLVED,,promo_7c95358cf0a4,34.61,rev_a0bfc90743b1,Portugal safe interior v3 from the 1751 Vaugondy sheets; positional uncertainty 12.33 km replaces 34.61 km,REVISED,promo_b68466ea22a9,12.33
TERRESTRIAL_HEX,h6000_q-000589_r+000879,sp_fef06587fead,CONTROLLED,"land inside the Portuguese safe interior (v3); 19.37 of 19.37 km2 of the hex's canonical land, largest unioned share",UNRESOLVED,,promo_7c95358cf0a4,34.61,rev_d764e2fdeb1b,Portugal safe interior v3 from the 1751 Vaugondy sheets; positional uncertainty 12.33 km replaces 34.61 km,REVISED,promo_b68466ea22a9,12.33
TERRESTRIAL_HEX,h6000_q-000589_r+000880,sp_fef06587fead,CONTROLLED,"land inside the Portuguese safe interior (v3); 19.35 of 19.35 km2 of the hex's canonical land, largest unioned share",UNRESOLVED,,promo_7c95358cf0a4,34.61,rev_27b2e45b8e41,Portugal safe interior v3 from the 1751 Vaugondy sheets; positional uncertainty 12.33 km replaces 34.61 km,REVISED,promo_b68466ea22a9,12.33
TERRESTRIAL_HEX,h6000_q-000589_r+000881,sp_fef06587fead,CONTROLLED,"land inside the Portuguese safe interior (v3); 19.33 of 19.33 km2 of the hex's canonical land, largest unioned share",UNRESOLVED,,promo_7c95358cf0a4,34.61,rev_a475a32261a0,Portugal safe interior v3 from the 1751 Vaugondy sheets; positional uncertainty 12.33 km replaces 34.61 km,REVISED,promo_b68466ea22a9,12.33
TERRESTRIAL_HEX,h6000_q-000589_r+000882,sp_fef06587fead,CONTROLLED,"land inside the Portuguese safe interior (v3); 19.31 of 19.31 km2 of the hex's canonical land, largest unioned share",UNRESOLVED,,promo_7c95358cf0a4,34.61,rev_27f4eb341737,Portugal safe interior v3 from the 1751 Vaugondy sheets; positional uncertainty 12.33 km replaces 34.61 km,REVISED,promo_b68466ea22a9,12.33
TERRESTRIAL_HEX,h6000_q-000589_r+000883,sp_fef06587fead,CONTROLLED,"land inside the Portuguese safe interior (v3); 19.30 of 19.30 km2 of the hex's canonical land, largest unioned share",UNRESOLVED,,promo_7c95358cf0a4,34.61,rev_0cb477ae9256,Portugal safe interior v3 from the 1751 Vaugondy sheets; positional uncertainty 12.33 km replaces 34.61 km,REVISED,promo_b68466ea22a9,12.33
TERRESTRIAL_HEX,h6000_q-000589_r+000884,sp_fef06587fead,CONTROLLED,"land inside the Portuguese safe interior (v3); 19.28 of 19.28 km2 of the hex's canonical land, largest unioned share",UNRESOLVED,,promo_7c95358cf0a4,34.61,rev_4ebd5ca75ec3,Portugal safe interior v3 from the 1751 Vaugondy sheets; positional uncertainty 12.33 km replaces 34.61 km,REVISED,promo_b68466ea22a9,12.33
TERRESTRIAL_HEX,h6000_q-000589_r+000885,sp_fef06587fead,CONTROLLED,"land inside the Portuguese safe interior (v3); 19.26 of 19.26 km2 of the hex's canonical land, largest unioned share",UNRESOLVED,,promo_7c95358cf0a4,34.61,rev_36e9820b4279,Portugal safe interior v3 from the 1751 Vaugondy sheets; positional uncertainty 12.33 km replaces 34.61 km,REVISED,promo_b68466ea22a9,12.33
TERRESTRIAL_HEX,h6000_q-000589_r+000886,sp_fef06587fead,CONTROLLED,"land inside the Portuguese safe interior (v3); 19.24 of 19.24 km2 of the hex's canonical land, largest unioned share",UNRESOLVED,,promo_7c95358cf0a4,34.61,rev_678e606c5c83,Portugal safe interior v3 from the 1751 Vaugondy sheets; positional uncertainty 12.33 km replaces 34.61 km,REVISED,promo_b68466ea22a9,12.33
TERRESTRIAL_HEX,h6000_q-000589_r+000887,sp_fef06587fead,CONTROLLED,"land inside the Portuguese safe interior (v3); 19.22 of 19.22 km2 of the hex's canonical land, largest unioned share",UNRESOLVED,,promo_7c95358cf0a4,34.61,rev_d02e0ca98a39,Portugal safe interior v3 from the 1751 Vaugondy sheets; positional uncertainty 12.33 km replaces 34.61 km,REVISED,promo_b68466ea22a9,12.33
TERRESTRIAL_HEX,h6000_q-000589_r+000888,sp_fef06587fead,CONTROLLED,"land inside the Portuguese safe interior (v3); 19.20 of 19.20 km2 of the hex's canonical land, largest unioned share",UNRESOLVED,,promo_7c95358cf0a4,34.61,rev_10df57a334a4,Portugal safe interior v3 from the 1751 Vaugondy sheets; positional uncertainty 12.33 km replaces 34.61 km,REVISED,promo_b68466ea22a9,12.33
TERRESTRIAL_HEX,h6000_q-000589_r+000889,sp_fef06587fead,CONTROLLED,"land inside the Portuguese safe interior (v3); 19.18 of 19.18 km2 of the hex's canonical land, largest unioned share",UNRESOLVED,,promo_7c95358cf0a4,34.61,rev_d89677184570,Portugal safe interior v3 from the 1751 Vaugondy sheets; positional uncertainty 12.33 km replaces 34.61 km,REVISED,promo_b68466ea22a9,12.33
TERRESTRIAL_HEX,h6000_q-000589_r+000890,sp_fef06587fead,CONTROLLED,"land inside the Portuguese safe interior (v3); 19.16 of 19.16 km2 of the hex's canonical land, largest unioned share",UNRESOLVED,,promo_7c95358cf0a4,34.61,rev_6236e5fdfaa9,Portugal safe interior v3 from the 1751 Vaugondy sheets; positional uncertainty 12.33 km replaces 34.61 km,REVISED,promo_b68466ea22a9,12.33
TERRESTRIAL_HEX,h6000_q-000589_r+000891,sp_fef06587fead,CONTROLLED,"land inside the Portuguese safe interior (v3); 19.14 of 19.14 km2 of the hex's canonical land, largest unioned share",UNRESOLVED,,promo_7c95358cf0a4,34.61,rev_8f642435ee14,Portugal safe interior v3 from the 1751 Vaugondy sheets; positional uncertainty 12.33 km replaces 34.61 km,REVISED,promo_b68466ea22a9,12.33
TERRESTRIAL_HEX,h6000_q-000589_r+000892,sp_fef06587fead,CONTROLLED,"land inside the Portuguese safe interior (v3); 19.12 of 19.12 km2 of the hex's canonical land, largest unioned share",UNRESOLVED,,promo_7c95358cf0a4,34.61,rev_c180fc37c304,Portugal safe interior v3 from the 1751 Vaugondy sheets; positional uncertainty 12.33 km replaces 34.61 km,REVISED,promo_b68466ea22a9,12.33
TERRESTRIAL_HEX,h6000_q-000589_r+000893,sp_fef06587fead,CONTROLLED,"land inside the Portuguese safe interior (v3); 19.10 of 19.10 km2 of the hex's canonical land, largest unioned share",UNRESOLVED,,promo_7c95358cf0a4,34.61,rev_9b637475f33f,Portugal safe interior v3 from the 1751 Vaugondy sheets; positional uncertainty 12.33 km replaces 34.61 km,REVISED,promo_b68466ea22a9,12.33
TERRESTRIAL_HEX,h6000_q-000589_r+000894,sp_fef06587fead,CONTROLLED,"land inside the Portuguese safe interior (v3); 19.08 of 19.08 km2 of the hex's canonical land, largest unioned share",UNRESOLVED,,promo_7c95358cf0a4,34.61,rev_ea5617d37f0f,Portugal safe interior v3 from the 1751 Vaugondy sheets; positional uncertainty 12.33 km replaces 34.61 km,REVISED,promo_b68466ea22a9,12.33
TERRESTRIAL_HEX,h6000_q-000589_r+000895,sp_fef06587fead,CONTROLLED,"land inside the Portuguese safe interior (v3); 19.07 of 19.07 km2 of the hex's canonical land, largest unioned share",UNRESOLVED,,promo_7c95358cf0a4,34.61,rev_c9111aaf7a6a,Portugal safe interior v3 from the 1751 Vaugondy sheets; positional uncertainty 12.33 km replaces 34.61 km,REVISED,promo_b68466ea22a9,12.33
TERRESTRIAL_HEX,h6000_q-000589_r+000896,sp_fef06587fead,CONTROLLED,"land inside the Portuguese safe interior (v3); 19.05 of 19.05 km2 of the hex's canonical land, largest unioned share",UNRESOLVED,,promo_7c95358cf0a4,34.61,rev_d348a93f39f4,Portugal safe interior v3 from the 1751 Vaugondy sheets; positional uncertainty 12.33 km replaces 34.61 km,REVISED,promo_b68466ea22a9,12.33
TERRESTRIAL_HEX,h6000_q-000589_r+000897,sp_fef06587fead,CONTROLLED,"land inside the Portuguese safe interior (v3); 19.03 of 19.03 km2 of the hex's canonical land, largest unioned share",UNRESOLVED,,promo_7c95358cf0a4,34.61,rev_e58027e2968f,Portugal safe interior v3 from the 1751 Vaugondy sheets; positional uncertainty 12.33 km replaces 34.61 km,REVISED,promo_b68466ea22a9,12.33
TERRESTRIAL_HEX,h6000_q-000589_r+000898,sp_fef06587fead,CONTROLLED,"land inside the Portuguese safe interior (v3); 19.01 of 19.01 km2 of the hex's canonical land, largest unioned share",UNRESOLVED,,promo_7c95358cf0a4,34.61,rev_818c15350834,Portugal safe interior v3 from the 1751 Vaugondy sheets; positional uncertainty 12.33 km replaces 34.61 km,REVISED,promo_b68466ea22a9,12.33
TERRESTRIAL_HEX,h6000_q-000589_r+000899,sp_fef06587fead,CONTROLLED,"land inside the Portuguese safe interior (v3); 18.99 of 18.99 km2 of the hex's canonical land, largest unioned share",UNRESOLVED,,promo_7c95358cf0a4,34.61,rev_d51a7a0552ba,Portugal safe interior v3 from the 1751 Vaugondy sheets; positional uncertainty 12.33 km replaces 34.61 km,REVISED,promo_b68466ea22a9,12.33
TERRESTRIAL_HEX,h6000_q-000589_r+000900,sp_fef06587fead,CONTROLLED,"land inside the Portuguese safe interior (v3); 18.97 of 18.97 km2 of the hex's canonical land, largest unioned share",UNRESOLVED,,promo_7c95358cf0a4,34.61,rev_7b2f3817550f,Portugal safe interior v3 from the 1751 Vaugondy sheets; positional uncertainty 12.33 km replaces 34.61 km,REVISED,promo_b68466ea22a9,12.33
TERRESTRIAL_HEX,h6000_q-000589_r+000901,sp_fef06587fead,CONTROLLED,"land inside the Portuguese safe interior (v3); 18.95 of 18.95 km2 of the hex's canonical land, largest unioned share",UNRESOLVED,,promo_7c95358cf0a4,34.61,rev_7d999b22b2c3,Portugal safe interior v3 from the 1751 Vaugondy sheets; positional uncertainty 12.33 km replaces 34.61 km,REVISED,promo_b68466ea22a9,12.33
TERRESTRIAL_HEX,h6000_q-000589_r+000902,sp_fef06587fead,CONTROLLED,"land inside the Portuguese safe interior (v3); 18.93 of 18.93 km2 of the hex's canonical land, largest unioned share",UNRESOLVED,,promo_7c95358cf0a4,34.61,rev_9d2abb80e547,Portugal safe interior v3 from the 1751 Vaugondy sheets; positional uncertainty 12.33 km replaces 34.61 km,REVISED,promo_b68466ea22a9,12.33
TERRESTRIAL_HEX,h6000_q-000589_r+000903,sp_fef06587fead,CONTROLLED,"land inside the Portuguese safe interior (v3); 18.91 of 18.91 km2 of the hex's canonical land, largest unioned share",UNRESOLVED,,promo_7c95358cf0a4,34.61,rev_f2e37b1d1d48,Portugal safe interior v3 from the 1751 Vaugondy sheets; positional uncertainty 12.33 km replaces 34.61 km,REVISED,promo_b68466ea22a9,12.33
TERRESTRIAL_HEX,h6000_q-000589_r+000904,sp_fef06587fead,CONTROLLED,"land inside the Portuguese safe interior (v3); 18.89 of 18.89 km2 of the hex's canonical land, largest unioned share",UNRESOLVED,,promo_7c95358cf0a4,34.61,rev_61158c99950c,Portugal safe interior v3 from the 1751 Vaugondy sheets; positional uncertainty 12.33 km replaces 34.61 km,REVISED,promo_b68466ea22a9,12.33
TERRESTRIAL_HEX,h6000_q-000589_r+000905,sp_fef06587fead,CONTROLLED,"land inside the Portuguese safe interior (v3); 18.87 of 18.87 km2 of the hex's canonical land, largest unioned share",UNRESOLVED,,promo_7c95358cf0a4,34.61,rev_92bf96aeb6bf,Portugal safe interior v3 from the 1751 Vaugondy sheets; positional uncertainty 12.33 km replaces 34.61 km,REVISED,promo_b68466ea22a9,12.33
TERRESTRIAL_HEX,h6000_q-000589_r+000906,sp_fef06587fead,CONTROLLED,"land inside the Portuguese safe interior (v3); 18.85 of 18.85 km2 of the hex's canonical land, largest unioned share",UNRESOLVED,,promo_7c95358cf0a4,34.61,rev_c97487a5f289,Portugal safe interior v3 from the 1751 Vaugondy sheets; positional uncertainty 12.33 km replaces 34.61 km,REVISED,promo_b68466ea22a9,12.33
TERRESTRIAL_HEX,h6000_q-000589_r+000907,sp_fef06587fead,CONTROLLED,"land inside the Portuguese safe interior (v3); 18.84 of 18.84 km2 of the hex's canonical land, largest unioned share",UNRESOLVED,,promo_7c95358cf0a4,34.61,rev_27dbda3e245c,Portugal safe interior v3 from the 1751 Vaugondy sheets; positional uncertainty 12.33 km replaces 34.61 km,REVISED,promo_b68466ea22a9,12.33
TERRESTRIAL_HEX,h6000_q-000589_r+000908,sp_fef06587fead,CONTROLLED,"land inside the Portuguese safe interior (v3); 18.82 of 18.82 km2 of the hex's canonical land, largest unioned share",UNRESOLVED,,promo_7c95358cf0a4,34.61,rev_08470ba658d3,Portugal safe interior v3 from the 1751 Vaugondy sheets; positional uncertainty 12.33 km replaces 34.61 km,REVISED,promo_b68466ea22a9,12.33
TERRESTRIAL_HEX,h6000_q-000589_r+000909,sp_fef06587fead,CONTROLLED,"land inside the Portuguese safe interior (v3); 18.57 of 18.80 km2 of the hex's canonical land, largest unioned share",UNRESOLVED,,promo_7c95358cf0a4,34.61,rev_7c88df0cfdaf,Portugal safe interior v3 from the 1751 Vaugondy sheets; positional uncertainty 12.33 km replaces 34.61 km,REVISED,promo_b68466ea22a9,12.33
TERRESTRIAL_HEX,h6000_q-000589_r+000910,sp_fef06587fead,CONTROLLED,"land inside the Portuguese safe interior (v3); 2.27 of 18.78 km2 of the hex's canonical land, largest unioned share",UNRESOLVED,,promo_7c95358cf0a4,34.61,rev_29c4c8886e6c,Portugal safe interior v3 from the 1751 Vaugondy sheets; positional uncertainty 12.33 km replaces 34.61 km,REVISED,promo_b68466ea22a9,12.33
TERRESTRIAL_HEX,h6000_q-000590_r+000862,sp_fef06587fead,CONTROLLED,"land inside the Portuguese safe interior (v3); 2.70 of 19.70 km2 of the hex's canonical land, largest unioned share",UNRESOLVED,,promo_c1d69cca569e,34.61,rev_15f35ba70997,Portugal safe interior v3 from the 1751 Vaugondy sheets; positional uncertainty 12.33 km replaces 34.61 km,REVISED,promo_b68466ea22a9,12.33
TERRESTRIAL_HEX,h6000_q-000590_r+000863,sp_fef06587fead,CONTROLLED,"land inside the Portuguese safe interior (v3); 17.00 of 19.68 km2 of the hex's canonical land, largest unioned share",UNRESOLVED,,promo_c1d69cca569e,34.61,rev_28515c9bd883,Portugal safe interior v3 from the 1751 Vaugondy sheets; positional uncertainty 12.33 km replaces 34.61 km,REVISED,promo_b68466ea22a9,12.33
TERRESTRIAL_HEX,h6000_q-000590_r+000864,sp_fef06587fead,CONTROLLED,"land inside the Portuguese safe interior (v3); 19.66 of 19.66 km2 of the hex's canonical land, largest unioned share",UNRESOLVED,,promo_c1d69cca569e,34.61,rev_3c58f9bbf724,Portugal safe interior v3 from the 1751 Vaugondy sheets; positional uncertainty 12.33 km replaces 34.61 km,REVISED,promo_b68466ea22a9,12.33
TERRESTRIAL_HEX,h6000_q-000590_r+000870,sp_fef06587fead,CONTROLLED,"land inside the Portuguese safe interior (v3); 19.55 of 19.55 km2 of the hex's canonical land, largest unioned share",UNRESOLVED,,promo_c1d69cca569e,34.61,rev_c2bd1c921504,Portugal safe interior v3 from the 1751 Vaugondy sheets; positional uncertainty 12.33 km replaces 34.61 km,REVISED,promo_b68466ea22a9,12.33
TERRESTRIAL_HEX,h6000_q-000590_r+000871,sp_fef06587fead,CONTROLLED,"land inside the Portuguese safe interior (v3); 19.53 of 19.53 km2 of the hex's canonical land, largest unioned share",UNRESOLVED,,promo_c1d69cca569e,34.61,rev_60547f437d35,Portugal safe interior v3 from the 1751 Vaugondy sheets; positional uncertainty 12.33 km replaces 34.61 km,REVISED,promo_b68466ea22a9,12.33
TERRESTRIAL_HEX,h6000_q-000590_r+000872,sp_fef06587fead,CONTROLLED,"land inside the Portuguese safe interior (v3); 19.51 of 19.51 km2 of the hex's canonical land, largest unioned share",UNRESOLVED,,promo_7c95358cf0a4,34.61,rev_7f13a807f533,Portugal safe interior v3 from the 1751 Vaugondy sheets; positional uncertainty 12.33 km replaces 34.61 km,REVISED,promo_b68466ea22a9,12.33
TERRESTRIAL_HEX,h6000_q-000590_r+000873,sp_fef06587fead,CONTROLLED,"land inside the Portuguese safe interior (v3); 19.49 of 19.49 km2 of the hex's canonical land, largest unioned share",UNRESOLVED,,promo_7c95358cf0a4,34.61,rev_070693ff46c0,Portugal safe interior v3 from the 1751 Vaugondy sheets; positional uncertainty 12.33 km replaces 34.61 km,REVISED,promo_b68466ea22a9,12.33
TERRESTRIAL_HEX,h6000_q-000590_r+000874,sp_fef06587fead,CONTROLLED,"land inside the Portuguese safe interior (v3); 19.47 of 19.47 km2 of the hex's canonical land, largest unioned share",UNRESOLVED,,promo_7c95358cf0a4,34.61,rev_772d06be341f,Portugal safe interior v3 from the 1751 Vaugondy sheets; positional uncertainty 12.33 km replaces 34.61 km,REVISED,promo_b68466ea22a9,12.33
TERRESTRIAL_HEX,h6000_q-000590_r+000875,sp_fef06587fead,CONTROLLED,"land inside the Portuguese safe interior (v3); 19.45 of 19.45 km2 of the hex's canonical land, largest unioned share",UNRESOLVED,,promo_7c95358cf0a4,34.61,rev_78c494deaa1d,Portugal safe interior v3 from the 1751 Vaugondy sheets; positional uncertainty 12.33 km replaces 34.61 km,REVISED,promo_b68466ea22a9,12.33
TERRESTRIAL_HEX,h6000_q-000590_r+000876,sp_fef06587fead,CONTROLLED,"land inside the Portuguese safe interior (v3); 19.43 of 19.43 km2 of the hex's canonical land, largest unioned share",UNRESOLVED,,promo_7c95358cf0a4,34.61,rev_1011d5368199,Portugal safe interior v3 from the 1751 Vaugondy sheets; positional uncertainty 12.33 km replaces 34.61 km,REVISED,promo_b68466ea22a9,12.33
TERRESTRIAL_HEX,h6000_q-000590_r+000877,sp_fef06587fead,CONTROLLED,"land inside the Portuguese safe interior (v3); 19.41 of 19.41 km2 of the hex's canonical land, largest unioned share",UNRESOLVED,,promo_7c95358cf0a4,34.61,rev_c4fa33adaeca,Portugal safe interior v3 from the 1751 Vaugondy sheets; positional uncertainty 12.33 km replaces 34.61 km,REVISED,promo_b68466ea22a9,12.33
TERRESTRIAL_HEX,h6000_q-000590_r+000878,sp_fef06587fead,CONTROLLED,"land inside the Portuguese safe interior (v3); 19.39 of 19.39 km2 of the hex's canonical land, largest unioned share",UNRESOLVED,,promo_7c95358cf0a4,34.61,rev_425bc712b2b9,Portugal safe interior v3 from the 1751 Vaugondy sheets; positional uncertainty 12.33 km replaces 34.61 km,REVISED,promo_b68466ea22a9,12.33
TERRESTRIAL_HEX,h6000_q-000590_r+000879,sp_fef06587fead,CONTROLLED,"land inside the Portuguese safe interior (v3); 19.37 of 19.37 km2 of the hex's canonical land, largest unioned share",UNRESOLVED,,promo_7c95358cf0a4,34.61,rev_28ed4cd07be7,Portugal safe interior v3 from the 1751 Vaugondy sheets; positional uncertainty 12.33 km replaces 34.61 km,REVISED,promo_b68466ea22a9,12.33
TERRESTRIAL_HEX,h6000_q-000590_r+000880,sp_fef06587fead,CONTROLLED,"land inside the Portuguese safe interior (v3); 19.35 of 19.35 km2 of the hex's canonical land, largest unioned share",UNRESOLVED,,promo_7c95358cf0a4,34.61,rev_b6ff74577a1c,Portugal safe interior v3 from the 1751 Vaugondy sheets; positional uncertainty 12.33 km replaces 34.61 km,REVISED,promo_b68466ea22a9,12.33
TERRESTRIAL_HEX,h6000_q-000590_r+000881,sp_fef06587fead,CONTROLLED,"land inside the Portuguese safe interior (v3); 19.33 of 19.33 km2 of the hex's canonical land, largest unioned share",UNRESOLVED,,promo_7c95358cf0a4,34.61,rev_d18a2e37e2df,Portugal safe interior v3 from the 1751 Vaugondy sheets; positional uncertainty 12.33 km replaces 34.61 km,REVISED,promo_b68466ea22a9,12.33
TERRESTRIAL_HEX,h6000_q-000590_r+000882,sp_fef06587fead,CONTROLLED,"land inside the Portuguese safe interior (v3); 19.31 of 19.31 km2 of the hex's canonical land, largest unioned share",UNRESOLVED,,promo_7c95358cf0a4,34.61,rev_ac2f3c035dc4,Portugal safe interior v3 from the 1751 Vaugondy sheets; positional uncertainty 12.33 km replaces 34.61 km,REVISED,promo_b68466ea22a9,12.33
TERRESTRIAL_HEX,h6000_q-000590_r+000883,sp_fef06587fead,CONTROLLED,"land inside the Portuguese safe interior (v3); 19.30 of 19.30 km2 of the hex's canonical land, largest unioned share",UNRESOLVED,,promo_7c95358cf0a4,34.61,rev_22cff7c328ea,Portugal safe interior v3 from the 1751 Vaugondy sheets; positional uncertainty 12.33 km replaces 34.61 km,REVISED,promo_b68466ea22a9,12.33
TERRESTRIAL_HEX,h6000_q-000590_r+000884,sp_fef06587fead,CONTROLLED,"land inside the Portuguese safe interior (v3); 19.28 of 19.28 km2 of the hex's canonical land, largest unioned share",UNRESOLVED,,promo_7c95358cf0a4,34.61,rev_b8c709baca4a,Portugal safe interior v3 from the 1751 Vaugondy sheets; positional uncertainty 12.33 km replaces 34.61 km,REVISED,promo_b68466ea22a9,12.33
TERRESTRIAL_HEX,h6000_q-000590_r+000885,sp_fef06587fead,CONTROLLED,"land inside the Portuguese safe interior (v3); 19.26 of 19.26 km2 of the hex's canonical land, largest unioned share",UNRESOLVED,,promo_7c95358cf0a4,34.61,rev_d92c6fa12904,Portugal safe interior v3 from the 1751 Vaugondy sheets; positional uncertainty 12.33 km replaces 34.61 km,REVISED,promo_b68466ea22a9,12.33
TERRESTRIAL_HEX,h6000_q-000590_r+000886,sp_fef06587fead,CONTROLLED,"land inside the Portuguese safe interior (v3); 19.24 of 19.24 km2 of the hex's canonical land, largest unioned share",UNRESOLVED,,promo_7c95358cf0a4,34.61,rev_a71d7eeb793c,Portugal safe interior v3 from the 1751 Vaugondy sheets; positional uncertainty 12.33 km replaces 34.61 km,REVISED,promo_b68466ea22a9,12.33
TERRESTRIAL_HEX,h6000_q-000590_r+000887,sp_fef06587fead,CONTROLLED,"land inside the Portuguese safe interior (v3); 19.22 of 19.22 km2 of the hex's canonical land, largest unioned share",UNRESOLVED,,promo_7c95358cf0a4,34.61,rev_82426f5f8c85,Portugal safe interior v3 from the 1751 Vaugondy sheets; positional uncertainty 12.33 km replaces 34.61 km,REVISED,promo_b68466ea22a9,12.33
TERRESTRIAL_HEX,h6000_q-000590_r+000888,sp_fef06587fead,CONTROLLED,"land inside the Portuguese safe interior (v3); 19.20 of 19.20 km2 of the hex's canonical land, largest unioned share",UNRESOLVED,,promo_7c95358cf0a4,34.61,rev_dc373b9ea18a,Portugal safe interior v3 from the 1751 Vaugondy sheets; positional uncertainty 12.33 km replaces 34.61 km,REVISED,promo_b68466ea22a9,12.33
TERRESTRIAL_HEX,h6000_q-000590_r+000889,sp_fef06587fead,CONTROLLED,"land inside the Portuguese safe interior (v3); 19.18 of 19.18 km2 of the hex's canonical land, largest unioned share",UNRESOLVED,,promo_7c95358cf0a4,34.61,rev_e402b0042a19,Portugal safe interior v3 from the 1751 Vaugondy sheets; positional uncertainty 12.33 km replaces 34.61 km,REVISED,promo_b68466ea22a9,12.33
TERRESTRIAL_HEX,h6000_q-000590_r+000890,sp_fef06587fead,CONTROLLED,"land inside the Portuguese safe interior (v3); 19.16 of 19.16 km2 of the hex's canonical land, largest unioned share",UNRESOLVED,,promo_7c95358cf0a4,34.61,rev_b564ed550529,Portugal safe interior v3 from the 1751 Vaugondy sheets; positional uncertainty 12.33 km replaces 34.61 km,REVISED,promo_b68466ea22a9,12.33
TERRESTRIAL_HEX,h6000_q-000590_r+000891,sp_fef06587fead,CONTROLLED,"land inside the Portuguese safe interior (v3); 19.14 of 19.14 km2 of the hex's canonical land, largest unioned share",UNRESOLVED,,promo_7c95358cf0a4,34.61,rev_a5fd79a59622,Portugal safe interior v3 from the 1751 Vaugondy sheets; positional uncertainty 12.33 km replaces 34.61 km,REVISED,promo_b68466ea22a9,12.33
TERRESTRIAL_HEX,h6000_q-000590_r+000892,sp_fef06587fead,CONTROLLED,"land inside the Portuguese safe interior (v3); 19.12 of 19.12 km2 of the hex's canonical land, largest unioned share",UNRESOLVED,,promo_7c95358cf0a4,34.61,rev_a8b9336095d2,Portugal safe interior v3 from the 1751 Vaugondy sheets; positional uncertainty 12.33 km replaces 34.61 km,REVISED,promo_b68466ea22a9,12.33
TERRESTRIAL_HEX,h6000_q-000590_r+000893,sp_fef06587fead,CONTROLLED,"land inside the Portuguese safe interior (v3); 19.10 of 19.10 km2 of the hex's canonical land, largest unioned share",UNRESOLVED,,promo_7c95358cf0a4,34.61,rev_230818a2dcb9,Portugal safe interior v3 from the 1751 Vaugondy sheets; positional uncertainty 12.33 km replaces 34.61 km,REVISED,promo_b68466ea22a9,12.33
TERRESTRIAL_HEX,h6000_q-000590_r+000894,sp_fef06587fead,CONTROLLED,"land inside the Portuguese safe interior (v3); 19.08 of 19.08 km2 of the hex's canonical land, largest unioned share",UNRESOLVED,,promo_7c95358cf0a4,34.61,rev_8ea7470808ce,Portugal safe interior v3 from the 1751 Vaugondy sheets; positional uncertainty 12.33 km replaces 34.61 km,REVISED,promo_b68466ea22a9,12.33
TERRESTRIAL_HEX,h6000_q-000590_r+000895,sp_fef06587fead,CONTROLLED,"land inside the Portuguese safe interior (v3); 19.07 of 19.07 km2 of the hex's canonical land, largest unioned share",UNRESOLVED,,promo_7c95358cf0a4,34.61,rev_4467cb4c0658,Portugal safe interior v3 from the 1751 Vaugondy sheets; positional uncertainty 12.33 km replaces 34.61 km,REVISED,promo_b68466ea22a9,12.33
TERRESTRIAL_HEX,h6000_q-000590_r+000896,sp_fef06587fead,CONTROLLED,"land inside the Portuguese safe interior (v3); 19.05 of 19.05 km2 of the hex's canonical land, largest unioned share",UNRESOLVED,,promo_7c95358cf0a4,34.61,rev_e79e3e01f8dd,Portugal safe interior v3 from the 1751 Vaugondy sheets; positional uncertainty 12.33 km replaces 34.61 km,REVISED,promo_b68466ea22a9,12.33
TERRESTRIAL_HEX,h6000_q-000590_r+000897,sp_fef06587fead,CONTROLLED,"land inside the Portuguese safe interior (v3); 19.03 of 19.03 km2 of the hex's canonical land, largest unioned share",UNRESOLVED,,promo_7c95358cf0a4,34.61,rev_dbf1dbed0a2d,Portugal safe interior v3 from the 1751 Vaugondy sheets; positional uncertainty 12.33 km replaces 34.61 km,REVISED,promo_b68466ea22a9,12.33
TERRESTRIAL_HEX,h6000_q-000590_r+000898,sp_fef06587fead,CONTROLLED,"land inside the Portuguese safe interior (v3); 19.01 of 19.01 km2 of the hex's canonical land, largest unioned share",UNRESOLVED,,promo_7c95358cf0a4,34.61,rev_a4a36f1fbf59,Portugal safe interior v3 from the 1751 Vaugondy sheets; positional uncertainty 12.33 km replaces 34.61 km,REVISED,promo_b68466ea22a9,12.33
TERRESTRIAL_HEX,h6000_q-000590_r+000899,sp_fef06587fead,CONTROLLED,"land inside the Portuguese safe interior (v3); 18.99 of 18.99 km2 of the hex's canonical land, largest unioned share",UNRESOLVED,,promo_7c95358cf0a4,34.61,rev_724f6f07a4f2,Portugal safe interior v3 from the 1751 Vaugondy sheets; positional uncertainty 12.33 km replaces 34.61 km,REVISED,promo_b68466ea22a9,12.33
TERRESTRIAL_HEX,h6000_q-000590_r+000900,sp_fef06587fead,CONTROLLED,"land inside the Portuguese safe interior (v3); 18.97 of 18.97 km2 of the hex's canonical land, largest unioned share",UNRESOLVED,,promo_7c95358cf0a4,34.61,rev_4462f40462e7,Portugal safe interior v3 from the 1751 Vaugondy sheets; positional uncertainty 12.33 km replaces 34.61 km,REVISED,promo_b68466ea22a9,12.33
TERRESTRIAL_HEX,h6000_q-000590_r+000901,sp_fef06587fead,CONTROLLED,"land inside the Portuguese safe interior (v3); 18.95 of 18.95 km2 of the hex's canonical land, largest unioned share",UNRESOLVED,,promo_7c95358cf0a4,34.61,rev_3aa6dc6eff56,Portugal safe interior v3 from the 1751 Vaugondy sheets; positional uncertainty 12.33 km replaces 34.61 km,REVISED,promo_b68466ea22a9,12.33
TERRESTRIAL_HEX,h6000_q-000590_r+000902,sp_fef06587fead,CONTROLLED,"land inside the Portuguese safe interior (v3); 18.93 of 18.93 km2 of the hex's canonical land, largest unioned share",UNRESOLVED,,promo_7c95358cf0a4,34.61,rev_9d3c05b7486d,Portugal safe interior v3 from the 1751 Vaugondy sheets; positional uncertainty 12.33 km replaces 34.61 km,REVISED,promo_b68466ea22a9,12.33
TERRESTRIAL_HEX,h6000_q-000590_r+000903,sp_fef06587fead,CONTROLLED,"land inside the Portuguese safe interior (v3); 18.91 of 18.91 km2 of the hex's canonical land, largest unioned share",UNRESOLVED,,promo_7c95358cf0a4,34.61,rev_2c1d2d215ad7,Portugal safe interior v3 from the 1751 Vaugondy sheets; positional uncertainty 12.33 km replaces 34.61 km,REVISED,promo_b68466ea22a9,12.33
TERRESTRIAL_HEX,h6000_q-000590_r+000904,sp_fef06587fead,CONTROLLED,"land inside the Portuguese safe interior (v3); 18.89 of 18.89 km2 of the hex's canonical land, largest unioned share",UNRESOLVED,,promo_7c95358cf0a4,34.61,rev_cef23c1cad85,Portugal safe interior v3 from the 1751 Vaugondy sheets; positional uncertainty 12.33 km replaces 34.61 km,REVISED,promo_b68466ea22a9,12.33
TERRESTRIAL_HEX,h6000_q-000590_r+000905,sp_fef06587fead,CONTROLLED,"land inside the Portuguese safe interior (v2+v3); 18.87 of 18.87 km2 of the hex's canonical land, largest unioned share",UNRESOLVED,,promo_7c95358cf0a4,34.61,rev_11302f78348c,Portugal safe interior v3 from the 1751 Vaugondy sheets; positional uncertainty 12.33 km replaces 34.61 km,REVISED,promo_b68466ea22a9,12.33
TERRESTRIAL_HEX,h6000_q-000590_r+000906,sp_fef06587fead,CONTROLLED,"land inside the Portuguese safe interior (v2+v3); 18.85 of 18.85 km2 of the hex's canonical land, largest unioned share",UNRESOLVED,,promo_7c95358cf0a4,34.61,rev_a222116a3584,Portugal safe interior v3 from the 1751 Vaugondy sheets; positional uncertainty 12.33 km replaces 34.61 km,REVISED,promo_b68466ea22a9,12.33
TERRESTRIAL_HEX,h6000_q-000590_r+000907,sp_fef06587fead,CONTROLLED,"land inside the Portuguese safe interior (v3); 18.84 of 18.84 km2 of the hex's canonical land, largest unioned share",UNRESOLVED,,promo_7c95358cf0a4,34.61,rev_de8df17e21de,Portugal safe interior v3 from the 1751 Vaugondy sheets; positional uncertainty 12.33 km replaces 34.61 km,REVISED,promo_b68466ea22a9,12.33
TERRESTRIAL_HEX,h6000_q-000590_r+000908,sp_fef06587fead,CONTROLLED,"land inside the Portuguese safe interior (v3); 18.82 of 18.82 km2 of the hex's canonical land, largest unioned share",UNRESOLVED,,promo_7c95358cf0a4,34.61,rev_6ff4d2a19097,Portugal safe interior v3 from the 1751 Vaugondy sheets; positional uncertainty 12.33 km replaces 34.61 km,REVISED,promo_b68466ea22a9,12.33
TERRESTRIAL_HEX,h6000_q-000590_r+000909,sp_fef06587fead,CONTROLLED,"land inside the Portuguese safe interior (v3); 18.80 of 18.80 km2 of the hex's canonical land, largest unioned share",UNRESOLVED,,promo_7c95358cf0a4,34.61,rev_038efd63d95c,Portugal safe interior v3 from the 1751 Vaugondy sheets; positional uncertainty 12.33 km replaces 34.61 km,REVISED,promo_b68466ea22a9,12.33
TERRESTRIAL_HEX,h6000_q-000590_r+000910,sp_fef06587fead,CONTROLLED,"land inside the Portuguese safe interior (v3); 18.50 of 18.78 km2 of the hex's canonical land, largest unioned share",UNRESOLVED,,promo_7c95358cf0a4,34.61,rev_fc49befe4f87,Portugal safe interior v3 from the 1751 Vaugondy sheets; positional uncertainty 12.33 km replaces 34.61 km,REVISED,promo_b68466ea22a9,12.33
TERRESTRIAL_HEX,h6000_q-000590_r+000911,sp_fef06587fead,CONTROLLED,"land inside the Portuguese safe interior (v3); 0.35 of 18.76 km2 of the hex's canonical land, largest unioned share",UNRESOLVED,,promo_7c95358cf0a4,34.61,rev_8168698994bb,Portugal safe interior v3 from the 1751 Vaugondy sheets; positional uncertainty 12.33 km replaces 34.61 km,REVISED,promo_b68466ea22a9,12.33
TERRESTRIAL_HEX,h6000_q-000591_r+000864,sp_fef06587fead,CONTROLLED,"land inside the Portuguese safe interior (v3); 6.55 of 19.66 km2 of the hex's canonical land, largest unioned share",UNRESOLVED,,promo_c1d69cca569e,34.61,rev_31015d1313cd,Portugal safe interior v3 from the 1751 Vaugondy sheets; positional uncertainty 12.33 km replaces 34.61 km,REVISED,promo_b68466ea22a9,12.33
TERRESTRIAL_HEX,h6000_q-000591_r+000865,sp_fef06587fead,CONTROLLED,"land inside the Portuguese safe interior (v3); 16.91 of 19.64 km2 of the hex's canonical land, largest unioned share",UNRESOLVED,,promo_c1d69cca569e,34.61,rev_c56a4d32bf0d,Portugal safe interior v3 from the 1751 Vaugondy sheets; positional uncertainty 12.33 km replaces 34.61 km,REVISED,promo_b68466ea22a9,12.33
TERRESTRIAL_HEX,h6000_q-000591_r+000872,sp_fef06587fead,CONTROLLED,"land inside the Portuguese safe interior (v3); 19.51 of 19.51 km2 of the hex's canonical land, largest unioned share",UNRESOLVED,,promo_c1d69cca569e,34.61,rev_0e014c60dfbd,Portugal safe interior v3 from the 1751 Vaugondy sheets; positional uncertainty 12.33 km replaces 34.61 km,REVISED,promo_b68466ea22a9,12.33
TERRESTRIAL_HEX,h6000_q-000591_r+000873,sp_fef06587fead,CONTROLLED,"land inside the Portuguese safe interior (v3); 19.49 of 19.49 km2 of the hex's canonical land, largest unioned share",UNRESOLVED,,promo_7c95358cf0a4,34.61,rev_f1580127189d,Portugal safe interior v3 from the 1751 Vaugondy sheets; positional uncertainty 12.33 km replaces 34.61 km,REVISED,promo_b68466ea22a9,12.33
TERRESTRIAL_HEX,h6000_q-000591_r+000874,sp_fef06587fead,CONTROLLED,"land inside the Portuguese safe interior (v3); 19.47 of 19.47 km2 of the hex's canonical land, largest unioned share",UNRESOLVED,,promo_7c95358cf0a4,34.61,rev_5542dff1b16a,Portugal safe interior v3 from the 1751 Vaugondy sheets; positional uncertainty 12.33 km replaces 34.61 km,REVISED,promo_b68466ea22a9,12.33
TERRESTRIAL_HEX,h6000_q-000591_r+000875,sp_fef06587fead,CONTROLLED,"land inside the Portuguese safe interior (v3); 19.45 of 19.45 km2 of the hex's canonical land, largest unioned share",UNRESOLVED,,promo_7c95358cf0a4,34.61,rev_14a3f39c6693,Portugal safe interior v3 from the 1751 Vaugondy sheets; positional uncertainty 12.33 km replaces 34.61 km,REVISED,promo_b68466ea22a9,12.33
TERRESTRIAL_HEX,h6000_q-000591_r+000876,sp_fef06587fead,CONTROLLED,"land inside the Portuguese safe interior (v3); 19.43 of 19.43 km2 of the hex's canonical land, largest unioned share",UNRESOLVED,,promo_7c95358cf0a4,34.61,rev_06300b9bce45,Portugal safe interior v3 from the 1751 Vaugondy sheets; positional uncertainty 12.33 km replaces 34.61 km,REVISED,promo_b68466ea22a9,12.33
TERRESTRIAL_HEX,h6000_q-000591_r+000877,sp_fef06587fead,CONTROLLED,"land inside the Portuguese safe interior (v3); 19.41 of 19.41 km2 of the hex's canonical land, largest unioned share",UNRESOLVED,,promo_7c95358cf0a4,34.61,rev_604ddfc45205,Portugal safe interior v3 from the 1751 Vaugondy sheets; positional uncertainty 12.33 km replaces 34.61 km,REVISED,promo_b68466ea22a9,12.33
TERRESTRIAL_HEX,h6000_q-000591_r+000878,sp_fef06587fead,CONTROLLED,"land inside the Portuguese safe interior (v3); 19.39 of 19.39 km2 of the hex's canonical land, largest unioned share",UNRESOLVED,,promo_7c95358cf0a4,34.61,rev_563e9bfaffbf,Portugal safe interior v3 from the 1751 Vaugondy sheets; positional uncertainty 12.33 km replaces 34.61 km,REVISED,promo_b68466ea22a9,12.33
TERRESTRIAL_HEX,h6000_q-000591_r+000879,sp_fef06587fead,CONTROLLED,"land inside the Portuguese safe interior (v3); 19.37 of 19.37 km2 of the hex's canonical land, largest unioned share",UNRESOLVED,,promo_7c95358cf0a4,34.61,rev_7467446b59ce,Portugal safe interior v3 from the 1751 Vaugondy sheets; positional uncertainty 12.33 km replaces 34.61 km,REVISED,promo_b68466ea22a9,12.33
TERRESTRIAL_HEX,h6000_q-000591_r+000880,sp_fef06587fead,CONTROLLED,"land inside the Portuguese safe interior (v3); 19.35 of 19.35 km2 of the hex's canonical land, largest unioned share",UNRESOLVED,,promo_7c95358cf0a4,34.61,rev_3aec945409dd,Portugal safe interior v3 from the 1751 Vaugondy sheets; positional uncertainty 12.33 km replaces 34.61 km,REVISED,promo_b68466ea22a9,12.33
TERRESTRIAL_HEX,h6000_q-000591_r+000881,sp_fef06587fead,CONTROLLED,"land inside the Portuguese safe interior (v3); 19.33 of 19.33 km2 of the hex's canonical land, largest unioned share",UNRESOLVED,,promo_7c95358cf0a4,34.61,rev_e84ca0ea52e1,Portugal safe interior v3 from the 1751 Vaugondy sheets; positional uncertainty 12.33 km replaces 34.61 km,REVISED,promo_b68466ea22a9,12.33
TERRESTRIAL_HEX,h6000_q-000591_r+000882,sp_fef06587fead,CONTROLLED,"land inside the Portuguese safe interior (v3); 19.31 of 19.31 km2 of the hex's canonical land, largest unioned share",UNRESOLVED,,promo_7c95358cf0a4,34.61,rev_cb3f5c104792,Portugal safe interior v3 from the 1751 Vaugondy sheets; positional uncertainty 12.33 km replaces 34.61 km,REVISED,promo_b68466ea22a9,12.33
TERRESTRIAL_HEX,h6000_q-000591_r+000883,sp_fef06587fead,CONTROLLED,"land inside the Portuguese safe interior (v3); 19.30 of 19.30 km2 of the hex's canonical land, largest unioned share",UNRESOLVED,,promo_7c95358cf0a4,34.61,rev_944f583b88c0,Portugal safe interior v3 from the 1751 Vaugondy sheets; positional uncertainty 12.33 km replaces 34.61 km,REVISED,promo_b68466ea22a9,12.33
TERRESTRIAL_HEX,h6000_q-000591_r+000884,sp_fef06587fead,CONTROLLED,"land inside the Portuguese safe interior (v3); 19.28 of 19.28 km2 of the hex's canonical land, largest unioned share",UNRESOLVED,,promo_7c95358cf0a4,34.61,rev_a46546493270,Portugal safe interior v3 from the 1751 Vaugondy sheets; positional uncertainty 12.33 km replaces 34.61 km,REVISED,promo_b68466ea22a9,12.33
TERRESTRIAL_HEX,h6000_q-000591_r+000885,sp_fef06587fead,CONTROLLED,"land inside the Portuguese safe interior (v3); 19.26 of 19.26 km2 of the hex's canonical land, largest unioned share",UNRESOLVED,,promo_7c95358cf0a4,34.61,rev_b1e533939fe0,Portugal safe interior v3 from the 1751 Vaugondy sheets; positional uncertainty 12.33 km replaces 34.61 km,REVISED,promo_b68466ea22a9,12.33
TERRESTRIAL_HEX,h6000_q-000591_r+000886,sp_fef06587fead,CONTROLLED,"land inside the Portuguese safe interior (v3); 19.24 of 19.24 km2 of the hex's canonical land, largest unioned share",UNRESOLVED,,promo_7c95358cf0a4,34.61,rev_430b414eaf96,Portugal safe interior v3 from the 1751 Vaugondy sheets; positional uncertainty 12.33 km replaces 34.61 km,REVISED,promo_b68466ea22a9,12.33
TERRESTRIAL_HEX,h6000_q-000591_r+000887,sp_fef06587fead,CONTROLLED,"land inside the Portuguese safe interior (v3); 19.22 of 19.22 km2 of the hex's canonical land, largest unioned share",UNRESOLVED,,promo_7c95358cf0a4,34.61,rev_a63f9ec70bc4,Portugal safe interior v3 from the 1751 Vaugondy sheets; positional uncertainty 12.33 km replaces 34.61 km,REVISED,promo_b68466ea22a9,12.33
TERRESTRIAL_HEX,h6000_q-000591_r+000888,sp_fef06587fead,CONTROLLED,"land inside the Portuguese safe interior (v3); 19.20 of 19.20 km2 of the hex's canonical land, largest unioned share",UNRESOLVED,,promo_7c95358cf0a4,34.61,rev_31326da4fd62,Portugal safe interior v3 from the 1751 Vaugondy sheets; positional uncertainty 12.33 km replaces 34.61 km,REVISED,promo_b68466ea22a9,12.33
TERRESTRIAL_HEX,h6000_q-000591_r+000889,sp_fef06587fead,CONTROLLED,"land inside the Portuguese safe interior (v3); 19.18 of 19.18 km2 of the hex's canonical land, largest unioned share",UNRESOLVED,,promo_7c95358cf0a4,34.61,rev_b707c2e155ca,Portugal safe interior v3 from the 1751 Vaugondy sheets; positional uncertainty 12.33 km replaces 34.61 km,REVISED,promo_b68466ea22a9,12.33
TERRESTRIAL_HEX,h6000_q-000591_r+000890,sp_fef06587fead,CONTROLLED,"land inside the Portuguese safe interior (v3); 19.16 of 19.16 km2 of the hex's canonical land, largest unioned share",UNRESOLVED,,promo_7c95358cf0a4,34.61,rev_45c528068e9a,Portugal safe interior v3 from the 1751 Vaugondy sheets; positional uncertainty 12.33 km replaces 34.61 km,REVISED,promo_b68466ea22a9,12.33
TERRESTRIAL_HEX,h6000_q-000591_r+000891,sp_fef06587fead,CONTROLLED,"land inside the Portuguese safe interior (v3); 19.14 of 19.14 km2 of the hex's canonical land, largest unioned share",UNRESOLVED,,promo_7c95358cf0a4,34.61,rev_9f706cfea014,Portugal safe interior v3 from the 1751 Vaugondy sheets; positional uncertainty 12.33 km replaces 34.61 km,REVISED,promo_b68466ea22a9,12.33
TERRESTRIAL_HEX,h6000_q-000591_r+000892,sp_fef06587fead,CONTROLLED,"land inside the Portuguese safe interior (v3); 19.12 of 19.12 km2 of the hex's canonical land, largest unioned share",UNRESOLVED,,promo_7c95358cf0a4,34.61,rev_34fe38da1da4,Portugal safe interior v3 from the 1751 Vaugondy sheets; positional uncertainty 12.33 km replaces 34.61 km,REVISED,promo_b68466ea22a9,12.33
TERRESTRIAL_HEX,h6000_q-000591_r+000893,sp_fef06587fead,CONTROLLED,"land inside the Portuguese safe interior (v3); 19.10 of 19.10 km2 of the hex's canonical land, largest unioned share",UNRESOLVED,,promo_7c95358cf0a4,34.61,rev_f97a310ae813,Portugal safe interior v3 from the 1751 Vaugondy sheets; positional uncertainty 12.33 km replaces 34.61 km,REVISED,promo_b68466ea22a9,12.33
TERRESTRIAL_HEX,h6000_q-000591_r+000894,sp_fef06587fead,CONTROLLED,"land inside the Portuguese safe interior (v3); 19.08 of 19.08 km2 of the hex's canonical land, largest unioned share",UNRESOLVED,,promo_7c95358cf0a4,34.61,rev_86b5f44564f2,Portugal safe interior v3 from the 1751 Vaugondy sheets; positional uncertainty 12.33 km replaces 34.61 km,REVISED,promo_b68466ea22a9,12.33
TERRESTRIAL_HEX,h6000_q-000591_r+000895,sp_fef06587fead,CONTROLLED,"land inside the Portuguese safe interior (v3); 19.07 of 19.07 km2 of the hex's canonical land, largest unioned share",UNRESOLVED,,promo_7c95358cf0a4,34.61,rev_4eb35ae665a4,Portugal safe interior v3 from the 1751 Vaugondy sheets; positional uncertainty 12.33 km replaces 34.61 km,REVISED,promo_b68466ea22a9,12.33
TERRESTRIAL_HEX,h6000_q-000591_r+000896,sp_fef06587fead,CONTROLLED,"land inside the Portuguese safe interior (v3); 19.05 of 19.05 km2 of the hex's canonical land, largest unioned share",UNRESOLVED,,promo_7c95358cf0a4,34.61,rev_23cf400fd437,Portugal safe interior v3 from the 1751 Vaugondy sheets; positional uncertainty 12.33 km replaces 34.61 km,REVISED,promo_b68466ea22a9,12.33
TERRESTRIAL_HEX,h6000_q-000591_r+000897,sp_fef06587fead,CONTROLLED,"land inside the Portuguese safe interior (v3); 19.03 of 19.03 km2 of the hex's canonical land, largest unioned share",UNRESOLVED,,promo_7c95358cf0a4,34.61,rev_fa6765c18012,Portugal safe interior v3 from the 1751 Vaugondy sheets; positional uncertainty 12.33 km replaces 34.61 km,REVISED,promo_b68466ea22a9,12.33
TERRESTRIAL_HEX,h6000_q-000591_r+000898,sp_fef06587fead,CONTROLLED,"land inside the Portuguese safe interior (v3); 19.01 of 19.01 km2 of the hex's canonical land, largest unioned share",UNRESOLVED,,promo_7c95358cf0a4,34.61,rev_05b58fc6f044,Portugal safe interior v3 from the 1751 Vaugondy sheets; positional uncertainty 12.33 km replaces 34.61 km,REVISED,promo_b68466ea22a9,12.33
TERRESTRIAL_HEX,h6000_q-000591_r+000899,sp_fef06587fead,CONTROLLED,"land inside the Portuguese safe interior (v3); 18.99 of 18.99 km2 of the hex's canonical land, largest unioned share",UNRESOLVED,,promo_7c95358cf0a4,34.61,rev_066b5631c0ba,Portugal safe interior v3 from the 1751 Vaugondy sheets; positional uncertainty 12.33 km replaces 34.61 km,REVISED,promo_b68466ea22a9,12.33
TERRESTRIAL_HEX,h6000_q-000591_r+000900,sp_fef06587fead,CONTROLLED,"land inside the Portuguese safe interior (v3); 18.97 of 18.97 km2 of the hex's canonical land, largest unioned share",UNRESOLVED,,promo_7c95358cf0a4,34.61,rev_146b7c8e71a4,Portugal safe interior v3 from the 1751 Vaugondy sheets; positional uncertainty 12.33 km replaces 34.61 km,REVISED,promo_b68466ea22a9,12.33
TERRESTRIAL_HEX,h6000_q-000591_r+000901,sp_fef06587fead,CONTROLLED,"land inside the Portuguese safe interior (v3); 18.95 of 18.95 km2 of the hex's canonical land, largest unioned share",UNRESOLVED,,promo_7c95358cf0a4,34.61,rev_061fb456685a,Portugal safe interior v3 from the 1751 Vaugondy sheets; positional uncertainty 12.33 km replaces 34.61 km,REVISED,promo_b68466ea22a9,12.33
TERRESTRIAL_HEX,h6000_q-000591_r+000902,sp_fef06587fead,CONTROLLED,"land inside the Portuguese safe interior (v3); 18.93 of 18.93 km2 of the hex's canonical land, largest unioned share",UNRESOLVED,,promo_7c95358cf0a4,34.61,rev_50d5da221835,Portugal safe interior v3 from the 1751 Vaugondy sheets; positional uncertainty 12.33 km replaces 34.61 km,REVISED,promo_b68466ea22a9,12.33
TERRESTRIAL_HEX,h6000_q-000591_r+000903,sp_fef06587fead,CONTROLLED,"land inside the Portuguese safe interior (v3); 18.91 of 18.91 km2 of the hex's canonical land, largest unioned share",UNRESOLVED,,promo_7c95358cf0a4,34.61,rev_e5d58adad1fb,Portugal safe interior v3 from the 1751 Vaugondy sheets; positional uncertainty 12.33 km replaces 34.61 km,REVISED,promo_b68466ea22a9,12.33
TERRESTRIAL_HEX,h6000_q-000591_r+000904,sp_fef06587fead,CONTROLLED,"land inside the Portuguese safe interior (v3); 18.89 of 18.89 km2 of the hex's canonical land, largest unioned share",UNRESOLVED,,promo_7c95358cf0a4,34.61,rev_86dcc3f86cc8,Portugal safe interior v3 from the 1751 Vaugondy sheets; positional uncertainty 12.33 km replaces 34.61 km,REVISED,promo_b68466ea22a9,12.33
TERRESTRIAL_HEX,h6000_q-000591_r+000905,sp_fef06587fead,CONTROLLED,"land inside the Portuguese safe interior (v2+v3); 18.87 of 18.87 km2 of the hex's canonical land, largest unioned share",UNRESOLVED,,promo_7c95358cf0a4,34.61,rev_5208dbdc49ea,Portugal safe interior v3 from the 1751 Vaugondy sheets; positional uncertainty 12.33 km replaces 34.61 km,REVISED,promo_b68466ea22a9,12.33
TERRESTRIAL_HEX,h6000_q-000591_r+000906,sp_fef06587fead,CONTROLLED,"land inside the Portuguese safe interior (v2+v3); 18.85 of 18.85 km2 of the hex's canonical land, largest unioned share",UNRESOLVED,,promo_7c95358cf0a4,34.61,rev_9212d829b0c0,Portugal safe interior v3 from the 1751 Vaugondy sheets; positional uncertainty 12.33 km replaces 34.61 km,REVISED,promo_b68466ea22a9,12.33
TERRESTRIAL_HEX,h6000_q-000591_r+000907,sp_fef06587fead,CONTROLLED,"land inside the Portuguese safe interior (v3); 18.84 of 18.84 km2 of the hex's canonical land, largest unioned share",UNRESOLVED,,promo_7c95358cf0a4,34.61,rev_3de2edd6a1c6,Portugal safe interior v3 from the 1751 Vaugondy sheets; positional uncertainty 12.33 km replaces 34.61 km,REVISED,promo_b68466ea22a9,12.33
TERRESTRIAL_HEX,h6000_q-000591_r+000908,sp_fef06587fead,CONTROLLED,"land inside the Portuguese safe interior (v3); 18.82 of 18.82 km2 of the hex's canonical land, largest unioned share",UNRESOLVED,,promo_7c95358cf0a4,34.61,rev_fc44bc86e557,Portugal safe interior v3 from the 1751 Vaugondy sheets; positional uncertainty 12.33 km replaces 34.61 km,REVISED,promo_b68466ea22a9,12.33
TERRESTRIAL_HEX,h6000_q-000591_r+000909,sp_fef06587fead,CONTROLLED,"land inside the Portuguese safe interior (v3); 18.80 of 18.80 km2 of the hex's canonical land, largest unioned share",UNRESOLVED,,promo_7c95358cf0a4,34.61,rev_ed07625b5965,Portugal safe interior v3 from the 1751 Vaugondy sheets; positional uncertainty 12.33 km replaces 34.61 km,REVISED,promo_b68466ea22a9,12.33
TERRESTRIAL_HEX,h6000_q-000591_r+000910,sp_fef06587fead,CONTROLLED,"land inside the Portuguese safe interior (v3); 18.78 of 18.78 km2 of the hex's canonical land, largest unioned share",UNRESOLVED,,promo_7c95358cf0a4,34.61,rev_e33cfd109f5b,Portugal safe interior v3 from the 1751 Vaugondy sheets; positional uncertainty 12.33 km replaces 34.61 km,REVISED,promo_b68466ea22a9,12.33
TERRESTRIAL_HEX,h6000_q-000591_r+000911,sp_fef06587fead,CONTROLLED,"land inside the Portuguese safe interior (v3); 15.85 of 18.76 km2 of the hex's canonical land, largest unioned share",UNRESOLVED,,promo_7c95358cf0a4,34.61,rev_d1c104efc9ba,Portugal safe interior v3 from the 1751 Vaugondy sheets; positional uncertainty 12.33 km replaces 34.61 km,REVISED,promo_b68466ea22a9,12.33
TERRESTRIAL_HEX,h6000_q-000592_r+000866,sp_fef06587fead,CONTROLLED,"land inside the Portuguese safe interior (v3); 0.03 of 19.62 km2 of the hex's canonical land, largest unioned share",UNRESOLVED,,promo_c1d69cca569e,34.61,rev_22779073f572,Portugal safe interior v3 from the 1751 Vaugondy sheets; positional uncertainty 12.33 km replaces 34.61 km,REVISED,promo_b68466ea22a9,12.33
TERRESTRIAL_HEX,h6000_q-000592_r+000868,sp_fef06587fead,CONTROLLED,"land inside the Portuguese safe interior (v3); 4.60 of 19.58 km2 of the hex's canonical land, largest unioned share",UNRESOLVED,,promo_c1d69cca569e,34.61,rev_e6e4fdedab65,Portugal safe interior v3 from the 1751 Vaugondy sheets; positional uncertainty 12.33 km replaces 34.61 km,REVISED,promo_b68466ea22a9,12.33
TERRESTRIAL_HEX,h6000_q-000592_r+000869,sp_fef06587fead,CONTROLLED,"land inside the Portuguese safe interior (v3); 16.92 of 19.56 km2 of the hex's canonical land, largest unioned share",UNRESOLVED,,promo_c1d69cca569e,34.61,rev_8a571ac144a0,Portugal safe interior v3 from the 1751 Vaugondy sheets; positional uncertainty 12.33 km replaces 34.61 km,REVISED,promo_b68466ea22a9,12.33
TERRESTRIAL_HEX,h6000_q-000592_r+000870,sp_fef06587fead,CONTROLLED,"land inside the Portuguese safe interior (v3); 19.55 of 19.55 km2 of the hex's canonical land, largest unioned share",UNRESOLVED,,promo_c1d69cca569e,34.61,rev_24717764913b,Portugal safe interior v3 from the 1751 Vaugondy sheets; positional uncertainty 12.33 km replaces 34.61 km,REVISED,promo_b68466ea22a9,12.33
TERRESTRIAL_HEX,h6000_q-000592_r+000873,sp_fef06587fead,CONTROLLED,"land inside the Portuguese safe interior (v3); 19.49 of 19.49 km2 of the hex's canonical land, largest unioned share",UNRESOLVED,,promo_7c95358cf0a4,34.61,rev_ec8f983e9235,Portugal safe interior v3 from the 1751 Vaugondy sheets; positional uncertainty 12.33 km replaces 34.61 km,REVISED,promo_b68466ea22a9,12.33
TERRESTRIAL_HEX,h6000_q-000592_r+000874,sp_fef06587fead,CONTROLLED,"land inside the Portuguese safe interior (v3); 19.47 of 19.47 km2 of the hex's canonical land, largest unioned share",UNRESOLVED,,promo_7c95358cf0a4,34.61,rev_79319549bf34,Portugal safe interior v3 from the 1751 Vaugondy sheets; positional uncertainty 12.33 km replaces 34.61 km,REVISED,promo_b68466ea22a9,12.33
TERRESTRIAL_HEX,h6000_q-000592_r+000875,sp_fef06587fead,CONTROLLED,"land inside the Portuguese safe interior (v3); 19.45 of 19.45 km2 of the hex's canonical land, largest unioned share",UNRESOLVED,,promo_7c95358cf0a4,34.61,rev_c2b82b64651c,Portugal safe interior v3 from the 1751 Vaugondy sheets; positional uncertainty 12.33 km replaces 34.61 km,REVISED,promo_b68466ea22a9,12.33
TERRESTRIAL_HEX,h6000_q-000592_r+000876,sp_fef06587fead,CONTROLLED,"land inside the Portuguese safe interior (v3); 19.43 of 19.43 km2 of the hex's canonical land, largest unioned share",UNRESOLVED,,promo_7c95358cf0a4,34.61,rev_b4e431cfde2d,Portugal safe interior v3 from the 1751 Vaugondy sheets; positional uncertainty 12.33 km replaces 34.61 km,REVISED,promo_b68466ea22a9,12.33
TERRESTRIAL_HEX,h6000_q-000592_r+000877,sp_fef06587fead,CONTROLLED,"land inside the Portuguese safe interior (v3); 19.41 of 19.41 km2 of the hex's canonical land, largest unioned share",UNRESOLVED,,promo_7c95358cf0a4,34.61,rev_688857b066be,Portugal safe interior v3 from the 1751 Vaugondy sheets; positional uncertainty 12.33 km replaces 34.61 km,REVISED,promo_b68466ea22a9,12.33
TERRESTRIAL_HEX,h6000_q-000592_r+000878,sp_fef06587fead,CONTROLLED,"land inside the Portuguese safe interior (v3); 19.39 of 19.39 km2 of the hex's canonical land, largest unioned share",UNRESOLVED,,promo_7c95358cf0a4,34.61,rev_3fef2ab624f0,Portugal safe interior v3 from the 1751 Vaugondy sheets; positional uncertainty 12.33 km replaces 34.61 km,REVISED,promo_b68466ea22a9,12.33
TERRESTRIAL_HEX,h6000_q-000592_r+000879,sp_fef06587fead,CONTROLLED,"land inside the Portuguese safe interior (v3); 19.37 of 19.37 km2 of the hex's canonical land, largest unioned share",UNRESOLVED,,promo_7c95358cf0a4,34.61,rev_f4215c715fa5,Portugal safe interior v3 from the 1751 Vaugondy sheets; positional uncertainty 12.33 km replaces 34.61 km,REVISED,promo_b68466ea22a9,12.33
TERRESTRIAL_HEX,h6000_q-000592_r+000880,sp_fef06587fead,CONTROLLED,"land inside the Portuguese safe interior (v3); 19.35 of 19.35 km2 of the hex's canonical land, largest unioned share",UNRESOLVED,,promo_7c95358cf0a4,34.61,rev_ebc45deea24a,Portugal safe interior v3 from the 1751 Vaugondy sheets; positional uncertainty 12.33 km replaces 34.61 km,REVISED,promo_b68466ea22a9,12.33
TERRESTRIAL_HEX,h6000_q-000592_r+000881,sp_fef06587fead,CONTROLLED,"land inside the Portuguese safe interior (v3); 19.33 of 19.33 km2 of the hex's canonical land, largest unioned share",UNRESOLVED,,promo_7c95358cf0a4,34.61,rev_b3ad7f4d982b,Portugal safe interior v3 from the 1751 Vaugondy sheets; positional uncertainty 12.33 km replaces 34.61 km,REVISED,promo_b68466ea22a9,12.33
TERRESTRIAL_HEX,h6000_q-000592_r+000882,sp_fef06587fead,CONTROLLED,"land inside the Portuguese safe interior (v3); 19.31 of 19.31 km2 of the hex's canonical land, largest unioned share",UNRESOLVED,,promo_7c95358cf0a4,34.61,rev_fa6eb8733085,Portugal safe interior v3 from the 1751 Vaugondy sheets; positional uncertainty 12.33 km replaces 34.61 km,REVISED,promo_b68466ea22a9,12.33
TERRESTRIAL_HEX,h6000_q-000592_r+000883,sp_fef06587fead,CONTROLLED,"land inside the Portuguese safe interior (v3); 19.30 of 19.30 km2 of the hex's canonical land, largest unioned share",UNRESOLVED,,promo_7c95358cf0a4,34.61,rev_99ce59ce5791,Portugal safe interior v3 from the 1751 Vaugondy sheets; positional uncertainty 12.33 km replaces 34.61 km,REVISED,promo_b68466ea22a9,12.33
TERRESTRIAL_HEX,h6000_q-000592_r+000884,sp_fef06587fead,CONTROLLED,"land inside the Portuguese safe interior (v3); 19.28 of 19.28 km2 of the hex's canonical land, largest unioned share",UNRESOLVED,,promo_7c95358cf0a4,34.61,rev_63ef7a851d35,Portugal safe interior v3 from the 1751 Vaugondy sheets; positional uncertainty 12.33 km replaces 34.61 km,REVISED,promo_b68466ea22a9,12.33
TERRESTRIAL_HEX,h6000_q-000592_r+000885,sp_fef06587fead,CONTROLLED,"land inside the Portuguese safe interior (v3); 19.26 of 19.26 km2 of the hex's canonical land, largest unioned share",UNRESOLVED,,promo_7c95358cf0a4,34.61,rev_6561e66b29f7,Portugal safe interior v3 from the 1751 Vaugondy sheets; positional uncertainty 12.33 km replaces 34.61 km,REVISED,promo_b68466ea22a9,12.33
TERRESTRIAL_HEX,h6000_q-000592_r+000886,sp_fef06587fead,CONTROLLED,"land inside the Portuguese safe interior (v3); 19.24 of 19.24 km2 of the hex's canonical land, largest unioned share",UNRESOLVED,,promo_7c95358cf0a4,34.61,rev_af7afbe8ff1e,Portugal safe interior v3 from the 1751 Vaugondy sheets; positional uncertainty 12.33 km replaces 34.61 km,REVISED,promo_b68466ea22a9,12.33
TERRESTRIAL_HEX,h6000_q-000592_r+000887,sp_fef06587fead,CONTROLLED,"land inside the Portuguese safe interior (v3); 19.22 of 19.22 km2 of the hex's canonical land, largest unioned share",UNRESOLVED,,promo_7c95358cf0a4,34.61,rev_cc30c468aff8,Portugal safe interior v3 from the 1751 Vaugondy sheets; positional uncertainty 12.33 km replaces 34.61 km,REVISED,promo_b68466ea22a9,12.33
TERRESTRIAL_HEX,h6000_q-000592_r+000888,sp_fef06587fead,CONTROLLED,"land inside the Portuguese safe interior (v3); 19.20 of 19.20 km2 of the hex's canonical land, largest unioned share",UNRESOLVED,,promo_7c95358cf0a4,34.61,rev_a583121499b8,Portugal safe interior v3 from the 1751 Vaugondy sheets; positional uncertainty 12.33 km replaces 34.61 km,REVISED,promo_b68466ea22a9,12.33
TERRESTRIAL_HEX,h6000_q-000592_r+000889,sp_fef06587fead,CONTROLLED,"land inside the Portuguese safe interior (v3); 19.18 of 19.18 km2 of the hex's canonical land, largest unioned share",UNRESOLVED,,promo_7c95358cf0a4,34.61,rev_fcb41db639f2,Portugal safe interior v3 from the 1751 Vaugondy sheets; positional uncertainty 12.33 km replaces 34.61 km,REVISED,promo_b68466ea22a9,12.33
TERRESTRIAL_HEX,h6000_q-000592_r+000890,sp_fef06587fead,CONTROLLED,"land inside the Portuguese safe interior (v3); 19.16 of 19.16 km2 of the hex's canonical land, largest unioned share",UNRESOLVED,,promo_7c95358cf0a4,34.61,rev_d6f0078546a2,Portugal safe interior v3 from the 1751 Vaugondy sheets; positional uncertainty 12.33 km replaces 34.61 km,REVISED,promo_b68466ea22a9,12.33
TERRESTRIAL_HEX,h6000_q-000592_r+000891,sp_fef06587fead,CONTROLLED,"land inside the Portuguese safe interior (v3); 19.14 of 19.14 km2 of the hex's canonical land, largest unioned share",UNRESOLVED,,promo_7c95358cf0a4,34.61,rev_e2ebf1100a7e,Portugal safe interior v3 from the 1751 Vaugondy sheets; positional uncertainty 12.33 km replaces 34.61 km,REVISED,promo_b68466ea22a9,12.33
TERRESTRIAL_HEX,h6000_q-000592_r+000892,sp_fef06587fead,CONTROLLED,"land inside the Portuguese safe interior (v3); 19.12 of 19.12 km2 of the hex's canonical land, largest unioned share",UNRESOLVED,,promo_7c95358cf0a4,34.61,rev_8972ff7a6bce,Portugal safe interior v3 from the 1751 Vaugondy sheets; positional uncertainty 12.33 km replaces 34.61 km,REVISED,promo_b68466ea22a9,12.33
TERRESTRIAL_HEX,h6000_q-000592_r+000893,sp_fef06587fead,CONTROLLED,"land inside the Portuguese safe interior (v3); 19.10 of 19.10 km2 of the hex's canonical land, largest unioned share",UNRESOLVED,,promo_7c95358cf0a4,34.61,rev_fc44ecb71b0c,Portugal safe interior v3 from the 1751 Vaugondy sheets; positional uncertainty 12.33 km replaces 34.61 km,REVISED,promo_b68466ea22a9,12.33
TERRESTRIAL_HEX,h6000_q-000592_r+000894,sp_fef06587fead,CONTROLLED,"land inside the Portuguese safe interior (v3); 19.08 of 19.08 km2 of the hex's canonical land, largest unioned share",UNRESOLVED,,promo_7c95358cf0a4,34.61,rev_8c5f5a2eccad,Portugal safe interior v3 from the 1751 Vaugondy sheets; positional uncertainty 12.33 km replaces 34.61 km,REVISED,promo_b68466ea22a9,12.33
TERRESTRIAL_HEX,h6000_q-000592_r+000895,sp_fef06587fead,CONTROLLED,"land inside the Portuguese safe interior (v3); 19.07 of 19.07 km2 of the hex's canonical land, largest unioned share",UNRESOLVED,,promo_7c95358cf0a4,34.61,rev_f0a537d4c286,Portugal safe interior v3 from the 1751 Vaugondy sheets; positional uncertainty 12.33 km replaces 34.61 km,REVISED,promo_b68466ea22a9,12.33
TERRESTRIAL_HEX,h6000_q-000592_r+000896,sp_fef06587fead,CONTROLLED,"land inside the Portuguese safe interior (v3); 19.05 of 19.05 km2 of the hex's canonical land, largest unioned share",UNRESOLVED,,promo_7c95358cf0a4,34.61,rev_c2602b62362b,Portugal safe interior v3 from the 1751 Vaugondy sheets; positional uncertainty 12.33 km replaces 34.61 km,REVISED,promo_b68466ea22a9,12.33
TERRESTRIAL_HEX,h6000_q-000592_r+000897,sp_fef06587fead,CONTROLLED,"land inside the Portuguese safe interior (v3); 19.03 of 19.03 km2 of the hex's canonical land, largest unioned share",UNRESOLVED,,promo_7c95358cf0a4,34.61,rev_ea3e3d3175c4,Portugal safe interior v3 from the 1751 Vaugondy sheets; positional uncertainty 12.33 km replaces 34.61 km,REVISED,promo_b68466ea22a9,12.33
TERRESTRIAL_HEX,h6000_q-000592_r+000898,sp_fef06587fead,CONTROLLED,"land inside the Portuguese safe interior (v3); 19.01 of 19.01 km2 of the hex's canonical land, largest unioned share",UNRESOLVED,,promo_7c95358cf0a4,34.61,rev_a995f80befe1,Portugal safe interior v3 from the 1751 Vaugondy sheets; positional uncertainty 12.33 km replaces 34.61 km,REVISED,promo_b68466ea22a9,12.33
TERRESTRIAL_HEX,h6000_q-000592_r+000899,sp_fef06587fead,CONTROLLED,"land inside the Portuguese safe interior (v3); 18.99 of 18.99 km2 of the hex's canonical land, largest unioned share",UNRESOLVED,,promo_7c95358cf0a4,34.61,rev_df937bb4648b,Portugal safe interior v3 from the 1751 Vaugondy sheets; positional uncertainty 12.33 km replaces 34.61 km,REVISED,promo_b68466ea22a9,12.33
TERRESTRIAL_HEX,h6000_q-000592_r+000900,sp_fef06587fead,CONTROLLED,"land inside the Portuguese safe interior (v3); 18.97 of 18.97 km2 of the hex's canonical land, largest unioned share",UNRESOLVED,,promo_7c95358cf0a4,34.61,rev_0e987e24f725,Portugal safe interior v3 from the 1751 Vaugondy sheets; positional uncertainty 12.33 km replaces 34.61 km,REVISED,promo_b68466ea22a9,12.33
TERRESTRIAL_HEX,h6000_q-000592_r+000901,sp_fef06587fead,CONTROLLED,"land inside the Portuguese safe interior (v3); 18.95 of 18.95 km2 of the hex's canonical land, largest unioned share",UNRESOLVED,,promo_7c95358cf0a4,34.61,rev_760b5323f6ac,Portugal safe interior v3 from the 1751 Vaugondy sheets; positional uncertainty 12.33 km replaces 34.61 km,REVISED,promo_b68466ea22a9,12.33
TERRESTRIAL_HEX,h6000_q-000592_r+000902,sp_fef06587fead,CONTROLLED,"land inside the Portuguese safe interior (v3); 18.93 of 18.93 km2 of the hex's canonical land, largest unioned share",UNRESOLVED,,promo_7c95358cf0a4,34.61,rev_4dc99dd431e1,Portugal safe interior v3 from the 1751 Vaugondy sheets; positional uncertainty 12.33 km replaces 34.61 km,REVISED,promo_b68466ea22a9,12.33
TERRESTRIAL_HEX,h6000_q-000592_r+000903,sp_fef06587fead,CONTROLLED,"land inside the Portuguese safe interior (v3); 18.91 of 18.91 km2 of the hex's canonical land, largest unioned share",UNRESOLVED,,promo_7c95358cf0a4,34.61,rev_aada3234c264,Portugal safe interior v3 from the 1751 Vaugondy sheets; positional uncertainty 12.33 km replaces 34.61 km,REVISED,promo_b68466ea22a9,12.33
TERRESTRIAL_HEX,h6000_q-000592_r+000904,sp_fef06587fead,CONTROLLED,"land inside the Portuguese safe interior (v2+v3); 18.89 of 18.89 km2 of the hex's canonical land, largest unioned share",UNRESOLVED,,promo_7c95358cf0a4,34.61,rev_1bc185899a83,Portugal safe interior v3 from the 1751 Vaugondy sheets; positional uncertainty 12.33 km replaces 34.61 km,REVISED,promo_b68466ea22a9,12.33
TERRESTRIAL_HEX,h6000_q-000592_r+000905,sp_fef06587fead,CONTROLLED,"land inside the Portuguese safe interior (v2+v3); 18.87 of 18.87 km2 of the hex's canonical land, largest unioned share",UNRESOLVED,,promo_7c95358cf0a4,34.61,rev_ef95da57e88c,Portugal safe interior v3 from the 1751 Vaugondy sheets; positional uncertainty 12.33 km replaces 34.61 km,REVISED,promo_b68466ea22a9,12.33
TERRESTRIAL_HEX,h6000_q-000592_r+000907,sp_fef06587fead,CONTROLLED,"land inside the Portuguese safe interior (v2+v3); 18.84 of 18.84 km2 of the hex's canonical land, largest unioned share",UNRESOLVED,,promo_7c95358cf0a4,34.61,rev_3395391ca953,Portugal safe interior v3 from the 1751 Vaugondy sheets; positional uncertainty 12.33 km replaces 34.61 km,REVISED,promo_b68466ea22a9,12.33
TERRESTRIAL_HEX,h6000_q-000592_r+000908,sp_fef06587fead,CONTROLLED,"land inside the Portuguese safe interior (v3); 18.82 of 18.82 km2 of the hex's canonical land, largest unioned share",UNRESOLVED,,promo_7c95358cf0a4,34.61,rev_e71d19c725c2,Portugal safe interior v3 from the 1751 Vaugondy sheets; positional uncertainty 12.33 km replaces 34.61 km,REVISED,promo_b68466ea22a9,12.33
TERRESTRIAL_HEX,h6000_q-000592_r+000909,sp_fef06587fead,CONTROLLED,"land inside the Portuguese safe interior (v3); 18.80 of 18.80 km2 of the hex's canonical land, largest unioned share",UNRESOLVED,,promo_7c95358cf0a4,34.61,rev_c0b7d14523c4,Portugal safe interior v3 from the 1751 Vaugondy sheets; positional uncertainty 12.33 km replaces 34.61 km,REVISED,promo_b68466ea22a9,12.33
TERRESTRIAL_HEX,h6000_q-000592_r+000910,sp_fef06587fead,CONTROLLED,"land inside the Portuguese safe interior (v3); 18.78 of 18.78 km2 of the hex's canonical land, largest unioned share",UNRESOLVED,,promo_7c95358cf0a4,34.61,rev_36c9fc21153b,Portugal safe interior v3 from the 1751 Vaugondy sheets; positional uncertainty 12.33 km replaces 34.61 km,REVISED,promo_b68466ea22a9,12.33
TERRESTRIAL_HEX,h6000_q-000592_r+000911,sp_fef06587fead,CONTROLLED,"land inside the Portuguese safe interior (v3); 18.76 of 18.76 km2 of the hex's canonical land, largest unioned share",UNRESOLVED,,promo_7c95358cf0a4,34.61,rev_6f2980d6be7e,Portugal safe interior v3 from the 1751 Vaugondy sheets; positional uncertainty 12.33 km replaces 34.61 km,REVISED,promo_b68466ea22a9,12.33
TERRESTRIAL_HEX,h6000_q-000592_r+000912,sp_fef06587fead,CONTROLLED,"land inside the Portuguese safe interior (v3); 14.91 of 18.74 km2 of the hex's canonical land, largest unioned share",UNRESOLVED,,promo_7c95358cf0a4,34.61,rev_d4eb33f44cbb,Portugal safe interior v3 from the 1751 Vaugondy sheets; positional uncertainty 12.33 km replaces 34.61 km,REVISED,promo_b68466ea22a9,12.33
TERRESTRIAL_HEX,h6000_q-000592_r+000913,sp_fef06587fead,CONTROLLED,"land inside the Portuguese safe interior (v3); 0.00 of 18.72 km2 of the hex's canonical land, largest unioned share",UNRESOLVED,,promo_7c95358cf0a4,34.61,rev_7297ff8306c2,Portugal safe interior v3 from the 1751 Vaugondy sheets; positional uncertainty 12.33 km replaces 34.61 km,REVISED,promo_b68466ea22a9,12.33
TERRESTRIAL_HEX,h6000_q-000593_r+000870,sp_fef06587fead,CONTROLLED,"land inside the Portuguese safe interior (v3); 12.17 of 19.55 km2 of the hex's canonical land, largest unioned share",UNRESOLVED,,promo_c1d69cca569e,34.61,rev_f1b055224c45,Portugal safe interior v3 from the 1751 Vaugondy sheets; positional uncertainty 12.33 km replaces 34.61 km,REVISED,promo_b68466ea22a9,12.33
TERRESTRIAL_HEX,h6000_q-000593_r+000871,sp_fef06587fead,CONTROLLED,"land inside the Portuguese safe interior (v3); 19.53 of 19.53 km2 of the hex's canonical land, largest unioned share",UNRESOLVED,,promo_c1d69cca569e,34.61,rev_8eb84ae31c93,Portugal safe interior v3 from the 1751 Vaugondy sheets; positional uncertainty 12.33 km replaces 34.61 km,REVISED,promo_b68466ea22a9,12.33
TERRESTRIAL_HEX,h6000_q-000593_r+000872,sp_fef06587fead,CONTROLLED,"land inside the Portuguese safe interior (v3); 19.51 of 19.51 km2 of the hex's canonical land, largest unioned share",UNRESOLVED,,promo_c1d69cca569e,34.61,rev_0e10f8a6a06e,Portugal safe interior v3 from the 1751 Vaugondy sheets; positional uncertainty 12.33 km replaces 34.61 km,REVISED,promo_b68466ea22a9,12.33
TERRESTRIAL_HEX,h6000_q-000593_r+000881,sp_fef06587fead,CONTROLLED,"land inside the Portuguese safe interior (v3); 19.33 of 19.33 km2 of the hex's canonical land, largest unioned share",UNRESOLVED,,promo_7c95358cf0a4,34.61,rev_a4b2bd6febb5,Portugal safe interior v3 from the 1751 Vaugondy sheets; positional uncertainty 12.33 km replaces 34.61 km,REVISED,promo_b68466ea22a9,12.33
TERRESTRIAL_HEX,h6000_q-000593_r+000882,sp_fef06587fead,CONTROLLED,"land inside the Portuguese safe interior (v3); 19.31 of 19.31 km2 of the hex's canonical land, largest unioned share",UNRESOLVED,,promo_7c95358cf0a4,34.61,rev_512b9d7104c6,Portugal safe interior v3 from the 1751 Vaugondy sheets; positional uncertainty 12.33 km replaces 34.61 km,REVISED,promo_b68466ea22a9,12.33
TERRESTRIAL_HEX,h6000_q-000593_r+000883,sp_fef06587fead,CONTROLLED,"land inside the Portuguese safe interior (v3); 19.30 of 19.30 km2 of the hex's canonical land, largest unioned share",UNRESOLVED,,promo_7c95358cf0a4,34.61,rev_ccacb40ad2f7,Portugal safe interior v3 from the 1751 Vaugondy sheets; positional uncertainty 12.33 km replaces 34.61 km,REVISED,promo_b68466ea22a9,12.33
TERRESTRIAL_HEX,h6000_q-000593_r+000884,sp_fef06587fead,CONTROLLED,"land inside the Portuguese safe interior (v3); 19.28 of 19.28 km2 of the hex's canonical land, largest unioned share",UNRESOLVED,,promo_7c95358cf0a4,34.61,rev_afe494901ff8,Portugal safe interior v3 from the 1751 Vaugondy sheets; positional uncertainty 12.33 km replaces 34.61 km,REVISED,promo_b68466ea22a9,12.33
TERRESTRIAL_HEX,h6000_q-000593_r+000885,sp_fef06587fead,CONTROLLED,"land inside the Portuguese safe interior (v3); 19.26 of 19.26 km2 of the hex's canonical land, largest unioned share",UNRESOLVED,,promo_7c95358cf0a4,34.61,rev_9978c2efb3ee,Portugal safe interior v3 from the 1751 Vaugondy sheets; positional uncertainty 12.33 km replaces 34.61 km,REVISED,promo_b68466ea22a9,12.33
TERRESTRIAL_HEX,h6000_q-000593_r+000886,sp_fef06587fead,CONTROLLED,"land inside the Portuguese safe interior (v3); 19.24 of 19.24 km2 of the hex's canonical land, largest unioned share",UNRESOLVED,,promo_7c95358cf0a4,34.61,rev_96d006d47d8c,Portugal safe interior v3 from the 1751 Vaugondy sheets; positional uncertainty 12.33 km replaces 34.61 km,REVISED,promo_b68466ea22a9,12.33
TERRESTRIAL_HEX,h6000_q-000593_r+000887,sp_fef06587fead,CONTROLLED,"land inside the Portuguese safe interior (v3); 19.22 of 19.22 km2 of the hex's canonical land, largest unioned share",UNRESOLVED,,promo_7c95358cf0a4,34.61,rev_a786053a3ec1,Portugal safe interior v3 from the 1751 Vaugondy sheets; positional uncertainty 12.33 km replaces 34.61 km,REVISED,promo_b68466ea22a9,12.33
TERRESTRIAL_HEX,h6000_q-000593_r+000888,sp_fef06587fead,CONTROLLED,"land inside the Portuguese safe interior (v3); 19.20 of 19.20 km2 of the hex's canonical land, largest unioned share",UNRESOLVED,,promo_7c95358cf0a4,34.61,rev_682c7aedd01d,Portugal safe interior v3 from the 1751 Vaugondy sheets; positional uncertainty 12.33 km replaces 34.61 km,REVISED,promo_b68466ea22a9,12.33
TERRESTRIAL_HEX,h6000_q-000593_r+000889,sp_fef06587fead,CONTROLLED,"land inside the Portuguese safe interior (v3); 19.18 of 19.18 km2 of the hex's canonical land, largest unioned share",UNRESOLVED,,promo_7c95358cf0a4,34.61,rev_2754ac48d879,Portugal safe interior v3 from the 1751 Vaugondy sheets; positional uncertainty 12.33 km replaces 34.61 km,REVISED,promo_b68466ea22a9,12.33
TERRESTRIAL_HEX,h6000_q-000593_r+000890,sp_fef06587fead,CONTROLLED,"land inside the Portuguese safe interior (v3); 19.16 of 19.16 km2 of the hex's canonical land, largest unioned share",UNRESOLVED,,promo_7c95358cf0a4,34.61,rev_7bffbeb2ec19,Portugal safe interior v3 from the 1751 Vaugondy sheets; positional uncertainty 12.33 km replaces 34.61 km,REVISED,promo_b68466ea22a9,12.33
TERRESTRIAL_HEX,h6000_q-000593_r+000891,sp_fef06587fead,CONTROLLED,"land inside the Portuguese safe interior (v3); 19.14 of 19.14 km2 of the hex's canonical land, largest unioned share",UNRESOLVED,,promo_7c95358cf0a4,34.61,rev_a2ba4a19a780,Portugal safe interior v3 from the 1751 Vaugondy sheets; positional uncertainty 12.33 km replaces 34.61 km,REVISED,promo_b68466ea22a9,12.33
TERRESTRIAL_HEX,h6000_q-000593_r+000892,sp_fef06587fead,CONTROLLED,"land inside the Portuguese safe interior (v3); 19.12 of 19.12 km2 of the hex's canonical land, largest unioned share",UNRESOLVED,,promo_7c95358cf0a4,34.61,rev_69ae53c2e776,Portugal safe interior v3 from the 1751 Vaugondy sheets; positional uncertainty 12.33 km replaces 34.61 km,REVISED,promo_b68466ea22a9,12.33
TERRESTRIAL_HEX,h6000_q-000593_r+000893,sp_fef06587fead,CONTROLLED,"land inside the Portuguese safe interior (v3); 19.10 of 19.10 km2 of the hex's canonical land, largest unioned share",UNRESOLVED,,promo_7c95358cf0a4,34.61,rev_aabafd87430c,Portugal safe interior v3 from the 1751 Vaugondy sheets; positional uncertainty 12.33 km replaces 34.61 km,REVISED,promo_b68466ea22a9,12.33
TERRESTRIAL_HEX,h6000_q-000593_r+000894,sp_fef06587fead,CONTROLLED,"land inside the Portuguese safe interior (v3); 19.08 of 19.08 km2 of the hex's canonical land, largest unioned share",UNRESOLVED,,promo_7c95358cf0a4,34.61,rev_7c70eb094d6a,Portugal safe interior v3 from the 1751 Vaugondy sheets; positional uncertainty 12.33 km replaces 34.61 km,REVISED,promo_b68466ea22a9,12.33
TERRESTRIAL_HEX,h6000_q-000593_r+000895,sp_fef06587fead,CONTROLLED,"land inside the Portuguese safe interior (v3); 19.07 of 19.07 km2 of the hex's canonical land, largest unioned share",UNRESOLVED,,promo_7c95358cf0a4,34.61,rev_9e55cebb85e4,Portugal safe interior v3 from the 1751 Vaugondy sheets; positional uncertainty 12.33 km replaces 34.61 km,REVISED,promo_b68466ea22a9,12.33
TERRESTRIAL_HEX,h6000_q-000593_r+000896,sp_fef06587fead,CONTROLLED,"land inside the Portuguese safe interior (v3); 19.05 of 19.05 km2 of the hex's canonical land, largest unioned share",UNRESOLVED,,promo_7c95358cf0a4,34.61,rev_8730b709da12,Portugal safe interior v3 from the 1751 Vaugondy sheets; positional uncertainty 12.33 km replaces 34.61 km,REVISED,promo_b68466ea22a9,12.33
TERRESTRIAL_HEX,h6000_q-000593_r+000897,sp_fef06587fead,CONTROLLED,"land inside the Portuguese safe interior (v3); 19.03 of 19.03 km2 of the hex's canonical land, largest unioned share",UNRESOLVED,,promo_7c95358cf0a4,34.61,rev_4ce667f9e4e7,Portugal safe interior v3 from the 1751 Vaugondy sheets; positional uncertainty 12.33 km replaces 34.61 km,REVISED,promo_b68466ea22a9,12.33
TERRESTRIAL_HEX,h6000_q-000593_r+000898,sp_fef06587fead,CONTROLLED,"land inside the Portuguese safe interior (v3); 19.01 of 19.01 km2 of the hex's canonical land, largest unioned share",UNRESOLVED,,promo_7c95358cf0a4,34.61,rev_c74050f01f12,Portugal safe interior v3 from the 1751 Vaugondy sheets; positional uncertainty 12.33 km replaces 34.61 km,REVISED,promo_b68466ea22a9,12.33
TERRESTRIAL_HEX,h6000_q-000593_r+000899,sp_fef06587fead,CONTROLLED,"land inside the Portuguese safe interior (v3); 18.99 of 18.99 km2 of the hex's canonical land, largest unioned share",UNRESOLVED,,promo_7c95358cf0a4,34.61,rev_5f031d0c338f,Portugal safe interior v3 from the 1751 Vaugondy sheets; positional uncertainty 12.33 km replaces 34.61 km,REVISED,promo_b68466ea22a9,12.33
TERRESTRIAL_HEX,h6000_q-000593_r+000900,sp_fef06587fead,CONTROLLED,"land inside the Portuguese safe interior (v3); 18.97 of 18.97 km2 of the hex's canonical land, largest unioned share",UNRESOLVED,,promo_7c95358cf0a4,34.61,rev_32b0078b84a7,Portugal safe interior v3 from the 1751 Vaugondy sheets; positional uncertainty 12.33 km replaces 34.61 km,REVISED,promo_b68466ea22a9,12.33
TERRESTRIAL_HEX,h6000_q-000593_r+000901,sp_fef06587fead,CONTROLLED,"land inside the Portuguese safe interior (v3); 18.95 of 18.95 km2 of the hex's canonical land, largest unioned share",UNRESOLVED,,promo_7c95358cf0a4,34.61,rev_05f2585208f1,Portugal safe interior v3 from the 1751 Vaugondy sheets; positional uncertainty 12.33 km replaces 34.61 km,REVISED,promo_b68466ea22a9,12.33
TERRESTRIAL_HEX,h6000_q-000593_r+000902,sp_fef06587fead,CONTROLLED,"land inside the Portuguese safe interior (v3); 18.93 of 18.93 km2 of the hex's canonical land, largest unioned share",UNRESOLVED,,promo_7c95358cf0a4,34.61,rev_d4a5ec605130,Portugal safe interior v3 from the 1751 Vaugondy sheets; positional uncertainty 12.33 km replaces 34.61 km,REVISED,promo_b68466ea22a9,12.33
TERRESTRIAL_HEX,h6000_q-000593_r+000903,sp_fef06587fead,CONTROLLED,"land inside the Portuguese safe interior (v2+v3); 18.91 of 18.91 km2 of the hex's canonical land, largest unioned share",UNRESOLVED,,promo_7c95358cf0a4,34.61,rev_edf2498cb28b,Portugal safe interior v3 from the 1751 Vaugondy sheets; positional uncertainty 12.33 km replaces 34.61 km,REVISED,promo_b68466ea22a9,12.33
TERRESTRIAL_HEX,h6000_q-000593_r+000904,sp_fef06587fead,CONTROLLED,"land inside the Portuguese safe interior (v2+v3); 18.89 of 18.89 km2 of the hex's canonical land, largest unioned share",UNRESOLVED,,promo_7c95358cf0a4,34.61,rev_346d461babea,Portugal safe interior v3 from the 1751 Vaugondy sheets; positional uncertainty 12.33 km replaces 34.61 km,REVISED,promo_b68466ea22a9,12.33
TERRESTRIAL_HEX,h6000_q-000593_r+000908,sp_fef06587fead,CONTROLLED,"land inside the Portuguese safe interior (v2+v3); 18.82 of 18.82 km2 of the hex's canonical land, largest unioned share",UNRESOLVED,,promo_7c95358cf0a4,34.61,rev_f67b4ac27a70,Portugal safe interior v3 from the 1751 Vaugondy sheets; positional uncertainty 12.33 km replaces 34.61 km,REVISED,promo_b68466ea22a9,12.33
TERRESTRIAL_HEX,h6000_q-000593_r+000909,sp_fef06587fead,CONTROLLED,"land inside the Portuguese safe interior (v3); 18.80 of 18.80 km2 of the hex's canonical land, largest unioned share",UNRESOLVED,,promo_7c95358cf0a4,34.61,rev_1cb7074b56ca,Portugal safe interior v3 from the 1751 Vaugondy sheets; positional uncertainty 12.33 km replaces 34.61 km,REVISED,promo_b68466ea22a9,12.33
TERRESTRIAL_HEX,h6000_q-000593_r+000910,sp_fef06587fead,CONTROLLED,"land inside the Portuguese safe interior (v3); 18.78 of 18.78 km2 of the hex's canonical land, largest unioned share",UNRESOLVED,,promo_7c95358cf0a4,34.61,rev_bfe53c16cf58,Portugal safe interior v3 from the 1751 Vaugondy sheets; positional uncertainty 12.33 km replaces 34.61 km,REVISED,promo_b68466ea22a9,12.33
TERRESTRIAL_HEX,h6000_q-000593_r+000911,sp_fef06587fead,CONTROLLED,"land inside the Portuguese safe interior (v3); 18.76 of 18.76 km2 of the hex's canonical land, largest unioned share",UNRESOLVED,,promo_7c95358cf0a4,34.61,rev_b31c7f40373f,Portugal safe interior v3 from the 1751 Vaugondy sheets; positional uncertainty 12.33 km replaces 34.61 km,REVISED,promo_b68466ea22a9,12.33
TERRESTRIAL_HEX,h6000_q-000593_r+000912,sp_fef06587fead,CONTROLLED,"land inside the Portuguese safe interior (v3); 18.74 of 18.74 km2 of the hex's canonical land, largest unioned share",UNRESOLVED,,promo_7c95358cf0a4,34.61,rev_920d5f72bc20,Portugal safe interior v3 from the 1751 Vaugondy sheets; positional uncertainty 12.33 km replaces 34.61 km,REVISED,promo_b68466ea22a9,12.33
TERRESTRIAL_HEX,h6000_q-000593_r+000913,sp_fef06587fead,CONTROLLED,"land inside the Portuguese safe interior (v3); 15.22 of 18.72 km2 of the hex's canonical land, largest unioned share",UNRESOLVED,,promo_7c95358cf0a4,34.61,rev_0e7106e2a6bb,Portugal safe interior v3 from the 1751 Vaugondy sheets; positional uncertainty 12.33 km replaces 34.61 km,REVISED,promo_b68466ea22a9,12.33
TERRESTRIAL_HEX,h6000_q-000594_r+000871,sp_fef06587fead,CONTROLLED,"land inside the Portuguese safe interior (v3); 3.48 of 19.53 km2 of the hex's canonical land, largest unioned share",UNRESOLVED,,promo_c1d69cca569e,34.61,rev_df3769ebefd6,Portugal safe interior v3 from the 1751 Vaugondy sheets; positional uncertainty 12.33 km replaces 34.61 km,REVISED,promo_b68466ea22a9,12.33
TERRESTRIAL_HEX,h6000_q-000594_r+000872,sp_fef06587fead,CONTROLLED,"land inside the Portuguese safe interior (v3); 12.56 of 19.51 km2 of the hex's canonical land, largest unioned share",UNRESOLVED,,promo_c1d69cca569e,34.61,rev_b3f20aa9b914,Portugal safe interior v3 from the 1751 Vaugondy sheets; positional uncertainty 12.33 km replaces 34.61 km,REVISED,promo_b68466ea22a9,12.33
TERRESTRIAL_HEX,h6000_q-000594_r+000873,sp_fef06587fead,CONTROLLED,"land inside the Portuguese safe interior (v3); 19.49 of 19.49 km2 of the hex's canonical land, largest unioned share",UNRESOLVED,,promo_c1d69cca569e,34.61,rev_8e94f8dedc4d,Portugal safe interior v3 from the 1751 Vaugondy sheets; positional uncertainty 12.33 km replaces 34.61 km,REVISED,promo_b68466ea22a9,12.33
TERRESTRIAL_HEX,h6000_q-000594_r+000884,sp_fef06587fead,CONTROLLED,"land inside the Portuguese safe interior (v3); 19.28 of 19.28 km2 of the hex's canonical land, largest unioned share",UNRESOLVED,,promo_7c95358cf0a4,34.61,rev_56eabdd1391a,Portugal safe interior v3 from the 1751 Vaugondy sheets; positional uncertainty 12.33 km replaces 34.61 km,REVISED,promo_b68466ea22a9,12.33
TERRESTRIAL_HEX,h6000_q-000594_r+000887,sp_fef06587fead,CONTROLLED,"land inside the Portuguese safe interior (v3); 19.22 of 19.22 km2 of the hex's canonical land, largest unioned share",UNRESOLVED,,promo_7c95358cf0a4,34.61,rev_3ae86dacba71,Portugal safe interior v3 from the 1751 Vaugondy sheets; positional uncertainty 12.33 km replaces 34.61 km,REVISED,promo_b68466ea22a9,12.33
TERRESTRIAL_HEX,h6000_q-000594_r+000888,sp_fef06587fead,CONTROLLED,"land inside the Portuguese safe interior (v3); 19.20 of 19.20 km2 of the hex's canonical land, largest unioned share",UNRESOLVED,,promo_7c95358cf0a4,34.61,rev_0efbc943d0d4,Portugal safe interior v3 from the 1751 Vaugondy sheets; positional uncertainty 12.33 km replaces 34.61 km,REVISED,promo_b68466ea22a9,12.33
TERRESTRIAL_HEX,h6000_q-000594_r+000889,sp_fef06587fead,CONTROLLED,"land inside the Portuguese safe interior (v3); 19.18 of 19.18 km2 of the hex's canonical land, largest unioned share",UNRESOLVED,,promo_7c95358cf0a4,34.61,rev_6bb008e4bc4f,Portugal safe interior v3 from the 1751 Vaugondy sheets; positional uncertainty 12.33 km replaces 34.61 km,REVISED,promo_b68466ea22a9,12.33
TERRESTRIAL_HEX,h6000_q-000594_r+000890,sp_fef06587fead,CONTROLLED,"land inside the Portuguese safe interior (v3); 19.16 of 19.16 km2 of the hex's canonical land, largest unioned share",UNRESOLVED,,promo_7c95358cf0a4,34.61,rev_b3021a9cfcc9,Portugal safe interior v3 from the 1751 Vaugondy sheets; positional uncertainty 12.33 km replaces 34.61 km,REVISED,promo_b68466ea22a9,12.33
TERRESTRIAL_HEX,h6000_q-000594_r+000891,sp_fef06587fead,CONTROLLED,"land inside the Portuguese safe interior (v3); 19.14 of 19.14 km2 of the hex's canonical land, largest unioned share",UNRESOLVED,,promo_7c95358cf0a4,34.61,rev_cf4b0bd9db3a,Portugal safe interior v3 from the 1751 Vaugondy sheets; positional uncertainty 12.33 km replaces 34.61 km,REVISED,promo_b68466ea22a9,12.33
TERRESTRIAL_HEX,h6000_q-000594_r+000892,sp_fef06587fead,CONTROLLED,"land inside the Portuguese safe interior (v3); 19.12 of 19.12 km2 of the hex's canonical land, largest unioned share",UNRESOLVED,,promo_7c95358cf0a4,34.61,rev_402b58d82432,Portugal safe interior v3 from the 1751 Vaugondy sheets; positional uncertainty 12.33 km replaces 34.61 km,REVISED,promo_b68466ea22a9,12.33
TERRESTRIAL_HEX,h6000_q-000594_r+000896,sp_fef06587fead,CONTROLLED,"land inside the Portuguese safe interior (v3); 19.05 of 19.05 km2 of the hex's canonical land, largest unioned share",UNRESOLVED,,promo_7c95358cf0a4,34.61,rev_18d4a50ce2de,Portugal safe interior v3 from the 1751 Vaugondy sheets; positional uncertainty 12.33 km replaces 34.61 km,REVISED,promo_b68466ea22a9,12.33
TERRESTRIAL_HEX,h6000_q-000594_r+000897,sp_fef06587fead,CONTROLLED,"land inside the Portuguese safe interior (v3); 19.03 of 19.03 km2 of the hex's canonical land, largest unioned share",UNRESOLVED,,promo_7c95358cf0a4,34.61,rev_f7a99f1abe5c,Portugal safe interior v3 from the 1751 Vaugondy sheets; positional uncertainty 12.33 km replaces 34.61 km,REVISED,promo_b68466ea22a9,12.33
TERRESTRIAL_HEX,h6000_q-000594_r+000898,sp_fef06587fead,CONTROLLED,"land inside the Portuguese safe interior (v3); 19.01 of 19.01 km2 of the hex's canonical land, largest unioned share",UNRESOLVED,,promo_7c95358cf0a4,34.61,rev_121f35266ae8,Portugal safe interior v3 from the 1751 Vaugondy sheets; positional uncertainty 12.33 km replaces 34.61 km,REVISED,promo_b68466ea22a9,12.33
TERRESTRIAL_HEX,h6000_q-000594_r+000899,sp_fef06587fead,CONTROLLED,"land inside the Portuguese safe interior (v3); 18.99 of 18.99 km2 of the hex's canonical land, largest unioned share",UNRESOLVED,,promo_7c95358cf0a4,34.61,rev_f841f144af14,Portugal safe interior v3 from the 1751 Vaugondy sheets; positional uncertainty 12.33 km replaces 34.61 km,REVISED,promo_b68466ea22a9,12.33
TERRESTRIAL_HEX,h6000_q-000594_r+000900,sp_fef06587fead,CONTROLLED,"land inside the Portuguese safe interior (v3); 18.97 of 18.97 km2 of the hex's canonical land, largest unioned share",UNRESOLVED,,promo_7c95358cf0a4,34.61,rev_12d6f15cf309,Portugal safe interior v3 from the 1751 Vaugondy sheets; positional uncertainty 12.33 km replaces 34.61 km,REVISED,promo_b68466ea22a9,12.33
TERRESTRIAL_HEX,h6000_q-000594_r+000901,sp_fef06587fead,CONTROLLED,"land inside the Portuguese safe interior (v3); 18.95 of 18.95 km2 of the hex's canonical land, largest unioned share",UNRESOLVED,,promo_7c95358cf0a4,34.61,rev_db17f8ab4670,Portugal safe interior v3 from the 1751 Vaugondy sheets; positional uncertainty 12.33 km replaces 34.61 km,REVISED,promo_b68466ea22a9,12.33
TERRESTRIAL_HEX,h6000_q-000594_r+000902,sp_fef06587fead,CONTROLLED,"land inside the Portuguese safe interior (v3); 18.93 of 18.93 km2 of the hex's canonical land, largest unioned share",UNRESOLVED,,promo_7c95358cf0a4,34.61,rev_10af8e03199f,Portugal safe interior v3 from the 1751 Vaugondy sheets; positional uncertainty 12.33 km replaces 34.61 km,REVISED,promo_b68466ea22a9,12.33
TERRESTRIAL_HEX,h6000_q-000594_r+000903,sp_fef06587fead,CONTROLLED,"land inside the Portuguese safe interior (v2+v3); 18.91 of 18.91 km2 of the hex's canonical land, largest unioned share",UNRESOLVED,,promo_7c95358cf0a4,34.61,rev_614555d1ab00,Portugal safe interior v3 from the 1751 Vaugondy sheets; positional uncertainty 12.33 km replaces 34.61 km,REVISED,promo_b68466ea22a9,12.33
TERRESTRIAL_HEX,h6000_q-000594_r+000908,sp_fef06587fead,CONTROLLED,"land inside the Portuguese safe interior (v2+v3); 18.82 of 18.82 km2 of the hex's canonical land, largest unioned share",UNRESOLVED,,promo_7c95358cf0a4,34.61,rev_5a0f73e39a23,Portugal safe interior v3 from the 1751 Vaugondy sheets; positional uncertainty 12.33 km replaces 34.61 km,REVISED,promo_b68466ea22a9,12.33
TERRESTRIAL_HEX,h6000_q-000594_r+000909,sp_fef06587fead,CONTROLLED,"land inside the Portuguese safe interior (v2+v3); 18.80 of 18.80 km2 of the hex's canonical land, largest unioned share",UNRESOLVED,,promo_7c95358cf0a4,34.61,rev_7bee20e9a319,Portugal safe interior v3 from the 1751 Vaugondy sheets; positional uncertainty 12.33 km replaces 34.61 km,REVISED,promo_b68466ea22a9,12.33
TERRESTRIAL_HEX,h6000_q-000594_r+000910,sp_fef06587fead,CONTROLLED,"land inside the Portuguese safe interior (v3); 18.78 of 18.78 km2 of the hex's canonical land, largest unioned share",UNRESOLVED,,promo_7c95358cf0a4,34.61,rev_6c4f33c4ae4c,Portugal safe interior v3 from the 1751 Vaugondy sheets; positional uncertainty 12.33 km replaces 34.61 km,REVISED,promo_b68466ea22a9,12.33
TERRESTRIAL_HEX,h6000_q-000594_r+000911,sp_fef06587fead,CONTROLLED,"land inside the Portuguese safe interior (v3); 18.76 of 18.76 km2 of the hex's canonical land, largest unioned share",UNRESOLVED,,promo_7c95358cf0a4,34.61,rev_fbf2878760ca,Portugal safe interior v3 from the 1751 Vaugondy sheets; positional uncertainty 12.33 km replaces 34.61 km,REVISED,promo_b68466ea22a9,12.33
TERRESTRIAL_HEX,h6000_q-000594_r+000912,sp_fef06587fead,CONTROLLED,"land inside the Portuguese safe interior (v3); 18.74 of 18.74 km2 of the hex's canonical land, largest unioned share",UNRESOLVED,,promo_7c95358cf0a4,34.61,rev_2509137f6ac7,Portugal safe interior v3 from the 1751 Vaugondy sheets; positional uncertainty 12.33 km replaces 34.61 km,REVISED,promo_b68466ea22a9,12.33
TERRESTRIAL_HEX,h6000_q-000594_r+000913,sp_fef06587fead,CONTROLLED,"land inside the Portuguese safe interior (v3); 18.72 of 18.72 km2 of the hex's canonical land, largest unioned share",UNRESOLVED,,promo_7c95358cf0a4,34.61,rev_ff9d680be7f0,Portugal safe interior v3 from the 1751 Vaugondy sheets; positional uncertainty 12.33 km replaces 34.61 km,REVISED,promo_b68466ea22a9,12.33
TERRESTRIAL_HEX,h6000_q-000594_r+000914,sp_fef06587fead,CONTROLLED,"land inside the Portuguese safe interior (v3); 15.36 of 18.70 km2 of the hex's canonical land, largest unioned share",UNRESOLVED,,promo_7c95358cf0a4,34.61,rev_9cd4529cd288,Portugal safe interior v3 from the 1751 Vaugondy sheets; positional uncertainty 12.33 km replaces 34.61 km,REVISED,promo_b68466ea22a9,12.33
TERRESTRIAL_HEX,h6000_q-000595_r+000873,sp_fef06587fead,CONTROLLED,"land inside the Portuguese safe interior (v3); 2.70 of 19.49 km2 of the hex's canonical land, largest unioned share",UNRESOLVED,,promo_c1d69cca569e,34.61,rev_e94cc4f2b722,Portugal safe interior v3 from the 1751 Vaugondy sheets; positional uncertainty 12.33 km replaces 34.61 km,REVISED,promo_b68466ea22a9,12.33
TERRESTRIAL_HEX,h6000_q-000595_r+000874,sp_fef06587fead,CONTROLLED,"land inside the Portuguese safe interior (v3); 18.56 of 19.47 km2 of the hex's canonical land, largest unioned share",UNRESOLVED,,promo_c1d69cca569e,34.61,rev_385f5131014e,Portugal safe interior v3 from the 1751 Vaugondy sheets; positional uncertainty 12.33 km replaces 34.61 km,REVISED,promo_b68466ea22a9,12.33
TERRESTRIAL_HEX,h6000_q-000595_r+000889,sp_fef06587fead,CONTROLLED,"land inside the Portuguese safe interior (v3); 19.18 of 19.18 km2 of the hex's canonical land, largest unioned share",UNRESOLVED,,promo_7c95358cf0a4,34.61,rev_93e7793e1db5,Portugal safe interior v3 from the 1751 Vaugondy sheets; positional uncertainty 12.33 km replaces 34.61 km,REVISED,promo_b68466ea22a9,12.33
TERRESTRIAL_HEX,h6000_q-000595_r+000890,sp_fef06587fead,CONTROLLED,"land inside the Portuguese safe interior (v3); 19.16 of 19.16 km2 of the hex's canonical land, largest unioned share",UNRESOLVED,,promo_7c95358cf0a4,34.61,rev_3d647bd80f56,Portugal safe interior v3 from the 1751 Vaugondy sheets; positional uncertainty 12.33 km replaces 34.61 km,REVISED,promo_b68466ea22a9,12.33
TERRESTRIAL_HEX,h6000_q-000595_r+000891,sp_fef06587fead,CONTROLLED,"land inside the Portuguese safe interior (v3); 19.14 of 19.14 km2 of the hex's canonical land, largest unioned share",UNRESOLVED,,promo_7c95358cf0a4,34.61,rev_a45a410e79ef,Portugal safe interior v3 from the 1751 Vaugondy sheets; positional uncertainty 12.33 km replaces 34.61 km,REVISED,promo_b68466ea22a9,12.33
TERRESTRIAL_HEX,h6000_q-000595_r+000892,sp_fef06587fead,CONTROLLED,"land inside the Portuguese safe interior (v3); 19.12 of 19.12 km2 of the hex's canonical land, largest unioned share",UNRESOLVED,,promo_7c95358cf0a4,34.61,rev_0da986f91ba9,Portugal safe interior v3 from the 1751 Vaugondy sheets; positional uncertainty 12.33 km replaces 34.61 km,REVISED,promo_b68466ea22a9,12.33
TERRESTRIAL_HEX,h6000_q-000595_r+000897,sp_fef06587fead,CONTROLLED,"land inside the Portuguese safe interior (v3); 19.03 of 19.03 km2 of the hex's canonical land, largest unioned share",UNRESOLVED,,promo_7c95358cf0a4,34.61,rev_913b4f57a77c,Portugal safe interior v3 from the 1751 Vaugondy sheets; positional uncertainty 12.33 km replaces 34.61 km,REVISED,promo_b68466ea22a9,12.33
TERRESTRIAL_HEX,h6000_q-000595_r+000898,sp_fef06587fead,CONTROLLED,"land inside the Portuguese safe interior (v3); 19.01 of 19.01 km2 of the hex's canonical land, largest unioned share",UNRESOLVED,,promo_7c95358cf0a4,34.61,rev_60731b737b52,Portugal safe interior v3 from the 1751 Vaugondy sheets; positional uncertainty 12.33 km replaces 34.61 km,REVISED,promo_b68466ea22a9,12.33
TERRESTRIAL_HEX,h6000_q-000595_r+000899,sp_fef06587fead,CONTROLLED,"land inside the Portuguese safe interior (v3); 18.99 of 18.99 km2 of the hex's canonical land, largest unioned share",UNRESOLVED,,promo_7c95358cf0a4,34.61,rev_ed4f41d7ba93,Portugal safe interior v3 from the 1751 Vaugondy sheets; positional uncertainty 12.33 km replaces 34.61 km,REVISED,promo_b68466ea22a9,12.33
TERRESTRIAL_HEX,h6000_q-000595_r+000900,sp_fef06587fead,CONTROLLED,"land inside the Portuguese safe interior (v3); 18.97 of 18.97 km2 of the hex's canonical land, largest unioned share",UNRESOLVED,,promo_7c95358cf0a4,34.61,rev_0911ba7cf4ab,Portugal safe interior v3 from the 1751 Vaugondy sheets; positional uncertainty 12.33 km replaces 34.61 km,REVISED,promo_b68466ea22a9,12.33
TERRESTRIAL_HEX,h6000_q-000595_r+000901,sp_fef06587fead,CONTROLLED,"land inside the Portuguese safe interior (v3); 18.95 of 18.95 km2 of the hex's canonical land, largest unioned share",UNRESOLVED,,promo_7c95358cf0a4,34.61,rev_fb070a8bf55d,Portugal safe interior v3 from the 1751 Vaugondy sheets; positional uncertainty 12.33 km replaces 34.61 km,REVISED,promo_b68466ea22a9,12.33
TERRESTRIAL_HEX,h6000_q-000595_r+000902,sp_fef06587fead,CONTROLLED,"land inside the Portuguese safe interior (v3); 18.93 of 18.93 km2 of the hex's canonical land, largest unioned share",UNRESOLVED,,promo_7c95358cf0a4,34.61,rev_4d3f840bc0e6,Portugal safe interior v3 from the 1751 Vaugondy sheets; positional uncertainty 12.33 km replaces 34.61 km,REVISED,promo_b68466ea22a9,12.33
TERRESTRIAL_HEX,h6000_q-000595_r+000903,sp_fef06587fead,CONTROLLED,"land inside the Portuguese safe interior (v3); 18.91 of 18.91 km2 of the hex's canonical land, largest unioned share",UNRESOLVED,,promo_7c95358cf0a4,34.61,rev_7d7bbc519407,Portugal safe interior v3 from the 1751 Vaugondy sheets; positional uncertainty 12.33 km replaces 34.61 km,REVISED,promo_b68466ea22a9,12.33
TERRESTRIAL_HEX,h6000_q-000595_r+000904,sp_fef06587fead,CONTROLLED,"land inside the Portuguese safe interior (v2+v3); 18.89 of 18.89 km2 of the hex's canonical land, largest unioned share",UNRESOLVED,,promo_7c95358cf0a4,34.61,rev_05f1ce1e126e,Portugal safe interior v3 from the 1751 Vaugondy sheets; positional uncertainty 12.33 km replaces 34.61 km,REVISED,promo_b68466ea22a9,12.33
TERRESTRIAL_HEX,h6000_q-000595_r+000908,sp_fef06587fead,CONTROLLED,"land inside the Portuguese safe interior (v2+v3); 18.82 of 18.82 km2 of the hex's canonical land, largest unioned share",UNRESOLVED,,promo_7c95358cf0a4,34.61,rev_4154d1b0cb07,Portugal safe interior v3 from the 1751 Vaugondy sheets; positional uncertainty 12.33 km replaces 34.61 km,REVISED,promo_b68466ea22a9,12.33
TERRESTRIAL_HEX,h6000_q-000595_r+000909,sp_fef06587fead,CONTROLLED,"land inside the Portuguese safe interior (v3); 18.80 of 18.80 km2 of the hex's canonical land, largest unioned share",UNRESOLVED,,promo_7c95358cf0a4,34.61,rev_e81c60f8c29e,Portugal safe interior v3 from the 1751 Vaugondy sheets; positional uncertainty 12.33 km replaces 34.61 km,REVISED,promo_b68466ea22a9,12.33
TERRESTRIAL_HEX,h6000_q-000595_r+000910,sp_fef06587fead,CONTROLLED,"land inside the Portuguese safe interior (v3); 18.78 of 18.78 km2 of the hex's canonical land, largest unioned share",UNRESOLVED,,promo_7c95358cf0a4,34.61,rev_4c7c7230a3ca,Portugal safe interior v3 from the 1751 Vaugondy sheets; positional uncertainty 12.33 km replaces 34.61 km,REVISED,promo_b68466ea22a9,12.33
TERRESTRIAL_HEX,h6000_q-000595_r+000911,sp_fef06587fead,CONTROLLED,"land inside the Portuguese safe interior (v3); 18.76 of 18.76 km2 of the hex's canonical land, largest unioned share",UNRESOLVED,,promo_7c95358cf0a4,34.61,rev_28ab3add3687,Portugal safe interior v3 from the 1751 Vaugondy sheets; positional uncertainty 12.33 km replaces 34.61 km,REVISED,promo_b68466ea22a9,12.33
TERRESTRIAL_HEX,h6000_q-000595_r+000912,sp_fef06587fead,CONTROLLED,"land inside the Portuguese safe interior (v3); 18.74 of 18.74 km2 of the hex's canonical land, largest unioned share",UNRESOLVED,,promo_7c95358cf0a4,34.61,rev_4323b307a1a1,Portugal safe interior v3 from the 1751 Vaugondy sheets; positional uncertainty 12.33 km replaces 34.61 km,REVISED,promo_b68466ea22a9,12.33
TERRESTRIAL_HEX,h6000_q-000595_r+000913,sp_fef06587fead,CONTROLLED,"land inside the Portuguese safe interior (v3); 18.72 of 18.72 km2 of the hex's canonical land, largest unioned share",UNRESOLVED,,promo_7c95358cf0a4,34.61,rev_a260852118a2,Portugal safe interior v3 from the 1751 Vaugondy sheets; positional uncertainty 12.33 km replaces 34.61 km,REVISED,promo_b68466ea22a9,12.33
TERRESTRIAL_HEX,h6000_q-000595_r+000914,sp_fef06587fead,CONTROLLED,"land inside the Portuguese safe interior (v3); 18.70 of 18.70 km2 of the hex's canonical land, largest unioned share",UNRESOLVED,,promo_7c95358cf0a4,34.61,rev_da4285eaefa2,Portugal safe interior v3 from the 1751 Vaugondy sheets; positional uncertainty 12.33 km replaces 34.61 km,REVISED,promo_b68466ea22a9,12.33
TERRESTRIAL_HEX,h6000_q-000595_r+000915,sp_fef06587fead,CONTROLLED,"land inside the Portuguese safe interior (v3); 15.95 of 18.68 km2 of the hex's canonical land, largest unioned share",UNRESOLVED,,promo_7c95358cf0a4,34.61,rev_2a25d19000db,Portugal safe interior v3 from the 1751 Vaugondy sheets; positional uncertainty 12.33 km replaces 34.61 km,REVISED,promo_b68466ea22a9,12.33
TERRESTRIAL_HEX,h6000_q-000595_r+000916,sp_fef06587fead,CONTROLLED,"land inside the Portuguese safe interior (v3); 0.34 of 18.66 km2 of the hex's canonical land, largest unioned share",UNRESOLVED,,promo_7c95358cf0a4,34.61,rev_600836de9db8,Portugal safe interior v3 from the 1751 Vaugondy sheets; positional uncertainty 12.33 km replaces 34.61 km,REVISED,promo_b68466ea22a9,12.33
TERRESTRIAL_HEX,h6000_q-000596_r+000874,sp_fef06587fead,CONTROLLED,"land inside the Portuguese safe interior (v3); 0.52 of 19.47 km2 of the hex's canonical land, largest unioned share",UNRESOLVED,,promo_c1d69cca569e,34.61,rev_843e7387a4ba,Portugal safe interior v3 from the 1751 Vaugondy sheets; positional uncertainty 12.33 km replaces 34.61 km,REVISED,promo_b68466ea22a9,12.33
TERRESTRIAL_HEX,h6000_q-000596_r+000890,sp_fef06587fead,CONTROLLED,"land inside the Portuguese safe interior (v3); 19.16 of 19.16 km2 of the hex's canonical land, largest unioned share",UNRESOLVED,,promo_7c95358cf0a4,34.61,rev_67da27ddc031,Portugal safe interior v3 from the 1751 Vaugondy sheets; positional uncertainty 12.33 km replaces 34.61 km,REVISED,promo_b68466ea22a9,12.33
TERRESTRIAL_HEX,h6000_q-000596_r+000891,sp_fef06587fead,CONTROLLED,"land inside the Portuguese safe interior (v3); 19.14 of 19.14 km2 of the hex's canonical land, largest unioned share",UNRESOLVED,,promo_7c95358cf0a4,34.61,rev_9c372d4a858d,Portugal safe interior v3 from the 1751 Vaugondy sheets; positional uncertainty 12.33 km replaces 34.61 km,REVISED,promo_b68466ea22a9,12.33
TERRESTRIAL_HEX,h6000_q-000596_r+000892,sp_fef06587fead,CONTROLLED,"land inside the Portuguese safe interior (v3); 19.12 of 19.12 km2 of the hex's canonical land, largest unioned share",UNRESOLVED,,promo_7c95358cf0a4,34.61,rev_307dbc299814,Portugal safe interior v3 from the 1751 Vaugondy sheets; positional uncertainty 12.33 km replaces 34.61 km,REVISED,promo_b68466ea22a9,12.33
TERRESTRIAL_HEX,h6000_q-000596_r+000898,sp_fef06587fead,CONTROLLED,"land inside the Portuguese safe interior (v3); 19.01 of 19.01 km2 of the hex's canonical land, largest unioned share",UNRESOLVED,,promo_7c95358cf0a4,34.61,rev_d9d349572235,Portugal safe interior v3 from the 1751 Vaugondy sheets; positional uncertainty 12.33 km replaces 34.61 km,REVISED,promo_b68466ea22a9,12.33
TERRESTRIAL_HEX,h6000_q-000596_r+000899,sp_fef06587fead,CONTROLLED,"land inside the Portuguese safe interior (v3); 18.99 of 18.99 km2 of the hex's canonical land, largest unioned share",UNRESOLVED,,promo_7c95358cf0a4,34.61,rev_1dc9477bde15,Portugal safe interior v3 from the 1751 Vaugondy sheets; positional uncertainty 12.33 km replaces 34.61 km,REVISED,promo_b68466ea22a9,12.33
TERRESTRIAL_HEX,h6000_q-000596_r+000900,sp_fef06587fead,CONTROLLED,"land inside the Portuguese safe interior (v3); 18.97 of 18.97 km2 of the hex's canonical land, largest unioned share",UNRESOLVED,,promo_7c95358cf0a4,34.61,rev_3aa0d2e5f36b,Portugal safe interior v3 from the 1751 Vaugondy sheets; positional uncertainty 12.33 km replaces 34.61 km,REVISED,promo_b68466ea22a9,12.33
TERRESTRIAL_HEX,h6000_q-000596_r+000901,sp_fef06587fead,CONTROLLED,"land inside the Portuguese safe interior (v3); 18.95 of 18.95 km2 of the hex's canonical land, largest unioned share",UNRESOLVED,,promo_7c95358cf0a4,34.61,rev_b1b915a24bbe,Portugal safe interior v3 from the 1751 Vaugondy sheets; positional uncertainty 12.33 km replaces 34.61 km,REVISED,promo_b68466ea22a9,12.33
TERRESTRIAL_HEX,h6000_q-000596_r+000902,sp_fef06587fead,CONTROLLED,"land inside the Portuguese safe interior (v3); 18.93 of 18.93 km2 of the hex's canonical land, largest unioned share",UNRESOLVED,,promo_7c95358cf0a4,34.61,rev_b4e8de2e9ecc,Portugal safe interior v3 from the 1751 Vaugondy sheets; positional uncertainty 12.33 km replaces 34.61 km,REVISED,promo_b68466ea22a9,12.33
TERRESTRIAL_HEX,h6000_q-000596_r+000903,sp_fef06587fead,CONTROLLED,"land inside the Portuguese safe interior (v3); 18.91 of 18.91 km2 of the hex's canonical land, largest unioned share",UNRESOLVED,,promo_7c95358cf0a4,34.61,rev_f6ea9e2e7b3b,Portugal safe interior v3 from the 1751 Vaugondy sheets; positional uncertainty 12.33 km replaces 34.61 km,REVISED,promo_b68466ea22a9,12.33
TERRESTRIAL_HEX,h6000_q-000596_r+000904,sp_fef06587fead,CONTROLLED,"land inside the Portuguese safe interior (v3); 18.89 of 18.89 km2 of the hex's canonical land, largest unioned share",UNRESOLVED,,promo_7c95358cf0a4,34.61,rev_fcf0f4d059a9,Portugal safe interior v3 from the 1751 Vaugondy sheets; positional uncertainty 12.33 km replaces 34.61 km,REVISED,promo_b68466ea22a9,12.33
TERRESTRIAL_HEX,h6000_q-000596_r+000905,sp_fef06587fead,CONTROLLED,"land inside the Portuguese safe interior (v2+v3); 18.87 of 18.87 km2 of the hex's canonical land, largest unioned share",UNRESOLVED,,promo_7c95358cf0a4,34.61,rev_77e3e6799961,Portugal safe interior v3 from the 1751 Vaugondy sheets; positional uncertainty 12.33 km replaces 34.61 km,REVISED,promo_b68466ea22a9,12.33
TERRESTRIAL_HEX,h6000_q-000596_r+000907,sp_fef06587fead,CONTROLLED,"land inside the Portuguese safe interior (v2+v3); 18.84 of 18.84 km2 of the hex's canonical land, largest unioned share",UNRESOLVED,,promo_7c95358cf0a4,34.61,rev_c5a91f132f57,Portugal safe interior v3 from the 1751 Vaugondy sheets; positional uncertainty 12.33 km replaces 34.61 km,REVISED,promo_b68466ea22a9,12.33
TERRESTRIAL_HEX,h6000_q-000596_r+000908,sp_fef06587fead,CONTROLLED,"land inside the Portuguese safe interior (v2+v3); 18.82 of 18.82 km2 of the hex's canonical land, largest unioned share",UNRESOLVED,,promo_7c95358cf0a4,34.61,rev_f48b77ecb0aa,Portugal safe interior v3 from the 1751 Vaugondy sheets; positional uncertainty 12.33 km replaces 34.61 km,REVISED,promo_b68466ea22a9,12.33
TERRESTRIAL_HEX,h6000_q-000596_r+000909,sp_fef06587fead,CONTROLLED,"land inside the Portuguese safe interior (v3); 18.80 of 18.80 km2 of the hex's canonical land, largest unioned share",UNRESOLVED,,promo_7c95358cf0a4,34.61,rev_f5d8dd6707a2,Portugal safe interior v3 from the 1751 Vaugondy sheets; positional uncertainty 12.33 km replaces 34.61 km,REVISED,promo_b68466ea22a9,12.33
TERRESTRIAL_HEX,h6000_q-000596_r+000910,sp_fef06587fead,CONTROLLED,"land inside the Portuguese safe interior (v3); 18.78 of 18.78 km2 of the hex's canonical land, largest unioned share",UNRESOLVED,,promo_7c95358cf0a4,34.61,rev_faa6502a36c2,Portugal safe interior v3 from the 1751 Vaugondy sheets; positional uncertainty 12.33 km replaces 34.61 km,REVISED,promo_b68466ea22a9,12.33
TERRESTRIAL_HEX,h6000_q-000596_r+000911,sp_fef06587fead,CONTROLLED,"land inside the Portuguese safe interior (v3); 18.76 of 18.76 km2 of the hex's canonical land, largest unioned share",UNRESOLVED,,promo_7c95358cf0a4,34.61,rev_29f033f6ef4b,Portugal safe interior v3 from the 1751 Vaugondy sheets; positional uncertainty 12.33 km replaces 34.61 km,REVISED,promo_b68466ea22a9,12.33
TERRESTRIAL_HEX,h6000_q-000596_r+000912,sp_fef06587fead,CONTROLLED,"land inside the Portuguese safe interior (v3); 18.74 of 18.74 km2 of the hex's canonical land, largest unioned share",UNRESOLVED,,promo_7c95358cf0a4,34.61,rev_6a5ac7562c64,Portugal safe interior v3 from the 1751 Vaugondy sheets; positional uncertainty 12.33 km replaces 34.61 km,REVISED,promo_b68466ea22a9,12.33
TERRESTRIAL_HEX,h6000_q-000596_r+000913,sp_fef06587fead,CONTROLLED,"land inside the Portuguese safe interior (v3); 18.72 of 18.72 km2 of the hex's canonical land, largest unioned share",UNRESOLVED,,promo_7c95358cf0a4,34.61,rev_676bfd640e51,Portugal safe interior v3 from the 1751 Vaugondy sheets; positional uncertainty 12.33 km replaces 34.61 km,REVISED,promo_b68466ea22a9,12.33
TERRESTRIAL_HEX,h6000_q-000596_r+000914,sp_fef06587fead,CONTROLLED,"land inside the Portuguese safe interior (v3); 18.70 of 18.70 km2 of the hex's canonical land, largest unioned share",UNRESOLVED,,promo_7c95358cf0a4,34.61,rev_0a21e77865ac,Portugal safe interior v3 from the 1751 Vaugondy sheets; positional uncertainty 12.33 km replaces 34.61 km,REVISED,promo_b68466ea22a9,12.33
TERRESTRIAL_HEX,h6000_q-000596_r+000915,sp_fef06587fead,CONTROLLED,"land inside the Portuguese safe interior (v3); 18.68 of 18.68 km2 of the hex's canonical land, largest unioned share",UNRESOLVED,,promo_7c95358cf0a4,34.61,rev_562d78d0332a,Portugal safe interior v3 from the 1751 Vaugondy sheets; positional uncertainty 12.33 km replaces 34.61 km,REVISED,promo_b68466ea22a9,12.33
TERRESTRIAL_HEX,h6000_q-000596_r+000916,sp_fef06587fead,CONTROLLED,"land inside the Portuguese safe interior (v3); 18.22 of 18.66 km2 of the hex's canonical land, largest unioned share",UNRESOLVED,,promo_7c95358cf0a4,34.61,rev_e008dfb25905,Portugal safe interior v3 from the 1751 Vaugondy sheets; positional uncertainty 12.33 km replaces 34.61 km,REVISED,promo_b68466ea22a9,12.33
TERRESTRIAL_HEX,h6000_q-000596_r+000917,sp_fef06587fead,CONTROLLED,"land inside the Portuguese safe interior (v3); 3.58 of 18.64 km2 of the hex's canonical land, largest unioned share",UNRESOLVED,,promo_7c95358cf0a4,34.61,rev_fb0a4f0633d8,Portugal safe interior v3 from the 1751 Vaugondy sheets; positional uncertainty 12.33 km replaces 34.61 km,REVISED,promo_b68466ea22a9,12.33
TERRESTRIAL_HEX,h6000_q-000597_r+000892,sp_fef06587fead,CONTROLLED,"land inside the Portuguese safe interior (v3); 19.12 of 19.12 km2 of the hex's canonical land, largest unioned share",UNRESOLVED,,promo_7c95358cf0a4,34.61,rev_39e7b05e4280,Portugal safe interior v3 from the 1751 Vaugondy sheets; positional uncertainty 12.33 km replaces 34.61 km,REVISED,promo_b68466ea22a9,12.33
TERRESTRIAL_HEX,h6000_q-000597_r+000900,sp_fef06587fead,CONTROLLED,"land inside the Portuguese safe interior (v3); 18.97 of 18.97 km2 of the hex's canonical land, largest unioned share",UNRESOLVED,,promo_7c95358cf0a4,34.61,rev_0abac98c9538,Portugal safe interior v3 from the 1751 Vaugondy sheets; positional uncertainty 12.33 km replaces 34.61 km,REVISED,promo_b68466ea22a9,12.33
TERRESTRIAL_HEX,h6000_q-000597_r+000901,sp_fef06587fead,CONTROLLED,"land inside the Portuguese safe interior (v3); 18.95 of 18.95 km2 of the hex's canonical land, largest unioned share",UNRESOLVED,,promo_7c95358cf0a4,34.61,rev_392ce6b3d985,Portugal safe interior v3 from the 1751 Vaugondy sheets; positional uncertainty 12.33 km replaces 34.61 km,REVISED,promo_b68466ea22a9,12.33
TERRESTRIAL_HEX,h6000_q-000597_r+000902,sp_fef06587fead,CONTROLLED,"land inside the Portuguese safe interior (v3); 18.93 of 18.93 km2 of the hex's canonical land, largest unioned share",UNRESOLVED,,promo_7c95358cf0a4,34.61,rev_524ea42864ab,Portugal safe interior v3 from the 1751 Vaugondy sheets; positional uncertainty 12.33 km replaces 34.61 km,REVISED,promo_b68466ea22a9,12.33
TERRESTRIAL_HEX,h6000_q-000597_r+000903,sp_fef06587fead,CONTROLLED,"land inside the Portuguese safe interior (v3); 18.91 of 18.91 km2 of the hex's canonical land, largest unioned share",UNRESOLVED,,promo_7c95358cf0a4,34.61,rev_126ac98c47ac,Portugal safe interior v3 from the 1751 Vaugondy sheets; positional uncertainty 12.33 km replaces 34.61 km,REVISED,promo_b68466ea22a9,12.33
TERRESTRIAL_HEX,h6000_q-000597_r+000904,sp_fef06587fead,CONTROLLED,"land inside the Portuguese safe interior (v3); 18.89 of 18.89 km2 of the hex's canonical land, largest unioned share",UNRESOLVED,,promo_7c95358cf0a4,34.61,rev_5200a4db2821,Portugal safe interior v3 from the 1751 Vaugondy sheets; positional uncertainty 12.33 km replaces 34.61 km,REVISED,promo_b68466ea22a9,12.33
TERRESTRIAL_HEX,h6000_q-000597_r+000905,sp_fef06587fead,CONTROLLED,"land inside the Portuguese safe interior (v3); 18.87 of 18.87 km2 of the hex's canonical land, largest unioned share",UNRESOLVED,,promo_7c95358cf0a4,34.61,rev_e22e311a67f2,Portugal safe interior v3 from the 1751 Vaugondy sheets; positional uncertainty 12.33 km replaces 34.61 km,REVISED,promo_b68466ea22a9,12.33
TERRESTRIAL_HEX,h6000_q-000597_r+000906,sp_fef06587fead,CONTROLLED,"land inside the Portuguese safe interior (v2+v3); 18.85 of 18.85 km2 of the hex's canonical land, largest unioned share",UNRESOLVED,,promo_7c95358cf0a4,34.61,rev_cf689d2de779,Portugal safe interior v3 from the 1751 Vaugondy sheets; positional uncertainty 12.33 km replaces 34.61 km,REVISED,promo_b68466ea22a9,12.33
TERRESTRIAL_HEX,h6000_q-000597_r+000907,sp_fef06587fead,CONTROLLED,"land inside the Portuguese safe interior (v2+v3); 18.84 of 18.84 km2 of the hex's canonical land, largest unioned share",UNRESOLVED,,promo_7c95358cf0a4,34.61,rev_1b961c788421,Portugal safe interior v3 from the 1751 Vaugondy sheets; positional uncertainty 12.33 km replaces 34.61 km,REVISED,promo_b68466ea22a9,12.33
TERRESTRIAL_HEX,h6000_q-000597_r+000908,sp_fef06587fead,CONTROLLED,"land inside the Portuguese safe interior (v3); 18.82 of 18.82 km2 of the hex's canonical land, largest unioned share",UNRESOLVED,,promo_7c95358cf0a4,34.61,rev_f542b570acfe,Portugal safe interior v3 from the 1751 Vaugondy sheets; positional uncertainty 12.33 km replaces 34.61 km,REVISED,promo_b68466ea22a9,12.33
TERRESTRIAL_HEX,h6000_q-000597_r+000909,sp_fef06587fead,CONTROLLED,"land inside the Portuguese safe interior (v3); 18.80 of 18.80 km2 of the hex's canonical land, largest unioned share",UNRESOLVED,,promo_7c95358cf0a4,34.61,rev_1a4fba74b65e,Portugal safe interior v3 from the 1751 Vaugondy sheets; positional uncertainty 12.33 km replaces 34.61 km,REVISED,promo_b68466ea22a9,12.33
TERRESTRIAL_HEX,h6000_q-000597_r+000910,sp_fef06587fead,CONTROLLED,"land inside the Portuguese safe interior (v3); 18.78 of 18.78 km2 of the hex's canonical land, largest unioned share",UNRESOLVED,,promo_7c95358cf0a4,34.61,rev_ea5a76c8d9f8,Portugal safe interior v3 from the 1751 Vaugondy sheets; positional uncertainty 12.33 km replaces 34.61 km,REVISED,promo_b68466ea22a9,12.33
TERRESTRIAL_HEX,h6000_q-000597_r+000911,sp_fef06587fead,CONTROLLED,"land inside the Portuguese safe interior (v3); 18.76 of 18.76 km2 of the hex's canonical land, largest unioned share",UNRESOLVED,,promo_7c95358cf0a4,34.61,rev_860301db9f54,Portugal safe interior v3 from the 1751 Vaugondy sheets; positional uncertainty 12.33 km replaces 34.61 km,REVISED,promo_b68466ea22a9,12.33
TERRESTRIAL_HEX,h6000_q-000597_r+000912,sp_fef06587fead,CONTROLLED,"land inside the Portuguese safe interior (v3); 18.74 of 18.74 km2 of the hex's canonical land, largest unioned share",UNRESOLVED,,promo_7c95358cf0a4,34.61,rev_6dec938c8da0,Portugal safe interior v3 from the 1751 Vaugondy sheets; positional uncertainty 12.33 km replaces 34.61 km,REVISED,promo_b68466ea22a9,12.33
TERRESTRIAL_HEX,h6000_q-000597_r+000913,sp_fef06587fead,CONTROLLED,"land inside the Portuguese safe interior (v3); 18.72 of 18.72 km2 of the hex's canonical land, largest unioned share",UNRESOLVED,,promo_7c95358cf0a4,34.61,rev_cf255ec271a1,Portugal safe interior v3 from the 1751 Vaugondy sheets; positional uncertainty 12.33 km replaces 34.61 km,REVISED,promo_b68466ea22a9,12.33
TERRESTRIAL_HEX,h6000_q-000597_r+000914,sp_fef06587fead,CONTROLLED,"land inside the Portuguese safe interior (v3); 18.70 of 18.70 km2 of the hex's canonical land, largest unioned share",UNRESOLVED,,promo_7c95358cf0a4,34.61,rev_1be89f6319c6,Portugal safe interior v3 from the 1751 Vaugondy sheets; positional uncertainty 12.33 km replaces 34.61 km,REVISED,promo_b68466ea22a9,12.33
TERRESTRIAL_HEX,h6000_q-000597_r+000915,sp_fef06587fead,CONTROLLED,"land inside the Portuguese safe interior (v3); 18.68 of 18.68 km2 of the hex's canonical land, largest unioned share",UNRESOLVED,,promo_7c95358cf0a4,34.61,rev_9614f50f5d04,Portugal safe interior v3 from the 1751 Vaugondy sheets; positional uncertainty 12.33 km replaces 34.61 km,REVISED,promo_b68466ea22a9,12.33
TERRESTRIAL_HEX,h6000_q-000597_r+000916,sp_fef06587fead,CONTROLLED,"land inside the Portuguese safe interior (v3); 18.66 of 18.66 km2 of the hex's canonical land, largest unioned share",UNRESOLVED,,promo_7c95358cf0a4,34.61,rev_3c4efe3570f2,Portugal safe interior v3 from the 1751 Vaugondy sheets; positional uncertainty 12.33 km replaces 34.61 km,REVISED,promo_b68466ea22a9,12.33
TERRESTRIAL_HEX,h6000_q-000597_r+000917,sp_fef06587fead,CONTROLLED,"land inside the Portuguese safe interior (v3); 18.64 of 18.64 km2 of the hex's canonical land, largest unioned share",UNRESOLVED,,promo_7c95358cf0a4,34.61,rev_a53d8fc55322,Portugal safe interior v3 from the 1751 Vaugondy sheets; positional uncertainty 12.33 km replaces 34.61 km,REVISED,promo_b68466ea22a9,12.33
TERRESTRIAL_HEX,h6000_q-000597_r+000918,sp_fef06587fead,CONTROLLED,"land inside the Portuguese safe interior (v3); 11.69 of 18.63 km2 of the hex's canonical land, largest unioned share",UNRESOLVED,,promo_c1d69cca569e,34.61,rev_39d3f211cefd,Portugal safe interior v3 from the 1751 Vaugondy sheets; positional uncertainty 12.33 km replaces 34.61 km,REVISED,promo_b68466ea22a9,12.33
TERRESTRIAL_HEX,h6000_q-000597_r+000919,sp_fef06587fead,CONTROLLED,"land inside the Portuguese safe interior (v3); 0.26 of 18.61 km2 of the hex's canonical land, largest unioned share",UNRESOLVED,,promo_c1d69cca569e,34.61,rev_93097b8d70fe,Portugal safe interior v3 from the 1751 Vaugondy sheets; positional uncertainty 12.33 km replaces 34.61 km,REVISED,promo_b68466ea22a9,12.33
TERRESTRIAL_HEX,h6000_q-000598_r+000900,sp_fef06587fead,CONTROLLED,"land inside the Portuguese safe interior (v3); 18.97 of 18.97 km2 of the hex's canonical land, largest unioned share",UNRESOLVED,,promo_7c95358cf0a4,34.61,rev_c4053680256d,Portugal safe interior v3 from the 1751 Vaugondy sheets; positional uncertainty 12.33 km replaces 34.61 km,REVISED,promo_b68466ea22a9,12.33
TERRESTRIAL_HEX,h6000_q-000598_r+000901,sp_fef06587fead,CONTROLLED,"land inside the Portuguese safe interior (v3); 18.95 of 18.95 km2 of the hex's canonical land, largest unioned share",UNRESOLVED,,promo_7c95358cf0a4,34.61,rev_24f44d20d2af,Portugal safe interior v3 from the 1751 Vaugondy sheets; positional uncertainty 12.33 km replaces 34.61 km,REVISED,promo_b68466ea22a9,12.33
TERRESTRIAL_HEX,h6000_q-000598_r+000902,sp_fef06587fead,CONTROLLED,"land inside the Portuguese safe interior (v3); 18.93 of 18.93 km2 of the hex's canonical land, largest unioned share",UNRESOLVED,,promo_7c95358cf0a4,34.61,rev_b14c0f181819,Portugal safe interior v3 from the 1751 Vaugondy sheets; positional uncertainty 12.33 km replaces 34.61 km,REVISED,promo_b68466ea22a9,12.33
TERRESTRIAL_HEX,h6000_q-000598_r+000903,sp_fef06587fead,CONTROLLED,"land inside the Portuguese safe interior (v3); 18.91 of 18.91 km2 of the hex's canonical land, largest unioned share",UNRESOLVED,,promo_7c95358cf0a4,34.61,rev_8824026837b3,Portugal safe interior v3 from the 1751 Vaugondy sheets; positional uncertainty 12.33 km replaces 34.61 km,REVISED,promo_b68466ea22a9,12.33
TERRESTRIAL_HEX,h6000_q-000598_r+000904,sp_fef06587fead,CONTROLLED,"land inside the Portuguese safe interior (v3); 18.89 of 18.89 km2 of the hex's canonical land, largest unioned share",UNRESOLVED,,promo_7c95358cf0a4,34.61,rev_7128d5f51ed0,Portugal safe interior v3 from the 1751 Vaugondy sheets; positional uncertainty 12.33 km replaces 34.61 km,REVISED,promo_b68466ea22a9,12.33
TERRESTRIAL_HEX,h6000_q-000598_r+000905,sp_fef06587fead,CONTROLLED,"land inside the Portuguese safe interior (v3); 18.87 of 18.87 km2 of the hex's canonical land, largest unioned share",UNRESOLVED,,promo_7c95358cf0a4,34.61,rev_809a6c58d83f,Portugal safe interior v3 from the 1751 Vaugondy sheets; positional uncertainty 12.33 km replaces 34.61 km,REVISED,promo_b68466ea22a9,12.33
TERRESTRIAL_HEX,h6000_q-000598_r+000906,sp_fef06587fead,CONTROLLED,"land inside the Portuguese safe interior (v2+v3); 18.85 of 18.85 km2 of the hex's canonical land, largest unioned share",UNRESOLVED,,promo_7c95358cf0a4,34.61,rev_4014d3578c60,Portugal safe interior v3 from the 1751 Vaugondy sheets; positional uncertainty 12.33 km replaces 34.61 km,REVISED,promo_b68466ea22a9,12.33
TERRESTRIAL_HEX,h6000_q-000598_r+000907,sp_fef06587fead,CONTROLLED,"land inside the Portuguese safe interior (v3); 18.84 of 18.84 km2 of the hex's canonical land, largest unioned share",UNRESOLVED,,promo_7c95358cf0a4,34.61,rev_4a514d4b8cbf,Portugal safe interior v3 from the 1751 Vaugondy sheets; positional uncertainty 12.33 km replaces 34.61 km,REVISED,promo_b68466ea22a9,12.33
TERRESTRIAL_HEX,h6000_q-000598_r+000908,sp_fef06587fead,CONTROLLED,"land inside the Portuguese safe interior (v3); 18.82 of 18.82 km2 of the hex's canonical land, largest unioned share",UNRESOLVED,,promo_7c95358cf0a4,34.61,rev_547feba961ae,Portugal safe interior v3 from the 1751 Vaugondy sheets; positional uncertainty 12.33 km replaces 34.61 km,REVISED,promo_b68466ea22a9,12.33
TERRESTRIAL_HEX,h6000_q-000598_r+000909,sp_fef06587fead,CONTROLLED,"land inside the Portuguese safe interior (v3); 18.80 of 18.80 km2 of the hex's canonical land, largest unioned share",UNRESOLVED,,promo_7c95358cf0a4,34.61,rev_4ec0e4a0947b,Portugal safe interior v3 from the 1751 Vaugondy sheets; positional uncertainty 12.33 km replaces 34.61 km,REVISED,promo_b68466ea22a9,12.33
TERRESTRIAL_HEX,h6000_q-000598_r+000910,sp_fef06587fead,CONTROLLED,"land inside the Portuguese safe interior (v3); 18.78 of 18.78 km2 of the hex's canonical land, largest unioned share",UNRESOLVED,,promo_7c95358cf0a4,34.61,rev_f6477b1113ba,Portugal safe interior v3 from the 1751 Vaugondy sheets; positional uncertainty 12.33 km replaces 34.61 km,REVISED,promo_b68466ea22a9,12.33
TERRESTRIAL_HEX,h6000_q-000598_r+000911,sp_fef06587fead,CONTROLLED,"land inside the Portuguese safe interior (v3); 18.76 of 18.76 km2 of the hex's canonical land, largest unioned share",UNRESOLVED,,promo_7c95358cf0a4,34.61,rev_6ee570e30a6a,Portugal safe interior v3 from the 1751 Vaugondy sheets; positional uncertainty 12.33 km replaces 34.61 km,REVISED,promo_b68466ea22a9,12.33
TERRESTRIAL_HEX,h6000_q-000598_r+000912,sp_fef06587fead,CONTROLLED,"land inside the Portuguese safe interior (v3); 18.74 of 18.74 km2 of the hex's canonical land, largest unioned share",UNRESOLVED,,promo_7c95358cf0a4,34.61,rev_fbdc7cf2f868,Portugal safe interior v3 from the 1751 Vaugondy sheets; positional uncertainty 12.33 km replaces 34.61 km,REVISED,promo_b68466ea22a9,12.33
TERRESTRIAL_HEX,h6000_q-000598_r+000913,sp_fef06587fead,CONTROLLED,"land inside the Portuguese safe interior (v3); 18.72 of 18.72 km2 of the hex's canonical land, largest unioned share",UNRESOLVED,,promo_7c95358cf0a4,34.61,rev_5dd0324e4db3,Portugal safe interior v3 from the 1751 Vaugondy sheets; positional uncertainty 12.33 km replaces 34.61 km,REVISED,promo_b68466ea22a9,12.33
TERRESTRIAL_HEX,h6000_q-000598_r+000914,sp_fef06587fead,CONTROLLED,"land inside the Portuguese safe interior (v3); 18.70 of 18.70 km2 of the hex's canonical land, largest unioned share",UNRESOLVED,,promo_7c95358cf0a4,34.61,rev_b9ce02f2ed82,Portugal safe interior v3 from the 1751 Vaugondy sheets; positional uncertainty 12.33 km replaces 34.61 km,REVISED,promo_b68466ea22a9,12.33
TERRESTRIAL_HEX,h6000_q-000598_r+000915,sp_fef06587fead,CONTROLLED,"land inside the Portuguese safe interior (v3); 18.68 of 18.68 km2 of the hex's canonical land, largest unioned share",UNRESOLVED,,promo_7c95358cf0a4,34.61,rev_d4bdaf1bf8d3,Portugal safe interior v3 from the 1751 Vaugondy sheets; positional uncertainty 12.33 km replaces 34.61 km,REVISED,promo_b68466ea22a9,12.33
TERRESTRIAL_HEX,h6000_q-000598_r+000916,sp_fef06587fead,CONTROLLED,"land inside the Portuguese safe interior (v3); 18.66 of 18.66 km2 of the hex's canonical land, largest unioned share",UNRESOLVED,,promo_7c95358cf0a4,34.61,rev_0775b1a3fe07,Portugal safe interior v3 from the 1751 Vaugondy sheets; positional uncertainty 12.33 km replaces 34.61 km,REVISED,promo_b68466ea22a9,12.33
TERRESTRIAL_HEX,h6000_q-000598_r+000917,sp_fef06587fead,CONTROLLED,"land inside the Portuguese safe interior (v3); 18.64 of 18.64 km2 of the hex's canonical land, largest unioned share",UNRESOLVED,,promo_7c95358cf0a4,34.61,rev_a6981476a8b6,Portugal safe interior v3 from the 1751 Vaugondy sheets; positional uncertainty 12.33 km replaces 34.61 km,REVISED,promo_b68466ea22a9,12.33
TERRESTRIAL_HEX,h6000_q-000598_r+000918,sp_fef06587fead,CONTROLLED,"land inside the Portuguese safe interior (v3); 18.63 of 18.63 km2 of the hex's canonical land, largest unioned share",UNRESOLVED,,promo_7c95358cf0a4,34.61,rev_2c9273bf42aa,Portugal safe interior v3 from the 1751 Vaugondy sheets; positional uncertainty 12.33 km replaces 34.61 km,REVISED,promo_b68466ea22a9,12.33
TERRESTRIAL_HEX,h6000_q-000598_r+000919,sp_fef06587fead,CONTROLLED,"land inside the Portuguese safe interior (v3); 18.56 of 18.61 km2 of the hex's canonical land, largest unioned share",UNRESOLVED,,promo_7c95358cf0a4,34.61,rev_81b27ff53f1f,Portugal safe interior v3 from the 1751 Vaugondy sheets; positional uncertainty 12.33 km replaces 34.61 km,REVISED,promo_b68466ea22a9,12.33
TERRESTRIAL_HEX,h6000_q-000598_r+000920,sp_fef06587fead,CONTROLLED,"land inside the Portuguese safe interior (v3); 9.00 of 18.59 km2 of the hex's canonical land, largest unioned share",UNRESOLVED,,promo_7c95358cf0a4,34.61,rev_81306498447c,Portugal safe interior v3 from the 1751 Vaugondy sheets; positional uncertainty 12.33 km replaces 34.61 km,REVISED,promo_b68466ea22a9,12.33
TERRESTRIAL_HEX,h6000_q-000598_r+000921,sp_fef06587fead,CONTROLLED,"land inside the Portuguese safe interior (v3); 1.41 of 18.57 km2 of the hex's canonical land, largest unioned share",UNRESOLVED,,promo_7c95358cf0a4,34.61,rev_2c0eb31b6996,Portugal safe interior v3 from the 1751 Vaugondy sheets; positional uncertainty 12.33 km replaces 34.61 km,REVISED,promo_b68466ea22a9,12.33
TERRESTRIAL_HEX,h6000_q-000599_r+000881,sp_fef06587fead,CONTROLLED,"land inside the Portuguese safe interior (v3); 12.72 of 19.33 km2 of the hex's canonical land, largest unioned share",UNRESOLVED,,promo_7c95358cf0a4,34.61,rev_67c2b6738ed5,Portugal safe interior v3 from the 1751 Vaugondy sheets; positional uncertainty 12.33 km replaces 34.61 km,REVISED,promo_b68466ea22a9,12.33
TERRESTRIAL_HEX,h6000_q-000599_r+000882,sp_fef06587fead,CONTROLLED,"land inside the Portuguese safe interior (v3); 19.31 of 19.31 km2 of the hex's canonical land, largest unioned share",UNRESOLVED,,promo_7c95358cf0a4,34.61,rev_5c8c1ce14e79,Portugal safe interior v3 from the 1751 Vaugondy sheets; positional uncertainty 12.33 km replaces 34.61 km,REVISED,promo_b68466ea22a9,12.33
TERRESTRIAL_HEX,h6000_q-000599_r+000883,sp_fef06587fead,CONTROLLED,"land inside the Portuguese safe interior (v3); 19.30 of 19.30 km2 of the hex's canonical land, largest unioned share",UNRESOLVED,,promo_7c95358cf0a4,34.61,rev_d8b0010cb1e5,Portugal safe interior v3 from the 1751 Vaugondy sheets; positional uncertainty 12.33 km replaces 34.61 km,REVISED,promo_b68466ea22a9,12.33
TERRESTRIAL_HEX,h6000_q-000599_r+000884,sp_fef06587fead,CONTROLLED,"land inside the Portuguese safe interior (v3); 19.28 of 19.28 km2 of the hex's canonical land, largest unioned share",UNRESOLVED,,promo_7c95358cf0a4,34.61,rev_bca9dccc7725,Portugal safe interior v3 from the 1751 Vaugondy sheets; positional uncertainty 12.33 km replaces 34.61 km,REVISED,promo_b68466ea22a9,12.33
TERRESTRIAL_HEX,h6000_q-000599_r+000885,sp_fef06587fead,CONTROLLED,"land inside the Portuguese safe interior (v3); 19.26 of 19.26 km2 of the hex's canonical land, largest unioned share",UNRESOLVED,,promo_7c95358cf0a4,34.61,rev_9c03f0646b73,Portugal safe interior v3 from the 1751 Vaugondy sheets; positional uncertainty 12.33 km replaces 34.61 km,REVISED,promo_b68466ea22a9,12.33
TERRESTRIAL_HEX,h6000_q-000599_r+000886,sp_fef06587fead,CONTROLLED,"land inside the Portuguese safe interior (v3); 19.24 of 19.24 km2 of the hex's canonical land, largest unioned share",UNRESOLVED,,promo_7c95358cf0a4,34.61,rev_97ad0bfef541,Portugal safe interior v3 from the 1751 Vaugondy sheets; positional uncertainty 12.33 km replaces 34.61 km,REVISED,promo_b68466ea22a9,12.33
TERRESTRIAL_HEX,h6000_q-000599_r+000887,sp_fef06587fead,CONTROLLED,"land inside the Portuguese safe interior (v3); 19.22 of 19.22 km2 of the hex's canonical land, largest unioned share",UNRESOLVED,,promo_7c95358cf0a4,34.61,rev_df6b7147215d,Portugal safe interior v3 from the 1751 Vaugondy sheets; positional uncertainty 12.33 km replaces 34.61 km,REVISED,promo_b68466ea22a9,12.33
TERRESTRIAL_HEX,h6000_q-000599_r+000900,sp_fef06587fead,CONTROLLED,"land inside the Portuguese safe interior (v3); 18.97 of 18.97 km2 of the hex's canonical land, largest unioned share",UNRESOLVED,,promo_7c95358cf0a4,34.61,rev_1a63833fb0c6,Portugal safe interior v3 from the 1751 Vaugondy sheets; positional uncertainty 12.33 km replaces 34.61 km,REVISED,promo_b68466ea22a9,12.33
TERRESTRIAL_HEX,h6000_q-000599_r+000901,sp_fef06587fead,CONTROLLED,"land inside the Portuguese safe interior (v3); 18.95 of 18.95 km2 of the hex's canonical land, largest unioned share",UNRESOLVED,,promo_7c95358cf0a4,34.61,rev_a5de2e44d15d,Portugal safe interior v3 from the 1751 Vaugondy sheets; positional uncertainty 12.33 km replaces 34.61 km,REVISED,promo_b68466ea22a9,12.33
TERRESTRIAL_HEX,h6000_q-000599_r+000902,sp_fef06587fead,CONTROLLED,"land inside the Portuguese safe interior (v3); 18.93 of 18.93 km2 of the hex's canonical land, largest unioned share",UNRESOLVED,,promo_7c95358cf0a4,34.61,rev_a3cee4e01ea4,Portugal safe interior v3 from the 1751 Vaugondy sheets; positional uncertainty 12.33 km replaces 34.61 km,REVISED,promo_b68466ea22a9,12.33
TERRESTRIAL_HEX,h6000_q-000599_r+000903,sp_fef06587fead,CONTROLLED,"land inside the Portuguese safe interior (v3); 18.91 of 18.91 km2 of the hex's canonical land, largest unioned share",UNRESOLVED,,promo_7c95358cf0a4,34.61,rev_ed318c19b682,Portugal safe interior v3 from the 1751 Vaugondy sheets; positional uncertainty 12.33 km replaces 34.61 km,REVISED,promo_b68466ea22a9,12.33
TERRESTRIAL_HEX,h6000_q-000599_r+000904,sp_fef06587fead,CONTROLLED,"land inside the Portuguese safe interior (v3); 18.89 of 18.89 km2 of the hex's canonical land, largest unioned share",UNRESOLVED,,promo_7c95358cf0a4,34.61,rev_19dcac7c483c,Portugal safe interior v3 from the 1751 Vaugondy sheets; positional uncertainty 12.33 km replaces 34.61 km,REVISED,promo_b68466ea22a9,12.33
TERRESTRIAL_HEX,h6000_q-000599_r+000905,sp_fef06587fead,CONTROLLED,"land inside the Portuguese safe interior (v3); 18.87 of 18.87 km2 of the hex's canonical land, largest unioned share",UNRESOLVED,,promo_7c95358cf0a4,34.61,rev_cbb9b2bd1254,Portugal safe interior v3 from the 1751 Vaugondy sheets; positional uncertainty 12.33 km replaces 34.61 km,REVISED,promo_b68466ea22a9,12.33
TERRESTRIAL_HEX,h6000_q-000599_r+000906,sp_fef06587fead,CONTROLLED,"land inside the Portuguese safe interior (v3); 18.85 of 18.85 km2 of the hex's canonical land, largest unioned share",UNRESOLVED,,promo_7c95358cf0a4,34.61,rev_9bbee7c2d2cf,Portugal safe interior v3 from the 1751 Vaugondy sheets; positional uncertainty 12.33 km replaces 34.61 km,REVISED,promo_b68466ea22a9,12.33
TERRESTRIAL_HEX,h6000_q-000599_r+000907,sp_fef06587fead,CONTROLLED,"land inside the Portuguese safe interior (v3); 18.84 of 18.84 km2 of the hex's canonical land, largest unioned share",UNRESOLVED,,promo_7c95358cf0a4,34.61,rev_cbc52be12903,Portugal safe interior v3 from the 1751 Vaugondy sheets; positional uncertainty 12.33 km replaces 34.61 km,REVISED,promo_b68466ea22a9,12.33
TERRESTRIAL_HEX,h6000_q-000599_r+000908,sp_fef06587fead,CONTROLLED,"land inside the Portuguese safe interior (v3); 18.82 of 18.82 km2 of the hex's canonical land, largest unioned share",UNRESOLVED,,promo_7c95358cf0a4,34.61,rev_eb11c3d2e36a,Portugal safe interior v3 from the 1751 Vaugondy sheets; positional uncertainty 12.33 km replaces 34.61 km,REVISED,promo_b68466ea22a9,12.33
TERRESTRIAL_HEX,h6000_q-000599_r+000909,sp_fef06587fead,CONTROLLED,"land inside the Portuguese safe interior (v3); 18.80 of 18.80 km2 of the hex's canonical land, largest unioned share",UNRESOLVED,,promo_7c95358cf0a4,34.61,rev_0b00c60ba331,Portugal safe interior v3 from the 1751 Vaugondy sheets; positional uncertainty 12.33 km replaces 34.61 km,REVISED,promo_b68466ea22a9,12.33
TERRESTRIAL_HEX,h6000_q-000599_r+000910,sp_fef06587fead,CONTROLLED,"land inside the Portuguese safe interior (v3); 18.78 of 18.78 km2 of the hex's canonical land, largest unioned share",UNRESOLVED,,promo_7c95358cf0a4,34.61,rev_b58b8706c6d0,Portugal safe interior v3 from the 1751 Vaugondy sheets; positional uncertainty 12.33 km replaces 34.61 km,REVISED,promo_b68466ea22a9,12.33
TERRESTRIAL_HEX,h6000_q-000599_r+000911,sp_fef06587fead,CONTROLLED,"land inside the Portuguese safe interior (v3); 18.76 of 18.76 km2 of the hex's canonical land, largest unioned share",UNRESOLVED,,promo_7c95358cf0a4,34.61,rev_336d586ff815,Portugal safe interior v3 from the 1751 Vaugondy sheets; positional uncertainty 12.33 km replaces 34.61 km,REVISED,promo_b68466ea22a9,12.33
TERRESTRIAL_HEX,h6000_q-000599_r+000912,sp_fef06587fead,CONTROLLED,"land inside the Portuguese safe interior (v3); 18.74 of 18.74 km2 of the hex's canonical land, largest unioned share",UNRESOLVED,,promo_7c95358cf0a4,34.61,rev_785fd71b3490,Portugal safe interior v3 from the 1751 Vaugondy sheets; positional uncertainty 12.33 km replaces 34.61 km,REVISED,promo_b68466ea22a9,12.33
TERRESTRIAL_HEX,h6000_q-000599_r+000913,sp_fef06587fead,CONTROLLED,"land inside the Portuguese safe interior (v3); 18.72 of 18.72 km2 of the hex's canonical land, largest unioned share",UNRESOLVED,,promo_7c95358cf0a4,34.61,rev_aaeb3c8aeabe,Portugal safe interior v3 from the 1751 Vaugondy sheets; positional uncertainty 12.33 km replaces 34.61 km,REVISED,promo_b68466ea22a9,12.33
TERRESTRIAL_HEX,h6000_q-000599_r+000914,sp_fef06587fead,CONTROLLED,"land inside the Portuguese safe interior (v3); 18.70 of 18.70 km2 of the hex's canonical land, largest unioned share",UNRESOLVED,,promo_7c95358cf0a4,34.61,rev_6765b13185ad,Portugal safe interior v3 from the 1751 Vaugondy sheets; positional uncertainty 12.33 km replaces 34.61 km,REVISED,promo_b68466ea22a9,12.33
TERRESTRIAL_HEX,h6000_q-000599_r+000915,sp_fef06587fead,CONTROLLED,"land inside the Portuguese safe interior (v3); 18.68 of 18.68 km2 of the hex's canonical land, largest unioned share",UNRESOLVED,,promo_7c95358cf0a4,34.61,rev_b4abd0ea6a38,Portugal safe interior v3 from the 1751 Vaugondy sheets; positional uncertainty 12.33 km replaces 34.61 km,REVISED,promo_b68466ea22a9,12.33
TERRESTRIAL_HEX,h6000_q-000599_r+000916,sp_fef06587fead,CONTROLLED,"land inside the Portuguese safe interior (v3); 18.66 of 18.66 km2 of the hex's canonical land, largest unioned share",UNRESOLVED,,promo_7c95358cf0a4,34.61,rev_31b38ef6534c,Portugal safe interior v3 from the 1751 Vaugondy sheets; positional uncertainty 12.33 km replaces 34.61 km,REVISED,promo_b68466ea22a9,12.33
TERRESTRIAL_HEX,h6000_q-000599_r+000917,sp_fef06587fead,CONTROLLED,"land inside the Portuguese safe interior (v3); 18.64 of 18.64 km2 of the hex's canonical land, largest unioned share",UNRESOLVED,,promo_7c95358cf0a4,34.61,rev_f51b2b85ba99,Portugal safe interior v3 from the 1751 Vaugondy sheets; positional uncertainty 12.33 km replaces 34.61 km,REVISED,promo_b68466ea22a9,12.33
TERRESTRIAL_HEX,h6000_q-000599_r+000918,sp_fef06587fead,CONTROLLED,"land inside the Portuguese safe interior (v3); 18.63 of 18.63 km2 of the hex's canonical land, largest unioned share",UNRESOLVED,,promo_7c95358cf0a4,34.61,rev_c12d2df28c8b,Portugal safe interior v3 from the 1751 Vaugondy sheets; positional uncertainty 12.33 km replaces 34.61 km,REVISED,promo_b68466ea22a9,12.33
TERRESTRIAL_HEX,h6000_q-000599_r+000919,sp_fef06587fead,CONTROLLED,"land inside the Portuguese safe interior (v3); 18.61 of 18.61 km2 of the hex's canonical land, largest unioned share",UNRESOLVED,,promo_7c95358cf0a4,34.61,rev_44fdcc652b3e,Portugal safe interior v3 from the 1751 Vaugondy sheets; positional uncertainty 12.33 km replaces 34.61 km,REVISED,promo_b68466ea22a9,12.33
TERRESTRIAL_HEX,h6000_q-000599_r+000920,sp_fef06587fead,CONTROLLED,"land inside the Portuguese safe interior (v3); 18.59 of 18.59 km2 of the hex's canonical land, largest unioned share",UNRESOLVED,,promo_7c95358cf0a4,34.61,rev_17e66bca72c5,Portugal safe interior v3 from the 1751 Vaugondy sheets; positional uncertainty 12.33 km replaces 34.61 km,REVISED,promo_b68466ea22a9,12.33
TERRESTRIAL_HEX,h6000_q-000599_r+000921,sp_fef06587fead,CONTROLLED,"land inside the Portuguese safe interior (v3); 18.57 of 18.57 km2 of the hex's canonical land, largest unioned share",UNRESOLVED,,promo_7c95358cf0a4,34.61,rev_694d7a1b35f5,Portugal safe interior v3 from the 1751 Vaugondy sheets; positional uncertainty 12.33 km replaces 34.61 km,REVISED,promo_b68466ea22a9,12.33
TERRESTRIAL_HEX,h6000_q-000599_r+000922,sp_fef06587fead,CONTROLLED,"land inside the Portuguese safe interior (v3); 14.30 of 18.55 km2 of the hex's canonical land, largest unioned share",UNRESOLVED,,promo_7c95358cf0a4,34.61,rev_392c9d4ce521,Portugal safe interior v3 from the 1751 Vaugondy sheets; positional uncertainty 12.33 km replaces 34.61 km,REVISED,promo_b68466ea22a9,12.33
TERRESTRIAL_HEX,h6000_q-000599_r+000923,sp_fef06587fead,CONTROLLED,"land inside the Portuguese safe interior (v3); 4.33 of 18.53 km2 of the hex's canonical land, largest unioned share",UNRESOLVED,,promo_c1d69cca569e,34.61,rev_c670711eefd3,Portugal safe interior v3 from the 1751 Vaugondy sheets; positional uncertainty 12.33 km replaces 34.61 km,REVISED,promo_b68466ea22a9,12.33
TERRESTRIAL_HEX,h6000_q-000600_r+000882,sp_fef06587fead,CONTROLLED,"land inside the Portuguese safe interior (v3); 12.90 of 19.31 km2 of the hex's canonical land, largest unioned share",UNRESOLVED,,promo_7c95358cf0a4,34.61,rev_b7791d61c480,Portugal safe interior v3 from the 1751 Vaugondy sheets; positional uncertainty 12.33 km replaces 34.61 km,REVISED,promo_b68466ea22a9,12.33
TERRESTRIAL_HEX,h6000_q-000600_r+000883,sp_fef06587fead,CONTROLLED,"land inside the Portuguese safe interior (v3); 19.30 of 19.30 km2 of the hex's canonical land, largest unioned share",UNRESOLVED,,promo_7c95358cf0a4,34.61,rev_363a5db82b24,Portugal safe interior v3 from the 1751 Vaugondy sheets; positional uncertainty 12.33 km replaces 34.61 km,REVISED,promo_b68466ea22a9,12.33
TERRESTRIAL_HEX,h6000_q-000600_r+000884,sp_fef06587fead,CONTROLLED,"land inside the Portuguese safe interior (v3); 19.28 of 19.28 km2 of the hex's canonical land, largest unioned share",UNRESOLVED,,promo_7c95358cf0a4,34.61,rev_81535e32e1cc,Portugal safe interior v3 from the 1751 Vaugondy sheets; positional uncertainty 12.33 km replaces 34.61 km,REVISED,promo_b68466ea22a9,12.33
TERRESTRIAL_HEX,h6000_q-000600_r+000885,sp_fef06587fead,CONTROLLED,"land inside the Portuguese safe interior (v3); 19.26 of 19.26 km2 of the hex's canonical land, largest unioned share",UNRESOLVED,,promo_7c95358cf0a4,34.61,rev_3c563fd59570,Portugal safe interior v3 from the 1751 Vaugondy sheets; positional uncertainty 12.33 km replaces 34.61 km,REVISED,promo_b68466ea22a9,12.33
TERRESTRIAL_HEX,h6000_q-000600_r+000886,sp_fef06587fead,CONTROLLED,"land inside the Portuguese safe interior (v3); 19.24 of 19.24 km2 of the hex's canonical land, largest unioned share",UNRESOLVED,,promo_7c95358cf0a4,34.61,rev_79b3e05a36ec,Portugal safe interior v3 from the 1751 Vaugondy sheets; positional uncertainty 12.33 km replaces 34.61 km,REVISED,promo_b68466ea22a9,12.33
TERRESTRIAL_HEX,h6000_q-000600_r+000887,sp_fef06587fead,CONTROLLED,"land inside the Portuguese safe interior (v3); 19.22 of 19.22 km2 of the hex's canonical land, largest unioned share",UNRESOLVED,,promo_7c95358cf0a4,34.61,rev_801db0e782ac,Portugal safe interior v3 from the 1751 Vaugondy sheets; positional uncertainty 12.33 km replaces 34.61 km,REVISED,promo_b68466ea22a9,12.33
TERRESTRIAL_HEX,h6000_q-000600_r+000888,sp_fef06587fead,CONTROLLED,"land inside the Portuguese safe interior (v3); 19.20 of 19.20 km2 of the hex's canonical land, largest unioned share",UNRESOLVED,,promo_7c95358cf0a4,34.61,rev_3f491ad3e8f9,Portugal safe interior v3 from the 1751 Vaugondy sheets; positional uncertainty 12.33 km replaces 34.61 km,REVISED,promo_b68466ea22a9,12.33
TERRESTRIAL_HEX,h6000_q-000600_r+000889,sp_fef06587fead,CONTROLLED,"land inside the Portuguese safe interior (v3); 19.18 of 19.18 km2 of the hex's canonical land, largest unioned share",UNRESOLVED,,promo_7c95358cf0a4,34.61,rev_ff75d908f239,Portugal safe interior v3 from the 1751 Vaugondy sheets; positional uncertainty 12.33 km replaces 34.61 km,REVISED,promo_b68466ea22a9,12.33
TERRESTRIAL_HEX,h6000_q-000600_r+000890,sp_fef06587fead,CONTROLLED,"land inside the Portuguese safe interior (v3); 19.16 of 19.16 km2 of the hex's canonical land, largest unioned share",UNRESOLVED,,promo_7c95358cf0a4,34.61,rev_54b1abba9e78,Portugal safe interior v3 from the 1751 Vaugondy sheets; positional uncertainty 12.33 km replaces 34.61 km,REVISED,promo_b68466ea22a9,12.33
TERRESTRIAL_HEX,h6000_q-000600_r+000891,sp_fef06587fead,CONTROLLED,"land inside the Portuguese safe interior (v3); 19.14 of 19.14 km2 of the hex's canonical land, largest unioned share",UNRESOLVED,,promo_7c95358cf0a4,34.61,rev_f5613b644923,Portugal safe interior v3 from the 1751 Vaugondy sheets; positional uncertainty 12.33 km replaces 34.61 km,REVISED,promo_b68466ea22a9,12.33
TERRESTRIAL_HEX,h6000_q-000600_r+000896,sp_fef06587fead,CONTROLLED,"land inside the Portuguese safe interior (v3); 19.05 of 19.05 km2 of the hex's canonical land, largest unioned share",UNRESOLVED,,promo_7c95358cf0a4,34.61,rev_6188a81fdcc4,Portugal safe interior v3 from the 1751 Vaugondy sheets; positional uncertainty 12.33 km replaces 34.61 km,REVISED,promo_b68466ea22a9,12.33
TERRESTRIAL_HEX,h6000_q-000600_r+000897,sp_fef06587fead,CONTROLLED,"land inside the Portuguese safe interior (v3); 19.03 of 19.03 km2 of the hex's canonical land, largest unioned share",UNRESOLVED,,promo_7c95358cf0a4,34.61,rev_25faea9adc4f,Portugal safe interior v3 from the 1751 Vaugondy sheets; positional uncertainty 12.33 km replaces 34.61 km,REVISED,promo_b68466ea22a9,12.33
TERRESTRIAL_HEX,h6000_q-000600_r+000899,sp_fef06587fead,CONTROLLED,"land inside the Portuguese safe interior (v3); 18.99 of 18.99 km2 of the hex's canonical land, largest unioned share",UNRESOLVED,,promo_7c95358cf0a4,34.61,rev_ae791dcce9a9,Portugal safe interior v3 from the 1751 Vaugondy sheets; positional uncertainty 12.33 km replaces 34.61 km,REVISED,promo_b68466ea22a9,12.33
TERRESTRIAL_HEX,h6000_q-000600_r+000900,sp_fef06587fead,CONTROLLED,"land inside the Portuguese safe interior (v3); 18.97 of 18.97 km2 of the hex's canonical land, largest unioned share",UNRESOLVED,,promo_7c95358cf0a4,34.61,rev_68fed010d045,Portugal safe interior v3 from the 1751 Vaugondy sheets; positional uncertainty 12.33 km replaces 34.61 km,REVISED,promo_b68466ea22a9,12.33
TERRESTRIAL_HEX,h6000_q-000600_r+000901,sp_fef06587fead,CONTROLLED,"land inside the Portuguese safe interior (v3); 18.95 of 18.95 km2 of the hex's canonical land, largest unioned share",UNRESOLVED,,promo_7c95358cf0a4,34.61,rev_9663af0c422d,Portugal safe interior v3 from the 1751 Vaugondy sheets; positional uncertainty 12.33 km replaces 34.61 km,REVISED,promo_b68466ea22a9,12.33
TERRESTRIAL_HEX,h6000_q-000600_r+000902,sp_fef06587fead,CONTROLLED,"land inside the Portuguese safe interior (v3); 18.93 of 18.93 km2 of the hex's canonical land, largest unioned share",UNRESOLVED,,promo_7c95358cf0a4,34.61,rev_26137df1fb4b,Portugal safe interior v3 from the 1751 Vaugondy sheets; positional uncertainty 12.33 km replaces 34.61 km,REVISED,promo_b68466ea22a9,12.33
TERRESTRIAL_HEX,h6000_q-000600_r+000903,sp_fef06587fead,CONTROLLED,"land inside the Portuguese safe interior (v3); 18.91 of 18.91 km2 of the hex's canonical land, largest unioned share",UNRESOLVED,,promo_7c95358cf0a4,34.61,rev_dc63ee250bb0,Portugal safe interior v3 from the 1751 Vaugondy sheets; positional uncertainty 12.33 km replaces 34.61 km,REVISED,promo_b68466ea22a9,12.33
TERRESTRIAL_HEX,h6000_q-000600_r+000904,sp_fef06587fead,CONTROLLED,"land inside the Portuguese safe interior (v3); 18.89 of 18.89 km2 of the hex's canonical land, largest unioned share",UNRESOLVED,,promo_7c95358cf0a4,34.61,rev_f44ca6040018,Portugal safe interior v3 from the 1751 Vaugondy sheets; positional uncertainty 12.33 km replaces 34.61 km,REVISED,promo_b68466ea22a9,12.33
TERRESTRIAL_HEX,h6000_q-000600_r+000905,sp_fef06587fead,CONTROLLED,"land inside the Portuguese safe interior (v3); 18.87 of 18.87 km2 of the hex's canonical land, largest unioned share",UNRESOLVED,,promo_7c95358cf0a4,34.61,rev_0d2652a56bf8,Portugal safe interior v3 from the 1751 Vaugondy sheets; positional uncertainty 12.33 km replaces 34.61 km,REVISED,promo_b68466ea22a9,12.33
TERRESTRIAL_HEX,h6000_q-000600_r+000906,sp_fef06587fead,CONTROLLED,"land inside the Portuguese safe interior (v3); 18.85 of 18.85 km2 of the hex's canonical land, largest unioned share",UNRESOLVED,,promo_7c95358cf0a4,34.61,rev_81ba9898b02e,Portugal safe interior v3 from the 1751 Vaugondy sheets; positional uncertainty 12.33 km replaces 34.61 km,REVISED,promo_b68466ea22a9,12.33
TERRESTRIAL_HEX,h6000_q-000600_r+000907,sp_fef06587fead,CONTROLLED,"land inside the Portuguese safe interior (v3); 18.84 of 18.84 km2 of the hex's canonical land, largest unioned share",UNRESOLVED,,promo_7c95358cf0a4,34.61,rev_6b668b02fb85,Portugal safe interior v3 from the 1751 Vaugondy sheets; positional uncertainty 12.33 km replaces 34.61 km,REVISED,promo_b68466ea22a9,12.33
TERRESTRIAL_HEX,h6000_q-000600_r+000908,sp_fef06587fead,CONTROLLED,"land inside the Portuguese safe interior (v3); 18.82 of 18.82 km2 of the hex's canonical land, largest unioned share",UNRESOLVED,,promo_7c95358cf0a4,34.61,rev_e0d89f948ccf,Portugal safe interior v3 from the 1751 Vaugondy sheets; positional uncertainty 12.33 km replaces 34.61 km,REVISED,promo_b68466ea22a9,12.33
TERRESTRIAL_HEX,h6000_q-000600_r+000909,sp_fef06587fead,CONTROLLED,"land inside the Portuguese safe interior (v3); 18.80 of 18.80 km2 of the hex's canonical land, largest unioned share",UNRESOLVED,,promo_7c95358cf0a4,34.61,rev_6178920732c8,Portugal safe interior v3 from the 1751 Vaugondy sheets; positional uncertainty 12.33 km replaces 34.61 km,REVISED,promo_b68466ea22a9,12.33
TERRESTRIAL_HEX,h6000_q-000600_r+000910,sp_fef06587fead,CONTROLLED,"land inside the Portuguese safe interior (v3); 18.78 of 18.78 km2 of the hex's canonical land, largest unioned share",UNRESOLVED,,promo_7c95358cf0a4,34.61,rev_b2953cfcd54f,Portugal safe interior v3 from the 1751 Vaugondy sheets; positional uncertainty 12.33 km replaces 34.61 km,REVISED,promo_b68466ea22a9,12.33
TERRESTRIAL_HEX,h6000_q-000600_r+000911,sp_fef06587fead,CONTROLLED,"land inside the Portuguese safe interior (v3); 18.76 of 18.76 km2 of the hex's canonical land, largest unioned share",UNRESOLVED,,promo_7c95358cf0a4,34.61,rev_68f72783ad91,Portugal safe interior v3 from the 1751 Vaugondy sheets; positional uncertainty 12.33 km replaces 34.61 km,REVISED,promo_b68466ea22a9,12.33
TERRESTRIAL_HEX,h6000_q-000600_r+000912,sp_fef06587fead,CONTROLLED,"land inside the Portuguese safe interior (v3); 18.74 of 18.74 km2 of the hex's canonical land, largest unioned share",UNRESOLVED,,promo_7c95358cf0a4,34.61,rev_ce91bb190a8b,Portugal safe interior v3 from the 1751 Vaugondy sheets; positional uncertainty 12.33 km replaces 34.61 km,REVISED,promo_b68466ea22a9,12.33
TERRESTRIAL_HEX,h6000_q-000600_r+000913,sp_fef06587fead,CONTROLLED,"land inside the Portuguese safe interior (v3); 18.72 of 18.72 km2 of the hex's canonical land, largest unioned share",UNRESOLVED,,promo_7c95358cf0a4,34.61,rev_adce8bc75e03,Portugal safe interior v3 from the 1751 Vaugondy sheets; positional uncertainty 12.33 km replaces 34.61 km,REVISED,promo_b68466ea22a9,12.33
TERRESTRIAL_HEX,h6000_q-000600_r+000914,sp_fef06587fead,CONTROLLED,"land inside the Portuguese safe interior (v3); 18.70 of 18.70 km2 of the hex's canonical land, largest unioned share",UNRESOLVED,,promo_7c95358cf0a4,34.61,rev_276afd3638cd,Portugal safe interior v3 from the 1751 Vaugondy sheets; positional uncertainty 12.33 km replaces 34.61 km,REVISED,promo_b68466ea22a9,12.33
TERRESTRIAL_HEX,h6000_q-000600_r+000915,sp_fef06587fead,CONTROLLED,"land inside the Portuguese safe interior (v3); 18.68 of 18.68 km2 of the hex's canonical land, largest unioned share",UNRESOLVED,,promo_7c95358cf0a4,34.61,rev_f69fe7c864b5,Portugal safe interior v3 from the 1751 Vaugondy sheets; positional uncertainty 12.33 km replaces 34.61 km,REVISED,promo_b68466ea22a9,12.33
TERRESTRIAL_HEX,h6000_q-000600_r+000917,sp_fef06587fead,CONTROLLED,"land inside the Portuguese safe interior (v3); 18.64 of 18.64 km2 of the hex's canonical land, largest unioned share",UNRESOLVED,,promo_7c95358cf0a4,34.61,rev_eb32494fdd40,Portugal safe interior v3 from the 1751 Vaugondy sheets; positional uncertainty 12.33 km replaces 34.61 km,REVISED,promo_b68466ea22a9,12.33
TERRESTRIAL_HEX,h6000_q-000600_r+000918,sp_fef06587fead,CONTROLLED,"land inside the Portuguese safe interior (v3); 18.63 of 18.63 km2 of the hex's canonical land, largest unioned share",UNRESOLVED,,promo_7c95358cf0a4,34.61,rev_3ba8fe08c55e,Portugal safe interior v3 from the 1751 Vaugondy sheets; positional uncertainty 12.33 km replaces 34.61 km,REVISED,promo_b68466ea22a9,12.33
TERRESTRIAL_HEX,h6000_q-000600_r+000919,sp_fef06587fead,CONTROLLED,"land inside the Portuguese safe interior (v3); 18.61 of 18.61 km2 of the hex's canonical land, largest unioned share",UNRESOLVED,,promo_7c95358cf0a4,34.61,rev_b13f1368b0fd,Portugal safe interior v3 from the 1751 Vaugondy sheets; positional uncertainty 12.33 km replaces 34.61 km,REVISED,promo_b68466ea22a9,12.33
TERRESTRIAL_HEX,h6000_q-000600_r+000920,sp_fef06587fead,CONTROLLED,"land inside the Portuguese safe interior (v3); 18.59 of 18.59 km2 of the hex's canonical land, largest unioned share",UNRESOLVED,,promo_7c95358cf0a4,34.61,rev_4ff831c22279,Portugal safe interior v3 from the 1751 Vaugondy sheets; positional uncertainty 12.33 km replaces 34.61 km,REVISED,promo_b68466ea22a9,12.33
TERRESTRIAL_HEX,h6000_q-000600_r+000921,sp_fef06587fead,CONTROLLED,"land inside the Portuguese safe interior (v3); 18.57 of 18.57 km2 of the hex's canonical land, largest unioned share",UNRESOLVED,,promo_7c95358cf0a4,34.61,rev_30cd01425ced,Portugal safe interior v3 from the 1751 Vaugondy sheets; positional uncertainty 12.33 km replaces 34.61 km,REVISED,promo_b68466ea22a9,12.33
TERRESTRIAL_HEX,h6000_q-000600_r+000922,sp_fef06587fead,CONTROLLED,"land inside the Portuguese safe interior (v3); 18.55 of 18.55 km2 of the hex's canonical land, largest unioned share",UNRESOLVED,,promo_7c95358cf0a4,34.61,rev_747ea96d32d3,Portugal safe interior v3 from the 1751 Vaugondy sheets; positional uncertainty 12.33 km replaces 34.61 km,REVISED,promo_b68466ea22a9,12.33
TERRESTRIAL_HEX,h6000_q-000600_r+000923,sp_fef06587fead,CONTROLLED,"land inside the Portuguese safe interior (v3); 18.53 of 18.53 km2 of the hex's canonical land, largest unioned share",UNRESOLVED,,promo_c1d69cca569e,34.61,rev_71984bddd3a8,Portugal safe interior v3 from the 1751 Vaugondy sheets; positional uncertainty 12.33 km replaces 34.61 km,REVISED,promo_b68466ea22a9,12.33
TERRESTRIAL_HEX,h6000_q-000600_r+000924,sp_fef06587fead,CONTROLLED,"land inside the Portuguese safe interior (v3); 12.54 of 18.51 km2 of the hex's canonical land, largest unioned share",UNRESOLVED,,promo_c1d69cca569e,34.61,rev_a6f8c5b98f80,Portugal safe interior v3 from the 1751 Vaugondy sheets; positional uncertainty 12.33 km replaces 34.61 km,REVISED,promo_b68466ea22a9,12.33
TERRESTRIAL_HEX,h6000_q-000600_r+000925,sp_fef06587fead,CONTROLLED,"land inside the Portuguese safe interior (v3); 0.16 of 18.49 km2 of the hex's canonical land, largest unioned share",UNRESOLVED,,promo_c1d69cca569e,34.61,rev_6191df00e7eb,Portugal safe interior v3 from the 1751 Vaugondy sheets; positional uncertainty 12.33 km replaces 34.61 km,REVISED,promo_b68466ea22a9,12.33
TERRESTRIAL_HEX,h6000_q-000601_r+000884,sp_fef06587fead,CONTROLLED,"land inside the Portuguese safe interior (v3); 19.28 of 19.28 km2 of the hex's canonical land, largest unioned share",UNRESOLVED,,promo_7c95358cf0a4,34.61,rev_3d24e581233a,Portugal safe interior v3 from the 1751 Vaugondy sheets; positional uncertainty 12.33 km replaces 34.61 km,REVISED,promo_b68466ea22a9,12.33
TERRESTRIAL_HEX,h6000_q-000601_r+000885,sp_fef06587fead,CONTROLLED,"land inside the Portuguese safe interior (v3); 19.26 of 19.26 km2 of the hex's canonical land, largest unioned share",UNRESOLVED,,promo_7c95358cf0a4,34.61,rev_12b1fd9528b5,Portugal safe interior v3 from the 1751 Vaugondy sheets; positional uncertainty 12.33 km replaces 34.61 km,REVISED,promo_b68466ea22a9,12.33
TERRESTRIAL_HEX,h6000_q-000601_r+000886,sp_fef06587fead,CONTROLLED,"land inside the Portuguese safe interior (v3); 19.24 of 19.24 km2 of the hex's canonical land, largest unioned share",UNRESOLVED,,promo_7c95358cf0a4,34.61,rev_67edac805af6,Portugal safe interior v3 from the 1751 Vaugondy sheets; positional uncertainty 12.33 km replaces 34.61 km,REVISED,promo_b68466ea22a9,12.33
TERRESTRIAL_HEX,h6000_q-000601_r+000887,sp_fef06587fead,CONTROLLED,"land inside the Portuguese safe interior (v3); 19.22 of 19.22 km2 of the hex's canonical land, largest unioned share",UNRESOLVED,,promo_7c95358cf0a4,34.61,rev_4414f0d9679d,Portugal safe interior v3 from the 1751 Vaugondy sheets; positional uncertainty 12.33 km replaces 34.61 km,REVISED,promo_b68466ea22a9,12.33
TERRESTRIAL_HEX,h6000_q-000601_r+000888,sp_fef06587fead,CONTROLLED,"land inside the Portuguese safe interior (v3); 19.20 of 19.20 km2 of the hex's canonical land, largest unioned share",UNRESOLVED,,promo_7c95358cf0a4,34.61,rev_ffda33968ad2,Portugal safe interior v3 from the 1751 Vaugondy sheets; positional uncertainty 12.33 km replaces 34.61 km,REVISED,promo_b68466ea22a9,12.33
TERRESTRIAL_HEX,h6000_q-000601_r+000889,sp_fef06587fead,CONTROLLED,"land inside the Portuguese safe interior (v3); 19.18 of 19.18 km2 of the hex's canonical land, largest unioned share",UNRESOLVED,,promo_7c95358cf0a4,34.61,rev_9a6f21b158b5,Portugal safe interior v3 from the 1751 Vaugondy sheets; positional uncertainty 12.33 km replaces 34.61 km,REVISED,promo_b68466ea22a9,12.33
TERRESTRIAL_HEX,h6000_q-000601_r+000890,sp_fef06587fead,CONTROLLED,"land inside the Portuguese safe interior (v3); 19.16 of 19.16 km2 of the hex's canonical land, largest unioned share",UNRESOLVED,,promo_7c95358cf0a4,34.61,rev_bbd9dc733f39,Portugal safe interior v3 from the 1751 Vaugondy sheets; positional uncertainty 12.33 km replaces 34.61 km,REVISED,promo_b68466ea22a9,12.33
TERRESTRIAL_HEX,h6000_q-000601_r+000891,sp_fef06587fead,CONTROLLED,"land inside the Portuguese safe interior (v3); 19.14 of 19.14 km2 of the hex's canonical land, largest unioned share",UNRESOLVED,,promo_7c95358cf0a4,34.61,rev_7847828e5e2a,Portugal safe interior v3 from the 1751 Vaugondy sheets; positional uncertainty 12.33 km replaces 34.61 km,REVISED,promo_b68466ea22a9,12.33
TERRESTRIAL_HEX,h6000_q-000601_r+000892,sp_fef06587fead,CONTROLLED,"land inside the Portuguese safe interior (v3); 19.12 of 19.12 km2 of the hex's canonical land, largest unioned share",UNRESOLVED,,promo_7c95358cf0a4,34.61,rev_29a008b65f14,Portugal safe interior v3 from the 1751 Vaugondy sheets; positional uncertainty 12.33 km replaces 34.61 km,REVISED,promo_b68466ea22a9,12.33
TERRESTRIAL_HEX,h6000_q-000601_r+000896,sp_fef06587fead,CONTROLLED,"land inside the Portuguese safe interior (v3); 19.05 of 19.05 km2 of the hex's canonical land, largest unioned share",UNRESOLVED,,promo_7c95358cf0a4,34.61,rev_052c19163f38,Portugal safe interior v3 from the 1751 Vaugondy sheets; positional uncertainty 12.33 km replaces 34.61 km,REVISED,promo_b68466ea22a9,12.33
TERRESTRIAL_HEX,h6000_q-000601_r+000897,sp_fef06587fead,CONTROLLED,"land inside the Portuguese safe interior (v3); 19.03 of 19.03 km2 of the hex's canonical land, largest unioned share",UNRESOLVED,,promo_7c95358cf0a4,34.61,rev_f812d6a42a34,Portugal safe interior v3 from the 1751 Vaugondy sheets; positional uncertainty 12.33 km replaces 34.61 km,REVISED,promo_b68466ea22a9,12.33
TERRESTRIAL_HEX,h6000_q-000601_r+000898,sp_fef06587fead,CONTROLLED,"land inside the Portuguese safe interior (v3); 19.01 of 19.01 km2 of the hex's canonical land, largest unioned share",UNRESOLVED,,promo_7c95358cf0a4,34.61,rev_b08ad5ba1551,Portugal safe interior v3 from the 1751 Vaugondy sheets; positional uncertainty 12.33 km replaces 34.61 km,REVISED,promo_b68466ea22a9,12.33
TERRESTRIAL_HEX,h6000_q-000601_r+000899,sp_fef06587fead,CONTROLLED,"land inside the Portuguese safe interior (v3); 18.99 of 18.99 km2 of the hex's canonical land, largest unioned share",UNRESOLVED,,promo_7c95358cf0a4,34.61,rev_d4e372a6f25f,Portugal safe interior v3 from the 1751 Vaugondy sheets; positional uncertainty 12.33 km replaces 34.61 km,REVISED,promo_b68466ea22a9,12.33
TERRESTRIAL_HEX,h6000_q-000601_r+000900,sp_fef06587fead,CONTROLLED,"land inside the Portuguese safe interior (v3); 18.97 of 18.97 km2 of the hex's canonical land, largest unioned share",UNRESOLVED,,promo_7c95358cf0a4,34.61,rev_a4167a4172e4,Portugal safe interior v3 from the 1751 Vaugondy sheets; positional uncertainty 12.33 km replaces 34.61 km,REVISED,promo_b68466ea22a9,12.33
TERRESTRIAL_HEX,h6000_q-000601_r+000901,sp_fef06587fead,CONTROLLED,"land inside the Portuguese safe interior (v3); 18.95 of 18.95 km2 of the hex's canonical land, largest unioned share",UNRESOLVED,,promo_7c95358cf0a4,34.61,rev_ceee5731e351,Portugal safe interior v3 from the 1751 Vaugondy sheets; positional uncertainty 12.33 km replaces 34.61 km,REVISED,promo_b68466ea22a9,12.33
TERRESTRIAL_HEX,h6000_q-000601_r+000902,sp_fef06587fead,CONTROLLED,"land inside the Portuguese safe interior (v3); 18.93 of 18.93 km2 of the hex's canonical land, largest unioned share",UNRESOLVED,,promo_7c95358cf0a4,34.61,rev_2da18e5ac521,Portugal safe interior v3 from the 1751 Vaugondy sheets; positional uncertainty 12.33 km replaces 34.61 km,REVISED,promo_b68466ea22a9,12.33
TERRESTRIAL_HEX,h6000_q-000601_r+000903,sp_fef06587fead,CONTROLLED,"land inside the Portuguese safe interior (v3); 18.91 of 18.91 km2 of the hex's canonical land, largest unioned share",UNRESOLVED,,promo_7c95358cf0a4,34.61,rev_0c1393fb88d4,Portugal safe interior v3 from the 1751 Vaugondy sheets; positional uncertainty 12.33 km replaces 34.61 km,REVISED,promo_b68466ea22a9,12.33
TERRESTRIAL_HEX,h6000_q-000601_r+000904,sp_fef06587fead,CONTROLLED,"land inside the Portuguese safe interior (v3); 18.89 of 18.89 km2 of the hex's canonical land, largest unioned share",UNRESOLVED,,promo_7c95358cf0a4,34.61,rev_b117e55225e4,Portugal safe interior v3 from the 1751 Vaugondy sheets; positional uncertainty 12.33 km replaces 34.61 km,REVISED,promo_b68466ea22a9,12.33
TERRESTRIAL_HEX,h6000_q-000601_r+000905,sp_fef06587fead,CONTROLLED,"land inside the Portuguese safe interior (v3); 18.87 of 18.87 km2 of the hex's canonical land, largest unioned share",UNRESOLVED,,promo_7c95358cf0a4,34.61,rev_c287393c1cef,Portugal safe interior v3 from the 1751 Vaugondy sheets; positional uncertainty 12.33 km replaces 34.61 km,REVISED,promo_b68466ea22a9,12.33
TERRESTRIAL_HEX,h6000_q-000601_r+000906,sp_fef06587fead,CONTROLLED,"land inside the Portuguese safe interior (v3); 18.85 of 18.85 km2 of the hex's canonical land, largest unioned share",UNRESOLVED,,promo_7c95358cf0a4,34.61,rev_cb31c5c89de3,Portugal safe interior v3 from the 1751 Vaugondy sheets; positional uncertainty 12.33 km replaces 34.61 km,REVISED,promo_b68466ea22a9,12.33
TERRESTRIAL_HEX,h6000_q-000601_r+000907,sp_fef06587fead,CONTROLLED,"land inside the Portuguese safe interior (v3); 18.84 of 18.84 km2 of the hex's canonical land, largest unioned share",UNRESOLVED,,promo_7c95358cf0a4,34.61,rev_2919b2ba2b74,Portugal safe interior v3 from the 1751 Vaugondy sheets; positional uncertainty 12.33 km replaces 34.61 km,REVISED,promo_b68466ea22a9,12.33
TERRESTRIAL_HEX,h6000_q-000601_r+000908,sp_fef06587fead,CONTROLLED,"land inside the Portuguese safe interior (v3); 18.82 of 18.82 km2 of the hex's canonical land, largest unioned share",UNRESOLVED,,promo_7c95358cf0a4,34.61,rev_054286e630cd,Portugal safe interior v3 from the 1751 Vaugondy sheets; positional uncertainty 12.33 km replaces 34.61 km,REVISED,promo_b68466ea22a9,12.33
TERRESTRIAL_HEX,h6000_q-000601_r+000909,sp_fef06587fead,CONTROLLED,"land inside the Portuguese safe interior (v3); 18.80 of 18.80 km2 of the hex's canonical land, largest unioned share",UNRESOLVED,,promo_7c95358cf0a4,34.61,rev_b4c42dc2852f,Portugal safe interior v3 from the 1751 Vaugondy sheets; positional uncertainty 12.33 km replaces 34.61 km,REVISED,promo_b68466ea22a9,12.33
TERRESTRIAL_HEX,h6000_q-000601_r+000910,sp_fef06587fead,CONTROLLED,"land inside the Portuguese safe interior (v3); 18.78 of 18.78 km2 of the hex's canonical land, largest unioned share",UNRESOLVED,,promo_7c95358cf0a4,34.61,rev_362fe9334526,Portugal safe interior v3 from the 1751 Vaugondy sheets; positional uncertainty 12.33 km replaces 34.61 km,REVISED,promo_b68466ea22a9,12.33
TERRESTRIAL_HEX,h6000_q-000601_r+000911,sp_fef06587fead,CONTROLLED,"land inside the Portuguese safe interior (v3); 18.76 of 18.76 km2 of the hex's canonical land, largest unioned share",UNRESOLVED,,promo_7c95358cf0a4,34.61,rev_bcfbd71e0d7c,Portugal safe interior v3 from the 1751 Vaugondy sheets; positional uncertainty 12.33 km replaces 34.61 km,REVISED,promo_b68466ea22a9,12.33
TERRESTRIAL_HEX,h6000_q-000601_r+000912,sp_fef06587fead,CONTROLLED,"land inside the Portuguese safe interior (v3); 18.74 of 18.74 km2 of the hex's canonical land, largest unioned share",UNRESOLVED,,promo_7c95358cf0a4,34.61,rev_08a7062b6a2d,Portugal safe interior v3 from the 1751 Vaugondy sheets; positional uncertainty 12.33 km replaces 34.61 km,REVISED,promo_b68466ea22a9,12.33
TERRESTRIAL_HEX,h6000_q-000601_r+000913,sp_fef06587fead,CONTROLLED,"land inside the Portuguese safe interior (v3); 18.72 of 18.72 km2 of the hex's canonical land, largest unioned share",UNRESOLVED,,promo_7c95358cf0a4,34.61,rev_62da66ea6519,Portugal safe interior v3 from the 1751 Vaugondy sheets; positional uncertainty 12.33 km replaces 34.61 km,REVISED,promo_b68466ea22a9,12.33
TERRESTRIAL_HEX,h6000_q-000601_r+000914,sp_fef06587fead,CONTROLLED,"land inside the Portuguese safe interior (v3); 18.70 of 18.70 km2 of the hex's canonical land, largest unioned share",UNRESOLVED,,promo_7c95358cf0a4,34.61,rev_e314d1117745,Portugal safe interior v3 from the 1751 Vaugondy sheets; positional uncertainty 12.33 km replaces 34.61 km,REVISED,promo_b68466ea22a9,12.33
TERRESTRIAL_HEX,h6000_q-000601_r+000920,sp_fef06587fead,CONTROLLED,"land inside the Portuguese safe interior (v3); 18.59 of 18.59 km2 of the hex's canonical land, largest unioned share",UNRESOLVED,,promo_c1d69cca569e,34.61,rev_6410390fe0ba,Portugal safe interior v3 from the 1751 Vaugondy sheets; positional uncertainty 12.33 km replaces 34.61 km,REVISED,promo_b68466ea22a9,12.33
TERRESTRIAL_HEX,h6000_q-000601_r+000921,sp_fef06587fead,CONTROLLED,"land inside the Portuguese safe interior (v3); 18.57 of 18.57 km2 of the hex's canonical land, largest unioned share",UNRESOLVED,,promo_7c95358cf0a4,34.61,rev_be7cd2621d5b,Portugal safe interior v3 from the 1751 Vaugondy sheets; positional uncertainty 12.33 km replaces 34.61 km,REVISED,promo_b68466ea22a9,12.33
TERRESTRIAL_HEX,h6000_q-000601_r+000922,sp_fef06587fead,CONTROLLED,"land inside the Portuguese safe interior (v3); 18.55 of 18.55 km2 of the hex's canonical land, largest unioned share",UNRESOLVED,,promo_7c95358cf0a4,34.61,rev_1322e6326822,Portugal safe interior v3 from the 1751 Vaugondy sheets; positional uncertainty 12.33 km replaces 34.61 km,REVISED,promo_b68466ea22a9,12.33
TERRESTRIAL_HEX,h6000_q-000601_r+000923,sp_fef06587fead,CONTROLLED,"land inside the Portuguese safe interior (v3); 18.53 of 18.53 km2 of the hex's canonical land, largest unioned share",UNRESOLVED,,promo_c1d69cca569e,34.61,rev_8159e891cc1a,Portugal safe interior v3 from the 1751 Vaugondy sheets; positional uncertainty 12.33 km replaces 34.61 km,REVISED,promo_b68466ea22a9,12.33
TERRESTRIAL_HEX,h6000_q-000601_r+000924,sp_fef06587fead,CONTROLLED,"land inside the Portuguese safe interior (v3); 18.51 of 18.51 km2 of the hex's canonical land, largest unioned share",UNRESOLVED,,promo_c1d69cca569e,34.61,rev_8064c330627f,Portugal safe interior v3 from the 1751 Vaugondy sheets; positional uncertainty 12.33 km replaces 34.61 km,REVISED,promo_b68466ea22a9,12.33
TERRESTRIAL_HEX,h6000_q-000601_r+000925,sp_fef06587fead,CONTROLLED,"land inside the Portuguese safe interior (v3); 14.33 of 18.49 km2 of the hex's canonical land, largest unioned share",UNRESOLVED,,promo_c1d69cca569e,34.61,rev_175a0f84a0ba,Portugal safe interior v3 from the 1751 Vaugondy sheets; positional uncertainty 12.33 km replaces 34.61 km,REVISED,promo_b68466ea22a9,12.33
TERRESTRIAL_HEX,h6000_q-000602_r+000883,sp_fef06587fead,CONTROLLED,"land inside the Portuguese safe interior (v3); 1.75 of 19.30 km2 of the hex's canonical land, largest unioned share",UNRESOLVED,,promo_7c95358cf0a4,34.61,rev_0a5089b39be5,Portugal safe interior v3 from the 1751 Vaugondy sheets; positional uncertainty 12.33 km replaces 34.61 km,REVISED,promo_b68466ea22a9,12.33
TERRESTRIAL_HEX,h6000_q-000602_r+000884,sp_fef06587fead,CONTROLLED,"land inside the Portuguese safe interior (v3); 19.28 of 19.28 km2 of the hex's canonical land, largest unioned share",UNRESOLVED,,promo_7c95358cf0a4,34.61,rev_9013b79d1319,Portugal safe interior v3 from the 1751 Vaugondy sheets; positional uncertainty 12.33 km replaces 34.61 km,REVISED,promo_b68466ea22a9,12.33
TERRESTRIAL_HEX,h6000_q-000602_r+000885,sp_fef06587fead,CONTROLLED,"land inside the Portuguese safe interior (v3); 19.26 of 19.26 km2 of the hex's canonical land, largest unioned share",UNRESOLVED,,promo_7c95358cf0a4,34.61,rev_f085f7f9b31c,Portugal safe interior v3 from the 1751 Vaugondy sheets; positional uncertainty 12.33 km replaces 34.61 km,REVISED,promo_b68466ea22a9,12.33
TERRESTRIAL_HEX,h6000_q-000602_r+000886,sp_fef06587fead,CONTROLLED,"land inside the Portuguese safe interior (v3); 19.24 of 19.24 km2 of the hex's canonical land, largest unioned share",UNRESOLVED,,promo_7c95358cf0a4,34.61,rev_8ed68023ece3,Portugal safe interior v3 from the 1751 Vaugondy sheets; positional uncertainty 12.33 km replaces 34.61 km,REVISED,promo_b68466ea22a9,12.33
TERRESTRIAL_HEX,h6000_q-000602_r+000887,sp_fef06587fead,CONTROLLED,"land inside the Portuguese safe interior (v3); 19.22 of 19.22 km2 of the hex's canonical land, largest unioned share",UNRESOLVED,,promo_7c95358cf0a4,34.61,rev_ca6d56314874,Portugal safe interior v3 from the 1751 Vaugondy sheets; positional uncertainty 12.33 km replaces 34.61 km,REVISED,promo_b68466ea22a9,12.33
TERRESTRIAL_HEX,h6000_q-000602_r+000888,sp_fef06587fead,CONTROLLED,"land inside the Portuguese safe interior (v3); 19.20 of 19.20 km2 of the hex's canonical land, largest unioned share",UNRESOLVED,,promo_7c95358cf0a4,34.61,rev_3c3fd812cbc2,Portugal safe interior v3 from the 1751 Vaugondy sheets; positional uncertainty 12.33 km replaces 34.61 km,REVISED,promo_b68466ea22a9,12.33
TERRESTRIAL_HEX,h6000_q-000602_r+000889,sp_fef06587fead,CONTROLLED,"land inside the Portuguese safe interior (v3); 19.18 of 19.18 km2 of the hex's canonical land, largest unioned share",UNRESOLVED,,promo_7c95358cf0a4,34.61,rev_37cd8f29723e,Portugal safe interior v3 from the 1751 Vaugondy sheets; positional uncertainty 12.33 km replaces 34.61 km,REVISED,promo_b68466ea22a9,12.33
TERRESTRIAL_HEX,h6000_q-000602_r+000890,sp_fef06587fead,CONTROLLED,"land inside the Portuguese safe interior (v3); 19.16 of 19.16 km2 of the hex's canonical land, largest unioned share",UNRESOLVED,,promo_7c95358cf0a4,34.61,rev_7bcf40ef54ff,Portugal safe interior v3 from the 1751 Vaugondy sheets; positional uncertainty 12.33 km replaces 34.61 km,REVISED,promo_b68466ea22a9,12.33
TERRESTRIAL_HEX,h6000_q-000602_r+000891,sp_fef06587fead,CONTROLLED,"land inside the Portuguese safe interior (v3); 19.14 of 19.14 km2 of the hex's canonical land, largest unioned share",UNRESOLVED,,promo_7c95358cf0a4,34.61,rev_b878b113c903,Portugal safe interior v3 from the 1751 Vaugondy sheets; positional uncertainty 12.33 km replaces 34.61 km,REVISED,promo_b68466ea22a9,12.33
TERRESTRIAL_HEX,h6000_q-000602_r+000892,sp_fef06587fead,CONTROLLED,"land inside the Portuguese safe interior (v3); 19.12 of 19.12 km2 of the hex's canonical land, largest unioned share",UNRESOLVED,,promo_7c95358cf0a4,34.61,rev_3def809f23a0,Portugal safe interior v3 from the 1751 Vaugondy sheets; positional uncertainty 12.33 km replaces 34.61 km,REVISED,promo_b68466ea22a9,12.33
TERRESTRIAL_HEX,h6000_q-000602_r+000893,sp_fef06587fead,CONTROLLED,"land inside the Portuguese safe interior (v3); 19.10 of 19.10 km2 of the hex's canonical land, largest unioned share",UNRESOLVED,,promo_7c95358cf0a4,34.61,rev_afe390703c24,Portugal safe interior v3 from the 1751 Vaugondy sheets; positional uncertainty 12.33 km replaces 34.61 km,REVISED,promo_b68466ea22a9,12.33
TERRESTRIAL_HEX,h6000_q-000602_r+000894,sp_fef06587fead,CONTROLLED,"land inside the Portuguese safe interior (v3); 19.08 of 19.08 km2 of the hex's canonical land, largest unioned share",UNRESOLVED,,promo_7c95358cf0a4,34.61,rev_c1e673e43ac2,Portugal safe interior v3 from the 1751 Vaugondy sheets; positional uncertainty 12.33 km replaces 34.61 km,REVISED,promo_b68466ea22a9,12.33
TERRESTRIAL_HEX,h6000_q-000602_r+000896,sp_fef06587fead,CONTROLLED,"land inside the Portuguese safe interior (v3); 19.05 of 19.05 km2 of the hex's canonical land, largest unioned share",UNRESOLVED,,promo_c1d69cca569e,34.61,rev_208b4bb55248,Portugal safe interior v3 from the 1751 Vaugondy sheets; positional uncertainty 12.33 km replaces 34.61 km,REVISED,promo_b68466ea22a9,12.33
TERRESTRIAL_HEX,h6000_q-000602_r+000897,sp_fef06587fead,CONTROLLED,"land inside the Portuguese safe interior (v3); 19.03 of 19.03 km2 of the hex's canonical land, largest unioned share",UNRESOLVED,,promo_c1d69cca569e,34.61,rev_4cc4d7110568,Portugal safe interior v3 from the 1751 Vaugondy sheets; positional uncertainty 12.33 km replaces 34.61 km,REVISED,promo_b68466ea22a9,12.33
TERRESTRIAL_HEX,h6000_q-000602_r+000898,sp_fef06587fead,CONTROLLED,"land inside the Portuguese safe interior (v3); 19.01 of 19.01 km2 of the hex's canonical land, largest unioned share",UNRESOLVED,,promo_7c95358cf0a4,34.61,rev_86367bcbaa14,Portugal safe interior v3 from the 1751 Vaugondy sheets; positional uncertainty 12.33 km replaces 34.61 km,REVISED,promo_b68466ea22a9,12.33
TERRESTRIAL_HEX,h6000_q-000602_r+000899,sp_fef06587fead,CONTROLLED,"land inside the Portuguese safe interior (v3); 18.99 of 18.99 km2 of the hex's canonical land, largest unioned share",UNRESOLVED,,promo_7c95358cf0a4,34.61,rev_a3f50121d39a,Portugal safe interior v3 from the 1751 Vaugondy sheets; positional uncertainty 12.33 km replaces 34.61 km,REVISED,promo_b68466ea22a9,12.33
TERRESTRIAL_HEX,h6000_q-000602_r+000900,sp_fef06587fead,CONTROLLED,"land inside the Portuguese safe interior (v3); 18.97 of 18.97 km2 of the hex's canonical land, largest unioned share",UNRESOLVED,,promo_7c95358cf0a4,34.61,rev_44237645f48b,Portugal safe interior v3 from the 1751 Vaugondy sheets; positional uncertainty 12.33 km replaces 34.61 km,REVISED,promo_b68466ea22a9,12.33
TERRESTRIAL_HEX,h6000_q-000602_r+000901,sp_fef06587fead,CONTROLLED,"land inside the Portuguese safe interior (v3); 18.95 of 18.95 km2 of the hex's canonical land, largest unioned share",UNRESOLVED,,promo_7c95358cf0a4,34.61,rev_c5ba021854b0,Portugal safe interior v3 from the 1751 Vaugondy sheets; positional uncertainty 12.33 km replaces 34.61 km,REVISED,promo_b68466ea22a9,12.33
TERRESTRIAL_HEX,h6000_q-000602_r+000902,sp_fef06587fead,CONTROLLED,"land inside the Portuguese safe interior (v3); 18.93 of 18.93 km2 of the hex's canonical land, largest unioned share",UNRESOLVED,,promo_7c95358cf0a4,34.61,rev_e1655f7515f1,Portugal safe interior v3 from the 1751 Vaugondy sheets; positional uncertainty 12.33 km replaces 34.61 km,REVISED,promo_b68466ea22a9,12.33
TERRESTRIAL_HEX,h6000_q-000602_r+000903,sp_fef06587fead,CONTROLLED,"land inside the Portuguese safe interior (v3); 18.91 of 18.91 km2 of the hex's canonical land, largest unioned share",UNRESOLVED,,promo_7c95358cf0a4,34.61,rev_1507028e27cc,Portugal safe interior v3 from the 1751 Vaugondy sheets; positional uncertainty 12.33 km replaces 34.61 km,REVISED,promo_b68466ea22a9,12.33
TERRESTRIAL_HEX,h6000_q-000602_r+000904,sp_fef06587fead,CONTROLLED,"land inside the Portuguese safe interior (v3); 18.89 of 18.89 km2 of the hex's canonical land, largest unioned share",UNRESOLVED,,promo_7c95358cf0a4,34.61,rev_b2870f197021,Portugal safe interior v3 from the 1751 Vaugondy sheets; positional uncertainty 12.33 km replaces 34.61 km,REVISED,promo_b68466ea22a9,12.33
TERRESTRIAL_HEX,h6000_q-000602_r+000905,sp_fef06587fead,CONTROLLED,"land inside the Portuguese safe interior (v3); 18.87 of 18.87 km2 of the hex's canonical land, largest unioned share",UNRESOLVED,,promo_7c95358cf0a4,34.61,rev_4006f464bc7f,Portugal safe interior v3 from the 1751 Vaugondy sheets; positional uncertainty 12.33 km replaces 34.61 km,REVISED,promo_b68466ea22a9,12.33
TERRESTRIAL_HEX,h6000_q-000602_r+000906,sp_fef06587fead,CONTROLLED,"land inside the Portuguese safe interior (v3); 18.85 of 18.85 km2 of the hex's canonical land, largest unioned share",UNRESOLVED,,promo_7c95358cf0a4,34.61,rev_875d703db263,Portugal safe interior v3 from the 1751 Vaugondy sheets; positional uncertainty 12.33 km replaces 34.61 km,REVISED,promo_b68466ea22a9,12.33
TERRESTRIAL_HEX,h6000_q-000602_r+000907,sp_fef06587fead,CONTROLLED,"land inside the Portuguese safe interior (v3); 18.84 of 18.84 km2 of the hex's canonical land, largest unioned share",UNRESOLVED,,promo_7c95358cf0a4,34.61,rev_912da5820422,Portugal safe interior v3 from the 1751 Vaugondy sheets; positional uncertainty 12.33 km replaces 34.61 km,REVISED,promo_b68466ea22a9,12.33
TERRESTRIAL_HEX,h6000_q-000602_r+000908,sp_fef06587fead,CONTROLLED,"land inside the Portuguese safe interior (v3); 18.82 of 18.82 km2 of the hex's canonical land, largest unioned share",UNRESOLVED,,promo_7c95358cf0a4,34.61,rev_7bf8d038cd06,Portugal safe interior v3 from the 1751 Vaugondy sheets; positional uncertainty 12.33 km replaces 34.61 km,REVISED,promo_b68466ea22a9,12.33
TERRESTRIAL_HEX,h6000_q-000602_r+000909,sp_fef06587fead,CONTROLLED,"land inside the Portuguese safe interior (v3); 18.80 of 18.80 km2 of the hex's canonical land, largest unioned share",UNRESOLVED,,promo_7c95358cf0a4,34.61,rev_06a62ba7899f,Portugal safe interior v3 from the 1751 Vaugondy sheets; positional uncertainty 12.33 km replaces 34.61 km,REVISED,promo_b68466ea22a9,12.33
TERRESTRIAL_HEX,h6000_q-000602_r+000910,sp_fef06587fead,CONTROLLED,"land inside the Portuguese safe interior (v3); 18.78 of 18.78 km2 of the hex's canonical land, largest unioned share",UNRESOLVED,,promo_7c95358cf0a4,34.61,rev_f032618ccb5c,Portugal safe interior v3 from the 1751 Vaugondy sheets; positional uncertainty 12.33 km replaces 34.61 km,REVISED,promo_b68466ea22a9,12.33
TERRESTRIAL_HEX,h6000_q-000602_r+000911,sp_fef06587fead,CONTROLLED,"land inside the Portuguese safe interior (v3); 18.76 of 18.76 km2 of the hex's canonical land, largest unioned share",UNRESOLVED,,promo_7c95358cf0a4,34.61,rev_188f279b80d8,Portugal safe interior v3 from the 1751 Vaugondy sheets; positional uncertainty 12.33 km replaces 34.61 km,REVISED,promo_b68466ea22a9,12.33
TERRESTRIAL_HEX,h6000_q-000602_r+000912,sp_fef06587fead,CONTROLLED,"land inside the Portuguese safe interior (v3); 18.74 of 18.74 km2 of the hex's canonical land, largest unioned share",UNRESOLVED,,promo_7c95358cf0a4,34.61,rev_2224ce0ae9fa,Portugal safe interior v3 from the 1751 Vaugondy sheets; positional uncertainty 12.33 km replaces 34.61 km,REVISED,promo_b68466ea22a9,12.33
TERRESTRIAL_HEX,h6000_q-000602_r+000913,sp_fef06587fead,CONTROLLED,"land inside the Portuguese safe interior (v3); 18.72 of 18.72 km2 of the hex's canonical land, largest unioned share",UNRESOLVED,,promo_7c95358cf0a4,34.61,rev_5993d8aab10f,Portugal safe interior v3 from the 1751 Vaugondy sheets; positional uncertainty 12.33 km replaces 34.61 km,REVISED,promo_b68466ea22a9,12.33
TERRESTRIAL_HEX,h6000_q-000602_r+000921,sp_fef06587fead,CONTROLLED,"land inside the Portuguese safe interior (v3); 18.57 of 18.57 km2 of the hex's canonical land, largest unioned share",UNRESOLVED,,promo_c1d69cca569e,34.61,rev_07136aad2ee8,Portugal safe interior v3 from the 1751 Vaugondy sheets; positional uncertainty 12.33 km replaces 34.61 km,REVISED,promo_b68466ea22a9,12.33
TERRESTRIAL_HEX,h6000_q-000602_r+000922,sp_fef06587fead,CONTROLLED,"land inside the Portuguese safe interior (v3); 18.55 of 18.55 km2 of the hex's canonical land, largest unioned share",UNRESOLVED,,promo_c1d69cca569e,34.61,rev_e7139acd2356,Portugal safe interior v3 from the 1751 Vaugondy sheets; positional uncertainty 12.33 km replaces 34.61 km,REVISED,promo_b68466ea22a9,12.33
TERRESTRIAL_HEX,h6000_q-000602_r+000923,sp_fef06587fead,CONTROLLED,"land inside the Portuguese safe interior (v3); 18.53 of 18.53 km2 of the hex's canonical land, largest unioned share",UNRESOLVED,,promo_c1d69cca569e,34.61,rev_f6c7a455d131,Portugal safe interior v3 from the 1751 Vaugondy sheets; positional uncertainty 12.33 km replaces 34.61 km,REVISED,promo_b68466ea22a9,12.33
TERRESTRIAL_HEX,h6000_q-000602_r+000924,sp_fef06587fead,CONTROLLED,"land inside the Portuguese safe interior (v3); 18.51 of 18.51 km2 of the hex's canonical land, largest unioned share",UNRESOLVED,,promo_c1d69cca569e,34.61,rev_c60de3a802cf,Portugal safe interior v3 from the 1751 Vaugondy sheets; positional uncertainty 12.33 km replaces 34.61 km,REVISED,promo_b68466ea22a9,12.33
TERRESTRIAL_HEX,h6000_q-000602_r+000925,sp_fef06587fead,CONTROLLED,"land inside the Portuguese safe interior (v3); 17.30 of 18.49 km2 of the hex's canonical land, largest unioned share",UNRESOLVED,,promo_c1d69cca569e,34.61,rev_93e33ad7e8f1,Portugal safe interior v3 from the 1751 Vaugondy sheets; positional uncertainty 12.33 km replaces 34.61 km,REVISED,promo_b68466ea22a9,12.33
TERRESTRIAL_HEX,h6000_q-000602_r+000926,sp_fef06587fead,CONTROLLED,"land inside the Portuguese safe interior (v3); 0.57 of 18.47 km2 of the hex's canonical land, largest unioned share",UNRESOLVED,,promo_c1d69cca569e,34.61,rev_0879842d31e4,Portugal safe interior v3 from the 1751 Vaugondy sheets; positional uncertainty 12.33 km replaces 34.61 km,REVISED,promo_b68466ea22a9,12.33
TERRESTRIAL_HEX,h6000_q-000603_r+000884,sp_fef06587fead,CONTROLLED,"land inside the Portuguese safe interior (v3); 1.98 of 19.28 km2 of the hex's canonical land, largest unioned share",UNRESOLVED,,promo_7c95358cf0a4,34.61,rev_b36d4f1f6bfc,Portugal safe interior v3 from the 1751 Vaugondy sheets; positional uncertainty 12.33 km replaces 34.61 km,REVISED,promo_b68466ea22a9,12.33
TERRESTRIAL_HEX,h6000_q-000603_r+000885,sp_fef06587fead,CONTROLLED,"land inside the Portuguese safe interior (v3); 9.14 of 19.26 km2 of the hex's canonical land, largest unioned share",UNRESOLVED,,promo_7c95358cf0a4,34.61,rev_e4e28c224344,Portugal safe interior v3 from the 1751 Vaugondy sheets; positional uncertainty 12.33 km replaces 34.61 km,REVISED,promo_b68466ea22a9,12.33
TERRESTRIAL_HEX,h6000_q-000603_r+000886,sp_fef06587fead,CONTROLLED,"land inside the Portuguese safe interior (v3); 16.49 of 19.24 km2 of the hex's canonical land, largest unioned share",UNRESOLVED,,promo_7c95358cf0a4,34.61,rev_4192470dfebb,Portugal safe interior v3 from the 1751 Vaugondy sheets; positional uncertainty 12.33 km replaces 34.61 km,REVISED,promo_b68466ea22a9,12.33
TERRESTRIAL_HEX,h6000_q-000603_r+000887,sp_fef06587fead,CONTROLLED,"land inside the Portuguese safe interior (v3); 19.22 of 19.22 km2 of the hex's canonical land, largest unioned share",UNRESOLVED,,promo_7c95358cf0a4,34.61,rev_9943936c5a43,Portugal safe interior v3 from the 1751 Vaugondy sheets; positional uncertainty 12.33 km replaces 34.61 km,REVISED,promo_b68466ea22a9,12.33
TERRESTRIAL_HEX,h6000_q-000603_r+000888,sp_fef06587fead,CONTROLLED,"land inside the Portuguese safe interior (v3); 19.20 of 19.20 km2 of the hex's canonical land, largest unioned share",UNRESOLVED,,promo_7c95358cf0a4,34.61,rev_3c0df2aef141,Portugal safe interior v3 from the 1751 Vaugondy sheets; positional uncertainty 12.33 km replaces 34.61 km,REVISED,promo_b68466ea22a9,12.33
TERRESTRIAL_HEX,h6000_q-000603_r+000889,sp_fef06587fead,CONTROLLED,"land inside the Portuguese safe interior (v3); 19.18 of 19.18 km2 of the hex's canonical land, largest unioned share",UNRESOLVED,,promo_7c95358cf0a4,34.61,rev_59d194abed6e,Portugal safe interior v3 from the 1751 Vaugondy sheets; positional uncertainty 12.33 km replaces 34.61 km,REVISED,promo_b68466ea22a9,12.33
TERRESTRIAL_HEX,h6000_q-000603_r+000890,sp_fef06587fead,CONTROLLED,"land inside the Portuguese safe interior (v3); 19.16 of 19.16 km2 of the hex's canonical land, largest unioned share",UNRESOLVED,,promo_7c95358cf0a4,34.61,rev_5662d9a88c99,Portugal safe interior v3 from the 1751 Vaugondy sheets; positional uncertainty 12.33 km replaces 34.61 km,REVISED,promo_b68466ea22a9,12.33
TERRESTRIAL_HEX,h6000_q-000603_r+000891,sp_fef06587fead,CONTROLLED,"land inside the Portuguese safe interior (v3); 19.14 of 19.14 km2 of the hex's canonical land, largest unioned share",UNRESOLVED,,promo_7c95358cf0a4,34.61,rev_5f2d7152a63e,Portugal safe interior v3 from the 1751 Vaugondy sheets; positional uncertainty 12.33 km replaces 34.61 km,REVISED,promo_b68466ea22a9,12.33
TERRESTRIAL_HEX,h6000_q-000603_r+000892,sp_fef06587fead,CONTROLLED,"land inside the Portuguese safe interior (v3); 19.12 of 19.12 km2 of the hex's canonical land, largest unioned share",UNRESOLVED,,promo_7c95358cf0a4,34.61,rev_d291b4602e9c,Portugal safe interior v3 from the 1751 Vaugondy sheets; positional uncertainty 12.33 km replaces 34.61 km,REVISED,promo_b68466ea22a9,12.33
TERRESTRIAL_HEX,h6000_q-000603_r+000893,sp_fef06587fead,CONTROLLED,"land inside the Portuguese safe interior (v3); 19.10 of 19.10 km2 of the hex's canonical land, largest unioned share",UNRESOLVED,,promo_7c95358cf0a4,34.61,rev_6d2d937f7918,Portugal safe interior v3 from the 1751 Vaugondy sheets; positional uncertainty 12.33 km replaces 34.61 km,REVISED,promo_b68466ea22a9,12.33
TERRESTRIAL_HEX,h6000_q-000603_r+000894,sp_fef06587fead,CONTROLLED,"land inside the Portuguese safe interior (v3); 19.08 of 19.08 km2 of the hex's canonical land, largest unioned share",UNRESOLVED,,promo_7c95358cf0a4,34.61,rev_5f5c1efbf698,Portugal safe interior v3 from the 1751 Vaugondy sheets; positional uncertainty 12.33 km replaces 34.61 km,REVISED,promo_b68466ea22a9,12.33
TERRESTRIAL_HEX,h6000_q-000603_r+000895,sp_fef06587fead,CONTROLLED,"land inside the Portuguese safe interior (v3); 19.07 of 19.07 km2 of the hex's canonical land, largest unioned share",UNRESOLVED,,promo_7c95358cf0a4,34.61,rev_ce84e02adb7a,Portugal safe interior v3 from the 1751 Vaugondy sheets; positional uncertainty 12.33 km replaces 34.61 km,REVISED,promo_b68466ea22a9,12.33
TERRESTRIAL_HEX,h6000_q-000603_r+000896,sp_fef06587fead,CONTROLLED,"land inside the Portuguese safe interior (v3); 19.05 of 19.05 km2 of the hex's canonical land, largest unioned share",UNRESOLVED,,promo_c1d69cca569e,34.61,rev_8f3cbfc5943a,Portugal safe interior v3 from the 1751 Vaugondy sheets; positional uncertainty 12.33 km replaces 34.61 km,REVISED,promo_b68466ea22a9,12.33
TERRESTRIAL_HEX,h6000_q-000603_r+000897,sp_fef06587fead,CONTROLLED,"land inside the Portuguese safe interior (v3); 19.03 of 19.03 km2 of the hex's canonical land, largest unioned share",UNRESOLVED,,promo_c1d69cca569e,34.61,rev_fccd1a22d67a,Portugal safe interior v3 from the 1751 Vaugondy sheets; positional uncertainty 12.33 km replaces 34.61 km,REVISED,promo_b68466ea22a9,12.33
TERRESTRIAL_HEX,h6000_q-000603_r+000898,sp_fef06587fead,CONTROLLED,"land inside the Portuguese safe interior (v3); 19.01 of 19.01 km2 of the hex's canonical land, largest unioned share",UNRESOLVED,,promo_c1d69cca569e,34.61,rev_3204b917240e,Portugal safe interior v3 from the 1751 Vaugondy sheets; positional uncertainty 12.33 km replaces 34.61 km,REVISED,promo_b68466ea22a9,12.33
TERRESTRIAL_HEX,h6000_q-000603_r+000899,sp_fef06587fead,CONTROLLED,"land inside the Portuguese safe interior (v3); 18.99 of 18.99 km2 of the hex's canonical land, largest unioned share",UNRESOLVED,,promo_7c95358cf0a4,34.61,rev_1d24e360f5f5,Portugal safe interior v3 from the 1751 Vaugondy sheets; positional uncertainty 12.33 km replaces 34.61 km,REVISED,promo_b68466ea22a9,12.33
TERRESTRIAL_HEX,h6000_q-000603_r+000900,sp_fef06587fead,CONTROLLED,"land inside the Portuguese safe interior (v3); 18.97 of 18.97 km2 of the hex's canonical land, largest unioned share",UNRESOLVED,,promo_7c95358cf0a4,34.61,rev_68ef946de75c,Portugal safe interior v3 from the 1751 Vaugondy sheets; positional uncertainty 12.33 km replaces 34.61 km,REVISED,promo_b68466ea22a9,12.33
TERRESTRIAL_HEX,h6000_q-000603_r+000901,sp_fef06587fead,CONTROLLED,"land inside the Portuguese safe interior (v3); 18.95 of 18.95 km2 of the hex's canonical land, largest unioned share",UNRESOLVED,,promo_7c95358cf0a4,34.61,rev_05043e7f92c8,Portugal safe interior v3 from the 1751 Vaugondy sheets; positional uncertainty 12.33 km replaces 34.61 km,REVISED,promo_b68466ea22a9,12.33
TERRESTRIAL_HEX,h6000_q-000603_r+000902,sp_fef06587fead,CONTROLLED,"land inside the Portuguese safe interior (v3); 18.93 of 18.93 km2 of the hex's canonical land, largest unioned share",UNRESOLVED,,promo_7c95358cf0a4,34.61,rev_ba2e66696654,Portugal safe interior v3 from the 1751 Vaugondy sheets; positional uncertainty 12.33 km replaces 34.61 km,REVISED,promo_b68466ea22a9,12.33
TERRESTRIAL_HEX,h6000_q-000603_r+000903,sp_fef06587fead,CONTROLLED,"land inside the Portuguese safe interior (v3); 18.91 of 18.91 km2 of the hex's canonical land, largest unioned share",UNRESOLVED,,promo_7c95358cf0a4,34.61,rev_8d6ecc91ad21,Portugal safe interior v3 from the 1751 Vaugondy sheets; positional uncertainty 12.33 km replaces 34.61 km,REVISED,promo_b68466ea22a9,12.33
TERRESTRIAL_HEX,h6000_q-000603_r+000904,sp_fef06587fead,CONTROLLED,"land inside the Portuguese safe interior (v3); 18.89 of 18.89 km2 of the hex's canonical land, largest unioned share",UNRESOLVED,,promo_7c95358cf0a4,34.61,rev_06dbd493b64d,Portugal safe interior v3 from the 1751 Vaugondy sheets; positional uncertainty 12.33 km replaces 34.61 km,REVISED,promo_b68466ea22a9,12.33
TERRESTRIAL_HEX,h6000_q-000603_r+000905,sp_fef06587fead,CONTROLLED,"land inside the Portuguese safe interior (v3); 18.87 of 18.87 km2 of the hex's canonical land, largest unioned share",UNRESOLVED,,promo_7c95358cf0a4,34.61,rev_81094aac9534,Portugal safe interior v3 from the 1751 Vaugondy sheets; positional uncertainty 12.33 km replaces 34.61 km,REVISED,promo_b68466ea22a9,12.33
TERRESTRIAL_HEX,h6000_q-000603_r+000906,sp_fef06587fead,CONTROLLED,"land inside the Portuguese safe interior (v3); 18.85 of 18.85 km2 of the hex's canonical land, largest unioned share",UNRESOLVED,,promo_7c95358cf0a4,34.61,rev_c1df52624609,Portugal safe interior v3 from the 1751 Vaugondy sheets; positional uncertainty 12.33 km replaces 34.61 km,REVISED,promo_b68466ea22a9,12.33
TERRESTRIAL_HEX,h6000_q-000603_r+000907,sp_fef06587fead,CONTROLLED,"land inside the Portuguese safe interior (v3); 18.84 of 18.84 km2 of the hex's canonical land, largest unioned share",UNRESOLVED,,promo_7c95358cf0a4,34.61,rev_d867da74b48e,Portugal safe interior v3 from the 1751 Vaugondy sheets; positional uncertainty 12.33 km replaces 34.61 km,REVISED,promo_b68466ea22a9,12.33
TERRESTRIAL_HEX,h6000_q-000603_r+000908,sp_fef06587fead,CONTROLLED,"land inside the Portuguese safe interior (v3); 18.82 of 18.82 km2 of the hex's canonical land, largest unioned share",UNRESOLVED,,promo_7c95358cf0a4,34.61,rev_946a2f10d461,Portugal safe interior v3 from the 1751 Vaugondy sheets; positional uncertainty 12.33 km replaces 34.61 km,REVISED,promo_b68466ea22a9,12.33
TERRESTRIAL_HEX,h6000_q-000603_r+000909,sp_fef06587fead,CONTROLLED,"land inside the Portuguese safe interior (v3); 18.80 of 18.80 km2 of the hex's canonical land, largest unioned share",UNRESOLVED,,promo_7c95358cf0a4,34.61,rev_7f87366d0b37,Portugal safe interior v3 from the 1751 Vaugondy sheets; positional uncertainty 12.33 km replaces 34.61 km,REVISED,promo_b68466ea22a9,12.33
TERRESTRIAL_HEX,h6000_q-000603_r+000910,sp_fef06587fead,CONTROLLED,"land inside the Portuguese safe interior (v3); 18.78 of 18.78 km2 of the hex's canonical land, largest unioned share",UNRESOLVED,,promo_7c95358cf0a4,34.61,rev_9832eb5f4f6d,Portugal safe interior v3 from the 1751 Vaugondy sheets; positional uncertainty 12.33 km replaces 34.61 km,REVISED,promo_b68466ea22a9,12.33
TERRESTRIAL_HEX,h6000_q-000603_r+000911,sp_fef06587fead,CONTROLLED,"land inside the Portuguese safe interior (v3); 18.76 of 18.76 km2 of the hex's canonical land, largest unioned share",UNRESOLVED,,promo_7c95358cf0a4,34.61,rev_274d660ac795,Portugal safe interior v3 from the 1751 Vaugondy sheets; positional uncertainty 12.33 km replaces 34.61 km,REVISED,promo_b68466ea22a9,12.33
TERRESTRIAL_HEX,h6000_q-000603_r+000912,sp_fef06587fead,CONTROLLED,"land inside the Portuguese safe interior (v3); 18.74 of 18.74 km2 of the hex's canonical land, largest unioned share",UNRESOLVED,,promo_7c95358cf0a4,34.61,rev_8ecd6c88bd62,Portugal safe interior v3 from the 1751 Vaugondy sheets; positional uncertainty 12.33 km replaces 34.61 km,REVISED,promo_b68466ea22a9,12.33
TERRESTRIAL_HEX,h6000_q-000603_r+000913,sp_fef06587fead,CONTROLLED,"land inside the Portuguese safe interior (v3); 18.72 of 18.72 km2 of the hex's canonical land, largest unioned share",UNRESOLVED,,promo_7c95358cf0a4,34.61,rev_baaa595e05df,Portugal safe interior v3 from the 1751 Vaugondy sheets; positional uncertainty 12.33 km replaces 34.61 km,REVISED,promo_b68466ea22a9,12.33
TERRESTRIAL_HEX,h6000_q-000603_r+000923,sp_fef06587fead,CONTROLLED,"land inside the Portuguese safe interior (v3); 18.53 of 18.53 km2 of the hex's canonical land, largest unioned share",UNRESOLVED,,promo_c1d69cca569e,34.61,rev_ae89c484ef9d,Portugal safe interior v3 from the 1751 Vaugondy sheets; positional uncertainty 12.33 km replaces 34.61 km,REVISED,promo_b68466ea22a9,12.33
TERRESTRIAL_HEX,h6000_q-000603_r+000924,sp_fef06587fead,CONTROLLED,"land inside the Portuguese safe interior (v3); 18.51 of 18.51 km2 of the hex's canonical land, largest unioned share",UNRESOLVED,,promo_c1d69cca569e,34.61,rev_254678a36ed7,Portugal safe interior v3 from the 1751 Vaugondy sheets; positional uncertainty 12.33 km replaces 34.61 km,REVISED,promo_b68466ea22a9,12.33
TERRESTRIAL_HEX,h6000_q-000603_r+000925,sp_fef06587fead,CONTROLLED,"land inside the Portuguese safe interior (v3); 16.86 of 18.49 km2 of the hex's canonical land, largest unioned share",UNRESOLVED,,promo_c1d69cca569e,34.61,rev_f673b46d3638,Portugal safe interior v3 from the 1751 Vaugondy sheets; positional uncertainty 12.33 km replaces 34.61 km,REVISED,promo_b68466ea22a9,12.33
TERRESTRIAL_HEX,h6000_q-000603_r+000926,sp_fef06587fead,CONTROLLED,"land inside the Portuguese safe interior (v3); 0.44 of 18.47 km2 of the hex's canonical land, largest unioned share",UNRESOLVED,,promo_c1d69cca569e,34.61,rev_232c17269fd4,Portugal safe interior v3 from the 1751 Vaugondy sheets; positional uncertainty 12.33 km replaces 34.61 km,REVISED,promo_b68466ea22a9,12.33
TERRESTRIAL_HEX,h6000_q-000604_r+000887,sp_fef06587fead,CONTROLLED,"land inside the Portuguese safe interior (v3); 3.55 of 19.22 km2 of the hex's canonical land, largest unioned share",UNRESOLVED,,promo_7c95358cf0a4,34.61,rev_ad30c921358d,Portugal safe interior v3 from the 1751 Vaugondy sheets; positional uncertainty 12.33 km replaces 34.61 km,REVISED,promo_b68466ea22a9,12.33
TERRESTRIAL_HEX,h6000_q-000604_r+000888,sp_fef06587fead,CONTROLLED,"land inside the Portuguese safe interior (v3); 14.36 of 19.20 km2 of the hex's canonical land, largest unioned share",UNRESOLVED,,promo_7c95358cf0a4,34.61,rev_4574c4e23ac0,Portugal safe interior v3 from the 1751 Vaugondy sheets; positional uncertainty 12.33 km replaces 34.61 km,REVISED,promo_b68466ea22a9,12.33
TERRESTRIAL_HEX,h6000_q-000604_r+000889,sp_fef06587fead,CONTROLLED,"land inside the Portuguese safe interior (v3); 19.18 of 19.18 km2 of the hex's canonical land, largest unioned share",UNRESOLVED,,promo_7c95358cf0a4,34.61,rev_f1ae5ceb06d6,Portugal safe interior v3 from the 1751 Vaugondy sheets; positional uncertainty 12.33 km replaces 34.61 km,REVISED,promo_b68466ea22a9,12.33
TERRESTRIAL_HEX,h6000_q-000604_r+000890,sp_fef06587fead,CONTROLLED,"land inside the Portuguese safe interior (v3); 19.16 of 19.16 km2 of the hex's canonical land, largest unioned share",UNRESOLVED,,promo_7c95358cf0a4,34.61,rev_521675041d8f,Portugal safe interior v3 from the 1751 Vaugondy sheets; positional uncertainty 12.33 km replaces 34.61 km,REVISED,promo_b68466ea22a9,12.33
TERRESTRIAL_HEX,h6000_q-000604_r+000891,sp_fef06587fead,CONTROLLED,"land inside the Portuguese safe interior (v3); 18.75 of 18.75 km2 of the hex's canonical land, largest unioned share",UNRESOLVED,,promo_7c95358cf0a4,34.61,rev_60515aaee3ed,Portugal safe interior v3 from the 1751 Vaugondy sheets; positional uncertainty 12.33 km replaces 34.61 km,REVISED,promo_b68466ea22a9,12.33
TERRESTRIAL_HEX,h6000_q-000604_r+000892,sp_fef06587fead,CONTROLLED,"land inside the Portuguese safe interior (v3); 18.94 of 18.94 km2 of the hex's canonical land, largest unioned share",UNRESOLVED,,promo_7c95358cf0a4,34.61,rev_c4cf970d06da,Portugal safe interior v3 from the 1751 Vaugondy sheets; positional uncertainty 12.33 km replaces 34.61 km,REVISED,promo_b68466ea22a9,12.33
TERRESTRIAL_HEX,h6000_q-000604_r+000893,sp_fef06587fead,CONTROLLED,"land inside the Portuguese safe interior (v3); 19.10 of 19.10 km2 of the hex's canonical land, largest unioned share",UNRESOLVED,,promo_7c95358cf0a4,34.61,rev_b1a4ea957916,Portugal safe interior v3 from the 1751 Vaugondy sheets; positional uncertainty 12.33 km replaces 34.61 km,REVISED,promo_b68466ea22a9,12.33
TERRESTRIAL_HEX,h6000_q-000604_r+000894,sp_fef06587fead,CONTROLLED,"land inside the Portuguese safe interior (v3); 19.08 of 19.08 km2 of the hex's canonical land, largest unioned share",UNRESOLVED,,promo_7c95358cf0a4,34.61,rev_0e82a284ef5e,Portugal safe interior v3 from the 1751 Vaugondy sheets; positional uncertainty 12.33 km replaces 34.61 km,REVISED,promo_b68466ea22a9,12.33
TERRESTRIAL_HEX,h6000_q-000604_r+000895,sp_fef06587fead,CONTROLLED,"land inside the Portuguese safe interior (v3); 19.07 of 19.07 km2 of the hex's canonical land, largest unioned share",UNRESOLVED,,promo_7c95358cf0a4,34.61,rev_c14be494febd,Portugal safe interior v3 from the 1751 Vaugondy sheets; positional uncertainty 12.33 km replaces 34.61 km,REVISED,promo_b68466ea22a9,12.33
TERRESTRIAL_HEX,h6000_q-000604_r+000896,sp_fef06587fead,CONTROLLED,"land inside the Portuguese safe interior (v3); 19.05 of 19.05 km2 of the hex's canonical land, largest unioned share",UNRESOLVED,,promo_c1d69cca569e,34.61,rev_f7d88081c9fb,Portugal safe interior v3 from the 1751 Vaugondy sheets; positional uncertainty 12.33 km replaces 34.61 km,REVISED,promo_b68466ea22a9,12.33
TERRESTRIAL_HEX,h6000_q-000604_r+000897,sp_fef06587fead,CONTROLLED,"land inside the Portuguese safe interior (v3); 19.03 of 19.03 km2 of the hex's canonical land, largest unioned share",UNRESOLVED,,promo_c1d69cca569e,34.61,rev_5d06cb3b7e22,Portugal safe interior v3 from the 1751 Vaugondy sheets; positional uncertainty 12.33 km replaces 34.61 km,REVISED,promo_b68466ea22a9,12.33
TERRESTRIAL_HEX,h6000_q-000604_r+000898,sp_fef06587fead,CONTROLLED,"land inside the Portuguese safe interior (v3); 19.01 of 19.01 km2 of the hex's canonical land, largest unioned share",UNRESOLVED,,promo_c1d69cca569e,34.61,rev_84697ac7fde0,Portugal safe interior v3 from the 1751 Vaugondy sheets; positional uncertainty 12.33 km replaces 34.61 km,REVISED,promo_b68466ea22a9,12.33
TERRESTRIAL_HEX,h6000_q-000604_r+000899,sp_fef06587fead,CONTROLLED,"land inside the Portuguese safe interior (v3); 18.99 of 18.99 km2 of the hex's canonical land, largest unioned share",UNRESOLVED,,promo_7c95358cf0a4,34.61,rev_c8b12dafc976,Portugal safe interior v3 from the 1751 Vaugondy sheets; positional uncertainty 12.33 km replaces 34.61 km,REVISED,promo_b68466ea22a9,12.33
TERRESTRIAL_HEX,h6000_q-000604_r+000900,sp_fef06587fead,CONTROLLED,"land inside the Portuguese safe interior (v3); 18.97 of 18.97 km2 of the hex's canonical land, largest unioned share",UNRESOLVED,,promo_7c95358cf0a4,34.61,rev_1e971af2b697,Portugal safe interior v3 from the 1751 Vaugondy sheets; positional uncertainty 12.33 km replaces 34.61 km,REVISED,promo_b68466ea22a9,12.33
TERRESTRIAL_HEX,h6000_q-000604_r+000901,sp_fef06587fead,CONTROLLED,"land inside the Portuguese safe interior (v3); 18.95 of 18.95 km2 of the hex's canonical land, largest unioned share",UNRESOLVED,,promo_7c95358cf0a4,34.61,rev_5ee915b26163,Portugal safe interior v3 from the 1751 Vaugondy sheets; positional uncertainty 12.33 km replaces 34.61 km,REVISED,promo_b68466ea22a9,12.33
TERRESTRIAL_HEX,h6000_q-000604_r+000902,sp_fef06587fead,CONTROLLED,"land inside the Portuguese safe interior (v3); 18.93 of 18.93 km2 of the hex's canonical land, largest unioned share",UNRESOLVED,,promo_7c95358cf0a4,34.61,rev_6e182d4a3c44,Portugal safe interior v3 from the 1751 Vaugondy sheets; positional uncertainty 12.33 km replaces 34.61 km,REVISED,promo_b68466ea22a9,12.33
TERRESTRIAL_HEX,h6000_q-000604_r+000903,sp_fef06587fead,CONTROLLED,"land inside the Portuguese safe interior (v3); 18.91 of 18.91 km2 of the hex's canonical land, largest unioned share",UNRESOLVED,,promo_7c95358cf0a4,34.61,rev_af074315eb40,Portugal safe interior v3 from the 1751 Vaugondy sheets; positional uncertainty 12.33 km replaces 34.61 km,REVISED,promo_b68466ea22a9,12.33
TERRESTRIAL_HEX,h6000_q-000604_r+000904,sp_fef06587fead,CONTROLLED,"land inside the Portuguese safe interior (v3); 18.89 of 18.89 km2 of the hex's canonical land, largest unioned share",UNRESOLVED,,promo_7c95358cf0a4,34.61,rev_55d08608c994,Portugal safe interior v3 from the 1751 Vaugondy sheets; positional uncertainty 12.33 km replaces 34.61 km,REVISED,promo_b68466ea22a9,12.33
TERRESTRIAL_HEX,h6000_q-000604_r+000905,sp_fef06587fead,CONTROLLED,"land inside the Portuguese safe interior (v3); 18.87 of 18.87 km2 of the hex's canonical land, largest unioned share",UNRESOLVED,,promo_7c95358cf0a4,34.61,rev_ef36e3d13c7f,Portugal safe interior v3 from the 1751 Vaugondy sheets; positional uncertainty 12.33 km replaces 34.61 km,REVISED,promo_b68466ea22a9,12.33
TERRESTRIAL_HEX,h6000_q-000604_r+000906,sp_fef06587fead,CONTROLLED,"land inside the Portuguese safe interior (v3); 18.85 of 18.85 km2 of the hex's canonical land, largest unioned share",UNRESOLVED,,promo_7c95358cf0a4,34.61,rev_0973adbbd423,Portugal safe interior v3 from the 1751 Vaugondy sheets; positional uncertainty 12.33 km replaces 34.61 km,REVISED,promo_b68466ea22a9,12.33
TERRESTRIAL_HEX,h6000_q-000604_r+000907,sp_fef06587fead,CONTROLLED,"land inside the Portuguese safe interior (v3); 18.84 of 18.84 km2 of the hex's canonical land, largest unioned share",UNRESOLVED,,promo_7c95358cf0a4,34.61,rev_460d5f0f8eeb,Portugal safe interior v3 from the 1751 Vaugondy sheets; positional uncertainty 12.33 km replaces 34.61 km,REVISED,promo_b68466ea22a9,12.33
TERRESTRIAL_HEX,h6000_q-000604_r+000908,sp_fef06587fead,CONTROLLED,"land inside the Portuguese safe interior (v3); 18.82 of 18.82 km2 of the hex's canonical land, largest unioned share",UNRESOLVED,,promo_7c95358cf0a4,34.61,rev_774ae94f0848,Portugal safe interior v3 from the 1751 Vaugondy sheets; positional uncertainty 12.33 km replaces 34.61 km,REVISED,promo_b68466ea22a9,12.33
TERRESTRIAL_HEX,h6000_q-000604_r+000909,sp_fef06587fead,CONTROLLED,"land inside the Portuguese safe interior (v3); 18.80 of 18.80 km2 of the hex's canonical land, largest unioned share",UNRESOLVED,,promo_7c95358cf0a4,34.61,rev_1251a284776c,Portugal safe interior v3 from the 1751 Vaugondy sheets; positional uncertainty 12.33 km replaces 34.61 km,REVISED,promo_b68466ea22a9,12.33
TERRESTRIAL_HEX,h6000_q-000604_r+000910,sp_fef06587fead,CONTROLLED,"land inside the Portuguese safe interior (v3); 18.78 of 18.78 km2 of the hex's canonical land, largest unioned share",UNRESOLVED,,promo_7c95358cf0a4,34.61,rev_77dce52cb604,Portugal safe interior v3 from the 1751 Vaugondy sheets; positional uncertainty 12.33 km replaces 34.61 km,REVISED,promo_b68466ea22a9,12.33
TERRESTRIAL_HEX,h6000_q-000604_r+000911,sp_fef06587fead,CONTROLLED,"land inside the Portuguese safe interior (v3); 18.76 of 18.76 km2 of the hex's canonical land, largest unioned share",UNRESOLVED,,promo_7c95358cf0a4,34.61,rev_272b6ed686d6,Portugal safe interior v3 from the 1751 Vaugondy sheets; positional uncertainty 12.33 km replaces 34.61 km,REVISED,promo_b68466ea22a9,12.33
TERRESTRIAL_HEX,h6000_q-000604_r+000912,sp_fef06587fead,CONTROLLED,"land inside the Portuguese safe interior (v3); 18.74 of 18.74 km2 of the hex's canonical land, largest unioned share",UNRESOLVED,,promo_7c95358cf0a4,34.61,rev_a52a2bef1c01,Portugal safe interior v3 from the 1751 Vaugondy sheets; positional uncertainty 12.33 km replaces 34.61 km,REVISED,promo_b68466ea22a9,12.33
TERRESTRIAL_HEX,h6000_q-000605_r+000889,sp_fef06587fead,CONTROLLED,"land inside the Portuguese safe interior (v3); 3.77 of 19.18 km2 of the hex's canonical land, largest unioned share",UNRESOLVED,,promo_7c95358cf0a4,34.61,rev_055e6ba4ea14,Portugal safe interior v3 from the 1751 Vaugondy sheets; positional uncertainty 12.33 km replaces 34.61 km,REVISED,promo_b68466ea22a9,12.33
TERRESTRIAL_HEX,h6000_q-000605_r+000890,sp_fef06587fead,CONTROLLED,"land inside the Portuguese safe interior (v3); 16.64 of 19.16 km2 of the hex's canonical land, largest unioned share",UNRESOLVED,,promo_7c95358cf0a4,34.61,rev_600d1938eb7f,Portugal safe interior v3 from the 1751 Vaugondy sheets; positional uncertainty 12.33 km replaces 34.61 km,REVISED,promo_b68466ea22a9,12.33
TERRESTRIAL_HEX,h6000_q-000605_r+000891,sp_fef06587fead,CONTROLLED,"land inside the Portuguese safe interior (v3); 19.14 of 19.14 km2 of the hex's canonical land, largest unioned share",UNRESOLVED,,promo_7c95358cf0a4,34.61,rev_47569408abb3,Portugal safe interior v3 from the 1751 Vaugondy sheets; positional uncertainty 12.33 km replaces 34.61 km,REVISED,promo_b68466ea22a9,12.33
TERRESTRIAL_HEX,h6000_q-000605_r+000892,sp_fef06587fead,CONTROLLED,"land inside the Portuguese safe interior (v3); 17.37 of 17.37 km2 of the hex's canonical land, largest unioned share",UNRESOLVED,,promo_7c95358cf0a4,34.61,rev_a92cb973de21,Portugal safe interior v3 from the 1751 Vaugondy sheets; positional uncertainty 12.33 km replaces 34.61 km,REVISED,promo_b68466ea22a9,12.33
TERRESTRIAL_HEX,h6000_q-000605_r+000893,sp_fef06587fead,CONTROLLED,"land inside the Portuguese safe interior (v3); 18.20 of 18.20 km2 of the hex's canonical land, largest unioned share",UNRESOLVED,,promo_7c95358cf0a4,34.61,rev_9046d2b36af3,Portugal safe interior v3 from the 1751 Vaugondy sheets; positional uncertainty 12.33 km replaces 34.61 km,REVISED,promo_b68466ea22a9,12.33
TERRESTRIAL_HEX,h6000_q-000605_r+000894,sp_fef06587fead,CONTROLLED,"land inside the Portuguese safe interior (v3); 19.08 of 19.08 km2 of the hex's canonical land, largest unioned share",UNRESOLVED,,promo_7c95358cf0a4,34.61,rev_6b6f56f87a25,Portugal safe interior v3 from the 1751 Vaugondy sheets; positional uncertainty 12.33 km replaces 34.61 km,REVISED,promo_b68466ea22a9,12.33
TERRESTRIAL_HEX,h6000_q-000605_r+000895,sp_fef06587fead,CONTROLLED,"land inside the Portuguese safe interior (v3); 19.07 of 19.07 km2 of the hex's canonical land, largest unioned share",UNRESOLVED,,promo_7c95358cf0a4,34.61,rev_878c31da9a1d,Portugal safe interior v3 from the 1751 Vaugondy sheets; positional uncertainty 12.33 km replaces 34.61 km,REVISED,promo_b68466ea22a9,12.33
TERRESTRIAL_HEX,h6000_q-000605_r+000896,sp_fef06587fead,CONTROLLED,"land inside the Portuguese safe interior (v3); 19.05 of 19.05 km2 of the hex's canonical land, largest unioned share",UNRESOLVED,,promo_7c95358cf0a4,34.61,rev_210db94fc88f,Portugal safe interior v3 from the 1751 Vaugondy sheets; positional uncertainty 12.33 km replaces 34.61 km,REVISED,promo_b68466ea22a9,12.33
TERRESTRIAL_HEX,h6000_q-000605_r+000897,sp_fef06587fead,CONTROLLED,"land inside the Portuguese safe interior (v3); 19.03 of 19.03 km2 of the hex's canonical land, largest unioned share",UNRESOLVED,,promo_c1d69cca569e,34.61,rev_90301e164efa,Portugal safe interior v3 from the 1751 Vaugondy sheets; positional uncertainty 12.33 km replaces 34.61 km,REVISED,promo_b68466ea22a9,12.33
TERRESTRIAL_HEX,h6000_q-000605_r+000898,sp_fef06587fead,CONTROLLED,"land inside the Portuguese safe interior (v3); 19.01 of 19.01 km2 of the hex's canonical land, largest unioned share",UNRESOLVED,,promo_c1d69cca569e,34.61,rev_26820a69333b,Portugal safe interior v3 from the 1751 Vaugondy sheets; positional uncertainty 12.33 km replaces 34.61 km,REVISED,promo_b68466ea22a9,12.33
TERRESTRIAL_HEX,h6000_q-000605_r+000899,sp_fef06587fead,CONTROLLED,"land inside the Portuguese safe interior (v3); 18.99 of 18.99 km2 of the hex's canonical land, largest unioned share",UNRESOLVED,,promo_c1d69cca569e,34.61,rev_97753a7a0368,Portugal safe interior v3 from the 1751 Vaugondy sheets; positional uncertainty 12.33 km replaces 34.61 km,REVISED,promo_b68466ea22a9,12.33
TERRESTRIAL_HEX,h6000_q-000605_r+000900,sp_fef06587fead,CONTROLLED,"land inside the Portuguese safe interior (v3); 18.97 of 18.97 km2 of the hex's canonical land, largest unioned share",UNRESOLVED,,promo_7c95358cf0a4,34.61,rev_a07c79912e1a,Portugal safe interior v3 from the 1751 Vaugondy sheets; positional uncertainty 12.33 km replaces 34.61 km,REVISED,promo_b68466ea22a9,12.33
TERRESTRIAL_HEX,h6000_q-000605_r+000901,sp_fef06587fead,CONTROLLED,"land inside the Portuguese safe interior (v3); 18.95 of 18.95 km2 of the hex's canonical land, largest unioned share",UNRESOLVED,,promo_7c95358cf0a4,34.61,rev_6a94f5b9460f,Portugal safe interior v3 from the 1751 Vaugondy sheets; positional uncertainty 12.33 km replaces 34.61 km,REVISED,promo_b68466ea22a9,12.33
TERRESTRIAL_HEX,h6000_q-000605_r+000902,sp_fef06587fead,CONTROLLED,"land inside the Portuguese safe interior (v3); 18.93 of 18.93 km2 of the hex's canonical land, largest unioned share",UNRESOLVED,,promo_7c95358cf0a4,34.61,rev_401ab2267815,Portugal safe interior v3 from the 1751 Vaugondy sheets; positional uncertainty 12.33 km replaces 34.61 km,REVISED,promo_b68466ea22a9,12.33
TERRESTRIAL_HEX,h6000_q-000605_r+000903,sp_fef06587fead,CONTROLLED,"land inside the Portuguese safe interior (v3); 18.91 of 18.91 km2 of the hex's canonical land, largest unioned share",UNRESOLVED,,promo_7c95358cf0a4,34.61,rev_156b3497350e,Portugal safe interior v3 from the 1751 Vaugondy sheets; positional uncertainty 12.33 km replaces 34.61 km,REVISED,promo_b68466ea22a9,12.33
TERRESTRIAL_HEX,h6000_q-000605_r+000904,sp_fef06587fead,CONTROLLED,"land inside the Portuguese safe interior (v3); 18.89 of 18.89 km2 of the hex's canonical land, largest unioned share",UNRESOLVED,,promo_7c95358cf0a4,34.61,rev_5e73bff4ca2f,Portugal safe interior v3 from the 1751 Vaugondy sheets; positional uncertainty 12.33 km replaces 34.61 km,REVISED,promo_b68466ea22a9,12.33
TERRESTRIAL_HEX,h6000_q-000605_r+000905,sp_fef06587fead,CONTROLLED,"land inside the Portuguese safe interior (v3); 18.87 of 18.87 km2 of the hex's canonical land, largest unioned share",UNRESOLVED,,promo_7c95358cf0a4,34.61,rev_6071fa693e10,Portugal safe interior v3 from the 1751 Vaugondy sheets; positional uncertainty 12.33 km replaces 34.61 km,REVISED,promo_b68466ea22a9,12.33
TERRESTRIAL_HEX,h6000_q-000605_r+000906,sp_fef06587fead,CONTROLLED,"land inside the Portuguese safe interior (v3); 18.85 of 18.85 km2 of the hex's canonical land, largest unioned share",UNRESOLVED,,promo_7c95358cf0a4,34.61,rev_f6730bbc4eda,Portugal safe interior v3 from the 1751 Vaugondy sheets; positional uncertainty 12.33 km replaces 34.61 km,REVISED,promo_b68466ea22a9,12.33
TERRESTRIAL_HEX,h6000_q-000605_r+000907,sp_fef06587fead,CONTROLLED,"land inside the Portuguese safe interior (v3); 18.84 of 18.84 km2 of the hex's canonical land, largest unioned share",UNRESOLVED,,promo_7c95358cf0a4,34.61,rev_b38b5c5f540f,Portugal safe interior v3 from the 1751 Vaugondy sheets; positional uncertainty 12.33 km replaces 34.61 km,REVISED,promo_b68466ea22a9,12.33
TERRESTRIAL_HEX,h6000_q-000605_r+000908,sp_fef06587fead,CONTROLLED,"land inside the Portuguese safe interior (v3); 18.82 of 18.82 km2 of the hex's canonical land, largest unioned share",UNRESOLVED,,promo_7c95358cf0a4,34.61,rev_1a444c988038,Portugal safe interior v3 from the 1751 Vaugondy sheets; positional uncertainty 12.33 km replaces 34.61 km,REVISED,promo_b68466ea22a9,12.33
TERRESTRIAL_HEX,h6000_q-000605_r+000909,sp_fef06587fead,CONTROLLED,"land inside the Portuguese safe interior (v3); 18.80 of 18.80 km2 of the hex's canonical land, largest unioned share",UNRESOLVED,,promo_7c95358cf0a4,34.61,rev_7c9b8654a9d4,Portugal safe interior v3 from the 1751 Vaugondy sheets; positional uncertainty 12.33 km replaces 34.61 km,REVISED,promo_b68466ea22a9,12.33
TERRESTRIAL_HEX,h6000_q-000605_r+000910,sp_fef06587fead,CONTROLLED,"land inside the Portuguese safe interior (v3); 18.78 of 18.78 km2 of the hex's canonical land, largest unioned share",UNRESOLVED,,promo_7c95358cf0a4,34.61,rev_acbac403f764,Portugal safe interior v3 from the 1751 Vaugondy sheets; positional uncertainty 12.33 km replaces 34.61 km,REVISED,promo_b68466ea22a9,12.33
TERRESTRIAL_HEX,h6000_q-000605_r+000911,sp_fef06587fead,CONTROLLED,"land inside the Portuguese safe interior (v3); 18.76 of 18.76 km2 of the hex's canonical land, largest unioned share",UNRESOLVED,,promo_7c95358cf0a4,34.61,rev_7d1e579430b6,Portugal safe interior v3 from the 1751 Vaugondy sheets; positional uncertainty 12.33 km replaces 34.61 km,REVISED,promo_b68466ea22a9,12.33
TERRESTRIAL_HEX,h6000_q-000605_r+000945,sp_fef06587fead,CONTROLLED,"land inside the Portuguese safe interior (v2); 3.04 of 18.11 km2 of the hex's canonical land, largest unioned share",UNRESOLVED,,promo_7c95358cf0a4,34.61,rev_6fafd3852d57,Portugal safe interior v3 from the 1751 Vaugondy sheets; positional uncertainty 12.33 km replaces 34.61 km,REVISED,promo_b68466ea22a9,12.33
TERRESTRIAL_HEX,h6000_q-000605_r+000946,sp_fef06587fead,CONTROLLED,"land inside the Portuguese safe interior (v2); 8.28 of 18.09 km2 of the hex's canonical land, largest unioned share",UNRESOLVED,,promo_7c95358cf0a4,34.61,rev_8628a55debf8,Portugal safe interior v3 from the 1751 Vaugondy sheets; positional uncertainty 12.33 km replaces 34.61 km,REVISED,promo_b68466ea22a9,12.33
TERRESTRIAL_HEX,h6000_q-000605_r+000947,sp_fef06587fead,CONTROLLED,"land inside the Portuguese safe interior (v2); 1.76 of 18.07 km2 of the hex's canonical land, largest unioned share",UNRESOLVED,,promo_7c95358cf0a4,34.61,rev_22163000f6f9,Portugal safe interior v3 from the 1751 Vaugondy sheets; positional uncertainty 12.33 km replaces 34.61 km,REVISED,promo_b68466ea22a9,12.33
TERRESTRIAL_HEX,h6000_q-000606_r+000891,sp_fef06587fead,CONTROLLED,"land inside the Portuguese safe interior (v3); 9.01 of 19.14 km2 of the hex's canonical land, largest unioned share",UNRESOLVED,,promo_7c95358cf0a4,34.61,rev_ed7e1bfdaedb,Portugal safe interior v3 from the 1751 Vaugondy sheets; positional uncertainty 12.33 km replaces 34.61 km,REVISED,promo_b68466ea22a9,12.33
TERRESTRIAL_HEX,h6000_q-000606_r+000892,sp_fef06587fead,CONTROLLED,"land inside the Portuguese safe interior (v3); 17.26 of 17.26 km2 of the hex's canonical land, largest unioned share",UNRESOLVED,,promo_7c95358cf0a4,34.61,rev_10a962700244,Portugal safe interior v3 from the 1751 Vaugondy sheets; positional uncertainty 12.33 km replaces 34.61 km,REVISED,promo_b68466ea22a9,12.33
TERRESTRIAL_HEX,h6000_q-000606_r+000893,sp_fef06587fead,CONTROLLED,"land inside the Portuguese safe interior (v3); 18.43 of 18.43 km2 of the hex's canonical land, largest unioned share",UNRESOLVED,,promo_7c95358cf0a4,34.61,rev_78398376d9cf,Portugal safe interior v3 from the 1751 Vaugondy sheets; positional uncertainty 12.33 km replaces 34.61 km,REVISED,promo_b68466ea22a9,12.33
TERRESTRIAL_HEX,h6000_q-000606_r+000894,sp_fef06587fead,CONTROLLED,"land inside the Portuguese safe interior (v3); 19.08 of 19.08 km2 of the hex's canonical land, largest unioned share",UNRESOLVED,,promo_7c95358cf0a4,34.61,rev_d19489ad94a6,Portugal safe interior v3 from the 1751 Vaugondy sheets; positional uncertainty 12.33 km replaces 34.61 km,REVISED,promo_b68466ea22a9,12.33
TERRESTRIAL_HEX,h6000_q-000606_r+000895,sp_fef06587fead,CONTROLLED,"land inside the Portuguese safe interior (v3); 19.07 of 19.07 km2 of the hex's canonical land, largest unioned share",UNRESOLVED,,promo_7c95358cf0a4,34.61,rev_677cf79a6d3f,Portugal safe interior v3 from the 1751 Vaugondy sheets; positional uncertainty 12.33 km replaces 34.61 km,REVISED,promo_b68466ea22a9,12.33
TERRESTRIAL_HEX,h6000_q-000606_r+000896,sp_fef06587fead,CONTROLLED,"land inside the Portuguese safe interior (v3); 19.05 of 19.05 km2 of the hex's canonical land, largest unioned share",UNRESOLVED,,promo_7c95358cf0a4,34.61,rev_05b3187c82b4,Portugal safe interior v3 from the 1751 Vaugondy sheets; positional uncertainty 12.33 km replaces 34.61 km,REVISED,promo_b68466ea22a9,12.33
TERRESTRIAL_HEX,h6000_q-000606_r+000897,sp_fef06587fead,CONTROLLED,"land inside the Portuguese safe interior (v3); 19.03 of 19.03 km2 of the hex's canonical land, largest unioned share",UNRESOLVED,,promo_7c95358cf0a4,34.61,rev_98531bf077eb,Portugal safe interior v3 from the 1751 Vaugondy sheets; positional uncertainty 12.33 km replaces 34.61 km,REVISED,promo_b68466ea22a9,12.33
TERRESTRIAL_HEX,h6000_q-000606_r+000898,sp_fef06587fead,CONTROLLED,"land inside the Portuguese safe interior (v3); 19.01 of 19.01 km2 of the hex's canonical land, largest unioned share",UNRESOLVED,,promo_c1d69cca569e,34.61,rev_a00325fdd13b,Portugal safe interior v3 from the 1751 Vaugondy sheets; positional uncertainty 12.33 km replaces 34.61 km,REVISED,promo_b68466ea22a9,12.33
TERRESTRIAL_HEX,h6000_q-000606_r+000899,sp_fef06587fead,CONTROLLED,"land inside the Portuguese safe interior (v3); 18.99 of 18.99 km2 of the hex's canonical land, largest unioned share",UNRESOLVED,,promo_c1d69cca569e,34.61,rev_b1975bf9eb24,Portugal safe interior v3 from the 1751 Vaugondy sheets; positional uncertainty 12.33 km replaces 34.61 km,REVISED,promo_b68466ea22a9,12.33
TERRESTRIAL_HEX,h6000_q-000606_r+000900,sp_fef06587fead,CONTROLLED,"land inside the Portuguese safe interior (v3); 18.97 of 18.97 km2 of the hex's canonical land, largest unioned share",UNRESOLVED,,promo_c1d69cca569e,34.61,rev_8c43035f6283,Portugal safe interior v3 from the 1751 Vaugondy sheets; positional uncertainty 12.33 km replaces 34.61 km,REVISED,promo_b68466ea22a9,12.33
TERRESTRIAL_HEX,h6000_q-000606_r+000901,sp_fef06587fead,CONTROLLED,"land inside the Portuguese safe interior (v3); 18.95 of 18.95 km2 of the hex's canonical land, largest unioned share",UNRESOLVED,,promo_7c95358cf0a4,34.61,rev_aae5a5920f3d,Portugal safe interior v3 from the 1751 Vaugondy sheets; positional uncertainty 12.33 km replaces 34.61 km,REVISED,promo_b68466ea22a9,12.33
TERRESTRIAL_HEX,h6000_q-000606_r+000902,sp_fef06587fead,CONTROLLED,"land inside the Portuguese safe interior (v3); 18.93 of 18.93 km2 of the hex's canonical land, largest unioned share",UNRESOLVED,,promo_7c95358cf0a4,34.61,rev_790626f5dbf6,Portugal safe interior v3 from the 1751 Vaugondy sheets; positional uncertainty 12.33 km replaces 34.61 km,REVISED,promo_b68466ea22a9,12.33
TERRESTRIAL_HEX,h6000_q-000606_r+000903,sp_fef06587fead,CONTROLLED,"land inside the Portuguese safe interior (v3); 18.91 of 18.91 km2 of the hex's canonical land, largest unioned share",UNRESOLVED,,promo_7c95358cf0a4,34.61,rev_9f8c86124ba2,Portugal safe interior v3 from the 1751 Vaugondy sheets; positional uncertainty 12.33 km replaces 34.61 km,REVISED,promo_b68466ea22a9,12.33
TERRESTRIAL_HEX,h6000_q-000606_r+000904,sp_fef06587fead,CONTROLLED,"land inside the Portuguese safe interior (v3); 18.89 of 18.89 km2 of the hex's canonical land, largest unioned share",UNRESOLVED,,promo_7c95358cf0a4,34.61,rev_498e2daadd33,Portugal safe interior v3 from the 1751 Vaugondy sheets; positional uncertainty 12.33 km replaces 34.61 km,REVISED,promo_b68466ea22a9,12.33
TERRESTRIAL_HEX,h6000_q-000606_r+000905,sp_fef06587fead,CONTROLLED,"land inside the Portuguese safe interior (v3); 18.87 of 18.87 km2 of the hex's canonical land, largest unioned share",UNRESOLVED,,promo_7c95358cf0a4,34.61,rev_2b32067e5677,Portugal safe interior v3 from the 1751 Vaugondy sheets; positional uncertainty 12.33 km replaces 34.61 km,REVISED,promo_b68466ea22a9,12.33
TERRESTRIAL_HEX,h6000_q-000606_r+000906,sp_fef06587fead,CONTROLLED,"land inside the Portuguese safe interior (v3); 18.85 of 18.85 km2 of the hex's canonical land, largest unioned share",UNRESOLVED,,promo_7c95358cf0a4,34.61,rev_fe04005c20f2,Portugal safe interior v3 from the 1751 Vaugondy sheets; positional uncertainty 12.33 km replaces 34.61 km,REVISED,promo_b68466ea22a9,12.33
TERRESTRIAL_HEX,h6000_q-000606_r+000907,sp_fef06587fead,CONTROLLED,"land inside the Portuguese safe interior (v3); 18.84 of 18.84 km2 of the hex's canonical land, largest unioned share",UNRESOLVED,,promo_7c95358cf0a4,34.61,rev_6de7dd2b1214,Portugal safe interior v3 from the 1751 Vaugondy sheets; positional uncertainty 12.33 km replaces 34.61 km,REVISED,promo_b68466ea22a9,12.33
TERRESTRIAL_HEX,h6000_q-000606_r+000908,sp_fef06587fead,CONTROLLED,"land inside the Portuguese safe interior (v3); 18.82 of 18.82 km2 of the hex's canonical land, largest unioned share",UNRESOLVED,,promo_7c95358cf0a4,34.61,rev_7d1dad5e0189,Portugal safe interior v3 from the 1751 Vaugondy sheets; positional uncertainty 12.33 km replaces 34.61 km,REVISED,promo_b68466ea22a9,12.33
TERRESTRIAL_HEX,h6000_q-000606_r+000909,sp_fef06587fead,CONTROLLED,"land inside the Portuguese safe interior (v3); 18.80 of 18.80 km2 of the hex's canonical land, largest unioned share",UNRESOLVED,,promo_7c95358cf0a4,34.61,rev_a7268b7a6a88,Portugal safe interior v3 from the 1751 Vaugondy sheets; positional uncertainty 12.33 km replaces 34.61 km,REVISED,promo_b68466ea22a9,12.33
TERRESTRIAL_HEX,h6000_q-000606_r+000910,sp_fef06587fead,CONTROLLED,"land inside the Portuguese safe interior (v3); 18.78 of 18.78 km2 of the hex's canonical land, largest unioned share",UNRESOLVED,,promo_7c95358cf0a4,34.61,rev_6d3558f4804f,Portugal safe interior v3 from the 1751 Vaugondy sheets; positional uncertainty 12.33 km replaces 34.61 km,REVISED,promo_b68466ea22a9,12.33
TERRESTRIAL_HEX,h6000_q-000606_r+000946,sp_fef06587fead,CONTROLLED,"land inside the Portuguese safe interior (v2); 16.20 of 18.09 km2 of the hex's canonical land, largest unioned share",UNRESOLVED,,promo_7c95358cf0a4,34.61,rev_4ab6f8a5a64b,Portugal safe interior v3 from the 1751 Vaugondy sheets; positional uncertainty 12.33 km replaces 34.61 km,REVISED,promo_b68466ea22a9,12.33
TERRESTRIAL_HEX,h6000_q-000606_r+000947,sp_fef06587fead,CONTROLLED,"land inside the Portuguese safe interior (v2); 15.74 of 18.07 km2 of the hex's canonical land, largest unioned share",UNRESOLVED,,promo_7c95358cf0a4,34.61,rev_b4557e378577,Portugal safe interior v3 from the 1751 Vaugondy sheets; positional uncertainty 12.33 km replaces 34.61 km,REVISED,promo_b68466ea22a9,12.33
TERRESTRIAL_HEX,h6000_q-000607_r+000892,sp_fef06587fead,CONTROLLED,"land inside the Portuguese safe interior (v3); 2.87 of 18.00 km2 of the hex's canonical land, largest unioned share",UNRESOLVED,,promo_7c95358cf0a4,34.61,rev_8a1a6343a902,Portugal safe interior v3 from the 1751 Vaugondy sheets; positional uncertainty 12.33 km replaces 34.61 km,REVISED,promo_b68466ea22a9,12.33
TERRESTRIAL_HEX,h6000_q-000607_r+000893,sp_fef06587fead,CONTROLLED,"land inside the Portuguese safe interior (v3); 17.70 of 17.82 km2 of the hex's canonical land, largest unioned share",UNRESOLVED,,promo_7c95358cf0a4,34.61,rev_a6c54be7a5ce,Portugal safe interior v3 from the 1751 Vaugondy sheets; positional uncertainty 12.33 km replaces 34.61 km,REVISED,promo_b68466ea22a9,12.33
TERRESTRIAL_HEX,h6000_q-000607_r+000894,sp_fef06587fead,CONTROLLED,"land inside the Portuguese safe interior (v3); 19.08 of 19.08 km2 of the hex's canonical land, largest unioned share",UNRESOLVED,,promo_7c95358cf0a4,34.61,rev_ff9f7ac85270,Portugal safe interior v3 from the 1751 Vaugondy sheets; positional uncertainty 12.33 km replaces 34.61 km,REVISED,promo_b68466ea22a9,12.33
TERRESTRIAL_HEX,h6000_q-000607_r+000895,sp_fef06587fead,CONTROLLED,"land inside the Portuguese safe interior (v3); 19.07 of 19.07 km2 of the hex's canonical land, largest unioned share",UNRESOLVED,,promo_7c95358cf0a4,34.61,rev_78c8760542ce,Portugal safe interior v3 from the 1751 Vaugondy sheets; positional uncertainty 12.33 km replaces 34.61 km,REVISED,promo_b68466ea22a9,12.33
TERRESTRIAL_HEX,h6000_q-000607_r+000896,sp_fef06587fead,CONTROLLED,"land inside the Portuguese safe interior (v3); 19.05 of 19.05 km2 of the hex's canonical land, largest unioned share",UNRESOLVED,,promo_7c95358cf0a4,34.61,rev_b60af8b5671c,Portugal safe interior v3 from the 1751 Vaugondy sheets; positional uncertainty 12.33 km replaces 34.61 km,REVISED,promo_b68466ea22a9,12.33
TERRESTRIAL_HEX,h6000_q-000607_r+000897,sp_fef06587fead,CONTROLLED,"land inside the Portuguese safe interior (v3); 19.03 of 19.03 km2 of the hex's canonical land, largest unioned share",UNRESOLVED,,promo_7c95358cf0a4,34.61,rev_ff9a171bfbc5,Portugal safe interior v3 from the 1751 Vaugondy sheets; positional uncertainty 12.33 km replaces 34.61 km,REVISED,promo_b68466ea22a9,12.33
TERRESTRIAL_HEX,h6000_q-000607_r+000898,sp_fef06587fead,CONTROLLED,"land inside the Portuguese safe interior (v3); 19.01 of 19.01 km2 of the hex's canonical land, largest unioned share",UNRESOLVED,,promo_7c95358cf0a4,34.61,rev_a84674911049,Portugal safe interior v3 from the 1751 Vaugondy sheets; positional uncertainty 12.33 km replaces 34.61 km,REVISED,promo_b68466ea22a9,12.33
TERRESTRIAL_HEX,h6000_q-000607_r+000899,sp_fef06587fead,CONTROLLED,"land inside the Portuguese safe interior (v3); 18.99 of 18.99 km2 of the hex's canonical land, largest unioned share",UNRESOLVED,,promo_c1d69cca569e,34.61,rev_441796a2d886,Portugal safe interior v3 from the 1751 Vaugondy sheets; positional uncertainty 12.33 km replaces 34.61 km,REVISED,promo_b68466ea22a9,12.33
TERRESTRIAL_HEX,h6000_q-000607_r+000900,sp_fef06587fead,CONTROLLED,"land inside the Portuguese safe interior (v3); 18.97 of 18.97 km2 of the hex's canonical land, largest unioned share",UNRESOLVED,,promo_c1d69cca569e,34.61,rev_b7e28270e406,Portugal safe interior v3 from the 1751 Vaugondy sheets; positional uncertainty 12.33 km replaces 34.61 km,REVISED,promo_b68466ea22a9,12.33
TERRESTRIAL_HEX,h6000_q-000607_r+000901,sp_fef06587fead,CONTROLLED,"land inside the Portuguese safe interior (v3); 18.95 of 18.95 km2 of the hex's canonical land, largest unioned share",UNRESOLVED,,promo_c1d69cca569e,34.61,rev_4c8fc9c2487c,Portugal safe interior v3 from the 1751 Vaugondy sheets; positional uncertainty 12.33 km replaces 34.61 km,REVISED,promo_b68466ea22a9,12.33
TERRESTRIAL_HEX,h6000_q-000607_r+000902,sp_fef06587fead,CONTROLLED,"land inside the Portuguese safe interior (v3); 18.93 of 18.93 km2 of the hex's canonical land, largest unioned share",UNRESOLVED,,promo_c1d69cca569e,34.61,rev_376e791ff737,Portugal safe interior v3 from the 1751 Vaugondy sheets; positional uncertainty 12.33 km replaces 34.61 km,REVISED,promo_b68466ea22a9,12.33
TERRESTRIAL_HEX,h6000_q-000607_r+000903,sp_fef06587fead,CONTROLLED,"land inside the Portuguese safe interior (v3); 18.91 of 18.91 km2 of the hex's canonical land, largest unioned share",UNRESOLVED,,promo_7c95358cf0a4,34.61,rev_c64feb78bce8,Portugal safe interior v3 from the 1751 Vaugondy sheets; positional uncertainty 12.33 km replaces 34.61 km,REVISED,promo_b68466ea22a9,12.33
TERRESTRIAL_HEX,h6000_q-000607_r+000904,sp_fef06587fead,CONTROLLED,"land inside the Portuguese safe interior (v3); 18.89 of 18.89 km2 of the hex's canonical land, largest unioned share",UNRESOLVED,,promo_7c95358cf0a4,34.61,rev_591e2b533153,Portugal safe interior v3 from the 1751 Vaugondy sheets; positional uncertainty 12.33 km replaces 34.61 km,REVISED,promo_b68466ea22a9,12.33
TERRESTRIAL_HEX,h6000_q-000607_r+000905,sp_fef06587fead,CONTROLLED,"land inside the Portuguese safe interior (v3); 18.87 of 18.87 km2 of the hex's canonical land, largest unioned share",UNRESOLVED,,promo_7c95358cf0a4,34.61,rev_6a23a8ce1593,Portugal safe interior v3 from the 1751 Vaugondy sheets; positional uncertainty 12.33 km replaces 34.61 km,REVISED,promo_b68466ea22a9,12.33
TERRESTRIAL_HEX,h6000_q-000607_r+000906,sp_fef06587fead,CONTROLLED,"land inside the Portuguese safe interior (v3); 18.85 of 18.85 km2 of the hex's canonical land, largest unioned share",UNRESOLVED,,promo_7c95358cf0a4,34.61,rev_670f2a1ef694,Portugal safe interior v3 from the 1751 Vaugondy sheets; positional uncertainty 12.33 km replaces 34.61 km,REVISED,promo_b68466ea22a9,12.33
TERRESTRIAL_HEX,h6000_q-000607_r+000907,sp_fef06587fead,CONTROLLED,"land inside the Portuguese safe interior (v3); 18.84 of 18.84 km2 of the hex's canonical land, largest unioned share",UNRESOLVED,,promo_7c95358cf0a4,34.61,rev_407b405026c9,Portugal safe interior v3 from the 1751 Vaugondy sheets; positional uncertainty 12.33 km replaces 34.61 km,REVISED,promo_b68466ea22a9,12.33
TERRESTRIAL_HEX,h6000_q-000607_r+000908,sp_fef06587fead,CONTROLLED,"land inside the Portuguese safe interior (v3); 18.82 of 18.82 km2 of the hex's canonical land, largest unioned share",UNRESOLVED,,promo_7c95358cf0a4,34.61,rev_e60c9b155502,Portugal safe interior v3 from the 1751 Vaugondy sheets; positional uncertainty 12.33 km replaces 34.61 km,REVISED,promo_b68466ea22a9,12.33
TERRESTRIAL_HEX,h6000_q-000607_r+000909,sp_fef06587fead,CONTROLLED,"land inside the Portuguese safe interior (v3); 18.80 of 18.80 km2 of the hex's canonical land, largest unioned share",UNRESOLVED,,promo_7c95358cf0a4,34.61,rev_e2fb88921853,Portugal safe interior v3 from the 1751 Vaugondy sheets; positional uncertainty 12.33 km replaces 34.61 km,REVISED,promo_b68466ea22a9,12.33
TERRESTRIAL_HEX,h6000_q-000607_r+000946,sp_fef06587fead,CONTROLLED,"land inside the Portuguese safe interior (v2); 10.74 of 18.09 km2 of the hex's canonical land, largest unioned share",UNRESOLVED,,promo_7c95358cf0a4,34.61,rev_07ecfa92d28e,Portugal safe interior v3 from the 1751 Vaugondy sheets; positional uncertainty 12.33 km replaces 34.61 km,REVISED,promo_b68466ea22a9,12.33
TERRESTRIAL_HEX,h6000_q-000607_r+000948,sp_fef06587fead,CONTROLLED,"land inside the Portuguese safe interior (v2); 0.94 of 18.05 km2 of the hex's canonical land, largest unioned share",UNRESOLVED,,promo_7c95358cf0a4,34.61,rev_4fe59bac3c78,Portugal safe interior v3 from the 1751 Vaugondy sheets; positional uncertainty 12.33 km replaces 34.61 km,REVISED,promo_b68466ea22a9,12.33
TERRESTRIAL_HEX,h6000_q-000608_r+000894,sp_fef06587fead,CONTROLLED,"land inside the Portuguese safe interior (v3); 17.13 of 19.08 km2 of the hex's canonical land, largest unioned share",UNRESOLVED,,promo_7c95358cf0a4,34.61,rev_c84eba9a3a54,Portugal safe interior v3 from the 1751 Vaugondy sheets; positional uncertainty 12.33 km replaces 34.61 km,REVISED,promo_b68466ea22a9,12.33
TERRESTRIAL_HEX,h6000_q-000608_r+000895,sp_fef06587fead,CONTROLLED,"land inside the Portuguese safe interior (v3); 19.07 of 19.07 km2 of the hex's canonical land, largest unioned share",UNRESOLVED,,promo_7c95358cf0a4,34.61,rev_568e4a06c0b3,Portugal safe interior v3 from the 1751 Vaugondy sheets; positional uncertainty 12.33 km replaces 34.61 km,REVISED,promo_b68466ea22a9,12.33
TERRESTRIAL_HEX,h6000_q-000608_r+000896,sp_fef06587fead,CONTROLLED,"land inside the Portuguese safe interior (v3); 19.05 of 19.05 km2 of the hex's canonical land, largest unioned share",UNRESOLVED,,promo_7c95358cf0a4,34.61,rev_98193aa30a98,Portugal safe interior v3 from the 1751 Vaugondy sheets; positional uncertainty 12.33 km replaces 34.61 km,REVISED,promo_b68466ea22a9,12.33
TERRESTRIAL_HEX,h6000_q-000608_r+000897,sp_fef06587fead,CONTROLLED,"land inside the Portuguese safe interior (v3); 19.03 of 19.03 km2 of the hex's canonical land, largest unioned share",UNRESOLVED,,promo_7c95358cf0a4,34.61,rev_38e21175f2c3,Portugal safe interior v3 from the 1751 Vaugondy sheets; positional uncertainty 12.33 km replaces 34.61 km,REVISED,promo_b68466ea22a9,12.33
TERRESTRIAL_HEX,h6000_q-000608_r+000898,sp_fef06587fead,CONTROLLED,"land inside the Portuguese safe interior (v3); 19.01 of 19.01 km2 of the hex's canonical land, largest unioned share",UNRESOLVED,,promo_7c95358cf0a4,34.61,rev_5069bb88745c,Portugal safe interior v3 from the 1751 Vaugondy sheets; positional uncertainty 12.33 km replaces 34.61 km,REVISED,promo_b68466ea22a9,12.33
TERRESTRIAL_HEX,h6000_q-000608_r+000899,sp_fef06587fead,CONTROLLED,"land inside the Portuguese safe interior (v3); 18.99 of 18.99 km2 of the hex's canonical land, largest unioned share",UNRESOLVED,,promo_c1d69cca569e,34.61,rev_821198dfb7dd,Portugal safe interior v3 from the 1751 Vaugondy sheets; positional uncertainty 12.33 km replaces 34.61 km,REVISED,promo_b68466ea22a9,12.33
TERRESTRIAL_HEX,h6000_q-000608_r+000900,sp_fef06587fead,CONTROLLED,"land inside the Portuguese safe interior (v3); 18.97 of 18.97 km2 of the hex's canonical land, largest unioned share",UNRESOLVED,,promo_c1d69cca569e,34.61,rev_77c3ec9aaf10,Portugal safe interior v3 from the 1751 Vaugondy sheets; positional uncertainty 12.33 km replaces 34.61 km,REVISED,promo_b68466ea22a9,12.33
TERRESTRIAL_HEX,h6000_q-000608_r+000901,sp_fef06587fead,CONTROLLED,"land inside the Portuguese safe interior (v3); 18.95 of 18.95 km2 of the hex's canonical land, largest unioned share",UNRESOLVED,,promo_c1d69cca569e,34.61,rev_39ba9add9f93,Portugal safe interior v3 from the 1751 Vaugondy sheets; positional uncertainty 12.33 km replaces 34.61 km,REVISED,promo_b68466ea22a9,12.33
TERRESTRIAL_HEX,h6000_q-000608_r+000902,sp_fef06587fead,CONTROLLED,"land inside the Portuguese safe interior (v3); 18.93 of 18.93 km2 of the hex's canonical land, largest unioned share",UNRESOLVED,,promo_c1d69cca569e,34.61,rev_6ad7c08a9de7,Portugal safe interior v3 from the 1751 Vaugondy sheets; positional uncertainty 12.33 km replaces 34.61 km,REVISED,promo_b68466ea22a9,12.33
TERRESTRIAL_HEX,h6000_q-000608_r+000903,sp_fef06587fead,CONTROLLED,"land inside the Portuguese safe interior (v3); 18.91 of 18.91 km2 of the hex's canonical land, largest unioned share",UNRESOLVED,,promo_c1d69cca569e,34.61,rev_2489ff9ddf44,Portugal safe interior v3 from the 1751 Vaugondy sheets; positional uncertainty 12.33 km replaces 34.61 km,REVISED,promo_b68466ea22a9,12.33
TERRESTRIAL_HEX,h6000_q-000608_r+000905,sp_fef06587fead,CONTROLLED,"land inside the Portuguese safe interior (v3); 18.87 of 18.87 km2 of the hex's canonical land, largest unioned share",UNRESOLVED,,promo_7c95358cf0a4,34.61,rev_fb2740e6a302,Portugal safe interior v3 from the 1751 Vaugondy sheets; positional uncertainty 12.33 km replaces 34.61 km,REVISED,promo_b68466ea22a9,12.33
TERRESTRIAL_HEX,h6000_q-000608_r+000906,sp_fef06587fead,CONTROLLED,"land inside the Portuguese safe interior (v3); 18.85 of 18.85 km2 of the hex's canonical land, largest unioned share",UNRESOLVED,,promo_7c95358cf0a4,34.61,rev_b301dc24c938,Portugal safe interior v3 from the 1751 Vaugondy sheets; positional uncertainty 12.33 km replaces 34.61 km,REVISED,promo_b68466ea22a9,12.33
TERRESTRIAL_HEX,h6000_q-000608_r+000907,sp_fef06587fead,CONTROLLED,"land inside the Portuguese safe interior (v3); 18.84 of 18.84 km2 of the hex's canonical land, largest unioned share",UNRESOLVED,,promo_7c95358cf0a4,34.61,rev_12dfa0e20bc2,Portugal safe interior v3 from the 1751 Vaugondy sheets; positional uncertainty 12.33 km replaces 34.61 km,REVISED,promo_b68466ea22a9,12.33
TERRESTRIAL_HEX,h6000_q-000608_r+000908,sp_fef06587fead,CONTROLLED,"land inside the Portuguese safe interior (v3); 18.82 of 18.82 km2 of the hex's canonical land, largest unioned share",UNRESOLVED,,promo_7c95358cf0a4,34.61,rev_711fe14c54e2,Portugal safe interior v3 from the 1751 Vaugondy sheets; positional uncertainty 12.33 km replaces 34.61 km,REVISED,promo_b68466ea22a9,12.33
TERRESTRIAL_HEX,h6000_q-000608_r+000909,sp_fef06587fead,CONTROLLED,"land inside the Portuguese safe interior (v3); 18.80 of 18.80 km2 of the hex's canonical land, largest unioned share",UNRESOLVED,,promo_7c95358cf0a4,34.61,rev_9c21fb827251,Portugal safe interior v3 from the 1751 Vaugondy sheets; positional uncertainty 12.33 km replaces 34.61 km,REVISED,promo_b68466ea22a9,12.33
TERRESTRIAL_HEX,h6000_q-000608_r+000946,sp_fef06587fead,CONTROLLED,"land inside the Portuguese safe interior (v2); 4.55 of 18.09 km2 of the hex's canonical land, largest unioned share",UNRESOLVED,,promo_7c95358cf0a4,34.61,rev_6f5752139ebd,Portugal safe interior v3 from the 1751 Vaugondy sheets; positional uncertainty 12.33 km replaces 34.61 km,REVISED,promo_b68466ea22a9,12.33
TERRESTRIAL_HEX,h6000_q-000608_r+000948,sp_fef06587fead,CONTROLLED,"land inside the Portuguese safe interior (v2); 5.67 of 18.05 km2 of the hex's canonical land, largest unioned share",UNRESOLVED,,promo_7c95358cf0a4,34.61,rev_dd9ff2b0d342,Portugal safe interior v3 from the 1751 Vaugondy sheets; positional uncertainty 12.33 km replaces 34.61 km,REVISED,promo_b68466ea22a9,12.33
TERRESTRIAL_HEX,h6000_q-000608_r+000954,sp_fef06587fead,CONTROLLED,"land inside the Portuguese safe interior (v3); 2.40 of 17.94 km2 of the hex's canonical land, largest unioned share",UNRESOLVED,,promo_7c95358cf0a4,34.61,rev_b70d7ef776cb,Portugal safe interior v3 from the 1751 Vaugondy sheets; positional uncertainty 12.33 km replaces 34.61 km,REVISED,promo_b68466ea22a9,12.33
TERRESTRIAL_HEX,h6000_q-000609_r+000895,sp_fef06587fead,CONTROLLED,"land inside the Portuguese safe interior (v3); 16.23 of 17.12 km2 of the hex's canonical land, largest unioned share",UNRESOLVED,,promo_7c95358cf0a4,34.61,rev_992cfd36b845,Portugal safe interior v3 from the 1751 Vaugondy sheets; positional uncertainty 12.33 km replaces 34.61 km,REVISED,promo_b68466ea22a9,12.33
TERRESTRIAL_HEX,h6000_q-000609_r+000896,sp_fef06587fead,CONTROLLED,"land inside the Portuguese safe interior (v3); 19.05 of 19.05 km2 of the hex's canonical land, largest unioned share",UNRESOLVED,,promo_7c95358cf0a4,34.61,rev_be9e0ab1ff8d,Portugal safe interior v3 from the 1751 Vaugondy sheets; positional uncertainty 12.33 km replaces 34.61 km,REVISED,promo_b68466ea22a9,12.33
TERRESTRIAL_HEX,h6000_q-000609_r+000897,sp_fef06587fead,CONTROLLED,"land inside the Portuguese safe interior (v3); 19.03 of 19.03 km2 of the hex's canonical land, largest unioned share",UNRESOLVED,,promo_7c95358cf0a4,34.61,rev_f087fd8da957,Portugal safe interior v3 from the 1751 Vaugondy sheets; positional uncertainty 12.33 km replaces 34.61 km,REVISED,promo_b68466ea22a9,12.33
TERRESTRIAL_HEX,h6000_q-000609_r+000898,sp_fef06587fead,CONTROLLED,"land inside the Portuguese safe interior (v3); 19.01 of 19.01 km2 of the hex's canonical land, largest unioned share",UNRESOLVED,,promo_7c95358cf0a4,34.61,rev_7c3ae09eb662,Portugal safe interior v3 from the 1751 Vaugondy sheets; positional uncertainty 12.33 km replaces 34.61 km,REVISED,promo_b68466ea22a9,12.33
TERRESTRIAL_HEX,h6000_q-000609_r+000899,sp_fef06587fead,CONTROLLED,"land inside the Portuguese safe interior (v3); 18.99 of 18.99 km2 of the hex's canonical land, largest unioned share",UNRESOLVED,,promo_7c95358cf0a4,34.61,rev_a9bd0a6bea7d,Portugal safe interior v3 from the 1751 Vaugondy sheets; positional uncertainty 12.33 km replaces 34.61 km,REVISED,promo_b68466ea22a9,12.33
TERRESTRIAL_HEX,h6000_q-000609_r+000900,sp_fef06587fead,CONTROLLED,"land inside the Portuguese safe interior (v3); 18.97 of 18.97 km2 of the hex's canonical land, largest unioned share",UNRESOLVED,,promo_7c95358cf0a4,34.61,rev_81314b7813a3,Portugal safe interior v3 from the 1751 Vaugondy sheets; positional uncertainty 12.33 km replaces 34.61 km,REVISED,promo_b68466ea22a9,12.33
TERRESTRIAL_HEX,h6000_q-000609_r+000901,sp_fef06587fead,CONTROLLED,"land inside the Portuguese safe interior (v3); 18.95 of 18.95 km2 of the hex's canonical land, largest unioned share",UNRESOLVED,,promo_c1d69cca569e,34.61,rev_9929ea972d4a,Portugal safe interior v3 from the 1751 Vaugondy sheets; positional uncertainty 12.33 km replaces 34.61 km,REVISED,promo_b68466ea22a9,12.33
TERRESTRIAL_HEX,h6000_q-000609_r+000902,sp_fef06587fead,CONTROLLED,"land inside the Portuguese safe interior (v3); 18.93 of 18.93 km2 of the hex's canonical land, largest unioned share",UNRESOLVED,,promo_c1d69cca569e,34.61,rev_70a35eb37844,Portugal safe interior v3 from the 1751 Vaugondy sheets; positional uncertainty 12.33 km replaces 34.61 km,REVISED,promo_b68466ea22a9,12.33
TERRESTRIAL_HEX,h6000_q-000609_r+000947,sp_fef06587fead,CONTROLLED,"land inside the Portuguese safe interior (v2); 9.36 of 18.07 km2 of the hex's canonical land, largest unioned share",UNRESOLVED,,promo_7c95358cf0a4,34.61,rev_7d7b6cbef14b,Portugal safe interior v3 from the 1751 Vaugondy sheets; positional uncertainty 12.33 km replaces 34.61 km,REVISED,promo_b68466ea22a9,12.33
TERRESTRIAL_HEX,h6000_q-000609_r+000948,sp_fef06587fead,CONTROLLED,"land inside the Portuguese safe interior (v2); 13.56 of 18.05 km2 of the hex's canonical land, largest unioned share",UNRESOLVED,,promo_7c95358cf0a4,34.61,rev_6e809c9b1644,Portugal safe interior v3 from the 1751 Vaugondy sheets; positional uncertainty 12.33 km replaces 34.61 km,REVISED,promo_b68466ea22a9,12.33
TERRESTRIAL_HEX,h6000_q-000609_r+000954,sp_fef06587fead,CONTROLLED,"land inside the Portuguese safe interior (v3); 1.44 of 17.94 km2 of the hex's canonical land, largest unioned share",UNRESOLVED,,promo_7c95358cf0a4,34.61,rev_a2da462b709f,Portugal safe interior v3 from the 1751 Vaugondy sheets; positional uncertainty 12.33 km replaces 34.61 km,REVISED,promo_b68466ea22a9,12.33
TERRESTRIAL_HEX,h6000_q-000610_r+000896,sp_fef06587fead,CONTROLLED,"land inside the Portuguese safe interior (v3); 12.12 of 12.87 km2 of the hex's canonical land, largest unioned share",UNRESOLVED,,promo_7c95358cf0a4,34.61,rev_1859df61f3ee,Portugal safe interior v3 from the 1751 Vaugondy sheets; positional uncertainty 12.33 km replaces 34.61 km,REVISED,promo_b68466ea22a9,12.33
TERRESTRIAL_HEX,h6000_q-000610_r+000897,sp_fef06587fead,CONTROLLED,"land inside the Portuguese safe interior (v3); 19.03 of 19.03 km2 of the hex's canonical land, largest unioned share",UNRESOLVED,,promo_7c95358cf0a4,34.61,rev_2c4d7e4a199e,Portugal safe interior v3 from the 1751 Vaugondy sheets; positional uncertainty 12.33 km replaces 34.61 km,REVISED,promo_b68466ea22a9,12.33
TERRESTRIAL_HEX,h6000_q-000610_r+000898,sp_fef06587fead,CONTROLLED,"land inside the Portuguese safe interior (v3); 19.01 of 19.01 km2 of the hex's canonical land, largest unioned share",UNRESOLVED,,promo_7c95358cf0a4,34.61,rev_69b7c142c04d,Portugal safe interior v3 from the 1751 Vaugondy sheets; positional uncertainty 12.33 km replaces 34.61 km,REVISED,promo_b68466ea22a9,12.33
TERRESTRIAL_HEX,h6000_q-000610_r+000899,sp_fef06587fead,CONTROLLED,"land inside the Portuguese safe interior (v3); 18.99 of 18.99 km2 of the hex's canonical land, largest unioned share",UNRESOLVED,,promo_7c95358cf0a4,34.61,rev_092fdc5408f7,Portugal safe interior v3 from the 1751 Vaugondy sheets; positional uncertainty 12.33 km replaces 34.61 km,REVISED,promo_b68466ea22a9,12.33
TERRESTRIAL_HEX,h6000_q-000610_r+000900,sp_fef06587fead,CONTROLLED,"land inside the Portuguese safe interior (v3); 18.97 of 18.97 km2 of the hex's canonical land, largest unioned share",UNRESOLVED,,promo_7c95358cf0a4,34.61,rev_d2bae3e30a19,Portugal safe interior v3 from the 1751 Vaugondy sheets; positional uncertainty 12.33 km replaces 34.61 km,REVISED,promo_b68466ea22a9,12.33
TERRESTRIAL_HEX,h6000_q-000610_r+000901,sp_fef06587fead,CONTROLLED,"land inside the Portuguese safe interior (v3); 18.95 of 18.95 km2 of the hex's canonical land, largest unioned share",UNRESOLVED,,promo_7c95358cf0a4,34.61,rev_ee0d480c33bf,Portugal safe interior v3 from the 1751 Vaugondy sheets; positional uncertainty 12.33 km replaces 34.61 km,REVISED,promo_b68466ea22a9,12.33
TERRESTRIAL_HEX,h6000_q-000610_r+000902,sp_fef06587fead,CONTROLLED,"land inside the Portuguese safe interior (v3); 18.93 of 18.93 km2 of the hex's canonical land, largest unioned share",UNRESOLVED,,promo_c1d69cca569e,34.61,rev_506e0c3e1823,Portugal safe interior v3 from the 1751 Vaugondy sheets; positional uncertainty 12.33 km replaces 34.61 km,REVISED,promo_b68466ea22a9,12.33
TERRESTRIAL_HEX,h6000_q-000610_r+000948,sp_fef06587fead,CONTROLLED,"land inside the Portuguese safe interior (v2); 8.46 of 18.05 km2 of the hex's canonical land, largest unioned share",UNRESOLVED,,promo_7c95358cf0a4,34.61,rev_af6e7774e87b,Portugal safe interior v3 from the 1751 Vaugondy sheets; positional uncertainty 12.33 km replaces 34.61 km,REVISED,promo_b68466ea22a9,12.33
TERRESTRIAL_HEX,h6000_q-000610_r+000949,sp_fef06587fead,CONTROLLED,"land inside the Portuguese safe interior (v2); 1.72 of 18.04 km2 of the hex's canonical land, largest unioned share",UNRESOLVED,,promo_7c95358cf0a4,34.61,rev_d2f35fdae77f,Portugal safe interior v3 from the 1751 Vaugondy sheets; positional uncertainty 12.33 km replaces 34.61 km,REVISED,promo_b68466ea22a9,12.33
TERRESTRIAL_HEX,h6000_q-000611_r+000897,sp_fef06587fead,CONTROLLED,"land inside the Portuguese safe interior (v3); 10.16 of 18.22 km2 of the hex's canonical land, largest unioned share",UNRESOLVED,,promo_7c95358cf0a4,34.61,rev_3f99da95efe5,Portugal safe interior v3 from the 1751 Vaugondy sheets; positional uncertainty 12.33 km replaces 34.61 km,REVISED,promo_b68466ea22a9,12.33
TERRESTRIAL_HEX,h6000_q-000611_r+000898,sp_fef06587fead,CONTROLLED,"land inside the Portuguese safe interior (v3); 19.01 of 19.01 km2 of the hex's canonical land, largest unioned share",UNRESOLVED,,promo_7c95358cf0a4,34.61,rev_e9664e5b260c,Portugal safe interior v3 from the 1751 Vaugondy sheets; positional uncertainty 12.33 km replaces 34.61 km,REVISED,promo_b68466ea22a9,12.33
TERRESTRIAL_HEX,h6000_q-000611_r+000899,sp_fef06587fead,CONTROLLED,"land inside the Portuguese safe interior (v3); 18.99 of 18.99 km2 of the hex's canonical land, largest unioned share",UNRESOLVED,,promo_7c95358cf0a4,34.61,rev_8ed7c57332ba,Portugal safe interior v3 from the 1751 Vaugondy sheets; positional uncertainty 12.33 km replaces 34.61 km,REVISED,promo_b68466ea22a9,12.33
TERRESTRIAL_HEX,h6000_q-000611_r+000900,sp_fef06587fead,CONTROLLED,"land inside the Portuguese safe interior (v3); 18.97 of 18.97 km2 of the hex's canonical land, largest unioned share",UNRESOLVED,,promo_7c95358cf0a4,34.61,rev_9a96b31e8ba1,Portugal safe interior v3 from the 1751 Vaugondy sheets; positional uncertainty 12.33 km replaces 34.61 km,REVISED,promo_b68466ea22a9,12.33
TERRESTRIAL_HEX,h6000_q-000611_r+000901,sp_fef06587fead,CONTROLLED,"land inside the Portuguese safe interior (v3); 18.95 of 18.95 km2 of the hex's canonical land, largest unioned share",UNRESOLVED,,promo_7c95358cf0a4,34.61,rev_8c5633b1d82c,Portugal safe interior v3 from the 1751 Vaugondy sheets; positional uncertainty 12.33 km replaces 34.61 km,REVISED,promo_b68466ea22a9,12.33
TERRESTRIAL_HEX,h6000_q-000611_r+000902,sp_fef06587fead,CONTROLLED,"land inside the Portuguese safe interior (v3); 18.93 of 18.93 km2 of the hex's canonical land, largest unioned share",UNRESOLVED,,promo_7c95358cf0a4,34.61,rev_5bef82c77c8c,Portugal safe interior v3 from the 1751 Vaugondy sheets; positional uncertainty 12.33 km replaces 34.61 km,REVISED,promo_b68466ea22a9,12.33
TERRESTRIAL_HEX,h6000_q-000611_r+000903,sp_fef06587fead,CONTROLLED,"land inside the Portuguese safe interior (v3); 18.91 of 18.91 km2 of the hex's canonical land, largest unioned share",UNRESOLVED,,promo_7c95358cf0a4,34.61,rev_7e727616e363,Portugal safe interior v3 from the 1751 Vaugondy sheets; positional uncertainty 12.33 km replaces 34.61 km,REVISED,promo_b68466ea22a9,12.33
TERRESTRIAL_HEX,h6000_q-000611_r+000949,sp_fef06587fead,CONTROLLED,"land inside the Portuguese safe interior (v2); 3.94 of 18.04 km2 of the hex's canonical land, largest unioned share",UNRESOLVED,,promo_7c95358cf0a4,34.61,rev_4c20be67dbd3,Portugal safe interior v3 from the 1751 Vaugondy sheets; positional uncertainty 12.33 km replaces 34.61 km,REVISED,promo_b68466ea22a9,12.33
TERRESTRIAL_HEX,h6000_q-000612_r+000898,sp_fef06587fead,CONTROLLED,"land inside the Portuguese safe interior (v3); 12.58 of 19.01 km2 of the hex's canonical land, largest unioned share",UNRESOLVED,,promo_7c95358cf0a4,34.61,rev_78095d491825,Portugal safe interior v3 from the 1751 Vaugondy sheets; positional uncertainty 12.33 km replaces 34.61 km,REVISED,promo_b68466ea22a9,12.33
TERRESTRIAL_HEX,h6000_q-000612_r+000899,sp_fef06587fead,CONTROLLED,"land inside the Portuguese safe interior (v3); 18.99 of 18.99 km2 of the hex's canonical land, largest unioned share",UNRESOLVED,,promo_7c95358cf0a4,34.61,rev_9d521157e08b,Portugal safe interior v3 from the 1751 Vaugondy sheets; positional uncertainty 12.33 km replaces 34.61 km,REVISED,promo_b68466ea22a9,12.33
TERRESTRIAL_HEX,h6000_q-000612_r+000900,sp_fef06587fead,CONTROLLED,"land inside the Portuguese safe interior (v3); 18.97 of 18.97 km2 of the hex's canonical land, largest unioned share",UNRESOLVED,,promo_7c95358cf0a4,34.61,rev_f951fc983b11,Portugal safe interior v3 from the 1751 Vaugondy sheets; positional uncertainty 12.33 km replaces 34.61 km,REVISED,promo_b68466ea22a9,12.33
TERRESTRIAL_HEX,h6000_q-000612_r+000901,sp_fef06587fead,CONTROLLED,"land inside the Portuguese safe interior (v3); 18.95 of 18.95 km2 of the hex's canonical land, largest unioned share",UNRESOLVED,,promo_7c95358cf0a4,34.61,rev_831bd8e2e613,Portugal safe interior v3 from the 1751 Vaugondy sheets; positional uncertainty 12.33 km replaces 34.61 km,REVISED,promo_b68466ea22a9,12.33
TERRESTRIAL_HEX,h6000_q-000612_r+000902,sp_fef06587fead,CONTROLLED,"land inside the Portuguese safe interior (v3); 18.93 of 18.93 km2 of the hex's canonical land, largest unioned share",UNRESOLVED,,promo_7c95358cf0a4,34.61,rev_ab6ff2020446,Portugal safe interior v3 from the 1751 Vaugondy sheets; positional uncertainty 12.33 km replaces 34.61 km,REVISED,promo_b68466ea22a9,12.33
TERRESTRIAL_HEX,h6000_q-000612_r+000903,sp_fef06587fead,CONTROLLED,"land inside the Portuguese safe interior (v3); 18.91 of 18.91 km2 of the hex's canonical land, largest unioned share",UNRESOLVED,,promo_7c95358cf0a4,34.61,rev_a0215dd1c007,Portugal safe interior v3 from the 1751 Vaugondy sheets; positional uncertainty 12.33 km replaces 34.61 km,REVISED,promo_b68466ea22a9,12.33
TERRESTRIAL_HEX,h6000_q-000612_r+000904,sp_fef06587fead,CONTROLLED,"land inside the Portuguese safe interior (v3); 18.89 of 18.89 km2 of the hex's canonical land, largest unioned share",UNRESOLVED,,promo_7c95358cf0a4,34.61,rev_14de1133b3c5,Portugal safe interior v3 from the 1751 Vaugondy sheets; positional uncertainty 12.33 km replaces 34.61 km,REVISED,promo_b68466ea22a9,12.33
TERRESTRIAL_HEX,h6000_q-000612_r+000950,sp_fef06587fead,CONTROLLED,"land inside the Portuguese safe interior (v2); 0.07 of 18.02 km2 of the hex's canonical land, largest unioned share",UNRESOLVED,,promo_7c95358cf0a4,34.61,rev_d3d2662e94d1,Portugal safe interior v3 from the 1751 Vaugondy sheets; positional uncertainty 12.33 km replaces 34.61 km,REVISED,promo_b68466ea22a9,12.33
TERRESTRIAL_HEX,h6000_q-000612_r+000960,sp_fef06587fead,CONTROLLED,"land inside the Portuguese safe interior (v3); 7.30 of 17.83 km2 of the hex's canonical land, largest unioned share",UNRESOLVED,,promo_c1d69cca569e,34.61,rev_b6326a16a9aa,Portugal safe interior v3 from the 1751 Vaugondy sheets; positional uncertainty 12.33 km replaces 34.61 km,REVISED,promo_b68466ea22a9,12.33
TERRESTRIAL_HEX,h6000_q-000613_r+000899,sp_fef06587fead,CONTROLLED,"land inside the Portuguese safe interior (v3); 16.14 of 18.99 km2 of the hex's canonical land, largest unioned share",UNRESOLVED,,promo_7c95358cf0a4,34.61,rev_bbeed7089ca2,Portugal safe interior v3 from the 1751 Vaugondy sheets; positional uncertainty 12.33 km replaces 34.61 km,REVISED,promo_b68466ea22a9,12.33
TERRESTRIAL_HEX,h6000_q-000613_r+000900,sp_fef06587fead,CONTROLLED,"land inside the Portuguese safe interior (v3); 11.48 of 18.97 km2 of the hex's canonical land, largest unioned share",UNRESOLVED,,promo_7c95358cf0a4,34.61,rev_03486fbd0dd9,Portugal safe interior v3 from the 1751 Vaugondy sheets; positional uncertainty 12.33 km replaces 34.61 km,REVISED,promo_b68466ea22a9,12.33
TERRESTRIAL_HEX,h6000_q-000613_r+000901,sp_fef06587fead,CONTROLLED,"land inside the Portuguese safe interior (v3); 11.22 of 18.95 km2 of the hex's canonical land, largest unioned share",UNRESOLVED,,promo_7c95358cf0a4,34.61,rev_6ab839cf0e23,Portugal safe interior v3 from the 1751 Vaugondy sheets; positional uncertainty 12.33 km replaces 34.61 km,REVISED,promo_b68466ea22a9,12.33
TERRESTRIAL_HEX,h6000_q-000613_r+000902,sp_fef06587fead,CONTROLLED,"land inside the Portuguese safe interior (v3); 16.62 of 18.93 km2 of the hex's canonical land, largest unioned share",UNRESOLVED,,promo_7c95358cf0a4,34.61,rev_1c232646a253,Portugal safe interior v3 from the 1751 Vaugondy sheets; positional uncertainty 12.33 km replaces 34.61 km,REVISED,promo_b68466ea22a9,12.33
TERRESTRIAL_HEX,h6000_q-000613_r+000903,sp_fef06587fead,CONTROLLED,"land inside the Portuguese safe interior (v3); 18.91 of 18.91 km2 of the hex's canonical land, largest unioned share",UNRESOLVED,,promo_7c95358cf0a4,34.61,rev_99b7323f24a9,Portugal safe interior v3 from the 1751 Vaugondy sheets; positional uncertainty 12.33 km replaces 34.61 km,REVISED,promo_b68466ea22a9,12.33
TERRESTRIAL_HEX,h6000_q-000613_r+000904,sp_fef06587fead,CONTROLLED,"land inside the Portuguese safe interior (v3); 18.89 of 18.89 km2 of the hex's canonical land, largest unioned share",UNRESOLVED,,promo_7c95358cf0a4,34.61,rev_e7efe95ebcd5,Portugal safe interior v3 from the 1751 Vaugondy sheets; positional uncertainty 12.33 km replaces 34.61 km,REVISED,promo_b68466ea22a9,12.33
TERRESTRIAL_HEX,h6000_q-000613_r+000950,sp_fef06587fead,CONTROLLED,"land inside the Portuguese safe interior (v2); 0.04 of 18.02 km2 of the hex's canonical land, largest unioned share",UNRESOLVED,,promo_7c95358cf0a4,34.61,rev_c09877896dc0,Portugal safe interior v3 from the 1751 Vaugondy sheets; positional uncertainty 12.33 km replaces 34.61 km,REVISED,promo_b68466ea22a9,12.33
TERRESTRIAL_HEX,h6000_q-000613_r+000957,sp_fef06587fead,CONTROLLED,"land inside the Portuguese safe interior (v3); 3.19 of 17.88 km2 of the hex's canonical land, largest unioned share",UNRESOLVED,,promo_c1d69cca569e,34.61,rev_68ed6856fbb8,Portugal safe interior v3 from the 1751 Vaugondy sheets; positional uncertainty 12.33 km replaces 34.61 km,REVISED,promo_b68466ea22a9,12.33
TERRESTRIAL_HEX,h6000_q-000613_r+000958,sp_fef06587fead,CONTROLLED,"land inside the Portuguese safe interior (v3); 17.87 of 17.87 km2 of the hex's canonical land, largest unioned share",UNRESOLVED,,promo_c1d69cca569e,34.61,rev_cbbaa0ae5119,Portugal safe interior v3 from the 1751 Vaugondy sheets; positional uncertainty 12.33 km replaces 34.61 km,REVISED,promo_b68466ea22a9,12.33
TERRESTRIAL_HEX,h6000_q-000613_r+000959,sp_fef06587fead,CONTROLLED,"land inside the Portuguese safe interior (v3); 17.85 of 17.85 km2 of the hex's canonical land, largest unioned share",UNRESOLVED,,promo_c1d69cca569e,34.61,rev_08416440a552,Portugal safe interior v3 from the 1751 Vaugondy sheets; positional uncertainty 12.33 km replaces 34.61 km,REVISED,promo_b68466ea22a9,12.33
TERRESTRIAL_HEX,h6000_q-000613_r+000960,sp_fef06587fead,CONTROLLED,"land inside the Portuguese safe interior (v3); 17.83 of 17.83 km2 of the hex's canonical land, largest unioned share",UNRESOLVED,,promo_c1d69cca569e,34.61,rev_526d9eb72a9a,Portugal safe interior v3 from the 1751 Vaugondy sheets; positional uncertainty 12.33 km replaces 34.61 km,REVISED,promo_b68466ea22a9,12.33
TERRESTRIAL_HEX,h6000_q-000613_r+000961,sp_fef06587fead,CONTROLLED,"land inside the Portuguese safe interior (v3); 16.07 of 17.81 km2 of the hex's canonical land, largest unioned share",UNRESOLVED,,promo_c1d69cca569e,34.61,rev_4c04ffb28811,Portugal safe interior v3 from the 1751 Vaugondy sheets; positional uncertainty 12.33 km replaces 34.61 km,REVISED,promo_b68466ea22a9,12.33
TERRESTRIAL_HEX,h6000_q-000613_r+000962,sp_fef06587fead,CONTROLLED,"land inside the Portuguese safe interior (v3); 9.10 of 17.79 km2 of the hex's canonical land, largest unioned share",UNRESOLVED,,promo_7c95358cf0a4,34.61,rev_c8b914d474a5,Portugal safe interior v3 from the 1751 Vaugondy sheets; positional uncertainty 12.33 km replaces 34.61 km,REVISED,promo_b68466ea22a9,12.33
TERRESTRIAL_HEX,h6000_q-000613_r+000963,sp_fef06587fead,CONTROLLED,"land inside the Portuguese safe interior (v3); 6.64 of 17.77 km2 of the hex's canonical land, largest unioned share",UNRESOLVED,,promo_7c95358cf0a4,34.61,rev_91fb709260fa,Portugal safe interior v3 from the 1751 Vaugondy sheets; positional uncertainty 12.33 km replaces 34.61 km,REVISED,promo_b68466ea22a9,12.33
TERRESTRIAL_HEX,h6000_q-000613_r+000964,sp_fef06587fead,CONTROLLED,"land inside the Portuguese safe interior (v3); 3.69 of 17.75 km2 of the hex's canonical land, largest unioned share",UNRESOLVED,,promo_7c95358cf0a4,34.61,rev_8360c1102916,Portugal safe interior v3 from the 1751 Vaugondy sheets; positional uncertainty 12.33 km replaces 34.61 km,REVISED,promo_b68466ea22a9,12.33
TERRESTRIAL_HEX,h6000_q-000613_r+000982,sp_fef06587fead,CONTROLLED,"land inside the Portuguese safe interior (v3); 0.98 of 17.42 km2 of the hex's canonical land, largest unioned share",UNRESOLVED,,promo_7c95358cf0a4,34.61,rev_54e7c13f6ded,Portugal safe interior v3 from the 1751 Vaugondy sheets; positional uncertainty 12.33 km replaces 34.61 km,REVISED,promo_b68466ea22a9,12.33
TERRESTRIAL_HEX,h6000_q-000614_r+000899,sp_fef06587fead,CONTROLLED,"land inside the Portuguese safe interior (v3); 0.49 of 18.99 km2 of the hex's canonical land, largest unioned share",UNRESOLVED,,promo_7c95358cf0a4,34.61,rev_40a107f586c3,Portugal safe interior v3 from the 1751 Vaugondy sheets; positional uncertainty 12.33 km replaces 34.61 km,REVISED,promo_b68466ea22a9,12.33
TERRESTRIAL_HEX,h6000_q-000614_r+000903,sp_fef06587fead,CONTROLLED,"land inside the Portuguese safe interior (v3); 3.23 of 18.91 km2 of the hex's canonical land, largest unioned share",UNRESOLVED,,promo_7c95358cf0a4,34.61,rev_50dc5b814bdd,Portugal safe interior v3 from the 1751 Vaugondy sheets; positional uncertainty 12.33 km replaces 34.61 km,REVISED,promo_b68466ea22a9,12.33
TERRESTRIAL_HEX,h6000_q-000614_r+000904,sp_fef06587fead,CONTROLLED,"land inside the Portuguese safe interior (v3); 8.80 of 18.89 km2 of the hex's canonical land, largest unioned share",UNRESOLVED,,promo_7c95358cf0a4,34.61,rev_a65371e2ba5a,Portugal safe interior v3 from the 1751 Vaugondy sheets; positional uncertainty 12.33 km replaces 34.61 km,REVISED,promo_b68466ea22a9,12.33
TERRESTRIAL_HEX,h6000_q-000614_r+000905,sp_fef06587fead,CONTROLLED,"land inside the Portuguese safe interior (v3); 14.51 of 18.87 km2 of the hex's canonical land, largest unioned share",UNRESOLVED,,promo_7c95358cf0a4,34.61,rev_c0fb11f0fbba,Portugal safe interior v3 from the 1751 Vaugondy sheets; positional uncertainty 12.33 km replaces 34.61 km,REVISED,promo_b68466ea22a9,12.33
TERRESTRIAL_HEX,h6000_q-000614_r+000951,sp_fef06587fead,CONTROLLED,"land inside the Portuguese safe interior (v2); 3.87 of 18.00 km2 of the hex's canonical land, largest unioned share",UNRESOLVED,,promo_7c95358cf0a4,34.61,rev_0874f49a74aa,Portugal safe interior v3 from the 1751 Vaugondy sheets; positional uncertainty 12.33 km replaces 34.61 km,REVISED,promo_b68466ea22a9,12.33
TERRESTRIAL_HEX,h6000_q-000614_r+000957,sp_fef06587fead,CONTROLLED,"land inside the Portuguese safe interior (v3); 0.09 of 17.88 km2 of the hex's canonical land, largest unioned share",UNRESOLVED,,promo_7c95358cf0a4,34.61,rev_7041634959e0,Portugal safe interior v3 from the 1751 Vaugondy sheets; positional uncertainty 12.33 km replaces 34.61 km,REVISED,promo_b68466ea22a9,12.33
TERRESTRIAL_HEX,h6000_q-000614_r+000958,sp_fef06587fead,CONTROLLED,"land inside the Portuguese safe interior (v3); 16.85 of 17.87 km2 of the hex's canonical land, largest unioned share",UNRESOLVED,,promo_c1d69cca569e,34.61,rev_fabfe04daaa9,Portugal safe interior v3 from the 1751 Vaugondy sheets; positional uncertainty 12.33 km replaces 34.61 km,REVISED,promo_b68466ea22a9,12.33
TERRESTRIAL_HEX,h6000_q-000614_r+000959,sp_fef06587fead,CONTROLLED,"land inside the Portuguese safe interior (v3); 17.85 of 17.85 km2 of the hex's canonical land, largest unioned share",UNRESOLVED,,promo_c1d69cca569e,34.61,rev_a272379f9d5d,Portugal safe interior v3 from the 1751 Vaugondy sheets; positional uncertainty 12.33 km replaces 34.61 km,REVISED,promo_b68466ea22a9,12.33
TERRESTRIAL_HEX,h6000_q-000614_r+000960,sp_fef06587fead,CONTROLLED,"land inside the Portuguese safe interior (v3); 17.83 of 17.83 km2 of the hex's canonical land, largest unioned share",UNRESOLVED,,promo_c1d69cca569e,34.61,rev_b056559bc521,Portugal safe interior v3 from the 1751 Vaugondy sheets; positional uncertainty 12.33 km replaces 34.61 km,REVISED,promo_b68466ea22a9,12.33
TERRESTRIAL_HEX,h6000_q-000614_r+000961,sp_fef06587fead,CONTROLLED,"land inside the Portuguese safe interior (v3); 17.81 of 17.81 km2 of the hex's canonical land, largest unioned share",UNRESOLVED,,promo_c1d69cca569e,34.61,rev_bc22a80f9fd5,Portugal safe interior v3 from the 1751 Vaugondy sheets; positional uncertainty 12.33 km replaces 34.61 km,REVISED,promo_b68466ea22a9,12.33
TERRESTRIAL_HEX,h6000_q-000614_r+000962,sp_fef06587fead,CONTROLLED,"land inside the Portuguese safe interior (v3); 17.79 of 17.79 km2 of the hex's canonical land, largest unioned share",UNRESOLVED,,promo_c1d69cca569e,34.61,rev_e438eab343d0,Portugal safe interior v3 from the 1751 Vaugondy sheets; positional uncertainty 12.33 km replaces 34.61 km,REVISED,promo_b68466ea22a9,12.33
TERRESTRIAL_HEX,h6000_q-000614_r+000963,sp_fef06587fead,CONTROLLED,"land inside the Portuguese safe interior (v3); 17.77 of 17.77 km2 of the hex's canonical land, largest unioned share",UNRESOLVED,,promo_7c95358cf0a4,34.61,rev_a2568c76db93,Portugal safe interior v3 from the 1751 Vaugondy sheets; positional uncertainty 12.33 km replaces 34.61 km,REVISED,promo_b68466ea22a9,12.33
TERRESTRIAL_HEX,h6000_q-000614_r+000964,sp_fef06587fead,CONTROLLED,"land inside the Portuguese safe interior (v3); 17.75 of 17.75 km2 of the hex's canonical land, largest unioned share",UNRESOLVED,,promo_7c95358cf0a4,34.61,rev_991b53781063,Portugal safe interior v3 from the 1751 Vaugondy sheets; positional uncertainty 12.33 km replaces 34.61 km,REVISED,promo_b68466ea22a9,12.33
TERRESTRIAL_HEX,h6000_q-000614_r+000965,sp_fef06587fead,CONTROLLED,"land inside the Portuguese safe interior (v3); 15.66 of 17.73 km2 of the hex's canonical land, largest unioned share",UNRESOLVED,,promo_7c95358cf0a4,34.61,rev_62441d170587,Portugal safe interior v3 from the 1751 Vaugondy sheets; positional uncertainty 12.33 km replaces 34.61 km,REVISED,promo_b68466ea22a9,12.33
TERRESTRIAL_HEX,h6000_q-000614_r+000966,sp_fef06587fead,CONTROLLED,"land inside the Portuguese safe interior (v3); 10.21 of 17.72 km2 of the hex's canonical land, largest unioned share",UNRESOLVED,,promo_7c95358cf0a4,34.61,rev_a345d4d8bf4c,Portugal safe interior v3 from the 1751 Vaugondy sheets; positional uncertainty 12.33 km replaces 34.61 km,REVISED,promo_b68466ea22a9,12.33
TERRESTRIAL_HEX,h6000_q-000614_r+000967,sp_fef06587fead,CONTROLLED,"land inside the Portuguese safe interior (v3); 6.81 of 17.70 km2 of the hex's canonical land, largest unioned share",UNRESOLVED,,promo_7c95358cf0a4,34.61,rev_53fc3c10e383,Portugal safe interior v3 from the 1751 Vaugondy sheets; positional uncertainty 12.33 km replaces 34.61 km,REVISED,promo_b68466ea22a9,12.33
TERRESTRIAL_HEX,h6000_q-000614_r+000968,sp_fef06587fead,CONTROLLED,"land inside the Portuguese safe interior (v3); 3.43 of 17.68 km2 of the hex's canonical land, largest unioned share",UNRESOLVED,,promo_7c95358cf0a4,34.61,rev_82f44fcbe180,Portugal safe interior v3 from the 1751 Vaugondy sheets; positional uncertainty 12.33 km replaces 34.61 km,REVISED,promo_b68466ea22a9,12.33
TERRESTRIAL_HEX,h6000_q-000614_r+000969,sp_fef06587fead,CONTROLLED,"land inside the Portuguese safe interior (v3); 0.05 of 17.66 km2 of the hex's canonical land, largest unioned share",UNRESOLVED,,promo_7c95358cf0a4,34.61,rev_97239a7d72c6,Portugal safe interior v3 from the 1751 Vaugondy sheets; positional uncertainty 12.33 km replaces 34.61 km,REVISED,promo_b68466ea22a9,12.33
TERRESTRIAL_HEX,h6000_q-000614_r+000970,sp_fef06587fead,CONTROLLED,"land inside the Portuguese safe interior (v3); 0.00 of 17.64 km2 of the hex's canonical land, largest unioned share",UNRESOLVED,,promo_7c95358cf0a4,34.61,rev_8b179c36e1b3,Portugal safe interior v3 from the 1751 Vaugondy sheets; positional uncertainty 12.33 km replaces 34.61 km,REVISED,promo_b68466ea22a9,12.33
TERRESTRIAL_HEX,h6000_q-000614_r+000971,sp_fef06587fead,CONTROLLED,"land inside the Portuguese safe interior (v3); 0.01 of 17.62 km2 of the hex's canonical land, largest unioned share",UNRESOLVED,,promo_7c95358cf0a4,34.61,rev_00c32b2a1f98,Portugal safe interior v3 from the 1751 Vaugondy sheets; positional uncertainty 12.33 km replaces 34.61 km,REVISED,promo_b68466ea22a9,12.33
TERRESTRIAL_HEX,h6000_q-000614_r+000977,sp_fef06587fead,CONTROLLED,"land inside the Portuguese safe interior (v3); 0.32 of 17.51 km2 of the hex's canonical land, largest unioned share",UNRESOLVED,,promo_7c95358cf0a4,34.61,rev_6fab5fd6297e,Portugal safe interior v3 from the 1751 Vaugondy sheets; positional uncertainty 12.33 km replaces 34.61 km,REVISED,promo_b68466ea22a9,12.33
TERRESTRIAL_HEX,h6000_q-000614_r+000978,sp_fef06587fead,CONTROLLED,"land inside the Portuguese safe interior (v3); 0.31 of 17.49 km2 of the hex's canonical land, largest unioned share",UNRESOLVED,,promo_7c95358cf0a4,34.61,rev_f4575ed47c77,Portugal safe interior v3 from the 1751 Vaugondy sheets; positional uncertainty 12.33 km replaces 34.61 km,REVISED,promo_b68466ea22a9,12.33
TERRESTRIAL_HEX,h6000_q-000614_r+000983,sp_fef06587fead,CONTROLLED,"land inside the Portuguese safe interior (v3); 0.00 of 17.40 km2 of the hex's canonical land, largest unioned share",UNRESOLVED,,promo_7c95358cf0a4,34.61,rev_3712ebdfec5e,Portugal safe interior v3 from the 1751 Vaugondy sheets; positional uncertainty 12.33 km replaces 34.61 km,REVISED,promo_b68466ea22a9,12.33
TERRESTRIAL_HEX,h6000_q-000615_r+000951,sp_fef06587fead,CONTROLLED,"land inside the Portuguese safe interior (v2); 0.15 of 18.00 km2 of the hex's canonical land, largest unioned share",UNRESOLVED,,promo_7c95358cf0a4,34.61,rev_43b78f875c6c,Portugal safe interior v3 from the 1751 Vaugondy sheets; positional uncertainty 12.33 km replaces 34.61 km,REVISED,promo_b68466ea22a9,12.33
TERRESTRIAL_HEX,h6000_q-000615_r+000952,sp_fef06587fead,CONTROLLED,"land inside the Portuguese safe interior (v2); 10.83 of 17.98 km2 of the hex's canonical land, largest unioned share",UNRESOLVED,,promo_7c95358cf0a4,34.61,rev_fb92ae6556e9,Portugal safe interior v3 from the 1751 Vaugondy sheets; positional uncertainty 12.33 km replaces 34.61 km,REVISED,promo_b68466ea22a9,12.33
TERRESTRIAL_HEX,h6000_q-000615_r+000957,sp_fef06587fead,CONTROLLED,"land inside the Portuguese safe interior (v3); 0.12 of 17.88 km2 of the hex's canonical land, largest unioned share",UNRESOLVED,,promo_7c95358cf0a4,34.61,rev_9ca432c7990b,Portugal safe interior v3 from the 1751 Vaugondy sheets; positional uncertainty 12.33 km replaces 34.61 km,REVISED,promo_b68466ea22a9,12.33
TERRESTRIAL_HEX,h6000_q-000615_r+000958,sp_fef06587fead,CONTROLLED,"land inside the Portuguese safe interior (v3); 15.69 of 17.87 km2 of the hex's canonical land, largest unioned share",UNRESOLVED,,promo_7c95358cf0a4,34.61,rev_84c71d423d66,Portugal safe interior v3 from the 1751 Vaugondy sheets; positional uncertainty 12.33 km replaces 34.61 km,REVISED,promo_b68466ea22a9,12.33
TERRESTRIAL_HEX,h6000_q-000615_r+000959,sp_fef06587fead,CONTROLLED,"land inside the Portuguese safe interior (v3); 17.85 of 17.85 km2 of the hex's canonical land, largest unioned share",UNRESOLVED,,promo_c1d69cca569e,34.61,rev_3867883fdb14,Portugal safe interior v3 from the 1751 Vaugondy sheets; positional uncertainty 12.33 km replaces 34.61 km,REVISED,promo_b68466ea22a9,12.33
TERRESTRIAL_HEX,h6000_q-000615_r+000960,sp_fef06587fead,CONTROLLED,"land inside the Portuguese safe interior (v3); 17.83 of 17.83 km2 of the hex's canonical land, largest unioned share",UNRESOLVED,,promo_c1d69cca569e,34.61,rev_f72ee086e99d,Portugal safe interior v3 from the 1751 Vaugondy sheets; positional uncertainty 12.33 km replaces 34.61 km,REVISED,promo_b68466ea22a9,12.33
TERRESTRIAL_HEX,h6000_q-000615_r+000961,sp_fef06587fead,CONTROLLED,"land inside the Portuguese safe interior (v3); 17.81 of 17.81 km2 of the hex's canonical land, largest unioned share",UNRESOLVED,,promo_c1d69cca569e,34.61,rev_7c3e8dc9360d,Portugal safe interior v3 from the 1751 Vaugondy sheets; positional uncertainty 12.33 km replaces 34.61 km,REVISED,promo_b68466ea22a9,12.33
TERRESTRIAL_HEX,h6000_q-000615_r+000962,sp_fef06587fead,CONTROLLED,"land inside the Portuguese safe interior (v3); 17.79 of 17.79 km2 of the hex's canonical land, largest unioned share",UNRESOLVED,,promo_c1d69cca569e,34.61,rev_d18eed3b50b8,Portugal safe interior v3 from the 1751 Vaugondy sheets; positional uncertainty 12.33 km replaces 34.61 km,REVISED,promo_b68466ea22a9,12.33
TERRESTRIAL_HEX,h6000_q-000615_r+000963,sp_fef06587fead,CONTROLLED,"land inside the Portuguese safe interior (v3); 17.77 of 17.77 km2 of the hex's canonical land, largest unioned share",UNRESOLVED,,promo_c1d69cca569e,34.61,rev_48bad1d9fe5f,Portugal safe interior v3 from the 1751 Vaugondy sheets; positional uncertainty 12.33 km replaces 34.61 km,REVISED,promo_b68466ea22a9,12.33
TERRESTRIAL_HEX,h6000_q-000615_r+000964,sp_fef06587fead,CONTROLLED,"land inside the Portuguese safe interior (v3); 17.75 of 17.75 km2 of the hex's canonical land, largest unioned share",UNRESOLVED,,promo_7c95358cf0a4,34.61,rev_0843b4391464,Portugal safe interior v3 from the 1751 Vaugondy sheets; positional uncertainty 12.33 km replaces 34.61 km,REVISED,promo_b68466ea22a9,12.33
TERRESTRIAL_HEX,h6000_q-000615_r+000965,sp_fef06587fead,CONTROLLED,"land inside the Portuguese safe interior (v3); 17.73 of 17.73 km2 of the hex's canonical land, largest unioned share",UNRESOLVED,,promo_7c95358cf0a4,34.61,rev_1eb8666aad35,Portugal safe interior v3 from the 1751 Vaugondy sheets; positional uncertainty 12.33 km replaces 34.61 km,REVISED,promo_b68466ea22a9,12.33
TERRESTRIAL_HEX,h6000_q-000615_r+000966,sp_fef06587fead,CONTROLLED,"land inside the Portuguese safe interior (v3); 17.72 of 17.72 km2 of the hex's canonical land, largest unioned share",UNRESOLVED,,promo_7c95358cf0a4,34.61,rev_a8a3a6d8d970,Portugal safe interior v3 from the 1751 Vaugondy sheets; positional uncertainty 12.33 km replaces 34.61 km,REVISED,promo_b68466ea22a9,12.33
TERRESTRIAL_HEX,h6000_q-000615_r+000967,sp_fef06587fead,CONTROLLED,"land inside the Portuguese safe interior (v3); 17.70 of 17.70 km2 of the hex's canonical land, largest unioned share",UNRESOLVED,,promo_7c95358cf0a4,34.61,rev_9caa4c87a6aa,Portugal safe interior v3 from the 1751 Vaugondy sheets; positional uncertainty 12.33 km replaces 34.61 km,REVISED,promo_b68466ea22a9,12.33
TERRESTRIAL_HEX,h6000_q-000615_r+000968,sp_fef06587fead,CONTROLLED,"land inside the Portuguese safe interior (v3); 17.68 of 17.68 km2 of the hex's canonical land, largest unioned share",UNRESOLVED,,promo_7c95358cf0a4,34.61,rev_99cc952cef62,Portugal safe interior v3 from the 1751 Vaugondy sheets; positional uncertainty 12.33 km replaces 34.61 km,REVISED,promo_b68466ea22a9,12.33
TERRESTRIAL_HEX,h6000_q-000615_r+000969,sp_fef06587fead,CONTROLLED,"land inside the Portuguese safe interior (v3); 16.83 of 17.66 km2 of the hex's canonical land, largest unioned share",UNRESOLVED,,promo_7c95358cf0a4,34.61,rev_3041c5441327,Portugal safe interior v3 from the 1751 Vaugondy sheets; positional uncertainty 12.33 km replaces 34.61 km,REVISED,promo_b68466ea22a9,12.33
TERRESTRIAL_HEX,h6000_q-000615_r+000970,sp_fef06587fead,CONTROLLED,"land inside the Portuguese safe interior (v3); 14.83 of 17.64 km2 of the hex's canonical land, largest unioned share",UNRESOLVED,,promo_7c95358cf0a4,34.61,rev_d6cdfb0e72dd,Portugal safe interior v3 from the 1751 Vaugondy sheets; positional uncertainty 12.33 km replaces 34.61 km,REVISED,promo_b68466ea22a9,12.33
TERRESTRIAL_HEX,h6000_q-000615_r+000971,sp_fef06587fead,CONTROLLED,"land inside the Portuguese safe interior (v3); 15.35 of 17.62 km2 of the hex's canonical land, largest unioned share",UNRESOLVED,,promo_7c95358cf0a4,34.61,rev_0548ea771f23,Portugal safe interior v3 from the 1751 Vaugondy sheets; positional uncertainty 12.33 km replaces 34.61 km,REVISED,promo_b68466ea22a9,12.33
TERRESTRIAL_HEX,h6000_q-000615_r+000972,sp_fef06587fead,CONTROLLED,"land inside the Portuguese safe interior (v3); 14.28 of 17.60 km2 of the hex's canonical land, largest unioned share",UNRESOLVED,,promo_7c95358cf0a4,34.61,rev_60f32d2fa840,Portugal safe interior v3 from the 1751 Vaugondy sheets; positional uncertainty 12.33 km replaces 34.61 km,REVISED,promo_b68466ea22a9,12.33
TERRESTRIAL_HEX,h6000_q-000615_r+000973,sp_fef06587fead,CONTROLLED,"land inside the Portuguese safe interior (v3); 13.53 of 17.58 km2 of the hex's canonical land, largest unioned share",UNRESOLVED,,promo_7c95358cf0a4,34.61,rev_c12c17a7b311,Portugal safe interior v3 from the 1751 Vaugondy sheets; positional uncertainty 12.33 km replaces 34.61 km,REVISED,promo_b68466ea22a9,12.33
TERRESTRIAL_HEX,h6000_q-000615_r+000974,sp_fef06587fead,CONTROLLED,"land inside the Portuguese safe interior (v3); 15.81 of 17.57 km2 of the hex's canonical land, largest unioned share",UNRESOLVED,,promo_7c95358cf0a4,34.61,rev_cc8ba54405ac,Portugal safe interior v3 from the 1751 Vaugondy sheets; positional uncertainty 12.33 km replaces 34.61 km,REVISED,promo_b68466ea22a9,12.33
TERRESTRIAL_HEX,h6000_q-000615_r+000975,sp_fef06587fead,CONTROLLED,"land inside the Portuguese safe interior (v3); 12.90 of 17.55 km2 of the hex's canonical land, largest unioned share",UNRESOLVED,,promo_7c95358cf0a4,34.61,rev_82575f5546cc,Portugal safe interior v3 from the 1751 Vaugondy sheets; positional uncertainty 12.33 km replaces 34.61 km,REVISED,promo_b68466ea22a9,12.33
TERRESTRIAL_HEX,h6000_q-000615_r+000976,sp_fef06587fead,CONTROLLED,"land inside the Portuguese safe interior (v3); 13.08 of 17.53 km2 of the hex's canonical land, largest unioned share",UNRESOLVED,,promo_7c95358cf0a4,34.61,rev_8ee61c1e6d98,Portugal safe interior v3 from the 1751 Vaugondy sheets; positional uncertainty 12.33 km replaces 34.61 km,REVISED,promo_b68466ea22a9,12.33
TERRESTRIAL_HEX,h6000_q-000615_r+000977,sp_fef06587fead,CONTROLLED,"land inside the Portuguese safe interior (v3); 15.64 of 17.51 km2 of the hex's canonical land, largest unioned share",UNRESOLVED,,promo_7c95358cf0a4,34.61,rev_33acbd0f8afb,Portugal safe interior v3 from the 1751 Vaugondy sheets; positional uncertainty 12.33 km replaces 34.61 km,REVISED,promo_b68466ea22a9,12.33
TERRESTRIAL_HEX,h6000_q-000615_r+000978,sp_fef06587fead,CONTROLLED,"land inside the Portuguese safe interior (v3); 16.10 of 17.49 km2 of the hex's canonical land, largest unioned share",UNRESOLVED,,promo_7c95358cf0a4,34.61,rev_e9dc4c1345d7,Portugal safe interior v3 from the 1751 Vaugondy sheets; positional uncertainty 12.33 km replaces 34.61 km,REVISED,promo_b68466ea22a9,12.33
TERRESTRIAL_HEX,h6000_q-000615_r+000979,sp_fef06587fead,CONTROLLED,"land inside the Portuguese safe interior (v3); 16.44 of 17.47 km2 of the hex's canonical land, largest unioned share",UNRESOLVED,,promo_7c95358cf0a4,34.61,rev_7772720218e3,Portugal safe interior v3 from the 1751 Vaugondy sheets; positional uncertainty 12.33 km replaces 34.61 km,REVISED,promo_b68466ea22a9,12.33
TERRESTRIAL_HEX,h6000_q-000615_r+000983,sp_fef06587fead,CONTROLLED,"land inside the Portuguese safe interior (v3); 14.02 of 17.40 km2 of the hex's canonical land, largest unioned share",UNRESOLVED,,promo_7c95358cf0a4,34.61,rev_16ecce01a481,Portugal safe interior v3 from the 1751 Vaugondy sheets; positional uncertainty 12.33 km replaces 34.61 km,REVISED,promo_b68466ea22a9,12.33
TERRESTRIAL_HEX,h6000_q-000616_r+000952,sp_fef06587fead,CONTROLLED,"land inside the Portuguese safe interior (v2); 8.29 of 17.98 km2 of the hex's canonical land, largest unioned share",UNRESOLVED,,promo_7c95358cf0a4,34.61,rev_caf08f5dbef8,Portugal safe interior v3 from the 1751 Vaugondy sheets; positional uncertainty 12.33 km replaces 34.61 km,REVISED,promo_b68466ea22a9,12.33
TERRESTRIAL_HEX,h6000_q-000616_r+000953,sp_fef06587fead,CONTROLLED,"land inside the Portuguese safe interior (v2); 11.57 of 17.96 km2 of the hex's canonical land, largest unioned share",UNRESOLVED,,promo_7c95358cf0a4,34.61,rev_c69c426b311f,Portugal safe interior v3 from the 1751 Vaugondy sheets; positional uncertainty 12.33 km replaces 34.61 km,REVISED,promo_b68466ea22a9,12.33
TERRESTRIAL_HEX,h6000_q-000616_r+000958,sp_fef06587fead,CONTROLLED,"land inside the Portuguese safe interior (v3); 4.98 of 17.87 km2 of the hex's canonical land, largest unioned share",UNRESOLVED,,promo_7c95358cf0a4,34.61,rev_ed9bebd83d60,Portugal safe interior v3 from the 1751 Vaugondy sheets; positional uncertainty 12.33 km replaces 34.61 km,REVISED,promo_b68466ea22a9,12.33
TERRESTRIAL_HEX,h6000_q-000616_r+000959,sp_fef06587fead,CONTROLLED,"land inside the Portuguese safe interior (v3); 17.85 of 17.85 km2 of the hex's canonical land, largest unioned share",UNRESOLVED,,promo_7c95358cf0a4,34.61,rev_d3e9896edf87,Portugal safe interior v3 from the 1751 Vaugondy sheets; positional uncertainty 12.33 km replaces 34.61 km,REVISED,promo_b68466ea22a9,12.33
TERRESTRIAL_HEX,h6000_q-000616_r+000960,sp_fef06587fead,CONTROLLED,"land inside the Portuguese safe interior (v3); 17.83 of 17.83 km2 of the hex's canonical land, largest unioned share",UNRESOLVED,,promo_c1d69cca569e,34.61,rev_82bc37c9f583,Portugal safe interior v3 from the 1751 Vaugondy sheets; positional uncertainty 12.33 km replaces 34.61 km,REVISED,promo_b68466ea22a9,12.33
TERRESTRIAL_HEX,h6000_q-000616_r+000961,sp_fef06587fead,CONTROLLED,"land inside the Portuguese safe interior (v3); 17.81 of 17.81 km2 of the hex's canonical land, largest unioned share",UNRESOLVED,,promo_c1d69cca569e,34.61,rev_47d3fa76ecd8,Portugal safe interior v3 from the 1751 Vaugondy sheets; positional uncertainty 12.33 km replaces 34.61 km,REVISED,promo_b68466ea22a9,12.33
TERRESTRIAL_HEX,h6000_q-000616_r+000962,sp_fef06587fead,CONTROLLED,"land inside the Portuguese safe interior (v3); 17.79 of 17.79 km2 of the hex's canonical land, largest unioned share",UNRESOLVED,,promo_c1d69cca569e,34.61,rev_0aefcc75e8ae,Portugal safe interior v3 from the 1751 Vaugondy sheets; positional uncertainty 12.33 km replaces 34.61 km,REVISED,promo_b68466ea22a9,12.33
TERRESTRIAL_HEX,h6000_q-000616_r+000963,sp_fef06587fead,CONTROLLED,"land inside the Portuguese safe interior (v3); 17.77 of 17.77 km2 of the hex's canonical land, largest unioned share",UNRESOLVED,,promo_c1d69cca569e,34.61,rev_e85e8acec23c,Portugal safe interior v3 from the 1751 Vaugondy sheets; positional uncertainty 12.33 km replaces 34.61 km,REVISED,promo_b68466ea22a9,12.33
TERRESTRIAL_HEX,h6000_q-000616_r+000964,sp_fef06587fead,CONTROLLED,"land inside the Portuguese safe interior (v3); 17.75 of 17.75 km2 of the hex's canonical land, largest unioned share",UNRESOLVED,,promo_c1d69cca569e,34.61,rev_9e82e81bfb1c,Portugal safe interior v3 from the 1751 Vaugondy sheets; positional uncertainty 12.33 km replaces 34.61 km,REVISED,promo_b68466ea22a9,12.33
TERRESTRIAL_HEX,h6000_q-000616_r+000965,sp_fef06587fead,CONTROLLED,"land inside the Portuguese safe interior (v3); 17.73 of 17.73 km2 of the hex's canonical land, largest unioned share",UNRESOLVED,,promo_7c95358cf0a4,34.61,rev_22d5d5d2b043,Portugal safe interior v3 from the 1751 Vaugondy sheets; positional uncertainty 12.33 km replaces 34.61 km,REVISED,promo_b68466ea22a9,12.33
TERRESTRIAL_HEX,h6000_q-000616_r+000966,sp_fef06587fead,CONTROLLED,"land inside the Portuguese safe interior (v3); 17.72 of 17.72 km2 of the hex's canonical land, largest unioned share",UNRESOLVED,,promo_7c95358cf0a4,34.61,rev_150fb48fa456,Portugal safe interior v3 from the 1751 Vaugondy sheets; positional uncertainty 12.33 km replaces 34.61 km,REVISED,promo_b68466ea22a9,12.33
TERRESTRIAL_HEX,h6000_q-000616_r+000967,sp_fef06587fead,CONTROLLED,"land inside the Portuguese safe interior (v3); 17.70 of 17.70 km2 of the hex's canonical land, largest unioned share",UNRESOLVED,,promo_7c95358cf0a4,34.61,rev_e6e68198e09d,Portugal safe interior v3 from the 1751 Vaugondy sheets; positional uncertainty 12.33 km replaces 34.61 km,REVISED,promo_b68466ea22a9,12.33
TERRESTRIAL_HEX,h6000_q-000616_r+000968,sp_fef06587fead,CONTROLLED,"land inside the Portuguese safe interior (v3); 17.68 of 17.68 km2 of the hex's canonical land, largest unioned share",UNRESOLVED,,promo_7c95358cf0a4,34.61,rev_464c648facf8,Portugal safe interior v3 from the 1751 Vaugondy sheets; positional uncertainty 12.33 km replaces 34.61 km,REVISED,promo_b68466ea22a9,12.33
TERRESTRIAL_HEX,h6000_q-000616_r+000969,sp_fef06587fead,CONTROLLED,"land inside the Portuguese safe interior (v3); 17.66 of 17.66 km2 of the hex's canonical land, largest unioned share",UNRESOLVED,,promo_7c95358cf0a4,34.61,rev_2439fb96066d,Portugal safe interior v3 from the 1751 Vaugondy sheets; positional uncertainty 12.33 km replaces 34.61 km,REVISED,promo_b68466ea22a9,12.33
TERRESTRIAL_HEX,h6000_q-000616_r+000970,sp_fef06587fead,CONTROLLED,"land inside the Portuguese safe interior (v3); 17.64 of 17.64 km2 of the hex's canonical land, largest unioned share",UNRESOLVED,,promo_7c95358cf0a4,34.61,rev_166f42e6835c,Portugal safe interior v3 from the 1751 Vaugondy sheets; positional uncertainty 12.33 km replaces 34.61 km,REVISED,promo_b68466ea22a9,12.33
TERRESTRIAL_HEX,h6000_q-000616_r+000971,sp_fef06587fead,CONTROLLED,"land inside the Portuguese safe interior (v3); 17.62 of 17.62 km2 of the hex's canonical land, largest unioned share",UNRESOLVED,,promo_7c95358cf0a4,34.61,rev_fd16efc0b5ca,Portugal safe interior v3 from the 1751 Vaugondy sheets; positional uncertainty 12.33 km replaces 34.61 km,REVISED,promo_b68466ea22a9,12.33
TERRESTRIAL_HEX,h6000_q-000616_r+000972,sp_fef06587fead,CONTROLLED,"land inside the Portuguese safe interior (v3); 17.60 of 17.60 km2 of the hex's canonical land, largest unioned share",UNRESOLVED,,promo_7c95358cf0a4,34.61,rev_44f4a5b266da,Portugal safe interior v3 from the 1751 Vaugondy sheets; positional uncertainty 12.33 km replaces 34.61 km,REVISED,promo_b68466ea22a9,12.33
TERRESTRIAL_HEX,h6000_q-000616_r+000973,sp_fef06587fead,CONTROLLED,"land inside the Portuguese safe interior (v3); 17.58 of 17.58 km2 of the hex's canonical land, largest unioned share",UNRESOLVED,,promo_7c95358cf0a4,34.61,rev_7f470740bd1a,Portugal safe interior v3 from the 1751 Vaugondy sheets; positional uncertainty 12.33 km replaces 34.61 km,REVISED,promo_b68466ea22a9,12.33
TERRESTRIAL_HEX,h6000_q-000616_r+000974,sp_fef06587fead,CONTROLLED,"land inside the Portuguese safe interior (v3); 17.57 of 17.57 km2 of the hex's canonical land, largest unioned share",UNRESOLVED,,promo_7c95358cf0a4,34.61,rev_92a7d0098e8a,Portugal safe interior v3 from the 1751 Vaugondy sheets; positional uncertainty 12.33 km replaces 34.61 km,REVISED,promo_b68466ea22a9,12.33
TERRESTRIAL_HEX,h6000_q-000616_r+000975,sp_fef06587fead,CONTROLLED,"land inside the Portuguese safe interior (v3); 17.55 of 17.55 km2 of the hex's canonical land, largest unioned share",UNRESOLVED,,promo_7c95358cf0a4,34.61,rev_f5f177dfa59c,Portugal safe interior v3 from the 1751 Vaugondy sheets; positional uncertainty 12.33 km replaces 34.61 km,REVISED,promo_b68466ea22a9,12.33
TERRESTRIAL_HEX,h6000_q-000616_r+000976,sp_fef06587fead,CONTROLLED,"land inside the Portuguese safe interior (v3); 17.53 of 17.53 km2 of the hex's canonical land, largest unioned share",UNRESOLVED,,promo_7c95358cf0a4,34.61,rev_6b93a291100e,Portugal safe interior v3 from the 1751 Vaugondy sheets; positional uncertainty 12.33 km replaces 34.61 km,REVISED,promo_b68466ea22a9,12.33
TERRESTRIAL_HEX,h6000_q-000616_r+000977,sp_fef06587fead,CONTROLLED,"land inside the Portuguese safe interior (v3); 17.51 of 17.51 km2 of the hex's canonical land, largest unioned share",UNRESOLVED,,promo_7c95358cf0a4,34.61,rev_bacfcdf423e3,Portugal safe interior v3 from the 1751 Vaugondy sheets; positional uncertainty 12.33 km replaces 34.61 km,REVISED,promo_b68466ea22a9,12.33
TERRESTRIAL_HEX,h6000_q-000616_r+000978,sp_fef06587fead,CONTROLLED,"land inside the Portuguese safe interior (v3); 17.49 of 17.49 km2 of the hex's canonical land, largest unioned share",UNRESOLVED,,promo_7c95358cf0a4,34.61,rev_91db2230adcf,Portugal safe interior v3 from the 1751 Vaugondy sheets; positional uncertainty 12.33 km replaces 34.61 km,REVISED,promo_b68466ea22a9,12.33
TERRESTRIAL_HEX,h6000_q-000616_r+000979,sp_fef06587fead,CONTROLLED,"land inside the Portuguese safe interior (v3); 17.47 of 17.47 km2 of the hex's canonical land, largest unioned share",UNRESOLVED,,promo_7c95358cf0a4,34.61,rev_b7dbf1b647b7,Portugal safe interior v3 from the 1751 Vaugondy sheets; positional uncertainty 12.33 km replaces 34.61 km,REVISED,promo_b68466ea22a9,12.33
TERRESTRIAL_HEX,h6000_q-000616_r+000980,sp_fef06587fead,CONTROLLED,"land inside the Portuguese safe interior (v3); 17.45 of 17.45 km2 of the hex's canonical land, largest unioned share",UNRESOLVED,,promo_7c95358cf0a4,34.61,rev_896b84a5cd9d,Portugal safe interior v3 from the 1751 Vaugondy sheets; positional uncertainty 12.33 km replaces 34.61 km,REVISED,promo_b68466ea22a9,12.33
TERRESTRIAL_HEX,h6000_q-000616_r+000981,sp_fef06587fead,CONTROLLED,"land inside the Portuguese safe interior (v3); 17.43 of 17.43 km2 of the hex's canonical land, largest unioned share",UNRESOLVED,,promo_7c95358cf0a4,34.61,rev_180b9158ef92,Portugal safe interior v3 from the 1751 Vaugondy sheets; positional uncertainty 12.33 km replaces 34.61 km,REVISED,promo_b68466ea22a9,12.33
TERRESTRIAL_HEX,h6000_q-000616_r+000982,sp_fef06587fead,CONTROLLED,"land inside the Portuguese safe interior (v3); 17.42 of 17.42 km2 of the hex's canonical land, largest unioned share",UNRESOLVED,,promo_7c95358cf0a4,34.61,rev_f5388077ae24,Portugal safe interior v3 from the 1751 Vaugondy sheets; positional uncertainty 12.33 km replaces 34.61 km,REVISED,promo_b68466ea22a9,12.33
TERRESTRIAL_HEX,h6000_q-000616_r+000983,sp_fef06587fead,CONTROLLED,"land inside the Portuguese safe interior (v3); 17.40 of 17.40 km2 of the hex's canonical land, largest unioned share",UNRESOLVED,,promo_7c95358cf0a4,34.61,rev_d542ca6b896a,Portugal safe interior v3 from the 1751 Vaugondy sheets; positional uncertainty 12.33 km replaces 34.61 km,REVISED,promo_b68466ea22a9,12.33
TERRESTRIAL_HEX,h6000_q-000616_r+000984,sp_fef06587fead,CONTROLLED,"land inside the Portuguese safe interior (v3); 11.32 of 17.38 km2 of the hex's canonical land, largest unioned share",UNRESOLVED,,promo_7c95358cf0a4,34.61,rev_802b6d418b9f,Portugal safe interior v3 from the 1751 Vaugondy sheets; positional uncertainty 12.33 km replaces 34.61 km,REVISED,promo_b68466ea22a9,12.33
TERRESTRIAL_HEX,h6000_q-000617_r+000953,sp_fef06587fead,CONTROLLED,"land inside the Portuguese safe interior (v2); 16.44 of 17.96 km2 of the hex's canonical land, largest unioned share",UNRESOLVED,,promo_7c95358cf0a4,34.61,rev_1bfffa01d35b,Portugal safe interior v3 from the 1751 Vaugondy sheets; positional uncertainty 12.33 km replaces 34.61 km,REVISED,promo_b68466ea22a9,12.33
TERRESTRIAL_HEX,h6000_q-000617_r+000954,sp_fef06587fead,CONTROLLED,"land inside the Portuguese safe interior (v2); 14.21 of 17.94 km2 of the hex's canonical land, largest unioned share",UNRESOLVED,,promo_7c95358cf0a4,34.61,rev_7cd0904826a1,Portugal safe interior v3 from the 1751 Vaugondy sheets; positional uncertainty 12.33 km replaces 34.61 km,REVISED,promo_b68466ea22a9,12.33
TERRESTRIAL_HEX,h6000_q-000617_r+000955,sp_fef06587fead,CONTROLLED,"land inside the Portuguese safe interior (v2); 0.25 of 17.92 km2 of the hex's canonical land, largest unioned share",UNRESOLVED,,promo_7c95358cf0a4,34.61,rev_0e5dd60924c7,Portugal safe interior v3 from the 1751 Vaugondy sheets; positional uncertainty 12.33 km replaces 34.61 km,REVISED,promo_b68466ea22a9,12.33
TERRESTRIAL_HEX,h6000_q-000617_r+000959,sp_fef06587fead,CONTROLLED,"land inside the Portuguese safe interior (v3); 4.80 of 17.85 km2 of the hex's canonical land, largest unioned share",UNRESOLVED,,promo_7c95358cf0a4,34.61,rev_be80f439e65b,Portugal safe interior v3 from the 1751 Vaugondy sheets; positional uncertainty 12.33 km replaces 34.61 km,REVISED,promo_b68466ea22a9,12.33
TERRESTRIAL_HEX,h6000_q-000617_r+000960,sp_fef06587fead,CONTROLLED,"land inside the Portuguese safe interior (v3); 17.83 of 17.83 km2 of the hex's canonical land, largest unioned share",UNRESOLVED,,promo_7c95358cf0a4,34.61,rev_fa664d454082,Portugal safe interior v3 from the 1751 Vaugondy sheets; positional uncertainty 12.33 km replaces 34.61 km,REVISED,promo_b68466ea22a9,12.33
TERRESTRIAL_HEX,h6000_q-000617_r+000961,sp_fef06587fead,CONTROLLED,"land inside the Portuguese safe interior (v3); 17.81 of 17.81 km2 of the hex's canonical land, largest unioned share",UNRESOLVED,,promo_c1d69cca569e,34.61,rev_ef888c2e76ef,Portugal safe interior v3 from the 1751 Vaugondy sheets; positional uncertainty 12.33 km replaces 34.61 km,REVISED,promo_b68466ea22a9,12.33
TERRESTRIAL_HEX,h6000_q-000617_r+000962,sp_fef06587fead,CONTROLLED,"land inside the Portuguese safe interior (v3); 17.79 of 17.79 km2 of the hex's canonical land, largest unioned share",UNRESOLVED,,promo_c1d69cca569e,34.61,rev_8e90267ee3dd,Portugal safe interior v3 from the 1751 Vaugondy sheets; positional uncertainty 12.33 km replaces 34.61 km,REVISED,promo_b68466ea22a9,12.33
TERRESTRIAL_HEX,h6000_q-000617_r+000963,sp_fef06587fead,CONTROLLED,"land inside the Portuguese safe interior (v3); 17.77 of 17.77 km2 of the hex's canonical land, largest unioned share",UNRESOLVED,,promo_c1d69cca569e,34.61,rev_32c9292139c2,Portugal safe interior v3 from the 1751 Vaugondy sheets; positional uncertainty 12.33 km replaces 34.61 km,REVISED,promo_b68466ea22a9,12.33
TERRESTRIAL_HEX,h6000_q-000617_r+000964,sp_fef06587fead,CONTROLLED,"land inside the Portuguese safe interior (v3); 17.75 of 17.75 km2 of the hex's canonical land, largest unioned share",UNRESOLVED,,promo_c1d69cca569e,34.61,rev_a8e131b40ae9,Portugal safe interior v3 from the 1751 Vaugondy sheets; positional uncertainty 12.33 km replaces 34.61 km,REVISED,promo_b68466ea22a9,12.33
TERRESTRIAL_HEX,h6000_q-000617_r+000965,sp_fef06587fead,CONTROLLED,"land inside the Portuguese safe interior (v3); 17.73 of 17.73 km2 of the hex's canonical land, largest unioned share",UNRESOLVED,,promo_c1d69cca569e,34.61,rev_12b34acfccaf,Portugal safe interior v3 from the 1751 Vaugondy sheets; positional uncertainty 12.33 km replaces 34.61 km,REVISED,promo_b68466ea22a9,12.33
TERRESTRIAL_HEX,h6000_q-000617_r+000966,sp_fef06587fead,CONTROLLED,"land inside the Portuguese safe interior (v3); 17.72 of 17.72 km2 of the hex's canonical land, largest unioned share",UNRESOLVED,,promo_7c95358cf0a4,34.61,rev_869edf2ef054,Portugal safe interior v3 from the 1751 Vaugondy sheets; positional uncertainty 12.33 km replaces 34.61 km,REVISED,promo_b68466ea22a9,12.33
TERRESTRIAL_HEX,h6000_q-000617_r+000967,sp_fef06587fead,CONTROLLED,"land inside the Portuguese safe interior (v3); 17.70 of 17.70 km2 of the hex's canonical land, largest unioned share",UNRESOLVED,,promo_7c95358cf0a4,34.61,rev_edddc54c0354,Portugal safe interior v3 from the 1751 Vaugondy sheets; positional uncertainty 12.33 km replaces 34.61 km,REVISED,promo_b68466ea22a9,12.33
TERRESTRIAL_HEX,h6000_q-000617_r+000968,sp_fef06587fead,CONTROLLED,"land inside the Portuguese safe interior (v3); 17.68 of 17.68 km2 of the hex's canonical land, largest unioned share",UNRESOLVED,,promo_7c95358cf0a4,34.61,rev_23a873ae0abc,Portugal safe interior v3 from the 1751 Vaugondy sheets; positional uncertainty 12.33 km replaces 34.61 km,REVISED,promo_b68466ea22a9,12.33
TERRESTRIAL_HEX,h6000_q-000617_r+000969,sp_fef06587fead,CONTROLLED,"land inside the Portuguese safe interior (v3); 17.66 of 17.66 km2 of the hex's canonical land, largest unioned share",UNRESOLVED,,promo_7c95358cf0a4,34.61,rev_7eb590290e3c,Portugal safe interior v3 from the 1751 Vaugondy sheets; positional uncertainty 12.33 km replaces 34.61 km,REVISED,promo_b68466ea22a9,12.33
TERRESTRIAL_HEX,h6000_q-000617_r+000970,sp_fef06587fead,CONTROLLED,"land inside the Portuguese safe interior (v3); 17.64 of 17.64 km2 of the hex's canonical land, largest unioned share",UNRESOLVED,,promo_7c95358cf0a4,34.61,rev_7d3f0a20aa66,Portugal safe interior v3 from the 1751 Vaugondy sheets; positional uncertainty 12.33 km replaces 34.61 km,REVISED,promo_b68466ea22a9,12.33
TERRESTRIAL_HEX,h6000_q-000617_r+000971,sp_fef06587fead,CONTROLLED,"land inside the Portuguese safe interior (v3); 17.62 of 17.62 km2 of the hex's canonical land, largest unioned share",UNRESOLVED,,promo_7c95358cf0a4,34.61,rev_da1135cee742,Portugal safe interior v3 from the 1751 Vaugondy sheets; positional uncertainty 12.33 km replaces 34.61 km,REVISED,promo_b68466ea22a9,12.33
TERRESTRIAL_HEX,h6000_q-000617_r+000972,sp_fef06587fead,CONTROLLED,"land inside the Portuguese safe interior (v3); 17.60 of 17.60 km2 of the hex's canonical land, largest unioned share",UNRESOLVED,,promo_7c95358cf0a4,34.61,rev_43b363abe225,Portugal safe interior v3 from the 1751 Vaugondy sheets; positional uncertainty 12.33 km replaces 34.61 km,REVISED,promo_b68466ea22a9,12.33
TERRESTRIAL_HEX,h6000_q-000617_r+000973,sp_fef06587fead,CONTROLLED,"land inside the Portuguese safe interior (v3); 17.58 of 17.58 km2 of the hex's canonical land, largest unioned share",UNRESOLVED,,promo_c1d69cca569e,34.61,rev_44006f432234,Portugal safe interior v3 from the 1751 Vaugondy sheets; positional uncertainty 12.33 km replaces 34.61 km,REVISED,promo_b68466ea22a9,12.33
TERRESTRIAL_HEX,h6000_q-000617_r+000974,sp_fef06587fead,CONTROLLED,"land inside the Portuguese safe interior (v3); 17.57 of 17.57 km2 of the hex's canonical land, largest unioned share",UNRESOLVED,,promo_c1d69cca569e,34.61,rev_a4d4d6909fd8,Portugal safe interior v3 from the 1751 Vaugondy sheets; positional uncertainty 12.33 km replaces 34.61 km,REVISED,promo_b68466ea22a9,12.33
TERRESTRIAL_HEX,h6000_q-000617_r+000975,sp_fef06587fead,CONTROLLED,"land inside the Portuguese safe interior (v3); 17.55 of 17.55 km2 of the hex's canonical land, largest unioned share",UNRESOLVED,,promo_c1d69cca569e,34.61,rev_c0e65f944791,Portugal safe interior v3 from the 1751 Vaugondy sheets; positional uncertainty 12.33 km replaces 34.61 km,REVISED,promo_b68466ea22a9,12.33
TERRESTRIAL_HEX,h6000_q-000617_r+000976,sp_fef06587fead,CONTROLLED,"land inside the Portuguese safe interior (v3); 17.53 of 17.53 km2 of the hex's canonical land, largest unioned share",UNRESOLVED,,promo_7c95358cf0a4,34.61,rev_47481fc64fef,Portugal safe interior v3 from the 1751 Vaugondy sheets; positional uncertainty 12.33 km replaces 34.61 km,REVISED,promo_b68466ea22a9,12.33
TERRESTRIAL_HEX,h6000_q-000617_r+000977,sp_fef06587fead,CONTROLLED,"land inside the Portuguese safe interior (v3); 17.51 of 17.51 km2 of the hex's canonical land, largest unioned share",UNRESOLVED,,promo_7c95358cf0a4,34.61,rev_fe75ce84d412,Portugal safe interior v3 from the 1751 Vaugondy sheets; positional uncertainty 12.33 km replaces 34.61 km,REVISED,promo_b68466ea22a9,12.33
TERRESTRIAL_HEX,h6000_q-000617_r+000978,sp_fef06587fead,CONTROLLED,"land inside the Portuguese safe interior (v3); 17.49 of 17.49 km2 of the hex's canonical land, largest unioned share",UNRESOLVED,,promo_7c95358cf0a4,34.61,rev_0b1f80f8f4c5,Portugal safe interior v3 from the 1751 Vaugondy sheets; positional uncertainty 12.33 km replaces 34.61 km,REVISED,promo_b68466ea22a9,12.33
TERRESTRIAL_HEX,h6000_q-000617_r+000979,sp_fef06587fead,CONTROLLED,"land inside the Portuguese safe interior (v3); 17.47 of 17.47 km2 of the hex's canonical land, largest unioned share",UNRESOLVED,,promo_7c95358cf0a4,34.61,rev_92258d49e956,Portugal safe interior v3 from the 1751 Vaugondy sheets; positional uncertainty 12.33 km replaces 34.61 km,REVISED,promo_b68466ea22a9,12.33
TERRESTRIAL_HEX,h6000_q-000617_r+000980,sp_fef06587fead,CONTROLLED,"land inside the Portuguese safe interior (v3); 17.45 of 17.45 km2 of the hex's canonical land, largest unioned share",UNRESOLVED,,promo_7c95358cf0a4,34.61,rev_af0af80c6b7b,Portugal safe interior v3 from the 1751 Vaugondy sheets; positional uncertainty 12.33 km replaces 34.61 km,REVISED,promo_b68466ea22a9,12.33
TERRESTRIAL_HEX,h6000_q-000617_r+000981,sp_fef06587fead,CONTROLLED,"land inside the Portuguese safe interior (v3); 17.43 of 17.43 km2 of the hex's canonical land, largest unioned share",UNRESOLVED,,promo_7c95358cf0a4,34.61,rev_4b9a04a0a331,Portugal safe interior v3 from the 1751 Vaugondy sheets; positional uncertainty 12.33 km replaces 34.61 km,REVISED,promo_b68466ea22a9,12.33
TERRESTRIAL_HEX,h6000_q-000617_r+000982,sp_fef06587fead,CONTROLLED,"land inside the Portuguese safe interior (v3); 17.42 of 17.42 km2 of the hex's canonical land, largest unioned share",UNRESOLVED,,promo_7c95358cf0a4,34.61,rev_4adcfdfa73c0,Portugal safe interior v3 from the 1751 Vaugondy sheets; positional uncertainty 12.33 km replaces 34.61 km,REVISED,promo_b68466ea22a9,12.33
TERRESTRIAL_HEX,h6000_q-000617_r+000983,sp_fef06587fead,CONTROLLED,"land inside the Portuguese safe interior (v3); 17.40 of 17.40 km2 of the hex's canonical land, largest unioned share",UNRESOLVED,,promo_7c95358cf0a4,34.61,rev_925ad8f892c4,Portugal safe interior v3 from the 1751 Vaugondy sheets; positional uncertainty 12.33 km replaces 34.61 km,REVISED,promo_b68466ea22a9,12.33
TERRESTRIAL_HEX,h6000_q-000617_r+000984,sp_fef06587fead,CONTROLLED,"land inside the Portuguese safe interior (v3); 17.38 of 17.38 km2 of the hex's canonical land, largest unioned share",UNRESOLVED,,promo_7c95358cf0a4,34.61,rev_ba41a95f08f3,Portugal safe interior v3 from the 1751 Vaugondy sheets; positional uncertainty 12.33 km replaces 34.61 km,REVISED,promo_b68466ea22a9,12.33
TERRESTRIAL_HEX,h6000_q-000617_r+000985,sp_fef06587fead,CONTROLLED,"land inside the Portuguese safe interior (v3); 11.20 of 17.36 km2 of the hex's canonical land, largest unioned share",UNRESOLVED,,promo_7c95358cf0a4,34.61,rev_12bcccf2e919,Portugal safe interior v3 from the 1751 Vaugondy sheets; positional uncertainty 12.33 km replaces 34.61 km,REVISED,promo_b68466ea22a9,12.33
TERRESTRIAL_HEX,h6000_q-000618_r+000953,sp_fef06587fead,CONTROLLED,"land inside the Portuguese safe interior (v2); 6.86 of 17.96 km2 of the hex's canonical land, largest unioned share",UNRESOLVED,,promo_7c95358cf0a4,34.61,rev_71d8f5720ecd,Portugal safe interior v3 from the 1751 Vaugondy sheets; positional uncertainty 12.33 km replaces 34.61 km,REVISED,promo_b68466ea22a9,12.33
TERRESTRIAL_HEX,h6000_q-000618_r+000956,sp_fef06587fead,CONTROLLED,"land inside the Portuguese safe interior (v2); 5.52 of 17.90 km2 of the hex's canonical land, largest unioned share",UNRESOLVED,,promo_7c95358cf0a4,34.61,rev_f5722eb86150,Portugal safe interior v3 from the 1751 Vaugondy sheets; positional uncertainty 12.33 km replaces 34.61 km,REVISED,promo_b68466ea22a9,12.33
TERRESTRIAL_HEX,h6000_q-000618_r+000960,sp_fef06587fead,CONTROLLED,"land inside the Portuguese safe interior (v3); 9.67 of 17.83 km2 of the hex's canonical land, largest unioned share",UNRESOLVED,,promo_7c95358cf0a4,34.61,rev_ab016fb5def1,Portugal safe interior v3 from the 1751 Vaugondy sheets; positional uncertainty 12.33 km replaces 34.61 km,REVISED,promo_b68466ea22a9,12.33
TERRESTRIAL_HEX,h6000_q-000618_r+000961,sp_fef06587fead,CONTROLLED,"land inside the Portuguese safe interior (v3); 17.81 of 17.81 km2 of the hex's canonical land, largest unioned share",UNRESOLVED,,promo_7c95358cf0a4,34.61,rev_a1bf3507ddea,Portugal safe interior v3 from the 1751 Vaugondy sheets; positional uncertainty 12.33 km replaces 34.61 km,REVISED,promo_b68466ea22a9,12.33
TERRESTRIAL_HEX,h6000_q-000618_r+000962,sp_fef06587fead,CONTROLLED,"land inside the Portuguese safe interior (v3); 17.79 of 17.79 km2 of the hex's canonical land, largest unioned share",UNRESOLVED,,promo_c1d69cca569e,34.61,rev_56201e3f7aa2,Portugal safe interior v3 from the 1751 Vaugondy sheets; positional uncertainty 12.33 km replaces 34.61 km,REVISED,promo_b68466ea22a9,12.33
TERRESTRIAL_HEX,h6000_q-000618_r+000963,sp_fef06587fead,CONTROLLED,"land inside the Portuguese safe interior (v3); 17.77 of 17.77 km2 of the hex's canonical land, largest unioned share",UNRESOLVED,,promo_c1d69cca569e,34.61,rev_1657b7c29645,Portugal safe interior v3 from the 1751 Vaugondy sheets; positional uncertainty 12.33 km replaces 34.61 km,REVISED,promo_b68466ea22a9,12.33
TERRESTRIAL_HEX,h6000_q-000618_r+000964,sp_fef06587fead,CONTROLLED,"land inside the Portuguese safe interior (v3); 17.75 of 17.75 km2 of the hex's canonical land, largest unioned share",UNRESOLVED,,promo_c1d69cca569e,34.61,rev_ef96a2b562ff,Portugal safe interior v3 from the 1751 Vaugondy sheets; positional uncertainty 12.33 km replaces 34.61 km,REVISED,promo_b68466ea22a9,12.33
TERRESTRIAL_HEX,h6000_q-000618_r+000965,sp_fef06587fead,CONTROLLED,"land inside the Portuguese safe interior (v3); 17.73 of 17.73 km2 of the hex's canonical land, largest unioned share",UNRESOLVED,,promo_c1d69cca569e,34.61,rev_d48d2dd39cf8,Portugal safe interior v3 from the 1751 Vaugondy sheets; positional uncertainty 12.33 km replaces 34.61 km,REVISED,promo_b68466ea22a9,12.33
TERRESTRIAL_HEX,h6000_q-000618_r+000966,sp_fef06587fead,CONTROLLED,"land inside the Portuguese safe interior (v2+v3); 17.72 of 17.72 km2 of the hex's canonical land, largest unioned share",UNRESOLVED,,promo_c1d69cca569e,34.61,rev_38a30991a78b,Portugal safe interior v3 from the 1751 Vaugondy sheets; positional uncertainty 12.33 km replaces 34.61 km,REVISED,promo_b68466ea22a9,12.33
TERRESTRIAL_HEX,h6000_q-000618_r+000967,sp_fef06587fead,CONTROLLED,"land inside the Portuguese safe interior (v3); 17.70 of 17.70 km2 of the hex's canonical land, largest unioned share",UNRESOLVED,,promo_7c95358cf0a4,34.61,rev_eaac440b725f,Portugal safe interior v3 from the 1751 Vaugondy sheets; positional uncertainty 12.33 km replaces 34.61 km,REVISED,promo_b68466ea22a9,12.33
TERRESTRIAL_HEX,h6000_q-000618_r+000968,sp_fef06587fead,CONTROLLED,"land inside the Portuguese safe interior (v3); 17.68 of 17.68 km2 of the hex's canonical land, largest unioned share",UNRESOLVED,,promo_7c95358cf0a4,34.61,rev_ab5e1bfb1053,Portugal safe interior v3 from the 1751 Vaugondy sheets; positional uncertainty 12.33 km replaces 34.61 km,REVISED,promo_b68466ea22a9,12.33
TERRESTRIAL_HEX,h6000_q-000618_r+000969,sp_fef06587fead,CONTROLLED,"land inside the Portuguese safe interior (v3); 17.66 of 17.66 km2 of the hex's canonical land, largest unioned share",UNRESOLVED,,promo_7c95358cf0a4,34.61,rev_5903785c6c03,Portugal safe interior v3 from the 1751 Vaugondy sheets; positional uncertainty 12.33 km replaces 34.61 km,REVISED,promo_b68466ea22a9,12.33
TERRESTRIAL_HEX,h6000_q-000618_r+000970,sp_fef06587fead,CONTROLLED,"land inside the Portuguese safe interior (v3); 17.64 of 17.64 km2 of the hex's canonical land, largest unioned share",UNRESOLVED,,promo_7c95358cf0a4,34.61,rev_fbfd8d80efdc,Portugal safe interior v3 from the 1751 Vaugondy sheets; positional uncertainty 12.33 km replaces 34.61 km,REVISED,promo_b68466ea22a9,12.33
TERRESTRIAL_HEX,h6000_q-000618_r+000971,sp_fef06587fead,CONTROLLED,"land inside the Portuguese safe interior (v3); 17.62 of 17.62 km2 of the hex's canonical land, largest unioned share",UNRESOLVED,,promo_7c95358cf0a4,34.61,rev_fa3d90116c72,Portugal safe interior v3 from the 1751 Vaugondy sheets; positional uncertainty 12.33 km replaces 34.61 km,REVISED,promo_b68466ea22a9,12.33
TERRESTRIAL_HEX,h6000_q-000618_r+000972,sp_fef06587fead,CONTROLLED,"land inside the Portuguese safe interior (v3); 17.60 of 17.60 km2 of the hex's canonical land, largest unioned share",UNRESOLVED,,promo_7c95358cf0a4,34.61,rev_06dc39dee28a,Portugal safe interior v3 from the 1751 Vaugondy sheets; positional uncertainty 12.33 km replaces 34.61 km,REVISED,promo_b68466ea22a9,12.33
TERRESTRIAL_HEX,h6000_q-000618_r+000973,sp_fef06587fead,CONTROLLED,"land inside the Portuguese safe interior (v3); 17.58 of 17.58 km2 of the hex's canonical land, largest unioned share",UNRESOLVED,,promo_c1d69cca569e,34.61,rev_f3a1812906ea,Portugal safe interior v3 from the 1751 Vaugondy sheets; positional uncertainty 12.33 km replaces 34.61 km,REVISED,promo_b68466ea22a9,12.33
TERRESTRIAL_HEX,h6000_q-000618_r+000974,sp_fef06587fead,CONTROLLED,"land inside the Portuguese safe interior (v3); 17.57 of 17.57 km2 of the hex's canonical land, largest unioned share",UNRESOLVED,,promo_c1d69cca569e,34.61,rev_9bb7597c01ca,Portugal safe interior v3 from the 1751 Vaugondy sheets; positional uncertainty 12.33 km replaces 34.61 km,REVISED,promo_b68466ea22a9,12.33
TERRESTRIAL_HEX,h6000_q-000618_r+000975,sp_fef06587fead,CONTROLLED,"land inside the Portuguese safe interior (v3); 17.55 of 17.55 km2 of the hex's canonical land, largest unioned share",UNRESOLVED,,promo_c1d69cca569e,34.61,rev_c39db0158409,Portugal safe interior v3 from the 1751 Vaugondy sheets; positional uncertainty 12.33 km replaces 34.61 km,REVISED,promo_b68466ea22a9,12.33
TERRESTRIAL_HEX,h6000_q-000618_r+000976,sp_fef06587fead,CONTROLLED,"land inside the Portuguese safe interior (v3); 17.53 of 17.53 km2 of the hex's canonical land, largest unioned share",UNRESOLVED,,promo_c1d69cca569e,34.61,rev_7eb3e1b4c95c,Portugal safe interior v3 from the 1751 Vaugondy sheets; positional uncertainty 12.33 km replaces 34.61 km,REVISED,promo_b68466ea22a9,12.33
TERRESTRIAL_HEX,h6000_q-000618_r+000977,sp_fef06587fead,CONTROLLED,"land inside the Portuguese safe interior (v3); 17.51 of 17.51 km2 of the hex's canonical land, largest unioned share",UNRESOLVED,,promo_7c95358cf0a4,34.61,rev_830545e17ba7,Portugal safe interior v3 from the 1751 Vaugondy sheets; positional uncertainty 12.33 km replaces 34.61 km,REVISED,promo_b68466ea22a9,12.33
TERRESTRIAL_HEX,h6000_q-000618_r+000978,sp_fef06587fead,CONTROLLED,"land inside the Portuguese safe interior (v3); 17.49 of 17.49 km2 of the hex's canonical land, largest unioned share",UNRESOLVED,,promo_7c95358cf0a4,34.61,rev_6de959e7c6ba,Portugal safe interior v3 from the 1751 Vaugondy sheets; positional uncertainty 12.33 km replaces 34.61 km,REVISED,promo_b68466ea22a9,12.33
TERRESTRIAL_HEX,h6000_q-000618_r+000979,sp_fef06587fead,CONTROLLED,"land inside the Portuguese safe interior (v3); 17.47 of 17.47 km2 of the hex's canonical land, largest unioned share",UNRESOLVED,,promo_7c95358cf0a4,34.61,rev_057d5939ddf8,Portugal safe interior v3 from the 1751 Vaugondy sheets; positional uncertainty 12.33 km replaces 34.61 km,REVISED,promo_b68466ea22a9,12.33
TERRESTRIAL_HEX,h6000_q-000618_r+000980,sp_fef06587fead,CONTROLLED,"land inside the Portuguese safe interior (v3); 17.45 of 17.45 km2 of the hex's canonical land, largest unioned share",UNRESOLVED,,promo_7c95358cf0a4,34.61,rev_8493d60d5d27,Portugal safe interior v3 from the 1751 Vaugondy sheets; positional uncertainty 12.33 km replaces 34.61 km,REVISED,promo_b68466ea22a9,12.33
TERRESTRIAL_HEX,h6000_q-000618_r+000981,sp_fef06587fead,CONTROLLED,"land inside the Portuguese safe interior (v3); 17.43 of 17.43 km2 of the hex's canonical land, largest unioned share",UNRESOLVED,,promo_7c95358cf0a4,34.61,rev_b90dbf5eedb1,Portugal safe interior v3 from the 1751 Vaugondy sheets; positional uncertainty 12.33 km replaces 34.61 km,REVISED,promo_b68466ea22a9,12.33
TERRESTRIAL_HEX,h6000_q-000618_r+000982,sp_fef06587fead,CONTROLLED,"land inside the Portuguese safe interior (v3); 17.42 of 17.42 km2 of the hex's canonical land, largest unioned share",UNRESOLVED,,promo_7c95358cf0a4,34.61,rev_9c129e0348d4,Portugal safe interior v3 from the 1751 Vaugondy sheets; positional uncertainty 12.33 km replaces 34.61 km,REVISED,promo_b68466ea22a9,12.33
TERRESTRIAL_HEX,h6000_q-000618_r+000983,sp_fef06587fead,CONTROLLED,"land inside the Portuguese safe interior (v3); 17.40 of 17.40 km2 of the hex's canonical land, largest unioned share",UNRESOLVED,,promo_7c95358cf0a4,34.61,rev_4c47526003c6,Portugal safe interior v3 from the 1751 Vaugondy sheets; positional uncertainty 12.33 km replaces 34.61 km,REVISED,promo_b68466ea22a9,12.33
TERRESTRIAL_HEX,h6000_q-000618_r+000984,sp_fef06587fead,CONTROLLED,"land inside the Portuguese safe interior (v3); 17.38 of 17.38 km2 of the hex's canonical land, largest unioned share",UNRESOLVED,,promo_7c95358cf0a4,34.61,rev_bcffaabf055e,Portugal safe interior v3 from the 1751 Vaugondy sheets; positional uncertainty 12.33 km replaces 34.61 km,REVISED,promo_b68466ea22a9,12.33
TERRESTRIAL_HEX,h6000_q-000618_r+000985,sp_fef06587fead,CONTROLLED,"land inside the Portuguese safe interior (v3); 17.36 of 17.36 km2 of the hex's canonical land, largest unioned share",UNRESOLVED,,promo_7c95358cf0a4,34.61,rev_61079965c727,Portugal safe interior v3 from the 1751 Vaugondy sheets; positional uncertainty 12.33 km replaces 34.61 km,REVISED,promo_b68466ea22a9,12.33
TERRESTRIAL_HEX,h6000_q-000618_r+000986,sp_fef06587fead,CONTROLLED,"land inside the Portuguese safe interior (v3); 15.24 of 17.34 km2 of the hex's canonical land, largest unioned share",UNRESOLVED,,promo_7c95358cf0a4,34.61,rev_2eb0a83085e4,Portugal safe interior v3 from the 1751 Vaugondy sheets; positional uncertainty 12.33 km replaces 34.61 km,REVISED,promo_b68466ea22a9,12.33
TERRESTRIAL_HEX,h6000_q-000618_r+000987,sp_fef06587fead,CONTROLLED,"land inside the Portuguese safe interior (v3); 4.01 of 17.32 km2 of the hex's canonical land, largest unioned share",UNRESOLVED,,promo_7c95358cf0a4,34.61,rev_ea0071ae70f0,Portugal safe interior v3 from the 1751 Vaugondy sheets; positional uncertainty 12.33 km replaces 34.61 km,REVISED,promo_b68466ea22a9,12.33
TERRESTRIAL_HEX,h6000_q-000619_r+000953,sp_fef06587fead,CONTROLLED,"land inside the Portuguese safe interior (v2); 0.30 of 17.96 km2 of the hex's canonical land, largest unioned share",UNRESOLVED,,promo_7c95358cf0a4,34.61,rev_95b08a577f93,Portugal safe interior v3 from the 1751 Vaugondy sheets; positional uncertainty 12.33 km replaces 34.61 km,REVISED,promo_b68466ea22a9,12.33
TERRESTRIAL_HEX,h6000_q-000619_r+000957,sp_fef06587fead,CONTROLLED,"land inside the Portuguese safe interior (v2); 14.63 of 17.88 km2 of the hex's canonical land, largest unioned share",UNRESOLVED,,promo_7c95358cf0a4,34.61,rev_ee300058b8d4,Portugal safe interior v3 from the 1751 Vaugondy sheets; positional uncertainty 12.33 km replaces 34.61 km,REVISED,promo_b68466ea22a9,12.33
TERRESTRIAL_HEX,h6000_q-000619_r+000958,sp_fef06587fead,CONTROLLED,"land inside the Portuguese safe interior (v2); 4.84 of 17.87 km2 of the hex's canonical land, largest unioned share",UNRESOLVED,,promo_7c95358cf0a4,34.61,rev_c87a505708da,Portugal safe interior v3 from the 1751 Vaugondy sheets; positional uncertainty 12.33 km replaces 34.61 km,REVISED,promo_b68466ea22a9,12.33
TERRESTRIAL_HEX,h6000_q-000619_r+000961,sp_fef06587fead,CONTROLLED,"land inside the Portuguese safe interior (v3); 17.43 of 17.81 km2 of the hex's canonical land, largest unioned share",UNRESOLVED,,promo_7c95358cf0a4,34.61,rev_911f691fefe0,Portugal safe interior v3 from the 1751 Vaugondy sheets; positional uncertainty 12.33 km replaces 34.61 km,REVISED,promo_b68466ea22a9,12.33
TERRESTRIAL_HEX,h6000_q-000619_r+000962,sp_fef06587fead,CONTROLLED,"land inside the Portuguese safe interior (v3); 17.79 of 17.79 km2 of the hex's canonical land, largest unioned share",UNRESOLVED,,promo_7c95358cf0a4,34.61,rev_6b7199e6f4e7,Portugal safe interior v3 from the 1751 Vaugondy sheets; positional uncertainty 12.33 km replaces 34.61 km,REVISED,promo_b68466ea22a9,12.33
TERRESTRIAL_HEX,h6000_q-000619_r+000963,sp_fef06587fead,CONTROLLED,"land inside the Portuguese safe interior (v3); 17.77 of 17.77 km2 of the hex's canonical land, largest unioned share",UNRESOLVED,,promo_c1d69cca569e,34.61,rev_098b4484347b,Portugal safe interior v3 from the 1751 Vaugondy sheets; positional uncertainty 12.33 km replaces 34.61 km,REVISED,promo_b68466ea22a9,12.33
TERRESTRIAL_HEX,h6000_q-000619_r+000964,sp_fef06587fead,CONTROLLED,"land inside the Portuguese safe interior (v2+v3); 17.75 of 17.75 km2 of the hex's canonical land, largest unioned share",UNRESOLVED,,promo_c1d69cca569e,34.61,rev_c9610247702a,Portugal safe interior v3 from the 1751 Vaugondy sheets; positional uncertainty 12.33 km replaces 34.61 km,REVISED,promo_b68466ea22a9,12.33
TERRESTRIAL_HEX,h6000_q-000619_r+000965,sp_fef06587fead,CONTROLLED,"land inside the Portuguese safe interior (v2+v3); 17.73 of 17.73 km2 of the hex's canonical land, largest unioned share",UNRESOLVED,,promo_c1d69cca569e,34.61,rev_e29197618e7f,Portugal safe interior v3 from the 1751 Vaugondy sheets; positional uncertainty 12.33 km replaces 34.61 km,REVISED,promo_b68466ea22a9,12.33
TERRESTRIAL_HEX,h6000_q-000619_r+000966,sp_fef06587fead,CONTROLLED,"land inside the Portuguese safe interior (v2+v3); 17.72 of 17.72 km2 of the hex's canonical land, largest unioned share",UNRESOLVED,,promo_c1d69cca569e,34.61,rev_a8327f387c6e,Portugal safe interior v3 from the 1751 Vaugondy sheets; positional uncertainty 12.33 km replaces 34.61 km,REVISED,promo_b68466ea22a9,12.33
TERRESTRIAL_HEX,h6000_q-000619_r+000967,sp_fef06587fead,CONTROLLED,"land inside the Portuguese safe interior (v2+v3); 17.70 of 17.70 km2 of the hex's canonical land, largest unioned share",UNRESOLVED,,promo_c1d69cca569e,34.61,rev_81abe21f7af9,Portugal safe interior v3 from the 1751 Vaugondy sheets; positional uncertainty 12.33 km replaces 34.61 km,REVISED,promo_b68466ea22a9,12.33
TERRESTRIAL_HEX,h6000_q-000619_r+000968,sp_fef06587fead,CONTROLLED,"land inside the Portuguese safe interior (v2+v3); 17.68 of 17.68 km2 of the hex's canonical land, largest unioned share",UNRESOLVED,,promo_7c95358cf0a4,34.61,rev_28009d83b790,Portugal safe interior v3 from the 1751 Vaugondy sheets; positional uncertainty 12.33 km replaces 34.61 km,REVISED,promo_b68466ea22a9,12.33
TERRESTRIAL_HEX,h6000_q-000619_r+000969,sp_fef06587fead,CONTROLLED,"land inside the Portuguese safe interior (v2+v3); 17.66 of 17.66 km2 of the hex's canonical land, largest unioned share",UNRESOLVED,,promo_7c95358cf0a4,34.61,rev_9597b6a02d50,Portugal safe interior v3 from the 1751 Vaugondy sheets; positional uncertainty 12.33 km replaces 34.61 km,REVISED,promo_b68466ea22a9,12.33
TERRESTRIAL_HEX,h6000_q-000619_r+000970,sp_fef06587fead,CONTROLLED,"land inside the Portuguese safe interior (v2+v3); 17.64 of 17.64 km2 of the hex's canonical land, largest unioned share",UNRESOLVED,,promo_7c95358cf0a4,34.61,rev_d027abd30ea3,Portugal safe interior v3 from the 1751 Vaugondy sheets; positional uncertainty 12.33 km replaces 34.61 km,REVISED,promo_b68466ea22a9,12.33
TERRESTRIAL_HEX,h6000_q-000619_r+000971,sp_fef06587fead,CONTROLLED,"land inside the Portuguese safe interior (v3); 17.62 of 17.62 km2 of the hex's canonical land, largest unioned share",UNRESOLVED,,promo_7c95358cf0a4,34.61,rev_489a72955d30,Portugal safe interior v3 from the 1751 Vaugondy sheets; positional uncertainty 12.33 km replaces 34.61 km,REVISED,promo_b68466ea22a9,12.33
TERRESTRIAL_HEX,h6000_q-000619_r+000972,sp_fef06587fead,CONTROLLED,"land inside the Portuguese safe interior (v3); 17.60 of 17.60 km2 of the hex's canonical land, largest unioned share",UNRESOLVED,,promo_7c95358cf0a4,34.61,rev_df34be228926,Portugal safe interior v3 from the 1751 Vaugondy sheets; positional uncertainty 12.33 km replaces 34.61 km,REVISED,promo_b68466ea22a9,12.33
TERRESTRIAL_HEX,h6000_q-000619_r+000973,sp_fef06587fead,CONTROLLED,"land inside the Portuguese safe interior (v3); 17.58 of 17.58 km2 of the hex's canonical land, largest unioned share",UNRESOLVED,,promo_7c95358cf0a4,34.61,rev_d1a8c5ce083b,Portugal safe interior v3 from the 1751 Vaugondy sheets; positional uncertainty 12.33 km replaces 34.61 km,REVISED,promo_b68466ea22a9,12.33
TERRESTRIAL_HEX,h6000_q-000619_r+000974,sp_fef06587fead,CONTROLLED,"land inside the Portuguese safe interior (v3); 17.57 of 17.57 km2 of the hex's canonical land, largest unioned share",UNRESOLVED,,promo_c1d69cca569e,34.61,rev_adf9545f6360,Portugal safe interior v3 from the 1751 Vaugondy sheets; positional uncertainty 12.33 km replaces 34.61 km,REVISED,promo_b68466ea22a9,12.33
TERRESTRIAL_HEX,h6000_q-000619_r+000975,sp_fef06587fead,CONTROLLED,"land inside the Portuguese safe interior (v3); 17.55 of 17.55 km2 of the hex's canonical land, largest unioned share",UNRESOLVED,,promo_c1d69cca569e,34.61,rev_7af33a3d67ee,Portugal safe interior v3 from the 1751 Vaugondy sheets; positional uncertainty 12.33 km replaces 34.61 km,REVISED,promo_b68466ea22a9,12.33
TERRESTRIAL_HEX,h6000_q-000619_r+000976,sp_fef06587fead,CONTROLLED,"land inside the Portuguese safe interior (v3); 17.53 of 17.53 km2 of the hex's canonical land, largest unioned share",UNRESOLVED,,promo_c1d69cca569e,34.61,rev_9131bfa4e48d,Portugal safe interior v3 from the 1751 Vaugondy sheets; positional uncertainty 12.33 km replaces 34.61 km,REVISED,promo_b68466ea22a9,12.33
TERRESTRIAL_HEX,h6000_q-000619_r+000977,sp_fef06587fead,CONTROLLED,"land inside the Portuguese safe interior (v3); 17.51 of 17.51 km2 of the hex's canonical land, largest unioned share",UNRESOLVED,,promo_c1d69cca569e,34.61,rev_81dba742c6c3,Portugal safe interior v3 from the 1751 Vaugondy sheets; positional uncertainty 12.33 km replaces 34.61 km,REVISED,promo_b68466ea22a9,12.33
TERRESTRIAL_HEX,h6000_q-000619_r+000978,sp_fef06587fead,CONTROLLED,"land inside the Portuguese safe interior (v3); 17.49 of 17.49 km2 of the hex's canonical land, largest unioned share",UNRESOLVED,,promo_7c95358cf0a4,34.61,rev_87b25e42b9bd,Portugal safe interior v3 from the 1751 Vaugondy sheets; positional uncertainty 12.33 km replaces 34.61 km,REVISED,promo_b68466ea22a9,12.33
TERRESTRIAL_HEX,h6000_q-000619_r+000979,sp_fef06587fead,CONTROLLED,"land inside the Portuguese safe interior (v3); 17.47 of 17.47 km2 of the hex's canonical land, largest unioned share",UNRESOLVED,,promo_7c95358cf0a4,34.61,rev_a5b5ddadb134,Portugal safe interior v3 from the 1751 Vaugondy sheets; positional uncertainty 12.33 km replaces 34.61 km,REVISED,promo_b68466ea22a9,12.33
TERRESTRIAL_HEX,h6000_q-000619_r+000980,sp_fef06587fead,CONTROLLED,"land inside the Portuguese safe interior (v3); 17.45 of 17.45 km2 of the hex's canonical land, largest unioned share",UNRESOLVED,,promo_7c95358cf0a4,34.61,rev_52924746237e,Portugal safe interior v3 from the 1751 Vaugondy sheets; positional uncertainty 12.33 km replaces 34.61 km,REVISED,promo_b68466ea22a9,12.33
TERRESTRIAL_HEX,h6000_q-000619_r+000981,sp_fef06587fead,CONTROLLED,"land inside the Portuguese safe interior (v3); 17.43 of 17.43 km2 of the hex's canonical land, largest unioned share",UNRESOLVED,,promo_7c95358cf0a4,34.61,rev_09b4202de162,Portugal safe interior v3 from the 1751 Vaugondy sheets; positional uncertainty 12.33 km replaces 34.61 km,REVISED,promo_b68466ea22a9,12.33
TERRESTRIAL_HEX,h6000_q-000619_r+000982,sp_fef06587fead,CONTROLLED,"land inside the Portuguese safe interior (v3); 17.42 of 17.42 km2 of the hex's canonical land, largest unioned share",UNRESOLVED,,promo_7c95358cf0a4,34.61,rev_ee5472a3db59,Portugal safe interior v3 from the 1751 Vaugondy sheets; positional uncertainty 12.33 km replaces 34.61 km,REVISED,promo_b68466ea22a9,12.33
TERRESTRIAL_HEX,h6000_q-000619_r+000983,sp_fef06587fead,CONTROLLED,"land inside the Portuguese safe interior (v3); 17.40 of 17.40 km2 of the hex's canonical land, largest unioned share",UNRESOLVED,,promo_7c95358cf0a4,34.61,rev_b4557176361b,Portugal safe interior v3 from the 1751 Vaugondy sheets; positional uncertainty 12.33 km replaces 34.61 km,REVISED,promo_b68466ea22a9,12.33
TERRESTRIAL_HEX,h6000_q-000619_r+000984,sp_fef06587fead,CONTROLLED,"land inside the Portuguese safe interior (v3); 17.38 of 17.38 km2 of the hex's canonical land, largest unioned share",UNRESOLVED,,promo_7c95358cf0a4,34.61,rev_35fe8b6d3054,Portugal safe interior v3 from the 1751 Vaugondy sheets; positional uncertainty 12.33 km replaces 34.61 km,REVISED,promo_b68466ea22a9,12.33
TERRESTRIAL_HEX,h6000_q-000619_r+000985,sp_fef06587fead,CONTROLLED,"land inside the Portuguese safe interior (v3); 17.36 of 17.36 km2 of the hex's canonical land, largest unioned share",UNRESOLVED,,promo_7c95358cf0a4,34.61,rev_e696d21236a2,Portugal safe interior v3 from the 1751 Vaugondy sheets; positional uncertainty 12.33 km replaces 34.61 km,REVISED,promo_b68466ea22a9,12.33
TERRESTRIAL_HEX,h6000_q-000619_r+000986,sp_fef06587fead,CONTROLLED,"land inside the Portuguese safe interior (v3); 17.34 of 17.34 km2 of the hex's canonical land, largest unioned share",UNRESOLVED,,promo_7c95358cf0a4,34.61,rev_1a234f6aa04b,Portugal safe interior v3 from the 1751 Vaugondy sheets; positional uncertainty 12.33 km replaces 34.61 km,REVISED,promo_b68466ea22a9,12.33
TERRESTRIAL_HEX,h6000_q-000619_r+000987,sp_fef06587fead,CONTROLLED,"land inside the Portuguese safe interior (v3); 17.32 of 17.32 km2 of the hex's canonical land, largest unioned share",UNRESOLVED,,promo_7c95358cf0a4,34.61,rev_53f11adf0967,Portugal safe interior v3 from the 1751 Vaugondy sheets; positional uncertainty 12.33 km replaces 34.61 km,REVISED,promo_b68466ea22a9,12.33
TERRESTRIAL_HEX,h6000_q-000619_r+000988,sp_fef06587fead,CONTROLLED,"land inside the Portuguese safe interior (v3); 15.18 of 17.30 km2 of the hex's canonical land, largest unioned share",UNRESOLVED,,promo_7c95358cf0a4,34.61,rev_5189adc2e38b,Portugal safe interior v3 from the 1751 Vaugondy sheets; positional uncertainty 12.33 km replaces 34.61 km,REVISED,promo_b68466ea22a9,12.33
TERRESTRIAL_HEX,h6000_q-000619_r+000989,sp_fef06587fead,CONTROLLED,"land inside the Portuguese safe interior (v3); 4.82 of 17.28 km2 of the hex's canonical land, largest unioned share",UNRESOLVED,,promo_7c95358cf0a4,34.61,rev_c0d5505126c2,Portugal safe interior v3 from the 1751 Vaugondy sheets; positional uncertainty 12.33 km replaces 34.61 km,REVISED,promo_b68466ea22a9,12.33
TERRESTRIAL_HEX,h6000_q-000620_r+000950,sp_fef06587fead,CONTROLLED,"land inside the Portuguese safe interior (v3); 1.96 of 18.02 km2 of the hex's canonical land, largest unioned share",UNRESOLVED,,promo_7c95358cf0a4,34.61,rev_cb7635aa0841,Portugal safe interior v3 from the 1751 Vaugondy sheets; positional uncertainty 12.33 km replaces 34.61 km,REVISED,promo_b68466ea22a9,12.33
TERRESTRIAL_HEX,h6000_q-000620_r+000954,sp_fef06587fead,CONTROLLED,"land inside the Portuguese safe interior (v2); 13.60 of 17.94 km2 of the hex's canonical land, largest unioned share",UNRESOLVED,,promo_7c95358cf0a4,34.61,rev_741c7bb4cf03,Portugal safe interior v3 from the 1751 Vaugondy sheets; positional uncertainty 12.33 km replaces 34.61 km,REVISED,promo_b68466ea22a9,12.33
TERRESTRIAL_HEX,h6000_q-000620_r+000959,sp_fef06587fead,CONTROLLED,"land inside the Portuguese safe interior (v2); 16.95 of 17.85 km2 of the hex's canonical land, largest unioned share",UNRESOLVED,,promo_7c95358cf0a4,34.61,rev_bb6a9208b376,Portugal safe interior v3 from the 1751 Vaugondy sheets; positional uncertainty 12.33 km replaces 34.61 km,REVISED,promo_b68466ea22a9,12.33
TERRESTRIAL_HEX,h6000_q-000620_r+000960,sp_fef06587fead,CONTROLLED,"land inside the Portuguese safe interior (v2); 12.24 of 17.83 km2 of the hex's canonical land, largest unioned share",UNRESOLVED,,promo_7c95358cf0a4,34.61,rev_cc2b9f50d76d,Portugal safe interior v3 from the 1751 Vaugondy sheets; positional uncertainty 12.33 km replaces 34.61 km,REVISED,promo_b68466ea22a9,12.33
TERRESTRIAL_HEX,h6000_q-000620_r+000961,sp_fef06587fead,CONTROLLED,"land inside the Portuguese safe interior (v2+v3); 14.05 of 17.81 km2 of the hex's canonical land, largest unioned share",UNRESOLVED,,promo_7c95358cf0a4,34.61,rev_c211b29f621f,Portugal safe interior v3 from the 1751 Vaugondy sheets; positional uncertainty 12.33 km replaces 34.61 km,REVISED,promo_b68466ea22a9,12.33
TERRESTRIAL_HEX,h6000_q-000620_r+000962,sp_fef06587fead,CONTROLLED,"land inside the Portuguese safe interior (v2+v3); 17.79 of 17.79 km2 of the hex's canonical land, largest unioned share",UNRESOLVED,,promo_7c95358cf0a4,34.61,rev_275ba1944b30,Portugal safe interior v3 from the 1751 Vaugondy sheets; positional uncertainty 12.33 km replaces 34.61 km,REVISED,promo_b68466ea22a9,12.33
TERRESTRIAL_HEX,h6000_q-000620_r+000963,sp_fef06587fead,CONTROLLED,"land inside the Portuguese safe interior (v2+v3); 17.77 of 17.77 km2 of the hex's canonical land, largest unioned share",UNRESOLVED,,promo_7c95358cf0a4,34.61,rev_348ca9bfcf0a,Portugal safe interior v3 from the 1751 Vaugondy sheets; positional uncertainty 12.33 km replaces 34.61 km,REVISED,promo_b68466ea22a9,12.33
TERRESTRIAL_HEX,h6000_q-000620_r+000964,sp_fef06587fead,CONTROLLED,"land inside the Portuguese safe interior (v2+v3); 17.75 of 17.75 km2 of the hex's canonical land, largest unioned share",UNRESOLVED,,promo_c1d69cca569e,34.61,rev_0b3b33139edf,Portugal safe interior v3 from the 1751 Vaugondy sheets; positional uncertainty 12.33 km replaces 34.61 km,REVISED,promo_b68466ea22a9,12.33
TERRESTRIAL_HEX,h6000_q-000620_r+000970,sp_fef06587fead,CONTROLLED,"land inside the Portuguese safe interior (v2+v3); 17.64 of 17.64 km2 of the hex's canonical land, largest unioned share",UNRESOLVED,,promo_7c95358cf0a4,34.61,rev_fb9eedb50bb2,Portugal safe interior v3 from the 1751 Vaugondy sheets; positional uncertainty 12.33 km replaces 34.61 km,REVISED,promo_b68466ea22a9,12.33
TERRESTRIAL_HEX,h6000_q-000620_r+000971,sp_fef06587fead,CONTROLLED,"land inside the Portuguese safe interior (v2+v3); 17.62 of 17.62 km2 of the hex's canonical land, largest unioned share",UNRESOLVED,,promo_7c95358cf0a4,34.61,rev_82cd186e2596,Portugal safe interior v3 from the 1751 Vaugondy sheets; positional uncertainty 12.33 km replaces 34.61 km,REVISED,promo_b68466ea22a9,12.33
TERRESTRIAL_HEX,h6000_q-000620_r+000972,sp_fef06587fead,CONTROLLED,"land inside the Portuguese safe interior (v2+v3); 17.60 of 17.60 km2 of the hex's canonical land, largest unioned share",UNRESOLVED,,promo_7c95358cf0a4,34.61,rev_6e4dc7d44db6,Portugal safe interior v3 from the 1751 Vaugondy sheets; positional uncertainty 12.33 km replaces 34.61 km,REVISED,promo_b68466ea22a9,12.33
TERRESTRIAL_HEX,h6000_q-000620_r+000973,sp_fef06587fead,CONTROLLED,"land inside the Portuguese safe interior (v2+v3); 17.58 of 17.58 km2 of the hex's canonical land, largest unioned share",UNRESOLVED,,promo_7c95358cf0a4,34.61,rev_d78c74be87a1,Portugal safe interior v3 from the 1751 Vaugondy sheets; positional uncertainty 12.33 km replaces 34.61 km,REVISED,promo_b68466ea22a9,12.33
TERRESTRIAL_HEX,h6000_q-000620_r+000974,sp_fef06587fead,CONTROLLED,"land inside the Portuguese safe interior (v2+v3); 17.57 of 17.57 km2 of the hex's canonical land, largest unioned share",UNRESOLVED,,promo_7c95358cf0a4,34.61,rev_83a7c917777c,Portugal safe interior v3 from the 1751 Vaugondy sheets; positional uncertainty 12.33 km replaces 34.61 km,REVISED,promo_b68466ea22a9,12.33
TERRESTRIAL_HEX,h6000_q-000620_r+000975,sp_fef06587fead,CONTROLLED,"land inside the Portuguese safe interior (v3); 17.55 of 17.55 km2 of the hex's canonical land, largest unioned share",UNRESOLVED,,promo_c1d69cca569e,34.61,rev_71d5347d0dab,Portugal safe interior v3 from the 1751 Vaugondy sheets; positional uncertainty 12.33 km replaces 34.61 km,REVISED,promo_b68466ea22a9,12.33
TERRESTRIAL_HEX,h6000_q-000620_r+000976,sp_fef06587fead,CONTROLLED,"land inside the Portuguese safe interior (v3); 17.53 of 17.53 km2 of the hex's canonical land, largest unioned share",UNRESOLVED,,promo_c1d69cca569e,34.61,rev_364d9c1b52ae,Portugal safe interior v3 from the 1751 Vaugondy sheets; positional uncertainty 12.33 km replaces 34.61 km,REVISED,promo_b68466ea22a9,12.33
TERRESTRIAL_HEX,h6000_q-000620_r+000977,sp_fef06587fead,CONTROLLED,"land inside the Portuguese safe interior (v3); 17.51 of 17.51 km2 of the hex's canonical land, largest unioned share",UNRESOLVED,,promo_c1d69cca569e,34.61,rev_d1c18b81fb2b,Portugal safe interior v3 from the 1751 Vaugondy sheets; positional uncertainty 12.33 km replaces 34.61 km,REVISED,promo_b68466ea22a9,12.33
TERRESTRIAL_HEX,h6000_q-000620_r+000978,sp_fef06587fead,CONTROLLED,"land inside the Portuguese safe interior (v3); 17.49 of 17.49 km2 of the hex's canonical land, largest unioned share",UNRESOLVED,,promo_7c95358cf0a4,34.61,rev_32ddcc8b268a,Portugal safe interior v3 from the 1751 Vaugondy sheets; positional uncertainty 12.33 km replaces 34.61 km,REVISED,promo_b68466ea22a9,12.33
TERRESTRIAL_HEX,h6000_q-000620_r+000979,sp_fef06587fead,CONTROLLED,"land inside the Portuguese safe interior (v3); 17.47 of 17.47 km2 of the hex's canonical land, largest unioned share",UNRESOLVED,,promo_7c95358cf0a4,34.61,rev_1a0aad1b6f8f,Portugal safe interior v3 from the 1751 Vaugondy sheets; positional uncertainty 12.33 km replaces 34.61 km,REVISED,promo_b68466ea22a9,12.33
TERRESTRIAL_HEX,h6000_q-000620_r+000980,sp_fef06587fead,CONTROLLED,"land inside the Portuguese safe interior (v3); 17.45 of 17.45 km2 of the hex's canonical land, largest unioned share",UNRESOLVED,,promo_7c95358cf0a4,34.61,rev_83b243677e0f,Portugal safe interior v3 from the 1751 Vaugondy sheets; positional uncertainty 12.33 km replaces 34.61 km,REVISED,promo_b68466ea22a9,12.33
TERRESTRIAL_HEX,h6000_q-000620_r+000981,sp_fef06587fead,CONTROLLED,"land inside the Portuguese safe interior (v3); 17.43 of 17.43 km2 of the hex's canonical land, largest unioned share",UNRESOLVED,,promo_7c95358cf0a4,34.61,rev_c6e0100349ac,Portugal safe interior v3 from the 1751 Vaugondy sheets; positional uncertainty 12.33 km replaces 34.61 km,REVISED,promo_b68466ea22a9,12.33
TERRESTRIAL_HEX,h6000_q-000620_r+000982,sp_fef06587fead,CONTROLLED,"land inside the Portuguese safe interior (v3); 17.42 of 17.42 km2 of the hex's canonical land, largest unioned share",UNRESOLVED,,promo_7c95358cf0a4,34.61,rev_ef8a0821593b,Portugal safe interior v3 from the 1751 Vaugondy sheets; positional uncertainty 12.33 km replaces 34.61 km,REVISED,promo_b68466ea22a9,12.33
TERRESTRIAL_HEX,h6000_q-000620_r+000983,sp_fef06587fead,CONTROLLED,"land inside the Portuguese safe interior (v3); 17.40 of 17.40 km2 of the hex's canonical land, largest unioned share",UNRESOLVED,,promo_7c95358cf0a4,34.61,rev_86e161b95edd,Portugal safe interior v3 from the 1751 Vaugondy sheets; positional uncertainty 12.33 km replaces 34.61 km,REVISED,promo_b68466ea22a9,12.33
TERRESTRIAL_HEX,h6000_q-000620_r+000984,sp_fef06587fead,CONTROLLED,"land inside the Portuguese safe interior (v3); 17.38 of 17.38 km2 of the hex's canonical land, largest unioned share",UNRESOLVED,,promo_7c95358cf0a4,34.61,rev_a4c531043442,Portugal safe interior v3 from the 1751 Vaugondy sheets; positional uncertainty 12.33 km replaces 34.61 km,REVISED,promo_b68466ea22a9,12.33
TERRESTRIAL_HEX,h6000_q-000620_r+000985,sp_fef06587fead,CONTROLLED,"land inside the Portuguese safe interior (v3); 17.36 of 17.36 km2 of the hex's canonical land, largest unioned share",UNRESOLVED,,promo_7c95358cf0a4,34.61,rev_995691271dd2,Portugal safe interior v3 from the 1751 Vaugondy sheets; positional uncertainty 12.33 km replaces 34.61 km,REVISED,promo_b68466ea22a9,12.33
TERRESTRIAL_HEX,h6000_q-000620_r+000986,sp_fef06587fead,CONTROLLED,"land inside the Portuguese safe interior (v3); 17.34 of 17.34 km2 of the hex's canonical land, largest unioned share",UNRESOLVED,,promo_7c95358cf0a4,34.61,rev_fdaae135012e,Portugal safe interior v3 from the 1751 Vaugondy sheets; positional uncertainty 12.33 km replaces 34.61 km,REVISED,promo_b68466ea22a9,12.33
TERRESTRIAL_HEX,h6000_q-000620_r+000987,sp_fef06587fead,CONTROLLED,"land inside the Portuguese safe interior (v3); 17.32 of 17.32 km2 of the hex's canonical land, largest unioned share",UNRESOLVED,,promo_7c95358cf0a4,34.61,rev_e9e074b9b6b6,Portugal safe interior v3 from the 1751 Vaugondy sheets; positional uncertainty 12.33 km replaces 34.61 km,REVISED,promo_b68466ea22a9,12.33
TERRESTRIAL_HEX,h6000_q-000620_r+000988,sp_fef06587fead,CONTROLLED,"land inside the Portuguese safe interior (v3); 17.09 of 17.30 km2 of the hex's canonical land, largest unioned share",UNRESOLVED,,promo_7c95358cf0a4,34.61,rev_4ee4251e4ef6,Portugal safe interior v3 from the 1751 Vaugondy sheets; positional uncertainty 12.33 km replaces 34.61 km,REVISED,promo_b68466ea22a9,12.33
TERRESTRIAL_HEX,h6000_q-000620_r+000989,sp_fef06587fead,CONTROLLED,"land inside the Portuguese safe interior (v3); 7.23 of 17.28 km2 of the hex's canonical land, largest unioned share",UNRESOLVED,,promo_7c95358cf0a4,34.61,rev_550e334d79c4,Portugal safe interior v3 from the 1751 Vaugondy sheets; positional uncertainty 12.33 km replaces 34.61 km,REVISED,promo_b68466ea22a9,12.33
TERRESTRIAL_HEX,h6000_q-000621_r+000950,sp_fef06587fead,CONTROLLED,"land inside the Portuguese safe interior (v3); 12.53 of 18.02 km2 of the hex's canonical land, largest unioned share",UNRESOLVED,,promo_7c95358cf0a4,34.61,rev_d37d4de0bd5c,Portugal safe interior v3 from the 1751 Vaugondy sheets; positional uncertainty 12.33 km replaces 34.61 km,REVISED,promo_b68466ea22a9,12.33
TERRESTRIAL_HEX,h6000_q-000621_r+000951,sp_fef06587fead,CONTROLLED,"land inside the Portuguese safe interior (v3); 15.03 of 18.00 km2 of the hex's canonical land, largest unioned share",UNRESOLVED,,promo_7c95358cf0a4,34.61,rev_f9a5e3d3948f,Portugal safe interior v3 from the 1751 Vaugondy sheets; positional uncertainty 12.33 km replaces 34.61 km,REVISED,promo_b68466ea22a9,12.33
TERRESTRIAL_HEX,h6000_q-000621_r+000952,sp_fef06587fead,CONTROLLED,"land inside the Portuguese safe interior (v3); 9.08 of 17.98 km2 of the hex's canonical land, largest unioned share",UNRESOLVED,,promo_7c95358cf0a4,34.61,rev_a48689e66b03,Portugal safe interior v3 from the 1751 Vaugondy sheets; positional uncertainty 12.33 km replaces 34.61 km,REVISED,promo_b68466ea22a9,12.33
TERRESTRIAL_HEX,h6000_q-000621_r+000953,sp_fef06587fead,CONTROLLED,"land inside the Portuguese safe interior (v3); 2.09 of 17.96 km2 of the hex's canonical land, largest unioned share",UNRESOLVED,,promo_7c95358cf0a4,34.61,rev_b31d175a9d9c,Portugal safe interior v3 from the 1751 Vaugondy sheets; positional uncertainty 12.33 km replaces 34.61 km,REVISED,promo_b68466ea22a9,12.33
TERRESTRIAL_HEX,h6000_q-000621_r+000954,sp_fef06587fead,CONTROLLED,"land inside the Portuguese safe interior (v2); 9.91 of 17.94 km2 of the hex's canonical land, largest unioned share",UNRESOLVED,,promo_7c95358cf0a4,34.61,rev_b2ae779f137b,Portugal safe interior v3 from the 1751 Vaugondy sheets; positional uncertainty 12.33 km replaces 34.61 km,REVISED,promo_b68466ea22a9,12.33
TERRESTRIAL_HEX,h6000_q-000621_r+000974,sp_fef06587fead,CONTROLLED,"land inside the Portuguese safe interior (v2+v3); 17.57 of 17.57 km2 of the hex's canonical land, largest unioned share",UNRESOLVED,,promo_7c95358cf0a4,34.61,rev_15ac8f30ec84,Portugal safe interior v3 from the 1751 Vaugondy sheets; positional uncertainty 12.33 km replaces 34.61 km,REVISED,promo_b68466ea22a9,12.33
TERRESTRIAL_HEX,h6000_q-000621_r+000975,sp_fef06587fead,CONTROLLED,"land inside the Portuguese safe interior (v3); 17.55 of 17.55 km2 of the hex's canonical land, largest unioned share",UNRESOLVED,,promo_7c95358cf0a4,34.61,rev_e2690efefcdc,Portugal safe interior v3 from the 1751 Vaugondy sheets; positional uncertainty 12.33 km replaces 34.61 km,REVISED,promo_b68466ea22a9,12.33
TERRESTRIAL_HEX,h6000_q-000621_r+000976,sp_fef06587fead,CONTROLLED,"land inside the Portuguese safe interior (v3); 17.53 of 17.53 km2 of the hex's canonical land, largest unioned share",UNRESOLVED,,promo_c1d69cca569e,34.61,rev_83c7011b8dae,Portugal safe interior v3 from the 1751 Vaugondy sheets; positional uncertainty 12.33 km replaces 34.61 km,REVISED,promo_b68466ea22a9,12.33
TERRESTRIAL_HEX,h6000_q-000621_r+000977,sp_fef06587fead,CONTROLLED,"land inside the Portuguese safe interior (v3); 17.51 of 17.51 km2 of the hex's canonical land, largest unioned share",UNRESOLVED,,promo_7c95358cf0a4,34.61,rev_3e5951fa9be3,Portugal safe interior v3 from the 1751 Vaugondy sheets; positional uncertainty 12.33 km replaces 34.61 km,REVISED,promo_b68466ea22a9,12.33
TERRESTRIAL_HEX,h6000_q-000621_r+000978,sp_fef06587fead,CONTROLLED,"land inside the Portuguese safe interior (v3); 17.49 of 17.49 km2 of the hex's canonical land, largest unioned share",UNRESOLVED,,promo_7c95358cf0a4,34.61,rev_e411e1e91315,Portugal safe interior v3 from the 1751 Vaugondy sheets; positional uncertainty 12.33 km replaces 34.61 km,REVISED,promo_b68466ea22a9,12.33
TERRESTRIAL_HEX,h6000_q-000621_r+000979,sp_fef06587fead,CONTROLLED,"land inside the Portuguese safe interior (v3); 17.47 of 17.47 km2 of the hex's canonical land, largest unioned share",UNRESOLVED,,promo_7c95358cf0a4,34.61,rev_9f6a3dded588,Portugal safe interior v3 from the 1751 Vaugondy sheets; positional uncertainty 12.33 km replaces 34.61 km,REVISED,promo_b68466ea22a9,12.33
TERRESTRIAL_HEX,h6000_q-000621_r+000980,sp_fef06587fead,CONTROLLED,"land inside the Portuguese safe interior (v3); 17.45 of 17.45 km2 of the hex's canonical land, largest unioned share",UNRESOLVED,,promo_7c95358cf0a4,34.61,rev_5198d575a795,Portugal safe interior v3 from the 1751 Vaugondy sheets; positional uncertainty 12.33 km replaces 34.61 km,REVISED,promo_b68466ea22a9,12.33
TERRESTRIAL_HEX,h6000_q-000621_r+000981,sp_fef06587fead,CONTROLLED,"land inside the Portuguese safe interior (v3); 17.43 of 17.43 km2 of the hex's canonical land, largest unioned share",UNRESOLVED,,promo_7c95358cf0a4,34.61,rev_397e6a7d8651,Portugal safe interior v3 from the 1751 Vaugondy sheets; positional uncertainty 12.33 km replaces 34.61 km,REVISED,promo_b68466ea22a9,12.33
TERRESTRIAL_HEX,h6000_q-000621_r+000982,sp_fef06587fead,CONTROLLED,"land inside the Portuguese safe interior (v3); 17.42 of 17.42 km2 of the hex's canonical land, largest unioned share",UNRESOLVED,,promo_7c95358cf0a4,34.61,rev_308037a7a24a,Portugal safe interior v3 from the 1751 Vaugondy sheets; positional uncertainty 12.33 km replaces 34.61 km,REVISED,promo_b68466ea22a9,12.33
TERRESTRIAL_HEX,h6000_q-000621_r+000983,sp_fef06587fead,CONTROLLED,"land inside the Portuguese safe interior (v3); 17.40 of 17.40 km2 of the hex's canonical land, largest unioned share",UNRESOLVED,,promo_7c95358cf0a4,34.61,rev_3bb01dd4758d,Portugal safe interior v3 from the 1751 Vaugondy sheets; positional uncertainty 12.33 km replaces 34.61 km,REVISED,promo_b68466ea22a9,12.33
TERRESTRIAL_HEX,h6000_q-000621_r+000984,sp_fef06587fead,CONTROLLED,"land inside the Portuguese safe interior (v3); 17.38 of 17.38 km2 of the hex's canonical land, largest unioned share",UNRESOLVED,,promo_7c95358cf0a4,34.61,rev_edc0199ba883,Portugal safe interior v3 from the 1751 Vaugondy sheets; positional uncertainty 12.33 km replaces 34.61 km,REVISED,promo_b68466ea22a9,12.33
TERRESTRIAL_HEX,h6000_q-000621_r+000985,sp_fef06587fead,CONTROLLED,"land inside the Portuguese safe interior (v3); 17.36 of 17.36 km2 of the hex's canonical land, largest unioned share",UNRESOLVED,,promo_7c95358cf0a4,34.61,rev_0e2f1867c719,Portugal safe interior v3 from the 1751 Vaugondy sheets; positional uncertainty 12.33 km replaces 34.61 km,REVISED,promo_b68466ea22a9,12.33
TERRESTRIAL_HEX,h6000_q-000621_r+000986,sp_fef06587fead,CONTROLLED,"land inside the Portuguese safe interior (v3); 17.34 of 17.34 km2 of the hex's canonical land, largest unioned share",UNRESOLVED,,promo_7c95358cf0a4,34.61,rev_5f2bc6876963,Portugal safe interior v3 from the 1751 Vaugondy sheets; positional uncertainty 12.33 km replaces 34.61 km,REVISED,promo_b68466ea22a9,12.33
TERRESTRIAL_HEX,h6000_q-000621_r+000987,sp_fef06587fead,CONTROLLED,"land inside the Portuguese safe interior (v3); 17.32 of 17.32 km2 of the hex's canonical land, largest unioned share",UNRESOLVED,,promo_7c95358cf0a4,34.61,rev_cae882ad1d40,Portugal safe interior v3 from the 1751 Vaugondy sheets; positional uncertainty 12.33 km replaces 34.61 km,REVISED,promo_b68466ea22a9,12.33
TERRESTRIAL_HEX,h6000_q-000621_r+000988,sp_fef06587fead,CONTROLLED,"land inside the Portuguese safe interior (v3); 9.49 of 17.30 km2 of the hex's canonical land, largest unioned share",UNRESOLVED,,promo_7c95358cf0a4,34.61,rev_e1a532ef0b30,Portugal safe interior v3 from the 1751 Vaugondy sheets; positional uncertainty 12.33 km replaces 34.61 km,REVISED,promo_b68466ea22a9,12.33
TERRESTRIAL_HEX,h6000_q-000622_r+000945,sp_fef06587fead,CONTROLLED,"land inside the Portuguese safe interior (v3); 0.00 of 18.11 km2 of the hex's canonical land, largest unioned share",UNRESOLVED,,promo_7c95358cf0a4,34.61,rev_f332c101261c,Portugal safe interior v3 from the 1751 Vaugondy sheets; positional uncertainty 12.33 km replaces 34.61 km,REVISED,promo_b68466ea22a9,12.33
TERRESTRIAL_HEX,h6000_q-000622_r+000949,sp_fef06587fead,CONTROLLED,"land inside the Portuguese safe interior (v3); 5.59 of 18.04 km2 of the hex's canonical land, largest unioned share",UNRESOLVED,,promo_7c95358cf0a4,34.61,rev_dfa63be91c53,Portugal safe interior v3 from the 1751 Vaugondy sheets; positional uncertainty 12.33 km replaces 34.61 km,REVISED,promo_b68466ea22a9,12.33
TERRESTRIAL_HEX,h6000_q-000622_r+000950,sp_fef06587fead,CONTROLLED,"land inside the Portuguese safe interior (v3); 16.65 of 18.02 km2 of the hex's canonical land, largest unioned share",UNRESOLVED,,promo_7c95358cf0a4,34.61,rev_d9ee6a76d226,Portugal safe interior v3 from the 1751 Vaugondy sheets; positional uncertainty 12.33 km replaces 34.61 km,REVISED,promo_b68466ea22a9,12.33
TERRESTRIAL_HEX,h6000_q-000622_r+000951,sp_fef06587fead,CONTROLLED,"land inside the Portuguese safe interior (v3); 18.00 of 18.00 km2 of the hex's canonical land, largest unioned share",UNRESOLVED,,promo_7c95358cf0a4,34.61,rev_3e07a9b69038,Portugal safe interior v3 from the 1751 Vaugondy sheets; positional uncertainty 12.33 km replaces 34.61 km,REVISED,promo_b68466ea22a9,12.33
TERRESTRIAL_HEX,h6000_q-000622_r+000952,sp_fef06587fead,CONTROLLED,"land inside the Portuguese safe interior (v3); 17.98 of 17.98 km2 of the hex's canonical land, largest unioned share",UNRESOLVED,,promo_7c95358cf0a4,34.61,rev_739ea297c25c,Portugal safe interior v3 from the 1751 Vaugondy sheets; positional uncertainty 12.33 km replaces 34.61 km,REVISED,promo_b68466ea22a9,12.33
TERRESTRIAL_HEX,h6000_q-000622_r+000953,sp_fef06587fead,CONTROLLED,"land inside the Portuguese safe interior (v3); 17.96 of 17.96 km2 of the hex's canonical land, largest unioned share",UNRESOLVED,,promo_7c95358cf0a4,34.61,rev_7a584346847c,Portugal safe interior v3 from the 1751 Vaugondy sheets; positional uncertainty 12.33 km replaces 34.61 km,REVISED,promo_b68466ea22a9,12.33
TERRESTRIAL_HEX,h6000_q-000622_r+000954,sp_fef06587fead,CONTROLLED,"land inside the Portuguese safe interior (v2+v3); 16.12 of 17.94 km2 of the hex's canonical land, largest unioned share",UNRESOLVED,,promo_7c95358cf0a4,34.61,rev_09081250cb4f,Portugal safe interior v3 from the 1751 Vaugondy sheets; positional uncertainty 12.33 km replaces 34.61 km,REVISED,promo_b68466ea22a9,12.33
TERRESTRIAL_HEX,h6000_q-000622_r+000974,sp_fef06587fead,CONTROLLED,"land inside the Portuguese safe interior (v2+v3); 17.57 of 17.57 km2 of the hex's canonical land, largest unioned share",UNRESOLVED,,promo_7c95358cf0a4,34.61,rev_004a13d3b19b,Portugal safe interior v3 from the 1751 Vaugondy sheets; positional uncertainty 12.33 km replaces 34.61 km,REVISED,promo_b68466ea22a9,12.33
TERRESTRIAL_HEX,h6000_q-000622_r+000975,sp_fef06587fead,CONTROLLED,"land inside the Portuguese safe interior (v3); 17.55 of 17.55 km2 of the hex's canonical land, largest unioned share",UNRESOLVED,,promo_c1d69cca569e,34.61,rev_0e66f5bb6b80,Portugal safe interior v3 from the 1751 Vaugondy sheets; positional uncertainty 12.33 km replaces 34.61 km,REVISED,promo_b68466ea22a9,12.33
TERRESTRIAL_HEX,h6000_q-000622_r+000976,sp_fef06587fead,CONTROLLED,"land inside the Portuguese safe interior (v3); 17.53 of 17.53 km2 of the hex's canonical land, largest unioned share",UNRESOLVED,,promo_c1d69cca569e,34.61,rev_dac9687caac5,Portugal safe interior v3 from the 1751 Vaugondy sheets; positional uncertainty 12.33 km replaces 34.61 km,REVISED,promo_b68466ea22a9,12.33
TERRESTRIAL_HEX,h6000_q-000622_r+000977,sp_fef06587fead,CONTROLLED,"land inside the Portuguese safe interior (v3); 17.51 of 17.51 km2 of the hex's canonical land, largest unioned share",UNRESOLVED,,promo_7c95358cf0a4,34.61,rev_9e29b7f052dd,Portugal safe interior v3 from the 1751 Vaugondy sheets; positional uncertainty 12.33 km replaces 34.61 km,REVISED,promo_b68466ea22a9,12.33
TERRESTRIAL_HEX,h6000_q-000622_r+000978,sp_fef06587fead,CONTROLLED,"land inside the Portuguese safe interior (v3); 17.49 of 17.49 km2 of the hex's canonical land, largest unioned share",UNRESOLVED,,promo_7c95358cf0a4,34.61,rev_bcf96237cc04,Portugal safe interior v3 from the 1751 Vaugondy sheets; positional uncertainty 12.33 km replaces 34.61 km,REVISED,promo_b68466ea22a9,12.33
TERRESTRIAL_HEX,h6000_q-000622_r+000979,sp_fef06587fead,CONTROLLED,"land inside the Portuguese safe interior (v3); 17.47 of 17.47 km2 of the hex's canonical land, largest unioned share",UNRESOLVED,,promo_7c95358cf0a4,34.61,rev_b2ae101733c8,Portugal safe interior v3 from the 1751 Vaugondy sheets; positional uncertainty 12.33 km replaces 34.61 km,REVISED,promo_b68466ea22a9,12.33
TERRESTRIAL_HEX,h6000_q-000622_r+000980,sp_fef06587fead,CONTROLLED,"land inside the Portuguese safe interior (v3); 17.45 of 17.45 km2 of the hex's canonical land, largest unioned share",UNRESOLVED,,promo_7c95358cf0a4,34.61,rev_a0c03fba388a,Portugal safe interior v3 from the 1751 Vaugondy sheets; positional uncertainty 12.33 km replaces 34.61 km,REVISED,promo_b68466ea22a9,12.33
TERRESTRIAL_HEX,h6000_q-000622_r+000981,sp_fef06587fead,CONTROLLED,"land inside the Portuguese safe interior (v3); 17.43 of 17.43 km2 of the hex's canonical land, largest unioned share",UNRESOLVED,,promo_7c95358cf0a4,34.61,rev_6649094321c9,Portugal safe interior v3 from the 1751 Vaugondy sheets; positional uncertainty 12.33 km replaces 34.61 km,REVISED,promo_b68466ea22a9,12.33
TERRESTRIAL_HEX,h6000_q-000622_r+000982,sp_fef06587fead,CONTROLLED,"land inside the Portuguese safe interior (v3); 17.42 of 17.42 km2 of the hex's canonical land, largest unioned share",UNRESOLVED,,promo_7c95358cf0a4,34.61,rev_b36c7e7c4a49,Portugal safe interior v3 from the 1751 Vaugondy sheets; positional uncertainty 12.33 km replaces 34.61 km,REVISED,promo_b68466ea22a9,12.33
TERRESTRIAL_HEX,h6000_q-000622_r+000983,sp_fef06587fead,CONTROLLED,"land inside the Portuguese safe interior (v3); 17.40 of 17.40 km2 of the hex's canonical land, largest unioned share",UNRESOLVED,,promo_7c95358cf0a4,34.61,rev_9fe2a6e704aa,Portugal safe interior v3 from the 1751 Vaugondy sheets; positional uncertainty 12.33 km replaces 34.61 km,REVISED,promo_b68466ea22a9,12.33
TERRESTRIAL_HEX,h6000_q-000622_r+000984,sp_fef06587fead,CONTROLLED,"land inside the Portuguese safe interior (v3); 17.38 of 17.38 km2 of the hex's canonical land, largest unioned share",UNRESOLVED,,promo_7c95358cf0a4,34.61,rev_d55792650de1,Portugal safe interior v3 from the 1751 Vaugondy sheets; positional uncertainty 12.33 km replaces 34.61 km,REVISED,promo_b68466ea22a9,12.33
TERRESTRIAL_HEX,h6000_q-000622_r+000985,sp_fef06587fead,CONTROLLED,"land inside the Portuguese safe interior (v3); 17.36 of 17.36 km2 of the hex's canonical land, largest unioned share",UNRESOLVED,,promo_7c95358cf0a4,34.61,rev_015aa99de10b,Portugal safe interior v3 from the 1751 Vaugondy sheets; positional uncertainty 12.33 km replaces 34.61 km,REVISED,promo_b68466ea22a9,12.33
TERRESTRIAL_HEX,h6000_q-000622_r+000986,sp_fef06587fead,CONTROLLED,"land inside the Portuguese safe interior (v3); 17.34 of 17.34 km2 of the hex's canonical land, largest unioned share",UNRESOLVED,,promo_7c95358cf0a4,34.61,rev_5f62377e782b,Portugal safe interior v3 from the 1751 Vaugondy sheets; positional uncertainty 12.33 km replaces 34.61 km,REVISED,promo_b68466ea22a9,12.33
TERRESTRIAL_HEX,h6000_q-000622_r+000987,sp_fef06587fead,CONTROLLED,"land inside the Portuguese safe interior (v3); 10.23 of 17.32 km2 of the hex's canonical land, largest unioned share",UNRESOLVED,,promo_7c95358cf0a4,34.61,rev_c25d2e5a9696,Portugal safe interior v3 from the 1751 Vaugondy sheets; positional uncertainty 12.33 km replaces 34.61 km,REVISED,promo_b68466ea22a9,12.33
TERRESTRIAL_HEX,h6000_q-000622_r+000988,sp_fef06587fead,CONTROLLED,"land inside the Portuguese safe interior (v3); 1.35 of 17.30 km2 of the hex's canonical land, largest unioned share",UNRESOLVED,,promo_7c95358cf0a4,34.61,rev_97244f5810da,Portugal safe interior v3 from the 1751 Vaugondy sheets; positional uncertainty 12.33 km replaces 34.61 km,REVISED,promo_b68466ea22a9,12.33
TERRESTRIAL_HEX,h6000_q-000623_r+000945,sp_fef06587fead,CONTROLLED,"land inside the Portuguese safe interior (v3); 16.92 of 18.11 km2 of the hex's canonical land, largest unioned share",UNRESOLVED,,promo_7c95358cf0a4,34.61,rev_1584ce9367d8,Portugal safe interior v3 from the 1751 Vaugondy sheets; positional uncertainty 12.33 km replaces 34.61 km,REVISED,promo_b68466ea22a9,12.33
TERRESTRIAL_HEX,h6000_q-000623_r+000946,sp_fef06587fead,CONTROLLED,"land inside the Portuguese safe interior (v3); 14.80 of 18.09 km2 of the hex's canonical land, largest unioned share",UNRESOLVED,,promo_7c95358cf0a4,34.61,rev_ab665898fa9c,Portugal safe interior v3 from the 1751 Vaugondy sheets; positional uncertainty 12.33 km replaces 34.61 km,REVISED,promo_b68466ea22a9,12.33
TERRESTRIAL_HEX,h6000_q-000623_r+000947,sp_fef06587fead,CONTROLLED,"land inside the Portuguese safe interior (v3); 12.61 of 18.07 km2 of the hex's canonical land, largest unioned share",UNRESOLVED,,promo_7c95358cf0a4,34.61,rev_42c4aaec8b09,Portugal safe interior v3 from the 1751 Vaugondy sheets; positional uncertainty 12.33 km replaces 34.61 km,REVISED,promo_b68466ea22a9,12.33
TERRESTRIAL_HEX,h6000_q-000623_r+000948,sp_fef06587fead,CONTROLLED,"land inside the Portuguese safe interior (v3); 12.34 of 18.05 km2 of the hex's canonical land, largest unioned share",UNRESOLVED,,promo_7c95358cf0a4,34.61,rev_ddd3984b091c,Portugal safe interior v3 from the 1751 Vaugondy sheets; positional uncertainty 12.33 km replaces 34.61 km,REVISED,promo_b68466ea22a9,12.33
TERRESTRIAL_HEX,h6000_q-000623_r+000949,sp_fef06587fead,CONTROLLED,"land inside the Portuguese safe interior (v3); 16.83 of 18.04 km2 of the hex's canonical land, largest unioned share",UNRESOLVED,,promo_7c95358cf0a4,34.61,rev_4481b94346ef,Portugal safe interior v3 from the 1751 Vaugondy sheets; positional uncertainty 12.33 km replaces 34.61 km,REVISED,promo_b68466ea22a9,12.33
TERRESTRIAL_HEX,h6000_q-000623_r+000950,sp_fef06587fead,CONTROLLED,"land inside the Portuguese safe interior (v3); 18.02 of 18.02 km2 of the hex's canonical land, largest unioned share",UNRESOLVED,,promo_7c95358cf0a4,34.61,rev_7543d8d3b31a,Portugal safe interior v3 from the 1751 Vaugondy sheets; positional uncertainty 12.33 km replaces 34.61 km,REVISED,promo_b68466ea22a9,12.33
TERRESTRIAL_HEX,h6000_q-000623_r+000951,sp_fef06587fead,CONTROLLED,"land inside the Portuguese safe interior (v3); 18.00 of 18.00 km2 of the hex's canonical land, largest unioned share",UNRESOLVED,,promo_7c95358cf0a4,34.61,rev_9b428b9ddf44,Portugal safe interior v3 from the 1751 Vaugondy sheets; positional uncertainty 12.33 km replaces 34.61 km,REVISED,promo_b68466ea22a9,12.33
TERRESTRIAL_HEX,h6000_q-000623_r+000952,sp_fef06587fead,CONTROLLED,"land inside the Portuguese safe interior (v3); 17.98 of 17.98 km2 of the hex's canonical land, largest unioned share",UNRESOLVED,,promo_7c95358cf0a4,34.61,rev_4d38e734676b,Portugal safe interior v3 from the 1751 Vaugondy sheets; positional uncertainty 12.33 km replaces 34.61 km,REVISED,promo_b68466ea22a9,12.33
TERRESTRIAL_HEX,h6000_q-000623_r+000953,sp_fef06587fead,CONTROLLED,"land inside the Portuguese safe interior (v3); 17.96 of 17.96 km2 of the hex's canonical land, largest unioned share",UNRESOLVED,,promo_7c95358cf0a4,34.61,rev_1968d3248158,Portugal safe interior v3 from the 1751 Vaugondy sheets; positional uncertainty 12.33 km replaces 34.61 km,REVISED,promo_b68466ea22a9,12.33
TERRESTRIAL_HEX,h6000_q-000623_r+000954,sp_fef06587fead,CONTROLLED,"land inside the Portuguese safe interior (v2+v3); 17.94 of 17.94 km2 of the hex's canonical land, largest unioned share",UNRESOLVED,,promo_7c95358cf0a4,34.61,rev_7349b2618ecd,Portugal safe interior v3 from the 1751 Vaugondy sheets; positional uncertainty 12.33 km replaces 34.61 km,REVISED,promo_b68466ea22a9,12.33
TERRESTRIAL_HEX,h6000_q-000623_r+000974,sp_fef06587fead,CONTROLLED,"land inside the Portuguese safe interior (v2+v3); 17.57 of 17.57 km2 of the hex's canonical land, largest unioned share",UNRESOLVED,,promo_c1d69cca569e,34.61,rev_f87e66774f20,Portugal safe interior v3 from the 1751 Vaugondy sheets; positional uncertainty 12.33 km replaces 34.61 km,REVISED,promo_b68466ea22a9,12.33
TERRESTRIAL_HEX,h6000_q-000623_r+000975,sp_fef06587fead,CONTROLLED,"land inside the Portuguese safe interior (v2+v3); 17.55 of 17.55 km2 of the hex's canonical land, largest unioned share",UNRESOLVED,,promo_c1d69cca569e,34.61,rev_89d42274725a,Portugal safe interior v3 from the 1751 Vaugondy sheets; positional uncertainty 12.33 km replaces 34.61 km,REVISED,promo_b68466ea22a9,12.33
TERRESTRIAL_HEX,h6000_q-000623_r+000976,sp_fef06587fead,CONTROLLED,"land inside the Portuguese safe interior (v3); 17.53 of 17.53 km2 of the hex's canonical land, largest unioned share",UNRESOLVED,,promo_c1d69cca569e,34.61,rev_c57ca8904420,Portugal safe interior v3 from the 1751 Vaugondy sheets; positional uncertainty 12.33 km replaces 34.61 km,REVISED,promo_b68466ea22a9,12.33
TERRESTRIAL_HEX,h6000_q-000623_r+000977,sp_fef06587fead,CONTROLLED,"land inside the Portuguese safe interior (v3); 17.51 of 17.51 km2 of the hex's canonical land, largest unioned share",UNRESOLVED,,promo_c1d69cca569e,34.61,rev_e8fa783d164f,Portugal safe interior v3 from the 1751 Vaugondy sheets; positional uncertainty 12.33 km replaces 34.61 km,REVISED,promo_b68466ea22a9,12.33
TERRESTRIAL_HEX,h6000_q-000623_r+000978,sp_fef06587fead,CONTROLLED,"land inside the Portuguese safe interior (v3); 17.49 of 17.49 km2 of the hex's canonical land, largest unioned share",UNRESOLVED,,promo_7c95358cf0a4,34.61,rev_4a395ee125d1,Portugal safe interior v3 from the 1751 Vaugondy sheets; positional uncertainty 12.33 km replaces 34.61 km,REVISED,promo_b68466ea22a9,12.33
TERRESTRIAL_HEX,h6000_q-000623_r+000979,sp_fef06587fead,CONTROLLED,"land inside the Portuguese safe interior (v3); 17.47 of 17.47 km2 of the hex's canonical land, largest unioned share",UNRESOLVED,,promo_7c95358cf0a4,34.61,rev_c0db6a7a3f2e,Portugal safe interior v3 from the 1751 Vaugondy sheets; positional uncertainty 12.33 km replaces 34.61 km,REVISED,promo_b68466ea22a9,12.33
TERRESTRIAL_HEX,h6000_q-000623_r+000980,sp_fef06587fead,CONTROLLED,"land inside the Portuguese safe interior (v3); 17.45 of 17.45 km2 of the hex's canonical land, largest unioned share",UNRESOLVED,,promo_7c95358cf0a4,34.61,rev_34125eee5a12,Portugal safe interior v3 from the 1751 Vaugondy sheets; positional uncertainty 12.33 km replaces 34.61 km,REVISED,promo_b68466ea22a9,12.33
TERRESTRIAL_HEX,h6000_q-000623_r+000981,sp_fef06587fead,CONTROLLED,"land inside the Portuguese safe interior (v3); 17.43 of 17.43 km2 of the hex's canonical land, largest unioned share",UNRESOLVED,,promo_7c95358cf0a4,34.61,rev_897ff963fc6b,Portugal safe interior v3 from the 1751 Vaugondy sheets; positional uncertainty 12.33 km replaces 34.61 km,REVISED,promo_b68466ea22a9,12.33
TERRESTRIAL_HEX,h6000_q-000623_r+000982,sp_fef06587fead,CONTROLLED,"land inside the Portuguese safe interior (v3); 17.42 of 17.42 km2 of the hex's canonical land, largest unioned share",UNRESOLVED,,promo_7c95358cf0a4,34.61,rev_7a143ab5ecf5,Portugal safe interior v3 from the 1751 Vaugondy sheets; positional uncertainty 12.33 km replaces 34.61 km,REVISED,promo_b68466ea22a9,12.33
TERRESTRIAL_HEX,h6000_q-000623_r+000983,sp_fef06587fead,CONTROLLED,"land inside the Portuguese safe interior (v3); 17.40 of 17.40 km2 of the hex's canonical land, largest unioned share",UNRESOLVED,,promo_7c95358cf0a4,34.61,rev_3384bd4d18e5,Portugal safe interior v3 from the 1751 Vaugondy sheets; positional uncertainty 12.33 km replaces 34.61 km,REVISED,promo_b68466ea22a9,12.33
TERRESTRIAL_HEX,h6000_q-000623_r+000984,sp_fef06587fead,CONTROLLED,"land inside the Portuguese safe interior (v3); 17.38 of 17.38 km2 of the hex's canonical land, largest unioned share",UNRESOLVED,,promo_7c95358cf0a4,34.61,rev_dbf054ea410f,Portugal safe interior v3 from the 1751 Vaugondy sheets; positional uncertainty 12.33 km replaces 34.61 km,REVISED,promo_b68466ea22a9,12.33
TERRESTRIAL_HEX,h6000_q-000623_r+000985,sp_fef06587fead,CONTROLLED,"land inside the Portuguese safe interior (v3); 17.36 of 17.36 km2 of the hex's canonical land, largest unioned share",UNRESOLVED,,promo_7c95358cf0a4,34.61,rev_65808745d90d,Portugal safe interior v3 from the 1751 Vaugondy sheets; positional uncertainty 12.33 km replaces 34.61 km,REVISED,promo_b68466ea22a9,12.33
TERRESTRIAL_HEX,h6000_q-000623_r+000986,sp_fef06587fead,CONTROLLED,"land inside the Portuguese safe interior (v3); 12.11 of 17.34 km2 of the hex's canonical land, largest unioned share",UNRESOLVED,,promo_7c95358cf0a4,34.61,rev_ea8d85d31932,Portugal safe interior v3 from the 1751 Vaugondy sheets; positional uncertainty 12.33 km replaces 34.61 km,REVISED,promo_b68466ea22a9,12.33
TERRESTRIAL_HEX,h6000_q-000623_r+000987,sp_fef06587fead,CONTROLLED,"land inside the Portuguese safe interior (v3); 0.63 of 17.32 km2 of the hex's canonical land, largest unioned share",UNRESOLVED,,promo_7c95358cf0a4,34.61,rev_adc0e475a97f,Portugal safe interior v3 from the 1751 Vaugondy sheets; positional uncertainty 12.33 km replaces 34.61 km,REVISED,promo_b68466ea22a9,12.33
TERRESTRIAL_HEX,h6000_q-000624_r+000945,sp_fef06587fead,CONTROLLED,"land inside the Portuguese safe interior (v3); 18.11 of 18.11 km2 of the hex's canonical land, largest unioned share",UNRESOLVED,,promo_7c95358cf0a4,34.61,rev_7082caa2ac26,Portugal safe interior v3 from the 1751 Vaugondy sheets; positional uncertainty 12.33 km replaces 34.61 km,REVISED,promo_b68466ea22a9,12.33
TERRESTRIAL_HEX,h6000_q-000624_r+000946,sp_fef06587fead,CONTROLLED,"land inside the Portuguese safe interior (v3); 18.09 of 18.09 km2 of the hex's canonical land, largest unioned share",UNRESOLVED,,promo_7c95358cf0a4,34.61,rev_62d71d8a6edb,Portugal safe interior v3 from the 1751 Vaugondy sheets; positional uncertainty 12.33 km replaces 34.61 km,REVISED,promo_b68466ea22a9,12.33
TERRESTRIAL_HEX,h6000_q-000624_r+000947,sp_fef06587fead,CONTROLLED,"land inside the Portuguese safe interior (v3); 18.07 of 18.07 km2 of the hex's canonical land, largest unioned share",UNRESOLVED,,promo_7c95358cf0a4,34.61,rev_0352620ac71b,Portugal safe interior v3 from the 1751 Vaugondy sheets; positional uncertainty 12.33 km replaces 34.61 km,REVISED,promo_b68466ea22a9,12.33
TERRESTRIAL_HEX,h6000_q-000624_r+000948,sp_fef06587fead,CONTROLLED,"land inside the Portuguese safe interior (v3); 18.05 of 18.05 km2 of the hex's canonical land, largest unioned share",UNRESOLVED,,promo_7c95358cf0a4,34.61,rev_6c9a63b94360,Portugal safe interior v3 from the 1751 Vaugondy sheets; positional uncertainty 12.33 km replaces 34.61 km,REVISED,promo_b68466ea22a9,12.33
TERRESTRIAL_HEX,h6000_q-000624_r+000949,sp_fef06587fead,CONTROLLED,"land inside the Portuguese safe interior (v3); 18.04 of 18.04 km2 of the hex's canonical land, largest unioned share",UNRESOLVED,,promo_7c95358cf0a4,34.61,rev_1a7ad94ea0c6,Portugal safe interior v3 from the 1751 Vaugondy sheets; positional uncertainty 12.33 km replaces 34.61 km,REVISED,promo_b68466ea22a9,12.33
TERRESTRIAL_HEX,h6000_q-000624_r+000950,sp_fef06587fead,CONTROLLED,"land inside the Portuguese safe interior (v3); 18.02 of 18.02 km2 of the hex's canonical land, largest unioned share",UNRESOLVED,,promo_7c95358cf0a4,34.61,rev_5dc4636d38fc,Portugal safe interior v3 from the 1751 Vaugondy sheets; positional uncertainty 12.33 km replaces 34.61 km,REVISED,promo_b68466ea22a9,12.33
TERRESTRIAL_HEX,h6000_q-000624_r+000951,sp_fef06587fead,CONTROLLED,"land inside the Portuguese safe interior (v3); 18.00 of 18.00 km2 of the hex's canonical land, largest unioned share",UNRESOLVED,,promo_7c95358cf0a4,34.61,rev_97a64d29536a,Portugal safe interior v3 from the 1751 Vaugondy sheets; positional uncertainty 12.33 km replaces 34.61 km,REVISED,promo_b68466ea22a9,12.33
TERRESTRIAL_HEX,h6000_q-000624_r+000952,sp_fef06587fead,CONTROLLED,"land inside the Portuguese safe interior (v3); 17.98 of 17.98 km2 of the hex's canonical land, largest unioned share",UNRESOLVED,,promo_7c95358cf0a4,34.61,rev_40bf81bc1fda,Portugal safe interior v3 from the 1751 Vaugondy sheets; positional uncertainty 12.33 km replaces 34.61 km,REVISED,promo_b68466ea22a9,12.33
TERRESTRIAL_HEX,h6000_q-000624_r+000953,sp_fef06587fead,CONTROLLED,"land inside the Portuguese safe interior (v2+v3); 17.96 of 17.96 km2 of the hex's canonical land, largest unioned share",UNRESOLVED,,promo_7c95358cf0a4,34.61,rev_9a197402714d,Portugal safe interior v3 from the 1751 Vaugondy sheets; positional uncertainty 12.33 km replaces 34.61 km,REVISED,promo_b68466ea22a9,12.33
TERRESTRIAL_HEX,h6000_q-000624_r+000954,sp_fef06587fead,CONTROLLED,"land inside the Portuguese safe interior (v2+v3); 17.94 of 17.94 km2 of the hex's canonical land, largest unioned share",UNRESOLVED,,promo_7c95358cf0a4,34.61,rev_c98738dffb72,Portugal safe interior v3 from the 1751 Vaugondy sheets; positional uncertainty 12.33 km replaces 34.61 km,REVISED,promo_b68466ea22a9,12.33
TERRESTRIAL_HEX,h6000_q-000624_r+000963,sp_fef06587fead,CONTROLLED,"land inside the Portuguese safe interior (v2+v3); 17.77 of 17.77 km2 of the hex's canonical land, largest unioned share",UNRESOLVED,,promo_7c95358cf0a4,34.61,rev_1cb177bc9f92,Portugal safe interior v3 from the 1751 Vaugondy sheets; positional uncertainty 12.33 km replaces 34.61 km,REVISED,promo_b68466ea22a9,12.33
TERRESTRIAL_HEX,h6000_q-000624_r+000964,sp_fef06587fead,CONTROLLED,"land inside the Portuguese safe interior (v2+v3); 17.75 of 17.75 km2 of the hex's canonical land, largest unioned share",UNRESOLVED,,promo_7c95358cf0a4,34.61,rev_e24f52248235,Portugal safe interior v3 from the 1751 Vaugondy sheets; positional uncertainty 12.33 km replaces 34.61 km,REVISED,promo_b68466ea22a9,12.33
TERRESTRIAL_HEX,h6000_q-000624_r+000965,sp_fef06587fead,CONTROLLED,"land inside the Portuguese safe interior (v2+v3); 17.73 of 17.73 km2 of the hex's canonical land, largest unioned share",UNRESOLVED,,promo_7c95358cf0a4,34.61,rev_82442d2a998a,Portugal safe interior v3 from the 1751 Vaugondy sheets; positional uncertainty 12.33 km replaces 34.61 km,REVISED,promo_b68466ea22a9,12.33
TERRESTRIAL_HEX,h6000_q-000624_r+000966,sp_fef06587fead,CONTROLLED,"land inside the Portuguese safe interior (v2+v3); 17.72 of 17.72 km2 of the hex's canonical land, largest unioned share",UNRESOLVED,,promo_7c95358cf0a4,34.61,rev_119a1f2e30db,Portugal safe interior v3 from the 1751 Vaugondy sheets; positional uncertainty 12.33 km replaces 34.61 km,REVISED,promo_b68466ea22a9,12.33
TERRESTRIAL_HEX,h6000_q-000624_r+000967,sp_fef06587fead,CONTROLLED,"land inside the Portuguese safe interior (v2+v3); 17.70 of 17.70 km2 of the hex's canonical land, largest unioned share",UNRESOLVED,,promo_c1d69cca569e,34.61,rev_ba5da31e9d5b,Portugal safe interior v3 from the 1751 Vaugondy sheets; positional uncertainty 12.33 km replaces 34.61 km,REVISED,promo_b68466ea22a9,12.33
TERRESTRIAL_HEX,h6000_q-000624_r+000968,sp_fef06587fead,CONTROLLED,"land inside the Portuguese safe interior (v2+v3); 17.68 of 17.68 km2 of the hex's canonical land, largest unioned share",UNRESOLVED,,promo_c1d69cca569e,34.61,rev_d24351cd0d6b,Portugal safe interior v3 from the 1751 Vaugondy sheets; positional uncertainty 12.33 km replaces 34.61 km,REVISED,promo_b68466ea22a9,12.33
TERRESTRIAL_HEX,h6000_q-000624_r+000969,sp_fef06587fead,CONTROLLED,"land inside the Portuguese safe interior (v2+v3); 17.66 of 17.66 km2 of the hex's canonical land, largest unioned share",UNRESOLVED,,promo_c1d69cca569e,34.61,rev_87a431a5df99,Portugal safe interior v3 from the 1751 Vaugondy sheets; positional uncertainty 12.33 km replaces 34.61 km,REVISED,promo_b68466ea22a9,12.33
TERRESTRIAL_HEX,h6000_q-000624_r+000975,sp_fef06587fead,CONTROLLED,"land inside the Portuguese safe interior (v2+v3); 17.55 of 17.55 km2 of the hex's canonical land, largest unioned share",UNRESOLVED,,promo_c1d69cca569e,34.61,rev_60e1ee2c1349,Portugal safe interior v3 from the 1751 Vaugondy sheets; positional uncertainty 12.33 km replaces 34.61 km,REVISED,promo_b68466ea22a9,12.33
TERRESTRIAL_HEX,h6000_q-000624_r+000976,sp_fef06587fead,CONTROLLED,"land inside the Portuguese safe interior (v3); 17.53 of 17.53 km2 of the hex's canonical land, largest unioned share",UNRESOLVED,,promo_c1d69cca569e,34.61,rev_9e787e1a7c3d,Portugal safe interior v3 from the 1751 Vaugondy sheets; positional uncertainty 12.33 km replaces 34.61 km,REVISED,promo_b68466ea22a9,12.33
TERRESTRIAL_HEX,h6000_q-000624_r+000977,sp_fef06587fead,CONTROLLED,"land inside the Portuguese safe interior (v3); 17.51 of 17.51 km2 of the hex's canonical land, largest unioned share",UNRESOLVED,,promo_c1d69cca569e,34.61,rev_3facf8d169e6,Portugal safe interior v3 from the 1751 Vaugondy sheets; positional uncertainty 12.33 km replaces 34.61 km,REVISED,promo_b68466ea22a9,12.33
TERRESTRIAL_HEX,h6000_q-000624_r+000978,sp_fef06587fead,CONTROLLED,"land inside the Portuguese safe interior (v3); 17.49 of 17.49 km2 of the hex's canonical land, largest unioned share",UNRESOLVED,,promo_c1d69cca569e,34.61,rev_d7b0b8906f77,Portugal safe interior v3 from the 1751 Vaugondy sheets; positional uncertainty 12.33 km replaces 34.61 km,REVISED,promo_b68466ea22a9,12.33
TERRESTRIAL_HEX,h6000_q-000624_r+000979,sp_fef06587fead,CONTROLLED,"land inside the Portuguese safe interior (v3); 17.47 of 17.47 km2 of the hex's canonical land, largest unioned share",UNRESOLVED,,promo_7c95358cf0a4,34.61,rev_1b6e21c2dd83,Portugal safe interior v3 from the 1751 Vaugondy sheets; positional uncertainty 12.33 km replaces 34.61 km,REVISED,promo_b68466ea22a9,12.33
TERRESTRIAL_HEX,h6000_q-000624_r+000980,sp_fef06587fead,CONTROLLED,"land inside the Portuguese safe interior (v3); 17.45 of 17.45 km2 of the hex's canonical land, largest unioned share",UNRESOLVED,,promo_7c95358cf0a4,34.61,rev_518683b13405,Portugal safe interior v3 from the 1751 Vaugondy sheets; positional uncertainty 12.33 km replaces 34.61 km,REVISED,promo_b68466ea22a9,12.33
TERRESTRIAL_HEX,h6000_q-000624_r+000981,sp_fef06587fead,CONTROLLED,"land inside the Portuguese safe interior (v3); 17.43 of 17.43 km2 of the hex's canonical land, largest unioned share",UNRESOLVED,,promo_7c95358cf0a4,34.61,rev_1fef1c5e5aad,Portugal safe interior v3 from the 1751 Vaugondy sheets; positional uncertainty 12.33 km replaces 34.61 km,REVISED,promo_b68466ea22a9,12.33
TERRESTRIAL_HEX,h6000_q-000624_r+000985,sp_fef06587fead,CONTROLLED,"land inside the Portuguese safe interior (v3); 17.36 of 17.36 km2 of the hex's canonical land, largest unioned share",UNRESOLVED,,promo_7c95358cf0a4,34.61,rev_7b33a02db807,Portugal safe interior v3 from the 1751 Vaugondy sheets; positional uncertainty 12.33 km replaces 34.61 km,REVISED,promo_b68466ea22a9,12.33
TERRESTRIAL_HEX,h6000_q-000624_r+000986,sp_fef06587fead,CONTROLLED,"land inside the Portuguese safe interior (v3); 6.17 of 17.34 km2 of the hex's canonical land, largest unioned share",UNRESOLVED,,promo_7c95358cf0a4,34.61,rev_90509d040012,Portugal safe interior v3 from the 1751 Vaugondy sheets; positional uncertainty 12.33 km replaces 34.61 km,REVISED,promo_b68466ea22a9,12.33
TERRESTRIAL_HEX,h6000_q-000625_r+000945,sp_fef06587fead,CONTROLLED,"land inside the Portuguese safe interior (v3); 18.11 of 18.11 km2 of the hex's canonical land, largest unioned share",UNRESOLVED,,promo_7c95358cf0a4,34.61,rev_0d5555e26a17,Portugal safe interior v3 from the 1751 Vaugondy sheets; positional uncertainty 12.33 km replaces 34.61 km,REVISED,promo_b68466ea22a9,12.33
TERRESTRIAL_HEX,h6000_q-000625_r+000946,sp_fef06587fead,CONTROLLED,"land inside the Portuguese safe interior (v3); 18.09 of 18.09 km2 of the hex's canonical land, largest unioned share",UNRESOLVED,,promo_7c95358cf0a4,34.61,rev_1bb0a9b2eca8,Portugal safe interior v3 from the 1751 Vaugondy sheets; positional uncertainty 12.33 km replaces 34.61 km,REVISED,promo_b68466ea22a9,12.33
TERRESTRIAL_HEX,h6000_q-000625_r+000947,sp_fef06587fead,CONTROLLED,"land inside the Portuguese safe interior (v3); 18.07 of 18.07 km2 of the hex's canonical land, largest unioned share",UNRESOLVED,,promo_7c95358cf0a4,34.61,rev_4d506673f7ea,Portugal safe interior v3 from the 1751 Vaugondy sheets; positional uncertainty 12.33 km replaces 34.61 km,REVISED,promo_b68466ea22a9,12.33
TERRESTRIAL_HEX,h6000_q-000625_r+000948,sp_fef06587fead,CONTROLLED,"land inside the Portuguese safe interior (v3); 18.05 of 18.05 km2 of the hex's canonical land, largest unioned share",UNRESOLVED,,promo_7c95358cf0a4,34.61,rev_735c4fc197f1,Portugal safe interior v3 from the 1751 Vaugondy sheets; positional uncertainty 12.33 km replaces 34.61 km,REVISED,promo_b68466ea22a9,12.33
TERRESTRIAL_HEX,h6000_q-000625_r+000949,sp_fef06587fead,CONTROLLED,"land inside the Portuguese safe interior (v3); 18.04 of 18.04 km2 of the hex's canonical land, largest unioned share",UNRESOLVED,,promo_7c95358cf0a4,34.61,rev_041202cc7941,Portugal safe interior v3 from the 1751 Vaugondy sheets; positional uncertainty 12.33 km replaces 34.61 km,REVISED,promo_b68466ea22a9,12.33
TERRESTRIAL_HEX,h6000_q-000625_r+000950,sp_fef06587fead,CONTROLLED,"land inside the Portuguese safe interior (v3); 18.02 of 18.02 km2 of the hex's canonical land, largest unioned share",UNRESOLVED,,promo_7c95358cf0a4,34.61,rev_60e3c48272bd,Portugal safe interior v3 from the 1751 Vaugondy sheets; positional uncertainty 12.33 km replaces 34.61 km,REVISED,promo_b68466ea22a9,12.33
TERRESTRIAL_HEX,h6000_q-000625_r+000951,sp_fef06587fead,CONTROLLED,"land inside the Portuguese safe interior (v3); 18.00 of 18.00 km2 of the hex's canonical land, largest unioned share",UNRESOLVED,,promo_7c95358cf0a4,34.61,rev_985fcb0aba78,Portugal safe interior v3 from the 1751 Vaugondy sheets; positional uncertainty 12.33 km replaces 34.61 km,REVISED,promo_b68466ea22a9,12.33
TERRESTRIAL_HEX,h6000_q-000625_r+000952,sp_fef06587fead,CONTROLLED,"land inside the Portuguese safe interior (v3); 17.98 of 17.98 km2 of the hex's canonical land, largest unioned share",UNRESOLVED,,promo_7c95358cf0a4,34.61,rev_115e94e342db,Portugal safe interior v3 from the 1751 Vaugondy sheets; positional uncertainty 12.33 km replaces 34.61 km,REVISED,promo_b68466ea22a9,12.33
TERRESTRIAL_HEX,h6000_q-000625_r+000953,sp_fef06587fead,CONTROLLED,"land inside the Portuguese safe interior (v2+v3); 17.96 of 17.96 km2 of the hex's canonical land, largest unioned share",UNRESOLVED,,promo_7c95358cf0a4,34.61,rev_69bd87a0b5de,Portugal safe interior v3 from the 1751 Vaugondy sheets; positional uncertainty 12.33 km replaces 34.61 km,REVISED,promo_b68466ea22a9,12.33
TERRESTRIAL_HEX,h6000_q-000625_r+000954,sp_fef06587fead,CONTROLLED,"land inside the Portuguese safe interior (v2+v3); 17.94 of 17.94 km2 of the hex's canonical land, largest unioned share",UNRESOLVED,,promo_7c95358cf0a4,34.61,rev_f4b6a894d11d,Portugal safe interior v3 from the 1751 Vaugondy sheets; positional uncertainty 12.33 km replaces 34.61 km,REVISED,promo_b68466ea22a9,12.33
TERRESTRIAL_HEX,h6000_q-000625_r+000962,sp_fef06587fead,CONTROLLED,"land inside the Portuguese safe interior (v2+v3); 17.79 of 17.79 km2 of the hex's canonical land, largest unioned share",UNRESOLVED,,promo_7c95358cf0a4,34.61,rev_13af65ce4223,Portugal safe interior v3 from the 1751 Vaugondy sheets; positional uncertainty 12.33 km replaces 34.61 km,REVISED,promo_b68466ea22a9,12.33
TERRESTRIAL_HEX,h6000_q-000625_r+000963,sp_fef06587fead,CONTROLLED,"land inside the Portuguese safe interior (v2+v3); 17.77 of 17.77 km2 of the hex's canonical land, largest unioned share",UNRESOLVED,,promo_7c95358cf0a4,34.61,rev_fc81d9052413,Portugal safe interior v3 from the 1751 Vaugondy sheets; positional uncertainty 12.33 km replaces 34.61 km,REVISED,promo_b68466ea22a9,12.33
TERRESTRIAL_HEX,h6000_q-000625_r+000964,sp_fef06587fead,CONTROLLED,"land inside the Portuguese safe interior (v3); 17.75 of 17.75 km2 of the hex's canonical land, largest unioned share",UNRESOLVED,,promo_7c95358cf0a4,34.61,rev_c41278371ab4,Portugal safe interior v3 from the 1751 Vaugondy sheets; positional uncertainty 12.33 km replaces 34.61 km,REVISED,promo_b68466ea22a9,12.33
TERRESTRIAL_HEX,h6000_q-000625_r+000965,sp_fef06587fead,CONTROLLED,"land inside the Portuguese safe interior (v3); 17.73 of 17.73 km2 of the hex's canonical land, largest unioned share",UNRESOLVED,,promo_7c95358cf0a4,34.61,rev_f68116396edf,Portugal safe interior v3 from the 1751 Vaugondy sheets; positional uncertainty 12.33 km replaces 34.61 km,REVISED,promo_b68466ea22a9,12.33
TERRESTRIAL_HEX,h6000_q-000625_r+000966,sp_fef06587fead,CONTROLLED,"land inside the Portuguese safe interior (v3); 17.72 of 17.72 km2 of the hex's canonical land, largest unioned share",UNRESOLVED,,promo_7c95358cf0a4,34.61,rev_de640ab27abc,Portugal safe interior v3 from the 1751 Vaugondy sheets; positional uncertainty 12.33 km replaces 34.61 km,REVISED,promo_b68466ea22a9,12.33
TERRESTRIAL_HEX,h6000_q-000625_r+000967,sp_fef06587fead,CONTROLLED,"land inside the Portuguese safe interior (v3); 17.70 of 17.70 km2 of the hex's canonical land, largest unioned share",UNRESOLVED,,promo_7c95358cf0a4,34.61,rev_fbc9e4e15235,Portugal safe interior v3 from the 1751 Vaugondy sheets; positional uncertainty 12.33 km replaces 34.61 km,REVISED,promo_b68466ea22a9,12.33
TERRESTRIAL_HEX,h6000_q-000625_r+000968,sp_fef06587fead,CONTROLLED,"land inside the Portuguese safe interior (v3); 17.68 of 17.68 km2 of the hex's canonical land, largest unioned share",UNRESOLVED,,promo_c1d69cca569e,34.61,rev_741a39d45744,Portugal safe interior v3 from the 1751 Vaugondy sheets; positional uncertainty 12.33 km replaces 34.61 km,REVISED,promo_b68466ea22a9,12.33
TERRESTRIAL_HEX,h6000_q-000625_r+000969,sp_fef06587fead,CONTROLLED,"land inside the Portuguese safe interior (v3); 17.66 of 17.66 km2 of the hex's canonical land, largest unioned share",UNRESOLVED,,promo_c1d69cca569e,34.61,rev_8a1b6bc7f882,Portugal safe interior v3 from the 1751 Vaugondy sheets; positional uncertainty 12.33 km replaces 34.61 km,REVISED,promo_b68466ea22a9,12.33
TERRESTRIAL_HEX,h6000_q-000625_r+000970,sp_fef06587fead,CONTROLLED,"land inside the Portuguese safe interior (v2+v3); 17.64 of 17.64 km2 of the hex's canonical land, largest unioned share",UNRESOLVED,,promo_c1d69cca569e,34.61,rev_b5084d317b88,Portugal safe interior v3 from the 1751 Vaugondy sheets; positional uncertainty 12.33 km replaces 34.61 km,REVISED,promo_b68466ea22a9,12.33
TERRESTRIAL_HEX,h6000_q-000625_r+000971,sp_fef06587fead,CONTROLLED,"land inside the Portuguese safe interior (v2+v3); 17.62 of 17.62 km2 of the hex's canonical land, largest unioned share",UNRESOLVED,,promo_c1d69cca569e,34.61,rev_486520f187be,Portugal safe interior v3 from the 1751 Vaugondy sheets; positional uncertainty 12.33 km replaces 34.61 km,REVISED,promo_b68466ea22a9,12.33
TERRESTRIAL_HEX,h6000_q-000625_r+000972,sp_fef06587fead,CONTROLLED,"land inside the Portuguese safe interior (v2+v3); 17.60 of 17.60 km2 of the hex's canonical land, largest unioned share",UNRESOLVED,,promo_c1d69cca569e,34.61,rev_f61183d3f604,Portugal safe interior v3 from the 1751 Vaugondy sheets; positional uncertainty 12.33 km replaces 34.61 km,REVISED,promo_b68466ea22a9,12.33
TERRESTRIAL_HEX,h6000_q-000625_r+000975,sp_fef06587fead,CONTROLLED,"land inside the Portuguese safe interior (v2+v3); 17.55 of 17.55 km2 of the hex's canonical land, largest unioned share",UNRESOLVED,,promo_c1d69cca569e,34.61,rev_b739e2c4c4bd,Portugal safe interior v3 from the 1751 Vaugondy sheets; positional uncertainty 12.33 km replaces 34.61 km,REVISED,promo_b68466ea22a9,12.33
TERRESTRIAL_HEX,h6000_q-000625_r+000976,sp_fef06587fead,CONTROLLED,"land inside the Portuguese safe interior (v3); 17.53 of 17.53 km2 of the hex's canonical land, largest unioned share",UNRESOLVED,,promo_c1d69cca569e,34.61,rev_903ab99270a8,Portugal safe interior v3 from the 1751 Vaugondy sheets; positional uncertainty 12.33 km replaces 34.61 km,REVISED,promo_b68466ea22a9,12.33
TERRESTRIAL_HEX,h6000_q-000625_r+000977,sp_fef06587fead,CONTROLLED,"land inside the Portuguese safe interior (v3); 17.51 of 17.51 km2 of the hex's canonical land, largest unioned share",UNRESOLVED,,promo_c1d69cca569e,34.61,rev_76bfb1e51a3d,Portugal safe interior v3 from the 1751 Vaugondy sheets; positional uncertainty 12.33 km replaces 34.61 km,REVISED,promo_b68466ea22a9,12.33
TERRESTRIAL_HEX,h6000_q-000625_r+000978,sp_fef06587fead,CONTROLLED,"land inside the Portuguese safe interior (v3); 17.49 of 17.49 km2 of the hex's canonical land, largest unioned share",UNRESOLVED,,promo_c1d69cca569e,34.61,rev_13dc81dfb9e4,Portugal safe interior v3 from the 1751 Vaugondy sheets; positional uncertainty 12.33 km replaces 34.61 km,REVISED,promo_b68466ea22a9,12.33
TERRESTRIAL_HEX,h6000_q-000625_r+000979,sp_fef06587fead,CONTROLLED,"land inside the Portuguese safe interior (v3); 17.47 of 17.47 km2 of the hex's canonical land, largest unioned share",UNRESOLVED,,promo_7c95358cf0a4,34.61,rev_44de977f7293,Portugal safe interior v3 from the 1751 Vaugondy sheets; positional uncertainty 12.33 km replaces 34.61 km,REVISED,promo_b68466ea22a9,12.33
TERRESTRIAL_HEX,h6000_q-000625_r+000980,sp_fef06587fead,CONTROLLED,"land inside the Portuguese safe interior (v3); 17.45 of 17.45 km2 of the hex's canonical land, largest unioned share",UNRESOLVED,,promo_7c95358cf0a4,34.61,rev_e7d29fb7d04a,Portugal safe interior v3 from the 1751 Vaugondy sheets; positional uncertainty 12.33 km replaces 34.61 km,REVISED,promo_b68466ea22a9,12.33
TERRESTRIAL_HEX,h6000_q-000625_r+000981,sp_fef06587fead,CONTROLLED,"land inside the Portuguese safe interior (v3); 17.43 of 17.43 km2 of the hex's canonical land, largest unioned share",UNRESOLVED,,promo_7c95358cf0a4,34.61,rev_4aa13b3612e1,Portugal safe interior v3 from the 1751 Vaugondy sheets; positional uncertainty 12.33 km replaces 34.61 km,REVISED,promo_b68466ea22a9,12.33
TERRESTRIAL_HEX,h6000_q-000625_r+000986,sp_fef06587fead,CONTROLLED,"land inside the Portuguese safe interior (v3); 3.52 of 17.34 km2 of the hex's canonical land, largest unioned share",UNRESOLVED,,promo_7c95358cf0a4,34.61,rev_08e1ec488bcb,Portugal safe interior v3 from the 1751 Vaugondy sheets; positional uncertainty 12.33 km replaces 34.61 km,REVISED,promo_b68466ea22a9,12.33
TERRESTRIAL_HEX,h6000_q-000626_r+000946,sp_fef06587fead,CONTROLLED,"land inside the Portuguese safe interior (v3); 18.09 of 18.09 km2 of the hex's canonical land, largest unioned share",UNRESOLVED,,promo_7c95358cf0a4,34.61,rev_571c67c38289,Portugal safe interior v3 from the 1751 Vaugondy sheets; positional uncertainty 12.33 km replaces 34.61 km,REVISED,promo_b68466ea22a9,12.33
TERRESTRIAL_HEX,h6000_q-000626_r+000947,sp_fef06587fead,CONTROLLED,"land inside the Portuguese safe interior (v3); 18.07 of 18.07 km2 of the hex's canonical land, largest unioned share",UNRESOLVED,,promo_7c95358cf0a4,34.61,rev_f178380d19a2,Portugal safe interior v3 from the 1751 Vaugondy sheets; positional uncertainty 12.33 km replaces 34.61 km,REVISED,promo_b68466ea22a9,12.33
TERRESTRIAL_HEX,h6000_q-000626_r+000948,sp_fef06587fead,CONTROLLED,"land inside the Portuguese safe interior (v3); 18.05 of 18.05 km2 of the hex's canonical land, largest unioned share",UNRESOLVED,,promo_7c95358cf0a4,34.61,rev_5b19eafd5fa0,Portugal safe interior v3 from the 1751 Vaugondy sheets; positional uncertainty 12.33 km replaces 34.61 km,REVISED,promo_b68466ea22a9,12.33
TERRESTRIAL_HEX,h6000_q-000626_r+000949,sp_fef06587fead,CONTROLLED,"land inside the Portuguese safe interior (v3); 18.04 of 18.04 km2 of the hex's canonical land, largest unioned share",UNRESOLVED,,promo_7c95358cf0a4,34.61,rev_1bc55fb85e55,Portugal safe interior v3 from the 1751 Vaugondy sheets; positional uncertainty 12.33 km replaces 34.61 km,REVISED,promo_b68466ea22a9,12.33
TERRESTRIAL_HEX,h6000_q-000626_r+000950,sp_fef06587fead,CONTROLLED,"land inside the Portuguese safe interior (v3); 18.02 of 18.02 km2 of the hex's canonical land, largest unioned share",UNRESOLVED,,promo_7c95358cf0a4,34.61,rev_9b3fdff78491,Portugal safe interior v3 from the 1751 Vaugondy sheets; positional uncertainty 12.33 km replaces 34.61 km,REVISED,promo_b68466ea22a9,12.33
TERRESTRIAL_HEX,h6000_q-000626_r+000951,sp_fef06587fead,CONTROLLED,"land inside the Portuguese safe interior (v3); 18.00 of 18.00 km2 of the hex's canonical land, largest unioned share",UNRESOLVED,,promo_7c95358cf0a4,34.61,rev_992fa2b13823,Portugal safe interior v3 from the 1751 Vaugondy sheets; positional uncertainty 12.33 km replaces 34.61 km,REVISED,promo_b68466ea22a9,12.33
TERRESTRIAL_HEX,h6000_q-000626_r+000952,sp_fef06587fead,CONTROLLED,"land inside the Portuguese safe interior (v3); 17.98 of 17.98 km2 of the hex's canonical land, largest unioned share",UNRESOLVED,,promo_7c95358cf0a4,34.61,rev_2fbdcd397cd1,Portugal safe interior v3 from the 1751 Vaugondy sheets; positional uncertainty 12.33 km replaces 34.61 km,REVISED,promo_b68466ea22a9,12.33
TERRESTRIAL_HEX,h6000_q-000626_r+000953,sp_fef06587fead,CONTROLLED,"land inside the Portuguese safe interior (v3); 17.96 of 17.96 km2 of the hex's canonical land, largest unioned share",UNRESOLVED,,promo_7c95358cf0a4,34.61,rev_e2234d25b21d,Portugal safe interior v3 from the 1751 Vaugondy sheets; positional uncertainty 12.33 km replaces 34.61 km,REVISED,promo_b68466ea22a9,12.33
TERRESTRIAL_HEX,h6000_q-000626_r+000954,sp_fef06587fead,CONTROLLED,"land inside the Portuguese safe interior (v2+v3); 17.94 of 17.94 km2 of the hex's canonical land, largest unioned share",UNRESOLVED,,promo_7c95358cf0a4,34.61,rev_886933a6dd03,Portugal safe interior v3 from the 1751 Vaugondy sheets; positional uncertainty 12.33 km replaces 34.61 km,REVISED,promo_b68466ea22a9,12.33
TERRESTRIAL_HEX,h6000_q-000626_r+000955,sp_fef06587fead,CONTROLLED,"land inside the Portuguese safe interior (v2+v3); 17.92 of 17.92 km2 of the hex's canonical land, largest unioned share",UNRESOLVED,,promo_7c95358cf0a4,34.61,rev_82f4e2db97ca,Portugal safe interior v3 from the 1751 Vaugondy sheets; positional uncertainty 12.33 km replaces 34.61 km,REVISED,promo_b68466ea22a9,12.33
TERRESTRIAL_HEX,h6000_q-000626_r+000962,sp_fef06587fead,CONTROLLED,"land inside the Portuguese safe interior (v2+v3); 17.79 of 17.79 km2 of the hex's canonical land, largest unioned share",UNRESOLVED,,promo_7c95358cf0a4,34.61,rev_c15f7d0d1561,Portugal safe interior v3 from the 1751 Vaugondy sheets; positional uncertainty 12.33 km replaces 34.61 km,REVISED,promo_b68466ea22a9,12.33
TERRESTRIAL_HEX,h6000_q-000626_r+000963,sp_fef06587fead,CONTROLLED,"land inside the Portuguese safe interior (v3); 17.77 of 17.77 km2 of the hex's canonical land, largest unioned share",UNRESOLVED,,promo_7c95358cf0a4,34.61,rev_fcbea9e7f272,Portugal safe interior v3 from the 1751 Vaugondy sheets; positional uncertainty 12.33 km replaces 34.61 km,REVISED,promo_b68466ea22a9,12.33
TERRESTRIAL_HEX,h6000_q-000626_r+000964,sp_fef06587fead,CONTROLLED,"land inside the Portuguese safe interior (v3); 17.75 of 17.75 km2 of the hex's canonical land, largest unioned share",UNRESOLVED,,promo_7c95358cf0a4,34.61,rev_70e29f5d1a98,Portugal safe interior v3 from the 1751 Vaugondy sheets; positional uncertainty 12.33 km replaces 34.61 km,REVISED,promo_b68466ea22a9,12.33
TERRESTRIAL_HEX,h6000_q-000626_r+000965,sp_fef06587fead,CONTROLLED,"land inside the Portuguese safe interior (v3); 17.73 of 17.73 km2 of the hex's canonical land, largest unioned share",UNRESOLVED,,promo_7c95358cf0a4,34.61,rev_e548f7faf96a,Portugal safe interior v3 from the 1751 Vaugondy sheets; positional uncertainty 12.33 km replaces 34.61 km,REVISED,promo_b68466ea22a9,12.33
TERRESTRIAL_HEX,h6000_q-000626_r+000966,sp_fef06587fead,CONTROLLED,"land inside the Portuguese safe interior (v3); 17.72 of 17.72 km2 of the hex's canonical land, largest unioned share",UNRESOLVED,,promo_c1d69cca569e,34.61,rev_100bbbc25b82,Portugal safe interior v3 from the 1751 Vaugondy sheets; positional uncertainty 12.33 km replaces 34.61 km,REVISED,promo_b68466ea22a9,12.33
TERRESTRIAL_HEX,h6000_q-000626_r+000967,sp_fef06587fead,CONTROLLED,"land inside the Portuguese safe interior (v3); 17.70 of 17.70 km2 of the hex's canonical land, largest unioned share",UNRESOLVED,,promo_c1d69cca569e,34.61,rev_32a5c0707688,Portugal safe interior v3 from the 1751 Vaugondy sheets; positional uncertainty 12.33 km replaces 34.61 km,REVISED,promo_b68466ea22a9,12.33
TERRESTRIAL_HEX,h6000_q-000626_r+000968,sp_fef06587fead,CONTROLLED,"land inside the Portuguese safe interior (v3); 17.68 of 17.68 km2 of the hex's canonical land, largest unioned share",UNRESOLVED,,promo_c1d69cca569e,34.61,rev_830e7b9ea1e1,Portugal safe interior v3 from the 1751 Vaugondy sheets; positional uncertainty 12.33 km replaces 34.61 km,REVISED,promo_b68466ea22a9,12.33
TERRESTRIAL_HEX,h6000_q-000626_r+000969,sp_fef06587fead,CONTROLLED,"land inside the Portuguese safe interior (v3); 17.66 of 17.66 km2 of the hex's canonical land, largest unioned share",UNRESOLVED,,promo_c1d69cca569e,34.61,rev_862a126b9948,Portugal safe interior v3 from the 1751 Vaugondy sheets; positional uncertainty 12.33 km replaces 34.61 km,REVISED,promo_b68466ea22a9,12.33
TERRESTRIAL_HEX,h6000_q-000626_r+000970,sp_fef06587fead,CONTROLLED,"land inside the Portuguese safe interior (v3); 17.64 of 17.64 km2 of the hex's canonical land, largest unioned share",UNRESOLVED,,promo_c1d69cca569e,34.61,rev_262474a6022c,Portugal safe interior v3 from the 1751 Vaugondy sheets; positional uncertainty 12.33 km replaces 34.61 km,REVISED,promo_b68466ea22a9,12.33
TERRESTRIAL_HEX,h6000_q-000626_r+000971,sp_fef06587fead,CONTROLLED,"land inside the Portuguese safe interior (v3); 17.62 of 17.62 km2 of the hex's canonical land, largest unioned share",UNRESOLVED,,promo_c1d69cca569e,34.61,rev_cf80c2d60bf8,Portugal safe interior v3 from the 1751 Vaugondy sheets; positional uncertainty 12.33 km replaces 34.61 km,REVISED,promo_b68466ea22a9,12.33
TERRESTRIAL_HEX,h6000_q-000626_r+000972,sp_fef06587fead,CONTROLLED,"land inside the Portuguese safe interior (v3); 17.60 of 17.60 km2 of the hex's canonical land, largest unioned share",UNRESOLVED,,promo_c1d69cca569e,34.61,rev_88d8bcba176c,Portugal safe interior v3 from the 1751 Vaugondy sheets; positional uncertainty 12.33 km replaces 34.61 km,REVISED,promo_b68466ea22a9,12.33
TERRESTRIAL_HEX,h6000_q-000626_r+000973,sp_fef06587fead,CONTROLLED,"land inside the Portuguese safe interior (v2+v3); 17.58 of 17.58 km2 of the hex's canonical land, largest unioned share",UNRESOLVED,,promo_c1d69cca569e,34.61,rev_226e59b898c6,Portugal safe interior v3 from the 1751 Vaugondy sheets; positional uncertainty 12.33 km replaces 34.61 km,REVISED,promo_b68466ea22a9,12.33
TERRESTRIAL_HEX,h6000_q-000626_r+000974,sp_fef06587fead,CONTROLLED,"land inside the Portuguese safe interior (v2+v3); 17.57 of 17.57 km2 of the hex's canonical land, largest unioned share",UNRESOLVED,,promo_c1d69cca569e,34.61,rev_054db34b8f64,Portugal safe interior v3 from the 1751 Vaugondy sheets; positional uncertainty 12.33 km replaces 34.61 km,REVISED,promo_b68466ea22a9,12.33
TERRESTRIAL_HEX,h6000_q-000626_r+000975,sp_fef06587fead,CONTROLLED,"land inside the Portuguese safe interior (v2+v3); 17.55 of 17.55 km2 of the hex's canonical land, largest unioned share",UNRESOLVED,,promo_c1d69cca569e,34.61,rev_d01854222e1d,Portugal safe interior v3 from the 1751 Vaugondy sheets; positional uncertainty 12.33 km replaces 34.61 km,REVISED,promo_b68466ea22a9,12.33
TERRESTRIAL_HEX,h6000_q-000626_r+000976,sp_fef06587fead,CONTROLLED,"land inside the Portuguese safe interior (v3); 17.53 of 17.53 km2 of the hex's canonical land, largest unioned share",UNRESOLVED,,promo_c1d69cca569e,34.61,rev_358c32f29bdc,Portugal safe interior v3 from the 1751 Vaugondy sheets; positional uncertainty 12.33 km replaces 34.61 km,REVISED,promo_b68466ea22a9,12.33
TERRESTRIAL_HEX,h6000_q-000626_r+000977,sp_fef06587fead,CONTROLLED,"land inside the Portuguese safe interior (v3); 17.51 of 17.51 km2 of the hex's canonical land, largest unioned share",UNRESOLVED,,promo_c1d69cca569e,34.61,rev_be6dbdaf9401,Portugal safe interior v3 from the 1751 Vaugondy sheets; positional uncertainty 12.33 km replaces 34.61 km,REVISED,promo_b68466ea22a9,12.33
TERRESTRIAL_HEX,h6000_q-000626_r+000978,sp_fef06587fead,CONTROLLED,"land inside the Portuguese safe interior (v3); 17.49 of 17.49 km2 of the hex's canonical land, largest unioned share",UNRESOLVED,,promo_c1d69cca569e,34.61,rev_f132026b92dc,Portugal safe interior v3 from the 1751 Vaugondy sheets; positional uncertainty 12.33 km replaces 34.61 km,REVISED,promo_b68466ea22a9,12.33
TERRESTRIAL_HEX,h6000_q-000626_r+000979,sp_fef06587fead,CONTROLLED,"land inside the Portuguese safe interior (v3); 17.47 of 17.47 km2 of the hex's canonical land, largest unioned share",UNRESOLVED,,promo_7c95358cf0a4,34.61,rev_26be593bd654,Portugal safe interior v3 from the 1751 Vaugondy sheets; positional uncertainty 12.33 km replaces 34.61 km,REVISED,promo_b68466ea22a9,12.33
TERRESTRIAL_HEX,h6000_q-000626_r+000980,sp_fef06587fead,CONTROLLED,"land inside the Portuguese safe interior (v3); 17.45 of 17.45 km2 of the hex's canonical land, largest unioned share",UNRESOLVED,,promo_7c95358cf0a4,34.61,rev_6a17a9673336,Portugal safe interior v3 from the 1751 Vaugondy sheets; positional uncertainty 12.33 km replaces 34.61 km,REVISED,promo_b68466ea22a9,12.33
TERRESTRIAL_HEX,h6000_q-000626_r+000981,sp_fef06587fead,CONTROLLED,"land inside the Portuguese safe interior (v3); 17.43 of 17.43 km2 of the hex's canonical land, largest unioned share",UNRESOLVED,,promo_7c95358cf0a4,34.61,rev_12c08ca20998,Portugal safe interior v3 from the 1751 Vaugondy sheets; positional uncertainty 12.33 km replaces 34.61 km,REVISED,promo_b68466ea22a9,12.33
TERRESTRIAL_HEX,h6000_q-000626_r+000982,sp_fef06587fead,CONTROLLED,"land inside the Portuguese safe interior (v3); 17.42 of 17.42 km2 of the hex's canonical land, largest unioned share",UNRESOLVED,,promo_7c95358cf0a4,34.61,rev_4e5f8985cd24,Portugal safe interior v3 from the 1751 Vaugondy sheets; positional uncertainty 12.33 km replaces 34.61 km,REVISED,promo_b68466ea22a9,12.33
TERRESTRIAL_HEX,h6000_q-000626_r+000986,sp_fef06587fead,CONTROLLED,"land inside the Portuguese safe interior (v3); 4.41 of 17.34 km2 of the hex's canonical land, largest unioned share",UNRESOLVED,,promo_7c95358cf0a4,34.61,rev_dd0fdd149458,Portugal safe interior v3 from the 1751 Vaugondy sheets; positional uncertainty 12.33 km replaces 34.61 km,REVISED,promo_b68466ea22a9,12.33
TERRESTRIAL_HEX,h6000_q-000627_r+000948,sp_fef06587fead,CONTROLLED,"land inside the Portuguese safe interior (v3); 18.05 of 18.05 km2 of the hex's canonical land, largest unioned share",UNRESOLVED,,promo_7c95358cf0a4,34.61,rev_cb7c09ef4910,Portugal safe interior v3 from the 1751 Vaugondy sheets; positional uncertainty 12.33 km replaces 34.61 km,REVISED,promo_b68466ea22a9,12.33
TERRESTRIAL_HEX,h6000_q-000627_r+000949,sp_fef06587fead,CONTROLLED,"land inside the Portuguese safe interior (v3); 18.04 of 18.04 km2 of the hex's canonical land, largest unioned share",UNRESOLVED,,promo_7c95358cf0a4,34.61,rev_7ead2d7e141e,Portugal safe interior v3 from the 1751 Vaugondy sheets; positional uncertainty 12.33 km replaces 34.61 km,REVISED,promo_b68466ea22a9,12.33
TERRESTRIAL_HEX,h6000_q-000627_r+000950,sp_fef06587fead,CONTROLLED,"land inside the Portuguese safe interior (v3); 18.02 of 18.02 km2 of the hex's canonical land, largest unioned share",UNRESOLVED,,promo_7c95358cf0a4,34.61,rev_f559d0cb2941,Portugal safe interior v3 from the 1751 Vaugondy sheets; positional uncertainty 12.33 km replaces 34.61 km,REVISED,promo_b68466ea22a9,12.33
TERRESTRIAL_HEX,h6000_q-000627_r+000951,sp_fef06587fead,CONTROLLED,"land inside the Portuguese safe interior (v3); 18.00 of 18.00 km2 of the hex's canonical land, largest unioned share",UNRESOLVED,,promo_7c95358cf0a4,34.61,rev_827a30bd758b,Portugal safe interior v3 from the 1751 Vaugondy sheets; positional uncertainty 12.33 km replaces 34.61 km,REVISED,promo_b68466ea22a9,12.33
TERRESTRIAL_HEX,h6000_q-000627_r+000952,sp_fef06587fead,CONTROLLED,"land inside the Portuguese safe interior (v3); 17.98 of 17.98 km2 of the hex's canonical land, largest unioned share",UNRESOLVED,,promo_7c95358cf0a4,34.61,rev_2067defa013e,Portugal safe interior v3 from the 1751 Vaugondy sheets; positional uncertainty 12.33 km replaces 34.61 km,REVISED,promo_b68466ea22a9,12.33
TERRESTRIAL_HEX,h6000_q-000627_r+000953,sp_fef06587fead,CONTROLLED,"land inside the Portuguese safe interior (v3); 17.96 of 17.96 km2 of the hex's canonical land, largest unioned share",UNRESOLVED,,promo_7c95358cf0a4,34.61,rev_4d71a22cb8a1,Portugal safe interior v3 from the 1751 Vaugondy sheets; positional uncertainty 12.33 km replaces 34.61 km,REVISED,promo_b68466ea22a9,12.33
TERRESTRIAL_HEX,h6000_q-000627_r+000954,sp_fef06587fead,CONTROLLED,"land inside the Portuguese safe interior (v3); 17.94 of 17.94 km2 of the hex's canonical land, largest unioned share",UNRESOLVED,,promo_7c95358cf0a4,34.61,rev_010d9ff433f2,Portugal safe interior v3 from the 1751 Vaugondy sheets; positional uncertainty 12.33 km replaces 34.61 km,REVISED,promo_b68466ea22a9,12.33
TERRESTRIAL_HEX,h6000_q-000627_r+000955,sp_fef06587fead,CONTROLLED,"land inside the Portuguese safe interior (v2+v3); 17.92 of 17.92 km2 of the hex's canonical land, largest unioned share",UNRESOLVED,,promo_7c95358cf0a4,34.61,rev_f857195d3241,Portugal safe interior v3 from the 1751 Vaugondy sheets; positional uncertainty 12.33 km replaces 34.61 km,REVISED,promo_b68466ea22a9,12.33
TERRESTRIAL_HEX,h6000_q-000627_r+000956,sp_fef06587fead,CONTROLLED,"land inside the Portuguese safe interior (v2+v3); 17.90 of 17.90 km2 of the hex's canonical land, largest unioned share",UNRESOLVED,,promo_7c95358cf0a4,34.61,rev_1eba317dbe6a,Portugal safe interior v3 from the 1751 Vaugondy sheets; positional uncertainty 12.33 km replaces 34.61 km,REVISED,promo_b68466ea22a9,12.33
TERRESTRIAL_HEX,h6000_q-000627_r+000962,sp_fef06587fead,CONTROLLED,"land inside the Portuguese safe interior (v2+v3); 17.79 of 17.79 km2 of the hex's canonical land, largest unioned share",UNRESOLVED,,promo_7c95358cf0a4,34.61,rev_f0f6b36b703a,Portugal safe interior v3 from the 1751 Vaugondy sheets; positional uncertainty 12.33 km replaces 34.61 km,REVISED,promo_b68466ea22a9,12.33
TERRESTRIAL_HEX,h6000_q-000627_r+000963,sp_fef06587fead,CONTROLLED,"land inside the Portuguese safe interior (v3); 17.77 of 17.77 km2 of the hex's canonical land, largest unioned share",UNRESOLVED,,promo_7c95358cf0a4,34.61,rev_efa41959648c,Portugal safe interior v3 from the 1751 Vaugondy sheets; positional uncertainty 12.33 km replaces 34.61 km,REVISED,promo_b68466ea22a9,12.33
TERRESTRIAL_HEX,h6000_q-000627_r+000964,sp_fef06587fead,CONTROLLED,"land inside the Portuguese safe interior (v3); 17.75 of 17.75 km2 of the hex's canonical land, largest unioned share",UNRESOLVED,,promo_c1d69cca569e,34.61,rev_4670ecc216d4,Portugal safe interior v3 from the 1751 Vaugondy sheets; positional uncertainty 12.33 km replaces 34.61 km,REVISED,promo_b68466ea22a9,12.33
TERRESTRIAL_HEX,h6000_q-000627_r+000965,sp_fef06587fead,CONTROLLED,"land inside the Portuguese safe interior (v3); 17.73 of 17.73 km2 of the hex's canonical land, largest unioned share",UNRESOLVED,,promo_c1d69cca569e,34.61,rev_e345bbe19f5d,Portugal safe interior v3 from the 1751 Vaugondy sheets; positional uncertainty 12.33 km replaces 34.61 km,REVISED,promo_b68466ea22a9,12.33
TERRESTRIAL_HEX,h6000_q-000627_r+000966,sp_fef06587fead,CONTROLLED,"land inside the Portuguese safe interior (v3); 17.72 of 17.72 km2 of the hex's canonical land, largest unioned share",UNRESOLVED,,promo_c1d69cca569e,34.61,rev_b5a6c39e43b6,Portugal safe interior v3 from the 1751 Vaugondy sheets; positional uncertainty 12.33 km replaces 34.61 km,REVISED,promo_b68466ea22a9,12.33
TERRESTRIAL_HEX,h6000_q-000627_r+000967,sp_fef06587fead,CONTROLLED,"land inside the Portuguese safe interior (v3); 17.70 of 17.70 km2 of the hex's canonical land, largest unioned share",UNRESOLVED,,promo_c1d69cca569e,34.61,rev_ab3d09b7ce43,Portugal safe interior v3 from the 1751 Vaugondy sheets; positional uncertainty 12.33 km replaces 34.61 km,REVISED,promo_b68466ea22a9,12.33
TERRESTRIAL_HEX,h6000_q-000627_r+000968,sp_fef06587fead,CONTROLLED,"land inside the Portuguese safe interior (v3); 17.68 of 17.68 km2 of the hex's canonical land, largest unioned share",UNRESOLVED,,promo_c1d69cca569e,34.61,rev_5d3c11399172,Portugal safe interior v3 from the 1751 Vaugondy sheets; positional uncertainty 12.33 km replaces 34.61 km,REVISED,promo_b68466ea22a9,12.33
TERRESTRIAL_HEX,h6000_q-000627_r+000969,sp_fef06587fead,CONTROLLED,"land inside the Portuguese safe interior (v3); 17.66 of 17.66 km2 of the hex's canonical land, largest unioned share",UNRESOLVED,,promo_c1d69cca569e,34.61,rev_38673eff397f,Portugal safe interior v3 from the 1751 Vaugondy sheets; positional uncertainty 12.33 km replaces 34.61 km,REVISED,promo_b68466ea22a9,12.33
TERRESTRIAL_HEX,h6000_q-000627_r+000970,sp_fef06587fead,CONTROLLED,"land inside the Portuguese safe interior (v3); 17.64 of 17.64 km2 of the hex's canonical land, largest unioned share",UNRESOLVED,,promo_c1d69cca569e,34.61,rev_73ca9edee532,Portugal safe interior v3 from the 1751 Vaugondy sheets; positional uncertainty 12.33 km replaces 34.61 km,REVISED,promo_b68466ea22a9,12.33
TERRESTRIAL_HEX,h6000_q-000627_r+000971,sp_fef06587fead,CONTROLLED,"land inside the Portuguese safe interior (v3); 17.62 of 17.62 km2 of the hex's canonical land, largest unioned share",UNRESOLVED,,promo_c1d69cca569e,34.61,rev_5088f7c7896e,Portugal safe interior v3 from the 1751 Vaugondy sheets; positional uncertainty 12.33 km replaces 34.61 km,REVISED,promo_b68466ea22a9,12.33
TERRESTRIAL_HEX,h6000_q-000627_r+000972,sp_fef06587fead,CONTROLLED,"land inside the Portuguese safe interior (v3); 17.60 of 17.60 km2 of the hex's canonical land, largest unioned share",UNRESOLVED,,promo_c1d69cca569e,34.61,rev_632dc3d9bd35,Portugal safe interior v3 from the 1751 Vaugondy sheets; positional uncertainty 12.33 km replaces 34.61 km,REVISED,promo_b68466ea22a9,12.33
TERRESTRIAL_HEX,h6000_q-000627_r+000973,sp_fef06587fead,CONTROLLED,"land inside the Portuguese safe interior (v3); 17.58 of 17.58 km2 of the hex's canonical land, largest unioned share",UNRESOLVED,,promo_c1d69cca569e,34.61,rev_016ad4dfaedb,Portugal safe interior v3 from the 1751 Vaugondy sheets; positional uncertainty 12.33 km replaces 34.61 km,REVISED,promo_b68466ea22a9,12.33
TERRESTRIAL_HEX,h6000_q-000627_r+000974,sp_fef06587fead,CONTROLLED,"land inside the Portuguese safe interior (v3); 17.57 of 17.57 km2 of the hex's canonical land, largest unioned share",UNRESOLVED,,promo_c1d69cca569e,34.61,rev_e835eb4a565c,Portugal safe interior v3 from the 1751 Vaugondy sheets; positional uncertainty 12.33 km replaces 34.61 km,REVISED,promo_b68466ea22a9,12.33
TERRESTRIAL_HEX,h6000_q-000627_r+000975,sp_fef06587fead,CONTROLLED,"land inside the Portuguese safe interior (v3); 17.55 of 17.55 km2 of the hex's canonical land, largest unioned share",UNRESOLVED,,promo_c1d69cca569e,34.61,rev_0e6306582ef2,Portugal safe interior v3 from the 1751 Vaugondy sheets; positional uncertainty 12.33 km replaces 34.61 km,REVISED,promo_b68466ea22a9,12.33
TERRESTRIAL_HEX,h6000_q-000627_r+000976,sp_fef06587fead,CONTROLLED,"land inside the Portuguese safe interior (v3); 17.53 of 17.53 km2 of the hex's canonical land, largest unioned share",UNRESOLVED,,promo_c1d69cca569e,34.61,rev_3aadde5448af,Portugal safe interior v3 from the 1751 Vaugondy sheets; positional uncertainty 12.33 km replaces 34.61 km,REVISED,promo_b68466ea22a9,12.33
TERRESTRIAL_HEX,h6000_q-000627_r+000977,sp_fef06587fead,CONTROLLED,"land inside the Portuguese safe interior (v3); 17.51 of 17.51 km2 of the hex's canonical land, largest unioned share",UNRESOLVED,,promo_c1d69cca569e,34.61,rev_9c14599c5da3,Portugal safe interior v3 from the 1751 Vaugondy sheets; positional uncertainty 12.33 km replaces 34.61 km,REVISED,promo_b68466ea22a9,12.33
TERRESTRIAL_HEX,h6000_q-000627_r+000978,sp_fef06587fead,CONTROLLED,"land inside the Portuguese safe interior (v3); 17.49 of 17.49 km2 of the hex's canonical land, largest unioned share",UNRESOLVED,,promo_c1d69cca569e,34.61,rev_91c12e09f7fe,Portugal safe interior v3 from the 1751 Vaugondy sheets; positional uncertainty 12.33 km replaces 34.61 km,REVISED,promo_b68466ea22a9,12.33
TERRESTRIAL_HEX,h6000_q-000627_r+000979,sp_fef06587fead,CONTROLLED,"land inside the Portuguese safe interior (v3); 17.47 of 17.47 km2 of the hex's canonical land, largest unioned share",UNRESOLVED,,promo_7c95358cf0a4,34.61,rev_7cbd0350c699,Portugal safe interior v3 from the 1751 Vaugondy sheets; positional uncertainty 12.33 km replaces 34.61 km,REVISED,promo_b68466ea22a9,12.33
TERRESTRIAL_HEX,h6000_q-000627_r+000980,sp_fef06587fead,CONTROLLED,"land inside the Portuguese safe interior (v3); 17.45 of 17.45 km2 of the hex's canonical land, largest unioned share",UNRESOLVED,,promo_7c95358cf0a4,34.61,rev_0dbf2c6219a7,Portugal safe interior v3 from the 1751 Vaugondy sheets; positional uncertainty 12.33 km replaces 34.61 km,REVISED,promo_b68466ea22a9,12.33
TERRESTRIAL_HEX,h6000_q-000627_r+000981,sp_fef06587fead,CONTROLLED,"land inside the Portuguese safe interior (v3); 17.43 of 17.43 km2 of the hex's canonical land, largest unioned share",UNRESOLVED,,promo_7c95358cf0a4,34.61,rev_d72b77f2c7a8,Portugal safe interior v3 from the 1751 Vaugondy sheets; positional uncertainty 12.33 km replaces 34.61 km,REVISED,promo_b68466ea22a9,12.33
TERRESTRIAL_HEX,h6000_q-000627_r+000982,sp_fef06587fead,CONTROLLED,"land inside the Portuguese safe interior (v3); 17.42 of 17.42 km2 of the hex's canonical land, largest unioned share",UNRESOLVED,,promo_7c95358cf0a4,34.61,rev_a8b32f034fa0,Portugal safe interior v3 from the 1751 Vaugondy sheets; positional uncertainty 12.33 km replaces 34.61 km,REVISED,promo_b68466ea22a9,12.33
TERRESTRIAL_HEX,h6000_q-000627_r+000986,sp_fef06587fead,CONTROLLED,"land inside the Portuguese safe interior (v3); 2.71 of 17.34 km2 of the hex's canonical land, largest unioned share",UNRESOLVED,,promo_7c95358cf0a4,34.61,rev_e93ebc7ab83f,Portugal safe interior v3 from the 1751 Vaugondy sheets; positional uncertainty 12.33 km replaces 34.61 km,REVISED,promo_b68466ea22a9,12.33
TERRESTRIAL_HEX,h6000_q-000628_r+000949,sp_fef06587fead,CONTROLLED,"land inside the Portuguese safe interior (v3); 18.04 of 18.04 km2 of the hex's canonical land, largest unioned share",UNRESOLVED,,promo_7c95358cf0a4,34.61,rev_9d912e56c611,Portugal safe interior v3 from the 1751 Vaugondy sheets; positional uncertainty 12.33 km replaces 34.61 km,REVISED,promo_b68466ea22a9,12.33
TERRESTRIAL_HEX,h6000_q-000628_r+000950,sp_fef06587fead,CONTROLLED,"land inside the Portuguese safe interior (v3); 18.02 of 18.02 km2 of the hex's canonical land, largest unioned share",UNRESOLVED,,promo_7c95358cf0a4,34.61,rev_9602d722d2d0,Portugal safe interior v3 from the 1751 Vaugondy sheets; positional uncertainty 12.33 km replaces 34.61 km,REVISED,promo_b68466ea22a9,12.33
TERRESTRIAL_HEX,h6000_q-000628_r+000951,sp_fef06587fead,CONTROLLED,"land inside the Portuguese safe interior (v3); 18.00 of 18.00 km2 of the hex's canonical land, largest unioned share",UNRESOLVED,,promo_7c95358cf0a4,34.61,rev_2694a1d85f36,Portugal safe interior v3 from the 1751 Vaugondy sheets; positional uncertainty 12.33 km replaces 34.61 km,REVISED,promo_b68466ea22a9,12.33
TERRESTRIAL_HEX,h6000_q-000628_r+000952,sp_fef06587fead,CONTROLLED,"land inside the Portuguese safe interior (v3); 17.98 of 17.98 km2 of the hex's canonical land, largest unioned share",UNRESOLVED,,promo_7c95358cf0a4,34.61,rev_057f8537980c,Portugal safe interior v3 from the 1751 Vaugondy sheets; positional uncertainty 12.33 km replaces 34.61 km,REVISED,promo_b68466ea22a9,12.33
TERRESTRIAL_HEX,h6000_q-000628_r+000953,sp_fef06587fead,CONTROLLED,"land inside the Portuguese safe interior (v3); 17.96 of 17.96 km2 of the hex's canonical land, largest unioned share",UNRESOLVED,,promo_7c95358cf0a4,34.61,rev_28c82274cbee,Portugal safe interior v3 from the 1751 Vaugondy sheets; positional uncertainty 12.33 km replaces 34.61 km,REVISED,promo_b68466ea22a9,12.33
TERRESTRIAL_HEX,h6000_q-000628_r+000954,sp_fef06587fead,CONTROLLED,"land inside the Portuguese safe interior (v3); 17.94 of 17.94 km2 of the hex's canonical land, largest unioned share",UNRESOLVED,,promo_7c95358cf0a4,34.61,rev_4a1c2d6ba530,Portugal safe interior v3 from the 1751 Vaugondy sheets; positional uncertainty 12.33 km replaces 34.61 km,REVISED,promo_b68466ea22a9,12.33
TERRESTRIAL_HEX,h6000_q-000628_r+000955,sp_fef06587fead,CONTROLLED,"land inside the Portuguese safe interior (v3); 17.92 of 17.92 km2 of the hex's canonical land, largest unioned share",UNRESOLVED,,promo_7c95358cf0a4,34.61,rev_d6aee51dba8f,Portugal safe interior v3 from the 1751 Vaugondy sheets; positional uncertainty 12.33 km replaces 34.61 km,REVISED,promo_b68466ea22a9,12.33
TERRESTRIAL_HEX,h6000_q-000628_r+000956,sp_fef06587fead,CONTROLLED,"land inside the Portuguese safe interior (v3); 17.90 of 17.90 km2 of the hex's canonical land, largest unioned share",UNRESOLVED,,promo_7c95358cf0a4,34.61,rev_e233abb22ff7,Portugal safe interior v3 from the 1751 Vaugondy sheets; positional uncertainty 12.33 km replaces 34.61 km,REVISED,promo_b68466ea22a9,12.33
TERRESTRIAL_HEX,h6000_q-000628_r+000957,sp_fef06587fead,CONTROLLED,"land inside the Portuguese safe interior (v2+v3); 17.88 of 17.88 km2 of the hex's canonical land, largest unioned share",UNRESOLVED,,promo_7c95358cf0a4,34.61,rev_8b90e77e3833,Portugal safe interior v3 from the 1751 Vaugondy sheets; positional uncertainty 12.33 km replaces 34.61 km,REVISED,promo_b68466ea22a9,12.33
TERRESTRIAL_HEX,h6000_q-000628_r+000958,sp_fef06587fead,CONTROLLED,"land inside the Portuguese safe interior (v2+v3); 17.87 of 17.87 km2 of the hex's canonical land, largest unioned share",UNRESOLVED,,promo_7c95358cf0a4,34.61,rev_46083f45fe2a,Portugal safe interior v3 from the 1751 Vaugondy sheets; positional uncertainty 12.33 km replaces 34.61 km,REVISED,promo_b68466ea22a9,12.33
TERRESTRIAL_HEX,h6000_q-000628_r+000962,sp_fef06587fead,CONTROLLED,"land inside the Portuguese safe interior (v2+v3); 17.79 of 17.79 km2 of the hex's canonical land, largest unioned share",UNRESOLVED,,promo_7c95358cf0a4,34.61,rev_05abdce7ff49,Portugal safe interior v3 from the 1751 Vaugondy sheets; positional uncertainty 12.33 km replaces 34.61 km,REVISED,promo_b68466ea22a9,12.33
TERRESTRIAL_HEX,h6000_q-000628_r+000963,sp_fef06587fead,CONTROLLED,"land inside the Portuguese safe interior (v3); 17.77 of 17.77 km2 of the hex's canonical land, largest unioned share",UNRESOLVED,,promo_7c95358cf0a4,34.61,rev_1da76240bc0e,Portugal safe interior v3 from the 1751 Vaugondy sheets; positional uncertainty 12.33 km replaces 34.61 km,REVISED,promo_b68466ea22a9,12.33
TERRESTRIAL_HEX,h6000_q-000628_r+000964,sp_fef06587fead,CONTROLLED,"land inside the Portuguese safe interior (v3); 17.75 of 17.75 km2 of the hex's canonical land, largest unioned share",UNRESOLVED,,promo_c1d69cca569e,34.61,rev_4ca60c0a58b3,Portugal safe interior v3 from the 1751 Vaugondy sheets; positional uncertainty 12.33 km replaces 34.61 km,REVISED,promo_b68466ea22a9,12.33
TERRESTRIAL_HEX,h6000_q-000628_r+000965,sp_fef06587fead,CONTROLLED,"land inside the Portuguese safe interior (v3); 17.73 of 17.73 km2 of the hex's canonical land, largest unioned share",UNRESOLVED,,promo_c1d69cca569e,34.61,rev_ce9d3821308c,Portugal safe interior v3 from the 1751 Vaugondy sheets; positional uncertainty 12.33 km replaces 34.61 km,REVISED,promo_b68466ea22a9,12.33
TERRESTRIAL_HEX,h6000_q-000628_r+000966,sp_fef06587fead,CONTROLLED,"land inside the Portuguese safe interior (v3); 17.72 of 17.72 km2 of the hex's canonical land, largest unioned share",UNRESOLVED,,promo_c1d69cca569e,34.61,rev_e36b131a1e8d,Portugal safe interior v3 from the 1751 Vaugondy sheets; positional uncertainty 12.33 km replaces 34.61 km,REVISED,promo_b68466ea22a9,12.33
TERRESTRIAL_HEX,h6000_q-000628_r+000967,sp_fef06587fead,CONTROLLED,"land inside the Portuguese safe interior (v3); 17.70 of 17.70 km2 of the hex's canonical land, largest unioned share",UNRESOLVED,,promo_c1d69cca569e,34.61,rev_904069f54148,Portugal safe interior v3 from the 1751 Vaugondy sheets; positional uncertainty 12.33 km replaces 34.61 km,REVISED,promo_b68466ea22a9,12.33
TERRESTRIAL_HEX,h6000_q-000628_r+000968,sp_fef06587fead,CONTROLLED,"land inside the Portuguese safe interior (v3); 17.68 of 17.68 km2 of the hex's canonical land, largest unioned share",UNRESOLVED,,promo_c1d69cca569e,34.61,rev_488a4a230491,Portugal safe interior v3 from the 1751 Vaugondy sheets; positional uncertainty 12.33 km replaces 34.61 km,REVISED,promo_b68466ea22a9,12.33
TERRESTRIAL_HEX,h6000_q-000628_r+000969,sp_fef06587fead,CONTROLLED,"land inside the Portuguese safe interior (v3); 17.66 of 17.66 km2 of the hex's canonical land, largest unioned share",UNRESOLVED,,promo_c1d69cca569e,34.61,rev_12ad9b940201,Portugal safe interior v3 from the 1751 Vaugondy sheets; positional uncertainty 12.33 km replaces 34.61 km,REVISED,promo_b68466ea22a9,12.33
TERRESTRIAL_HEX,h6000_q-000628_r+000970,sp_fef06587fead,CONTROLLED,"land inside the Portuguese safe interior (v3); 17.64 of 17.64 km2 of the hex's canonical land, largest unioned share",UNRESOLVED,,promo_c1d69cca569e,34.61,rev_5c6e563575d5,Portugal safe interior v3 from the 1751 Vaugondy sheets; positional uncertainty 12.33 km replaces 34.61 km,REVISED,promo_b68466ea22a9,12.33
TERRESTRIAL_HEX,h6000_q-000628_r+000971,sp_fef06587fead,CONTROLLED,"land inside the Portuguese safe interior (v3); 17.62 of 17.62 km2 of the hex's canonical land, largest unioned share",UNRESOLVED,,promo_c1d69cca569e,34.61,rev_f53c428f8965,Portugal safe interior v3 from the 1751 Vaugondy sheets; positional uncertainty 12.33 km replaces 34.61 km,REVISED,promo_b68466ea22a9,12.33
TERRESTRIAL_HEX,h6000_q-000628_r+000972,sp_fef06587fead,CONTROLLED,"land inside the Portuguese safe interior (v3); 17.60 of 17.60 km2 of the hex's canonical land, largest unioned share",UNRESOLVED,,promo_c1d69cca569e,34.61,rev_b2b26df7e34d,Portugal safe interior v3 from the 1751 Vaugondy sheets; positional uncertainty 12.33 km replaces 34.61 km,REVISED,promo_b68466ea22a9,12.33
TERRESTRIAL_HEX,h6000_q-000628_r+000973,sp_fef06587fead,CONTROLLED,"land inside the Portuguese safe interior (v3); 17.58 of 17.58 km2 of the hex's canonical land, largest unioned share",UNRESOLVED,,promo_c1d69cca569e,34.61,rev_2538a9168587,Portugal safe interior v3 from the 1751 Vaugondy sheets; positional uncertainty 12.33 km replaces 34.61 km,REVISED,promo_b68466ea22a9,12.33
TERRESTRIAL_HEX,h6000_q-000628_r+000974,sp_fef06587fead,CONTROLLED,"land inside the Portuguese safe interior (v3); 17.57 of 17.57 km2 of the hex's canonical land, largest unioned share",UNRESOLVED,,promo_c1d69cca569e,34.61,rev_f8846e638a74,Portugal safe interior v3 from the 1751 Vaugondy sheets; positional uncertainty 12.33 km replaces 34.61 km,REVISED,promo_b68466ea22a9,12.33
TERRESTRIAL_HEX,h6000_q-000628_r+000975,sp_fef06587fead,CONTROLLED,"land inside the Portuguese safe interior (v3); 17.55 of 17.55 km2 of the hex's canonical land, largest unioned share",UNRESOLVED,,promo_7c95358cf0a4,34.61,rev_438f83909a0e,Portugal safe interior v3 from the 1751 Vaugondy sheets; positional uncertainty 12.33 km replaces 34.61 km,REVISED,promo_b68466ea22a9,12.33
TERRESTRIAL_HEX,h6000_q-000628_r+000976,sp_fef06587fead,CONTROLLED,"land inside the Portuguese safe interior (v3); 17.53 of 17.53 km2 of the hex's canonical land, largest unioned share",UNRESOLVED,,promo_7c95358cf0a4,34.61,rev_cdddc8296d4e,Portugal safe interior v3 from the 1751 Vaugondy sheets; positional uncertainty 12.33 km replaces 34.61 km,REVISED,promo_b68466ea22a9,12.33
TERRESTRIAL_HEX,h6000_q-000628_r+000977,sp_fef06587fead,CONTROLLED,"land inside the Portuguese safe interior (v3); 17.51 of 17.51 km2 of the hex's canonical land, largest unioned share",UNRESOLVED,,promo_c1d69cca569e,34.61,rev_31c6a1a3059a,Portugal safe interior v3 from the 1751 Vaugondy sheets; positional uncertainty 12.33 km replaces 34.61 km,REVISED,promo_b68466ea22a9,12.33
TERRESTRIAL_HEX,h6000_q-000628_r+000978,sp_fef06587fead,CONTROLLED,"land inside the Portuguese safe interior (v3); 17.49 of 17.49 km2 of the hex's canonical land, largest unioned share",UNRESOLVED,,promo_c1d69cca569e,34.61,rev_b3052c6842d1,Portugal safe interior v3 from the 1751 Vaugondy sheets; positional uncertainty 12.33 km replaces 34.61 km,REVISED,promo_b68466ea22a9,12.33
TERRESTRIAL_HEX,h6000_q-000628_r+000979,sp_fef06587fead,CONTROLLED,"land inside the Portuguese safe interior (v3); 17.47 of 17.47 km2 of the hex's canonical land, largest unioned share",UNRESOLVED,,promo_7c95358cf0a4,34.61,rev_02c2bb3c693f,Portugal safe interior v3 from the 1751 Vaugondy sheets; positional uncertainty 12.33 km replaces 34.61 km,REVISED,promo_b68466ea22a9,12.33
TERRESTRIAL_HEX,h6000_q-000628_r+000980,sp_fef06587fead,CONTROLLED,"land inside the Portuguese safe interior (v3); 17.45 of 17.45 km2 of the hex's canonical land, largest unioned share",UNRESOLVED,,promo_7c95358cf0a4,34.61,rev_22b1e71ec8b5,Portugal safe interior v3 from the 1751 Vaugondy sheets; positional uncertainty 12.33 km replaces 34.61 km,REVISED,promo_b68466ea22a9,12.33
TERRESTRIAL_HEX,h6000_q-000628_r+000981,sp_fef06587fead,CONTROLLED,"land inside the Portuguese safe interior (v3); 17.43 of 17.43 km2 of the hex's canonical land, largest unioned share",UNRESOLVED,,promo_7c95358cf0a4,34.61,rev_16b6083e13cf,Portugal safe interior v3 from the 1751 Vaugondy sheets; positional uncertainty 12.33 km replaces 34.61 km,REVISED,promo_b68466ea22a9,12.33
TERRESTRIAL_HEX,h6000_q-000628_r+000982,sp_fef06587fead,CONTROLLED,"land inside the Portuguese safe interior (v3); 17.42 of 17.42 km2 of the hex's canonical land, largest unioned share",UNRESOLVED,,promo_7c95358cf0a4,34.61,rev_cdffedacd5c9,Portugal safe interior v3 from the 1751 Vaugondy sheets; positional uncertainty 12.33 km replaces 34.61 km,REVISED,promo_b68466ea22a9,12.33
TERRESTRIAL_HEX,h6000_q-000628_r+000986,sp_fef06587fead,CONTROLLED,"land inside the Portuguese safe interior (v3); 3.05 of 17.34 km2 of the hex's canonical land, largest unioned share",UNRESOLVED,,promo_7c95358cf0a4,34.61,rev_4dbdc8dcf2f6,Portugal safe interior v3 from the 1751 Vaugondy sheets; positional uncertainty 12.33 km replaces 34.61 km,REVISED,promo_b68466ea22a9,12.33
TERRESTRIAL_HEX,h6000_q-000629_r+000951,sp_fef06587fead,CONTROLLED,"land inside the Portuguese safe interior (v3); 18.00 of 18.00 km2 of the hex's canonical land, largest unioned share",UNRESOLVED,,promo_7c95358cf0a4,34.61,rev_bfbe3ec8ac30,Portugal safe interior v3 from the 1751 Vaugondy sheets; positional uncertainty 12.33 km replaces 34.61 km,REVISED,promo_b68466ea22a9,12.33
TERRESTRIAL_HEX,h6000_q-000629_r+000952,sp_fef06587fead,CONTROLLED,"land inside the Portuguese safe interior (v3); 17.98 of 17.98 km2 of the hex's canonical land, largest unioned share",UNRESOLVED,,promo_7c95358cf0a4,34.61,rev_0596233d711f,Portugal safe interior v3 from the 1751 Vaugondy sheets; positional uncertainty 12.33 km replaces 34.61 km,REVISED,promo_b68466ea22a9,12.33
TERRESTRIAL_HEX,h6000_q-000629_r+000953,sp_fef06587fead,CONTROLLED,"land inside the Portuguese safe interior (v3); 17.96 of 17.96 km2 of the hex's canonical land, largest unioned share",UNRESOLVED,,promo_7c95358cf0a4,34.61,rev_8f8b8f0a7460,Portugal safe interior v3 from the 1751 Vaugondy sheets; positional uncertainty 12.33 km replaces 34.61 km,REVISED,promo_b68466ea22a9,12.33
TERRESTRIAL_HEX,h6000_q-000629_r+000954,sp_fef06587fead,CONTROLLED,"land inside the Portuguese safe interior (v3); 17.94 of 17.94 km2 of the hex's canonical land, largest unioned share",UNRESOLVED,,promo_7c95358cf0a4,34.61,rev_df088dd9c619,Portugal safe interior v3 from the 1751 Vaugondy sheets; positional uncertainty 12.33 km replaces 34.61 km,REVISED,promo_b68466ea22a9,12.33
TERRESTRIAL_HEX,h6000_q-000629_r+000955,sp_fef06587fead,CONTROLLED,"land inside the Portuguese safe interior (v3); 17.92 of 17.92 km2 of the hex's canonical land, largest unioned share",UNRESOLVED,,promo_7c95358cf0a4,34.61,rev_ad212d66a3f6,Portugal safe interior v3 from the 1751 Vaugondy sheets; positional uncertainty 12.33 km replaces 34.61 km,REVISED,promo_b68466ea22a9,12.33
TERRESTRIAL_HEX,h6000_q-000629_r+000956,sp_fef06587fead,CONTROLLED,"land inside the Portuguese safe interior (v3); 17.90 of 17.90 km2 of the hex's canonical land, largest unioned share",UNRESOLVED,,promo_7c95358cf0a4,34.61,rev_ec091446d106,Portugal safe interior v3 from the 1751 Vaugondy sheets; positional uncertainty 12.33 km replaces 34.61 km,REVISED,promo_b68466ea22a9,12.33
TERRESTRIAL_HEX,h6000_q-000629_r+000957,sp_fef06587fead,CONTROLLED,"land inside the Portuguese safe interior (v3); 17.88 of 17.88 km2 of the hex's canonical land, largest unioned share",UNRESOLVED,,promo_7c95358cf0a4,34.61,rev_af357fdea574,Portugal safe interior v3 from the 1751 Vaugondy sheets; positional uncertainty 12.33 km replaces 34.61 km,REVISED,promo_b68466ea22a9,12.33
TERRESTRIAL_HEX,h6000_q-000629_r+000958,sp_fef06587fead,CONTROLLED,"land inside the Portuguese safe interior (v3); 17.87 of 17.87 km2 of the hex's canonical land, largest unioned share",UNRESOLVED,,promo_7c95358cf0a4,34.61,rev_d0176c36bf6f,Portugal safe interior v3 from the 1751 Vaugondy sheets; positional uncertainty 12.33 km replaces 34.61 km,REVISED,promo_b68466ea22a9,12.33
TERRESTRIAL_HEX,h6000_q-000629_r+000959,sp_fef06587fead,CONTROLLED,"land inside the Portuguese safe interior (v2+v3); 17.85 of 17.85 km2 of the hex's canonical land, largest unioned share",UNRESOLVED,,promo_7c95358cf0a4,34.61,rev_1240c5fe35fe,Portugal safe interior v3 from the 1751 Vaugondy sheets; positional uncertainty 12.33 km replaces 34.61 km,REVISED,promo_b68466ea22a9,12.33
TERRESTRIAL_HEX,h6000_q-000629_r+000960,sp_fef06587fead,CONTROLLED,"land inside the Portuguese safe interior (v2+v3); 17.83 of 17.83 km2 of the hex's canonical land, largest unioned share",UNRESOLVED,,promo_7c95358cf0a4,34.61,rev_52b7bc1efd0f,Portugal safe interior v3 from the 1751 Vaugondy sheets; positional uncertainty 12.33 km replaces 34.61 km,REVISED,promo_b68466ea22a9,12.33
TERRESTRIAL_HEX,h6000_q-000629_r+000962,sp_fef06587fead,CONTROLLED,"land inside the Portuguese safe interior (v2+v3); 17.79 of 17.79 km2 of the hex's canonical land, largest unioned share",UNRESOLVED,,promo_7c95358cf0a4,34.61,rev_4fcf0875af68,Portugal safe interior v3 from the 1751 Vaugondy sheets; positional uncertainty 12.33 km replaces 34.61 km,REVISED,promo_b68466ea22a9,12.33
TERRESTRIAL_HEX,h6000_q-000629_r+000963,sp_fef06587fead,CONTROLLED,"land inside the Portuguese safe interior (v3); 17.77 of 17.77 km2 of the hex's canonical land, largest unioned share",UNRESOLVED,,promo_7c95358cf0a4,34.61,rev_7550d38e290a,Portugal safe interior v3 from the 1751 Vaugondy sheets; positional uncertainty 12.33 km replaces 34.61 km,REVISED,promo_b68466ea22a9,12.33
TERRESTRIAL_HEX,h6000_q-000629_r+000964,sp_fef06587fead,CONTROLLED,"land inside the Portuguese safe interior (v3); 17.75 of 17.75 km2 of the hex's canonical land, largest unioned share",UNRESOLVED,,promo_7c95358cf0a4,34.61,rev_6fd8989f5fb0,Portugal safe interior v3 from the 1751 Vaugondy sheets; positional uncertainty 12.33 km replaces 34.61 km,REVISED,promo_b68466ea22a9,12.33
TERRESTRIAL_HEX,h6000_q-000629_r+000965,sp_fef06587fead,CONTROLLED,"land inside the Portuguese safe interior (v3); 17.73 of 17.73 km2 of the hex's canonical land, largest unioned share",UNRESOLVED,,promo_c1d69cca569e,34.61,rev_98dea2a1526b,Portugal safe interior v3 from the 1751 Vaugondy sheets; positional uncertainty 12.33 km replaces 34.61 km,REVISED,promo_b68466ea22a9,12.33
TERRESTRIAL_HEX,h6000_q-000629_r+000966,sp_fef06587fead,CONTROLLED,"land inside the Portuguese safe interior (v3); 17.72 of 17.72 km2 of the hex's canonical land, largest unioned share",UNRESOLVED,,promo_c1d69cca569e,34.61,rev_3523f7007035,Portugal safe interior v3 from the 1751 Vaugondy sheets; positional uncertainty 12.33 km replaces 34.61 km,REVISED,promo_b68466ea22a9,12.33
TERRESTRIAL_HEX,h6000_q-000629_r+000967,sp_fef06587fead,CONTROLLED,"land inside the Portuguese safe interior (v3); 17.70 of 17.70 km2 of the hex's canonical land, largest unioned share",UNRESOLVED,,promo_c1d69cca569e,34.61,rev_53ef85119e7d,Portugal safe interior v3 from the 1751 Vaugondy sheets; positional uncertainty 12.33 km replaces 34.61 km,REVISED,promo_b68466ea22a9,12.33
TERRESTRIAL_HEX,h6000_q-000629_r+000968,sp_fef06587fead,CONTROLLED,"land inside the Portuguese safe interior (v3); 17.68 of 17.68 km2 of the hex's canonical land, largest unioned share",UNRESOLVED,,promo_c1d69cca569e,34.61,rev_a8629d99b6fb,Portugal safe interior v3 from the 1751 Vaugondy sheets; positional uncertainty 12.33 km replaces 34.61 km,REVISED,promo_b68466ea22a9,12.33
TERRESTRIAL_HEX,h6000_q-000629_r+000969,sp_fef06587fead,CONTROLLED,"land inside the Portuguese safe interior (v3); 17.66 of 17.66 km2 of the hex's canonical land, largest unioned share",UNRESOLVED,,promo_c1d69cca569e,34.61,rev_952721066fd1,Portugal safe interior v3 from the 1751 Vaugondy sheets; positional uncertainty 12.33 km replaces 34.61 km,REVISED,promo_b68466ea22a9,12.33
TERRESTRIAL_HEX,h6000_q-000629_r+000970,sp_fef06587fead,CONTROLLED,"land inside the Portuguese safe interior (v3); 17.64 of 17.64 km2 of the hex's canonical land, largest unioned share",UNRESOLVED,,promo_c1d69cca569e,34.61,rev_43bfe7245769,Portugal safe interior v3 from the 1751 Vaugondy sheets; positional uncertainty 12.33 km replaces 34.61 km,REVISED,promo_b68466ea22a9,12.33
TERRESTRIAL_HEX,h6000_q-000629_r+000971,sp_fef06587fead,CONTROLLED,"land inside the Portuguese safe interior (v3); 17.62 of 17.62 km2 of the hex's canonical land, largest unioned share",UNRESOLVED,,promo_c1d69cca569e,34.61,rev_823f4b149396,Portugal safe interior v3 from the 1751 Vaugondy sheets; positional uncertainty 12.33 km replaces 34.61 km,REVISED,promo_b68466ea22a9,12.33
TERRESTRIAL_HEX,h6000_q-000629_r+000972,sp_fef06587fead,CONTROLLED,"land inside the Portuguese safe interior (v3); 17.60 of 17.60 km2 of the hex's canonical land, largest unioned share",UNRESOLVED,,promo_c1d69cca569e,34.61,rev_90d47adc972a,Portugal safe interior v3 from the 1751 Vaugondy sheets; positional uncertainty 12.33 km replaces 34.61 km,REVISED,promo_b68466ea22a9,12.33
TERRESTRIAL_HEX,h6000_q-000629_r+000973,sp_fef06587fead,CONTROLLED,"land inside the Portuguese safe interior (v3); 17.58 of 17.58 km2 of the hex's canonical land, largest unioned share",UNRESOLVED,,promo_c1d69cca569e,34.61,rev_6bcb2c39235a,Portugal safe interior v3 from the 1751 Vaugondy sheets; positional uncertainty 12.33 km replaces 34.61 km,REVISED,promo_b68466ea22a9,12.33
TERRESTRIAL_HEX,h6000_q-000629_r+000974,sp_fef06587fead,CONTROLLED,"land inside the Portuguese safe interior (v3); 17.57 of 17.57 km2 of the hex's canonical land, largest unioned share",UNRESOLVED,,promo_c1d69cca569e,34.61,rev_c955101a0ab7,Portugal safe interior v3 from the 1751 Vaugondy sheets; positional uncertainty 12.33 km replaces 34.61 km,REVISED,promo_b68466ea22a9,12.33
TERRESTRIAL_HEX,h6000_q-000629_r+000975,sp_fef06587fead,CONTROLLED,"land inside the Portuguese safe interior (v3); 17.55 of 17.55 km2 of the hex's canonical land, largest unioned share",UNRESOLVED,,promo_7c95358cf0a4,34.61,rev_bf1157a1c963,Portugal safe interior v3 from the 1751 Vaugondy sheets; positional uncertainty 12.33 km replaces 34.61 km,REVISED,promo_b68466ea22a9,12.33
TERRESTRIAL_HEX,h6000_q-000629_r+000976,sp_fef06587fead,CONTROLLED,"land inside the Portuguese safe interior (v3); 17.53 of 17.53 km2 of the hex's canonical land, largest unioned share",UNRESOLVED,,promo_7c95358cf0a4,34.61,rev_4fb2bd21ad6f,Portugal safe interior v3 from the 1751 Vaugondy sheets; positional uncertainty 12.33 km replaces 34.61 km,REVISED,promo_b68466ea22a9,12.33
TERRESTRIAL_HEX,h6000_q-000629_r+000977,sp_fef06587fead,CONTROLLED,"land inside the Portuguese safe interior (v3); 17.51 of 17.51 km2 of the hex's canonical land, largest unioned share",UNRESOLVED,,promo_7c95358cf0a4,34.61,rev_1a77f5a52c53,Portugal safe interior v3 from the 1751 Vaugondy sheets; positional uncertainty 12.33 km replaces 34.61 km,REVISED,promo_b68466ea22a9,12.33
TERRESTRIAL_HEX,h6000_q-000629_r+000978,sp_fef06587fead,CONTROLLED,"land inside the Portuguese safe interior (v3); 17.49 of 17.49 km2 of the hex's canonical land, largest unioned share",UNRESOLVED,,promo_7c95358cf0a4,34.61,rev_627b6987c9dd,Portugal safe interior v3 from the 1751 Vaugondy sheets; positional uncertainty 12.33 km replaces 34.61 km,REVISED,promo_b68466ea22a9,12.33
TERRESTRIAL_HEX,h6000_q-000629_r+000979,sp_fef06587fead,CONTROLLED,"land inside the Portuguese safe interior (v3); 17.47 of 17.47 km2 of the hex's canonical land, largest unioned share",UNRESOLVED,,promo_7c95358cf0a4,34.61,rev_509dd6c018df,Portugal safe interior v3 from the 1751 Vaugondy sheets; positional uncertainty 12.33 km replaces 34.61 km,REVISED,promo_b68466ea22a9,12.33
TERRESTRIAL_HEX,h6000_q-000629_r+000980,sp_fef06587fead,CONTROLLED,"land inside the Portuguese safe interior (v3); 17.45 of 17.45 km2 of the hex's canonical land, largest unioned share",UNRESOLVED,,promo_7c95358cf0a4,34.61,rev_8a304c1f2e3b,Portugal safe interior v3 from the 1751 Vaugondy sheets; positional uncertainty 12.33 km replaces 34.61 km,REVISED,promo_b68466ea22a9,12.33
TERRESTRIAL_HEX,h6000_q-000629_r+000981,sp_fef06587fead,CONTROLLED,"land inside the Portuguese safe interior (v3); 17.43 of 17.43 km2 of the hex's canonical land, largest unioned share",UNRESOLVED,,promo_7c95358cf0a4,34.61,rev_de93f8936160,Portugal safe interior v3 from the 1751 Vaugondy sheets; positional uncertainty 12.33 km replaces 34.61 km,REVISED,promo_b68466ea22a9,12.33
TERRESTRIAL_HEX,h6000_q-000629_r+000982,sp_fef06587fead,CONTROLLED,"land inside the Portuguese safe interior (v3); 17.42 of 17.42 km2 of the hex's canonical land, largest unioned share",UNRESOLVED,,promo_7c95358cf0a4,34.61,rev_f187f611cb93,Portugal safe interior v3 from the 1751 Vaugondy sheets; positional uncertainty 12.33 km replaces 34.61 km,REVISED,promo_b68466ea22a9,12.33
TERRESTRIAL_HEX,h6000_q-000630_r+000952,sp_fef06587fead,CONTROLLED,"land inside the Portuguese safe interior (v3); 17.98 of 17.98 km2 of the hex's canonical land, largest unioned share",UNRESOLVED,,promo_7c95358cf0a4,34.61,rev_f05c65d1cdf4,Portugal safe interior v3 from the 1751 Vaugondy sheets; positional uncertainty 12.33 km replaces 34.61 km,REVISED,promo_b68466ea22a9,12.33
TERRESTRIAL_HEX,h6000_q-000630_r+000953,sp_fef06587fead,CONTROLLED,"land inside the Portuguese safe interior (v3); 17.96 of 17.96 km2 of the hex's canonical land, largest unioned share",UNRESOLVED,,promo_7c95358cf0a4,34.61,rev_bed4b2ddcdda,Portugal safe interior v3 from the 1751 Vaugondy sheets; positional uncertainty 12.33 km replaces 34.61 km,REVISED,promo_b68466ea22a9,12.33
TERRESTRIAL_HEX,h6000_q-000630_r+000954,sp_fef06587fead,CONTROLLED,"land inside the Portuguese safe interior (v3); 17.94 of 17.94 km2 of the hex's canonical land, largest unioned share",UNRESOLVED,,promo_7c95358cf0a4,34.61,rev_07519e6fe0d7,Portugal safe interior v3 from the 1751 Vaugondy sheets; positional uncertainty 12.33 km replaces 34.61 km,REVISED,promo_b68466ea22a9,12.33
TERRESTRIAL_HEX,h6000_q-000630_r+000955,sp_fef06587fead,CONTROLLED,"land inside the Portuguese safe interior (v3); 17.92 of 17.92 km2 of the hex's canonical land, largest unioned share",UNRESOLVED,,promo_7c95358cf0a4,34.61,rev_eddb94932b65,Portugal safe interior v3 from the 1751 Vaugondy sheets; positional uncertainty 12.33 km replaces 34.61 km,REVISED,promo_b68466ea22a9,12.33
TERRESTRIAL_HEX,h6000_q-000630_r+000956,sp_fef06587fead,CONTROLLED,"land inside the Portuguese safe interior (v3); 17.90 of 17.90 km2 of the hex's canonical land, largest unioned share",UNRESOLVED,,promo_7c95358cf0a4,34.61,rev_2cbd49598010,Portugal safe interior v3 from the 1751 Vaugondy sheets; positional uncertainty 12.33 km replaces 34.61 km,REVISED,promo_b68466ea22a9,12.33
TERRESTRIAL_HEX,h6000_q-000630_r+000957,sp_fef06587fead,CONTROLLED,"land inside the Portuguese safe interior (v3); 17.88 of 17.88 km2 of the hex's canonical land, largest unioned share",UNRESOLVED,,promo_7c95358cf0a4,34.61,rev_21143a809389,Portugal safe interior v3 from the 1751 Vaugondy sheets; positional uncertainty 12.33 km replaces 34.61 km,REVISED,promo_b68466ea22a9,12.33
TERRESTRIAL_HEX,h6000_q-000630_r+000958,sp_fef06587fead,CONTROLLED,"land inside the Portuguese safe interior (v3); 17.87 of 17.87 km2 of the hex's canonical land, largest unioned share",UNRESOLVED,,promo_7c95358cf0a4,34.61,rev_46badcc45770,Portugal safe interior v3 from the 1751 Vaugondy sheets; positional uncertainty 12.33 km replaces 34.61 km,REVISED,promo_b68466ea22a9,12.33
TERRESTRIAL_HEX,h6000_q-000630_r+000959,sp_fef06587fead,CONTROLLED,"land inside the Portuguese safe interior (v3); 17.85 of 17.85 km2 of the hex's canonical land, largest unioned share",UNRESOLVED,,promo_7c95358cf0a4,34.61,rev_ba17449f4469,Portugal safe interior v3 from the 1751 Vaugondy sheets; positional uncertainty 12.33 km replaces 34.61 km,REVISED,promo_b68466ea22a9,12.33
TERRESTRIAL_HEX,h6000_q-000630_r+000960,sp_fef06587fead,CONTROLLED,"land inside the Portuguese safe interior (v3); 17.83 of 17.83 km2 of the hex's canonical land, largest unioned share",UNRESOLVED,,promo_7c95358cf0a4,34.61,rev_d7bdf94a8667,Portugal safe interior v3 from the 1751 Vaugondy sheets; positional uncertainty 12.33 km replaces 34.61 km,REVISED,promo_b68466ea22a9,12.33
TERRESTRIAL_HEX,h6000_q-000630_r+000961,sp_fef06587fead,CONTROLLED,"land inside the Portuguese safe interior (v2+v3); 17.81 of 17.81 km2 of the hex's canonical land, largest unioned share",UNRESOLVED,,promo_7c95358cf0a4,34.61,rev_09293f111a0f,Portugal safe interior v3 from the 1751 Vaugondy sheets; positional uncertainty 12.33 km replaces 34.61 km,REVISED,promo_b68466ea22a9,12.33
TERRESTRIAL_HEX,h6000_q-000630_r+000962,sp_fef06587fead,CONTROLLED,"land inside the Portuguese safe interior (v2+v3); 17.79 of 17.79 km2 of the hex's canonical land, largest unioned share",UNRESOLVED,,promo_7c95358cf0a4,34.61,rev_7f15d806b200,Portugal safe interior v3 from the 1751 Vaugondy sheets; positional uncertainty 12.33 km replaces 34.61 km,REVISED,promo_b68466ea22a9,12.33
TERRESTRIAL_HEX,h6000_q-000630_r+000963,sp_fef06587fead,CONTROLLED,"land inside the Portuguese safe interior (v3); 17.77 of 17.77 km2 of the hex's canonical land, largest unioned share",UNRESOLVED,,promo_7c95358cf0a4,34.61,rev_f869332713e8,Portugal safe interior v3 from the 1751 Vaugondy sheets; positional uncertainty 12.33 km replaces 34.61 km,REVISED,promo_b68466ea22a9,12.33
TERRESTRIAL_HEX,h6000_q-000630_r+000964,sp_fef06587fead,CONTROLLED,"land inside the Portuguese safe interior (v3); 17.75 of 17.75 km2 of the hex's canonical land, largest unioned share",UNRESOLVED,,promo_7c95358cf0a4,34.61,rev_e3663b2a32f9,Portugal safe interior v3 from the 1751 Vaugondy sheets; positional uncertainty 12.33 km replaces 34.61 km,REVISED,promo_b68466ea22a9,12.33
TERRESTRIAL_HEX,h6000_q-000630_r+000965,sp_fef06587fead,CONTROLLED,"land inside the Portuguese safe interior (v3); 17.73 of 17.73 km2 of the hex's canonical land, largest unioned share",UNRESOLVED,,promo_7c95358cf0a4,34.61,rev_fade53dfdffe,Portugal safe interior v3 from the 1751 Vaugondy sheets; positional uncertainty 12.33 km replaces 34.61 km,REVISED,promo_b68466ea22a9,12.33
TERRESTRIAL_HEX,h6000_q-000630_r+000966,sp_fef06587fead,CONTROLLED,"land inside the Portuguese safe interior (v3); 17.72 of 17.72 km2 of the hex's canonical land, largest unioned share",UNRESOLVED,,promo_c1d69cca569e,34.61,rev_6d88b54c2cd2,Portugal safe interior v3 from the 1751 Vaugondy sheets; positional uncertainty 12.33 km replaces 34.61 km,REVISED,promo_b68466ea22a9,12.33
TERRESTRIAL_HEX,h6000_q-000630_r+000967,sp_fef06587fead,CONTROLLED,"land inside the Portuguese safe interior (v3); 17.70 of 17.70 km2 of the hex's canonical land, largest unioned share",UNRESOLVED,,promo_c1d69cca569e,34.61,rev_23e4c083ba4a,Portugal safe interior v3 from the 1751 Vaugondy sheets; positional uncertainty 12.33 km replaces 34.61 km,REVISED,promo_b68466ea22a9,12.33
TERRESTRIAL_HEX,h6000_q-000630_r+000968,sp_fef06587fead,CONTROLLED,"land inside the Portuguese safe interior (v3); 17.68 of 17.68 km2 of the hex's canonical land, largest unioned share",UNRESOLVED,,promo_c1d69cca569e,34.61,rev_e834e71e369f,Portugal safe interior v3 from the 1751 Vaugondy sheets; positional uncertainty 12.33 km replaces 34.61 km,REVISED,promo_b68466ea22a9,12.33
TERRESTRIAL_HEX,h6000_q-000630_r+000969,sp_fef06587fead,CONTROLLED,"land inside the Portuguese safe interior (v3); 17.66 of 17.66 km2 of the hex's canonical land, largest unioned share",UNRESOLVED,,promo_c1d69cca569e,34.61,rev_714e6ef1043b,Portugal safe interior v3 from the 1751 Vaugondy sheets; positional uncertainty 12.33 km replaces 34.61 km,REVISED,promo_b68466ea22a9,12.33
TERRESTRIAL_HEX,h6000_q-000630_r+000970,sp_fef06587fead,CONTROLLED,"land inside the Portuguese safe interior (v3); 17.64 of 17.64 km2 of the hex's canonical land, largest unioned share",UNRESOLVED,,promo_c1d69cca569e,34.61,rev_40e59bbf055c,Portugal safe interior v3 from the 1751 Vaugondy sheets; positional uncertainty 12.33 km replaces 34.61 km,REVISED,promo_b68466ea22a9,12.33
TERRESTRIAL_HEX,h6000_q-000630_r+000971,sp_fef06587fead,CONTROLLED,"land inside the Portuguese safe interior (v3); 17.62 of 17.62 km2 of the hex's canonical land, largest unioned share",UNRESOLVED,,promo_c1d69cca569e,34.61,rev_a41602581847,Portugal safe interior v3 from the 1751 Vaugondy sheets; positional uncertainty 12.33 km replaces 34.61 km,REVISED,promo_b68466ea22a9,12.33
TERRESTRIAL_HEX,h6000_q-000630_r+000972,sp_fef06587fead,CONTROLLED,"land inside the Portuguese safe interior (v3); 17.60 of 17.60 km2 of the hex's canonical land, largest unioned share",UNRESOLVED,,promo_c1d69cca569e,34.61,rev_08d1e7065a70,Portugal safe interior v3 from the 1751 Vaugondy sheets; positional uncertainty 12.33 km replaces 34.61 km,REVISED,promo_b68466ea22a9,12.33
TERRESTRIAL_HEX,h6000_q-000630_r+000973,sp_fef06587fead,CONTROLLED,"land inside the Portuguese safe interior (v3); 17.58 of 17.58 km2 of the hex's canonical land, largest unioned share",UNRESOLVED,,promo_c1d69cca569e,34.61,rev_af2157309758,Portugal safe interior v3 from the 1751 Vaugondy sheets; positional uncertainty 12.33 km replaces 34.61 km,REVISED,promo_b68466ea22a9,12.33
TERRESTRIAL_HEX,h6000_q-000630_r+000974,sp_fef06587fead,CONTROLLED,"land inside the Portuguese safe interior (v3); 17.57 of 17.57 km2 of the hex's canonical land, largest unioned share",UNRESOLVED,,promo_c1d69cca569e,34.61,rev_5e11bc63603f,Portugal safe interior v3 from the 1751 Vaugondy sheets; positional uncertainty 12.33 km replaces 34.61 km,REVISED,promo_b68466ea22a9,12.33
TERRESTRIAL_HEX,h6000_q-000630_r+000975,sp_fef06587fead,CONTROLLED,"land inside the Portuguese safe interior (v3); 17.55 of 17.55 km2 of the hex's canonical land, largest unioned share",UNRESOLVED,,promo_c1d69cca569e,34.61,rev_38d6b058385c,Portugal safe interior v3 from the 1751 Vaugondy sheets; positional uncertainty 12.33 km replaces 34.61 km,REVISED,promo_b68466ea22a9,12.33
TERRESTRIAL_HEX,h6000_q-000630_r+000976,sp_fef06587fead,CONTROLLED,"land inside the Portuguese safe interior (v3); 17.53 of 17.53 km2 of the hex's canonical land, largest unioned share",UNRESOLVED,,promo_7c95358cf0a4,34.61,rev_481a3f4d3251,Portugal safe interior v3 from the 1751 Vaugondy sheets; positional uncertainty 12.33 km replaces 34.61 km,REVISED,promo_b68466ea22a9,12.33
TERRESTRIAL_HEX,h6000_q-000630_r+000977,sp_fef06587fead,CONTROLLED,"land inside the Portuguese safe interior (v3); 17.51 of 17.51 km2 of the hex's canonical land, largest unioned share",UNRESOLVED,,promo_7c95358cf0a4,34.61,rev_0508a2eb9731,Portugal safe interior v3 from the 1751 Vaugondy sheets; positional uncertainty 12.33 km replaces 34.61 km,REVISED,promo_b68466ea22a9,12.33
TERRESTRIAL_HEX,h6000_q-000630_r+000978,sp_fef06587fead,CONTROLLED,"land inside the Portuguese safe interior (v3); 17.49 of 17.49 km2 of the hex's canonical land, largest unioned share",UNRESOLVED,,promo_7c95358cf0a4,34.61,rev_a3af7dca2b20,Portugal safe interior v3 from the 1751 Vaugondy sheets; positional uncertainty 12.33 km replaces 34.61 km,REVISED,promo_b68466ea22a9,12.33
TERRESTRIAL_HEX,h6000_q-000630_r+000979,sp_fef06587fead,CONTROLLED,"land inside the Portuguese safe interior (v3); 17.47 of 17.47 km2 of the hex's canonical land, largest unioned share",UNRESOLVED,,promo_7c95358cf0a4,34.61,rev_1180394dc717,Portugal safe interior v3 from the 1751 Vaugondy sheets; positional uncertainty 12.33 km replaces 34.61 km,REVISED,promo_b68466ea22a9,12.33
TERRESTRIAL_HEX,h6000_q-000630_r+000980,sp_fef06587fead,CONTROLLED,"land inside the Portuguese safe interior (v3); 17.45 of 17.45 km2 of the hex's canonical land, largest unioned share",UNRESOLVED,,promo_7c95358cf0a4,34.61,rev_6b3da47e26ae,Portugal safe interior v3 from the 1751 Vaugondy sheets; positional uncertainty 12.33 km replaces 34.61 km,REVISED,promo_b68466ea22a9,12.33
TERRESTRIAL_HEX,h6000_q-000630_r+000981,sp_fef06587fead,CONTROLLED,"land inside the Portuguese safe interior (v3); 17.43 of 17.43 km2 of the hex's canonical land, largest unioned share",UNRESOLVED,,promo_7c95358cf0a4,34.61,rev_c3c984f450b1,Portugal safe interior v3 from the 1751 Vaugondy sheets; positional uncertainty 12.33 km replaces 34.61 km,REVISED,promo_b68466ea22a9,12.33
TERRESTRIAL_HEX,h6000_q-000630_r+000982,sp_fef06587fead,CONTROLLED,"land inside the Portuguese safe interior (v3); 17.42 of 17.42 km2 of the hex's canonical land, largest unioned share",UNRESOLVED,,promo_7c95358cf0a4,34.61,rev_d065c364fbf3,Portugal safe interior v3 from the 1751 Vaugondy sheets; positional uncertainty 12.33 km replaces 34.61 km,REVISED,promo_b68466ea22a9,12.33
TERRESTRIAL_HEX,h6000_q-000630_r+000983,sp_fef06587fead,CONTROLLED,"land inside the Portuguese safe interior (v3); 17.40 of 17.40 km2 of the hex's canonical land, largest unioned share",UNRESOLVED,,promo_7c95358cf0a4,34.61,rev_93927e2983fb,Portugal safe interior v3 from the 1751 Vaugondy sheets; positional uncertainty 12.33 km replaces 34.61 km,REVISED,promo_b68466ea22a9,12.33
TERRESTRIAL_HEX,h6000_q-000631_r+000952,sp_fef06587fead,CONTROLLED,"land inside the Portuguese safe interior (v3); 17.98 of 17.98 km2 of the hex's canonical land, largest unioned share",UNRESOLVED,,promo_7c95358cf0a4,34.61,rev_be75face407c,Portugal safe interior v3 from the 1751 Vaugondy sheets; positional uncertainty 12.33 km replaces 34.61 km,REVISED,promo_b68466ea22a9,12.33
TERRESTRIAL_HEX,h6000_q-000631_r+000953,sp_fef06587fead,CONTROLLED,"land inside the Portuguese safe interior (v3); 17.96 of 17.96 km2 of the hex's canonical land, largest unioned share",UNRESOLVED,,promo_7c95358cf0a4,34.61,rev_1b6be16f194f,Portugal safe interior v3 from the 1751 Vaugondy sheets; positional uncertainty 12.33 km replaces 34.61 km,REVISED,promo_b68466ea22a9,12.33
TERRESTRIAL_HEX,h6000_q-000631_r+000954,sp_fef06587fead,CONTROLLED,"land inside the Portuguese safe interior (v3); 17.94 of 17.94 km2 of the hex's canonical land, largest unioned share",UNRESOLVED,,promo_7c95358cf0a4,34.61,rev_78719308dfca,Portugal safe interior v3 from the 1751 Vaugondy sheets; positional uncertainty 12.33 km replaces 34.61 km,REVISED,promo_b68466ea22a9,12.33
TERRESTRIAL_HEX,h6000_q-000631_r+000955,sp_fef06587fead,CONTROLLED,"land inside the Portuguese safe interior (v3); 17.92 of 17.92 km2 of the hex's canonical land, largest unioned share",UNRESOLVED,,promo_7c95358cf0a4,34.61,rev_7fcc0d66589f,Portugal safe interior v3 from the 1751 Vaugondy sheets; positional uncertainty 12.33 km replaces 34.61 km,REVISED,promo_b68466ea22a9,12.33
TERRESTRIAL_HEX,h6000_q-000631_r+000956,sp_fef06587fead,CONTROLLED,"land inside the Portuguese safe interior (v3); 17.90 of 17.90 km2 of the hex's canonical land, largest unioned share",UNRESOLVED,,promo_7c95358cf0a4,34.61,rev_e6571e6df4c2,Portugal safe interior v3 from the 1751 Vaugondy sheets; positional uncertainty 12.33 km replaces 34.61 km,REVISED,promo_b68466ea22a9,12.33
TERRESTRIAL_HEX,h6000_q-000631_r+000957,sp_fef06587fead,CONTROLLED,"land inside the Portuguese safe interior (v3); 17.88 of 17.88 km2 of the hex's canonical land, largest unioned share",UNRESOLVED,,promo_7c95358cf0a4,34.61,rev_c9b550023b5d,Portugal safe interior v3 from the 1751 Vaugondy sheets; positional uncertainty 12.33 km replaces 34.61 km,REVISED,promo_b68466ea22a9,12.33
TERRESTRIAL_HEX,h6000_q-000631_r+000958,sp_fef06587fead,CONTROLLED,"land inside the Portuguese safe interior (v3); 17.87 of 17.87 km2 of the hex's canonical land, largest unioned share",UNRESOLVED,,promo_7c95358cf0a4,34.61,rev_bad5624e872d,Portugal safe interior v3 from the 1751 Vaugondy sheets; positional uncertainty 12.33 km replaces 34.61 km,REVISED,promo_b68466ea22a9,12.33
TERRESTRIAL_HEX,h6000_q-000631_r+000959,sp_fef06587fead,CONTROLLED,"land inside the Portuguese safe interior (v3); 17.85 of 17.85 km2 of the hex's canonical land, largest unioned share",UNRESOLVED,,promo_7c95358cf0a4,34.61,rev_bf7c5cd364e8,Portugal safe interior v3 from the 1751 Vaugondy sheets; positional uncertainty 12.33 km replaces 34.61 km,REVISED,promo_b68466ea22a9,12.33
TERRESTRIAL_HEX,h6000_q-000631_r+000960,sp_fef06587fead,CONTROLLED,"land inside the Portuguese safe interior (v3); 17.83 of 17.83 km2 of the hex's canonical land, largest unioned share",UNRESOLVED,,promo_7c95358cf0a4,34.61,rev_2bd8026dce27,Portugal safe interior v3 from the 1751 Vaugondy sheets; positional uncertainty 12.33 km replaces 34.61 km,REVISED,promo_b68466ea22a9,12.33
TERRESTRIAL_HEX,h6000_q-000631_r+000961,sp_fef06587fead,CONTROLLED,"land inside the Portuguese safe interior (v3); 17.81 of 17.81 km2 of the hex's canonical land, largest unioned share",UNRESOLVED,,promo_7c95358cf0a4,34.61,rev_bc1b96710410,Portugal safe interior v3 from the 1751 Vaugondy sheets; positional uncertainty 12.33 km replaces 34.61 km,REVISED,promo_b68466ea22a9,12.33
TERRESTRIAL_HEX,h6000_q-000631_r+000962,sp_fef06587fead,CONTROLLED,"land inside the Portuguese safe interior (v3); 17.79 of 17.79 km2 of the hex's canonical land, largest unioned share",UNRESOLVED,,promo_7c95358cf0a4,34.61,rev_878c2e2196bb,Portugal safe interior v3 from the 1751 Vaugondy sheets; positional uncertainty 12.33 km replaces 34.61 km,REVISED,promo_b68466ea22a9,12.33
TERRESTRIAL_HEX,h6000_q-000631_r+000963,sp_fef06587fead,CONTROLLED,"land inside the Portuguese safe interior (v3); 17.77 of 17.77 km2 of the hex's canonical land, largest unioned share",UNRESOLVED,,promo_7c95358cf0a4,34.61,rev_3da50a2e43a3,Portugal safe interior v3 from the 1751 Vaugondy sheets; positional uncertainty 12.33 km replaces 34.61 km,REVISED,promo_b68466ea22a9,12.33
TERRESTRIAL_HEX,h6000_q-000631_r+000964,sp_fef06587fead,CONTROLLED,"land inside the Portuguese safe interior (v3); 17.75 of 17.75 km2 of the hex's canonical land, largest unioned share",UNRESOLVED,,promo_7c95358cf0a4,34.61,rev_5d7a336bae3a,Portugal safe interior v3 from the 1751 Vaugondy sheets; positional uncertainty 12.33 km replaces 34.61 km,REVISED,promo_b68466ea22a9,12.33
TERRESTRIAL_HEX,h6000_q-000631_r+000965,sp_fef06587fead,CONTROLLED,"land inside the Portuguese safe interior (v3); 17.73 of 17.73 km2 of the hex's canonical land, largest unioned share",UNRESOLVED,,promo_7c95358cf0a4,34.61,rev_0ff7a7bc6397,Portugal safe interior v3 from the 1751 Vaugondy sheets; positional uncertainty 12.33 km replaces 34.61 km,REVISED,promo_b68466ea22a9,12.33
TERRESTRIAL_HEX,h6000_q-000631_r+000966,sp_fef06587fead,CONTROLLED,"land inside the Portuguese safe interior (v3); 17.72 of 17.72 km2 of the hex's canonical land, largest unioned share",UNRESOLVED,,promo_7c95358cf0a4,34.61,rev_1f8993bac4ec,Portugal safe interior v3 from the 1751 Vaugondy sheets; positional uncertainty 12.33 km replaces 34.61 km,REVISED,promo_b68466ea22a9,12.33
TERRESTRIAL_HEX,h6000_q-000631_r+000967,sp_fef06587fead,CONTROLLED,"land inside the Portuguese safe interior (v3); 17.70 of 17.70 km2 of the hex's canonical land, largest unioned share",UNRESOLVED,,promo_c1d69cca569e,34.61,rev_7a4b44941141,Portugal safe interior v3 from the 1751 Vaugondy sheets; positional uncertainty 12.33 km replaces 34.61 km,REVISED,promo_b68466ea22a9,12.33
TERRESTRIAL_HEX,h6000_q-000631_r+000968,sp_fef06587fead,CONTROLLED,"land inside the Portuguese safe interior (v3); 17.68 of 17.68 km2 of the hex's canonical land, largest unioned share",UNRESOLVED,,promo_c1d69cca569e,34.61,rev_b1a794e20633,Portugal safe interior v3 from the 1751 Vaugondy sheets; positional uncertainty 12.33 km replaces 34.61 km,REVISED,promo_b68466ea22a9,12.33
TERRESTRIAL_HEX,h6000_q-000631_r+000969,sp_fef06587fead,CONTROLLED,"land inside the Portuguese safe interior (v3); 17.66 of 17.66 km2 of the hex's canonical land, largest unioned share",UNRESOLVED,,promo_c1d69cca569e,34.61,rev_6d917aa87548,Portugal safe interior v3 from the 1751 Vaugondy sheets; positional uncertainty 12.33 km replaces 34.61 km,REVISED,promo_b68466ea22a9,12.33
TERRESTRIAL_HEX,h6000_q-000631_r+000971,sp_fef06587fead,CONTROLLED,"land inside the Portuguese safe interior (v3); 17.62 of 17.62 km2 of the hex's canonical land, largest unioned share",UNRESOLVED,,promo_c1d69cca569e,34.61,rev_1220af6de6dc,Portugal safe interior v3 from the 1751 Vaugondy sheets; positional uncertainty 12.33 km replaces 34.61 km,REVISED,promo_b68466ea22a9,12.33
TERRESTRIAL_HEX,h6000_q-000631_r+000972,sp_fef06587fead,CONTROLLED,"land inside the Portuguese safe interior (v3); 17.60 of 17.60 km2 of the hex's canonical land, largest unioned share",UNRESOLVED,,promo_c1d69cca569e,34.61,rev_9c5641369c1e,Portugal safe interior v3 from the 1751 Vaugondy sheets; positional uncertainty 12.33 km replaces 34.61 km,REVISED,promo_b68466ea22a9,12.33
TERRESTRIAL_HEX,h6000_q-000631_r+000973,sp_fef06587fead,CONTROLLED,"land inside the Portuguese safe interior (v3); 17.58 of 17.58 km2 of the hex's canonical land, largest unioned share",UNRESOLVED,,promo_c1d69cca569e,34.61,rev_324be4ef544f,Portugal safe interior v3 from the 1751 Vaugondy sheets; positional uncertainty 12.33 km replaces 34.61 km,REVISED,promo_b68466ea22a9,12.33
TERRESTRIAL_HEX,h6000_q-000631_r+000974,sp_fef06587fead,CONTROLLED,"land inside the Portuguese safe interior (v3); 17.57 of 17.57 km2 of the hex's canonical land, largest unioned share",UNRESOLVED,,promo_c1d69cca569e,34.61,rev_201d70b1ca01,Portugal safe interior v3 from the 1751 Vaugondy sheets; positional uncertainty 12.33 km replaces 34.61 km,REVISED,promo_b68466ea22a9,12.33
TERRESTRIAL_HEX,h6000_q-000631_r+000975,sp_fef06587fead,CONTROLLED,"land inside the Portuguese safe interior (v3); 17.55 of 17.55 km2 of the hex's canonical land, largest unioned share",UNRESOLVED,,promo_c1d69cca569e,34.61,rev_4663c1067a72,Portugal safe interior v3 from the 1751 Vaugondy sheets; positional uncertainty 12.33 km replaces 34.61 km,REVISED,promo_b68466ea22a9,12.33
TERRESTRIAL_HEX,h6000_q-000631_r+000976,sp_fef06587fead,CONTROLLED,"land inside the Portuguese safe interior (v3); 17.53 of 17.53 km2 of the hex's canonical land, largest unioned share",UNRESOLVED,,promo_c1d69cca569e,34.61,rev_b3daf1728510,Portugal safe interior v3 from the 1751 Vaugondy sheets; positional uncertainty 12.33 km replaces 34.61 km,REVISED,promo_b68466ea22a9,12.33
TERRESTRIAL_HEX,h6000_q-000631_r+000977,sp_fef06587fead,CONTROLLED,"land inside the Portuguese safe interior (v3); 17.51 of 17.51 km2 of the hex's canonical land, largest unioned share",UNRESOLVED,,promo_7c95358cf0a4,34.61,rev_a5eff1cc4a35,Portugal safe interior v3 from the 1751 Vaugondy sheets; positional uncertainty 12.33 km replaces 34.61 km,REVISED,promo_b68466ea22a9,12.33
TERRESTRIAL_HEX,h6000_q-000631_r+000978,sp_fef06587fead,CONTROLLED,"land inside the Portuguese safe interior (v3); 17.49 of 17.49 km2 of the hex's canonical land, largest unioned share",UNRESOLVED,,promo_7c95358cf0a4,34.61,rev_baeb0ab016bf,Portugal safe interior v3 from the 1751 Vaugondy sheets; positional uncertainty 12.33 km replaces 34.61 km,REVISED,promo_b68466ea22a9,12.33
TERRESTRIAL_HEX,h6000_q-000631_r+000979,sp_fef06587fead,CONTROLLED,"land inside the Portuguese safe interior (v3); 17.47 of 17.47 km2 of the hex's canonical land, largest unioned share",UNRESOLVED,,promo_7c95358cf0a4,34.61,rev_8dc20ef156a0,Portugal safe interior v3 from the 1751 Vaugondy sheets; positional uncertainty 12.33 km replaces 34.61 km,REVISED,promo_b68466ea22a9,12.33
TERRESTRIAL_HEX,h6000_q-000631_r+000980,sp_fef06587fead,CONTROLLED,"land inside the Portuguese safe interior (v3); 17.45 of 17.45 km2 of the hex's canonical land, largest unioned share",UNRESOLVED,,promo_7c95358cf0a4,34.61,rev_186b72b1e1e1,Portugal safe interior v3 from the 1751 Vaugondy sheets; positional uncertainty 12.33 km replaces 34.61 km,REVISED,promo_b68466ea22a9,12.33
TERRESTRIAL_HEX,h6000_q-000631_r+000981,sp_fef06587fead,CONTROLLED,"land inside the Portuguese safe interior (v3); 17.43 of 17.43 km2 of the hex's canonical land, largest unioned share",UNRESOLVED,,promo_7c95358cf0a4,34.61,rev_c16712733984,Portugal safe interior v3 from the 1751 Vaugondy sheets; positional uncertainty 12.33 km replaces 34.61 km,REVISED,promo_b68466ea22a9,12.33
TERRESTRIAL_HEX,h6000_q-000631_r+000982,sp_fef06587fead,CONTROLLED,"land inside the Portuguese safe interior (v3); 17.42 of 17.42 km2 of the hex's canonical land, largest unioned share",UNRESOLVED,,promo_7c95358cf0a4,34.61,rev_e6f6fd794478,Portugal safe interior v3 from the 1751 Vaugondy sheets; positional uncertainty 12.33 km replaces 34.61 km,REVISED,promo_b68466ea22a9,12.33
TERRESTRIAL_HEX,h6000_q-000631_r+000983,sp_fef06587fead,CONTROLLED,"land inside the Portuguese safe interior (v3); 17.40 of 17.40 km2 of the hex's canonical land, largest unioned share",UNRESOLVED,,promo_7c95358cf0a4,34.61,rev_45f7ace8762f,Portugal safe interior v3 from the 1751 Vaugondy sheets; positional uncertainty 12.33 km replaces 34.61 km,REVISED,promo_b68466ea22a9,12.33
TERRESTRIAL_HEX,h6000_q-000631_r+000984,sp_fef06587fead,CONTROLLED,"land inside the Portuguese safe interior (v3); 17.38 of 17.38 km2 of the hex's canonical land, largest unioned share",UNRESOLVED,,promo_7c95358cf0a4,34.61,rev_e4c5b2bb508d,Portugal safe interior v3 from the 1751 Vaugondy sheets; positional uncertainty 12.33 km replaces 34.61 km,REVISED,promo_b68466ea22a9,12.33
TERRESTRIAL_HEX,h6000_q-000631_r+000985,sp_fef06587fead,CONTROLLED,"land inside the Portuguese safe interior (v3); 17.36 of 17.36 km2 of the hex's canonical land, largest unioned share",UNRESOLVED,,promo_7c95358cf0a4,34.61,rev_d39dda60bd30,Portugal safe interior v3 from the 1751 Vaugondy sheets; positional uncertainty 12.33 km replaces 34.61 km,REVISED,promo_b68466ea22a9,12.33
TERRESTRIAL_HEX,h6000_q-000632_r+000951,sp_fef06587fead,CONTROLLED,"land inside the Portuguese safe interior (v3); 18.00 of 18.00 km2 of the hex's canonical land, largest unioned share",UNRESOLVED,,promo_7c95358cf0a4,34.61,rev_1d716184d808,Portugal safe interior v3 from the 1751 Vaugondy sheets; positional uncertainty 12.33 km replaces 34.61 km,REVISED,promo_b68466ea22a9,12.33
TERRESTRIAL_HEX,h6000_q-000632_r+000952,sp_fef06587fead,CONTROLLED,"land inside the Portuguese safe interior (v3); 17.98 of 17.98 km2 of the hex's canonical land, largest unioned share",UNRESOLVED,,promo_7c95358cf0a4,34.61,rev_53a7ecbdc5c2,Portugal safe interior v3 from the 1751 Vaugondy sheets; positional uncertainty 12.33 km replaces 34.61 km,REVISED,promo_b68466ea22a9,12.33
TERRESTRIAL_HEX,h6000_q-000632_r+000953,sp_fef06587fead,CONTROLLED,"land inside the Portuguese safe interior (v3); 17.96 of 17.96 km2 of the hex's canonical land, largest unioned share",UNRESOLVED,,promo_7c95358cf0a4,34.61,rev_5906c5238dda,Portugal safe interior v3 from the 1751 Vaugondy sheets; positional uncertainty 12.33 km replaces 34.61 km,REVISED,promo_b68466ea22a9,12.33
TERRESTRIAL_HEX,h6000_q-000632_r+000954,sp_fef06587fead,CONTROLLED,"land inside the Portuguese safe interior (v3); 17.94 of 17.94 km2 of the hex's canonical land, largest unioned share",UNRESOLVED,,promo_7c95358cf0a4,34.61,rev_7c6c69c04bae,Portugal safe interior v3 from the 1751 Vaugondy sheets; positional uncertainty 12.33 km replaces 34.61 km,REVISED,promo_b68466ea22a9,12.33
TERRESTRIAL_HEX,h6000_q-000632_r+000955,sp_fef06587fead,CONTROLLED,"land inside the Portuguese safe interior (v3); 17.92 of 17.92 km2 of the hex's canonical land, largest unioned share",UNRESOLVED,,promo_7c95358cf0a4,34.61,rev_a85927a9d574,Portugal safe interior v3 from the 1751 Vaugondy sheets; positional uncertainty 12.33 km replaces 34.61 km,REVISED,promo_b68466ea22a9,12.33
TERRESTRIAL_HEX,h6000_q-000632_r+000956,sp_fef06587fead,CONTROLLED,"land inside the Portuguese safe interior (v3); 17.90 of 17.90 km2 of the hex's canonical land, largest unioned share",UNRESOLVED,,promo_7c95358cf0a4,34.61,rev_456c57334b8c,Portugal safe interior v3 from the 1751 Vaugondy sheets; positional uncertainty 12.33 km replaces 34.61 km,REVISED,promo_b68466ea22a9,12.33
TERRESTRIAL_HEX,h6000_q-000632_r+000957,sp_fef06587fead,CONTROLLED,"land inside the Portuguese safe interior (v3); 17.88 of 17.88 km2 of the hex's canonical land, largest unioned share",UNRESOLVED,,promo_7c95358cf0a4,34.61,rev_b05ecefb1749,Portugal safe interior v3 from the 1751 Vaugondy sheets; positional uncertainty 12.33 km replaces 34.61 km,REVISED,promo_b68466ea22a9,12.33
TERRESTRIAL_HEX,h6000_q-000632_r+000958,sp_fef06587fead,CONTROLLED,"land inside the Portuguese safe interior (v3); 17.87 of 17.87 km2 of the hex's canonical land, largest unioned share",UNRESOLVED,,promo_7c95358cf0a4,34.61,rev_00af45615892,Portugal safe interior v3 from the 1751 Vaugondy sheets; positional uncertainty 12.33 km replaces 34.61 km,REVISED,promo_b68466ea22a9,12.33
TERRESTRIAL_HEX,h6000_q-000632_r+000959,sp_fef06587fead,CONTROLLED,"land inside the Portuguese safe interior (v3); 17.85 of 17.85 km2 of the hex's canonical land, largest unioned share",UNRESOLVED,,promo_7c95358cf0a4,34.61,rev_bd52d3d1fc03,Portugal safe interior v3 from the 1751 Vaugondy sheets; positional uncertainty 12.33 km replaces 34.61 km,REVISED,promo_b68466ea22a9,12.33
TERRESTRIAL_HEX,h6000_q-000632_r+000960,sp_fef06587fead,CONTROLLED,"land inside the Portuguese safe interior (v3); 17.83 of 17.83 km2 of the hex's canonical land, largest unioned share",UNRESOLVED,,promo_7c95358cf0a4,34.61,rev_5ca72efb347a,Portugal safe interior v3 from the 1751 Vaugondy sheets; positional uncertainty 12.33 km replaces 34.61 km,REVISED,promo_b68466ea22a9,12.33
TERRESTRIAL_HEX,h6000_q-000632_r+000961,sp_fef06587fead,CONTROLLED,"land inside the Portuguese safe interior (v3); 17.81 of 17.81 km2 of the hex's canonical land, largest unioned share",UNRESOLVED,,promo_7c95358cf0a4,34.61,rev_6a12bab21cd1,Portugal safe interior v3 from the 1751 Vaugondy sheets; positional uncertainty 12.33 km replaces 34.61 km,REVISED,promo_b68466ea22a9,12.33
TERRESTRIAL_HEX,h6000_q-000632_r+000962,sp_fef06587fead,CONTROLLED,"land inside the Portuguese safe interior (v3); 17.79 of 17.79 km2 of the hex's canonical land, largest unioned share",UNRESOLVED,,promo_7c95358cf0a4,34.61,rev_828dd6673d09,Portugal safe interior v3 from the 1751 Vaugondy sheets; positional uncertainty 12.33 km replaces 34.61 km,REVISED,promo_b68466ea22a9,12.33
TERRESTRIAL_HEX,h6000_q-000632_r+000963,sp_fef06587fead,CONTROLLED,"land inside the Portuguese safe interior (v3); 17.77 of 17.77 km2 of the hex's canonical land, largest unioned share",UNRESOLVED,,promo_7c95358cf0a4,34.61,rev_fa26a08a1dd1,Portugal safe interior v3 from the 1751 Vaugondy sheets; positional uncertainty 12.33 km replaces 34.61 km,REVISED,promo_b68466ea22a9,12.33
TERRESTRIAL_HEX,h6000_q-000632_r+000964,sp_fef06587fead,CONTROLLED,"land inside the Portuguese safe interior (v3); 17.75 of 17.75 km2 of the hex's canonical land, largest unioned share",UNRESOLVED,,promo_7c95358cf0a4,34.61,rev_f9b36b5768fa,Portugal safe interior v3 from the 1751 Vaugondy sheets; positional uncertainty 12.33 km replaces 34.61 km,REVISED,promo_b68466ea22a9,12.33
TERRESTRIAL_HEX,h6000_q-000632_r+000965,sp_fef06587fead,CONTROLLED,"land inside the Portuguese safe interior (v3); 17.73 of 17.73 km2 of the hex's canonical land, largest unioned share",UNRESOLVED,,promo_7c95358cf0a4,34.61,rev_2f613811555b,Portugal safe interior v3 from the 1751 Vaugondy sheets; positional uncertainty 12.33 km replaces 34.61 km,REVISED,promo_b68466ea22a9,12.33
TERRESTRIAL_HEX,h6000_q-000632_r+000966,sp_fef06587fead,CONTROLLED,"land inside the Portuguese safe interior (v3); 17.72 of 17.72 km2 of the hex's canonical land, largest unioned share",UNRESOLVED,,promo_7c95358cf0a4,34.61,rev_4bd49da36d56,Portugal safe interior v3 from the 1751 Vaugondy sheets; positional uncertainty 12.33 km replaces 34.61 km,REVISED,promo_b68466ea22a9,12.33
TERRESTRIAL_HEX,h6000_q-000632_r+000967,sp_fef06587fead,CONTROLLED,"land inside the Portuguese safe interior (v3); 17.70 of 17.70 km2 of the hex's canonical land, largest unioned share",UNRESOLVED,,promo_7c95358cf0a4,34.61,rev_f4d4a07d6dcb,Portugal safe interior v3 from the 1751 Vaugondy sheets; positional uncertainty 12.33 km replaces 34.61 km,REVISED,promo_b68466ea22a9,12.33
TERRESTRIAL_HEX,h6000_q-000632_r+000968,sp_fef06587fead,CONTROLLED,"land inside the Portuguese safe interior (v3); 17.68 of 17.68 km2 of the hex's canonical land, largest unioned share",UNRESOLVED,,promo_c1d69cca569e,34.61,rev_93b818c8d435,Portugal safe interior v3 from the 1751 Vaugondy sheets; positional uncertainty 12.33 km replaces 34.61 km,REVISED,promo_b68466ea22a9,12.33
TERRESTRIAL_HEX,h6000_q-000632_r+000969,sp_fef06587fead,CONTROLLED,"land inside the Portuguese safe interior (v3); 17.66 of 17.66 km2 of the hex's canonical land, largest unioned share",UNRESOLVED,,promo_c1d69cca569e,34.61,rev_ae36aa6b5f56,Portugal safe interior v3 from the 1751 Vaugondy sheets; positional uncertainty 12.33 km replaces 34.61 km,REVISED,promo_b68466ea22a9,12.33
TERRESTRIAL_HEX,h6000_q-000632_r+000973,sp_fef06587fead,CONTROLLED,"land inside the Portuguese safe interior (v3); 17.58 of 17.58 km2 of the hex's canonical land, largest unioned share",UNRESOLVED,,promo_c1d69cca569e,34.61,rev_ee27df097132,Portugal safe interior v3 from the 1751 Vaugondy sheets; positional uncertainty 12.33 km replaces 34.61 km,REVISED,promo_b68466ea22a9,12.33
TERRESTRIAL_HEX,h6000_q-000632_r+000974,sp_fef06587fead,CONTROLLED,"land inside the Portuguese safe interior (v3); 17.57 of 17.57 km2 of the hex's canonical land, largest unioned share",UNRESOLVED,,promo_c1d69cca569e,34.61,rev_d197d6012f3e,Portugal safe interior v3 from the 1751 Vaugondy sheets; positional uncertainty 12.33 km replaces 34.61 km,REVISED,promo_b68466ea22a9,12.33
TERRESTRIAL_HEX,h6000_q-000632_r+000975,sp_fef06587fead,CONTROLLED,"land inside the Portuguese safe interior (v3); 17.55 of 17.55 km2 of the hex's canonical land, largest unioned share",UNRESOLVED,,promo_c1d69cca569e,34.61,rev_85a0f64ea0ef,Portugal safe interior v3 from the 1751 Vaugondy sheets; positional uncertainty 12.33 km replaces 34.61 km,REVISED,promo_b68466ea22a9,12.33
TERRESTRIAL_HEX,h6000_q-000632_r+000976,sp_fef06587fead,CONTROLLED,"land inside the Portuguese safe interior (v3); 17.53 of 17.53 km2 of the hex's canonical land, largest unioned share",UNRESOLVED,,promo_c1d69cca569e,34.61,rev_927473c0230d,Portugal safe interior v3 from the 1751 Vaugondy sheets; positional uncertainty 12.33 km replaces 34.61 km,REVISED,promo_b68466ea22a9,12.33
TERRESTRIAL_HEX,h6000_q-000632_r+000977,sp_fef06587fead,CONTROLLED,"land inside the Portuguese safe interior (v3); 17.51 of 17.51 km2 of the hex's canonical land, largest unioned share",UNRESOLVED,,promo_c1d69cca569e,34.61,rev_be9693bfedac,Portugal safe interior v3 from the 1751 Vaugondy sheets; positional uncertainty 12.33 km replaces 34.61 km,REVISED,promo_b68466ea22a9,12.33
TERRESTRIAL_HEX,h6000_q-000632_r+000978,sp_fef06587fead,CONTROLLED,"land inside the Portuguese safe interior (v3); 17.49 of 17.49 km2 of the hex's canonical land, largest unioned share",UNRESOLVED,,promo_7c95358cf0a4,34.61,rev_f5b045a9c407,Portugal safe interior v3 from the 1751 Vaugondy sheets; positional uncertainty 12.33 km replaces 34.61 km,REVISED,promo_b68466ea22a9,12.33
TERRESTRIAL_HEX,h6000_q-000632_r+000979,sp_fef06587fead,CONTROLLED,"land inside the Portuguese safe interior (v3); 17.47 of 17.47 km2 of the hex's canonical land, largest unioned share",UNRESOLVED,,promo_7c95358cf0a4,34.61,rev_50b9dacd9cdf,Portugal safe interior v3 from the 1751 Vaugondy sheets; positional uncertainty 12.33 km replaces 34.61 km,REVISED,promo_b68466ea22a9,12.33
TERRESTRIAL_HEX,h6000_q-000632_r+000980,sp_fef06587fead,CONTROLLED,"land inside the Portuguese safe interior (v3); 17.45 of 17.45 km2 of the hex's canonical land, largest unioned share",UNRESOLVED,,promo_7c95358cf0a4,34.61,rev_ccd0426109d1,Portugal safe interior v3 from the 1751 Vaugondy sheets; positional uncertainty 12.33 km replaces 34.61 km,REVISED,promo_b68466ea22a9,12.33
TERRESTRIAL_HEX,h6000_q-000632_r+000981,sp_fef06587fead,CONTROLLED,"land inside the Portuguese safe interior (v3); 17.43 of 17.43 km2 of the hex's canonical land, largest unioned share",UNRESOLVED,,promo_7c95358cf0a4,34.61,rev_4ea3a0a946c8,Portugal safe interior v3 from the 1751 Vaugondy sheets; positional uncertainty 12.33 km replaces 34.61 km,REVISED,promo_b68466ea22a9,12.33
TERRESTRIAL_HEX,h6000_q-000632_r+000982,sp_fef06587fead,CONTROLLED,"land inside the Portuguese safe interior (v3); 17.42 of 17.42 km2 of the hex's canonical land, largest unioned share",UNRESOLVED,,promo_7c95358cf0a4,34.61,rev_c3892a94252c,Portugal safe interior v3 from the 1751 Vaugondy sheets; positional uncertainty 12.33 km replaces 34.61 km,REVISED,promo_b68466ea22a9,12.33
TERRESTRIAL_HEX,h6000_q-000632_r+000983,sp_fef06587fead,CONTROLLED,"land inside the Portuguese safe interior (v3); 17.40 of 17.40 km2 of the hex's canonical land, largest unioned share",UNRESOLVED,,promo_7c95358cf0a4,34.61,rev_45936b942634,Portugal safe interior v3 from the 1751 Vaugondy sheets; positional uncertainty 12.33 km replaces 34.61 km,REVISED,promo_b68466ea22a9,12.33
TERRESTRIAL_HEX,h6000_q-000632_r+000984,sp_fef06587fead,CONTROLLED,"land inside the Portuguese safe interior (v3); 17.38 of 17.38 km2 of the hex's canonical land, largest unioned share",UNRESOLVED,,promo_7c95358cf0a4,34.61,rev_84978f00f3b2,Portugal safe interior v3 from the 1751 Vaugondy sheets; positional uncertainty 12.33 km replaces 34.61 km,REVISED,promo_b68466ea22a9,12.33
TERRESTRIAL_HEX,h6000_q-000632_r+000985,sp_fef06587fead,CONTROLLED,"land inside the Portuguese safe interior (v3); 17.36 of 17.36 km2 of the hex's canonical land, largest unioned share",UNRESOLVED,,promo_7c95358cf0a4,34.61,rev_e8a159ff7975,Portugal safe interior v3 from the 1751 Vaugondy sheets; positional uncertainty 12.33 km replaces 34.61 km,REVISED,promo_b68466ea22a9,12.33
TERRESTRIAL_HEX,h6000_q-000633_r+000945,sp_fef06587fead,CONTROLLED,"land inside the Portuguese safe interior (v3); 12.39 of 18.11 km2 of the hex's canonical land, largest unioned share",UNRESOLVED,,promo_7c95358cf0a4,34.61,rev_85271d5db3bf,Portugal safe interior v3 from the 1751 Vaugondy sheets; positional uncertainty 12.33 km replaces 34.61 km,REVISED,promo_b68466ea22a9,12.33
TERRESTRIAL_HEX,h6000_q-000633_r+000950,sp_fef06587fead,CONTROLLED,"land inside the Portuguese safe interior (v3); 18.02 of 18.02 km2 of the hex's canonical land, largest unioned share",UNRESOLVED,,promo_7c95358cf0a4,34.61,rev_395c96768f94,Portugal safe interior v3 from the 1751 Vaugondy sheets; positional uncertainty 12.33 km replaces 34.61 km,REVISED,promo_b68466ea22a9,12.33
TERRESTRIAL_HEX,h6000_q-000633_r+000951,sp_fef06587fead,CONTROLLED,"land inside the Portuguese safe interior (v3); 18.00 of 18.00 km2 of the hex's canonical land, largest unioned share",UNRESOLVED,,promo_7c95358cf0a4,34.61,rev_cd566342d6a8,Portugal safe interior v3 from the 1751 Vaugondy sheets; positional uncertainty 12.33 km replaces 34.61 km,REVISED,promo_b68466ea22a9,12.33
TERRESTRIAL_HEX,h6000_q-000633_r+000952,sp_fef06587fead,CONTROLLED,"land inside the Portuguese safe interior (v3); 17.98 of 17.98 km2 of the hex's canonical land, largest unioned share",UNRESOLVED,,promo_7c95358cf0a4,34.61,rev_6f43cb5a2080,Portugal safe interior v3 from the 1751 Vaugondy sheets; positional uncertainty 12.33 km replaces 34.61 km,REVISED,promo_b68466ea22a9,12.33
TERRESTRIAL_HEX,h6000_q-000633_r+000953,sp_fef06587fead,CONTROLLED,"land inside the Portuguese safe interior (v3); 17.96 of 17.96 km2 of the hex's canonical land, largest unioned share",UNRESOLVED,,promo_7c95358cf0a4,34.61,rev_f2cfee70d63d,Portugal safe interior v3 from the 1751 Vaugondy sheets; positional uncertainty 12.33 km replaces 34.61 km,REVISED,promo_b68466ea22a9,12.33
TERRESTRIAL_HEX,h6000_q-000633_r+000954,sp_fef06587fead,CONTROLLED,"land inside the Portuguese safe interior (v3); 17.94 of 17.94 km2 of the hex's canonical land, largest unioned share",UNRESOLVED,,promo_7c95358cf0a4,34.61,rev_39a15b244d33,Portugal safe interior v3 from the 1751 Vaugondy sheets; positional uncertainty 12.33 km replaces 34.61 km,REVISED,promo_b68466ea22a9,12.33
TERRESTRIAL_HEX,h6000_q-000633_r+000955,sp_fef06587fead,CONTROLLED,"land inside the Portuguese safe interior (v3); 17.92 of 17.92 km2 of the hex's canonical land, largest unioned share",UNRESOLVED,,promo_7c95358cf0a4,34.61,rev_f21f0f34a139,Portugal safe interior v3 from the 1751 Vaugondy sheets; positional uncertainty 12.33 km replaces 34.61 km,REVISED,promo_b68466ea22a9,12.33
TERRESTRIAL_HEX,h6000_q-000633_r+000956,sp_fef06587fead,CONTROLLED,"land inside the Portuguese safe interior (v3); 17.90 of 17.90 km2 of the hex's canonical land, largest unioned share",UNRESOLVED,,promo_7c95358cf0a4,34.61,rev_b248801e926f,Portugal safe interior v3 from the 1751 Vaugondy sheets; positional uncertainty 12.33 km replaces 34.61 km,REVISED,promo_b68466ea22a9,12.33
TERRESTRIAL_HEX,h6000_q-000633_r+000957,sp_fef06587fead,CONTROLLED,"land inside the Portuguese safe interior (v3); 17.88 of 17.88 km2 of the hex's canonical land, largest unioned share",UNRESOLVED,,promo_7c95358cf0a4,34.61,rev_754ba9f40640,Portugal safe interior v3 from the 1751 Vaugondy sheets; positional uncertainty 12.33 km replaces 34.61 km,REVISED,promo_b68466ea22a9,12.33
TERRESTRIAL_HEX,h6000_q-000633_r+000958,sp_fef06587fead,CONTROLLED,"land inside the Portuguese safe interior (v3); 17.87 of 17.87 km2 of the hex's canonical land, largest unioned share",UNRESOLVED,,promo_7c95358cf0a4,34.61,rev_35e560cd74b0,Portugal safe interior v3 from the 1751 Vaugondy sheets; positional uncertainty 12.33 km replaces 34.61 km,REVISED,promo_b68466ea22a9,12.33
TERRESTRIAL_HEX,h6000_q-000633_r+000959,sp_fef06587fead,CONTROLLED,"land inside the Portuguese safe interior (v3); 17.85 of 17.85 km2 of the hex's canonical land, largest unioned share",UNRESOLVED,,promo_7c95358cf0a4,34.61,rev_42743bea1997,Portugal safe interior v3 from the 1751 Vaugondy sheets; positional uncertainty 12.33 km replaces 34.61 km,REVISED,promo_b68466ea22a9,12.33
TERRESTRIAL_HEX,h6000_q-000633_r+000960,sp_fef06587fead,CONTROLLED,"land inside the Portuguese safe interior (v3); 17.83 of 17.83 km2 of the hex's canonical land, largest unioned share",UNRESOLVED,,promo_7c95358cf0a4,34.61,rev_08869cb220df,Portugal safe interior v3 from the 1751 Vaugondy sheets; positional uncertainty 12.33 km replaces 34.61 km,REVISED,promo_b68466ea22a9,12.33
TERRESTRIAL_HEX,h6000_q-000633_r+000961,sp_fef06587fead,CONTROLLED,"land inside the Portuguese safe interior (v3); 17.81 of 17.81 km2 of the hex's canonical land, largest unioned share",UNRESOLVED,,promo_7c95358cf0a4,34.61,rev_c8af92dfea53,Portugal safe interior v3 from the 1751 Vaugondy sheets; positional uncertainty 12.33 km replaces 34.61 km,REVISED,promo_b68466ea22a9,12.33
TERRESTRIAL_HEX,h6000_q-000633_r+000962,sp_fef06587fead,CONTROLLED,"land inside the Portuguese safe interior (v3); 17.79 of 17.79 km2 of the hex's canonical land, largest unioned share",UNRESOLVED,,promo_7c95358cf0a4,34.61,rev_2c212e09e183,Portugal safe interior v3 from the 1751 Vaugondy sheets; positional uncertainty 12.33 km replaces 34.61 km,REVISED,promo_b68466ea22a9,12.33
TERRESTRIAL_HEX,h6000_q-000633_r+000963,sp_fef06587fead,CONTROLLED,"land inside the Portuguese safe interior (v3); 17.77 of 17.77 km2 of the hex's canonical land, largest unioned share",UNRESOLVED,,promo_7c95358cf0a4,34.61,rev_e2b359ec85c2,Portugal safe interior v3 from the 1751 Vaugondy sheets; positional uncertainty 12.33 km replaces 34.61 km,REVISED,promo_b68466ea22a9,12.33
TERRESTRIAL_HEX,h6000_q-000633_r+000964,sp_fef06587fead,CONTROLLED,"land inside the Portuguese safe interior (v3); 17.75 of 17.75 km2 of the hex's canonical land, largest unioned share",UNRESOLVED,,promo_7c95358cf0a4,34.61,rev_5947b9029c0b,Portugal safe interior v3 from the 1751 Vaugondy sheets; positional uncertainty 12.33 km replaces 34.61 km,REVISED,promo_b68466ea22a9,12.33
TERRESTRIAL_HEX,h6000_q-000633_r+000965,sp_fef06587fead,CONTROLLED,"land inside the Portuguese safe interior (v3); 17.73 of 17.73 km2 of the hex's canonical land, largest unioned share",UNRESOLVED,,promo_7c95358cf0a4,34.61,rev_eb9ffd16a152,Portugal safe interior v3 from the 1751 Vaugondy sheets; positional uncertainty 12.33 km replaces 34.61 km,REVISED,promo_b68466ea22a9,12.33
TERRESTRIAL_HEX,h6000_q-000633_r+000966,sp_fef06587fead,CONTROLLED,"land inside the Portuguese safe interior (v3); 17.72 of 17.72 km2 of the hex's canonical land, largest unioned share",UNRESOLVED,,promo_7c95358cf0a4,34.61,rev_f80e0f47292d,Portugal safe interior v3 from the 1751 Vaugondy sheets; positional uncertainty 12.33 km replaces 34.61 km,REVISED,promo_b68466ea22a9,12.33
TERRESTRIAL_HEX,h6000_q-000633_r+000967,sp_fef06587fead,CONTROLLED,"land inside the Portuguese safe interior (v3); 17.70 of 17.70 km2 of the hex's canonical land, largest unioned share",UNRESOLVED,,promo_7c95358cf0a4,34.61,rev_4def57c90879,Portugal safe interior v3 from the 1751 Vaugondy sheets; positional uncertainty 12.33 km replaces 34.61 km,REVISED,promo_b68466ea22a9,12.33
TERRESTRIAL_HEX,h6000_q-000633_r+000968,sp_fef06587fead,CONTROLLED,"land inside the Portuguese safe interior (v3); 17.68 of 17.68 km2 of the hex's canonical land, largest unioned share",UNRESOLVED,,promo_7c95358cf0a4,34.61,rev_2dce4d11144c,Portugal safe interior v3 from the 1751 Vaugondy sheets; positional uncertainty 12.33 km replaces 34.61 km,REVISED,promo_b68466ea22a9,12.33
TERRESTRIAL_HEX,h6000_q-000633_r+000969,sp_fef06587fead,CONTROLLED,"land inside the Portuguese safe interior (v3); 17.66 of 17.66 km2 of the hex's canonical land, largest unioned share",UNRESOLVED,,promo_7c95358cf0a4,34.61,rev_38c98f46d9fa,Portugal safe interior v3 from the 1751 Vaugondy sheets; positional uncertainty 12.33 km replaces 34.61 km,REVISED,promo_b68466ea22a9,12.33
TERRESTRIAL_HEX,h6000_q-000633_r+000975,sp_fef06587fead,CONTROLLED,"land inside the Portuguese safe interior (v3); 17.55 of 17.55 km2 of the hex's canonical land, largest unioned share",UNRESOLVED,,promo_c1d69cca569e,34.61,rev_6c5e73ef2a7e,Portugal safe interior v3 from the 1751 Vaugondy sheets; positional uncertainty 12.33 km replaces 34.61 km,REVISED,promo_b68466ea22a9,12.33
TERRESTRIAL_HEX,h6000_q-000633_r+000976,sp_fef06587fead,CONTROLLED,"land inside the Portuguese safe interior (v3); 17.53 of 17.53 km2 of the hex's canonical land, largest unioned share",UNRESOLVED,,promo_c1d69cca569e,34.61,rev_0e143ff07656,Portugal safe interior v3 from the 1751 Vaugondy sheets; positional uncertainty 12.33 km replaces 34.61 km,REVISED,promo_b68466ea22a9,12.33
TERRESTRIAL_HEX,h6000_q-000633_r+000977,sp_fef06587fead,CONTROLLED,"land inside the Portuguese safe interior (v3); 17.51 of 17.51 km2 of the hex's canonical land, largest unioned share",UNRESOLVED,,promo_c1d69cca569e,34.61,rev_a24392868cd3,Portugal safe interior v3 from the 1751 Vaugondy sheets; positional uncertainty 12.33 km replaces 34.61 km,REVISED,promo_b68466ea22a9,12.33
TERRESTRIAL_HEX,h6000_q-000633_r+000978,sp_fef06587fead,CONTROLLED,"land inside the Portuguese safe interior (v3); 17.49 of 17.49 km2 of the hex's canonical land, largest unioned share",UNRESOLVED,,promo_c1d69cca569e,34.61,rev_ceff2c4a0e13,Portugal safe interior v3 from the 1751 Vaugondy sheets; positional uncertainty 12.33 km replaces 34.61 km,REVISED,promo_b68466ea22a9,12.33
TERRESTRIAL_HEX,h6000_q-000633_r+000979,sp_fef06587fead,CONTROLLED,"land inside the Portuguese safe interior (v3); 17.47 of 17.47 km2 of the hex's canonical land, largest unioned share",UNRESOLVED,,promo_c1d69cca569e,34.61,rev_5c256c473e1d,Portugal safe interior v3 from the 1751 Vaugondy sheets; positional uncertainty 12.33 km replaces 34.61 km,REVISED,promo_b68466ea22a9,12.33
TERRESTRIAL_HEX,h6000_q-000633_r+000980,sp_fef06587fead,CONTROLLED,"land inside the Portuguese safe interior (v3); 17.45 of 17.45 km2 of the hex's canonical land, largest unioned share",UNRESOLVED,,promo_7c95358cf0a4,34.61,rev_af5a07a3807e,Portugal safe interior v3 from the 1751 Vaugondy sheets; positional uncertainty 12.33 km replaces 34.61 km,REVISED,promo_b68466ea22a9,12.33
TERRESTRIAL_HEX,h6000_q-000633_r+000981,sp_fef06587fead,CONTROLLED,"land inside the Portuguese safe interior (v3); 17.43 of 17.43 km2 of the hex's canonical land, largest unioned share",UNRESOLVED,,promo_7c95358cf0a4,34.61,rev_18c90f2991d1,Portugal safe interior v3 from the 1751 Vaugondy sheets; positional uncertainty 12.33 km replaces 34.61 km,REVISED,promo_b68466ea22a9,12.33
TERRESTRIAL_HEX,h6000_q-000633_r+000982,sp_fef06587fead,CONTROLLED,"land inside the Portuguese safe interior (v3); 17.42 of 17.42 km2 of the hex's canonical land, largest unioned share",UNRESOLVED,,promo_7c95358cf0a4,34.61,rev_bb0ef63bf720,Portugal safe interior v3 from the 1751 Vaugondy sheets; positional uncertainty 12.33 km replaces 34.61 km,REVISED,promo_b68466ea22a9,12.33
TERRESTRIAL_HEX,h6000_q-000633_r+000983,sp_fef06587fead,CONTROLLED,"land inside the Portuguese safe interior (v3); 17.40 of 17.40 km2 of the hex's canonical land, largest unioned share",UNRESOLVED,,promo_7c95358cf0a4,34.61,rev_f39888d08d9a,Portugal safe interior v3 from the 1751 Vaugondy sheets; positional uncertainty 12.33 km replaces 34.61 km,REVISED,promo_b68466ea22a9,12.33
TERRESTRIAL_HEX,h6000_q-000633_r+000984,sp_fef06587fead,CONTROLLED,"land inside the Portuguese safe interior (v3); 17.38 of 17.38 km2 of the hex's canonical land, largest unioned share",UNRESOLVED,,promo_7c95358cf0a4,34.61,rev_7dc9f743b1f6,Portugal safe interior v3 from the 1751 Vaugondy sheets; positional uncertainty 12.33 km replaces 34.61 km,REVISED,promo_b68466ea22a9,12.33
TERRESTRIAL_HEX,h6000_q-000633_r+000985,sp_fef06587fead,CONTROLLED,"land inside the Portuguese safe interior (v3); 17.36 of 17.36 km2 of the hex's canonical land, largest unioned share",UNRESOLVED,,promo_7c95358cf0a4,34.61,rev_fdfad36906dd,Portugal safe interior v3 from the 1751 Vaugondy sheets; positional uncertainty 12.33 km replaces 34.61 km,REVISED,promo_b68466ea22a9,12.33
TERRESTRIAL_HEX,h6000_q-000634_r+000945,sp_fef06587fead,CONTROLLED,"land inside the Portuguese safe interior (v3); 4.77 of 18.11 km2 of the hex's canonical land, largest unioned share",UNRESOLVED,,promo_7c95358cf0a4,34.61,rev_2d2039e41686,Portugal safe interior v3 from the 1751 Vaugondy sheets; positional uncertainty 12.33 km replaces 34.61 km,REVISED,promo_b68466ea22a9,12.33
TERRESTRIAL_HEX,h6000_q-000634_r+000946,sp_fef06587fead,CONTROLLED,"land inside the Portuguese safe interior (v3); 14.44 of 18.09 km2 of the hex's canonical land, largest unioned share",UNRESOLVED,,promo_7c95358cf0a4,34.61,rev_92e259da1a53,Portugal safe interior v3 from the 1751 Vaugondy sheets; positional uncertainty 12.33 km replaces 34.61 km,REVISED,promo_b68466ea22a9,12.33
TERRESTRIAL_HEX,h6000_q-000634_r+000947,sp_fef06587fead,CONTROLLED,"land inside the Portuguese safe interior (v3); 17.61 of 18.07 km2 of the hex's canonical land, largest unioned share",UNRESOLVED,,promo_7c95358cf0a4,34.61,rev_375239cdf6d0,Portugal safe interior v3 from the 1751 Vaugondy sheets; positional uncertainty 12.33 km replaces 34.61 km,REVISED,promo_b68466ea22a9,12.33
TERRESTRIAL_HEX,h6000_q-000634_r+000948,sp_fef06587fead,CONTROLLED,"land inside the Portuguese safe interior (v3); 18.05 of 18.05 km2 of the hex's canonical land, largest unioned share",UNRESOLVED,,promo_7c95358cf0a4,34.61,rev_5d9c968c87fe,Portugal safe interior v3 from the 1751 Vaugondy sheets; positional uncertainty 12.33 km replaces 34.61 km,REVISED,promo_b68466ea22a9,12.33
TERRESTRIAL_HEX,h6000_q-000634_r+000949,sp_fef06587fead,CONTROLLED,"land inside the Portuguese safe interior (v3); 18.04 of 18.04 km2 of the hex's canonical land, largest unioned share",UNRESOLVED,,promo_7c95358cf0a4,34.61,rev_13802374aa94,Portugal safe interior v3 from the 1751 Vaugondy sheets; positional uncertainty 12.33 km replaces 34.61 km,REVISED,promo_b68466ea22a9,12.33
TERRESTRIAL_HEX,h6000_q-000634_r+000950,sp_fef06587fead,CONTROLLED,"land inside the Portuguese safe interior (v3); 18.02 of 18.02 km2 of the hex's canonical land, largest unioned share",UNRESOLVED,,promo_7c95358cf0a4,34.61,rev_76a97f5b4a11,Portugal safe interior v3 from the 1751 Vaugondy sheets; positional uncertainty 12.33 km replaces 34.61 km,REVISED,promo_b68466ea22a9,12.33
TERRESTRIAL_HEX,h6000_q-000634_r+000951,sp_fef06587fead,CONTROLLED,"land inside the Portuguese safe interior (v3); 18.00 of 18.00 km2 of the hex's canonical land, largest unioned share",UNRESOLVED,,promo_7c95358cf0a4,34.61,rev_eb0b7eb80513,Portugal safe interior v3 from the 1751 Vaugondy sheets; positional uncertainty 12.33 km replaces 34.61 km,REVISED,promo_b68466ea22a9,12.33
TERRESTRIAL_HEX,h6000_q-000634_r+000952,sp_fef06587fead,CONTROLLED,"land inside the Portuguese safe interior (v3); 17.98 of 17.98 km2 of the hex's canonical land, largest unioned share",UNRESOLVED,,promo_7c95358cf0a4,34.61,rev_df76e0ef7cfb,Portugal safe interior v3 from the 1751 Vaugondy sheets; positional uncertainty 12.33 km replaces 34.61 km,REVISED,promo_b68466ea22a9,12.33
TERRESTRIAL_HEX,h6000_q-000634_r+000953,sp_fef06587fead,CONTROLLED,"land inside the Portuguese safe interior (v3); 17.96 of 17.96 km2 of the hex's canonical land, largest unioned share",UNRESOLVED,,promo_7c95358cf0a4,34.61,rev_0dd38bae270d,Portugal safe interior v3 from the 1751 Vaugondy sheets; positional uncertainty 12.33 km replaces 34.61 km,REVISED,promo_b68466ea22a9,12.33
TERRESTRIAL_HEX,h6000_q-000634_r+000954,sp_fef06587fead,CONTROLLED,"land inside the Portuguese safe interior (v3); 17.94 of 17.94 km2 of the hex's canonical land, largest unioned share",UNRESOLVED,,promo_7c95358cf0a4,34.61,rev_bb146511386b,Portugal safe interior v3 from the 1751 Vaugondy sheets; positional uncertainty 12.33 km replaces 34.61 km,REVISED,promo_b68466ea22a9,12.33
TERRESTRIAL_HEX,h6000_q-000634_r+000955,sp_fef06587fead,CONTROLLED,"land inside the Portuguese safe interior (v3); 17.92 of 17.92 km2 of the hex's canonical land, largest unioned share",UNRESOLVED,,promo_7c95358cf0a4,34.61,rev_cd9f1c0fcad9,Portugal safe interior v3 from the 1751 Vaugondy sheets; positional uncertainty 12.33 km replaces 34.61 km,REVISED,promo_b68466ea22a9,12.33
TERRESTRIAL_HEX,h6000_q-000634_r+000956,sp_fef06587fead,CONTROLLED,"land inside the Portuguese safe interior (v3); 17.90 of 17.90 km2 of the hex's canonical land, largest unioned share",UNRESOLVED,,promo_7c95358cf0a4,34.61,rev_710323a7e3ee,Portugal safe interior v3 from the 1751 Vaugondy sheets; positional uncertainty 12.33 km replaces 34.61 km,REVISED,promo_b68466ea22a9,12.33
TERRESTRIAL_HEX,h6000_q-000634_r+000957,sp_fef06587fead,CONTROLLED,"land inside the Portuguese safe interior (v3); 17.88 of 17.88 km2 of the hex's canonical land, largest unioned share",UNRESOLVED,,promo_7c95358cf0a4,34.61,rev_379d25ffc7a5,Portugal safe interior v3 from the 1751 Vaugondy sheets; positional uncertainty 12.33 km replaces 34.61 km,REVISED,promo_b68466ea22a9,12.33
TERRESTRIAL_HEX,h6000_q-000634_r+000958,sp_fef06587fead,CONTROLLED,"land inside the Portuguese safe interior (v3); 17.87 of 17.87 km2 of the hex's canonical land, largest unioned share",UNRESOLVED,,promo_7c95358cf0a4,34.61,rev_e2c8418e204d,Portugal safe interior v3 from the 1751 Vaugondy sheets; positional uncertainty 12.33 km replaces 34.61 km,REVISED,promo_b68466ea22a9,12.33
TERRESTRIAL_HEX,h6000_q-000634_r+000959,sp_fef06587fead,CONTROLLED,"land inside the Portuguese safe interior (v3); 17.85 of 17.85 km2 of the hex's canonical land, largest unioned share",UNRESOLVED,,promo_7c95358cf0a4,34.61,rev_7ee72ee3327f,Portugal safe interior v3 from the 1751 Vaugondy sheets; positional uncertainty 12.33 km replaces 34.61 km,REVISED,promo_b68466ea22a9,12.33
TERRESTRIAL_HEX,h6000_q-000634_r+000960,sp_fef06587fead,CONTROLLED,"land inside the Portuguese safe interior (v3); 17.83 of 17.83 km2 of the hex's canonical land, largest unioned share",UNRESOLVED,,promo_7c95358cf0a4,34.61,rev_f03cdfe93b30,Portugal safe interior v3 from the 1751 Vaugondy sheets; positional uncertainty 12.33 km replaces 34.61 km,REVISED,promo_b68466ea22a9,12.33
TERRESTRIAL_HEX,h6000_q-000634_r+000961,sp_fef06587fead,CONTROLLED,"land inside the Portuguese safe interior (v3); 17.81 of 17.81 km2 of the hex's canonical land, largest unioned share",UNRESOLVED,,promo_7c95358cf0a4,34.61,rev_f91b8d1e03c6,Portugal safe interior v3 from the 1751 Vaugondy sheets; positional uncertainty 12.33 km replaces 34.61 km,REVISED,promo_b68466ea22a9,12.33
TERRESTRIAL_HEX,h6000_q-000634_r+000962,sp_fef06587fead,CONTROLLED,"land inside the Portuguese safe interior (v3); 17.79 of 17.79 km2 of the hex's canonical land, largest unioned share",UNRESOLVED,,promo_7c95358cf0a4,34.61,rev_dfb0ebf5c943,Portugal safe interior v3 from the 1751 Vaugondy sheets; positional uncertainty 12.33 km replaces 34.61 km,REVISED,promo_b68466ea22a9,12.33
TERRESTRIAL_HEX,h6000_q-000634_r+000963,sp_fef06587fead,CONTROLLED,"land inside the Portuguese safe interior (v3); 17.77 of 17.77 km2 of the hex's canonical land, largest unioned share",UNRESOLVED,,promo_7c95358cf0a4,34.61,rev_8e2de4e16618,Portugal safe interior v3 from the 1751 Vaugondy sheets; positional uncertainty 12.33 km replaces 34.61 km,REVISED,promo_b68466ea22a9,12.33
TERRESTRIAL_HEX,h6000_q-000634_r+000964,sp_fef06587fead,CONTROLLED,"land inside the Portuguese safe interior (v3); 17.75 of 17.75 km2 of the hex's canonical land, largest unioned share",UNRESOLVED,,promo_7c95358cf0a4,34.61,rev_346d42a2ad36,Portugal safe interior v3 from the 1751 Vaugondy sheets; positional uncertainty 12.33 km replaces 34.61 km,REVISED,promo_b68466ea22a9,12.33
TERRESTRIAL_HEX,h6000_q-000634_r+000965,sp_fef06587fead,CONTROLLED,"land inside the Portuguese safe interior (v3); 17.73 of 17.73 km2 of the hex's canonical land, largest unioned share",UNRESOLVED,,promo_7c95358cf0a4,34.61,rev_72329cd0ac79,Portugal safe interior v3 from the 1751 Vaugondy sheets; positional uncertainty 12.33 km replaces 34.61 km,REVISED,promo_b68466ea22a9,12.33
TERRESTRIAL_HEX,h6000_q-000634_r+000966,sp_fef06587fead,CONTROLLED,"land inside the Portuguese safe interior (v3); 17.72 of 17.72 km2 of the hex's canonical land, largest unioned share",UNRESOLVED,,promo_7c95358cf0a4,34.61,rev_3a58750e53da,Portugal safe interior v3 from the 1751 Vaugondy sheets; positional uncertainty 12.33 km replaces 34.61 km,REVISED,promo_b68466ea22a9,12.33
TERRESTRIAL_HEX,h6000_q-000634_r+000967,sp_fef06587fead,CONTROLLED,"land inside the Portuguese safe interior (v3); 17.70 of 17.70 km2 of the hex's canonical land, largest unioned share",UNRESOLVED,,promo_7c95358cf0a4,34.61,rev_8417cc9e670d,Portugal safe interior v3 from the 1751 Vaugondy sheets; positional uncertainty 12.33 km replaces 34.61 km,REVISED,promo_b68466ea22a9,12.33
TERRESTRIAL_HEX,h6000_q-000634_r+000968,sp_fef06587fead,CONTROLLED,"land inside the Portuguese safe interior (v3); 17.68 of 17.68 km2 of the hex's canonical land, largest unioned share",UNRESOLVED,,promo_7c95358cf0a4,34.61,rev_cd9662c75503,Portugal safe interior v3 from the 1751 Vaugondy sheets; positional uncertainty 12.33 km replaces 34.61 km,REVISED,promo_b68466ea22a9,12.33
TERRESTRIAL_HEX,h6000_q-000634_r+000969,sp_fef06587fead,CONTROLLED,"land inside the Portuguese safe interior (v3); 17.66 of 17.66 km2 of the hex's canonical land, largest unioned share",UNRESOLVED,,promo_7c95358cf0a4,34.61,rev_49e3b0534175,Portugal safe interior v3 from the 1751 Vaugondy sheets; positional uncertainty 12.33 km replaces 34.61 km,REVISED,promo_b68466ea22a9,12.33
TERRESTRIAL_HEX,h6000_q-000634_r+000983,sp_fef06587fead,CONTROLLED,"land inside the Portuguese safe interior (v3); 17.40 of 17.40 km2 of the hex's canonical land, largest unioned share",UNRESOLVED,,promo_7c95358cf0a4,34.61,rev_77c1a78e42b9,Portugal safe interior v3 from the 1751 Vaugondy sheets; positional uncertainty 12.33 km replaces 34.61 km,REVISED,promo_b68466ea22a9,12.33
TERRESTRIAL_HEX,h6000_q-000634_r+000984,sp_fef06587fead,CONTROLLED,"land inside the Portuguese safe interior (v3); 17.38 of 17.38 km2 of the hex's canonical land, largest unioned share",UNRESOLVED,,promo_7c95358cf0a4,34.61,rev_81a538a3fe3e,Portugal safe interior v3 from the 1751 Vaugondy sheets; positional uncertainty 12.33 km replaces 34.61 km,REVISED,promo_b68466ea22a9,12.33
TERRESTRIAL_HEX,h6000_q-000634_r+000985,sp_fef06587fead,CONTROLLED,"land inside the Portuguese safe interior (v3); 17.36 of 17.36 km2 of the hex's canonical land, largest unioned share",UNRESOLVED,,promo_7c95358cf0a4,34.61,rev_e5ee77fb9c50,Portugal safe interior v3 from the 1751 Vaugondy sheets; positional uncertainty 12.33 km replaces 34.61 km,REVISED,promo_b68466ea22a9,12.33
TERRESTRIAL_HEX,h6000_q-000634_r+000986,sp_fef06587fead,CONTROLLED,"land inside the Portuguese safe interior (v3); 10.98 of 17.34 km2 of the hex's canonical land, largest unioned share",UNRESOLVED,,promo_7c95358cf0a4,34.61,rev_8a5d1cdaf394,Portugal safe interior v3 from the 1751 Vaugondy sheets; positional uncertainty 12.33 km replaces 34.61 km,REVISED,promo_b68466ea22a9,12.33
TERRESTRIAL_HEX,h6000_q-000635_r+000947,sp_fef06587fead,CONTROLLED,"land inside the Portuguese safe interior (v3); 0.32 of 18.07 km2 of the hex's canonical land, largest unioned share",UNRESOLVED,,promo_7c95358cf0a4,34.61,rev_52e5fb38f7ca,Portugal safe interior v3 from the 1751 Vaugondy sheets; positional uncertainty 12.33 km replaces 34.61 km,REVISED,promo_b68466ea22a9,12.33
TERRESTRIAL_HEX,h6000_q-000635_r+000948,sp_fef06587fead,CONTROLLED,"land inside the Portuguese safe interior (v3); 2.69 of 18.05 km2 of the hex's canonical land, largest unioned share",UNRESOLVED,,promo_7c95358cf0a4,34.61,rev_315c5fccf6d8,Portugal safe interior v3 from the 1751 Vaugondy sheets; positional uncertainty 12.33 km replaces 34.61 km,REVISED,promo_b68466ea22a9,12.33
TERRESTRIAL_HEX,h6000_q-000635_r+000949,sp_fef06587fead,CONTROLLED,"land inside the Portuguese safe interior (v3); 9.71 of 18.04 km2 of the hex's canonical land, largest unioned share",UNRESOLVED,,promo_7c95358cf0a4,34.61,rev_00789c57e972,Portugal safe interior v3 from the 1751 Vaugondy sheets; positional uncertainty 12.33 km replaces 34.61 km,REVISED,promo_b68466ea22a9,12.33
TERRESTRIAL_HEX,h6000_q-000635_r+000950,sp_fef06587fead,CONTROLLED,"land inside the Portuguese safe interior (v3); 16.28 of 18.02 km2 of the hex's canonical land, largest unioned share",UNRESOLVED,,promo_7c95358cf0a4,34.61,rev_a1aa88396033,Portugal safe interior v3 from the 1751 Vaugondy sheets; positional uncertainty 12.33 km replaces 34.61 km,REVISED,promo_b68466ea22a9,12.33
TERRESTRIAL_HEX,h6000_q-000635_r+000951,sp_fef06587fead,CONTROLLED,"land inside the Portuguese safe interior (v3); 18.00 of 18.00 km2 of the hex's canonical land, largest unioned share",UNRESOLVED,,promo_7c95358cf0a4,34.61,rev_f01e3ebc6f3b,Portugal safe interior v3 from the 1751 Vaugondy sheets; positional uncertainty 12.33 km replaces 34.61 km,REVISED,promo_b68466ea22a9,12.33
TERRESTRIAL_HEX,h6000_q-000635_r+000952,sp_fef06587fead,CONTROLLED,"land inside the Portuguese safe interior (v3); 17.98 of 17.98 km2 of the hex's canonical land, largest unioned share",UNRESOLVED,,promo_7c95358cf0a4,34.61,rev_5b8653722e7b,Portugal safe interior v3 from the 1751 Vaugondy sheets; positional uncertainty 12.33 km replaces 34.61 km,REVISED,promo_b68466ea22a9,12.33
TERRESTRIAL_HEX,h6000_q-000635_r+000953,sp_fef06587fead,CONTROLLED,"land inside the Portuguese safe interior (v3); 17.96 of 17.96 km2 of the hex's canonical land, largest unioned share",UNRESOLVED,,promo_7c95358cf0a4,34.61,rev_926c49c72af3,Portugal safe interior v3 from the 1751 Vaugondy sheets; positional uncertainty 12.33 km replaces 34.61 km,REVISED,promo_b68466ea22a9,12.33
TERRESTRIAL_HEX,h6000_q-000635_r+000954,sp_fef06587fead,CONTROLLED,"land inside the Portuguese safe interior (v3); 17.94 of 17.94 km2 of the hex's canonical land, largest unioned share",UNRESOLVED,,promo_7c95358cf0a4,34.61,rev_c924b6d17f81,Portugal safe interior v3 from the 1751 Vaugondy sheets; positional uncertainty 12.33 km replaces 34.61 km,REVISED,promo_b68466ea22a9,12.33
TERRESTRIAL_HEX,h6000_q-000635_r+000955,sp_fef06587fead,CONTROLLED,"land inside the Portuguese safe interior (v3); 17.92 of 17.92 km2 of the hex's canonical land, largest unioned share",UNRESOLVED,,promo_7c95358cf0a4,34.61,rev_4cb9c0169feb,Portugal safe interior v3 from the 1751 Vaugondy sheets; positional uncertainty 12.33 km replaces 34.61 km,REVISED,promo_b68466ea22a9,12.33
TERRESTRIAL_HEX,h6000_q-000635_r+000960,sp_fef06587fead,CONTROLLED,"land inside the Portuguese safe interior (v3); 17.83 of 17.83 km2 of the hex's canonical land, largest unioned share",UNRESOLVED,,promo_7c95358cf0a4,34.61,rev_4a4886f786de,Portugal safe interior v3 from the 1751 Vaugondy sheets; positional uncertainty 12.33 km replaces 34.61 km,REVISED,promo_b68466ea22a9,12.33
TERRESTRIAL_HEX,h6000_q-000635_r+000961,sp_fef06587fead,CONTROLLED,"land inside the Portuguese safe interior (v3); 17.81 of 17.81 km2 of the hex's canonical land, largest unioned share",UNRESOLVED,,promo_7c95358cf0a4,34.61,rev_a1f828f7ab64,Portugal safe interior v3 from the 1751 Vaugondy sheets; positional uncertainty 12.33 km replaces 34.61 km,REVISED,promo_b68466ea22a9,12.33
TERRESTRIAL_HEX,h6000_q-000635_r+000962,sp_fef06587fead,CONTROLLED,"land inside the Portuguese safe interior (v3); 17.79 of 17.79 km2 of the hex's canonical land, largest unioned share",UNRESOLVED,,promo_7c95358cf0a4,34.61,rev_a14bdb4fe71e,Portugal safe interior v3 from the 1751 Vaugondy sheets; positional uncertainty 12.33 km replaces 34.61 km,REVISED,promo_b68466ea22a9,12.33
TERRESTRIAL_HEX,h6000_q-000635_r+000963,sp_fef06587fead,CONTROLLED,"land inside the Portuguese safe interior (v3); 17.77 of 17.77 km2 of the hex's canonical land, largest unioned share",UNRESOLVED,,promo_7c95358cf0a4,34.61,rev_c278adaade09,Portugal safe interior v3 from the 1751 Vaugondy sheets; positional uncertainty 12.33 km replaces 34.61 km,REVISED,promo_b68466ea22a9,12.33
TERRESTRIAL_HEX,h6000_q-000635_r+000964,sp_fef06587fead,CONTROLLED,"land inside the Portuguese safe interior (v3); 17.75 of 17.75 km2 of the hex's canonical land, largest unioned share",UNRESOLVED,,promo_7c95358cf0a4,34.61,rev_8a7601fc598f,Portugal safe interior v3 from the 1751 Vaugondy sheets; positional uncertainty 12.33 km replaces 34.61 km,REVISED,promo_b68466ea22a9,12.33
TERRESTRIAL_HEX,h6000_q-000635_r+000965,sp_fef06587fead,CONTROLLED,"land inside the Portuguese safe interior (v3); 17.73 of 17.73 km2 of the hex's canonical land, largest unioned share",UNRESOLVED,,promo_7c95358cf0a4,34.61,rev_b12e7cdbee46,Portugal safe interior v3 from the 1751 Vaugondy sheets; positional uncertainty 12.33 km replaces 34.61 km,REVISED,promo_b68466ea22a9,12.33
TERRESTRIAL_HEX,h6000_q-000635_r+000966,sp_fef06587fead,CONTROLLED,"land inside the Portuguese safe interior (v3); 17.72 of 17.72 km2 of the hex's canonical land, largest unioned share",UNRESOLVED,,promo_7c95358cf0a4,34.61,rev_3a6318e2460d,Portugal safe interior v3 from the 1751 Vaugondy sheets; positional uncertainty 12.33 km replaces 34.61 km,REVISED,promo_b68466ea22a9,12.33
TERRESTRIAL_HEX,h6000_q-000635_r+000967,sp_fef06587fead,CONTROLLED,"land inside the Portuguese safe interior (v3); 17.70 of 17.70 km2 of the hex's canonical land, largest unioned share",UNRESOLVED,,promo_7c95358cf0a4,34.61,rev_c6ef9f9f4d09,Portugal safe interior v3 from the 1751 Vaugondy sheets; positional uncertainty 12.33 km replaces 34.61 km,REVISED,promo_b68466ea22a9,12.33
TERRESTRIAL_HEX,h6000_q-000635_r+000968,sp_fef06587fead,CONTROLLED,"land inside the Portuguese safe interior (v3); 17.68 of 17.68 km2 of the hex's canonical land, largest unioned share",UNRESOLVED,,promo_7c95358cf0a4,34.61,rev_43027ea73121,Portugal safe interior v3 from the 1751 Vaugondy sheets; positional uncertainty 12.33 km replaces 34.61 km,REVISED,promo_b68466ea22a9,12.33
TERRESTRIAL_HEX,h6000_q-000635_r+000969,sp_fef06587fead,CONTROLLED,"land inside the Portuguese safe interior (v3); 17.66 of 17.66 km2 of the hex's canonical land, largest unioned share",UNRESOLVED,,promo_7c95358cf0a4,34.61,rev_7b6a3073d9c3,Portugal safe interior v3 from the 1751 Vaugondy sheets; positional uncertainty 12.33 km replaces 34.61 km,REVISED,promo_b68466ea22a9,12.33
TERRESTRIAL_HEX,h6000_q-000635_r+000986,sp_fef06587fead,CONTROLLED,"land inside the Portuguese safe interior (v3); 6.92 of 17.34 km2 of the hex's canonical land, largest unioned share",UNRESOLVED,,promo_7c95358cf0a4,34.61,rev_1bd07d71f388,Portugal safe interior v3 from the 1751 Vaugondy sheets; positional uncertainty 12.33 km replaces 34.61 km,REVISED,promo_b68466ea22a9,12.33
TERRESTRIAL_HEX,h6000_q-000636_r+000951,sp_fef06587fead,CONTROLLED,"land inside the Portuguese safe interior (v3); 2.53 of 18.00 km2 of the hex's canonical land, largest unioned share",UNRESOLVED,,promo_7c95358cf0a4,34.61,rev_d089c47436a4,Portugal safe interior v3 from the 1751 Vaugondy sheets; positional uncertainty 12.33 km replaces 34.61 km,REVISED,promo_b68466ea22a9,12.33
TERRESTRIAL_HEX,h6000_q-000636_r+000952,sp_fef06587fead,CONTROLLED,"land inside the Portuguese safe interior (v3); 7.28 of 17.98 km2 of the hex's canonical land, largest unioned share",UNRESOLVED,,promo_7c95358cf0a4,34.61,rev_ff951c109b11,Portugal safe interior v3 from the 1751 Vaugondy sheets; positional uncertainty 12.33 km replaces 34.61 km,REVISED,promo_b68466ea22a9,12.33
TERRESTRIAL_HEX,h6000_q-000636_r+000953,sp_fef06587fead,CONTROLLED,"land inside the Portuguese safe interior (v3); 12.68 of 17.96 km2 of the hex's canonical land, largest unioned share",UNRESOLVED,,promo_7c95358cf0a4,34.61,rev_867fea6a894e,Portugal safe interior v3 from the 1751 Vaugondy sheets; positional uncertainty 12.33 km replaces 34.61 km,REVISED,promo_b68466ea22a9,12.33
TERRESTRIAL_HEX,h6000_q-000636_r+000954,sp_fef06587fead,CONTROLLED,"land inside the Portuguese safe interior (v3); 17.94 of 17.94 km2 of the hex's canonical land, largest unioned share",UNRESOLVED,,promo_7c95358cf0a4,34.61,rev_d6f4034cfe87,Portugal safe interior v3 from the 1751 Vaugondy sheets; positional uncertainty 12.33 km replaces 34.61 km,REVISED,promo_b68466ea22a9,12.33
TERRESTRIAL_HEX,h6000_q-000636_r+000955,sp_fef06587fead,CONTROLLED,"land inside the Portuguese safe interior (v3); 17.92 of 17.92 km2 of the hex's canonical land, largest unioned share",UNRESOLVED,,promo_7c95358cf0a4,34.61,rev_a9dc8c988483,Portugal safe interior v3 from the 1751 Vaugondy sheets; positional uncertainty 12.33 km replaces 34.61 km,REVISED,promo_b68466ea22a9,12.33
TERRESTRIAL_HEX,h6000_q-000636_r+000961,sp_fef06587fead,CONTROLLED,"land inside the Portuguese safe interior (v3); 17.81 of 17.81 km2 of the hex's canonical land, largest unioned share",UNRESOLVED,,promo_7c95358cf0a4,34.61,rev_3198339d0a5e,Portugal safe interior v3 from the 1751 Vaugondy sheets; positional uncertainty 12.33 km replaces 34.61 km,REVISED,promo_b68466ea22a9,12.33
TERRESTRIAL_HEX,h6000_q-000636_r+000962,sp_fef06587fead,CONTROLLED,"land inside the Portuguese safe interior (v3); 17.79 of 17.79 km2 of the hex's canonical land, largest unioned share",UNRESOLVED,,promo_7c95358cf0a4,34.61,rev_90d83909f93b,Portugal safe interior v3 from the 1751 Vaugondy sheets; positional uncertainty 12.33 km replaces 34.61 km,REVISED,promo_b68466ea22a9,12.33
TERRESTRIAL_HEX,h6000_q-000636_r+000963,sp_fef06587fead,CONTROLLED,"land inside the Portuguese safe interior (v3); 17.77 of 17.77 km2 of the hex's canonical land, largest unioned share",UNRESOLVED,,promo_7c95358cf0a4,34.61,rev_b608d63b14f4,Portugal safe interior v3 from the 1751 Vaugondy sheets; positional uncertainty 12.33 km replaces 34.61 km,REVISED,promo_b68466ea22a9,12.33
TERRESTRIAL_HEX,h6000_q-000636_r+000964,sp_fef06587fead,CONTROLLED,"land inside the Portuguese safe interior (v3); 17.75 of 17.75 km2 of the hex's canonical land, largest unioned share",UNRESOLVED,,promo_7c95358cf0a4,34.61,rev_f8f1469a856e,Portugal safe interior v3 from the 1751 Vaugondy sheets; positional uncertainty 12.33 km replaces 34.61 km,REVISED,promo_b68466ea22a9,12.33
TERRESTRIAL_HEX,h6000_q-000636_r+000965,sp_fef06587fead,CONTROLLED,"land inside the Portuguese safe interior (v3); 17.73 of 17.73 km2 of the hex's canonical land, largest unioned share",UNRESOLVED,,promo_7c95358cf0a4,34.61,rev_9be9eaeabd92,Portugal safe interior v3 from the 1751 Vaugondy sheets; positional uncertainty 12.33 km replaces 34.61 km,REVISED,promo_b68466ea22a9,12.33
TERRESTRIAL_HEX,h6000_q-000636_r+000966,sp_fef06587fead,CONTROLLED,"land inside the Portuguese safe interior (v3); 17.72 of 17.72 km2 of the hex's canonical land, largest unioned share",UNRESOLVED,,promo_7c95358cf0a4,34.61,rev_d0e6cbace946,Portugal safe interior v3 from the 1751 Vaugondy sheets; positional uncertainty 12.33 km replaces 34.61 km,REVISED,promo_b68466ea22a9,12.33
TERRESTRIAL_HEX,h6000_q-000636_r+000967,sp_fef06587fead,CONTROLLED,"land inside the Portuguese safe interior (v3); 17.70 of 17.70 km2 of the hex's canonical land, largest unioned share",UNRESOLVED,,promo_7c95358cf0a4,34.61,rev_dfc2022ca3d7,Portugal safe interior v3 from the 1751 Vaugondy sheets; positional uncertainty 12.33 km replaces 34.61 km,REVISED,promo_b68466ea22a9,12.33
TERRESTRIAL_HEX,h6000_q-000636_r+000968,sp_fef06587fead,CONTROLLED,"land inside the Portuguese safe interior (v3); 17.68 of 17.68 km2 of the hex's canonical land, largest unioned share",UNRESOLVED,,promo_7c95358cf0a4,34.61,rev_a88668b5776d,Portugal safe interior v3 from the 1751 Vaugondy sheets; positional uncertainty 12.33 km replaces 34.61 km,REVISED,promo_b68466ea22a9,12.33
TERRESTRIAL_HEX,h6000_q-000636_r+000969,sp_fef06587fead,CONTROLLED,"land inside the Portuguese safe interior (v3); 17.66 of 17.66 km2 of the hex's canonical land, largest unioned share",UNRESOLVED,,promo_7c95358cf0a4,34.61,rev_10889208d346,Portugal safe interior v3 from the 1751 Vaugondy sheets; positional uncertainty 12.33 km replaces 34.61 km,REVISED,promo_b68466ea22a9,12.33
TERRESTRIAL_HEX,h6000_q-000637_r+000954,sp_fef06587fead,CONTROLLED,"land inside the Portuguese safe interior (v3); 1.76 of 17.94 km2 of the hex's canonical land, largest unioned share",UNRESOLVED,,promo_7c95358cf0a4,34.61,rev_6dbf66c04e02,Portugal safe interior v3 from the 1751 Vaugondy sheets; positional uncertainty 12.33 km replaces 34.61 km,REVISED,promo_b68466ea22a9,12.33
TERRESTRIAL_HEX,h6000_q-000637_r+000955,sp_fef06587fead,CONTROLLED,"land inside the Portuguese safe interior (v3); 9.21 of 17.92 km2 of the hex's canonical land, largest unioned share",UNRESOLVED,,promo_7c95358cf0a4,34.61,rev_c90826212119,Portugal safe interior v3 from the 1751 Vaugondy sheets; positional uncertainty 12.33 km replaces 34.61 km,REVISED,promo_b68466ea22a9,12.33
TERRESTRIAL_HEX,h6000_q-000637_r+000956,sp_fef06587fead,CONTROLLED,"land inside the Portuguese safe interior (v3); 13.33 of 17.90 km2 of the hex's canonical land, largest unioned share",UNRESOLVED,,promo_7c95358cf0a4,34.61,rev_5adfb1de0c92,Portugal safe interior v3 from the 1751 Vaugondy sheets; positional uncertainty 12.33 km replaces 34.61 km,REVISED,promo_b68466ea22a9,12.33
TERRESTRIAL_HEX,h6000_q-000637_r+000957,sp_fef06587fead,CONTROLLED,"land inside the Portuguese safe interior (v3); 17.84 of 17.88 km2 of the hex's canonical land, largest unioned share",UNRESOLVED,,promo_7c95358cf0a4,34.61,rev_f94109c6239e,Portugal safe interior v3 from the 1751 Vaugondy sheets; positional uncertainty 12.33 km replaces 34.61 km,REVISED,promo_b68466ea22a9,12.33
TERRESTRIAL_HEX,h6000_q-000637_r+000958,sp_fef06587fead,CONTROLLED,"land inside the Portuguese safe interior (v3); 17.87 of 17.87 km2 of the hex's canonical land, largest unioned share",UNRESOLVED,,promo_7c95358cf0a4,34.61,rev_a3fe725d27b5,Portugal safe interior v3 from the 1751 Vaugondy sheets; positional uncertainty 12.33 km replaces 34.61 km,REVISED,promo_b68466ea22a9,12.33
TERRESTRIAL_HEX,h6000_q-000637_r+000959,sp_fef06587fead,CONTROLLED,"land inside the Portuguese safe interior (v3); 17.85 of 17.85 km2 of the hex's canonical land, largest unioned share",UNRESOLVED,,promo_7c95358cf0a4,34.61,rev_b3ef16369a9e,Portugal safe interior v3 from the 1751 Vaugondy sheets; positional uncertainty 12.33 km replaces 34.61 km,REVISED,promo_b68466ea22a9,12.33
TERRESTRIAL_HEX,h6000_q-000637_r+000962,sp_fef06587fead,CONTROLLED,"land inside the Portuguese safe interior (v3); 17.79 of 17.79 km2 of the hex's canonical land, largest unioned share",UNRESOLVED,,promo_7c95358cf0a4,34.61,rev_34f7676f7f73,Portugal safe interior v3 from the 1751 Vaugondy sheets; positional uncertainty 12.33 km replaces 34.61 km,REVISED,promo_b68466ea22a9,12.33
TERRESTRIAL_HEX,h6000_q-000637_r+000963,sp_fef06587fead,CONTROLLED,"land inside the Portuguese safe interior (v3); 17.77 of 17.77 km2 of the hex's canonical land, largest unioned share",UNRESOLVED,,promo_7c95358cf0a4,34.61,rev_d7959fef9278,Portugal safe interior v3 from the 1751 Vaugondy sheets; positional uncertainty 12.33 km replaces 34.61 km,REVISED,promo_b68466ea22a9,12.33
TERRESTRIAL_HEX,h6000_q-000637_r+000964,sp_fef06587fead,CONTROLLED,"land inside the Portuguese safe interior (v3); 17.75 of 17.75 km2 of the hex's canonical land, largest unioned share",UNRESOLVED,,promo_7c95358cf0a4,34.61,rev_2257e1ca0354,Portugal safe interior v3 from the 1751 Vaugondy sheets; positional uncertainty 12.33 km replaces 34.61 km,REVISED,promo_b68466ea22a9,12.33
TERRESTRIAL_HEX,h6000_q-000637_r+000965,sp_fef06587fead,CONTROLLED,"land inside the Portuguese safe interior (v3); 17.73 of 17.73 km2 of the hex's canonical land, largest unioned share",UNRESOLVED,,promo_7c95358cf0a4,34.61,rev_611ebde449b1,Portugal safe interior v3 from the 1751 Vaugondy sheets; positional uncertainty 12.33 km replaces 34.61 km,REVISED,promo_b68466ea22a9,12.33
TERRESTRIAL_HEX,h6000_q-000637_r+000966,sp_fef06587fead,CONTROLLED,"land inside the Portuguese safe interior (v3); 17.72 of 17.72 km2 of the hex's canonical land, largest unioned share",UNRESOLVED,,promo_7c95358cf0a4,34.61,rev_7b6eb048ddd5,Portugal safe interior v3 from the 1751 Vaugondy sheets; positional uncertainty 12.33 km replaces 34.61 km,REVISED,promo_b68466ea22a9,12.33
TERRESTRIAL_HEX,h6000_q-000637_r+000967,sp_fef06587fead,CONTROLLED,"land inside the Portuguese safe interior (v3); 17.70 of 17.70 km2 of the hex's canonical land, largest unioned share",UNRESOLVED,,promo_7c95358cf0a4,34.61,rev_124cc8da76e4,Portugal safe interior v3 from the 1751 Vaugondy sheets; positional uncertainty 12.33 km replaces 34.61 km,REVISED,promo_b68466ea22a9,12.33
TERRESTRIAL_HEX,h6000_q-000637_r+000968,sp_fef06587fead,CONTROLLED,"land inside the Portuguese safe interior (v3); 17.68 of 17.68 km2 of the hex's canonical land, largest unioned share",UNRESOLVED,,promo_7c95358cf0a4,34.61,rev_02e311847ec5,Portugal safe interior v3 from the 1751 Vaugondy sheets; positional uncertainty 12.33 km replaces 34.61 km,REVISED,promo_b68466ea22a9,12.33
TERRESTRIAL_HEX,h6000_q-000637_r+000969,sp_fef06587fead,CONTROLLED,"land inside the Portuguese safe interior (v3); 17.66 of 17.66 km2 of the hex's canonical land, largest unioned share",UNRESOLVED,,promo_7c95358cf0a4,34.61,rev_a42e7a255690,Portugal safe interior v3 from the 1751 Vaugondy sheets; positional uncertainty 12.33 km replaces 34.61 km,REVISED,promo_b68466ea22a9,12.33
TERRESTRIAL_HEX,h6000_q-000637_r+000970,sp_fef06587fead,CONTROLLED,"land inside the Portuguese safe interior (v3); 17.64 of 17.64 km2 of the hex's canonical land, largest unioned share",UNRESOLVED,,promo_7c95358cf0a4,34.61,rev_74b17b8dec20,Portugal safe interior v3 from the 1751 Vaugondy sheets; positional uncertainty 12.33 km replaces 34.61 km,REVISED,promo_b68466ea22a9,12.33
TERRESTRIAL_HEX,h6000_q-000638_r+000957,sp_fef06587fead,CONTROLLED,"land inside the Portuguese safe interior (v3); 0.62 of 17.88 km2 of the hex's canonical land, largest unioned share",UNRESOLVED,,promo_7c95358cf0a4,34.61,rev_8f2e33a2286e,Portugal safe interior v3 from the 1751 Vaugondy sheets; positional uncertainty 12.33 km replaces 34.61 km,REVISED,promo_b68466ea22a9,12.33
TERRESTRIAL_HEX,h6000_q-000638_r+000958,sp_fef06587fead,CONTROLLED,"land inside the Portuguese safe interior (v3); 6.01 of 17.87 km2 of the hex's canonical land, largest unioned share",UNRESOLVED,,promo_7c95358cf0a4,34.61,rev_68ab2f28e0d0,Portugal safe interior v3 from the 1751 Vaugondy sheets; positional uncertainty 12.33 km replaces 34.61 km,REVISED,promo_b68466ea22a9,12.33
TERRESTRIAL_HEX,h6000_q-000638_r+000959,sp_fef06587fead,CONTROLLED,"land inside the Portuguese safe interior (v3); 11.81 of 17.85 km2 of the hex's canonical land, largest unioned share",UNRESOLVED,,promo_7c95358cf0a4,34.61,rev_d0aa4b412e42,Portugal safe interior v3 from the 1751 Vaugondy sheets; positional uncertainty 12.33 km replaces 34.61 km,REVISED,promo_b68466ea22a9,12.33
TERRESTRIAL_HEX,h6000_q-000638_r+000960,sp_fef06587fead,CONTROLLED,"land inside the Portuguese safe interior (v3); 16.76 of 17.83 km2 of the hex's canonical land, largest unioned share",UNRESOLVED,,promo_7c95358cf0a4,34.61,rev_187ea90b94e6,Portugal safe interior v3 from the 1751 Vaugondy sheets; positional uncertainty 12.33 km replaces 34.61 km,REVISED,promo_b68466ea22a9,12.33
TERRESTRIAL_HEX,h6000_q-000638_r+000961,sp_fef06587fead,CONTROLLED,"land inside the Portuguese safe interior (v3); 17.81 of 17.81 km2 of the hex's canonical land, largest unioned share",UNRESOLVED,,promo_7c95358cf0a4,34.61,rev_cdf60835284e,Portugal safe interior v3 from the 1751 Vaugondy sheets; positional uncertainty 12.33 km replaces 34.61 km,REVISED,promo_b68466ea22a9,12.33
TERRESTRIAL_HEX,h6000_q-000638_r+000962,sp_fef06587fead,CONTROLLED,"land inside the Portuguese safe interior (v3); 17.79 of 17.79 km2 of the hex's canonical land, largest unioned share",UNRESOLVED,,promo_7c95358cf0a4,34.61,rev_c3aecadae25b,Portugal safe interior v3 from the 1751 Vaugondy sheets; positional uncertainty 12.33 km replaces 34.61 km,REVISED,promo_b68466ea22a9,12.33
TERRESTRIAL_HEX,h6000_q-000638_r+000963,sp_fef06587fead,CONTROLLED,"land inside the Portuguese safe interior (v3); 17.77 of 17.77 km2 of the hex's canonical land, largest unioned share",UNRESOLVED,,promo_7c95358cf0a4,34.61,rev_4b2060e35fcd,Portugal safe interior v3 from the 1751 Vaugondy sheets; positional uncertainty 12.33 km replaces 34.61 km,REVISED,promo_b68466ea22a9,12.33
TERRESTRIAL_HEX,h6000_q-000638_r+000964,sp_fef06587fead,CONTROLLED,"land inside the Portuguese safe interior (v3); 17.75 of 17.75 km2 of the hex's canonical land, largest unioned share",UNRESOLVED,,promo_7c95358cf0a4,34.61,rev_93efd2e5b91a,Portugal safe interior v3 from the 1751 Vaugondy sheets; positional uncertainty 12.33 km replaces 34.61 km,REVISED,promo_b68466ea22a9,12.33
TERRESTRIAL_HEX,h6000_q-000638_r+000965,sp_fef06587fead,CONTROLLED,"land inside the Portuguese safe interior (v3); 17.73 of 17.73 km2 of the hex's canonical land, largest unioned share",UNRESOLVED,,promo_7c95358cf0a4,34.61,rev_c113136b4e95,Portugal safe interior v3 from the 1751 Vaugondy sheets; positional uncertainty 12.33 km replaces 34.61 km,REVISED,promo_b68466ea22a9,12.33
TERRESTRIAL_HEX,h6000_q-000638_r+000966,sp_fef06587fead,CONTROLLED,"land inside the Portuguese safe interior (v3); 17.72 of 17.72 km2 of the hex's canonical land, largest unioned share",UNRESOLVED,,promo_7c95358cf0a4,34.61,rev_39aa431c93fb,Portugal safe interior v3 from the 1751 Vaugondy sheets; positional uncertainty 12.33 km replaces 34.61 km,REVISED,promo_b68466ea22a9,12.33
TERRESTRIAL_HEX,h6000_q-000638_r+000967,sp_fef06587fead,CONTROLLED,"land inside the Portuguese safe interior (v3); 17.70 of 17.70 km2 of the hex's canonical land, largest unioned share",UNRESOLVED,,promo_7c95358cf0a4,34.61,rev_cb08f0a05d7e,Portugal safe interior v3 from the 1751 Vaugondy sheets; positional uncertainty 12.33 km replaces 34.61 km,REVISED,promo_b68466ea22a9,12.33
TERRESTRIAL_HEX,h6000_q-000638_r+000968,sp_fef06587fead,CONTROLLED,"land inside the Portuguese safe interior (v3); 17.68 of 17.68 km2 of the hex's canonical land, largest unioned share",UNRESOLVED,,promo_7c95358cf0a4,34.61,rev_b73f36a4956b,Portugal safe interior v3 from the 1751 Vaugondy sheets; positional uncertainty 12.33 km replaces 34.61 km,REVISED,promo_b68466ea22a9,12.33
TERRESTRIAL_HEX,h6000_q-000638_r+000969,sp_fef06587fead,CONTROLLED,"land inside the Portuguese safe interior (v3); 17.66 of 17.66 km2 of the hex's canonical land, largest unioned share",UNRESOLVED,,promo_7c95358cf0a4,34.61,rev_e516606213bc,Portugal safe interior v3 from the 1751 Vaugondy sheets; positional uncertainty 12.33 km replaces 34.61 km,REVISED,promo_b68466ea22a9,12.33
TERRESTRIAL_HEX,h6000_q-000638_r+000970,sp_fef06587fead,CONTROLLED,"land inside the Portuguese safe interior (v3); 17.64 of 17.64 km2 of the hex's canonical land, largest unioned share",UNRESOLVED,,promo_7c95358cf0a4,34.61,rev_71851a0b157c,Portugal safe interior v3 from the 1751 Vaugondy sheets; positional uncertainty 12.33 km replaces 34.61 km,REVISED,promo_b68466ea22a9,12.33
TERRESTRIAL_HEX,h6000_q-000639_r+000961,sp_fef06587fead,CONTROLLED,"land inside the Portuguese safe interior (v3); 3.18 of 17.81 km2 of the hex's canonical land, largest unioned share",UNRESOLVED,,promo_7c95358cf0a4,34.61,rev_3bf4c733a61e,Portugal safe interior v3 from the 1751 Vaugondy sheets; positional uncertainty 12.33 km replaces 34.61 km,REVISED,promo_b68466ea22a9,12.33
TERRESTRIAL_HEX,h6000_q-000639_r+000962,sp_fef06587fead,CONTROLLED,"land inside the Portuguese safe interior (v3); 9.66 of 17.79 km2 of the hex's canonical land, largest unioned share",UNRESOLVED,,promo_7c95358cf0a4,34.61,rev_74067bd89785,Portugal safe interior v3 from the 1751 Vaugondy sheets; positional uncertainty 12.33 km replaces 34.61 km,REVISED,promo_b68466ea22a9,12.33
TERRESTRIAL_HEX,h6000_q-000639_r+000963,sp_fef06587fead,CONTROLLED,"land inside the Portuguese safe interior (v3); 15.37 of 17.77 km2 of the hex's canonical land, largest unioned share",UNRESOLVED,,promo_7c95358cf0a4,34.61,rev_f527a08079e0,Portugal safe interior v3 from the 1751 Vaugondy sheets; positional uncertainty 12.33 km replaces 34.61 km,REVISED,promo_b68466ea22a9,12.33
TERRESTRIAL_HEX,h6000_q-000639_r+000964,sp_fef06587fead,CONTROLLED,"land inside the Portuguese safe interior (v3); 17.75 of 17.75 km2 of the hex's canonical land, largest unioned share",UNRESOLVED,,promo_7c95358cf0a4,34.61,rev_c365cd7c9f1a,Portugal safe interior v3 from the 1751 Vaugondy sheets; positional uncertainty 12.33 km replaces 34.61 km,REVISED,promo_b68466ea22a9,12.33
TERRESTRIAL_HEX,h6000_q-000639_r+000965,sp_fef06587fead,CONTROLLED,"land inside the Portuguese safe interior (v3); 17.73 of 17.73 km2 of the hex's canonical land, largest unioned share",UNRESOLVED,,promo_7c95358cf0a4,34.61,rev_90cff35ef4b9,Portugal safe interior v3 from the 1751 Vaugondy sheets; positional uncertainty 12.33 km replaces 34.61 km,REVISED,promo_b68466ea22a9,12.33
TERRESTRIAL_HEX,h6000_q-000639_r+000966,sp_fef06587fead,CONTROLLED,"land inside the Portuguese safe interior (v3); 17.72 of 17.72 km2 of the hex's canonical land, largest unioned share",UNRESOLVED,,promo_7c95358cf0a4,34.61,rev_b61e4a911108,Portugal safe interior v3 from the 1751 Vaugondy sheets; positional uncertainty 12.33 km replaces 34.61 km,REVISED,promo_b68466ea22a9,12.33
TERRESTRIAL_HEX,h6000_q-000639_r+000967,sp_fef06587fead,CONTROLLED,"land inside the Portuguese safe interior (v3); 17.70 of 17.70 km2 of the hex's canonical land, largest unioned share",UNRESOLVED,,promo_7c95358cf0a4,34.61,rev_c1faa1260269,Portugal safe interior v3 from the 1751 Vaugondy sheets; positional uncertainty 12.33 km replaces 34.61 km,REVISED,promo_b68466ea22a9,12.33
TERRESTRIAL_HEX,h6000_q-000639_r+000968,sp_fef06587fead,CONTROLLED,"land inside the Portuguese safe interior (v3); 17.68 of 17.68 km2 of the hex's canonical land, largest unioned share",UNRESOLVED,,promo_7c95358cf0a4,34.61,rev_9ccef087a891,Portugal safe interior v3 from the 1751 Vaugondy sheets; positional uncertainty 12.33 km replaces 34.61 km,REVISED,promo_b68466ea22a9,12.33
TERRESTRIAL_HEX,h6000_q-000639_r+000969,sp_fef06587fead,CONTROLLED,"land inside the Portuguese safe interior (v3); 17.66 of 17.66 km2 of the hex's canonical land, largest unioned share",UNRESOLVED,,promo_7c95358cf0a4,34.61,rev_bc425cb2bb1a,Portugal safe interior v3 from the 1751 Vaugondy sheets; positional uncertainty 12.33 km replaces 34.61 km,REVISED,promo_b68466ea22a9,12.33
TERRESTRIAL_HEX,h6000_q-000639_r+000970,sp_fef06587fead,CONTROLLED,"land inside the Portuguese safe interior (v3); 17.64 of 17.64 km2 of the hex's canonical land, largest unioned share",UNRESOLVED,,promo_7c95358cf0a4,34.61,rev_0adfd5f6180c,Portugal safe interior v3 from the 1751 Vaugondy sheets; positional uncertainty 12.33 km replaces 34.61 km,REVISED,promo_b68466ea22a9,12.33
TERRESTRIAL_HEX,h6000_q-000640_r+000964,sp_fef06587fead,CONTROLLED,"land inside the Portuguese safe interior (v3); 2.87 of 17.75 km2 of the hex's canonical land, largest unioned share",UNRESOLVED,,promo_7c95358cf0a4,34.61,rev_e409326e9e6a,Portugal safe interior v3 from the 1751 Vaugondy sheets; positional uncertainty 12.33 km replaces 34.61 km,REVISED,promo_b68466ea22a9,12.33
TERRESTRIAL_HEX,h6000_q-000640_r+000965,sp_fef06587fead,CONTROLLED,"land inside the Portuguese safe interior (v3); 13.15 of 17.73 km2 of the hex's canonical land, largest unioned share",UNRESOLVED,,promo_7c95358cf0a4,34.61,rev_c9325c96affa,Portugal safe interior v3 from the 1751 Vaugondy sheets; positional uncertainty 12.33 km replaces 34.61 km,REVISED,promo_b68466ea22a9,12.33
TERRESTRIAL_HEX,h6000_q-000640_r+000966,sp_fef06587fead,CONTROLLED,"land inside the Portuguese safe interior (v3); 17.72 of 17.72 km2 of the hex's canonical land, largest unioned share",UNRESOLVED,,promo_7c95358cf0a4,34.61,rev_23916d488f5d,Portugal safe interior v3 from the 1751 Vaugondy sheets; positional uncertainty 12.33 km replaces 34.61 km,REVISED,promo_b68466ea22a9,12.33
TERRESTRIAL_HEX,h6000_q-000640_r+000967,sp_fef06587fead,CONTROLLED,"land inside the Portuguese safe interior (v3); 17.70 of 17.70 km2 of the hex's canonical land, largest unioned share",UNRESOLVED,,promo_7c95358cf0a4,34.61,rev_4e2c32283cc3,Portugal safe interior v3 from the 1751 Vaugondy sheets; positional uncertainty 12.33 km replaces 34.61 km,REVISED,promo_b68466ea22a9,12.33
TERRESTRIAL_HEX,h6000_q-000640_r+000968,sp_fef06587fead,CONTROLLED,"land inside the Portuguese safe interior (v3); 17.68 of 17.68 km2 of the hex's canonical land, largest unioned share",UNRESOLVED,,promo_7c95358cf0a4,34.61,rev_c6bd5026981e,Portugal safe interior v3 from the 1751 Vaugondy sheets; positional uncertainty 12.33 km replaces 34.61 km,REVISED,promo_b68466ea22a9,12.33
TERRESTRIAL_HEX,h6000_q-000640_r+000969,sp_fef06587fead,CONTROLLED,"land inside the Portuguese safe interior (v3); 17.66 of 17.66 km2 of the hex's canonical land, largest unioned share",UNRESOLVED,,promo_7c95358cf0a4,34.61,rev_e1b2606a7e3a,Portugal safe interior v3 from the 1751 Vaugondy sheets; positional uncertainty 12.33 km replaces 34.61 km,REVISED,promo_b68466ea22a9,12.33
TERRESTRIAL_HEX,h6000_q-000640_r+000970,sp_fef06587fead,CONTROLLED,"land inside the Portuguese safe interior (v3); 17.64 of 17.64 km2 of the hex's canonical land, largest unioned share",UNRESOLVED,,promo_7c95358cf0a4,34.61,rev_edf82a613251,Portugal safe interior v3 from the 1751 Vaugondy sheets; positional uncertainty 12.33 km replaces 34.61 km,REVISED,promo_b68466ea22a9,12.33
TERRESTRIAL_HEX,h6000_q-000641_r+000966,sp_fef06587fead,CONTROLLED,"land inside the Portuguese safe interior (v3); 4.07 of 17.72 km2 of the hex's canonical land, largest unioned share",UNRESOLVED,,promo_7c95358cf0a4,34.61,rev_c778c3c8d977,Portugal safe interior v3 from the 1751 Vaugondy sheets; positional uncertainty 12.33 km replaces 34.61 km,REVISED,promo_b68466ea22a9,12.33
TERRESTRIAL_HEX,h6000_q-000641_r+000967,sp_fef06587fead,CONTROLLED,"land inside the Portuguese safe interior (v3); 16.38 of 17.70 km2 of the hex's canonical land, largest unioned share",UNRESOLVED,,promo_7c95358cf0a4,34.61,rev_3b39005d1c3b,Portugal safe interior v3 from the 1751 Vaugondy sheets; positional uncertainty 12.33 km replaces 34.61 km,REVISED,promo_b68466ea22a9,12.33
TERRESTRIAL_HEX,h6000_q-000641_r+000968,sp_fef06587fead,CONTROLLED,"land inside the Portuguese safe interior (v3); 17.68 of 17.68 km2 of the hex's canonical land, largest unioned share",UNRESOLVED,,promo_7c95358cf0a4,34.61,rev_6c7cfab17d92,Portugal safe interior v3 from the 1751 Vaugondy sheets; positional uncertainty 12.33 km replaces 34.61 km,REVISED,promo_b68466ea22a9,12.33
TERRESTRIAL_HEX,h6000_q-000641_r+000969,sp_fef06587fead,CONTROLLED,"land inside the Portuguese safe interior (v3); 17.66 of 17.66 km2 of the hex's canonical land, largest unioned share",UNRESOLVED,,promo_7c95358cf0a4,34.61,rev_166682bc43cd,Portugal safe interior v3 from the 1751 Vaugondy sheets; positional uncertainty 12.33 km replaces 34.61 km,REVISED,promo_b68466ea22a9,12.33
TERRESTRIAL_HEX,h6000_q-000642_r+000968,sp_fef06587fead,CONTROLLED,"land inside the Portuguese safe interior (v3); 8.03 of 17.68 km2 of the hex's canonical land, largest unioned share",UNRESOLVED,,promo_7c95358cf0a4,34.61,rev_0d8afbaae0a0,Portugal safe interior v3 from the 1751 Vaugondy sheets; positional uncertainty 12.33 km replaces 34.61 km,REVISED,promo_b68466ea22a9,12.33
TERRESTRIAL_HEX,h6000_q-000642_r+000969,sp_fef06587fead,CONTROLLED,"land inside the Portuguese safe interior (v3); 17.66 of 17.66 km2 of the hex's canonical land, largest unioned share",UNRESOLVED,,promo_7c95358cf0a4,34.61,rev_579dc4b94733,Portugal safe interior v3 from the 1751 Vaugondy sheets; positional uncertainty 12.33 km replaces 34.61 km,REVISED,promo_b68466ea22a9,12.33
TERRESTRIAL_HEX,h6000_q-000643_r+000969,sp_fef06587fead,CONTROLLED,"land inside the Portuguese safe interior (v3); 1.05 of 17.66 km2 of the hex's canonical land, largest unioned share",UNRESOLVED,,promo_7c95358cf0a4,34.61,rev_1c39c32f47aa,Portugal safe interior v3 from the 1751 Vaugondy sheets; positional uncertainty 12.33 km replaces 34.61 km,REVISED,promo_b68466ea22a9,12.33
TERRESTRIAL_HEX,h6000_q-000643_r+000970,sp_fef06587fead,CONTROLLED,"land inside the Portuguese safe interior (v3); 11.31 of 17.64 km2 of the hex's canonical land, largest unioned share",UNRESOLVED,,promo_7c95358cf0a4,34.61,rev_143ecbae191c,Portugal safe interior v3 from the 1751 Vaugondy sheets; positional uncertainty 12.33 km replaces 34.61 km,REVISED,promo_b68466ea22a9,12.33
TERRESTRIAL_HEX,h6000_q-000643_r+000971,sp_fef06587fead,CONTROLLED,"land inside the Portuguese safe interior (v3); 17.62 of 17.62 km2 of the hex's canonical land, largest unioned share",UNRESOLVED,,promo_7c95358cf0a4,34.61,rev_73d1e603b433,Portugal safe interior v3 from the 1751 Vaugondy sheets; positional uncertainty 12.33 km replaces 34.61 km,REVISED,promo_b68466ea22a9,12.33
TERRESTRIAL_HEX,h6000_q-000644_r+000971,sp_fef06587fead,CONTROLLED,"land inside the Portuguese safe interior (v3); 1.34 of 17.62 km2 of the hex's canonical land, largest unioned share",UNRESOLVED,,promo_7c95358cf0a4,34.61,rev_9c44075e3ae6,Portugal safe interior v3 from the 1751 Vaugondy sheets; positional uncertainty 12.33 km replaces 34.61 km,REVISED,promo_b68466ea22a9,12.33
TERRESTRIAL_HEX,h6000_q-000644_r+000972,sp_fef06587fead,CONTROLLED,"land inside the Portuguese safe interior (v3); 14.01 of 17.60 km2 of the hex's canonical land, largest unioned share",UNRESOLVED,,promo_7c95358cf0a4,34.61,rev_09f2ab19408d,Portugal safe interior v3 from the 1751 Vaugondy sheets; positional uncertainty 12.33 km replaces 34.61 km,REVISED,promo_b68466ea22a9,12.33
TERRESTRIAL_HEX,h6000_q-000645_r+000973,sp_fef06587fead,CONTROLLED,"land inside the Portuguese safe interior (v3); 5.63 of 17.58 km2 of the hex's canonical land, largest unioned share",UNRESOLVED,,promo_7c95358cf0a4,34.61,rev_8c44f0c0184a,Portugal safe interior v3 from the 1751 Vaugondy sheets; positional uncertainty 12.33 km replaces 34.61 km,REVISED,promo_b68466ea22a9,12.33
LAND_FRAGMENT,lfr_4ed40940e43b8d,sp_fef06587fead,CONTROLLED,"coastal land fragment of an OCEAN hex, 0.077 km2 inside the v3 safe interior; the parent hex is still not owned",UNRESOLVED,,promo_c1d69cca569e,34.61,rev_a15e20e856c7,Portugal safe interior v3 from the 1751 Vaugondy sheets; positional uncertainty 12.33 km replaces 34.61 km,REVISED,promo_b68466ea22a9,12.33
LAND_FRAGMENT,lfr_cec283bca00e9b,sp_fef06587fead,CONTROLLED,"coastal land fragment of an OCEAN hex, 0.404 km2 inside the v3 safe interior; the parent hex is still not owned",UNRESOLVED,,promo_c1d69cca569e,34.61,rev_9b5c29555d20,Portugal safe interior v3 from the 1751 Vaugondy sheets; positional uncertainty 12.33 km replaces 34.61 km,REVISED,promo_b68466ea22a9,12.33
