hex_id,canonical_water_type,is_terrestrial_hex,land_fraction,hex_land_km2,mainland_fragment_km2,other_component_km2,land_subject_or_component_id,candidate_land_fragment_id,spain_safe_km2,portugal_safe_km2,spain_region_km2,portugal_region_km2,safe_interior_status,frontier_band_status,special_case_status,mixed_land_status,proposed_control_status,proposed_controller,basis,land_fragment_id,parent_hex_id,land_area_km2,land_fraction_of_hex,geometry_sha256,geometry_source,identity_algorithm_version
h6000_q-000440_r+000997,OCEAN,False,0.157552,2.700691,2.696738,0.003953,hsub_european_mainland,lfr_d900f86af58c32,0.0,0.0,2.639165,0.0,OUTSIDE,INSIDE_UNCERTAINTY_BAND,NONE,MIXED_WITH_OTHER_COMPONENT,UNRESOLVED,,INSIDE_THE_MEASURED_UNCERTAINTY_BAND,lfr_d900f86af58c32,h6000_q-000440_r+000997,2.696738,0.9985363005245694,d0165db54b348b468eaeb1c02d4d77878796406f56c54295d0484cb9b85d3e47,"canonical hex polygon INTERSECT canonical OSM land component, unioned inside the hex (overlap-safe)",v1_sha1_hexid_pipe_subjectid
h6000_q-000440_r+001000,OCEAN,False,0.269747,4.605867,4.603636,0.002231,hsub_european_mainland,lfr_efca987a933a05,0.0,0.0,0.014115,0.0,OUTSIDE,INSIDE_UNCERTAINTY_BAND,NONE,MIXED_WITH_OTHER_COMPONENT,UNRESOLVED,,INSIDE_THE_MEASURED_UNCERTAINTY_BAND,lfr_efca987a933a05,h6000_q-000440_r+001000,4.603636,0.9995156177979087,e758b6aa97a7863003352e853aa852e1fa4f1b3d8c74028d7262416beff5839a,"canonical hex polygon INTERSECT canonical OSM land component, unioned inside the hex (overlap-safe)",v1_sha1_hexid_pipe_subjectid
h6000_q-000441_r+000982,OCEAN,False,0.165396,2.879331,2.879331,0.0,hsub_european_mainland,lfr_cbd3ca406bd303,0.0,0.0,2.346284,0.0,OUTSIDE,INSIDE_UNCERTAINTY_BAND,NONE,SINGLE_COMPONENT,UNRESOLVED,,INSIDE_THE_MEASURED_UNCERTAINTY_BAND,lfr_cbd3ca406bd303,h6000_q-000441_r+000982,2.879331,1.0,a7856811de6329789ed4d51dafb22cf8aaa6b3d62f9ad6a303ca5148b32cb146,"canonical hex polygon INTERSECT canonical OSM land component, unioned inside the hex (overlap-safe)",v1_sha1_hexid_pipe_subjectid
h6000_q-000441_r+000998,OCEAN,False,0.220466,3.773803,3.773803,0.0,hsub_european_mainland,lfr_d1707197ebbbd2,0.0,0.0,3.773803,0.0,OUTSIDE,INSIDE_UNCERTAINTY_BAND,NONE,SINGLE_COMPONENT,UNRESOLVED,,INSIDE_THE_MEASURED_UNCERTAINTY_BAND,lfr_d1707197ebbbd2,h6000_q-000441_r+000998,3.773803,1.0,7359408eb026e4c56f57425c78dc054d86f83109c9f5edbb30ae1bc9848a7740,"canonical hex polygon INTERSECT canonical OSM land component, unioned inside the hex (overlap-safe)",v1_sha1_hexid_pipe_subjectid
h6000_q-000441_r+001000,OCEAN,False,0.098259,1.677652,1.670299,0.007353,hsub_european_mainland,lfr_d59e1cd8ce8374,0.0,0.0,1.670299,0.0,OUTSIDE,INSIDE_UNCERTAINTY_BAND,NONE,MIXED_WITH_OTHER_COMPONENT,UNRESOLVED,,INSIDE_THE_MEASURED_UNCERTAINTY_BAND,lfr_d59e1cd8ce8374,h6000_q-000441_r+001000,1.670299,0.995617088645321,fb7a734737cb209b5fe021d5b2101eb18a18a2e3c40f294e134021cf25accea1,"canonical hex polygon INTERSECT canonical OSM land component, unioned inside the hex (overlap-safe)",v1_sha1_hexid_pipe_subjectid
h6000_q-000442_r+000981,OCEAN,False,0.000981,0.017098,0.017098,0.0,hsub_european_mainland,lfr_ebf2123336aee3,0.0,0.0,0.017098,0.0,OUTSIDE,INSIDE_UNCERTAINTY_BAND,NONE,SINGLE_COMPONENT,UNRESOLVED,,INSIDE_THE_MEASURED_UNCERTAINTY_BAND,lfr_ebf2123336aee3,h6000_q-000442_r+000981,0.017098,1.0,15c6e5e419f0842578cfb1f82264f0f17b53827049dc688b6ee9b2f6f9bdbbb2,"canonical hex polygon INTERSECT canonical OSM land component, unioned inside the hex (overlap-safe)",v1_sha1_hexid_pipe_subjectid
h6000_q-000442_r+001000,OCEAN,False,0.487479,8.325038,8.325038,0.0,hsub_european_mainland,lfr_6bebe68f152b02,0.0,0.0,8.325038,0.0,OUTSIDE,INSIDE_UNCERTAINTY_BAND,NONE,SINGLE_COMPONENT,UNRESOLVED,,INSIDE_THE_MEASURED_UNCERTAINTY_BAND,lfr_6bebe68f152b02,h6000_q-000442_r+001000,8.325038,1.0,a6a65a6d6c2b6d95d485035d17ac7fe3c036d3bb640c4a06a84bd6d76a8e4441,"canonical hex polygon INTERSECT canonical OSM land component, unioned inside the hex (overlap-safe)",v1_sha1_hexid_pipe_subjectid
h6000_q-000443_r+000981,OCEAN,False,0.363412,6.333907,6.333907,0.0,hsub_european_mainland,lfr_f1c72b9899a29e,0.0,0.0,6.333907,0.0,OUTSIDE,INSIDE_UNCERTAINTY_BAND,NONE,SINGLE_COMPONENT,UNRESOLVED,,INSIDE_THE_MEASURED_UNCERTAINTY_BAND,lfr_f1c72b9899a29e,h6000_q-000443_r+000981,6.333907,1.0,68685070a3592207fddfdf9c688a84baec784b7175dde0fa734736eb98a62629,"canonical hex polygon INTERSECT canonical OSM land component, unioned inside the hex (overlap-safe)",v1_sha1_hexid_pipe_subjectid
h6000_q-000443_r+001004,OCEAN,False,0.160034,2.721817,2.700375,0.021442,hsub_european_mainland,lfr_a2ee588abf3fab,0.0,0.0,2.700375,0.0,OUTSIDE,INSIDE_UNCERTAINTY_BAND,NONE,MIXED_WITH_OTHER_COMPONENT,UNRESOLVED,,INSIDE_THE_MEASURED_UNCERTAINTY_BAND,lfr_a2ee588abf3fab,h6000_q-000443_r+001004,2.700375,0.9921221742681452,8b74b466383a6d75c805fb4843fa1d727afb1a972110f9bcfefa574d0d6d1b92,"canonical hex polygon INTERSECT canonical OSM land component, unioned inside the hex (overlap-safe)",v1_sha1_hexid_pipe_subjectid
h6000_q-000444_r+000980,OCEAN,False,0.256516,4.475424,4.475424,0.0,hsub_european_mainland,lfr_deac0f707c62d4,0.0,0.0,4.475424,0.0,OUTSIDE,INSIDE_UNCERTAINTY_BAND,NONE,SINGLE_COMPONENT,UNRESOLVED,,INSIDE_THE_MEASURED_UNCERTAINTY_BAND,lfr_deac0f707c62d4,h6000_q-000444_r+000980,4.475424,1.0,b8b44fe4d73ad53584685e70de41094b58f2c30d58ea7b92903aef0d22b34298,"canonical hex polygon INTERSECT canonical OSM land component, unioned inside the hex (overlap-safe)",v1_sha1_hexid_pipe_subjectid
h6000_q-000444_r+001006,OCEAN,False,0.234558,3.980205,3.97276,0.007445,hsub_european_mainland,lfr_97f69195d637ab,0.0,0.0,3.97276,0.0,OUTSIDE,INSIDE_UNCERTAINTY_BAND,NONE,MIXED_WITH_OTHER_COMPONENT,UNRESOLVED,,INSIDE_THE_MEASURED_UNCERTAINTY_BAND,lfr_97f69195d637ab,h6000_q-000444_r+001006,3.97276,0.9981294933301174,46b121edca458379bab5d20a721138aae02957e03d7439c9283a22ee9682ec26,"canonical hex polygon INTERSECT canonical OSM land component, unioned inside the hex (overlap-safe)",v1_sha1_hexid_pipe_subjectid
h6000_q-000445_r+000978,OCEAN,False,0.008502,0.148608,0.148608,0.0,hsub_european_mainland,lfr_8df7e87b2caa45,0.0,0.0,0.148608,0.0,OUTSIDE,INSIDE_UNCERTAINTY_BAND,NONE,SINGLE_COMPONENT,UNRESOLVED,,INSIDE_THE_MEASURED_UNCERTAINTY_BAND,lfr_8df7e87b2caa45,h6000_q-000445_r+000978,0.148608,1.0,3f21f7b992c1e263476e2e0befca15c182d5fb4379af3dca33a9f675c0a84bb8,"canonical hex polygon INTERSECT canonical OSM land component, unioned inside the hex (overlap-safe)",v1_sha1_hexid_pipe_subjectid
h6000_q-000445_r+000979,OCEAN,False,0.490315,8.564811,8.564811,0.0,hsub_european_mainland,lfr_9dd785ffe9c262,0.0,0.0,8.564811,0.0,OUTSIDE,INSIDE_UNCERTAINTY_BAND,NONE,SINGLE_COMPONENT,UNRESOLVED,,INSIDE_THE_MEASURED_UNCERTAINTY_BAND,lfr_9dd785ffe9c262,h6000_q-000445_r+000979,8.564811,1.0,ceca1bb2711838ad24b4bdba32d90e049e8a54b266c7800e273a8dd048df8d47,"canonical hex polygon INTERSECT canonical OSM land component, unioned inside the hex (overlap-safe)",v1_sha1_hexid_pipe_subjectid
h6000_q-000445_r+001007,OCEAN,False,0.388685,6.589523,6.587715,0.001808,hsub_european_mainland,lfr_cb027196d38520,0.0,0.0,6.587715,0.0,OUTSIDE,INSIDE_UNCERTAINTY_BAND,NONE,MIXED_WITH_OTHER_COMPONENT,UNRESOLVED,,INSIDE_THE_MEASURED_UNCERTAINTY_BAND,lfr_cb027196d38520,h6000_q-000445_r+001007,6.587715,0.999725625056624,259ef42f5feaef005ae42e1bef9cc285c2e9d0f47e4faca14fc72d668b8d9dc0,"canonical hex polygon INTERSECT canonical OSM land component, unioned inside the hex (overlap-safe)",v1_sha1_hexid_pipe_subjectid
h6000_q-000446_r+000973,OCEAN,False,0.002654,0.046658,0.046658,0.0,hsub_european_mainland,lfr_8572a1b605400a,0.0,0.0,0.046658,0.0,OUTSIDE,INSIDE_UNCERTAINTY_BAND,NONE,SINGLE_COMPONENT,UNRESOLVED,,INSIDE_THE_MEASURED_UNCERTAINTY_BAND,lfr_8572a1b605400a,h6000_q-000446_r+000973,0.046658,1.0,0b733a159bb980657d4c55e0396f6a4e6cc70b69549e05dcc3410716234a2f63,"canonical hex polygon INTERSECT canonical OSM land component, unioned inside the hex (overlap-safe)",v1_sha1_hexid_pipe_subjectid
h6000_q-000446_r+000978,OCEAN,False,0.272493,4.764369,4.764369,0.0,hsub_european_mainland,lfr_a0960070d112b3,0.0,0.0,4.764369,0.0,OUTSIDE,INSIDE_UNCERTAINTY_BAND,NONE,SINGLE_COMPONENT,UNRESOLVED,,INSIDE_THE_MEASURED_UNCERTAINTY_BAND,lfr_a0960070d112b3,h6000_q-000446_r+000978,4.764369,1.0,201f7f8ba8dbb5e81aa6dfa8a82216907695e6b56fa9f77f511f55987808c651,"canonical hex polygon INTERSECT canonical OSM land component, unioned inside the hex (overlap-safe)",v1_sha1_hexid_pipe_subjectid
h6000_q-000446_r+001008,OCEAN,False,0.496376,8.405122,8.404991,0.000131,hsub_european_mainland,lfr_86c276299b66bd,0.0,0.0,8.404991,0.0,OUTSIDE,INSIDE_UNCERTAINTY_BAND,NONE,MIXED_WITH_OTHER_COMPONENT,UNRESOLVED,,INSIDE_THE_MEASURED_UNCERTAINTY_BAND,lfr_86c276299b66bd,h6000_q-000446_r+001008,8.404991,0.999984414265492,3212b59bfbb682f557eb535213d3b76c04f35424bb202520a91fa370d8e99b22,"canonical hex polygon INTERSECT canonical OSM land component, unioned inside the hex (overlap-safe)",v1_sha1_hexid_pipe_subjectid
h6000_q-000447_r+000973,OCEAN,False,0.447416,7.865466,7.865466,0.0,hsub_european_mainland,lfr_3692f35e5d0884,0.0,0.0,7.865466,0.0,OUTSIDE,INSIDE_UNCERTAINTY_BAND,NONE,SINGLE_COMPONENT,UNRESOLVED,,INSIDE_THE_MEASURED_UNCERTAINTY_BAND,lfr_3692f35e5d0884,h6000_q-000447_r+000973,7.865466,1.0,fa700d33b285df6588c6a3424b510e82abaa8898df52753eb9a0909002185097,"canonical hex polygon INTERSECT canonical OSM land component, unioned inside the hex (overlap-safe)",v1_sha1_hexid_pipe_subjectid
h6000_q-000447_r+000975,OCEAN,False,0.439477,7.710283,7.349599,0.360684,hsub_european_mainland,lfr_5c493292c03709,0.0,0.0,7.349599,0.0,OUTSIDE,INSIDE_UNCERTAINTY_BAND,NONE,MIXED_WITH_OTHER_COMPONENT,UNRESOLVED,,INSIDE_THE_MEASURED_UNCERTAINTY_BAND,lfr_5c493292c03709,h6000_q-000447_r+000975,7.349599,0.9532203941152355,73814b76f70fc3d26bf4b484316c444891700b78fbae38a59972400d223ad7f4,"canonical hex polygon INTERSECT canonical OSM land component, unioned inside the hex (overlap-safe)",v1_sha1_hexid_pipe_subjectid
h6000_q-000447_r+001009,OCEAN,False,0.029634,0.501421,0.501421,0.0,hsub_european_mainland,lfr_b3914af5825a20,0.0,0.0,0.501421,0.0,OUTSIDE,INSIDE_UNCERTAINTY_BAND,NONE,SINGLE_COMPONENT,UNRESOLVED,,INSIDE_THE_MEASURED_UNCERTAINTY_BAND,lfr_b3914af5825a20,h6000_q-000447_r+001009,0.501421,1.0,275217bd380d7484b50f3e0cbe8e59931a1bee560e473e6fcf958bcd327c6591,"canonical hex polygon INTERSECT canonical OSM land component, unioned inside the hex (overlap-safe)",v1_sha1_hexid_pipe_subjectid
h6000_q-000448_r+000972,OCEAN,False,0.180174,3.170335,3.170335,0.0,hsub_european_mainland,lfr_46b3e59e364aa5,0.0,0.0,3.170335,0.0,OUTSIDE,INSIDE_UNCERTAINTY_BAND,NONE,SINGLE_COMPONENT,UNRESOLVED,,INSIDE_THE_MEASURED_UNCERTAINTY_BAND,lfr_46b3e59e364aa5,h6000_q-000448_r+000972,3.170335,1.0,cf2f96deea8a053a84f6aad39dac8a231d4487eb5ec64f85929519c292f3f643,"canonical hex polygon INTERSECT canonical OSM land component, unioned inside the hex (overlap-safe)",v1_sha1_hexid_pipe_subjectid
h6000_q-000448_r+001010,OCEAN,False,0.006211,0.104949,0.104949,0.0,hsub_european_mainland,lfr_b6b57c70360c4a,0.0,0.0,0.104949,0.0,OUTSIDE,INSIDE_UNCERTAINTY_BAND,NONE,SINGLE_COMPONENT,UNRESOLVED,,INSIDE_THE_MEASURED_UNCERTAINTY_BAND,lfr_b6b57c70360c4a,h6000_q-000448_r+001010,0.104949,1.0,5d0cbab14b3d614d1188fb9f8c1afc9b9fac7318173e508bdd0f419ba6eaa1cb,"canonical hex polygon INTERSECT canonical OSM land component, unioned inside the hex (overlap-safe)",v1_sha1_hexid_pipe_subjectid
h6000_q-000449_r+000972,OCEAN,False,0.357194,6.285643,6.285643,0.0,hsub_european_mainland,lfr_8fe54f9527bb42,0.0,0.0,6.285643,0.0,OUTSIDE,INSIDE_UNCERTAINTY_BAND,NONE,SINGLE_COMPONENT,UNRESOLVED,,INSIDE_THE_MEASURED_UNCERTAINTY_BAND,lfr_8fe54f9527bb42,h6000_q-000449_r+000972,6.285643,1.0,5e186aa3a305d26a9956089e29317d4fe3b269eb6ca31a89a198ee1eb38b9c6d,"canonical hex polygon INTERSECT canonical OSM land component, unioned inside the hex (overlap-safe)",v1_sha1_hexid_pipe_subjectid
h6000_q-000449_r+001011,OCEAN,False,0.391064,6.599845,6.599845,0.0,hsub_european_mainland,lfr_ceee38a4f1c099,0.0,0.0,6.599845,0.0,OUTSIDE,INSIDE_UNCERTAINTY_BAND,NONE,SINGLE_COMPONENT,UNRESOLVED,,INSIDE_THE_MEASURED_UNCERTAINTY_BAND,lfr_ceee38a4f1c099,h6000_q-000449_r+001011,6.599845,1.0,b476898a79c3dc1dbce67498ab1f993ca01dc42f81bf328afbbe234864cb7a60,"canonical hex polygon INTERSECT canonical OSM land component, unioned inside the hex (overlap-safe)",v1_sha1_hexid_pipe_subjectid
h6000_q-000450_r+000972,OCEAN,False,0.429471,7.557793,7.557793,0.0,hsub_european_mainland,lfr_8f77a77609568d,0.0,0.0,7.557793,0.0,OUTSIDE,INSIDE_UNCERTAINTY_BAND,NONE,SINGLE_COMPONENT,UNRESOLVED,,INSIDE_THE_MEASURED_UNCERTAINTY_BAND,lfr_8f77a77609568d,h6000_q-000450_r+000972,7.557793,1.0,c4abc179bad391b2ee356ba4153a255cdaac538f813e245398f136d00d0af4a7,"canonical hex polygon INTERSECT canonical OSM land component, unioned inside the hex (overlap-safe)",v1_sha1_hexid_pipe_subjectid
h6000_q-000450_r+001013,OCEAN,False,0.295887,4.982362,4.982362,0.0,hsub_european_mainland,lfr_af1a4577f212ff,0.0,0.0,4.982362,0.0,OUTSIDE,INSIDE_UNCERTAINTY_BAND,NONE,SINGLE_COMPONENT,UNRESOLVED,,INSIDE_THE_MEASURED_UNCERTAINTY_BAND,lfr_af1a4577f212ff,h6000_q-000450_r+001013,4.982362,1.0,5be6eb0dc9a794bf51e1943c1277398c5d743c55bc14aac17fc872741574b972,"canonical hex polygon INTERSECT canonical OSM land component, unioned inside the hex (overlap-safe)",v1_sha1_hexid_pipe_subjectid
h6000_q-000451_r+000971,OCEAN,False,0.126188,2.22271,2.22271,0.0,hsub_european_mainland,lfr_32174f8bfc633b,0.0,0.0,2.22271,0.0,OUTSIDE,INSIDE_UNCERTAINTY_BAND,NONE,SINGLE_COMPONENT,UNRESOLVED,,INSIDE_THE_MEASURED_UNCERTAINTY_BAND,lfr_32174f8bfc633b,h6000_q-000451_r+000971,2.22271,1.0,c7831be3ba39588599e5d52c913b1a2de3ba9024a7790abe78c57482a7eab167,"canonical hex polygon INTERSECT canonical OSM land component, unioned inside the hex (overlap-safe)",v1_sha1_hexid_pipe_subjectid
h6000_q-000451_r+001015,OCEAN,False,0.340925,5.728263,5.728263,0.0,hsub_european_mainland,lfr_be8ff8a746ad93,0.0,0.0,0.688807,0.0,OUTSIDE,INSIDE_UNCERTAINTY_BAND,NONE,SINGLE_COMPONENT,UNRESOLVED,,INSIDE_THE_MEASURED_UNCERTAINTY_BAND,lfr_be8ff8a746ad93,h6000_q-000451_r+001015,5.728263,1.0,c95c150f321c8542d3de0fd24c15478bda1cfd0b796ef96cfe5b307246bcce75,"canonical hex polygon INTERSECT canonical OSM land component, unioned inside the hex (overlap-safe)",v1_sha1_hexid_pipe_subjectid
h6000_q-000452_r+000971,OCEAN,False,0.294771,5.19273,5.19226,0.00047,hsub_european_mainland,lfr_8a6178abfad125,0.0,0.0,5.19226,0.0,OUTSIDE,INSIDE_UNCERTAINTY_BAND,NONE,MIXED_WITH_OTHER_COMPONENT,UNRESOLVED,,INSIDE_THE_MEASURED_UNCERTAINTY_BAND,lfr_8a6178abfad125,h6000_q-000452_r+000971,5.19226,0.9999094888430556,c4cab1110dd9235358f894c952602e4238e55b9c06d9b412bc813d0a22b6d82a,"canonical hex polygon INTERSECT canonical OSM land component, unioned inside the hex (overlap-safe)",v1_sha1_hexid_pipe_subjectid
h6000_q-000453_r+000970,OCEAN,False,0.005143,0.090672,0.090672,0.0,hsub_european_mainland,lfr_8f638517dfb1fc,0.0,0.0,0.090672,0.0,OUTSIDE,INSIDE_UNCERTAINTY_BAND,NONE,SINGLE_COMPONENT,UNRESOLVED,,INSIDE_THE_MEASURED_UNCERTAINTY_BAND,lfr_8f638517dfb1fc,h6000_q-000453_r+000970,0.090672,1.0,3d17240eb7a774350d31d2da190789379a9cf7a332b7bfe355f2d3cf98163b1e,"canonical hex polygon INTERSECT canonical OSM land component, unioned inside the hex (overlap-safe)",v1_sha1_hexid_pipe_subjectid
h6000_q-000454_r+000906,OCEAN,False,0.422122,7.960312,7.960312,0.0,hsub_european_mainland,lfr_41ebd9df3accef,0.0,0.0,3.97984,0.0,OUTSIDE,INSIDE_UNCERTAINTY_BAND,NONE,SINGLE_COMPONENT,UNRESOLVED,,INSIDE_THE_MEASURED_UNCERTAINTY_BAND,lfr_41ebd9df3accef,h6000_q-000454_r+000906,7.960312,1.0,710c3d41998f640ec8673b5edeae1a7f2a5dc783eb7d2b5e75ca2433a462563a,"canonical hex polygon INTERSECT canonical OSM land component, unioned inside the hex (overlap-safe)",v1_sha1_hexid_pipe_subjectid
h6000_q-000454_r+000970,OCEAN,False,0.227424,4.010351,4.010351,0.0,hsub_european_mainland,lfr_df49f21b02b21f,0.0,0.0,4.010351,0.0,OUTSIDE,INSIDE_UNCERTAINTY_BAND,NONE,SINGLE_COMPONENT,UNRESOLVED,,INSIDE_THE_MEASURED_UNCERTAINTY_BAND,lfr_df49f21b02b21f,h6000_q-000454_r+000970,4.010351,1.0,583695903562d0f5d11c3d94d7f34192accb04b06ca88b4e3bccb7a41b6a693c,"canonical hex polygon INTERSECT canonical OSM land component, unioned inside the hex (overlap-safe)",v1_sha1_hexid_pipe_subjectid
h6000_q-000455_r+000907,OCEAN,False,0.152959,2.881766,2.881766,0.0,hsub_european_mainland,lfr_43c16b83b9587a,0.0,0.0,2.881766,0.0,OUTSIDE,INSIDE_UNCERTAINTY_BAND,NONE,SINGLE_COMPONENT,UNRESOLVED,,INSIDE_THE_MEASURED_UNCERTAINTY_BAND,lfr_43c16b83b9587a,h6000_q-000455_r+000907,2.881766,1.0,8702c8296cf33b2a29936b0c3f08928221cb6a8e74e1fb3c148daab244c8230f,"canonical hex polygon INTERSECT canonical OSM land component, unioned inside the hex (overlap-safe)",v1_sha1_hexid_pipe_subjectid
h6000_q-000455_r+000970,OCEAN,False,0.460154,8.115134,8.115134,0.0,hsub_european_mainland,lfr_f97592e5ea4cd5,0.0,0.0,8.115134,0.0,OUTSIDE,INSIDE_UNCERTAINTY_BAND,NONE,SINGLE_COMPONENT,UNRESOLVED,,INSIDE_THE_MEASURED_UNCERTAINTY_BAND,lfr_f97592e5ea4cd5,h6000_q-000455_r+000970,8.115134,1.0,41a415b3e16f14f5d714fcb75c24c7aeceb1cbbc6ddf9902c977fb85d4aec555,"canonical hex polygon INTERSECT canonical OSM land component, unioned inside the hex (overlap-safe)",v1_sha1_hexid_pipe_subjectid
h6000_q-000456_r+000908,OCEAN,False,0.020316,0.38238,0.38238,0.0,hsub_european_mainland,lfr_c8f2d871b46f6d,0.0,0.0,0.38238,0.0,OUTSIDE,INSIDE_UNCERTAINTY_BAND,NONE,SINGLE_COMPONENT,UNRESOLVED,,INSIDE_THE_MEASURED_UNCERTAINTY_BAND,lfr_c8f2d871b46f6d,h6000_q-000456_r+000908,0.38238,1.0,17edb48e1781a86c5f4e3c0c747bbc75cd13a1239c69d5eb07c01371c2a13a3f,"canonical hex polygon INTERSECT canonical OSM land component, unioned inside the hex (overlap-safe)",v1_sha1_hexid_pipe_subjectid
h6000_q-000457_r+000909,OCEAN,False,0.015088,0.283698,0.283698,0.0,hsub_european_mainland,lfr_8bb15e151178f1,0.0,0.0,0.283698,0.0,OUTSIDE,INSIDE_UNCERTAINTY_BAND,NONE,SINGLE_COMPONENT,UNRESOLVED,,INSIDE_THE_MEASURED_UNCERTAINTY_BAND,lfr_8bb15e151178f1,h6000_q-000457_r+000909,0.283698,1.0,ce39880c6be82e30299356d581b6a022535d47ae85239cb3a2c0e9a40df5da18,"canonical hex polygon INTERSECT canonical OSM land component, unioned inside the hex (overlap-safe)",v1_sha1_hexid_pipe_subjectid
h6000_q-000457_r+000969,OCEAN,False,0.115149,2.0326,2.0326,0.0,hsub_european_mainland,lfr_75237d459edf98,0.0,0.0,2.0326,0.0,OUTSIDE,INSIDE_UNCERTAINTY_BAND,NONE,SINGLE_COMPONENT,UNRESOLVED,,INSIDE_THE_MEASURED_UNCERTAINTY_BAND,lfr_75237d459edf98,h6000_q-000457_r+000969,2.0326,1.0,ad60d62ae3f90d503673b21b8b3c8f1346a0fff64ef09c095d1375274c9d443e,"canonical hex polygon INTERSECT canonical OSM land component, unioned inside the hex (overlap-safe)",v1_sha1_hexid_pipe_subjectid
h6000_q-000458_r+000910,OCEAN,False,0.009545,0.179286,0.179286,0.0,hsub_european_mainland,lfr_6177d6576e3923,0.0,0.0,0.179286,0.0,OUTSIDE,INSIDE_UNCERTAINTY_BAND,NONE,SINGLE_COMPONENT,UNRESOLVED,,INSIDE_THE_MEASURED_UNCERTAINTY_BAND,lfr_6177d6576e3923,h6000_q-000458_r+000910,0.179286,1.0,a8eafb606d6fb5783b83091a09f2e16612901ba8e5b2f1c44fdb7c5080748210,"canonical hex polygon INTERSECT canonical OSM land component, unioned inside the hex (overlap-safe)",v1_sha1_hexid_pipe_subjectid
h6000_q-000458_r+000968,OCEAN,False,0.062619,1.106421,1.106421,0.0,hsub_european_mainland,lfr_0e8f502f1b70cb,0.0,0.0,1.106421,0.0,OUTSIDE,INSIDE_UNCERTAINTY_BAND,NONE,SINGLE_COMPONENT,UNRESOLVED,,INSIDE_THE_MEASURED_UNCERTAINTY_BAND,lfr_0e8f502f1b70cb,h6000_q-000458_r+000968,1.106421,1.0,973ca08548b9eb7b44172ebe54f6890e59c30187229e987103dd15ac3705f785,"canonical hex polygon INTERSECT canonical OSM land component, unioned inside the hex (overlap-safe)",v1_sha1_hexid_pipe_subjectid
h6000_q-000459_r+000869,OCEAN,False,0.117503,2.298178,2.295337,0.002841,hsub_european_mainland,lfr_9bb36939bf2808,0.0,0.0,2.105889,0.0,OUTSIDE,INSIDE_UNCERTAINTY_BAND,NONE,MIXED_WITH_OTHER_COMPONENT,UNRESOLVED,,INSIDE_THE_MEASURED_UNCERTAINTY_BAND,lfr_9bb36939bf2808,h6000_q-000459_r+000869,2.295337,0.9987638033259391,e64c4386cdd40b446002071d26cd415936ba34fa17c76035c6e195413d8d4363,"canonical hex polygon INTERSECT canonical OSM land component, unioned inside the hex (overlap-safe)",v1_sha1_hexid_pipe_subjectid
h6000_q-000459_r+000911,OCEAN,False,0.055318,1.037918,1.037918,0.0,hsub_european_mainland,lfr_64abc50246fc87,0.0,0.0,1.037918,0.0,OUTSIDE,INSIDE_UNCERTAINTY_BAND,NONE,SINGLE_COMPONENT,UNRESOLVED,,INSIDE_THE_MEASURED_UNCERTAINTY_BAND,lfr_64abc50246fc87,h6000_q-000459_r+000911,1.037918,1.0,92b537fafc31c2fc350b4dc3804c59caf538201495e9a1651c17d24368a22038,"canonical hex polygon INTERSECT canonical OSM land component, unioned inside the hex (overlap-safe)",v1_sha1_hexid_pipe_subjectid
h6000_q-000459_r+000968,OCEAN,False,0.219394,3.877002,3.876153,0.000849,hsub_european_mainland,lfr_66e8917544b938,0.0,0.0,3.876153,0.0,OUTSIDE,INSIDE_UNCERTAINTY_BAND,NONE,MIXED_WITH_OTHER_COMPONENT,UNRESOLVED,,INSIDE_THE_MEASURED_UNCERTAINTY_BAND,lfr_66e8917544b938,h6000_q-000459_r+000968,3.876153,0.999781016362643,ad708a42b1beac5b9ecd8291e16720b9a406c09e4341b9bea9b3734a37997a7f,"canonical hex polygon INTERSECT canonical OSM land component, unioned inside the hex (overlap-safe)",v1_sha1_hexid_pipe_subjectid
h6000_q-000460_r+000868,OCEAN,False,0.365561,7.157649,7.157649,0.0,hsub_european_mainland,lfr_914a452ece6010,0.0,0.0,7.157649,0.0,OUTSIDE,INSIDE_UNCERTAINTY_BAND,NONE,SINGLE_COMPONENT,UNRESOLVED,,INSIDE_THE_MEASURED_UNCERTAINTY_BAND,lfr_914a452ece6010,h6000_q-000460_r+000868,7.157649,1.0,fc64e029321bfb059d50d69e2a3c67dc810ce2d515918468ba5cb473e2a0f4d3,"canonical hex polygon INTERSECT canonical OSM land component, unioned inside the hex (overlap-safe)",v1_sha1_hexid_pipe_subjectid
h6000_q-000460_r+000912,OCEAN,False,0.228661,4.28544,4.28544,0.0,hsub_european_mainland,lfr_8b69f3595f4612,0.0,0.0,4.28544,0.0,OUTSIDE,INSIDE_UNCERTAINTY_BAND,NONE,SINGLE_COMPONENT,UNRESOLVED,,INSIDE_THE_MEASURED_UNCERTAINTY_BAND,lfr_8b69f3595f4612,h6000_q-000460_r+000912,4.28544,1.0,a4c7834c2f864db075efa93cc94639d2617549e2c460883190f44ad04fd23282,"canonical hex polygon INTERSECT canonical OSM land component, unioned inside the hex (overlap-safe)",v1_sha1_hexid_pipe_subjectid
h6000_q-000460_r+000968,OCEAN,False,0.346924,6.13117,6.13117,0.0,hsub_european_mainland,lfr_e7036cb1db88de,0.0,0.0,6.13117,0.0,OUTSIDE,INSIDE_UNCERTAINTY_BAND,NONE,SINGLE_COMPONENT,UNRESOLVED,,INSIDE_THE_MEASURED_UNCERTAINTY_BAND,lfr_e7036cb1db88de,h6000_q-000460_r+000968,6.13117,1.0,6549c0cda068510929375b74968ad82903b8bb32f37f7a11806d7ff25ef3a063,"canonical hex polygon INTERSECT canonical OSM land component, unioned inside the hex (overlap-safe)",v1_sha1_hexid_pipe_subjectid
h6000_q-000461_r+000914,OCEAN,False,0.248615,4.649626,4.649626,0.0,hsub_european_mainland,lfr_94db33bc551e07,0.0,0.0,0.72564,0.0,OUTSIDE,INSIDE_UNCERTAINTY_BAND,NONE,SINGLE_COMPONENT,UNRESOLVED,,INSIDE_THE_MEASURED_UNCERTAINTY_BAND,lfr_94db33bc551e07,h6000_q-000461_r+000914,4.649626,1.0,975a51b49642e54892e38c06c24c5ca896d93ef6682a776e05f18a5c2c677f7e,"canonical hex polygon INTERSECT canonical OSM land component, unioned inside the hex (overlap-safe)",v1_sha1_hexid_pipe_subjectid
h6000_q-000461_r+000966,OCEAN,False,0.079566,1.409045,1.409045,0.0,hsub_european_mainland,lfr_f8977cc9c77189,0.0,0.0,1.343194,0.0,OUTSIDE,INSIDE_UNCERTAINTY_BAND,NONE,SINGLE_COMPONENT,UNRESOLVED,,INSIDE_THE_MEASURED_UNCERTAINTY_BAND,lfr_f8977cc9c77189,h6000_q-000461_r+000966,1.409045,1.0,11163a3cd5d32531ddfc624977e3c43e2c524feba608db6b749baf7305f2565e,"canonical hex polygon INTERSECT canonical OSM land component, unioned inside the hex (overlap-safe)",v1_sha1_hexid_pipe_subjectid
h6000_q-000461_r+000967,OCEAN,False,0.236565,4.185053,4.185053,0.0,hsub_european_mainland,lfr_310e5b50fe3823,0.0,0.0,4.185053,0.0,OUTSIDE,INSIDE_UNCERTAINTY_BAND,NONE,SINGLE_COMPONENT,UNRESOLVED,,INSIDE_THE_MEASURED_UNCERTAINTY_BAND,lfr_310e5b50fe3823,h6000_q-000461_r+000967,4.185053,1.0,e5c9158e9144f6b54fd04c9ee73c5306c266af8526821f46f2b7857a7958fbe7,"canonical hex polygon INTERSECT canonical OSM land component, unioned inside the hex (overlap-safe)",v1_sha1_hexid_pipe_subjectid
h6000_q-000462_r+000850,OCEAN,False,0.222524,4.434453,4.433143,0.00131,hsub_european_mainland,lfr_d6c7c9e6890446,0.0,0.0,4.433143,0.0,OUTSIDE,INSIDE_UNCERTAINTY_BAND,NONE,MIXED_WITH_OTHER_COMPONENT,UNRESOLVED,,INSIDE_THE_MEASURED_UNCERTAINTY_BAND,lfr_d6c7c9e6890446,h6000_q-000462_r+000850,4.433143,0.9997045858869177,7abdaa6a6f4386da7063c9c877a1888b20f88255171a88541250bd1af7c88ba7,"canonical hex polygon INTERSECT canonical OSM land component, unioned inside the hex (overlap-safe)",v1_sha1_hexid_pipe_subjectid
h6000_q-000462_r+000851,OCEAN,False,0.006804,0.13542,0.133675,0.001745,hsub_european_mainland,lfr_c11161e8f728d4,0.0,0.0,0.133675,0.0,OUTSIDE,INSIDE_UNCERTAINTY_BAND,NONE,MIXED_WITH_OTHER_COMPONENT,UNRESOLVED,,INSIDE_THE_MEASURED_UNCERTAINTY_BAND,lfr_c11161e8f728d4,h6000_q-000462_r+000851,0.133675,0.9871141633436714,4bd81ce388c89998043711281a1300e8338caefdfb09050394b7e5b99b0f3c9d,"canonical hex polygon INTERSECT canonical OSM land component, unioned inside the hex (overlap-safe)",v1_sha1_hexid_pipe_subjectid
h6000_q-000462_r+000852,OCEAN,False,0.166347,3.308557,3.307933,0.000624,hsub_european_mainland,lfr_8c215a55bde35a,0.0,0.0,3.307933,0.0,OUTSIDE,INSIDE_UNCERTAINTY_BAND,NONE,MIXED_WITH_OTHER_COMPONENT,UNRESOLVED,,INSIDE_THE_MEASURED_UNCERTAINTY_BAND,lfr_8c215a55bde35a,h6000_q-000462_r+000852,3.307933,0.999811398141244,40e6f8558612f82625ec2bf4667efdc3dd221cc1d35ae6769cea3d2185ee3b7e,"canonical hex polygon INTERSECT canonical OSM land component, unioned inside the hex (overlap-safe)",v1_sha1_hexid_pipe_subjectid
h6000_q-000462_r+000854,OCEAN,False,0.305803,6.070855,6.059299,0.011556,hsub_european_mainland,lfr_afd8485151b41b,0.0,0.0,6.059299,0.0,OUTSIDE,INSIDE_UNCERTAINTY_BAND,NONE,MIXED_WITH_OTHER_COMPONENT,UNRESOLVED,,INSIDE_THE_MEASURED_UNCERTAINTY_BAND,lfr_afd8485151b41b,h6000_q-000462_r+000854,6.059299,0.9980964789967806,83ab53fbf104552b5558ed4220461d0514dfa96d899b759ac4a6cd4bef350b17,"canonical hex polygon INTERSECT canonical OSM land component, unioned inside the hex (overlap-safe)",v1_sha1_hexid_pipe_subjectid
h6000_q-000462_r+000855,OCEAN,False,0.160556,3.184291,3.184291,0.0,hsub_european_mainland,lfr_578418bb68b2d8,0.0,0.0,3.184291,0.0,OUTSIDE,INSIDE_UNCERTAINTY_BAND,NONE,SINGLE_COMPONENT,UNRESOLVED,,INSIDE_THE_MEASURED_UNCERTAINTY_BAND,lfr_578418bb68b2d8,h6000_q-000462_r+000855,3.184291,1.0,42e37402cd99a4b9a2bde428c89befb1691cee6f6820460293a31a3b37d54ea5,"canonical hex polygon INTERSECT canonical OSM land component, unioned inside the hex (overlap-safe)",v1_sha1_hexid_pipe_subjectid
h6000_q-000462_r+000856,OCEAN,False,0.079549,1.576072,1.576072,0.0,hsub_european_mainland,lfr_cc32860283eac6,0.0,0.0,1.576072,0.0,OUTSIDE,INSIDE_UNCERTAINTY_BAND,NONE,SINGLE_COMPONENT,UNRESOLVED,,INSIDE_THE_MEASURED_UNCERTAINTY_BAND,lfr_cc32860283eac6,h6000_q-000462_r+000856,1.576072,1.0,a7dd82a24c304fdff4048369d0dbb8d9d7cda3b972f5510970bba5cfbf8abaf3,"canonical hex polygon INTERSECT canonical OSM land component, unioned inside the hex (overlap-safe)",v1_sha1_hexid_pipe_subjectid
h6000_q-000463_r+000859,OCEAN,False,0.188032,3.71479,3.71479,0.0,hsub_european_mainland,lfr_42f4a98eab2c1d,0.0,0.0,3.71479,0.0,OUTSIDE,INSIDE_UNCERTAINTY_BAND,NONE,SINGLE_COMPONENT,UNRESOLVED,,INSIDE_THE_MEASURED_UNCERTAINTY_BAND,lfr_42f4a98eab2c1d,h6000_q-000463_r+000859,3.71479,1.0,4d928d2521efa9d293dc06b8704b4c5b4264fbd53bb127ec64a9abdd94e9ba39,"canonical hex polygon INTERSECT canonical OSM land component, unioned inside the hex (overlap-safe)",v1_sha1_hexid_pipe_subjectid
h6000_q-000463_r+000860,OCEAN,False,0.013627,0.268911,0.268911,0.0,hsub_european_mainland,lfr_bb1a5818b4e774,0.0,0.0,0.268911,0.0,OUTSIDE,INSIDE_UNCERTAINTY_BAND,NONE,SINGLE_COMPONENT,UNRESOLVED,,INSIDE_THE_MEASURED_UNCERTAINTY_BAND,lfr_bb1a5818b4e774,h6000_q-000463_r+000860,0.268911,1.0,1b3e83f8f514a47c9f4a765efed5d8fb54de217c9e8ceae550f4c337027e7801,"canonical hex polygon INTERSECT canonical OSM land component, unioned inside the hex (overlap-safe)",v1_sha1_hexid_pipe_subjectid
h6000_q-000463_r+000861,OCEAN,False,0.199866,3.940364,3.940364,0.0,hsub_european_mainland,lfr_f4b5dc6c002bf0,0.0,0.0,3.940364,0.0,OUTSIDE,INSIDE_UNCERTAINTY_BAND,NONE,SINGLE_COMPONENT,UNRESOLVED,,INSIDE_THE_MEASURED_UNCERTAINTY_BAND,lfr_f4b5dc6c002bf0,h6000_q-000463_r+000861,3.940364,1.0,0bcb884fb6bd1e215fd0f220aa863095f898934a6cbfb2fe88df0bc51f5f0654,"canonical hex polygon INTERSECT canonical OSM land component, unioned inside the hex (overlap-safe)",v1_sha1_hexid_pipe_subjectid
h6000_q-000463_r+000862,OCEAN,False,0.413581,8.146073,8.146073,0.0,hsub_european_mainland,lfr_c8d0faf38a17fe,0.0,0.0,8.146073,0.0,OUTSIDE,INSIDE_UNCERTAINTY_BAND,NONE,SINGLE_COMPONENT,UNRESOLVED,,INSIDE_THE_MEASURED_UNCERTAINTY_BAND,lfr_c8d0faf38a17fe,h6000_q-000463_r+000862,8.146073,1.0,19b5ebc33f964147c95ed106a8d3b86d79b9889423710fa62c967d3a7cf5e7a7,"canonical hex polygon INTERSECT canonical OSM land component, unioned inside the hex (overlap-safe)",v1_sha1_hexid_pipe_subjectid
h6000_q-000463_r+000966,OCEAN,False,0.060004,1.062452,1.062452,0.0,hsub_european_mainland,lfr_7ea875a60bf0f4,0.0,0.0,1.062452,0.0,OUTSIDE,INSIDE_UNCERTAINTY_BAND,NONE,SINGLE_COMPONENT,UNRESOLVED,,INSIDE_THE_MEASURED_UNCERTAINTY_BAND,lfr_7ea875a60bf0f4,h6000_q-000463_r+000966,1.062452,1.0,9d1afcf7f79bd0cfa3554656a7a62421d5c9826c7860cf56ab7e85c97d966d6a,"canonical hex polygon INTERSECT canonical OSM land component, unioned inside the hex (overlap-safe)",v1_sha1_hexid_pipe_subjectid
h6000_q-000464_r+000966,OCEAN,False,0.368365,6.523978,6.523978,0.0,hsub_european_mainland,lfr_ee7a7b807e14a4,0.0,0.0,6.523978,0.0,OUTSIDE,INSIDE_UNCERTAINTY_BAND,NONE,SINGLE_COMPONENT,UNRESOLVED,,INSIDE_THE_MEASURED_UNCERTAINTY_BAND,lfr_ee7a7b807e14a4,h6000_q-000464_r+000966,6.523978,1.0,0b5aeefff91d587afc5d989ca2cd4c99a1b80981cf50695c324a76b2ef52c19c,"canonical hex polygon INTERSECT canonical OSM land component, unioned inside the hex (overlap-safe)",v1_sha1_hexid_pipe_subjectid
h6000_q-000465_r+000964,OCEAN,False,0.340406,5.93355,5.933513,3.7e-05,hsub_european_mainland,lfr_681ef05671e765,0.0,0.0,3.094727,0.0,OUTSIDE,INSIDE_UNCERTAINTY_BAND,NONE,MIXED_WITH_OTHER_COMPONENT,UNRESOLVED,,INSIDE_THE_MEASURED_UNCERTAINTY_BAND,lfr_681ef05671e765,h6000_q-000465_r+000964,5.933513,0.9999937642726529,73757e84463fcfe52c9b738331fe3f955b915b9eda31b24068e46986cbfa6aa7,"canonical hex polygon INTERSECT canonical OSM land component, unioned inside the hex (overlap-safe)",v1_sha1_hexid_pipe_subjectid
h6000_q-000469_r+000849,OCEAN,False,0.007235,0.144292,0.144292,0.0,hsub_european_mainland,lfr_a1c543c49d5cf0,0.0,0.0,0.144292,0.0,OUTSIDE,INSIDE_UNCERTAINTY_BAND,NONE,SINGLE_COMPONENT,UNRESOLVED,,INSIDE_THE_MEASURED_UNCERTAINTY_BAND,lfr_a1c543c49d5cf0,h6000_q-000469_r+000849,0.144292,1.0,1c84128e6093a2058087aaf4cfe29963456b3a73a5e6f0ed7beedc5098d44a8b,"canonical hex polygon INTERSECT canonical OSM land component, unioned inside the hex (overlap-safe)",v1_sha1_hexid_pipe_subjectid
h6000_q-000470_r+000849,OCEAN,False,0.033404,0.666339,0.666339,0.0,hsub_european_mainland,lfr_3c44984d08379b,0.0,0.0,0.666339,0.0,OUTSIDE,INSIDE_UNCERTAINTY_BAND,NONE,SINGLE_COMPONENT,UNRESOLVED,,INSIDE_THE_MEASURED_UNCERTAINTY_BAND,lfr_3c44984d08379b,h6000_q-000470_r+000849,0.666339,1.0,74eef722a0d8e74553f736d48feba5cb34397dc0c9a51221bef5c5453ec80d3c,"canonical hex polygon INTERSECT canonical OSM land component, unioned inside the hex (overlap-safe)",v1_sha1_hexid_pipe_subjectid
h6000_q-000471_r+000849,OCEAN,False,0.004907,0.097837,0.097837,0.0,hsub_european_mainland,lfr_3e7bd65dc39446,0.0,0.0,0.097837,0.0,OUTSIDE,INSIDE_UNCERTAINTY_BAND,NONE,SINGLE_COMPONENT,UNRESOLVED,,INSIDE_THE_MEASURED_UNCERTAINTY_BAND,lfr_3e7bd65dc39446,h6000_q-000471_r+000849,0.097837,1.0,47d94aa6737bfe09c0cfcf0456299e26cee8c46f423505f325226be75c82b873,"canonical hex polygon INTERSECT canonical OSM land component, unioned inside the hex (overlap-safe)",v1_sha1_hexid_pipe_subjectid
h6000_q-000472_r+000846,OCEAN,False,0.125201,2.5043,2.5043,0.0,hsub_european_mainland,lfr_c7ce7af9ac91a2,2.5043,0.0,2.5043,0.0,WHOLLY_INSIDE,NOT_IN_BAND,NONE,SINGLE_COMPONENT,CONTROLLED,SPAIN,WHOLE_FRAGMENT_INSIDE_SAFE_INTERIOR,lfr_c7ce7af9ac91a2,h6000_q-000472_r+000846,2.5043,1.0,98eafc0f47c64b5be0daf212adf34dcce2d2cf2a34d4db01e3e7328c227311a5,"canonical hex polygon INTERSECT canonical OSM land component, unioned inside the hex (overlap-safe)",v1_sha1_hexid_pipe_subjectid
h6000_q-000472_r+000847,OCEAN,False,0.359924,7.193582,7.193582,0.0,hsub_european_mainland,lfr_d28d7e7b793f8d,7.191412,0.0,7.193582,0.0,WHOLLY_INSIDE,NOT_IN_BAND,NONE,SINGLE_COMPONENT,CONTROLLED,SPAIN,WHOLE_FRAGMENT_INSIDE_SAFE_INTERIOR,lfr_d28d7e7b793f8d,h6000_q-000472_r+000847,7.193582,1.0,0a31499caa3b4380030430b39b12c83df703f13e44f7e92384fe6ba70bfa52e0,"canonical hex polygon INTERSECT canonical OSM land component, unioned inside the hex (overlap-safe)",v1_sha1_hexid_pipe_subjectid
h6000_q-000472_r+000848,OCEAN,False,0.180108,3.596431,3.596431,0.0,hsub_european_mainland,lfr_6b68ce3978bbd8,0.284321,0.0,3.596431,0.0,PARTLY_INSIDE,INSIDE_UNCERTAINTY_BAND,NONE,SINGLE_COMPONENT,UNRESOLVED,,FRAGMENT_ONLY_PARTLY_INSIDE_A_SAFE_INTERIOR,lfr_6b68ce3978bbd8,h6000_q-000472_r+000848,3.596431,1.0,965b8660fcee116f2be567a09e561dd4ce00326c07281a93b91cd7a831016caf,"canonical hex polygon INTERSECT canonical OSM land component, unioned inside the hex (overlap-safe)",v1_sha1_hexid_pipe_subjectid
h6000_q-000472_r+000849,OCEAN,False,0.258658,5.159136,5.159136,0.0,hsub_european_mainland,lfr_b3eb4d0f852238,0.0,0.0,5.159136,0.0,OUTSIDE,INSIDE_UNCERTAINTY_BAND,NONE,SINGLE_COMPONENT,UNRESOLVED,,INSIDE_THE_MEASURED_UNCERTAINTY_BAND,lfr_b3eb4d0f852238,h6000_q-000472_r+000849,5.159136,1.0,78b45b739dd509f6610ec0e655ca95668d9316d534f06fce4c91d5b7f31bcb2e,"canonical hex polygon INTERSECT canonical OSM land component, unioned inside the hex (overlap-safe)",v1_sha1_hexid_pipe_subjectid
h6000_q-000475_r+000846,OCEAN,False,0.230014,4.561407,4.561407,0.0,hsub_european_mainland,lfr_f95b254148967a,4.561407,0.0,4.561407,0.0,WHOLLY_INSIDE,NOT_IN_BAND,NONE,SINGLE_COMPONENT,CONTROLLED,SPAIN,WHOLE_FRAGMENT_INSIDE_SAFE_INTERIOR,lfr_f95b254148967a,h6000_q-000475_r+000846,4.561407,1.0,66563ed515456228cdb3858c53a6f1046dda27b37e3ff2f2a6ffb5dd716d6dcd,"canonical hex polygon INTERSECT canonical OSM land component, unioned inside the hex (overlap-safe)",v1_sha1_hexid_pipe_subjectid
h6000_q-000476_r+000846,OCEAN,False,0.173102,3.462292,3.462292,0.0,hsub_european_mainland,lfr_62fa0702a210fd,3.462292,0.0,3.462292,0.0,WHOLLY_INSIDE,NOT_IN_BAND,NONE,SINGLE_COMPONENT,CONTROLLED,SPAIN,WHOLE_FRAGMENT_INSIDE_SAFE_INTERIOR,lfr_62fa0702a210fd,h6000_q-000476_r+000846,3.462292,1.0,50e5796569cf3463d5fa36b0ca422dc786479dac03c494e32518c300067e46bc,"canonical hex polygon INTERSECT canonical OSM land component, unioned inside the hex (overlap-safe)",v1_sha1_hexid_pipe_subjectid
h6000_q-000478_r+000847,OCEAN,False,0.000927,0.018514,0.018514,0.0,hsub_european_mainland,lfr_5f4e61c34bd030,0.018514,0.0,0.018514,0.0,WHOLLY_INSIDE,NOT_IN_BAND,NONE,SINGLE_COMPONENT,CONTROLLED,SPAIN,WHOLE_FRAGMENT_INSIDE_SAFE_INTERIOR,lfr_5f4e61c34bd030,h6000_q-000478_r+000847,0.018514,1.0,2fe2e516b76069637fc12e3891c58f0afbb8cb2439c33b5ab8662c13c7088a73,"canonical hex polygon INTERSECT canonical OSM land component, unioned inside the hex (overlap-safe)",v1_sha1_hexid_pipe_subjectid
h6000_q-000479_r+000847,OCEAN,False,0.112302,2.243995,2.243995,0.0,hsub_european_mainland,lfr_62c448cbbbb43b,2.243995,0.0,2.243995,0.0,WHOLLY_INSIDE,NOT_IN_BAND,NONE,SINGLE_COMPONENT,CONTROLLED,SPAIN,WHOLE_FRAGMENT_INSIDE_SAFE_INTERIOR,lfr_62c448cbbbb43b,h6000_q-000479_r+000847,2.243995,1.0,4594c533204f6fdc0c53e0a7e7b304e6c218933931538ea9fe0a2ca7e1c25b68,"canonical hex polygon INTERSECT canonical OSM land component, unioned inside the hex (overlap-safe)",v1_sha1_hexid_pipe_subjectid
h6000_q-000480_r+000847,OCEAN,False,0.026359,0.52662,0.52662,0.0,hsub_european_mainland,lfr_ea9cc72ba730c4,0.52662,0.0,0.52662,0.0,WHOLLY_INSIDE,NOT_IN_BAND,NONE,SINGLE_COMPONENT,CONTROLLED,SPAIN,WHOLE_FRAGMENT_INSIDE_SAFE_INTERIOR,lfr_ea9cc72ba730c4,h6000_q-000480_r+000847,0.52662,1.0,12573fb069e121486d9c8cd34f4b25b6dcf1eb9bddf4bb48da6dc3fc6681e78d,"canonical hex polygon INTERSECT canonical OSM land component, unioned inside the hex (overlap-safe)",v1_sha1_hexid_pipe_subjectid
h6000_q-000481_r+000847,OCEAN,False,0.011966,0.239052,0.239052,0.0,hsub_european_mainland,lfr_bbfeec66c64ceb,0.239052,0.0,0.239052,0.0,WHOLLY_INSIDE,NOT_IN_BAND,NONE,SINGLE_COMPONENT,CONTROLLED,SPAIN,WHOLE_FRAGMENT_INSIDE_SAFE_INTERIOR,lfr_bbfeec66c64ceb,h6000_q-000481_r+000847,0.239052,1.0,2b7e5bf53ba52518a710085b86e3ee9d139845909db629f8509accfb76fb3488,"canonical hex polygon INTERSECT canonical OSM land component, unioned inside the hex (overlap-safe)",v1_sha1_hexid_pipe_subjectid
h6000_q-000482_r+000847,OCEAN,False,0.044765,0.894409,0.894409,0.0,hsub_european_mainland,lfr_dfb6da438d6de6,0.0,0.0,0.894409,0.0,OUTSIDE,INSIDE_UNCERTAINTY_BAND,NONE,SINGLE_COMPONENT,UNRESOLVED,,INSIDE_THE_MEASURED_UNCERTAINTY_BAND,lfr_dfb6da438d6de6,h6000_q-000482_r+000847,0.894409,1.0,adb5e4f3e9f63af1d17c972c0d6b5fc91dfef589ab397de5df4640ab5f6edf23,"canonical hex polygon INTERSECT canonical OSM land component, unioned inside the hex (overlap-safe)",v1_sha1_hexid_pipe_subjectid
h6000_q-000483_r+000847,OCEAN,False,0.023736,0.474221,0.474221,0.0,hsub_european_mainland,lfr_e8a5ba3c58fc5a,0.0,0.0,0.474221,0.0,OUTSIDE,INSIDE_UNCERTAINTY_BAND,NONE,SINGLE_COMPONENT,UNRESOLVED,,INSIDE_THE_MEASURED_UNCERTAINTY_BAND,lfr_e8a5ba3c58fc5a,h6000_q-000483_r+000847,0.474221,1.0,a70298489e6787d23715b83f0b8613652a7070218629f4647b362e75ed340122,"canonical hex polygon INTERSECT canonical OSM land component, unioned inside the hex (overlap-safe)",v1_sha1_hexid_pipe_subjectid
h6000_q-000485_r+000847,OCEAN,False,0.158758,3.172361,3.172361,0.0,hsub_european_mainland,lfr_6126758cf86cbe,0.0,0.0,3.172361,0.0,OUTSIDE,INSIDE_UNCERTAINTY_BAND,NONE,SINGLE_COMPONENT,UNRESOLVED,,INSIDE_THE_MEASURED_UNCERTAINTY_BAND,lfr_6126758cf86cbe,h6000_q-000485_r+000847,3.172361,1.0,bbc7f67a915805cba271f9c12b0e36d731ed16da217586d60ff773fcdbcd2bf8,"canonical hex polygon INTERSECT canonical OSM land component, unioned inside the hex (overlap-safe)",v1_sha1_hexid_pipe_subjectid
h6000_q-000486_r+000846,OCEAN,False,0.103995,2.080136,2.080032,0.000104,hsub_european_mainland,lfr_027605e095cd61,0.0,0.0,2.080032,0.0,OUTSIDE,INSIDE_UNCERTAINTY_BAND,NONE,MIXED_WITH_OTHER_COMPONENT,UNRESOLVED,,INSIDE_THE_MEASURED_UNCERTAINTY_BAND,lfr_027605e095cd61,h6000_q-000486_r+000846,2.080032,0.9999500032690171,9f63ec8cf90535dff8851e657c8dbf111ccbea0f0cd26d54a60e1ae12f57c65e,"canonical hex polygon INTERSECT canonical OSM land component, unioned inside the hex (overlap-safe)",v1_sha1_hexid_pipe_subjectid
h6000_q-000487_r+000846,OCEAN,False,0.34874,6.975867,6.975867,0.0,hsub_european_mainland,lfr_a11d994892e1f5,0.0,0.0,6.975867,0.0,OUTSIDE,INSIDE_UNCERTAINTY_BAND,NONE,SINGLE_COMPONENT,UNRESOLVED,,INSIDE_THE_MEASURED_UNCERTAINTY_BAND,lfr_a11d994892e1f5,h6000_q-000487_r+000846,6.975867,1.0,3c3cf6632bdae234b1845d603f88523257924a40e3d750ebd80b7b8b22d670d0,"canonical hex polygon INTERSECT canonical OSM land component, unioned inside the hex (overlap-safe)",v1_sha1_hexid_pipe_subjectid
h6000_q-000488_r+000846,OCEAN,False,0.06651,1.330442,1.330442,0.0,hsub_european_mainland,lfr_2de46c90b601a9,0.0,0.0,1.330442,0.0,OUTSIDE,INSIDE_UNCERTAINTY_BAND,NONE,SINGLE_COMPONENT,UNRESOLVED,,INSIDE_THE_MEASURED_UNCERTAINTY_BAND,lfr_2de46c90b601a9,h6000_q-000488_r+000846,1.330442,1.0,1f277438f8a73b697113d0a7cec54bacf8f21534dca3e2947fe8bdada6dccc48,"canonical hex polygon INTERSECT canonical OSM land component, unioned inside the hex (overlap-safe)",v1_sha1_hexid_pipe_subjectid
h6000_q-000489_r+000846,OCEAN,False,3.2e-05,0.000635,0.000635,0.0,hsub_european_mainland,lfr_759312ee3f26ae,0.0,0.0,0.000635,0.0,OUTSIDE,INSIDE_UNCERTAINTY_BAND,NONE,SINGLE_COMPONENT,UNRESOLVED,,INSIDE_THE_MEASURED_UNCERTAINTY_BAND,lfr_759312ee3f26ae,h6000_q-000489_r+000846,0.000635,1.0,1a86e6bb39bbeed74cbacd77a5bfd987006960b5f3bd1bb489bdc77fa043a8d2,"canonical hex polygon INTERSECT canonical OSM land component, unioned inside the hex (overlap-safe)",v1_sha1_hexid_pipe_subjectid
h6000_q-000490_r+000847,OCEAN,False,0.427223,8.538287,8.538287,0.0,hsub_european_mainland,lfr_94fa6f82bfd4ee,0.0,0.0,8.538287,0.0,OUTSIDE,INSIDE_UNCERTAINTY_BAND,NONE,SINGLE_COMPONENT,UNRESOLVED,,INSIDE_THE_MEASURED_UNCERTAINTY_BAND,lfr_94fa6f82bfd4ee,h6000_q-000490_r+000847,8.538287,1.0,a8acc58887516e68a573ed40215fe860bb9fbc494a8c70cd32ba61127e0ccf8a,"canonical hex polygon INTERSECT canonical OSM land component, unioned inside the hex (overlap-safe)",v1_sha1_hexid_pipe_subjectid
h6000_q-000491_r+000847,OCEAN,False,0.090342,1.805109,1.805109,0.0,hsub_european_mainland,lfr_af4f5c1dfef5d6,0.0,0.0,1.805109,0.0,OUTSIDE,INSIDE_UNCERTAINTY_BAND,NONE,SINGLE_COMPONENT,UNRESOLVED,,INSIDE_THE_MEASURED_UNCERTAINTY_BAND,lfr_af4f5c1dfef5d6,h6000_q-000491_r+000847,1.805109,1.0,4ceaf0121368bc76409c5cd2366b39c57bf2a92a3821161adb632f51bd507bad,"canonical hex polygon INTERSECT canonical OSM land component, unioned inside the hex (overlap-safe)",v1_sha1_hexid_pipe_subjectid
h6000_q-000492_r+000847,OCEAN,False,0.366802,7.330149,7.326925,0.003223,hsub_european_mainland,lfr_92b3b71b0035a0,0.0,0.0,7.326925,0.0,OUTSIDE,INSIDE_UNCERTAINTY_BAND,NONE,MIXED_WITH_OTHER_COMPONENT,UNRESOLVED,,INSIDE_THE_MEASURED_UNCERTAINTY_BAND,lfr_92b3b71b0035a0,h6000_q-000492_r+000847,7.326925,0.9995601726513337,f2c3db302fe04b4944e3cf6c474709465cfe5b4be57b96cc6ca03ad797d6d989,"canonical hex polygon INTERSECT canonical OSM land component, unioned inside the hex (overlap-safe)",v1_sha1_hexid_pipe_subjectid
h6000_q-000493_r+000847,OCEAN,False,0.391464,7.823261,7.823261,0.0,hsub_european_mainland,lfr_6408114168e3ac,0.0,0.0,7.823261,0.0,OUTSIDE,INSIDE_UNCERTAINTY_BAND,NONE,SINGLE_COMPONENT,UNRESOLVED,,INSIDE_THE_MEASURED_UNCERTAINTY_BAND,lfr_6408114168e3ac,h6000_q-000493_r+000847,7.823261,1.0,4c0a53d2ce8e2ab82b0561f6e29048e1d7d8c39b05316baf6aa353757310c6fb,"canonical hex polygon INTERSECT canonical OSM land component, unioned inside the hex (overlap-safe)",v1_sha1_hexid_pipe_subjectid
h6000_q-000494_r+000847,OCEAN,False,0.0637,1.272932,1.271924,0.001008,hsub_european_mainland,lfr_b6f15de8b7e107,0.0,0.0,1.271924,0.0,OUTSIDE,INSIDE_UNCERTAINTY_BAND,NONE,MIXED_WITH_OTHER_COMPONENT,UNRESOLVED,,INSIDE_THE_MEASURED_UNCERTAINTY_BAND,lfr_b6f15de8b7e107,h6000_q-000494_r+000847,1.271924,0.9992081273783675,eca78467c690b527d91646aba0b32f6215c29d7aeb548b8003e694ea885d7670,"canonical hex polygon INTERSECT canonical OSM land component, unioned inside the hex (overlap-safe)",v1_sha1_hexid_pipe_subjectid
h6000_q-000495_r+000847,OCEAN,False,0.002153,0.043007,0.043007,0.0,hsub_european_mainland,lfr_33f2e6cda913dc,0.0,0.0,0.043007,0.0,OUTSIDE,INSIDE_UNCERTAINTY_BAND,NONE,SINGLE_COMPONENT,UNRESOLVED,,INSIDE_THE_MEASURED_UNCERTAINTY_BAND,lfr_33f2e6cda913dc,h6000_q-000495_r+000847,0.043007,1.0,78f061035742c4d44cd77dd81d48e1e5bdc26937be26ba8a2782ce9bb301c5c7,"canonical hex polygon INTERSECT canonical OSM land component, unioned inside the hex (overlap-safe)",v1_sha1_hexid_pipe_subjectid
h6000_q-000496_r+000847,OCEAN,False,0.130374,2.605232,2.605232,0.0,hsub_european_mainland,lfr_3703fdccc93cee,0.0,0.0,2.605232,0.0,OUTSIDE,INSIDE_UNCERTAINTY_BAND,NONE,SINGLE_COMPONENT,UNRESOLVED,,INSIDE_THE_MEASURED_UNCERTAINTY_BAND,lfr_3703fdccc93cee,h6000_q-000496_r+000847,2.605232,1.0,e17d1134035266abe8e95d0357603b2d80f4b0eddcd29aea51394eefa9a81452,"canonical hex polygon INTERSECT canonical OSM land component, unioned inside the hex (overlap-safe)",v1_sha1_hexid_pipe_subjectid
h6000_q-000497_r+000847,OCEAN,False,0.405194,8.097514,8.097514,0.0,hsub_european_mainland,lfr_a026dc081b9ef2,0.0,0.0,8.097514,0.0,OUTSIDE,INSIDE_UNCERTAINTY_BAND,NONE,SINGLE_COMPONENT,UNRESOLVED,,INSIDE_THE_MEASURED_UNCERTAINTY_BAND,lfr_a026dc081b9ef2,h6000_q-000497_r+000847,8.097514,1.0,bf201a3f80cb80f8aecfc180e7baf2cfc2636dbaacf12de8806bc99cf3524fe6,"canonical hex polygon INTERSECT canonical OSM land component, unioned inside the hex (overlap-safe)",v1_sha1_hexid_pipe_subjectid
h6000_q-000498_r+000847,OCEAN,False,0.120972,2.417303,2.417303,0.0,hsub_european_mainland,lfr_623fb34d14f273,0.0,0.0,2.417303,0.0,OUTSIDE,INSIDE_UNCERTAINTY_BAND,NONE,SINGLE_COMPONENT,UNRESOLVED,,INSIDE_THE_MEASURED_UNCERTAINTY_BAND,lfr_623fb34d14f273,h6000_q-000498_r+000847,2.417303,1.0,84cff7373dacfa78dd97433e896ee097c00283f3984e21ea509dc7f6ea10104e,"canonical hex polygon INTERSECT canonical OSM land component, unioned inside the hex (overlap-safe)",v1_sha1_hexid_pipe_subjectid
h6000_q-000499_r+000847,OCEAN,False,0.040036,0.800128,0.800128,0.0,hsub_european_mainland,lfr_5d55193bacef27,0.0,0.0,0.800128,0.0,OUTSIDE,INSIDE_UNCERTAINTY_BAND,NONE,SINGLE_COMPONENT,UNRESOLVED,,INSIDE_THE_MEASURED_UNCERTAINTY_BAND,lfr_5d55193bacef27,h6000_q-000499_r+000847,0.800128,1.0,9b6593bc0d07d072c98c31fc95af2ba6401063cc9f333f6504dc63af6257d2fd,"canonical hex polygon INTERSECT canonical OSM land component, unioned inside the hex (overlap-safe)",v1_sha1_hexid_pipe_subjectid
h6000_q-000501_r+000846,OCEAN,False,6.8e-05,0.001364,0.001364,0.0,hsub_european_mainland,lfr_75f49a3dd07f56,0.0,0.0,0.001364,0.0,OUTSIDE,INSIDE_UNCERTAINTY_BAND,NONE,SINGLE_COMPONENT,UNRESOLVED,,INSIDE_THE_MEASURED_UNCERTAINTY_BAND,lfr_75f49a3dd07f56,h6000_q-000501_r+000846,0.001364,1.0,2ec1887785cdbccaa000be759bc0a7ee54e734c1dd04c41cc4a4f151e6f625f6,"canonical hex polygon INTERSECT canonical OSM land component, unioned inside the hex (overlap-safe)",v1_sha1_hexid_pipe_subjectid
h6000_q-000502_r+000846,OCEAN,False,0.015902,0.318002,0.318002,0.0,hsub_european_mainland,lfr_c3b385cbe6f0f0,0.0,0.0,0.318002,0.0,OUTSIDE,INSIDE_UNCERTAINTY_BAND,NONE,SINGLE_COMPONENT,UNRESOLVED,,INSIDE_THE_MEASURED_UNCERTAINTY_BAND,lfr_c3b385cbe6f0f0,h6000_q-000502_r+000846,0.318002,1.0,908140b61a2e83f7cb58b7b514da2a97accfa3bc87c13b305329c0a41155ad4b,"canonical hex polygon INTERSECT canonical OSM land component, unioned inside the hex (overlap-safe)",v1_sha1_hexid_pipe_subjectid
h6000_q-000503_r+000846,OCEAN,False,0.003123,0.062453,0.062453,0.0,hsub_european_mainland,lfr_cc7b5770db60c6,0.0,0.0,0.062453,0.0,OUTSIDE,INSIDE_UNCERTAINTY_BAND,NONE,SINGLE_COMPONENT,UNRESOLVED,,INSIDE_THE_MEASURED_UNCERTAINTY_BAND,lfr_cc7b5770db60c6,h6000_q-000503_r+000846,0.062453,1.0,2a0f662ad690ef38d61be04739fcc6cf8f65f37808d4369bb05c7c3d9433a14a,"canonical hex polygon INTERSECT canonical OSM land component, unioned inside the hex (overlap-safe)",v1_sha1_hexid_pipe_subjectid
h6000_q-000505_r+000843,OCEAN,False,0.005607,0.104175,0.102871,0.001304,hsub_european_mainland,lfr_ae069d895fb0da,0.0,0.0,0.102871,0.0,OUTSIDE,INSIDE_UNCERTAINTY_BAND,NONE,MIXED_WITH_OTHER_COMPONENT,UNRESOLVED,,INSIDE_THE_MEASURED_UNCERTAINTY_BAND,lfr_ae069d895fb0da,h6000_q-000505_r+000843,0.102871,0.9874826013918887,b140887cf585e705c9d9466f58cbcd28d5d8e11011bb924b04b9417bfefc695e,"canonical hex polygon INTERSECT canonical OSM land component, unioned inside the hex (overlap-safe)",v1_sha1_hexid_pipe_subjectid
h6000_q-000505_r+000844,OCEAN,False,0.05424,1.087111,1.087111,0.0,hsub_european_mainland,lfr_3ec3d6836549fd,0.0,0.0,1.087111,0.0,OUTSIDE,INSIDE_UNCERTAINTY_BAND,NONE,SINGLE_COMPONENT,UNRESOLVED,,INSIDE_THE_MEASURED_UNCERTAINTY_BAND,lfr_3ec3d6836549fd,h6000_q-000505_r+000844,1.087111,1.0,d113c36219f4f51c66eb1f0a865ff401ded992ae34b70c584ab3fff9ea55f75e,"canonical hex polygon INTERSECT canonical OSM land component, unioned inside the hex (overlap-safe)",v1_sha1_hexid_pipe_subjectid
h6000_q-000505_r+000845,OCEAN,False,0.124754,2.49797,2.49797,0.0,hsub_european_mainland,lfr_af0f4b61c09eba,0.0,0.0,2.49797,0.0,OUTSIDE,INSIDE_UNCERTAINTY_BAND,NONE,SINGLE_COMPONENT,UNRESOLVED,,INSIDE_THE_MEASURED_UNCERTAINTY_BAND,lfr_af0f4b61c09eba,h6000_q-000505_r+000845,2.49797,1.0,0dc8a516a0a1114f7edd25ff0b48decf6aec0d0daa068518ed8e171512cc6917,"canonical hex polygon INTERSECT canonical OSM land component, unioned inside the hex (overlap-safe)",v1_sha1_hexid_pipe_subjectid
h6000_q-000505_r+000846,OCEAN,False,0.151984,3.040303,3.040303,0.0,hsub_european_mainland,lfr_522f54d73e249a,0.0,0.0,3.040303,0.0,OUTSIDE,INSIDE_UNCERTAINTY_BAND,NONE,SINGLE_COMPONENT,UNRESOLVED,,INSIDE_THE_MEASURED_UNCERTAINTY_BAND,lfr_522f54d73e249a,h6000_q-000505_r+000846,3.040303,1.0,33b872b08fbd99772d16c1391ffad967ec2ce630fd1fb18458a05a537c8073d3,"canonical hex polygon INTERSECT canonical OSM land component, unioned inside the hex (overlap-safe)",v1_sha1_hexid_pipe_subjectid
h6000_q-000506_r+000841,OCEAN,False,0.003599,0.072347,0.072347,0.0,hsub_european_mainland,lfr_3dfe32171b5bff,0.0,0.0,0.072347,0.0,OUTSIDE,INSIDE_UNCERTAINTY_BAND,NONE,SINGLE_COMPONENT,UNRESOLVED,,INSIDE_THE_MEASURED_UNCERTAINTY_BAND,lfr_3dfe32171b5bff,h6000_q-000506_r+000841,0.072347,1.0,d0bb4f529a7eb8a2c9f82641422566da21c6533bab1be0f8c0f9f6a9de3e4932,"canonical hex polygon INTERSECT canonical OSM land component, unioned inside the hex (overlap-safe)",v1_sha1_hexid_pipe_subjectid
h6000_q-000506_r+000843,OCEAN,False,0.446118,8.812487,8.812487,0.0,hsub_european_mainland,lfr_f538c032739b75,0.0,0.0,8.812487,0.0,OUTSIDE,INSIDE_UNCERTAINTY_BAND,NONE,SINGLE_COMPONENT,UNRESOLVED,,INSIDE_THE_MEASURED_UNCERTAINTY_BAND,lfr_f538c032739b75,h6000_q-000506_r+000843,8.812487,1.0,6f16ad31786e15fac15b649ace1990d7f524060774780ca8db175ea6416ced81,"canonical hex polygon INTERSECT canonical OSM land component, unioned inside the hex (overlap-safe)",v1_sha1_hexid_pipe_subjectid
h6000_q-000507_r+000841,OCEAN,False,0.441278,8.869921,8.869921,0.0,hsub_european_mainland,lfr_ef94777c4cafb8,0.0,0.0,8.869921,0.0,OUTSIDE,INSIDE_UNCERTAINTY_BAND,NONE,SINGLE_COMPONENT,UNRESOLVED,,INSIDE_THE_MEASURED_UNCERTAINTY_BAND,lfr_ef94777c4cafb8,h6000_q-000507_r+000841,8.869921,1.0,16d7503ca685bfded06b6bba9c7abf3894d867fddafd443a2ee90dc0cb9c2d65,"canonical hex polygon INTERSECT canonical OSM land component, unioned inside the hex (overlap-safe)",v1_sha1_hexid_pipe_subjectid
h6000_q-000508_r+000840,OCEAN,False,0.025703,0.516993,0.516993,0.0,hsub_european_mainland,lfr_2067de07b8eb4b,0.0,0.0,0.516993,0.0,OUTSIDE,INSIDE_UNCERTAINTY_BAND,NONE,SINGLE_COMPONENT,UNRESOLVED,,INSIDE_THE_MEASURED_UNCERTAINTY_BAND,lfr_2067de07b8eb4b,h6000_q-000508_r+000840,0.516993,1.0,bb73e7f3b71891c2171c1e9bbb8abd36eefc0686de35914bdb46588c4cad7788,"canonical hex polygon INTERSECT canonical OSM land component, unioned inside the hex (overlap-safe)",v1_sha1_hexid_pipe_subjectid
h6000_q-000511_r+000841,OCEAN,False,0.381095,7.659974,7.659974,0.0,hsub_european_mainland,lfr_98cf8f7c487b13,0.0,0.0,7.659974,0.0,OUTSIDE,INSIDE_UNCERTAINTY_BAND,NONE,SINGLE_COMPONENT,UNRESOLVED,,INSIDE_THE_MEASURED_UNCERTAINTY_BAND,lfr_98cf8f7c487b13,h6000_q-000511_r+000841,7.659974,1.0,95724d20e88da9bcf04c07b09013f8a9388fe481e11d150b9461265ca8af895e,"canonical hex polygon INTERSECT canonical OSM land component, unioned inside the hex (overlap-safe)",v1_sha1_hexid_pipe_subjectid
h6000_q-000512_r+000840,OCEAN,False,0.06927,1.393572,1.393572,0.0,hsub_european_mainland,lfr_00ec8db6c04403,0.0,0.0,1.393572,0.0,OUTSIDE,INSIDE_UNCERTAINTY_BAND,NONE,SINGLE_COMPONENT,UNRESOLVED,,INSIDE_THE_MEASURED_UNCERTAINTY_BAND,lfr_00ec8db6c04403,h6000_q-000512_r+000840,1.393572,1.0,f542fbe7ea421332c123e0a476b05ed327dda59f996acdf0704612c8dcf5eb31,"canonical hex polygon INTERSECT canonical OSM land component, unioned inside the hex (overlap-safe)",v1_sha1_hexid_pipe_subjectid
h6000_q-000514_r+000839,OCEAN,False,0.156804,3.157679,3.157679,0.0,hsub_european_mainland,lfr_7b0d34e1942b6e,0.0,0.0,3.157679,0.0,OUTSIDE,INSIDE_UNCERTAINTY_BAND,NONE,SINGLE_COMPONENT,UNRESOLVED,,INSIDE_THE_MEASURED_UNCERTAINTY_BAND,lfr_7b0d34e1942b6e,h6000_q-000514_r+000839,3.157679,1.0,78377dac7e2cef147853b656dc037b995ef789668aa42a0b94922982343f32f3,"canonical hex polygon INTERSECT canonical OSM land component, unioned inside the hex (overlap-safe)",v1_sha1_hexid_pipe_subjectid
h6000_q-000515_r+000829,OCEAN,False,0.000211,0.004289,0.001032,0.003257,hsub_european_mainland,lfr_2cbc3945a0c4b4,0.0,0.0,0.001032,0.0,OUTSIDE,INSIDE_UNCERTAINTY_BAND,CEUTA|GIBRALTAR,MIXED_WITH_OTHER_COMPONENT,UNRESOLVED,,INSIDE_A_WITHHELD_SPECIAL_CASE,lfr_2cbc3945a0c4b4,h6000_q-000515_r+000829,0.001032,0.24061552809512704,172bdc0e5f5bd0197c6a750707af7c265df05839a8270c5eb4e6ac51a450a64f,"canonical hex polygon INTERSECT canonical OSM land component, unioned inside the hex (overlap-safe)",v1_sha1_hexid_pipe_subjectid
h6000_q-000515_r+000831,OCEAN,False,0.243927,4.950685,4.941296,0.009389,hsub_european_mainland,lfr_e0d2792a96fe0b,0.0,0.0,4.313837,0.0,OUTSIDE,INSIDE_UNCERTAINTY_BAND,CEUTA|GIBRALTAR,MIXED_WITH_OTHER_COMPONENT,UNRESOLVED,,INSIDE_A_WITHHELD_SPECIAL_CASE,lfr_e0d2792a96fe0b,h6000_q-000515_r+000831,4.941296,0.9981034947689058,481b1b0e992ad243c0721ff2f711295796a1f2d9189a363040ea4a1fe0202f09,"canonical hex polygon INTERSECT canonical OSM land component, unioned inside the hex (overlap-safe)",v1_sha1_hexid_pipe_subjectid
h6000_q-000515_r+000832,OCEAN,False,0.426845,8.655612,8.655612,0.0,hsub_european_mainland,lfr_becfadcf58a6e0,0.0,0.0,8.655612,0.0,OUTSIDE,INSIDE_UNCERTAINTY_BAND,CEUTA|GIBRALTAR,SINGLE_COMPONENT,UNRESOLVED,,INSIDE_A_WITHHELD_SPECIAL_CASE,lfr_becfadcf58a6e0,h6000_q-000515_r+000832,8.655612,1.0,1bc3d22ed190c6b4868660d35cf4347441d228dadba9f5b40cbe6901a5708d55,"canonical hex polygon INTERSECT canonical OSM land component, unioned inside the hex (overlap-safe)",v1_sha1_hexid_pipe_subjectid
h6000_q-000515_r+000833,OCEAN,False,0.136494,2.765086,2.765086,0.0,hsub_european_mainland,lfr_2bdc057b3b4ae9,0.0,0.0,2.765086,0.0,OUTSIDE,INSIDE_UNCERTAINTY_BAND,GIBRALTAR,SINGLE_COMPONENT,UNRESOLVED,,INSIDE_A_WITHHELD_SPECIAL_CASE,lfr_2bdc057b3b4ae9,h6000_q-000515_r+000833,2.765086,1.0,7004162b352a5cd4d3c9eb4756576526bad1001b110f22a293024122c68afba2,"canonical hex polygon INTERSECT canonical OSM land component, unioned inside the hex (overlap-safe)",v1_sha1_hexid_pipe_subjectid
h6000_q-000515_r+000834,OCEAN,False,0.093182,1.885576,1.885576,0.0,hsub_european_mainland,lfr_972f902cfa484f,0.0,0.0,1.885576,0.0,OUTSIDE,INSIDE_UNCERTAINTY_BAND,GIBRALTAR,SINGLE_COMPONENT,UNRESOLVED,,INSIDE_A_WITHHELD_SPECIAL_CASE,lfr_972f902cfa484f,h6000_q-000515_r+000834,1.885576,1.0,ef1332540f13a8883d1d9ab30a70acbdb2f97040b4852ad6904ab6ddb9e247a2,"canonical hex polygon INTERSECT canonical OSM land component, unioned inside the hex (overlap-safe)",v1_sha1_hexid_pipe_subjectid
h6000_q-000515_r+000835,OCEAN,False,0.040604,0.820857,0.774775,0.046083,hsub_european_mainland,lfr_080a0dfacfdc9b,0.0,0.0,0.774775,0.0,OUTSIDE,INSIDE_UNCERTAINTY_BAND,GIBRALTAR,MIXED_WITH_OTHER_COMPONENT,UNRESOLVED,,INSIDE_A_WITHHELD_SPECIAL_CASE,lfr_080a0dfacfdc9b,h6000_q-000515_r+000835,0.774775,0.9438611110095912,b7c1d1d7a10fa39a183fa2717f50e17bd2f68f4d669f1b417f35e62b73f17b1b,"canonical hex polygon INTERSECT canonical OSM land component, unioned inside the hex (overlap-safe)",v1_sha1_hexid_pipe_subjectid
h6000_q-000515_r+000836,OCEAN,False,0.120214,2.428098,2.428032,6.7e-05,hsub_european_mainland,lfr_ad9a26b1c53092,0.0,0.0,2.428032,0.0,OUTSIDE,INSIDE_UNCERTAINTY_BAND,GIBRALTAR,MIXED_WITH_OTHER_COMPONENT,UNRESOLVED,,INSIDE_A_WITHHELD_SPECIAL_CASE,lfr_ad9a26b1c53092,h6000_q-000515_r+000836,2.428032,0.9999728182305657,50aa8cbee6c6836176748479a578ea8b3beec9b322ed6b9845dc7c6a6b650169,"canonical hex polygon INTERSECT canonical OSM land component, unioned inside the hex (overlap-safe)",v1_sha1_hexid_pipe_subjectid
h6000_q-000515_r+000837,OCEAN,False,0.006299,0.127098,0.127098,0.0,hsub_european_mainland,lfr_f058fe05ccf5fc,0.0,0.0,0.127098,0.0,OUTSIDE,INSIDE_UNCERTAINTY_BAND,GIBRALTAR,SINGLE_COMPONENT,UNRESOLVED,,INSIDE_A_WITHHELD_SPECIAL_CASE,lfr_f058fe05ccf5fc,h6000_q-000515_r+000837,0.127098,1.0,0e16f75e08249cbb00d17b00206a9380520f1325f9589696ba515ad291a30f78,"canonical hex polygon INTERSECT canonical OSM land component, unioned inside the hex (overlap-safe)",v1_sha1_hexid_pipe_subjectid
h6000_q-000515_r+000838,OCEAN,False,0.051742,1.043031,1.043031,0.0,hsub_european_mainland,lfr_2ee01c8c8f6a6a,0.0,0.0,1.043031,0.0,OUTSIDE,INSIDE_UNCERTAINTY_BAND,NONE,SINGLE_COMPONENT,UNRESOLVED,,INSIDE_THE_MEASURED_UNCERTAINTY_BAND,lfr_2ee01c8c8f6a6a,h6000_q-000515_r+000838,1.043031,1.0,39cac21129523226b68603b3952c96500aaafb1590c5b811011ed530b15112b1,"canonical hex polygon INTERSECT canonical OSM land component, unioned inside the hex (overlap-safe)",v1_sha1_hexid_pipe_subjectid
h6000_q-000516_r+000829,OCEAN,False,0.429652,8.735818,8.735818,0.0,hsub_european_mainland,lfr_535514eb913430,0.0,0.0,8.735818,0.0,OUTSIDE,INSIDE_UNCERTAINTY_BAND,CEUTA|GIBRALTAR,SINGLE_COMPONENT,UNRESOLVED,,INSIDE_A_WITHHELD_SPECIAL_CASE,lfr_535514eb913430,h6000_q-000516_r+000829,8.735818,1.0,feabcf018949d796e218992de105e7eac2e77f3d3dec9b239add350a6b30fc99,"canonical hex polygon INTERSECT canonical OSM land component, unioned inside the hex (overlap-safe)",v1_sha1_hexid_pipe_subjectid
h6000_q-000516_r+000831,OCEAN,False,0.155063,3.147519,3.147519,0.0,hsub_european_mainland,lfr_7389702b0f60fc,0.0,0.0,2.832367,0.0,OUTSIDE,INSIDE_UNCERTAINTY_BAND,CEUTA|GIBRALTAR,SINGLE_COMPONENT,UNRESOLVED,,INSIDE_A_WITHHELD_SPECIAL_CASE,lfr_7389702b0f60fc,h6000_q-000516_r+000831,3.147519,1.0,0086e8b017e7f15ed6f58fce2957494500df462409bcd8ae0b72068e71b84f28,"canonical hex polygon INTERSECT canonical OSM land component, unioned inside the hex (overlap-safe)",v1_sha1_hexid_pipe_subjectid
h6000_q-000516_r+000832,OCEAN,False,0.189179,3.835293,3.835293,0.0,hsub_european_mainland,lfr_14884a3f8d1dfa,0.0,0.0,3.835293,0.0,OUTSIDE,INSIDE_UNCERTAINTY_BAND,GIBRALTAR,SINGLE_COMPONENT,UNRESOLVED,,INSIDE_A_WITHHELD_SPECIAL_CASE,lfr_14884a3f8d1dfa,h6000_q-000516_r+000832,3.835293,1.0,0e8e428cad1b848bd2ec510247a4ad340ff9142a9c1600fcec9ebc57c4d2b16b,"canonical hex polygon INTERSECT canonical OSM land component, unioned inside the hex (overlap-safe)",v1_sha1_hexid_pipe_subjectid
h6000_q-000517_r+000828,OCEAN,False,0.214421,4.363515,4.363515,0.0,hsub_european_mainland,lfr_ab3add655f5057,0.0,0.0,4.363515,0.0,OUTSIDE,INSIDE_UNCERTAINTY_BAND,CEUTA|GIBRALTAR,SINGLE_COMPONENT,UNRESOLVED,,INSIDE_A_WITHHELD_SPECIAL_CASE,lfr_ab3add655f5057,h6000_q-000517_r+000828,4.363515,1.0,5203c71ccb7f072f34c186f5d22aca5c81f635c283bd0e80bada701a69db2af2,"canonical hex polygon INTERSECT canonical OSM land component, unioned inside the hex (overlap-safe)",v1_sha1_hexid_pipe_subjectid
h6000_q-000518_r+000828,OCEAN,False,0.439526,8.941459,8.941459,0.0,hsub_european_mainland,lfr_9d1c1d0b3d82dd,0.0,0.0,8.941459,0.0,OUTSIDE,INSIDE_UNCERTAINTY_BAND,CEUTA|GIBRALTAR,SINGLE_COMPONENT,UNRESOLVED,,INSIDE_A_WITHHELD_SPECIAL_CASE,lfr_9d1c1d0b3d82dd,h6000_q-000518_r+000828,8.941459,1.0,fc4ea2f5af820bf1594ecd22d2a5ea21ec76722b3e425974206ccac7607f8263,"canonical hex polygon INTERSECT canonical OSM land component, unioned inside the hex (overlap-safe)",v1_sha1_hexid_pipe_subjectid
h6000_q-000520_r+000829,OCEAN,False,0.206425,4.196865,4.196865,0.0,hsub_european_mainland,lfr_c3f4fd950d79c1,0.0,0.0,4.196865,0.0,OUTSIDE,INSIDE_UNCERTAINTY_BAND,NONE,SINGLE_COMPONENT,UNRESOLVED,,INSIDE_THE_MEASURED_UNCERTAINTY_BAND,lfr_c3f4fd950d79c1,h6000_q-000520_r+000829,4.196865,1.0,1bb66fffda4a02c6cfff18fab1a40009b213e95fada24b73296feaf34f10e0b4,"canonical hex polygon INTERSECT canonical OSM land component, unioned inside the hex (overlap-safe)",v1_sha1_hexid_pipe_subjectid
h6000_q-000521_r+000829,OCEAN,False,0.097118,1.974434,1.974434,0.0,hsub_european_mainland,lfr_506e5c5471e2eb,0.0,0.0,1.974434,0.0,OUTSIDE,INSIDE_UNCERTAINTY_BAND,NONE,SINGLE_COMPONENT,UNRESOLVED,,INSIDE_THE_MEASURED_UNCERTAINTY_BAND,lfr_506e5c5471e2eb,h6000_q-000521_r+000829,1.974434,1.0,9143ec59fb97ce3874dac32cc81b185a1448e782c447b9e79869162a4b7eaef0,"canonical hex polygon INTERSECT canonical OSM land component, unioned inside the hex (overlap-safe)",v1_sha1_hexid_pipe_subjectid
h6000_q-000523_r+000830,OCEAN,False,0.273388,5.553466,5.553434,3.2e-05,hsub_european_mainland,lfr_7084d087539de6,0.0,0.0,5.553434,0.0,OUTSIDE,INSIDE_UNCERTAINTY_BAND,NONE,MIXED_WITH_OTHER_COMPONENT,UNRESOLVED,,INSIDE_THE_MEASURED_UNCERTAINTY_BAND,lfr_7084d087539de6,h6000_q-000523_r+000830,5.553434,0.9999942378327337,364d21a04eecdfc1201db4dc45974bcea219b04a3f56fedd7a7863f443b535c5,"canonical hex polygon INTERSECT canonical OSM land component, unioned inside the hex (overlap-safe)",v1_sha1_hexid_pipe_subjectid
h6000_q-000524_r+000831,OCEAN,False,0.395549,8.027835,8.027835,0.0,hsub_european_mainland,lfr_9c30cbba5bc15e,0.0,0.0,8.027835,0.0,OUTSIDE,INSIDE_UNCERTAINTY_BAND,NONE,SINGLE_COMPONENT,UNRESOLVED,,INSIDE_THE_MEASURED_UNCERTAINTY_BAND,lfr_9c30cbba5bc15e,h6000_q-000524_r+000831,8.027835,1.0,0ca2a9665928c4b413ccadffe13b3a4f3b74b4579df228123c71f99c8183667f,"canonical hex polygon INTERSECT canonical OSM land component, unioned inside the hex (overlap-safe)",v1_sha1_hexid_pipe_subjectid
h6000_q-000526_r+000832,OCEAN,False,0.019136,0.38786,0.38786,0.0,hsub_european_mainland,lfr_893fb59d98ff37,0.0,0.0,0.38786,0.0,OUTSIDE,INSIDE_UNCERTAINTY_BAND,NONE,SINGLE_COMPONENT,UNRESOLVED,,INSIDE_THE_MEASURED_UNCERTAINTY_BAND,lfr_893fb59d98ff37,h6000_q-000526_r+000832,0.38786,1.0,69380252ba9992ae750af523a56a463fb6399d881a9f6a502e2e013f54f77c4c,"canonical hex polygon INTERSECT canonical OSM land component, unioned inside the hex (overlap-safe)",v1_sha1_hexid_pipe_subjectid
h6000_q-000527_r+000832,OCEAN,False,0.107768,2.184528,2.184322,0.000206,hsub_european_mainland,lfr_5c9f0ce9410a1d,0.0,0.0,2.184322,0.0,OUTSIDE,INSIDE_UNCERTAINTY_BAND,NONE,MIXED_WITH_OTHER_COMPONENT,UNRESOLVED,,INSIDE_THE_MEASURED_UNCERTAINTY_BAND,lfr_5c9f0ce9410a1d,h6000_q-000527_r+000832,2.184322,0.9999057004533702,7dfcc645e31a19a33e325e290ae490d2e7861059ec3520dbade80420f79bb90d,"canonical hex polygon INTERSECT canonical OSM land component, unioned inside the hex (overlap-safe)",v1_sha1_hexid_pipe_subjectid
h6000_q-000528_r+000832,OCEAN,False,0.019564,0.396529,0.396529,0.0,hsub_european_mainland,lfr_c84f03d6b84fc9,0.0,0.0,0.396529,0.0,OUTSIDE,INSIDE_UNCERTAINTY_BAND,NONE,SINGLE_COMPONENT,UNRESOLVED,,INSIDE_THE_MEASURED_UNCERTAINTY_BAND,lfr_c84f03d6b84fc9,h6000_q-000528_r+000832,0.396529,1.0,a6fb23b37afebded4b0c8b718a979e08d5fa44d09c25d002582ea705379697fe,"canonical hex polygon INTERSECT canonical OSM land component, unioned inside the hex (overlap-safe)",v1_sha1_hexid_pipe_subjectid
h6000_q-000529_r+000833,OCEAN,False,0.244857,4.959874,4.959874,0.0,hsub_european_mainland,lfr_6bac72e53d4af4,0.0,0.0,4.959874,0.0,OUTSIDE,INSIDE_UNCERTAINTY_BAND,NONE,SINGLE_COMPONENT,UNRESOLVED,,INSIDE_THE_MEASURED_UNCERTAINTY_BAND,lfr_6bac72e53d4af4,h6000_q-000529_r+000833,4.959874,1.0,3435a514bf1664a8bbd6ebd4ae5db44358182cb87560279a4caea96dbc20a1a4,"canonical hex polygon INTERSECT canonical OSM land component, unioned inside the hex (overlap-safe)",v1_sha1_hexid_pipe_subjectid
h6000_q-000530_r+000834,OCEAN,False,0.208205,4.213657,4.213657,0.0,hsub_european_mainland,lfr_0651727fd3c439,0.0,0.0,4.213657,0.0,OUTSIDE,INSIDE_UNCERTAINTY_BAND,NONE,SINGLE_COMPONENT,UNRESOLVED,,INSIDE_THE_MEASURED_UNCERTAINTY_BAND,lfr_0651727fd3c439,h6000_q-000530_r+000834,4.213657,1.0,0b15897cd64efb3db4ee238b916b3042d7cadc99cdaabed637b0367bc4921862,"canonical hex polygon INTERSECT canonical OSM land component, unioned inside the hex (overlap-safe)",v1_sha1_hexid_pipe_subjectid
h6000_q-000531_r+000835,OCEAN,False,0.180541,3.649798,3.649798,0.0,hsub_european_mainland,lfr_f81fa09c11b0f7,0.0,0.0,3.649798,0.0,OUTSIDE,INSIDE_UNCERTAINTY_BAND,NONE,SINGLE_COMPONENT,UNRESOLVED,,INSIDE_THE_MEASURED_UNCERTAINTY_BAND,lfr_f81fa09c11b0f7,h6000_q-000531_r+000835,3.649798,1.0,98d7fa86a36cca28bac3746578d8116c38d70da18d304e50c14903225f1268e8,"canonical hex polygon INTERSECT canonical OSM land component, unioned inside the hex (overlap-safe)",v1_sha1_hexid_pipe_subjectid
h6000_q-000535_r+000839,OCEAN,False,0.484647,9.761604,9.761136,0.000469,hsub_european_mainland,lfr_59e616095f284c,0.0,0.0,9.761136,0.0,OUTSIDE,INSIDE_UNCERTAINTY_BAND,NONE,MIXED_WITH_OTHER_COMPONENT,UNRESOLVED,,INSIDE_THE_MEASURED_UNCERTAINTY_BAND,lfr_59e616095f284c,h6000_q-000535_r+000839,9.761136,0.9999520570594751,612c3c04abee9f2754d8b47a75dfa751ace0d096afe18a0c1254391a8411cd7d,"canonical hex polygon INTERSECT canonical OSM land component, unioned inside the hex (overlap-safe)",v1_sha1_hexid_pipe_subjectid
h6000_q-000536_r+000840,OCEAN,False,0.247347,4.97849,4.97849,0.0,hsub_european_mainland,lfr_011258cd4c3cd5,0.0,0.0,4.97849,0.0,OUTSIDE,INSIDE_UNCERTAINTY_BAND,NONE,SINGLE_COMPONENT,UNRESOLVED,,INSIDE_THE_MEASURED_UNCERTAINTY_BAND,lfr_011258cd4c3cd5,h6000_q-000536_r+000840,4.97849,1.0,69db5f1b0985fe3b3709e0ee9a871af07ee4a6a7a33d2f39dfcd8f5e9ae6d915,"canonical hex polygon INTERSECT canonical OSM land component, unioned inside the hex (overlap-safe)",v1_sha1_hexid_pipe_subjectid
h6000_q-000536_r+000841,OCEAN,False,0.296661,5.962533,5.962533,0.0,hsub_european_mainland,lfr_edf14fa9b65ae2,0.0,0.0,5.962533,0.0,OUTSIDE,INSIDE_UNCERTAINTY_BAND,NONE,SINGLE_COMPONENT,UNRESOLVED,,INSIDE_THE_MEASURED_UNCERTAINTY_BAND,lfr_edf14fa9b65ae2,h6000_q-000536_r+000841,5.962533,1.0,4b5b0274016ef7da35a3d05d6aa118ee22479c337beab140eb37eb2f6c56f7a5,"canonical hex polygon INTERSECT canonical OSM land component, unioned inside the hex (overlap-safe)",v1_sha1_hexid_pipe_subjectid
h6000_q-000537_r+000841,OCEAN,False,0.240298,4.830605,4.830605,0.0,hsub_european_mainland,lfr_0560f0d2332d84,0.0,0.0,4.830605,0.0,OUTSIDE,INSIDE_UNCERTAINTY_BAND,NONE,SINGLE_COMPONENT,UNRESOLVED,,INSIDE_THE_MEASURED_UNCERTAINTY_BAND,lfr_0560f0d2332d84,h6000_q-000537_r+000841,4.830605,1.0,60a665b223321ed568e6c78fc66bc4147e593916057704d49e5be4acfc273137,"canonical hex polygon INTERSECT canonical OSM land component, unioned inside the hex (overlap-safe)",v1_sha1_hexid_pipe_subjectid
h6000_q-000537_r+000842,OCEAN,False,0.178819,3.59266,3.59266,0.0,hsub_european_mainland,lfr_6f0d96b13b78d1,0.0,0.0,3.59266,0.0,OUTSIDE,INSIDE_UNCERTAINTY_BAND,NONE,SINGLE_COMPONENT,UNRESOLVED,,INSIDE_THE_MEASURED_UNCERTAINTY_BAND,lfr_6f0d96b13b78d1,h6000_q-000537_r+000842,3.59266,1.0,1f191c9aa0c368430a75b9ce5f8448901a0382b7d00bfacf5a0a2eb51a0963d6,"canonical hex polygon INTERSECT canonical OSM land component, unioned inside the hex (overlap-safe)",v1_sha1_hexid_pipe_subjectid
h6000_q-000538_r+000842,OCEAN,False,0.131252,2.636806,2.636725,8.1e-05,hsub_european_mainland,lfr_a84bc710699496,0.0,0.0,2.636725,0.0,OUTSIDE,INSIDE_UNCERTAINTY_BAND,NONE,MIXED_WITH_OTHER_COMPONENT,UNRESOLVED,,INSIDE_THE_MEASURED_UNCERTAINTY_BAND,lfr_a84bc710699496,h6000_q-000538_r+000842,2.636725,0.9999692810165026,18c5a9ff820c2f0f8c5bb833737b0a89581ab3f254d04f024413e13f3e6f7b53,"canonical hex polygon INTERSECT canonical OSM land component, unioned inside the hex (overlap-safe)",v1_sha1_hexid_pipe_subjectid
h6000_q-000538_r+000843,OCEAN,False,0.141639,2.797878,2.797878,0.0,hsub_european_mainland,lfr_cf8bb1efe152a8,0.0,0.0,2.797878,0.0,OUTSIDE,INSIDE_UNCERTAINTY_BAND,NONE,SINGLE_COMPONENT,UNRESOLVED,,INSIDE_THE_MEASURED_UNCERTAINTY_BAND,lfr_cf8bb1efe152a8,h6000_q-000538_r+000843,2.797878,1.0,4e55f913b00a4fc5beb7574a1f108703a569023b5eebdd49bacdb6d5c19b3a5d,"canonical hex polygon INTERSECT canonical OSM land component, unioned inside the hex (overlap-safe)",v1_sha1_hexid_pipe_subjectid
h6000_q-000539_r+000844,OCEAN,False,0.438995,8.798774,8.777677,0.021097,hsub_european_mainland,lfr_62c218bec1dad9,0.0,0.0,8.777677,0.0,OUTSIDE,INSIDE_UNCERTAINTY_BAND,NONE,MIXED_WITH_OTHER_COMPONENT,UNRESOLVED,,INSIDE_THE_MEASURED_UNCERTAINTY_BAND,lfr_62c218bec1dad9,h6000_q-000539_r+000844,8.777677,0.9976022795903158,123b51cafb926e9cbd3d7f7795d7340951edc8620209625ca14e9936cafabe73,"canonical hex polygon INTERSECT canonical OSM land component, unioned inside the hex (overlap-safe)",v1_sha1_hexid_pipe_subjectid
h6000_q-000540_r+000844,OCEAN,False,0.29145,5.841103,5.841103,0.0,hsub_european_mainland,lfr_f6dcee666f2249,0.0,0.0,5.841103,0.0,OUTSIDE,INSIDE_UNCERTAINTY_BAND,NONE,SINGLE_COMPONENT,UNRESOLVED,,INSIDE_THE_MEASURED_UNCERTAINTY_BAND,lfr_f6dcee666f2249,h6000_q-000540_r+000844,5.841103,1.0,9335df7ae1523b9172a73777e87f8c964100048bccb8cce17de74918af33a6df,"canonical hex polygon INTERSECT canonical OSM land component, unioned inside the hex (overlap-safe)",v1_sha1_hexid_pipe_subjectid
h6000_q-000543_r+000847,OCEAN,False,0.417478,8.345006,8.345006,0.0,hsub_european_mainland,lfr_205cd2ca7c22b7,0.0,0.0,8.345006,0.0,OUTSIDE,INSIDE_UNCERTAINTY_BAND,NONE,SINGLE_COMPONENT,UNRESOLVED,,INSIDE_THE_MEASURED_UNCERTAINTY_BAND,lfr_205cd2ca7c22b7,h6000_q-000543_r+000847,8.345006,1.0,2b1b3148e6a24ce429a19f439f378a62f75b171a64f1108d9d5a49f0b71c3804,"canonical hex polygon INTERSECT canonical OSM land component, unioned inside the hex (overlap-safe)",v1_sha1_hexid_pipe_subjectid
h6000_q-000543_r+000848,OCEAN,False,0.235275,4.699681,4.699681,0.0,hsub_european_mainland,lfr_4aadb9578d5000,0.0,0.0,4.699681,0.0,OUTSIDE,INSIDE_UNCERTAINTY_BAND,NONE,SINGLE_COMPONENT,UNRESOLVED,,INSIDE_THE_MEASURED_UNCERTAINTY_BAND,lfr_4aadb9578d5000,h6000_q-000543_r+000848,4.699681,1.0,d27833e6ce13621d29b7fdfc6c97c4152b213715d4b10ce39b939f95288ba8d8,"canonical hex polygon INTERSECT canonical OSM land component, unioned inside the hex (overlap-safe)",v1_sha1_hexid_pipe_subjectid
h6000_q-000543_r+000849,OCEAN,False,0.45305,9.03692,9.03692,0.0,hsub_european_mainland,lfr_e2be1f4a8ce7da,0.0,0.0,9.03692,0.0,OUTSIDE,INSIDE_UNCERTAINTY_BAND,NONE,SINGLE_COMPONENT,UNRESOLVED,,INSIDE_THE_MEASURED_UNCERTAINTY_BAND,lfr_e2be1f4a8ce7da,h6000_q-000543_r+000849,9.03692,1.0,5b53f9b5f13b739b30d72ca861bfd8e8b0b5f2f14a455a63d79f8e348ed8ea18,"canonical hex polygon INTERSECT canonical OSM land component, unioned inside the hex (overlap-safe)",v1_sha1_hexid_pipe_subjectid
h6000_q-000544_r+000850,OCEAN,False,0.466526,9.297671,9.297671,0.0,hsub_european_mainland,lfr_41900f4b998a5a,1.280388,0.0,9.297671,0.0,PARTLY_INSIDE,INSIDE_UNCERTAINTY_BAND,NONE,SINGLE_COMPONENT,UNRESOLVED,,FRAGMENT_ONLY_PARTLY_INSIDE_A_SAFE_INTERIOR,lfr_41900f4b998a5a,h6000_q-000544_r+000850,9.297671,1.0,47f61929b52b28ab9e5dd6eed01d49c388022f71b7f97ed0138b54c2f5edf43c,"canonical hex polygon INTERSECT canonical OSM land component, unioned inside the hex (overlap-safe)",v1_sha1_hexid_pipe_subjectid
h6000_q-000545_r+000851,OCEAN,False,0.319906,6.369257,6.369257,0.0,hsub_european_mainland,lfr_4c2e42d4d610ac,0.0,0.0,6.369257,0.0,OUTSIDE,INSIDE_UNCERTAINTY_BAND,NONE,SINGLE_COMPONENT,UNRESOLVED,,INSIDE_THE_MEASURED_UNCERTAINTY_BAND,lfr_4c2e42d4d610ac,h6000_q-000545_r+000851,6.369257,1.0,e34d1b41645a2fbf3f9c1444411ac83aee86b2d11d160052a49d989fa76fc680,"canonical hex polygon INTERSECT canonical OSM land component, unioned inside the hex (overlap-safe)",v1_sha1_hexid_pipe_subjectid
h6000_q-000546_r+000852,OCEAN,False,0.276797,5.505293,5.505293,0.0,hsub_european_mainland,lfr_d0164f7d32b574,0.0,0.0,5.505293,0.0,OUTSIDE,INSIDE_UNCERTAINTY_BAND,NONE,SINGLE_COMPONENT,UNRESOLVED,,INSIDE_THE_MEASURED_UNCERTAINTY_BAND,lfr_d0164f7d32b574,h6000_q-000546_r+000852,5.505293,1.0,945145e12b725d172d3d2e0fe64637dcc88d026478cde036f7469f48526ff645,"canonical hex polygon INTERSECT canonical OSM land component, unioned inside the hex (overlap-safe)",v1_sha1_hexid_pipe_subjectid
h6000_q-000547_r+000853,OCEAN,False,0.4409,8.76085,8.76085,0.0,hsub_european_mainland,lfr_efffdc3005e2bc,0.0,0.0,8.76085,0.0,OUTSIDE,INSIDE_UNCERTAINTY_BAND,NONE,SINGLE_COMPONENT,UNRESOLVED,,INSIDE_THE_MEASURED_UNCERTAINTY_BAND,lfr_efffdc3005e2bc,h6000_q-000547_r+000853,8.76085,1.0,696cbd6c02c4a52c76d057f0c6ca2cd5cb39e436d0435b0d6cd81ecf6d698f35,"canonical hex polygon INTERSECT canonical OSM land component, unioned inside the hex (overlap-safe)",v1_sha1_hexid_pipe_subjectid
h6000_q-000548_r+001034,OCEAN,False,0.41758,6.872088,6.868962,0.003126,hsub_european_mainland,lfr_90f075d49ce701,0.0,0.0,6.868962,0.0,OUTSIDE,INSIDE_UNCERTAINTY_BAND,NONE,MIXED_WITH_OTHER_COMPONENT,UNRESOLVED,,INSIDE_THE_MEASURED_UNCERTAINTY_BAND,lfr_90f075d49ce701,h6000_q-000548_r+001034,6.868962,0.9995451164187653,64fee47023ce701f56455e62d7a8245a46a74c86c90d8d1967bcbad1f3f27706,"canonical hex polygon INTERSECT canonical OSM land component, unioned inside the hex (overlap-safe)",v1_sha1_hexid_pipe_subjectid
h6000_q-000548_r+001035,OCEAN,False,0.015536,0.255407,0.255407,0.0,hsub_european_mainland,lfr_e9873f1294d77b,0.0,0.0,0.255407,0.0,OUTSIDE,INSIDE_UNCERTAINTY_BAND,NONE,SINGLE_COMPONENT,UNRESOLVED,,INSIDE_THE_MEASURED_UNCERTAINTY_BAND,lfr_e9873f1294d77b,h6000_q-000548_r+001035,0.255407,1.0,a31d6c39690eb43ba6b97cc8c5f1a74b733f642605bb1f6b11035bb9ce4994c3,"canonical hex polygon INTERSECT canonical OSM land component, unioned inside the hex (overlap-safe)",v1_sha1_hexid_pipe_subjectid
h6000_q-000549_r+000854,OCEAN,False,0.06833,1.356278,1.356278,0.0,hsub_european_mainland,lfr_5ca81d8b59e93c,0.0,0.0,1.356278,0.0,OUTSIDE,INSIDE_UNCERTAINTY_BAND,NONE,SINGLE_COMPONENT,UNRESOLVED,,INSIDE_THE_MEASURED_UNCERTAINTY_BAND,lfr_5ca81d8b59e93c,h6000_q-000549_r+000854,1.356278,1.0,d3c6a22aeab9673340082c5decfd99563ed4d3b80db304b77d289bbc0601a141,"canonical hex polygon INTERSECT canonical OSM land component, unioned inside the hex (overlap-safe)",v1_sha1_hexid_pipe_subjectid
h6000_q-000549_r+001034,OCEAN,False,0.135212,2.225525,2.225525,0.0,hsub_european_mainland,lfr_1ac735e850a41f,0.0,0.0,2.225525,0.0,OUTSIDE,INSIDE_UNCERTAINTY_BAND,NONE,SINGLE_COMPONENT,UNRESOLVED,,INSIDE_THE_MEASURED_UNCERTAINTY_BAND,lfr_1ac735e850a41f,h6000_q-000549_r+001034,2.225525,1.0,c44b73fc43248172b003442dda6c1bd53a2e81d03b12ff2347b3ab4fec13fba9,"canonical hex polygon INTERSECT canonical OSM land component, unioned inside the hex (overlap-safe)",v1_sha1_hexid_pipe_subjectid
h6000_q-000550_r+001034,OCEAN,False,0.057217,0.941695,0.916813,0.024882,hsub_european_mainland,lfr_016af47b803474,0.0,0.0,0.916813,0.0,OUTSIDE,INSIDE_UNCERTAINTY_BAND,NONE,MIXED_WITH_OTHER_COMPONENT,UNRESOLVED,,INSIDE_THE_MEASURED_UNCERTAINTY_BAND,lfr_016af47b803474,h6000_q-000550_r+001034,0.916813,0.9735774321834565,9bb6c66d9cb74d9a1ebfe16f7667e37cb7aec407ab26eeafa989b95e8c7c910b,"canonical hex polygon INTERSECT canonical OSM land component, unioned inside the hex (overlap-safe)",v1_sha1_hexid_pipe_subjectid
h6000_q-000551_r+001034,OCEAN,False,0.086752,1.427923,1.427923,0.0,hsub_european_mainland,lfr_1d236954a70d3d,0.0,0.0,1.427923,0.0,OUTSIDE,INSIDE_UNCERTAINTY_BAND,NONE,SINGLE_COMPONENT,UNRESOLVED,,INSIDE_THE_MEASURED_UNCERTAINTY_BAND,lfr_1d236954a70d3d,h6000_q-000551_r+001034,1.427923,1.0,d41c6de9eb8afecfc66ebd872aa2bdb8feb6f6bae975c3161229eed446aa8434,"canonical hex polygon INTERSECT canonical OSM land component, unioned inside the hex (overlap-safe)",v1_sha1_hexid_pipe_subjectid
h6000_q-000553_r+001032,OCEAN,False,0.272647,4.49715,4.452759,0.044391,hsub_european_mainland,lfr_0ef5341a09bdbd,0.0,0.0,4.452759,0.0,OUTSIDE,INSIDE_UNCERTAINTY_BAND,NONE,MIXED_WITH_OTHER_COMPONENT,UNRESOLVED,,INSIDE_THE_MEASURED_UNCERTAINTY_BAND,lfr_0ef5341a09bdbd,h6000_q-000553_r+001032,4.452759,0.9901290817517762,2161b5dd647332aab7ac756b774017192b5399b61c6587f69622e35d0fe9db29,"canonical hex polygon INTERSECT canonical OSM land component, unioned inside the hex (overlap-safe)",v1_sha1_hexid_pipe_subjectid
h6000_q-000554_r+001032,OCEAN,False,0.093302,1.539135,1.539135,0.0,hsub_european_mainland,lfr_a63f19877ba8e3,0.0,0.0,1.539135,0.0,OUTSIDE,INSIDE_UNCERTAINTY_BAND,NONE,SINGLE_COMPONENT,UNRESOLVED,,INSIDE_THE_MEASURED_UNCERTAINTY_BAND,lfr_a63f19877ba8e3,h6000_q-000554_r+001032,1.539135,1.0,360a96e8111c2106a655390760fc55f9021c583c8ff127a9105734c14d9c9f57,"canonical hex polygon INTERSECT canonical OSM land component, unioned inside the hex (overlap-safe)",v1_sha1_hexid_pipe_subjectid
h6000_q-000555_r+001031,OCEAN,False,0.418873,6.916568,6.903608,0.01296,hsub_european_mainland,lfr_f4e01ab1718d29,0.0,0.0,1.025726,0.0,OUTSIDE,INSIDE_UNCERTAINTY_BAND,NONE,MIXED_WITH_OTHER_COMPONENT,UNRESOLVED,,INSIDE_THE_MEASURED_UNCERTAINTY_BAND,lfr_f4e01ab1718d29,h6000_q-000555_r+001031,6.903608,0.998126238330918,71df4cc365fffba463d6e22ffae1fa200d469f4564f5d88434064239fb5e5c5c,"canonical hex polygon INTERSECT canonical OSM land component, unioned inside the hex (overlap-safe)",v1_sha1_hexid_pipe_subjectid
h6000_q-000571_r+000856,OCEAN,False,0.30442,6.03078,4.591802,1.438978,hsub_european_mainland,lfr_7742931c112a2a,0.0,0.0,0.0,4.514144,OUTSIDE,INSIDE_UNCERTAINTY_BAND,NONE,MIXED_WITH_OTHER_COMPONENT,UNRESOLVED,,INSIDE_THE_MEASURED_UNCERTAINTY_BAND,lfr_7742931c112a2a,h6000_q-000571_r+000856,4.591802,0.7613943801630967,b1fbe17f0998a77c3483b6ffc2cc491816480b15742594ab1ed1ce8ebcd3bde3,"canonical hex polygon INTERSECT canonical OSM land component, unioned inside the hex (overlap-safe)",v1_sha1_hexid_pipe_subjectid
h6000_q-000572_r+000855,OCEAN,False,0.389365,7.721823,4.606134,3.115689,hsub_european_mainland,lfr_a2d8aa1df26fd9,0.0,0.0,0.0,4.606134,OUTSIDE,INSIDE_UNCERTAINTY_BAND,NONE,MIXED_WITH_OTHER_COMPONENT,UNRESOLVED,,INSIDE_THE_MEASURED_UNCERTAINTY_BAND,lfr_a2d8aa1df26fd9,h6000_q-000572_r+000855,4.606134,0.5965086223810103,b31c9d3d18fc503633df475335ebe6d321a4b8f76d491a29d71b44d46745d73e,"canonical hex polygon INTERSECT canonical OSM land component, unioned inside the hex (overlap-safe)",v1_sha1_hexid_pipe_subjectid
h6000_q-000573_r+000854,OCEAN,False,0.43931,8.721164,6.705162,2.016002,hsub_european_mainland,lfr_d9018a6da78036,0.0,0.0,0.0,6.705162,OUTSIDE,INSIDE_UNCERTAINTY_BAND,NONE,MIXED_WITH_OTHER_COMPONENT,UNRESOLVED,,INSIDE_THE_MEASURED_UNCERTAINTY_BAND,lfr_d9018a6da78036,h6000_q-000573_r+000854,6.705162,0.7688379670420141,dcfbe8d8391fd79d0dc864b811b24e17dcef20a135ed98eaf956fa80213c5b08,"canonical hex polygon INTERSECT canonical OSM land component, unioned inside the hex (overlap-safe)",v1_sha1_hexid_pipe_subjectid
h6000_q-000574_r+000854,OCEAN,False,0.215501,4.278213,2.774984,1.503229,hsub_european_mainland,lfr_224ff176167dcb,0.0,0.0,0.0,2.774984,OUTSIDE,INSIDE_UNCERTAINTY_BAND,NONE,MIXED_WITH_OTHER_COMPONENT,UNRESOLVED,,INSIDE_THE_MEASURED_UNCERTAINTY_BAND,lfr_224ff176167dcb,h6000_q-000574_r+000854,2.774984,0.6486315664975072,3e5528076da501265b0ec2124ba4ac5ed20a2eee7ba11ffe2c006eed273b22cc,"canonical hex polygon INTERSECT canonical OSM land component, unioned inside the hex (overlap-safe)",v1_sha1_hexid_pipe_subjectid
h6000_q-000575_r+000854,OCEAN,False,0.081805,1.623655,1.15932,0.464334,hsub_european_mainland,lfr_06337bc47cc588,0.0,0.0,0.0,1.15932,OUTSIDE,INSIDE_UNCERTAINTY_BAND,NONE,MIXED_WITH_OTHER_COMPONENT,UNRESOLVED,,INSIDE_THE_MEASURED_UNCERTAINTY_BAND,lfr_06337bc47cc588,h6000_q-000575_r+000854,1.15932,0.7140186800767403,b3092b4f6b7f684d73f4c734d4505176ac5ba861b8a658ba2a55f3a46382b373,"canonical hex polygon INTERSECT canonical OSM land component, unioned inside the hex (overlap-safe)",v1_sha1_hexid_pipe_subjectid
h6000_q-000577_r+000855,OCEAN,False,0.116829,2.316556,2.316556,0.0,hsub_european_mainland,lfr_c819defdf0ab67,0.0,0.0,0.0,2.316556,OUTSIDE,INSIDE_UNCERTAINTY_BAND,NONE,SINGLE_COMPONENT,UNRESOLVED,,INSIDE_THE_MEASURED_UNCERTAINTY_BAND,lfr_c819defdf0ab67,h6000_q-000577_r+000855,2.316556,1.0,8acfddb64a1af2259bc2ef9454c98b0375d9aefea2f422542b884080eba09daa,"canonical hex polygon INTERSECT canonical OSM land component, unioned inside the hex (overlap-safe)",v1_sha1_hexid_pipe_subjectid
h6000_q-000579_r+000856,OCEAN,False,0.143173,2.835951,2.835951,0.0,hsub_european_mainland,lfr_8ac88d2284a38a,0.0,0.0,0.0,2.835951,OUTSIDE,INSIDE_UNCERTAINTY_BAND,NONE,SINGLE_COMPONENT,UNRESOLVED,,INSIDE_THE_MEASURED_UNCERTAINTY_BAND,lfr_8ac88d2284a38a,h6000_q-000579_r+000856,2.835951,1.0,271d6591f584d0fd11603728e8209305708fddab3dbfeedb9a94641b7c5ccf4a,"canonical hex polygon INTERSECT canonical OSM land component, unioned inside the hex (overlap-safe)",v1_sha1_hexid_pipe_subjectid
h6000_q-000581_r+000856,OCEAN,False,0.007887,0.156203,0.155622,0.000581,hsub_european_mainland,lfr_cd13fc7ee4624f,0.0,0.0,0.0,0.155622,OUTSIDE,INSIDE_UNCERTAINTY_BAND,NONE,MIXED_WITH_OTHER_COMPONENT,UNRESOLVED,,INSIDE_THE_MEASURED_UNCERTAINTY_BAND,lfr_cd13fc7ee4624f,h6000_q-000581_r+000856,0.155622,0.9962804811687356,961e92dc45585a9d41d287bf0f2991aa3c2a909d278029d13c7325e9daa3cf7f,"canonical hex polygon INTERSECT canonical OSM land component, unioned inside the hex (overlap-safe)",v1_sha1_hexid_pipe_subjectid
h6000_q-000582_r+000856,OCEAN,False,0.168358,3.334883,3.334264,0.000619,hsub_european_mainland,lfr_534af48dffcda7,0.0,3.334264,0.0,3.334264,WHOLLY_INSIDE,NOT_IN_BAND,NONE,MIXED_WITH_OTHER_COMPONENT,CONTROLLED,PORTUGAL,WHOLE_FRAGMENT_INSIDE_SAFE_INTERIOR,lfr_534af48dffcda7,h6000_q-000582_r+000856,3.334264,0.999814386291813,4f8cd19f1a3350a96b3f4f583c42a1d04a2aab97d1f400a485162a3a68785911,"canonical hex polygon INTERSECT canonical OSM land component, unioned inside the hex (overlap-safe)",v1_sha1_hexid_pipe_subjectid
h6000_q-000587_r+000857,OCEAN,False,0.123811,2.450182,2.448399,0.001783,hsub_european_mainland,lfr_e45abb003430d5,0.0,0.0,0.0,2.448399,OUTSIDE,INSIDE_UNCERTAINTY_BAND,NONE,MIXED_WITH_OTHER_COMPONENT,UNRESOLVED,,INSIDE_THE_MEASURED_UNCERTAINTY_BAND,lfr_e45abb003430d5,h6000_q-000587_r+000857,2.448399,0.9992722989557512,d9fcf6bf98292a5b9886520be301fe5888442cc191eecb22d8d6b42b80b862f0,"canonical hex polygon INTERSECT canonical OSM land component, unioned inside the hex (overlap-safe)",v1_sha1_hexid_pipe_subjectid
h6000_q-000588_r+000857,OCEAN,False,0.009383,0.185647,0.185647,0.0,hsub_european_mainland,lfr_b92389448fa59c,0.0,0.0,0.0,0.185647,OUTSIDE,INSIDE_UNCERTAINTY_BAND,NONE,SINGLE_COMPONENT,UNRESOLVED,,INSIDE_THE_MEASURED_UNCERTAINTY_BAND,lfr_b92389448fa59c,h6000_q-000588_r+000857,0.185647,1.0,cbe9054bfc077953e97b08597889f92d769caff27f8a133f9d7d952192c4db4c,"canonical hex polygon INTERSECT canonical OSM land component, unioned inside the hex (overlap-safe)",v1_sha1_hexid_pipe_subjectid
h6000_q-000589_r+000856,OCEAN,False,0.029576,0.585766,0.585514,0.000252,hsub_european_mainland,lfr_c3531e431009d2,0.0,0.0,0.0,0.585514,OUTSIDE,INSIDE_UNCERTAINTY_BAND,NONE,MIXED_WITH_OTHER_COMPONENT,UNRESOLVED,,INSIDE_THE_MEASURED_UNCERTAINTY_BAND,lfr_c3531e431009d2,h6000_q-000589_r+000856,0.585514,0.9995697940815956,7105485f51ffda30804350f377f53132d293cdb5a6fdc2ee2b231fddf6136307,"canonical hex polygon INTERSECT canonical OSM land component, unioned inside the hex (overlap-safe)",v1_sha1_hexid_pipe_subjectid
h6000_q-000589_r+000857,OCEAN,False,0.281485,5.571438,5.571438,0.0,hsub_european_mainland,lfr_dcce89e07d52cf,0.0,0.0,0.0,5.571438,OUTSIDE,INSIDE_UNCERTAINTY_BAND,NONE,SINGLE_COMPONENT,UNRESOLVED,,INSIDE_THE_MEASURED_UNCERTAINTY_BAND,lfr_dcce89e07d52cf,h6000_q-000589_r+000857,5.571438,1.0,c18775b6cdd6d58fa0b9cb3ce698e82f56318882fd57b88074ca910fe96029e3,"canonical hex polygon INTERSECT canonical OSM land component, unioned inside the hex (overlap-safe)",v1_sha1_hexid_pipe_subjectid
h6000_q-000590_r+000856,OCEAN,False,0.051749,1.025148,1.025148,0.0,hsub_european_mainland,lfr_d5e64ea9c99683,0.0,0.0,0.0,1.025148,OUTSIDE,INSIDE_UNCERTAINTY_BAND,NONE,SINGLE_COMPONENT,UNRESOLVED,,INSIDE_THE_MEASURED_UNCERTAINTY_BAND,lfr_d5e64ea9c99683,h6000_q-000590_r+000856,1.025148,1.0,2051f4aea7a5f2b993dda18eb509d6480482fa266f7c74b93b2065df58838d35,"canonical hex polygon INTERSECT canonical OSM land component, unioned inside the hex (overlap-safe)",v1_sha1_hexid_pipe_subjectid
h6000_q-000591_r+000856,OCEAN,False,0.368422,7.298582,7.298582,0.0,hsub_european_mainland,lfr_cae82419761fd5,0.0,0.0,0.0,7.298582,OUTSIDE,INSIDE_UNCERTAINTY_BAND,NONE,SINGLE_COMPONENT,UNRESOLVED,,INSIDE_THE_MEASURED_UNCERTAINTY_BAND,lfr_cae82419761fd5,h6000_q-000591_r+000856,7.298582,1.0,dace36f2a06090db861900d449c1dc5b940aff769e6bc998ee2d8893621371be,"canonical hex polygon INTERSECT canonical OSM land component, unioned inside the hex (overlap-safe)",v1_sha1_hexid_pipe_subjectid
h6000_q-000592_r+000855,OCEAN,False,0.037766,0.748698,0.748698,0.0,hsub_european_mainland,lfr_0d78e463c270fd,0.0,0.0,0.0,0.748698,OUTSIDE,INSIDE_UNCERTAINTY_BAND,NONE,SINGLE_COMPONENT,UNRESOLVED,,INSIDE_THE_MEASURED_UNCERTAINTY_BAND,lfr_0d78e463c270fd,h6000_q-000592_r+000855,0.748698,1.0,1274009b747df774abc3ab328d9e063c69ac7df8bc57bae38f1668f7ef7c07b2,"canonical hex polygon INTERSECT canonical OSM land component, unioned inside the hex (overlap-safe)",v1_sha1_hexid_pipe_subjectid
h6000_q-000593_r+000854,OCEAN,False,0.074015,1.468907,1.468907,0.0,hsub_european_mainland,lfr_860fd91c55babf,0.0,0.0,0.0,1.468907,OUTSIDE,INSIDE_UNCERTAINTY_BAND,NONE,SINGLE_COMPONENT,UNRESOLVED,,INSIDE_THE_MEASURED_UNCERTAINTY_BAND,lfr_860fd91c55babf,h6000_q-000593_r+000854,1.468907,1.0,6bc96b5240d8991b4b8f90971fde02f86bc96a0ff44335987fcf326450fe7f2f,"canonical hex polygon INTERSECT canonical OSM land component, unioned inside the hex (overlap-safe)",v1_sha1_hexid_pipe_subjectid
h6000_q-000594_r+000855,OCEAN,False,0.477685,9.473422,9.45429,0.019133,hsub_european_mainland,lfr_dc2474711a72c7,0.0,0.0,0.0,9.45429,OUTSIDE,INSIDE_UNCERTAINTY_BAND,NONE,MIXED_WITH_OTHER_COMPONENT,UNRESOLVED,,INSIDE_THE_MEASURED_UNCERTAINTY_BAND,lfr_dc2474711a72c7,h6000_q-000594_r+000855,9.45429,0.9979804552145994,00f2ad92942b7f63ac2b2019b30ac435c77a4ef3bfa1bfae6499bd43fd7e52a4,"canonical hex polygon INTERSECT canonical OSM land component, unioned inside the hex (overlap-safe)",v1_sha1_hexid_pipe_subjectid
h6000_q-000594_r+001035,OCEAN,False,0.097143,1.597134,1.597134,0.0,hsub_european_mainland,lfr_77143186e23fe0,0.0,0.0,1.088265,0.0,OUTSIDE,INSIDE_UNCERTAINTY_BAND,NONE,SINGLE_COMPONENT,UNRESOLVED,,INSIDE_THE_MEASURED_UNCERTAINTY_BAND,lfr_77143186e23fe0,h6000_q-000594_r+001035,1.597134,1.0,3602a906e5e84bb346e5412efce02ac818de5bdb34ddfe8eb7225e8067538894,"canonical hex polygon INTERSECT canonical OSM land component, unioned inside the hex (overlap-safe)",v1_sha1_hexid_pipe_subjectid
h6000_q-000595_r+000856,OCEAN,False,0.026213,0.519571,0.519115,0.000456,hsub_european_mainland,lfr_3ba0164d90b06a,0.0,0.0,0.0,0.519115,OUTSIDE,INSIDE_UNCERTAINTY_BAND,NONE,MIXED_WITH_OTHER_COMPONENT,UNRESOLVED,,INSIDE_THE_MEASURED_UNCERTAINTY_BAND,lfr_3ba0164d90b06a,h6000_q-000595_r+000856,0.519115,0.9991223528641898,363978664b66f8dfdad8fbcd280796710758d2fbe9ee12b7af8ab64bd653ba25,"canonical hex polygon INTERSECT canonical OSM land component, unioned inside the hex (overlap-safe)",v1_sha1_hexid_pipe_subjectid
h6000_q-000595_r+000857,OCEAN,False,0.066455,1.315886,1.315886,0.0,hsub_european_mainland,lfr_349ffb47209e92,0.0,0.0,0.0,1.315886,OUTSIDE,INSIDE_UNCERTAINTY_BAND,NONE,SINGLE_COMPONENT,UNRESOLVED,,INSIDE_THE_MEASURED_UNCERTAINTY_BAND,lfr_349ffb47209e92,h6000_q-000595_r+000857,1.315886,1.0,8b22f99c20d3c3b20420493e59f4fb5bd45033d25587db48dcd87dd13058795f,"canonical hex polygon INTERSECT canonical OSM land component, unioned inside the hex (overlap-safe)",v1_sha1_hexid_pipe_subjectid
h6000_q-000595_r+000858,OCEAN,False,0.027505,0.544101,0.544101,0.0,hsub_european_mainland,lfr_4e93d80d632143,0.0,0.0,0.0,0.544101,OUTSIDE,INSIDE_UNCERTAINTY_BAND,NONE,SINGLE_COMPONENT,UNRESOLVED,,INSIDE_THE_MEASURED_UNCERTAINTY_BAND,lfr_4e93d80d632143,h6000_q-000595_r+000858,0.544101,1.0,6d0603b9a4b45abcd300b29278637ecb445d52901db744d92b8dcd6cdd2db902,"canonical hex polygon INTERSECT canonical OSM land component, unioned inside the hex (overlap-safe)",v1_sha1_hexid_pipe_subjectid
h6000_q-000595_r+000859,OCEAN,False,0.251149,4.961851,4.961851,0.0,hsub_european_mainland,lfr_b33f3b91381a1d,0.0,0.0,0.0,4.961851,OUTSIDE,INSIDE_UNCERTAINTY_BAND,NONE,SINGLE_COMPONENT,UNRESOLVED,,INSIDE_THE_MEASURED_UNCERTAINTY_BAND,lfr_b33f3b91381a1d,h6000_q-000595_r+000859,4.961851,1.0,2f08b4311392aaca0ce6139ffaecd56bbea8beccc2dab38186d149888523c25b,"canonical hex polygon INTERSECT canonical OSM land component, unioned inside the hex (overlap-safe)",v1_sha1_hexid_pipe_subjectid
h6000_q-000596_r+000862,OCEAN,False,0.022765,0.448339,0.448339,0.0,hsub_european_mainland,lfr_c4575ff9cddaf8,0.0,0.0,0.0,0.448339,OUTSIDE,INSIDE_UNCERTAINTY_BAND,NONE,SINGLE_COMPONENT,UNRESOLVED,,INSIDE_THE_MEASURED_UNCERTAINTY_BAND,lfr_c4575ff9cddaf8,h6000_q-000596_r+000862,0.448339,1.0,f959e51a5c84cd159fd0cd2066b85cf15d73bc7884ed205c54f5767e551cc85e,"canonical hex polygon INTERSECT canonical OSM land component, unioned inside the hex (overlap-safe)",v1_sha1_hexid_pipe_subjectid
h6000_q-000596_r+001034,OCEAN,False,0.387662,6.380035,6.380035,0.0,hsub_european_mainland,lfr_33efb77c6facb1,0.0,0.0,6.380035,0.0,OUTSIDE,INSIDE_UNCERTAINTY_BAND,NONE,SINGLE_COMPONENT,UNRESOLVED,,INSIDE_THE_MEASURED_UNCERTAINTY_BAND,lfr_33efb77c6facb1,h6000_q-000596_r+001034,6.380035,1.0,6b72b3f9d769fa8dcbe12b421b46531eece106aaa6cdbd4df11e8561166bb601,"canonical hex polygon INTERSECT canonical OSM land component, unioned inside the hex (overlap-safe)",v1_sha1_hexid_pipe_subjectid
h6000_q-000597_r+000867,OCEAN,False,0.191663,3.757362,3.757362,0.0,hsub_european_mainland,lfr_f35f4b2850a346,0.0,0.0,0.0,3.757362,OUTSIDE,INSIDE_UNCERTAINTY_BAND,NONE,SINGLE_COMPONENT,UNRESOLVED,,INSIDE_THE_MEASURED_UNCERTAINTY_BAND,lfr_f35f4b2850a346,h6000_q-000597_r+000867,3.757362,1.0,24b124697a16e98f444f65cf444cb4b5a30e41bf2073699aae9c45c308348a5e,"canonical hex polygon INTERSECT canonical OSM land component, unioned inside the hex (overlap-safe)",v1_sha1_hexid_pipe_subjectid
h6000_q-000597_r+001034,OCEAN,False,0.305967,5.035753,5.035753,0.0,hsub_european_mainland,lfr_695c3ae8024d62,0.0,0.0,5.035753,0.0,OUTSIDE,INSIDE_UNCERTAINTY_BAND,NONE,SINGLE_COMPONENT,UNRESOLVED,,INSIDE_THE_MEASURED_UNCERTAINTY_BAND,lfr_695c3ae8024d62,h6000_q-000597_r+001034,5.035753,1.0,21a45c396eb6076c386c6b8d67932801a2309372a61935d5732b1802bd05c5ba,"canonical hex polygon INTERSECT canonical OSM land component, unioned inside the hex (overlap-safe)",v1_sha1_hexid_pipe_subjectid
h6000_q-000598_r+000869,OCEAN,False,0.075891,1.484635,1.484635,0.0,hsub_european_mainland,lfr_ae3918d5518dcc,0.0,0.0,0.0,1.484635,OUTSIDE,INSIDE_UNCERTAINTY_BAND,NONE,SINGLE_COMPONENT,UNRESOLVED,,INSIDE_THE_MEASURED_UNCERTAINTY_BAND,lfr_ae3918d5518dcc,h6000_q-000598_r+000869,1.484635,1.0,8f73f7e42fa97278a51198f6c1f9d55aa0fdeb28789c077f34c75ac1b4577e58,"canonical hex polygon INTERSECT canonical OSM land component, unioned inside the hex (overlap-safe)",v1_sha1_hexid_pipe_subjectid
h6000_q-000598_r+001034,OCEAN,False,0.472712,7.779374,7.779374,0.0,hsub_european_mainland,lfr_9d73e9e39bab20,0.0,0.0,7.779374,0.0,OUTSIDE,INSIDE_UNCERTAINTY_BAND,NONE,SINGLE_COMPONENT,UNRESOLVED,,INSIDE_THE_MEASURED_UNCERTAINTY_BAND,lfr_9d73e9e39bab20,h6000_q-000598_r+001034,7.779374,1.0,4275f8ab72eda754bf0184b47f32f324f39d91d2ade0361b09d39cb36de48b69,"canonical hex polygon INTERSECT canonical OSM land component, unioned inside the hex (overlap-safe)",v1_sha1_hexid_pipe_subjectid
h6000_q-000599_r+000870,OCEAN,False,0.015075,0.294576,0.294576,0.0,hsub_european_mainland,lfr_424d4e4327f18d,0.0,0.0,0.0,0.294576,OUTSIDE,INSIDE_UNCERTAINTY_BAND,NONE,SINGLE_COMPONENT,UNRESOLVED,,INSIDE_THE_MEASURED_UNCERTAINTY_BAND,lfr_424d4e4327f18d,h6000_q-000599_r+000870,0.294576,1.0,1a2026421cb60da73c46babedba3850370a5062b1770de322b20361cb2234930,"canonical hex polygon INTERSECT canonical OSM land component, unioned inside the hex (overlap-safe)",v1_sha1_hexid_pipe_subjectid
h6000_q-000599_r+000871,OCEAN,False,0.489576,9.560093,9.560093,0.0,hsub_european_mainland,lfr_ee123c4fe60046,0.0,0.0,0.0,9.560093,OUTSIDE,INSIDE_UNCERTAINTY_BAND,NONE,SINGLE_COMPONENT,UNRESOLVED,,INSIDE_THE_MEASURED_UNCERTAINTY_BAND,lfr_ee123c4fe60046,h6000_q-000599_r+000871,9.560093,1.0,198b6bb32a0dbdf67fdcb9c739fc975d8ec9000b583b37439837644b5df97314,"canonical hex polygon INTERSECT canonical OSM land component, unioned inside the hex (overlap-safe)",v1_sha1_hexid_pipe_subjectid
h6000_q-000599_r+001034,OCEAN,False,0.451566,7.431657,7.430819,0.000837,hsub_european_mainland,lfr_fd69dbbd794396,0.0,0.0,7.430819,0.0,OUTSIDE,INSIDE_UNCERTAINTY_BAND,NONE,MIXED_WITH_OTHER_COMPONENT,UNRESOLVED,,INSIDE_THE_MEASURED_UNCERTAINTY_BAND,lfr_fd69dbbd794396,h6000_q-000599_r+001034,7.430819,0.9998872391446483,e8ed96f9df9afa886db0e0a878e690894e38fc13e4d6d6d1ab779b6b0e05765b,"canonical hex polygon INTERSECT canonical OSM land component, unioned inside the hex (overlap-safe)",v1_sha1_hexid_pipe_subjectid
h6000_q-000600_r+001034,OCEAN,False,0.370029,6.089964,6.056177,0.033786,hsub_european_mainland,lfr_d9722f2f3c33bc,0.0,0.0,6.056177,0.0,OUTSIDE,INSIDE_UNCERTAINTY_BAND,NONE,MIXED_WITH_OTHER_COMPONENT,UNRESOLVED,,INSIDE_THE_MEASURED_UNCERTAINTY_BAND,lfr_d9722f2f3c33bc,h6000_q-000600_r+001034,6.056177,0.9944520197492136,fff7a798136f42e28252e805ed8779eb5c56435c931d71c90ecf4999c29b6bd6,"canonical hex polygon INTERSECT canonical OSM land component, unioned inside the hex (overlap-safe)",v1_sha1_hexid_pipe_subjectid
h6000_q-000601_r+001034,OCEAN,False,0.446791,7.35306,7.347567,0.005493,hsub_european_mainland,lfr_74a3a3a38cc18a,0.0,0.0,7.347567,0.0,OUTSIDE,INSIDE_UNCERTAINTY_BAND,NONE,MIXED_WITH_OTHER_COMPONENT,UNRESOLVED,,INSIDE_THE_MEASURED_UNCERTAINTY_BAND,lfr_74a3a3a38cc18a,h6000_q-000601_r+001034,7.347567,0.9992529640721005,55e62b7c9700fbfe0890756c3d70050154b54e6c440a79f71ca1c631b48ee9c5,"canonical hex polygon INTERSECT canonical OSM land component, unioned inside the hex (overlap-safe)",v1_sha1_hexid_pipe_subjectid
h6000_q-000602_r+001034,OCEAN,False,0.422935,6.96052,6.928756,0.031764,hsub_european_mainland,lfr_b39c1737b2becb,0.0,0.0,6.928756,0.0,OUTSIDE,INSIDE_UNCERTAINTY_BAND,NONE,MIXED_WITH_OTHER_COMPONENT,UNRESOLVED,,INSIDE_THE_MEASURED_UNCERTAINTY_BAND,lfr_b39c1737b2becb,h6000_q-000602_r+001034,6.928756,0.9954365478441266,6c21f0bd6e056eb9653241e1a6e333bc2a08a496e8ccb6cbf131ea72e7ff56e8,"canonical hex polygon INTERSECT canonical OSM land component, unioned inside the hex (overlap-safe)",v1_sha1_hexid_pipe_subjectid
h6000_q-000605_r+001035,OCEAN,False,0.041365,0.680191,0.64217,0.038021,hsub_european_mainland,lfr_4dbcf12de42db7,0.0,0.0,0.64217,0.0,OUTSIDE,INSIDE_UNCERTAINTY_BAND,NONE,MIXED_WITH_OTHER_COMPONENT,UNRESOLVED,,INSIDE_THE_MEASURED_UNCERTAINTY_BAND,lfr_4dbcf12de42db7,h6000_q-000605_r+001035,0.64217,0.9441024653369422,4f01a7ec6adc68ce80127ec4135e78444585be35c47944f6487350ddb120ec0e,"canonical hex polygon INTERSECT canonical OSM land component, unioned inside the hex (overlap-safe)",v1_sha1_hexid_pipe_subjectid
h6000_q-000606_r+000886,OCEAN,False,0.445663,8.574013,8.574013,0.0,hsub_european_mainland,lfr_249125f1bf6c9c,0.0,0.0,0.0,0.84697,OUTSIDE,INSIDE_UNCERTAINTY_BAND,NONE,SINGLE_COMPONENT,UNRESOLVED,,INSIDE_THE_MEASURED_UNCERTAINTY_BAND,lfr_249125f1bf6c9c,h6000_q-000606_r+000886,8.574013,1.0,0cd56b5b4101c3228143dbf16461ebd4fab528451873a6ef86f8bbc3aa8904c6,"canonical hex polygon INTERSECT canonical OSM land component, unioned inside the hex (overlap-safe)",v1_sha1_hexid_pipe_subjectid
h6000_q-000606_r+001035,OCEAN,False,0.364685,5.995322,5.916711,0.078611,hsub_european_mainland,lfr_de60e373cfc135,0.0,0.0,5.916711,0.0,OUTSIDE,INSIDE_UNCERTAINTY_BAND,NONE,MIXED_WITH_OTHER_COMPONENT,UNRESOLVED,,INSIDE_THE_MEASURED_UNCERTAINTY_BAND,lfr_de60e373cfc135,h6000_q-000606_r+001035,5.916711,0.9868879436333863,feae02c690d6bffca5194370570a35db308495d3a668556dbe8e077f6088a8bc,"canonical hex polygon INTERSECT canonical OSM land component, unioned inside the hex (overlap-safe)",v1_sha1_hexid_pipe_subjectid
h6000_q-000607_r+000888,OCEAN,False,0.28421,5.456652,5.456652,0.0,hsub_european_mainland,lfr_77d0101676c916,0.0,0.0,0.0,1.447669,OUTSIDE,INSIDE_UNCERTAINTY_BAND,NONE,SINGLE_COMPONENT,UNRESOLVED,,INSIDE_THE_MEASURED_UNCERTAINTY_BAND,lfr_77d0101676c916,h6000_q-000607_r+000888,5.456652,1.0,ddba4c070193da77f559989bedefa36e903539263eb3fc211431fd77fc8636ee,"canonical hex polygon INTERSECT canonical OSM land component, unioned inside the hex (overlap-safe)",v1_sha1_hexid_pipe_subjectid
h6000_q-000608_r+000890,OCEAN,False,0.45963,8.80666,8.80666,0.0,hsub_european_mainland,lfr_e44a10e96a5f78,0.0,0.0,0.0,0.33414,OUTSIDE,INSIDE_UNCERTAINTY_BAND,NONE,SINGLE_COMPONENT,UNRESOLVED,,INSIDE_THE_MEASURED_UNCERTAINTY_BAND,lfr_e44a10e96a5f78,h6000_q-000608_r+000890,8.80666,1.0,3f1a807dc1d6894f868dddb7842e2b2ac2ee19f51fb527f3d513ef809001cc8e,"canonical hex polygon INTERSECT canonical OSM land component, unioned inside the hex (overlap-safe)",v1_sha1_hexid_pipe_subjectid
h6000_q-000608_r+000893,OCEAN,False,0.392462,7.497285,7.497285,0.0,hsub_european_mainland,lfr_cec283bca00e9b,0.0,0.0,0.0,7.497285,OUTSIDE,INSIDE_UNCERTAINTY_BAND,NONE,SINGLE_COMPONENT,UNRESOLVED,,INSIDE_THE_MEASURED_UNCERTAINTY_BAND,lfr_cec283bca00e9b,h6000_q-000608_r+000893,7.497285,1.0,734773c22139575d5b9989ff2df076198353941494e045e08215adf35c67aee3,"canonical hex polygon INTERSECT canonical OSM land component, unioned inside the hex (overlap-safe)",v1_sha1_hexid_pipe_subjectid
h6000_q-000608_r+001036,OCEAN,False,0.001328,0.021822,0.014178,0.007644,hsub_european_mainland,lfr_81d680606846db,0.0,0.0,0.014178,0.0,OUTSIDE,INSIDE_UNCERTAINTY_BAND,NONE,MIXED_WITH_OTHER_COMPONENT,UNRESOLVED,,INSIDE_THE_MEASURED_UNCERTAINTY_BAND,lfr_81d680606846db,h6000_q-000608_r+001036,0.014178,0.6497113005224086,87c0d558fe56b66ea98a8d51cd9cdd52def07d2c2bcdb9509c455610979b5dea,"canonical hex polygon INTERSECT canonical OSM land component, unioned inside the hex (overlap-safe)",v1_sha1_hexid_pipe_subjectid
h6000_q-000609_r+000891,OCEAN,False,0.126669,2.424434,2.424434,0.0,hsub_european_mainland,lfr_3ad7d84b5ccef9,0.0,0.0,0.0,2.424434,OUTSIDE,INSIDE_UNCERTAINTY_BAND,NONE,SINGLE_COMPONENT,UNRESOLVED,,INSIDE_THE_MEASURED_UNCERTAINTY_BAND,lfr_3ad7d84b5ccef9,h6000_q-000609_r+000891,2.424434,1.0,ec801582b8edfbc59d980b1bcee4088fd4b774a12ad0750047319d5b6c8a80e0,"canonical hex polygon INTERSECT canonical OSM land component, unioned inside the hex (overlap-safe)",v1_sha1_hexid_pipe_subjectid
h6000_q-000609_r+000893,OCEAN,False,0.134708,2.574228,2.54247,0.031758,hsub_european_mainland,lfr_e461d03d5cef08,0.0,0.0,0.0,2.54247,OUTSIDE,INSIDE_UNCERTAINTY_BAND,NONE,MIXED_WITH_OTHER_COMPONENT,UNRESOLVED,,INSIDE_THE_MEASURED_UNCERTAINTY_BAND,lfr_e461d03d5cef08,h6000_q-000609_r+000893,2.54247,0.9876630974412521,e8dee96c668b7daa58c8eb33cbd23789111d70b40648d6a49384a65c5acfc5a6,"canonical hex polygon INTERSECT canonical OSM land component, unioned inside the hex (overlap-safe)",v1_sha1_hexid_pipe_subjectid
h6000_q-000609_r+000894,OCEAN,False,0.279349,5.331108,5.292494,0.038614,hsub_european_mainland,lfr_4ed40940e43b8d,0.0,0.0,0.0,5.292494,OUTSIDE,INSIDE_UNCERTAINTY_BAND,NONE,MIXED_WITH_OTHER_COMPONENT,UNRESOLVED,,INSIDE_THE_MEASURED_UNCERTAINTY_BAND,lfr_4ed40940e43b8d,h6000_q-000609_r+000894,5.292494,0.9927568527968293,b5adb21e50e81f9eaddeaa693c4949a129326a0acdbec41cd3e088958ab03662,"canonical hex polygon INTERSECT canonical OSM land component, unioned inside the hex (overlap-safe)",v1_sha1_hexid_pipe_subjectid
h6000_q-000609_r+001036,OCEAN,False,0.135774,2.2298,2.225367,0.004434,hsub_european_mainland,lfr_ff94acfbb770f0,0.0,0.0,2.225367,0.0,OUTSIDE,INSIDE_UNCERTAINTY_BAND,NONE,MIXED_WITH_OTHER_COMPONENT,UNRESOLVED,,INSIDE_THE_MEASURED_UNCERTAINTY_BAND,lfr_ff94acfbb770f0,h6000_q-000609_r+001036,2.225367,0.9980119293210152,3e89cbac8872e93bdfa52b0cae44babef4f853538eeb454f5c9ff0a814c885f1,"canonical hex polygon INTERSECT canonical OSM land component, unioned inside the hex (overlap-safe)",v1_sha1_hexid_pipe_subjectid
h6000_q-000610_r+000892,OCEAN,False,0.007981,0.152577,0.152577,0.0,hsub_european_mainland,lfr_644f8787a8c8cb,0.0,0.0,0.0,0.152577,OUTSIDE,INSIDE_UNCERTAINTY_BAND,NONE,SINGLE_COMPONENT,UNRESOLVED,,INSIDE_THE_MEASURED_UNCERTAINTY_BAND,lfr_644f8787a8c8cb,h6000_q-000610_r+000892,0.152577,1.0,bf1f0104f32591318a49ffa6a2b2b26fb391c3b42d1d941b6cc6439b8aa535dc,"canonical hex polygon INTERSECT canonical OSM land component, unioned inside the hex (overlap-safe)",v1_sha1_hexid_pipe_subjectid
h6000_q-000610_r+000893,OCEAN,False,0.308163,5.887329,5.872191,0.015138,hsub_european_mainland,lfr_36950647cafc6f,0.0,0.0,0.0,5.872191,OUTSIDE,INSIDE_UNCERTAINTY_BAND,NONE,MIXED_WITH_OTHER_COMPONENT,UNRESOLVED,,INSIDE_THE_MEASURED_UNCERTAINTY_BAND,lfr_36950647cafc6f,h6000_q-000610_r+000893,5.872191,0.9974287151270126,8cbca7ce21c660c888068ed3152760e4c5715a392cf5f7a6cc9a1bf8bdd29690,"canonical hex polygon INTERSECT canonical OSM land component, unioned inside the hex (overlap-safe)",v1_sha1_hexid_pipe_subjectid
h6000_q-000610_r+000894,OCEAN,False,0.15041,2.869403,2.869403,0.0,hsub_european_mainland,lfr_74442320142456,0.0,0.0,0.0,2.869403,OUTSIDE,INSIDE_UNCERTAINTY_BAND,NONE,SINGLE_COMPONENT,UNRESOLVED,,INSIDE_THE_MEASURED_UNCERTAINTY_BAND,lfr_74442320142456,h6000_q-000610_r+000894,2.869403,1.0,212f9a02040f56f11decbeddc29d6249f85b49c3e2c3b1882c86dd835e73b311,"canonical hex polygon INTERSECT canonical OSM land component, unioned inside the hex (overlap-safe)",v1_sha1_hexid_pipe_subjectid
h6000_q-000610_r+000895,OCEAN,False,0.144492,2.754929,2.730919,0.02401,hsub_european_mainland,lfr_34cf294618888d,0.0,0.0,0.0,2.730919,OUTSIDE,INSIDE_UNCERTAINTY_BAND,NONE,MIXED_WITH_OTHER_COMPONENT,UNRESOLVED,,INSIDE_THE_MEASURED_UNCERTAINTY_BAND,lfr_34cf294618888d,h6000_q-000610_r+000895,2.730919,0.9912847118746073,c924ab0ed7fa6ed4fe55509e1eec4d8a8999ee730bb9eacbaae2862107f57e99,"canonical hex polygon INTERSECT canonical OSM land component, unioned inside the hex (overlap-safe)",v1_sha1_hexid_pipe_subjectid
h6000_q-000610_r+001036,OCEAN,False,0.328507,5.394701,5.391026,0.003675,hsub_european_mainland,lfr_1d46d8d4decff2,0.0,0.0,5.391026,0.0,OUTSIDE,INSIDE_UNCERTAINTY_BAND,NONE,MIXED_WITH_OTHER_COMPONENT,UNRESOLVED,,INSIDE_THE_MEASURED_UNCERTAINTY_BAND,lfr_1d46d8d4decff2,h6000_q-000610_r+001036,5.391026,0.9993187759618187,49f00446b3086eacf841ed69ca11a39ac93bf960a917feecedb7e7176af5fe6c,"canonical hex polygon INTERSECT canonical OSM land component, unioned inside the hex (overlap-safe)",v1_sha1_hexid_pipe_subjectid
h6000_q-000611_r+000893,OCEAN,False,0.044263,0.84536,0.84536,0.0,hsub_european_mainland,lfr_d416e2b1a47d96,0.0,0.0,0.0,0.84536,OUTSIDE,INSIDE_UNCERTAINTY_BAND,NONE,SINGLE_COMPONENT,UNRESOLVED,,INSIDE_THE_MEASURED_UNCERTAINTY_BAND,lfr_d416e2b1a47d96,h6000_q-000611_r+000893,0.84536,1.0,835537853843793f20c7ad4b0be5018326d31597cbe7e768a364ad73c87b2354,"canonical hex polygon INTERSECT canonical OSM land component, unioned inside the hex (overlap-safe)",v1_sha1_hexid_pipe_subjectid
h6000_q-000611_r+000894,OCEAN,False,0.193563,3.695227,3.689331,0.005896,hsub_european_mainland,lfr_83d7ad1bf8a515,0.0,0.0,0.0,3.689331,OUTSIDE,INSIDE_UNCERTAINTY_BAND,NONE,MIXED_WITH_OTHER_COMPONENT,UNRESOLVED,,INSIDE_THE_MEASURED_UNCERTAINTY_BAND,lfr_83d7ad1bf8a515,h6000_q-000611_r+000894,3.689331,0.998404428198863,882915b806bad7a78176387ea88dec6aa826946e2de44a63c0102e82a4289fed,"canonical hex polygon INTERSECT canonical OSM land component, unioned inside the hex (overlap-safe)",v1_sha1_hexid_pipe_subjectid
h6000_q-000611_r+001036,OCEAN,False,0.313726,5.152005,5.150379,0.001626,hsub_european_mainland,lfr_d1e683299a0bc4,0.0,0.0,5.150379,0.0,OUTSIDE,INSIDE_UNCERTAINTY_BAND,NONE,MIXED_WITH_OTHER_COMPONENT,UNRESOLVED,,INSIDE_THE_MEASURED_UNCERTAINTY_BAND,lfr_d1e683299a0bc4,h6000_q-000611_r+001036,5.150379,0.9996843947162318,1ae31d370a4e8491e285cace3269e6ce30602ab8209bc6210bf1cd48b6f769bd,"canonical hex polygon INTERSECT canonical OSM land component, unioned inside the hex (overlap-safe)",v1_sha1_hexid_pipe_subjectid
h6000_q-000612_r+000894,OCEAN,False,0.258973,4.941224,4.941224,0.0,hsub_european_mainland,lfr_92ff08e465d2a1,0.0,0.0,0.0,4.941224,OUTSIDE,INSIDE_UNCERTAINTY_BAND,NONE,SINGLE_COMPONENT,UNRESOLVED,,INSIDE_THE_MEASURED_UNCERTAINTY_BAND,lfr_92ff08e465d2a1,h6000_q-000612_r+000894,4.941224,1.0,aba6a746433a48d3e9df7c1b60e39473c02f733207b7fef96b9db88adb202a72,"canonical hex polygon INTERSECT canonical OSM land component, unioned inside the hex (overlap-safe)",v1_sha1_hexid_pipe_subjectid
h6000_q-000612_r+000895,OCEAN,False,0.245728,4.683503,4.683503,0.0,hsub_european_mainland,lfr_a55f45a31d6a29,0.0,0.0,0.0,4.683503,OUTSIDE,INSIDE_UNCERTAINTY_BAND,NONE,SINGLE_COMPONENT,UNRESOLVED,,INSIDE_THE_MEASURED_UNCERTAINTY_BAND,lfr_a55f45a31d6a29,h6000_q-000612_r+000895,4.683503,1.0,fa78a57f9d8ce47bdad3c630a1d6b66420a0de0b366501389696b69fbc85d3cd,"canonical hex polygon INTERSECT canonical OSM land component, unioned inside the hex (overlap-safe)",v1_sha1_hexid_pipe_subjectid
h6000_q-000613_r+000894,OCEAN,False,0.027266,0.520061,0.515293,0.004767,hsub_european_mainland,lfr_5da82b22644a91,0.0,0.0,0.0,0.515293,OUTSIDE,INSIDE_UNCERTAINTY_BAND,NONE,MIXED_WITH_OTHER_COMPONENT,UNRESOLVED,,INSIDE_THE_MEASURED_UNCERTAINTY_BAND,lfr_5da82b22644a91,h6000_q-000613_r+000894,0.515293,0.9908318447259071,7ddd255d7d254bcc2dfef8873839ec613453750d7c7d39e8771ca6f0c5d08359,"canonical hex polygon INTERSECT canonical OSM land component, unioned inside the hex (overlap-safe)",v1_sha1_hexid_pipe_subjectid
h6000_q-000613_r+000895,OCEAN,False,0.48322,9.211762,9.211721,4.1e-05,hsub_european_mainland,lfr_c353c9c4b4018d,0.0,0.0,0.0,9.211721,OUTSIDE,INSIDE_UNCERTAINTY_BAND,NONE,MIXED_WITH_OTHER_COMPONENT,UNRESOLVED,,INSIDE_THE_MEASURED_UNCERTAINTY_BAND,lfr_c353c9c4b4018d,h6000_q-000613_r+000895,9.211721,0.9999955491685522,e7156cbafbcb34b9dd8052e09db94025d5c6ba7f60bb2fb6ae5362c57e3171fe,"canonical hex polygon INTERSECT canonical OSM land component, unioned inside the hex (overlap-safe)",v1_sha1_hexid_pipe_subjectid
h6000_q-000614_r+000893,OCEAN,False,0.03229,0.616559,0.61643,0.000129,hsub_european_mainland,lfr_4eea3d2ee3cbc8,0.0,0.0,0.0,0.61643,OUTSIDE,INSIDE_UNCERTAINTY_BAND,NONE,MIXED_WITH_OTHER_COMPONENT,UNRESOLVED,,INSIDE_THE_MEASURED_UNCERTAINTY_BAND,lfr_4eea3d2ee3cbc8,h6000_q-000614_r+000893,0.61643,0.9997907742811314,6ddf4d8b01d7e98ecb5e35bf99ce35849a77c03ce5cc96340835ae3dc86c8688,"canonical hex polygon INTERSECT canonical OSM land component, unioned inside the hex (overlap-safe)",v1_sha1_hexid_pipe_subjectid
h6000_q-000614_r+001037,OCEAN,False,0.008608,0.141244,0.141244,0.0,hsub_european_mainland,lfr_9a2fae838abb69,0.0,0.0,0.141244,0.0,OUTSIDE,INSIDE_UNCERTAINTY_BAND,NONE,SINGLE_COMPONENT,UNRESOLVED,,INSIDE_THE_MEASURED_UNCERTAINTY_BAND,lfr_9a2fae838abb69,h6000_q-000614_r+001037,0.141244,1.0,05442d639fba996547e44f902606035a65e5e342e196f277d837059f93bd915f,"canonical hex polygon INTERSECT canonical OSM land component, unioned inside the hex (overlap-safe)",v1_sha1_hexid_pipe_subjectid
h6000_q-000615_r+000893,OCEAN,False,0.221198,4.224257,4.222484,0.001773,hsub_european_mainland,lfr_be4f35718c26f6,0.0,0.0,0.0,4.222484,OUTSIDE,INSIDE_UNCERTAINTY_BAND,NONE,MIXED_WITH_OTHER_COMPONENT,UNRESOLVED,,INSIDE_THE_MEASURED_UNCERTAINTY_BAND,lfr_be4f35718c26f6,h6000_q-000615_r+000893,4.222484,0.9995802812186854,e8c21b68dd7cf7a8f3cafa53448a71df0bc36f5d804dad6a6b46b1f0fcc4076f,"canonical hex polygon INTERSECT canonical OSM land component, unioned inside the hex (overlap-safe)",v1_sha1_hexid_pipe_subjectid
h6000_q-000616_r+000893,OCEAN,False,0.406005,7.754127,7.744633,0.009495,hsub_european_mainland,lfr_540de5ade98542,0.0,0.0,0.0,7.744633,OUTSIDE,INSIDE_UNCERTAINTY_BAND,NONE,MIXED_WITH_OTHER_COMPONENT,UNRESOLVED,,INSIDE_THE_MEASURED_UNCERTAINTY_BAND,lfr_540de5ade98542,h6000_q-000616_r+000893,7.744633,0.9987756197441697,b524d520388f128dd43031b7836ca9f7125cd5cb2fc46e17c3fb27c0346d9a09,"canonical hex polygon INTERSECT canonical OSM land component, unioned inside the hex (overlap-safe)",v1_sha1_hexid_pipe_subjectid
h6000_q-000617_r+000892,OCEAN,False,0.018802,0.35936,0.359329,3.1e-05,hsub_european_mainland,lfr_7b4c9fa7cbac2a,0.0,0.0,0.0,0.359329,OUTSIDE,INSIDE_UNCERTAINTY_BAND,NONE,MIXED_WITH_OTHER_COMPONENT,UNRESOLVED,,INSIDE_THE_MEASURED_UNCERTAINTY_BAND,lfr_7b4c9fa7cbac2a,h6000_q-000617_r+000892,0.359329,0.9999137355298308,c8cd8ed6f542ce627d527a0f30c9976b9df3615029ef75d5e8e001b5b8db0655,"canonical hex polygon INTERSECT canonical OSM land component, unioned inside the hex (overlap-safe)",v1_sha1_hexid_pipe_subjectid
h6000_q-000617_r+000900,OCEAN,False,0.441757,8.380547,8.006084,0.374463,hsub_european_mainland,lfr_d8148da9895106,0.0,0.0,0.0,8.006084,OUTSIDE,INSIDE_UNCERTAINTY_BAND,NONE,MIXED_WITH_OTHER_COMPONENT,UNRESOLVED,,INSIDE_THE_MEASURED_UNCERTAINTY_BAND,lfr_d8148da9895106,h6000_q-000617_r+000900,8.006084,0.9553175944243257,28d79412806c095753ac7dd55b98c5e6b7d7f26ad1a46ce97aee7228116a0769,"canonical hex polygon INTERSECT canonical OSM land component, unioned inside the hex (overlap-safe)",v1_sha1_hexid_pipe_subjectid
h6000_q-000618_r+000893,OCEAN,False,0.008113,0.155022,0.155022,0.0,hsub_european_mainland,lfr_3e6f3f815c9c2d,0.0,0.0,0.0,0.155022,OUTSIDE,INSIDE_UNCERTAINTY_BAND,NONE,SINGLE_COMPONENT,UNRESOLVED,,INSIDE_THE_MEASURED_UNCERTAINTY_BAND,lfr_3e6f3f815c9c2d,h6000_q-000618_r+000893,0.155022,1.0,d3a052f162b7b6c34ddb466a528dd77053a753f950d31717be3734f8b3b53e7e,"canonical hex polygon INTERSECT canonical OSM land component, unioned inside the hex (overlap-safe)",v1_sha1_hexid_pipe_subjectid
h6000_q-000618_r+000894,OCEAN,False,0.066527,1.269893,1.269893,0.0,hsub_european_mainland,lfr_6ffb4b5d65b027,0.0,0.0,0.0,1.269893,OUTSIDE,INSIDE_UNCERTAINTY_BAND,NONE,SINGLE_COMPONENT,UNRESOLVED,,INSIDE_THE_MEASURED_UNCERTAINTY_BAND,lfr_6ffb4b5d65b027,h6000_q-000618_r+000894,1.269893,1.0,6bb2724738c09d1582fbbb1eb2df3689634af0a891e8baaa1fb521567cf077a9,"canonical hex polygon INTERSECT canonical OSM land component, unioned inside the hex (overlap-safe)",v1_sha1_hexid_pipe_subjectid
h6000_q-000618_r+000895,OCEAN,False,0.360388,6.870935,6.870935,0.0,hsub_european_mainland,lfr_2fc11e34fe010f,0.0,0.0,0.0,6.870935,OUTSIDE,INSIDE_UNCERTAINTY_BAND,NONE,SINGLE_COMPONENT,UNRESOLVED,,INSIDE_THE_MEASURED_UNCERTAINTY_BAND,lfr_2fc11e34fe010f,h6000_q-000618_r+000895,6.870935,1.0,8091c546cd9df311e3c9e415066f804a8ae5ac757e116014f22bc794b4d7321b,"canonical hex polygon INTERSECT canonical OSM land component, unioned inside the hex (overlap-safe)",v1_sha1_hexid_pipe_subjectid
h6000_q-000618_r+000900,OCEAN,False,0.256802,4.872363,4.808121,0.064243,hsub_european_mainland,lfr_9c8686d60ea7eb,0.0,0.0,0.0,4.808121,OUTSIDE,INSIDE_UNCERTAINTY_BAND,NONE,MIXED_WITH_OTHER_COMPONENT,UNRESOLVED,,INSIDE_THE_MEASURED_UNCERTAINTY_BAND,lfr_9c8686d60ea7eb,h6000_q-000618_r+000900,4.808121,0.9868150217871697,ecbbe08dd861f370c11a79ecc7d83937513f13773a2099f34b4d0ea1fb22ac0a,"canonical hex polygon INTERSECT canonical OSM land component, unioned inside the hex (overlap-safe)",v1_sha1_hexid_pipe_subjectid
h6000_q-000618_r+000902,OCEAN,False,0.080825,1.53064,1.53064,0.0,hsub_european_mainland,lfr_3406f427556cea,0.0,0.0,0.0,1.53064,OUTSIDE,INSIDE_UNCERTAINTY_BAND,NONE,SINGLE_COMPONENT,UNRESOLVED,,INSIDE_THE_MEASURED_UNCERTAINTY_BAND,lfr_3406f427556cea,h6000_q-000618_r+000902,1.53064,1.0,237aa2b44a052db2cb63c601ff067690529c3e5136b9f2c08733234984aeaa52,"canonical hex polygon INTERSECT canonical OSM land component, unioned inside the hex (overlap-safe)",v1_sha1_hexid_pipe_subjectid
h6000_q-000618_r+001038,OCEAN,False,0.464371,7.608413,7.608413,0.0,hsub_european_mainland,lfr_88c9a744ebd62b,0.0,0.0,1.619265,0.0,OUTSIDE,INSIDE_UNCERTAINTY_BAND,NONE,SINGLE_COMPONENT,UNRESOLVED,,INSIDE_THE_MEASURED_UNCERTAINTY_BAND,lfr_88c9a744ebd62b,h6000_q-000618_r+001038,7.608413,1.0,c0f815913880c6ec1fd28424cc0d235b2796ac8d5adab01c7c9625c44072b3de,"canonical hex polygon INTERSECT canonical OSM land component, unioned inside the hex (overlap-safe)",v1_sha1_hexid_pipe_subjectid
h6000_q-000619_r+000901,OCEAN,False,0.020462,0.387661,0.387661,0.0,hsub_european_mainland,lfr_6b8d8eb80b87d0,0.0,0.0,0.0,0.387661,OUTSIDE,INSIDE_UNCERTAINTY_BAND,NONE,SINGLE_COMPONENT,UNRESOLVED,,INSIDE_THE_MEASURED_UNCERTAINTY_BAND,lfr_6b8d8eb80b87d0,h6000_q-000619_r+000901,0.387661,1.0,93acccbcdc5d5f8425705328b580d0bfc4cc981dc842266da9b3476a42cdb8be,"canonical hex polygon INTERSECT canonical OSM land component, unioned inside the hex (overlap-safe)",v1_sha1_hexid_pipe_subjectid
h6000_q-000620_r+000898,OCEAN,False,0.494578,9.399842,9.399842,0.0,hsub_european_mainland,lfr_32caeafc33a04e,0.0,0.0,0.0,9.399842,OUTSIDE,INSIDE_UNCERTAINTY_BAND,NONE,SINGLE_COMPONENT,UNRESOLVED,,INSIDE_THE_MEASURED_UNCERTAINTY_BAND,lfr_32caeafc33a04e,h6000_q-000620_r+000898,9.399842,1.0,5620615e2a574d34a483b6b527fb90c7a0f3b3a4e7e6e2b69f299d506aa05088,"canonical hex polygon INTERSECT canonical OSM land component, unioned inside the hex (overlap-safe)",v1_sha1_hexid_pipe_subjectid
h6000_q-000620_r+000900,OCEAN,False,0.445196,8.446419,8.443915,0.002504,hsub_european_mainland,lfr_0dbcc64552ae5e,0.0,0.0,0.0,8.443915,OUTSIDE,INSIDE_UNCERTAINTY_BAND,NONE,MIXED_WITH_OTHER_COMPONENT,UNRESOLVED,,INSIDE_THE_MEASURED_UNCERTAINTY_BAND,lfr_0dbcc64552ae5e,h6000_q-000620_r+000900,8.443915,0.9997035430044378,d1d2ca75731b5a4175d934007235115fa4ca1088d1d0681fbb8129cff792cdf9,"canonical hex polygon INTERSECT canonical OSM land component, unioned inside the hex (overlap-safe)",v1_sha1_hexid_pipe_subjectid
h6000_q-000620_r+000903,OCEAN,False,0.319407,6.040414,5.941741,0.098673,hsub_european_mainland,lfr_7f1a008e306b46,0.0,0.0,0.0,5.941741,OUTSIDE,INSIDE_UNCERTAINTY_BAND,NONE,MIXED_WITH_OTHER_COMPONENT,UNRESOLVED,,INSIDE_THE_MEASURED_UNCERTAINTY_BAND,lfr_7f1a008e306b46,h6000_q-000620_r+000903,5.941741,0.9836645302788849,cfa3a08f8f220eabe9604011e14c75cb9590131420a9b0b97affa96a0c6f0790,"canonical hex polygon INTERSECT canonical OSM land component, unioned inside the hex (overlap-safe)",v1_sha1_hexid_pipe_subjectid
h6000_q-000620_r+000904,OCEAN,False,0.344002,6.447782,1.205525,5.242257,hsub_european_mainland,lfr_76a4683ff1e40e,0.0,0.0,0.0,1.205525,OUTSIDE,INSIDE_UNCERTAINTY_BAND,NONE,MIXED_WITH_OTHER_COMPONENT,UNRESOLVED,,INSIDE_THE_MEASURED_UNCERTAINTY_BAND,lfr_76a4683ff1e40e,h6000_q-000620_r+000904,1.205525,0.18696739436910242,c3cc7d8b734cbd35eef81b71c99111aaf9abc918b142163a1d8e4e84952291f1,"canonical hex polygon INTERSECT canonical OSM land component, unioned inside the hex (overlap-safe)",v1_sha1_hexid_pipe_subjectid
h6000_q-000620_r+001039,OCEAN,False,0.073347,1.200722,1.200722,0.0,hsub_european_mainland,lfr_07f7f8b4552179,0.0,0.0,0.271985,0.0,OUTSIDE,INSIDE_UNCERTAINTY_BAND,NONE,SINGLE_COMPONENT,UNRESOLVED,,INSIDE_THE_MEASURED_UNCERTAINTY_BAND,lfr_07f7f8b4552179,h6000_q-000620_r+001039,1.200722,1.0,825b0f786c43f5fafd25c94289bf42ad0ba2742f669f14a6018276f4a942bbf4,"canonical hex polygon INTERSECT canonical OSM land component, unioned inside the hex (overlap-safe)",v1_sha1_hexid_pipe_subjectid
h6000_q-000621_r+000899,OCEAN,False,0.496021,9.417617,9.417617,0.0,hsub_european_mainland,lfr_54d698f06e2c80,0.0,0.0,0.0,9.417617,OUTSIDE,INSIDE_UNCERTAINTY_BAND,NONE,SINGLE_COMPONENT,UNRESOLVED,,INSIDE_THE_MEASURED_UNCERTAINTY_BAND,lfr_54d698f06e2c80,h6000_q-000621_r+000899,9.417617,1.0,bc345f38c301912db5e209b8681eafa3174ca01fef0d3c85cd095420f5d1ae57,"canonical hex polygon INTERSECT canonical OSM land component, unioned inside the hex (overlap-safe)",v1_sha1_hexid_pipe_subjectid
h6000_q-000621_r+000900,OCEAN,False,0.498766,9.461488,9.461488,0.0,hsub_european_mainland,lfr_56ed266c0f1097,0.0,0.0,0.0,9.461488,OUTSIDE,INSIDE_UNCERTAINTY_BAND,NONE,SINGLE_COMPONENT,UNRESOLVED,,INSIDE_THE_MEASURED_UNCERTAINTY_BAND,lfr_56ed266c0f1097,h6000_q-000621_r+000900,9.461488,1.0,21ec7db3d0de25482b61ff689a6213519fa0923001395ef5df5c3b0fc460a4c0,"canonical hex polygon INTERSECT canonical OSM land component, unioned inside the hex (overlap-safe)",v1_sha1_hexid_pipe_subjectid
h6000_q-000621_r+001039,OCEAN,False,0.036159,0.591961,0.591961,0.0,hsub_european_mainland,lfr_d5385aa02ff556,0.0,0.0,0.591961,0.0,OUTSIDE,INSIDE_UNCERTAINTY_BAND,NONE,SINGLE_COMPONENT,UNRESOLVED,,INSIDE_THE_MEASURED_UNCERTAINTY_BAND,lfr_d5385aa02ff556,h6000_q-000621_r+001039,0.591961,1.0,2106edecbe118566ccf3d71031e31d6ec6fc71f460ae84a701ba22ea26228d4f,"canonical hex polygon INTERSECT canonical OSM land component, unioned inside the hex (overlap-safe)",v1_sha1_hexid_pipe_subjectid
h6000_q-000622_r+000900,OCEAN,False,0.13846,2.625553,2.625107,0.000446,hsub_european_mainland,lfr_2c5734dbbeb463,0.0,0.0,0.0,2.625107,OUTSIDE,INSIDE_UNCERTAINTY_BAND,NONE,MIXED_WITH_OTHER_COMPONENT,UNRESOLVED,,INSIDE_THE_MEASURED_UNCERTAINTY_BAND,lfr_2c5734dbbeb463,h6000_q-000622_r+000900,2.625107,0.9998301310238261,26bbf8bd169cbb267b91259062c0c0ee7539d2731f561263ce223852c6c077c0,"canonical hex polygon INTERSECT canonical OSM land component, unioned inside the hex (overlap-safe)",v1_sha1_hexid_pipe_subjectid
h6000_q-000622_r+001039,OCEAN,False,0.021787,0.356688,0.356688,0.0,hsub_european_mainland,lfr_846a1aa754aee8,0.0,0.0,0.334625,0.0,OUTSIDE,INSIDE_UNCERTAINTY_BAND,NONE,SINGLE_COMPONENT,UNRESOLVED,,INSIDE_THE_MEASURED_UNCERTAINTY_BAND,lfr_846a1aa754aee8,h6000_q-000622_r+001039,0.356688,1.0,f24f387f27724f815a9c5d158baf2d484c6d1dad743f142bcb5ed852f93752b6,"canonical hex polygon INTERSECT canonical OSM land component, unioned inside the hex (overlap-safe)",v1_sha1_hexid_pipe_subjectid
h6000_q-000623_r+001039,OCEAN,False,0.024979,0.408938,0.408938,0.0,hsub_european_mainland,lfr_61cd4d04b205ae,0.0,0.0,0.163637,0.0,OUTSIDE,INSIDE_UNCERTAINTY_BAND,NONE,SINGLE_COMPONENT,UNRESOLVED,,INSIDE_THE_MEASURED_UNCERTAINTY_BAND,lfr_61cd4d04b205ae,h6000_q-000623_r+001039,0.408938,1.0,ce4f7b0bd4d8029ed6cde8e0bbc190e17ffdd05af74efea5ec5d1b4b5fa26080,"canonical hex polygon INTERSECT canonical OSM land component, unioned inside the hex (overlap-safe)",v1_sha1_hexid_pipe_subjectid
h6000_q-000624_r+000900,OCEAN,False,0.2156,4.088461,4.088461,0.0,hsub_european_mainland,lfr_cf75a0ba52c674,0.0,0.0,0.0,4.088461,OUTSIDE,INSIDE_UNCERTAINTY_BAND,NONE,SINGLE_COMPONENT,UNRESOLVED,,INSIDE_THE_MEASURED_UNCERTAINTY_BAND,lfr_cf75a0ba52c674,h6000_q-000624_r+000900,4.088461,1.0,5fc68d3d44920744d66d0970c18ecaa9d203d1ab19b4374965002d5c852590c8,"canonical hex polygon INTERSECT canonical OSM land component, unioned inside the hex (overlap-safe)",v1_sha1_hexid_pipe_subjectid
h6000_q-000624_r+001039,OCEAN,False,0.065162,1.042715,1.033328,0.009388,hsub_european_mainland,lfr_59d934f06fc3bf,0.0,0.0,0.674238,0.0,OUTSIDE,INSIDE_UNCERTAINTY_BAND,NONE,MIXED_WITH_OTHER_COMPONENT,UNRESOLVED,,INSIDE_THE_MEASURED_UNCERTAINTY_BAND,lfr_59d934f06fc3bf,h6000_q-000624_r+001039,1.033328,0.9909975400756679,5383659e85f9135974dd5b30bb9a1916a730eafbea8b743eb96f04f041425f9e,"canonical hex polygon INTERSECT canonical OSM land component, unioned inside the hex (overlap-safe)",v1_sha1_hexid_pipe_subjectid
h6000_q-000625_r+001039,OCEAN,False,0.304507,4.982588,4.981805,0.000784,hsub_european_mainland,lfr_8f125000974013,0.0,0.0,3.16583,0.0,OUTSIDE,INSIDE_UNCERTAINTY_BAND,NONE,MIXED_WITH_OTHER_COMPONENT,UNRESOLVED,,INSIDE_THE_MEASURED_UNCERTAINTY_BAND,lfr_8f125000974013,h6000_q-000625_r+001039,4.981805,0.9998428527504181,8eea5f7d25782a0cdec7cc279143bc40456dded474515407e638bdc2b6e6f1d6,"canonical hex polygon INTERSECT canonical OSM land component, unioned inside the hex (overlap-safe)",v1_sha1_hexid_pipe_subjectid
h6000_q-000630_r+001040,OCEAN,False,0.488578,7.98651,7.98651,0.0,hsub_european_mainland,lfr_475546ab68bd43,0.0,0.0,6.800076,0.0,OUTSIDE,INSIDE_UNCERTAINTY_BAND,NONE,SINGLE_COMPONENT,UNRESOLVED,,INSIDE_THE_MEASURED_UNCERTAINTY_BAND,lfr_475546ab68bd43,h6000_q-000630_r+001040,7.98651,1.0,d9c83c2b09f7bd5789abe48c4bb25d7b2a4d5731755f75b598bfcbb5d5a37522,"canonical hex polygon INTERSECT canonical OSM land component, unioned inside the hex (overlap-safe)",v1_sha1_hexid_pipe_subjectid
h6000_q-000632_r+001040,OCEAN,False,0.024687,0.403645,0.343363,0.060282,hsub_european_mainland,lfr_36e94b0dc6dfd5,0.0,0.0,0.343363,0.0,OUTSIDE,INSIDE_UNCERTAINTY_BAND,NONE,MIXED_WITH_OTHER_COMPONENT,UNRESOLVED,,INSIDE_THE_MEASURED_UNCERTAINTY_BAND,lfr_36e94b0dc6dfd5,h6000_q-000632_r+001040,0.343363,0.8506558981283058,2d720e4a5d1e4a3832ff369591d667fbb5f7c4061b9218b01e72f21ba333a285,"canonical hex polygon INTERSECT canonical OSM land component, unioned inside the hex (overlap-safe)",v1_sha1_hexid_pipe_subjectid
h6000_q-000633_r+001039,OCEAN,False,0.234534,3.838691,3.830515,0.008175,hsub_european_mainland,lfr_297755a4de62d1,0.0,0.0,3.830515,0.0,OUTSIDE,INSIDE_UNCERTAINTY_BAND,NONE,MIXED_WITH_OTHER_COMPONENT,UNRESOLVED,,INSIDE_THE_MEASURED_UNCERTAINTY_BAND,lfr_297755a4de62d1,h6000_q-000633_r+001039,3.830515,0.9978701072839674,db5322bc9ca354f52642e755f275384b5467ddcf3716e41a4754f51dca9c33b9,"canonical hex polygon INTERSECT canonical OSM land component, unioned inside the hex (overlap-safe)",v1_sha1_hexid_pipe_subjectid
h6000_q-000637_r+000945,OCEAN,False,0.260279,4.714497,4.714497,0.0,hsub_european_mainland,lfr_537644681b1663,0.0,0.0,0.0,1.718495,OUTSIDE,INSIDE_UNCERTAINTY_BAND,NONE,SINGLE_COMPONENT,UNRESOLVED,,INSIDE_THE_MEASURED_UNCERTAINTY_BAND,lfr_537644681b1663,h6000_q-000637_r+000945,4.714497,1.0,bf56a36c115d4091b9e1106987eb960c7e176c62c9828c598f2247834c0381c2,"canonical hex polygon INTERSECT canonical OSM land component, unioned inside the hex (overlap-safe)",v1_sha1_hexid_pipe_subjectid
h6000_q-000637_r+001039,OCEAN,False,0.234327,3.835391,3.831259,0.004133,hsub_european_mainland,lfr_1b5f1a3e8eaa6f,0.0,0.0,3.831259,0.0,OUTSIDE,INSIDE_UNCERTAINTY_BAND,NONE,MIXED_WITH_OTHER_COMPONENT,UNRESOLVED,,INSIDE_THE_MEASURED_UNCERTAINTY_BAND,lfr_1b5f1a3e8eaa6f,h6000_q-000637_r+001039,3.831259,0.9989226652510788,abfb1158f18cb39dc90b2efea9c213db9a539fa13b17180efaa055626f153e7e,"canonical hex polygon INTERSECT canonical OSM land component, unioned inside the hex (overlap-safe)",v1_sha1_hexid_pipe_subjectid
h6000_q-000638_r+000948,OCEAN,False,0.070237,1.268281,1.268281,0.0,hsub_european_mainland,lfr_16cc37c915aad4,0.0,0.0,0.0,1.268281,OUTSIDE,INSIDE_UNCERTAINTY_BAND,NONE,SINGLE_COMPONENT,UNRESOLVED,,INSIDE_THE_MEASURED_UNCERTAINTY_BAND,lfr_16cc37c915aad4,h6000_q-000638_r+000948,1.268281,1.0,d5364911b5b4ab49093a390b25a8f318bf93508f0733dde254dc956b982bdd88,"canonical hex polygon INTERSECT canonical OSM land component, unioned inside the hex (overlap-safe)",v1_sha1_hexid_pipe_subjectid
h6000_q-000638_r+000949,OCEAN,False,0.372615,6.720844,6.720844,0.0,hsub_european_mainland,lfr_1fa4653e919fba,0.0,0.0,0.0,6.720844,OUTSIDE,INSIDE_UNCERTAINTY_BAND,NONE,SINGLE_COMPONENT,UNRESOLVED,,INSIDE_THE_MEASURED_UNCERTAINTY_BAND,lfr_1fa4653e919fba,h6000_q-000638_r+000949,6.720844,1.0,aaf543ab295b220256aff493bf00ab9254ee9b810486ddbf53b86e8edcc9283b,"canonical hex polygon INTERSECT canonical OSM land component, unioned inside the hex (overlap-safe)",v1_sha1_hexid_pipe_subjectid
h6000_q-000638_r+001039,OCEAN,False,0.165712,2.712451,2.708778,0.003672,hsub_european_mainland,lfr_9e19b5b5805251,0.0,0.0,2.708778,0.0,OUTSIDE,INSIDE_UNCERTAINTY_BAND,NONE,MIXED_WITH_OTHER_COMPONENT,UNRESOLVED,,INSIDE_THE_MEASURED_UNCERTAINTY_BAND,lfr_9e19b5b5805251,h6000_q-000638_r+001039,2.708778,0.9986458741558834,eaaff20f53373c80ab74ef4927e3155f96181d10f2700b75b0e03c00a9799a68,"canonical hex polygon INTERSECT canonical OSM land component, unioned inside the hex (overlap-safe)",v1_sha1_hexid_pipe_subjectid
h6000_q-000639_r+000951,OCEAN,False,0.001446,0.026032,0.026032,0.0,hsub_european_mainland,lfr_ef3b92ca15ebb8,0.0,0.0,0.0,0.026032,OUTSIDE,INSIDE_UNCERTAINTY_BAND,NONE,SINGLE_COMPONENT,UNRESOLVED,,INSIDE_THE_MEASURED_UNCERTAINTY_BAND,lfr_ef3b92ca15ebb8,h6000_q-000639_r+000951,0.026032,1.0,8ffdd17538f7e8964deac92d546f2673fe40ca92e964d39de71c986d182b20ad,"canonical hex polygon INTERSECT canonical OSM land component, unioned inside the hex (overlap-safe)",v1_sha1_hexid_pipe_subjectid
h6000_q-000639_r+000952,OCEAN,False,0.214375,3.854541,3.854541,0.0,hsub_european_mainland,lfr_2c8b12f6e80fb4,0.0,0.0,0.0,3.854541,OUTSIDE,INSIDE_UNCERTAINTY_BAND,NONE,SINGLE_COMPONENT,UNRESOLVED,,INSIDE_THE_MEASURED_UNCERTAINTY_BAND,lfr_2c8b12f6e80fb4,h6000_q-000639_r+000952,3.854541,1.0,c28dbd91bc088efc18a0e4c068815121b92c88243998064e8f542ed37ebe7dbc,"canonical hex polygon INTERSECT canonical OSM land component, unioned inside the hex (overlap-safe)",v1_sha1_hexid_pipe_subjectid
h6000_q-000639_r+001039,OCEAN,False,0.245579,4.01943,4.01532,0.00411,hsub_european_mainland,lfr_342883ebe4df85,0.0,0.0,4.004464,0.0,OUTSIDE,INSIDE_UNCERTAINTY_BAND,NONE,MIXED_WITH_OTHER_COMPONENT,UNRESOLVED,,INSIDE_THE_MEASURED_UNCERTAINTY_BAND,lfr_342883ebe4df85,h6000_q-000639_r+001039,4.01532,0.9989774669542697,e9defd638ba4d2f11137ef9e3d7b7183a47162b1964f2bb8601a5d9ae296e9fe,"canonical hex polygon INTERSECT canonical OSM land component, unioned inside the hex (overlap-safe)",v1_sha1_hexid_pipe_subjectid
h6000_q-000640_r+000955,OCEAN,False,0.355675,6.375157,6.375157,0.0,hsub_european_mainland,lfr_0049f94b85c3fe,0.0,0.0,0.0,6.375157,OUTSIDE,INSIDE_UNCERTAINTY_BAND,NONE,SINGLE_COMPONENT,UNRESOLVED,,INSIDE_THE_MEASURED_UNCERTAINTY_BAND,lfr_0049f94b85c3fe,h6000_q-000640_r+000955,6.375157,1.0,682d88cbd0aa062cf9226042d2dd6f984950ab50f7de2e43b95504eb8071a68d,"canonical hex polygon INTERSECT canonical OSM land component, unioned inside the hex (overlap-safe)",v1_sha1_hexid_pipe_subjectid
h6000_q-000640_r+001039,OCEAN,False,0.076218,1.247483,1.247483,0.0,hsub_european_mainland,lfr_def322aea46eaf,0.0,0.0,1.178566,0.0,OUTSIDE,INSIDE_UNCERTAINTY_BAND,NONE,SINGLE_COMPONENT,UNRESOLVED,,INSIDE_THE_MEASURED_UNCERTAINTY_BAND,lfr_def322aea46eaf,h6000_q-000640_r+001039,1.247483,1.0,e69b3fabd3a74d83c4aeb7204c80e4f2c32f99c9ae8313e7f3cf887e13e6c60f,"canonical hex polygon INTERSECT canonical OSM land component, unioned inside the hex (overlap-safe)",v1_sha1_hexid_pipe_subjectid
h6000_q-000641_r+001039,OCEAN,False,0.084371,1.381028,1.381028,0.0,hsub_european_mainland,lfr_739226cee717f4,0.0,0.0,1.231974,0.0,OUTSIDE,INSIDE_UNCERTAINTY_BAND,NONE,SINGLE_COMPONENT,UNRESOLVED,,INSIDE_THE_MEASURED_UNCERTAINTY_BAND,lfr_739226cee717f4,h6000_q-000641_r+001039,1.381028,1.0,ece1d590f2eccce3f498fcd7b62eea148ba8b8749914d66fe1fd02535565873b,"canonical hex polygon INTERSECT canonical OSM land component, unioned inside the hex (overlap-safe)",v1_sha1_hexid_pipe_subjectid
h6000_q-000642_r+000961,OCEAN,False,0.00839,0.149449,0.149449,0.0,hsub_european_mainland,lfr_20aadb06009cd9,0.0,0.0,0.0,0.149449,OUTSIDE,INSIDE_UNCERTAINTY_BAND,NONE,SINGLE_COMPONENT,UNRESOLVED,,INSIDE_THE_MEASURED_UNCERTAINTY_BAND,lfr_20aadb06009cd9,h6000_q-000642_r+000961,0.149449,1.0,de81ca273549c61dffc45e39bc291b48413d330245bf55c9fd24c52f6b8ef481,"canonical hex polygon INTERSECT canonical OSM land component, unioned inside the hex (overlap-safe)",v1_sha1_hexid_pipe_subjectid
h6000_q-000642_r+000962,OCEAN,False,0.243754,4.336789,4.336789,0.0,hsub_european_mainland,lfr_8b78aea051a7df,0.0,0.0,0.0,4.336789,OUTSIDE,INSIDE_UNCERTAINTY_BAND,NONE,SINGLE_COMPONENT,UNRESOLVED,,INSIDE_THE_MEASURED_UNCERTAINTY_BAND,lfr_8b78aea051a7df,h6000_q-000642_r+000962,4.336789,1.0,1ade3d9fc59a2d32560b3b581303c475d675bb719b90d572d36345afcce26ce4,"canonical hex polygon INTERSECT canonical OSM land component, unioned inside the hex (overlap-safe)",v1_sha1_hexid_pipe_subjectid
h6000_q-000642_r+001039,OCEAN,False,0.266816,4.366809,4.363095,0.003715,hsub_european_mainland,lfr_6197d2ada97faf,0.0,0.0,0.389106,0.0,OUTSIDE,INSIDE_UNCERTAINTY_BAND,NONE,MIXED_WITH_OTHER_COMPONENT,UNRESOLVED,,INSIDE_THE_MEASURED_UNCERTAINTY_BAND,lfr_6197d2ada97faf,h6000_q-000642_r+001039,4.363095,0.9991494933714757,54553d37800f196f256db5f8c8a03d95a8a9b08616321d343d8307377acdf89f,"canonical hex polygon INTERSECT canonical OSM land component, unioned inside the hex (overlap-safe)",v1_sha1_hexid_pipe_subjectid
h6000_q-000643_r+000964,OCEAN,False,0.003458,0.061412,0.061412,0.0,hsub_european_mainland,lfr_038e0b212268a8,0.0,0.0,0.0,0.061412,OUTSIDE,INSIDE_UNCERTAINTY_BAND,NONE,SINGLE_COMPONENT,UNRESOLVED,,INSIDE_THE_MEASURED_UNCERTAINTY_BAND,lfr_038e0b212268a8,h6000_q-000643_r+000964,0.061412,1.0,d696d869fbcdfad86f9fa9d8777654533758276ca22f08c245ebe08455fa1070,"canonical hex polygon INTERSECT canonical OSM land component, unioned inside the hex (overlap-safe)",v1_sha1_hexid_pipe_subjectid
h6000_q-000643_r+000965,OCEAN,False,0.397169,7.04352,7.04352,0.0,hsub_european_mainland,lfr_1db21bd227c0d7,0.0,0.0,0.0,7.04352,OUTSIDE,INSIDE_UNCERTAINTY_BAND,NONE,SINGLE_COMPONENT,UNRESOLVED,,INSIDE_THE_MEASURED_UNCERTAINTY_BAND,lfr_1db21bd227c0d7,h6000_q-000643_r+000965,7.04352,1.0,66de1d6c9b883127d2c3f1793e7293af6d71e5e72ae77d682b8ee74cf5845280,"canonical hex polygon INTERSECT canonical OSM land component, unioned inside the hex (overlap-safe)",v1_sha1_hexid_pipe_subjectid
h6000_q-000644_r+000966,OCEAN,False,0.046061,0.815853,0.815853,0.0,hsub_european_mainland,lfr_9a2b5fc7a58a0b,0.0,0.0,0.0,0.815853,OUTSIDE,INSIDE_UNCERTAINTY_BAND,NONE,SINGLE_COMPONENT,UNRESOLVED,,INSIDE_THE_MEASURED_UNCERTAINTY_BAND,lfr_9a2b5fc7a58a0b,h6000_q-000644_r+000966,0.815853,1.0,cdbb2ba913751992d8a9090c743c2a41e8ade0399a548e0ff64ff6f3e25012ed,"canonical hex polygon INTERSECT canonical OSM land component, unioned inside the hex (overlap-safe)",v1_sha1_hexid_pipe_subjectid
h6000_q-000645_r+000968,OCEAN,False,0.242703,4.290191,4.290191,0.0,hsub_european_mainland,lfr_9a17c50c539be7,0.0,0.0,0.0,4.290191,OUTSIDE,INSIDE_UNCERTAINTY_BAND,NONE,SINGLE_COMPONENT,UNRESOLVED,,INSIDE_THE_MEASURED_UNCERTAINTY_BAND,lfr_9a17c50c539be7,h6000_q-000645_r+000968,4.290191,1.0,b3f199f28cfa8b29bc8138432c6a95ff84bb8325b55f1bb57bc85897faab92ea,"canonical hex polygon INTERSECT canonical OSM land component, unioned inside the hex (overlap-safe)",v1_sha1_hexid_pipe_subjectid
h6000_q-000646_r+000969,OCEAN,False,0.066972,1.182361,1.182361,0.0,hsub_european_mainland,lfr_8432c30cb1f89b,0.0,0.0,0.0,1.182361,OUTSIDE,INSIDE_UNCERTAINTY_BAND,NONE,SINGLE_COMPONENT,UNRESOLVED,,INSIDE_THE_MEASURED_UNCERTAINTY_BAND,lfr_8432c30cb1f89b,h6000_q-000646_r+000969,1.182361,1.0,dc3b5db47e5f842fadbfc9c257555cf6211a8a562fef072e897e75e89e262c73,"canonical hex polygon INTERSECT canonical OSM land component, unioned inside the hex (overlap-safe)",v1_sha1_hexid_pipe_subjectid
h6000_q-000647_r+000970,OCEAN,False,0.075598,1.333467,1.333467,0.0,hsub_european_mainland,lfr_90559077a3828b,0.0,0.0,0.0,1.333467,OUTSIDE,INSIDE_UNCERTAINTY_BAND,NONE,SINGLE_COMPONENT,UNRESOLVED,,INSIDE_THE_MEASURED_UNCERTAINTY_BAND,lfr_90559077a3828b,h6000_q-000647_r+000970,1.333467,1.0,47a5ad03f2b8555b76b2a4517c074c13d7a422a082ec5c13739ce68db4adf29c,"canonical hex polygon INTERSECT canonical OSM land component, unioned inside the hex (overlap-safe)",v1_sha1_hexid_pipe_subjectid
h6000_q-000648_r+000972,OCEAN,False,0.387183,6.81535,6.81535,0.0,hsub_european_mainland,lfr_e45b505417fb06,0.0,0.0,0.0,6.81535,OUTSIDE,INSIDE_UNCERTAINTY_BAND,NONE,SINGLE_COMPONENT,UNRESOLVED,,INSIDE_THE_MEASURED_UNCERTAINTY_BAND,lfr_e45b505417fb06,h6000_q-000648_r+000972,6.81535,1.0,708f6cabf314f2affd762d336ec3fbdb105e6535f4480f2e705189ab1be70ad6,"canonical hex polygon INTERSECT canonical OSM land component, unioned inside the hex (overlap-safe)",v1_sha1_hexid_pipe_subjectid
h6000_q-000649_r+000973,OCEAN,False,0.053588,0.942128,0.942128,0.0,hsub_european_mainland,lfr_f8b4718c67eeee,0.0,0.0,0.0,0.942128,OUTSIDE,INSIDE_UNCERTAINTY_BAND,NONE,SINGLE_COMPONENT,UNRESOLVED,,INSIDE_THE_MEASURED_UNCERTAINTY_BAND,lfr_f8b4718c67eeee,h6000_q-000649_r+000973,0.942128,1.0,cff1470615240bc9cc9f1614f090a69fdf4a3b263d2d02f1045fe1bef7226f87,"canonical hex polygon INTERSECT canonical OSM land component, unioned inside the hex (overlap-safe)",v1_sha1_hexid_pipe_subjectid
h6000_q-000652_r+001039,OCEAN,False,0.137806,2.255623,2.242474,0.01315,hsub_european_mainland,lfr_330699ef483fa7,0.0,0.0,2.07128,0.0,OUTSIDE,INSIDE_UNCERTAINTY_BAND,NONE,MIXED_WITH_OTHER_COMPONENT,UNRESOLVED,,INSIDE_THE_MEASURED_UNCERTAINTY_BAND,lfr_330699ef483fa7,h6000_q-000652_r+001039,2.242474,0.9941705683972899,e1adfbfb20aba0f1fc09e9b10b3e9e70831b984d2d9fbdcf5fbfc97bfb4e3daf,"canonical hex polygon INTERSECT canonical OSM land component, unioned inside the hex (overlap-safe)",v1_sha1_hexid_pipe_subjectid
h6000_q-000653_r+001039,OCEAN,False,0.314304,5.144272,5.141077,0.003195,hsub_european_mainland,lfr_1859fdf30b41fd,0.0,0.0,5.141077,0.0,OUTSIDE,INSIDE_UNCERTAINTY_BAND,NONE,MIXED_WITH_OTHER_COMPONENT,UNRESOLVED,,INSIDE_THE_MEASURED_UNCERTAINTY_BAND,lfr_1859fdf30b41fd,h6000_q-000653_r+001039,5.141077,0.9993789208657707,14bdd5dfbc65667362b6210321a43042510b738458307ccd80618a741ff6785d,"canonical hex polygon INTERSECT canonical OSM land component, unioned inside the hex (overlap-safe)",v1_sha1_hexid_pipe_subjectid
h6000_q-000655_r+001040,OCEAN,False,0.168086,2.748019,2.748019,0.0,hsub_european_mainland,lfr_2e0a5f20805361,0.0,0.0,2.748019,0.0,OUTSIDE,INSIDE_UNCERTAINTY_BAND,NONE,SINGLE_COMPONENT,UNRESOLVED,,INSIDE_THE_MEASURED_UNCERTAINTY_BAND,lfr_2e0a5f20805361,h6000_q-000655_r+001040,2.748019,1.0,0f8e9f07d5726979653ecedbfbf815b62b4c883d609e1500bc63c842f1cdbaa6,"canonical hex polygon INTERSECT canonical OSM land component, unioned inside the hex (overlap-safe)",v1_sha1_hexid_pipe_subjectid
h6000_q-000656_r+001041,OCEAN,False,0.029581,0.48304,0.475829,0.007211,hsub_european_mainland,lfr_59995d08b84270,0.0,0.0,0.475829,0.0,OUTSIDE,INSIDE_UNCERTAINTY_BAND,NONE,MIXED_WITH_OTHER_COMPONENT,UNRESOLVED,,INSIDE_THE_MEASURED_UNCERTAINTY_BAND,lfr_59995d08b84270,h6000_q-000656_r+001041,0.475829,0.9850716296787015,63d0e4d791b2f35a20abc3aad16c8865cbeab83d7c368020660c8235ccd4352a,"canonical hex polygon INTERSECT canonical OSM land component, unioned inside the hex (overlap-safe)",v1_sha1_hexid_pipe_subjectid
h6000_q-000657_r+001042,OCEAN,False,0.015517,0.253113,0.25224,0.000873,hsub_european_mainland,lfr_8a48b09ba9e9b7,0.0,0.0,0.25224,0.0,OUTSIDE,INSIDE_UNCERTAINTY_BAND,NONE,MIXED_WITH_OTHER_COMPONENT,UNRESOLVED,,INSIDE_THE_MEASURED_UNCERTAINTY_BAND,lfr_8a48b09ba9e9b7,h6000_q-000657_r+001042,0.25224,0.996550947600479,22b64a5e146027fccec76c4ac4ceb5c728e10d1a58627d6c8b53120d63773007,"canonical hex polygon INTERSECT canonical OSM land component, unioned inside the hex (overlap-safe)",v1_sha1_hexid_pipe_subjectid
h6000_q-000659_r+001043,OCEAN,False,0.119863,1.953208,1.953208,0.0,hsub_european_mainland,lfr_9277cc7e3f8ca4,0.0,0.0,1.893354,0.0,OUTSIDE,INSIDE_UNCERTAINTY_BAND,NONE,SINGLE_COMPONENT,UNRESOLVED,,INSIDE_THE_MEASURED_UNCERTAINTY_BAND,lfr_9277cc7e3f8ca4,h6000_q-000659_r+001043,1.953208,1.0,7efb03fbbbffb5e1202fa1de25f5e5983c1e98d11bc04aa75269f6e39dc3602d,"canonical hex polygon INTERSECT canonical OSM land component, unioned inside the hex (overlap-safe)",v1_sha1_hexid_pipe_subjectid
h6000_q-000661_r+001002,OCEAN,False,0.395101,6.733703,6.692727,0.040976,hsub_european_mainland,lfr_a84e382b39b418,0.0,0.0,6.692727,0.0,OUTSIDE,INSIDE_UNCERTAINTY_BAND,NONE,MIXED_WITH_OTHER_COMPONENT,UNRESOLVED,,INSIDE_THE_MEASURED_UNCERTAINTY_BAND,lfr_a84e382b39b418,h6000_q-000661_r+001002,6.692727,0.9939147895296243,ee8d0b912dc9026d778efa65a2b8661e76dd7f671eb45b632683580da531dd31,"canonical hex polygon INTERSECT canonical OSM land component, unioned inside the hex (overlap-safe)",v1_sha1_hexid_pipe_subjectid
h6000_q-000662_r+001001,OCEAN,False,0.281049,4.794795,4.792737,0.002057,hsub_european_mainland,lfr_cce963451e23aa,0.0,0.0,4.792737,0.0,OUTSIDE,INSIDE_UNCERTAINTY_BAND,NONE,MIXED_WITH_OTHER_COMPONENT,UNRESOLVED,,INSIDE_THE_MEASURED_UNCERTAINTY_BAND,lfr_cce963451e23aa,h6000_q-000662_r+001001,4.792737,0.9995707845695176,8ff64b7ed96e5b007233011599220c004e244484f5c930fce8bd8000346f180c,"canonical hex polygon INTERSECT canonical OSM land component, unioned inside the hex (overlap-safe)",v1_sha1_hexid_pipe_subjectid
h6000_q-000663_r+001000,OCEAN,False,0.085729,1.464259,1.464259,0.0,hsub_european_mainland,lfr_f5c9b1d4b79d84,0.0,0.0,0.493953,0.0,OUTSIDE,INSIDE_UNCERTAINTY_BAND,NONE,SINGLE_COMPONENT,UNRESOLVED,,INSIDE_THE_MEASURED_UNCERTAINTY_BAND,lfr_f5c9b1d4b79d84,h6000_q-000663_r+001000,1.464259,1.0,dbb0c9920506d97416776378323f8943e555c5f856594d981a88f6b163530090,"canonical hex polygon INTERSECT canonical OSM land component, unioned inside the hex (overlap-safe)",v1_sha1_hexid_pipe_subjectid
h6000_q-000664_r+001005,OCEAN,False,0.284266,4.82991,4.571072,0.258838,hsub_european_mainland,lfr_34a623e455155e,0.0,0.0,4.571072,0.0,OUTSIDE,INSIDE_UNCERTAINTY_BAND,NONE,MIXED_WITH_OTHER_COMPONENT,UNRESOLVED,,INSIDE_THE_MEASURED_UNCERTAINTY_BAND,lfr_34a623e455155e,h6000_q-000664_r+001005,4.571072,0.9464093533833964,61d8595fbd70028096eed2633ee44964c0cf8cdbb6183cc999972a40bf62e4c5,"canonical hex polygon INTERSECT canonical OSM land component, unioned inside the hex (overlap-safe)",v1_sha1_hexid_pipe_subjectid
h6000_q-000665_r+001001,OCEAN,False,0.379561,6.475685,6.474718,0.000968,hsub_european_mainland,lfr_c4db1a0f6a1eac,0.0,0.0,0.029908,0.0,OUTSIDE,INSIDE_UNCERTAINTY_BAND,NONE,MIXED_WITH_OTHER_COMPONENT,UNRESOLVED,,INSIDE_THE_MEASURED_UNCERTAINTY_BAND,lfr_c4db1a0f6a1eac,h6000_q-000665_r+001001,6.474718,0.9998506721682725,21dc084979dc0a57cefc434c384c0bd2fbe1d546b142433b5f3a51b139174a3a,"canonical hex polygon INTERSECT canonical OSM land component, unioned inside the hex (overlap-safe)",v1_sha1_hexid_pipe_subjectid
h6000_q-000665_r+001002,OCEAN,False,0.289425,4.933502,4.926613,0.006889,hsub_european_mainland,lfr_fd36dae2f6cee4,0.0,0.0,4.211668,0.0,OUTSIDE,INSIDE_UNCERTAINTY_BAND,NONE,MIXED_WITH_OTHER_COMPONENT,UNRESOLVED,,INSIDE_THE_MEASURED_UNCERTAINTY_BAND,lfr_fd36dae2f6cee4,h6000_q-000665_r+001002,4.926613,0.9986036288218795,c1a18491c5afc6761ec2185c7df4b67914b515279a0ad84c61135fe00fd858db,"canonical hex polygon INTERSECT canonical OSM land component, unioned inside the hex (overlap-safe)",v1_sha1_hexid_pipe_subjectid
h6000_q-000665_r+001003,OCEAN,False,0.378149,6.43929,6.436711,0.002579,hsub_european_mainland,lfr_54b758d3ee0ef0,0.0,0.0,6.436711,0.0,OUTSIDE,INSIDE_UNCERTAINTY_BAND,NONE,MIXED_WITH_OTHER_COMPONENT,UNRESOLVED,,INSIDE_THE_MEASURED_UNCERTAINTY_BAND,lfr_54b758d3ee0ef0,h6000_q-000665_r+001003,6.436711,0.9995994900058858,a2eef385b34f3b078ae4d5320eda0ab53568422831ae98ef68e1c6a376ec00c2,"canonical hex polygon INTERSECT canonical OSM land component, unioned inside the hex (overlap-safe)",v1_sha1_hexid_pipe_subjectid
h6000_q-000665_r+001004,OCEAN,False,0.007822,0.13294,0.13294,0.0,hsub_european_mainland,lfr_6dcfd33e05439e,0.0,0.0,0.13294,0.0,OUTSIDE,INSIDE_UNCERTAINTY_BAND,NONE,SINGLE_COMPONENT,UNRESOLVED,,INSIDE_THE_MEASURED_UNCERTAINTY_BAND,lfr_6dcfd33e05439e,h6000_q-000665_r+001004,0.13294,1.0,af03db8adaf7a61c99461d090940611092b7240a8e70eaead7c4baebbbe0db77,"canonical hex polygon INTERSECT canonical OSM land component, unioned inside the hex (overlap-safe)",v1_sha1_hexid_pipe_subjectid
h6000_q-000665_r+001045,OCEAN,False,0.436765,7.098555,7.098555,0.0,hsub_european_mainland,lfr_06d679ada59eeb,0.0,0.0,1.329897,0.0,OUTSIDE,INSIDE_UNCERTAINTY_BAND,NONE,SINGLE_COMPONENT,UNRESOLVED,,INSIDE_THE_MEASURED_UNCERTAINTY_BAND,lfr_06d679ada59eeb,h6000_q-000665_r+001045,7.098555,1.0,6fd8f7a755025f699c43ca0c4ea77c03c3918e0738e74f9911e9a040a22a6d8b,"canonical hex polygon INTERSECT canonical OSM land component, unioned inside the hex (overlap-safe)",v1_sha1_hexid_pipe_subjectid
h6000_q-000666_r+001004,OCEAN,False,0.053916,0.916376,0.916376,0.0,hsub_european_mainland,lfr_be0f4331ac94e4,0.0,0.0,0.916376,0.0,OUTSIDE,INSIDE_UNCERTAINTY_BAND,NONE,SINGLE_COMPONENT,UNRESOLVED,,INSIDE_THE_MEASURED_UNCERTAINTY_BAND,lfr_be0f4331ac94e4,h6000_q-000666_r+001004,0.916376,1.0,db0b2dadcb38d7b6f37687e6e9cee0c82d6e811c52cda46b9d4e4a1c90c90f9a,"canonical hex polygon INTERSECT canonical OSM land component, unioned inside the hex (overlap-safe)",v1_sha1_hexid_pipe_subjectid
h6000_q-000666_r+001045,OCEAN,False,0.054561,0.887006,0.887006,0.0,hsub_european_mainland,lfr_eb48519303ef78,0.0,0.0,0.88016,0.0,OUTSIDE,INSIDE_UNCERTAINTY_BAND,NONE,SINGLE_COMPONENT,UNRESOLVED,,INSIDE_THE_MEASURED_UNCERTAINTY_BAND,lfr_eb48519303ef78,h6000_q-000666_r+001045,0.887006,1.0,02be6b8f519c6eead012faec83e047612cc5bab83690aefb2282bdc0a601752a,"canonical hex polygon INTERSECT canonical OSM land component, unioned inside the hex (overlap-safe)",v1_sha1_hexid_pipe_subjectid
h6000_q-000667_r+001005,OCEAN,False,0.439411,7.462962,7.462278,0.000684,hsub_european_mainland,lfr_ae9b2153256f67,0.0,0.0,7.462278,0.0,OUTSIDE,INSIDE_UNCERTAINTY_BAND,NONE,MIXED_WITH_OTHER_COMPONENT,UNRESOLVED,,INSIDE_THE_MEASURED_UNCERTAINTY_BAND,lfr_ae9b2153256f67,h6000_q-000667_r+001005,7.462278,0.9999083473827148,3b271fd070df0ee1e45c3474f79eba82676b3a46fe0aa34e2cc9cd9a541e320d,"canonical hex polygon INTERSECT canonical OSM land component, unioned inside the hex (overlap-safe)",v1_sha1_hexid_pipe_subjectid
h6000_q-000667_r+001043,OCEAN,False,0.487217,7.937106,7.854764,0.082342,hsub_european_mainland,lfr_19e16c03e45298,0.0,0.0,7.854764,0.0,OUTSIDE,INSIDE_UNCERTAINTY_BAND,NONE,MIXED_WITH_OTHER_COMPONENT,UNRESOLVED,,INSIDE_THE_MEASURED_UNCERTAINTY_BAND,lfr_19e16c03e45298,h6000_q-000667_r+001043,7.854764,0.989625689766522,1cfea981af851536ca625fb7e23088df454594cfe06fed2377faeeb406b9aba6,"canonical hex polygon INTERSECT canonical OSM land component, unioned inside the hex (overlap-safe)",v1_sha1_hexid_pipe_subjectid
h6000_q-000667_r+001044,OCEAN,False,0.084242,1.371078,1.371078,0.0,hsub_european_mainland,lfr_2dbef7f2d95e2d,0.0,0.0,1.371078,0.0,OUTSIDE,INSIDE_UNCERTAINTY_BAND,NONE,SINGLE_COMPONENT,UNRESOLVED,,INSIDE_THE_MEASURED_UNCERTAINTY_BAND,lfr_2dbef7f2d95e2d,h6000_q-000667_r+001044,1.371078,1.0,5ee0305bb8a66ab23de68667c0d69abda71dd9da0c0a828e35f458feabaf6100,"canonical hex polygon INTERSECT canonical OSM land component, unioned inside the hex (overlap-safe)",v1_sha1_hexid_pipe_subjectid
h6000_q-000668_r+001006,OCEAN,False,0.156859,2.661192,2.658384,0.002807,hsub_european_mainland,lfr_9f21bad5c3f1af,0.0,0.0,2.658384,0.0,OUTSIDE,INSIDE_UNCERTAINTY_BAND,NONE,MIXED_WITH_OTHER_COMPONENT,UNRESOLVED,,INSIDE_THE_MEASURED_UNCERTAINTY_BAND,lfr_9f21bad5c3f1af,h6000_q-000668_r+001006,2.658384,0.9989448337436758,91bb5568cca2790cbcf99b5048a7e0688f23c7c2d8ff9e4ebbb2b78772432b33,"canonical hex polygon INTERSECT canonical OSM land component, unioned inside the hex (overlap-safe)",v1_sha1_hexid_pipe_subjectid
h6000_q-000668_r+001008,OCEAN,False,0.125571,2.126159,1.53695,0.589209,hsub_european_mainland,lfr_1d6718d5167e58,0.0,0.0,1.53695,0.0,OUTSIDE,INSIDE_UNCERTAINTY_BAND,NONE,MIXED_WITH_OTHER_COMPONENT,UNRESOLVED,,INSIDE_THE_MEASURED_UNCERTAINTY_BAND,lfr_1d6718d5167e58,h6000_q-000668_r+001008,1.53695,0.7228763229843111,76c1cefe85b87038ce09999dfba73ef4ad5b9cc935170e759d9aca68c379fa29,"canonical hex polygon INTERSECT canonical OSM land component, unioned inside the hex (overlap-safe)",v1_sha1_hexid_pipe_subjectid
h6000_q-000668_r+001045,OCEAN,False,0.052182,0.848278,0.841475,0.006803,hsub_european_mainland,lfr_1eec2c5663625e,0.0,0.0,0.841475,0.0,OUTSIDE,INSIDE_UNCERTAINTY_BAND,NONE,MIXED_WITH_OTHER_COMPONENT,UNRESOLVED,,INSIDE_THE_MEASURED_UNCERTAINTY_BAND,lfr_1eec2c5663625e,h6000_q-000668_r+001045,0.841475,0.9919802234644775,a984a5b40763cd0d87632a168233ac1f648828275688bf95e88217ff41bb55a8,"canonical hex polygon INTERSECT canonical OSM land component, unioned inside the hex (overlap-safe)",v1_sha1_hexid_pipe_subjectid
h6000_q-000669_r+001006,OCEAN,False,0.027335,0.463655,0.459556,0.004098,hsub_european_mainland,lfr_d812f665c8e0ab,0.0,0.0,0.459556,0.0,OUTSIDE,INSIDE_UNCERTAINTY_BAND,NONE,MIXED_WITH_OTHER_COMPONENT,UNRESOLVED,,INSIDE_THE_MEASURED_UNCERTAINTY_BAND,lfr_d812f665c8e0ab,h6000_q-000669_r+001006,0.459556,0.9911593749663005,c5d494789e47a307741f798877acab8d303564a96ef8fcf4ce1d96e6f717d173,"canonical hex polygon INTERSECT canonical OSM land component, unioned inside the hex (overlap-safe)",v1_sha1_hexid_pipe_subjectid
h6000_q-000669_r+001007,OCEAN,False,0.435035,7.375515,7.350175,0.02534,hsub_european_mainland,lfr_4ef68db88da26e,0.0,0.0,7.350175,0.0,OUTSIDE,INSIDE_UNCERTAINTY_BAND,NONE,MIXED_WITH_OTHER_COMPONENT,UNRESOLVED,,INSIDE_THE_MEASURED_UNCERTAINTY_BAND,lfr_4ef68db88da26e,h6000_q-000669_r+001007,7.350175,0.9965643077127495,2a20e8505253245d478fe3072b53afa95722ceb417cb825d791b488fdc4874fd,"canonical hex polygon INTERSECT canonical OSM land component, unioned inside the hex (overlap-safe)",v1_sha1_hexid_pipe_subjectid
h6000_q-000669_r+001008,OCEAN,False,0.050936,0.862826,0.85777,0.005056,hsub_european_mainland,lfr_01413daa3f4349,0.0,0.0,0.85777,0.0,OUTSIDE,INSIDE_UNCERTAINTY_BAND,NONE,MIXED_WITH_OTHER_COMPONENT,UNRESOLVED,,INSIDE_THE_MEASURED_UNCERTAINTY_BAND,lfr_01413daa3f4349,h6000_q-000669_r+001008,0.85777,0.9941401858543901,eb858f674ff5be24ada9dc11614bd1f834b60df77c98236524ccfb49f53919e3,"canonical hex polygon INTERSECT canonical OSM land component, unioned inside the hex (overlap-safe)",v1_sha1_hexid_pipe_subjectid
h6000_q-000669_r+001010,OCEAN,False,0.143938,2.432455,2.222922,0.209533,hsub_european_mainland,lfr_2431eac91fd897,0.0,0.0,2.222922,0.0,OUTSIDE,INSIDE_UNCERTAINTY_BAND,NONE,MIXED_WITH_OTHER_COMPONENT,UNRESOLVED,,INSIDE_THE_MEASURED_UNCERTAINTY_BAND,lfr_2431eac91fd897,h6000_q-000669_r+001010,2.222922,0.913859454748392,57d9b876a57e49f6ce54f13b21ab22037102fbec02f108539850b799460872b6,"canonical hex polygon INTERSECT canonical OSM land component, unioned inside the hex (overlap-safe)",v1_sha1_hexid_pipe_subjectid
h6000_q-000669_r+001033,OCEAN,False,0.371811,6.12398,6.115161,0.008819,hsub_european_mainland,lfr_044fbd1f96aa1d,0.0,0.0,6.115161,0.0,OUTSIDE,INSIDE_UNCERTAINTY_BAND,NONE,MIXED_WITH_OTHER_COMPONENT,UNRESOLVED,,INSIDE_THE_MEASURED_UNCERTAINTY_BAND,lfr_044fbd1f96aa1d,h6000_q-000669_r+001033,6.115161,0.9985599234484762,48ae7dc55f661127bce7870964aeeada0d401ca8ac01b99b2e8608e82f0a2451,"canonical hex polygon INTERSECT canonical OSM land component, unioned inside the hex (overlap-safe)",v1_sha1_hexid_pipe_subjectid
h6000_q-000669_r+001045,OCEAN,False,0.298788,4.857667,4.854363,0.003304,hsub_european_mainland,lfr_0567847a07acb5,0.0,0.0,4.854363,0.0,OUTSIDE,INSIDE_UNCERTAINTY_BAND,NONE,MIXED_WITH_OTHER_COMPONENT,UNRESOLVED,,INSIDE_THE_MEASURED_UNCERTAINTY_BAND,lfr_0567847a07acb5,h6000_q-000669_r+001045,4.854363,0.9993198381033529,d434aff5c3559f3bb7243ee573aae31b4e146f759fc2d3a9d903207e8e8b5fa3,"canonical hex polygon INTERSECT canonical OSM land component, unioned inside the hex (overlap-safe)",v1_sha1_hexid_pipe_subjectid
h6000_q-000670_r+001010,OCEAN,False,0.080477,1.360119,0.000895,1.359224,hsub_european_mainland,lfr_595a44584470ef,0.0,0.0,0.000895,0.0,OUTSIDE,INSIDE_UNCERTAINTY_BAND,NONE,MIXED_WITH_OTHER_COMPONENT,UNRESOLVED,,INSIDE_THE_MEASURED_UNCERTAINTY_BAND,lfr_595a44584470ef,h6000_q-000670_r+001010,0.000895,0.0006580306576115766,085e29b3182a7ddf7f286370724b9854e6a291f4c1771efd9fb7b4cf0a82b76a,"canonical hex polygon INTERSECT canonical OSM land component, unioned inside the hex (overlap-safe)",v1_sha1_hexid_pipe_subjectid
h6000_q-000670_r+001011,OCEAN,False,0.311625,5.257711,5.210299,0.047412,hsub_european_mainland,lfr_4021e28757b1ae,0.0,0.0,5.210299,0.0,OUTSIDE,INSIDE_UNCERTAINTY_BAND,NONE,MIXED_WITH_OTHER_COMPONENT,UNRESOLVED,,INSIDE_THE_MEASURED_UNCERTAINTY_BAND,lfr_4021e28757b1ae,h6000_q-000670_r+001011,5.210299,0.9909823875827334,41a5cfc14d9bb463bc48e5e4448dbf910e0c3eff1a39192c3ff901129f804a1c,"canonical hex polygon INTERSECT canonical OSM land component, unioned inside the hex (overlap-safe)",v1_sha1_hexid_pipe_subjectid
h6000_q-000670_r+001012,OCEAN,False,0.30701,5.175708,5.175708,0.0,hsub_european_mainland,lfr_966291914ce48d,0.0,0.0,5.175708,0.0,OUTSIDE,INSIDE_UNCERTAINTY_BAND,NONE,SINGLE_COMPONENT,UNRESOLVED,,INSIDE_THE_MEASURED_UNCERTAINTY_BAND,lfr_966291914ce48d,h6000_q-000670_r+001012,5.175708,1.0,9cbf92d945b38d114c7f41de60abb41b2d3a6dd1f477cffdcaec989606777953,"canonical hex polygon INTERSECT canonical OSM land component, unioned inside the hex (overlap-safe)",v1_sha1_hexid_pipe_subjectid
h6000_q-000670_r+001034,OCEAN,False,0.007382,0.1214,0.113506,0.007894,hsub_european_mainland,lfr_90f9bf96482995,0.0,0.0,0.113506,0.0,OUTSIDE,INSIDE_UNCERTAINTY_BAND,NONE,MIXED_WITH_OTHER_COMPONENT,UNRESOLVED,,INSIDE_THE_MEASURED_UNCERTAINTY_BAND,lfr_90f9bf96482995,h6000_q-000670_r+001034,0.113506,0.9349752883031301,f3458a21b51c4d910cf5bf3ec0bcae59de1944f9ad7b350e5987f0dfc119a45c,"canonical hex polygon INTERSECT canonical OSM land component, unioned inside the hex (overlap-safe)",v1_sha1_hexid_pipe_subjectid
h6000_q-000670_r+001044,OCEAN,False,0.043113,0.701649,0.687007,0.014642,hsub_european_mainland,lfr_4783ebde9cfec3,0.0,0.0,0.687007,0.0,OUTSIDE,INSIDE_UNCERTAINTY_BAND,NONE,MIXED_WITH_OTHER_COMPONENT,UNRESOLVED,,INSIDE_THE_MEASURED_UNCERTAINTY_BAND,lfr_4783ebde9cfec3,h6000_q-000670_r+001044,0.687007,0.9791320161505255,d671ede6df05b4c8645d3c79c957e3ba3cf89f504a16477539afc2a26b9ed8f5,"canonical hex polygon INTERSECT canonical OSM land component, unioned inside the hex (overlap-safe)",v1_sha1_hexid_pipe_subjectid
h6000_q-000671_r+001008,OCEAN,False,0.079084,1.338678,1.172892,0.165786,hsub_european_mainland,lfr_551d7245e0310d,0.0,0.0,1.172892,0.0,OUTSIDE,INSIDE_UNCERTAINTY_BAND,NONE,MIXED_WITH_OTHER_COMPONENT,UNRESOLVED,,INSIDE_THE_MEASURED_UNCERTAINTY_BAND,lfr_551d7245e0310d,h6000_q-000671_r+001008,1.172892,0.8761569249662727,dfa1bf8602656a0bcedcf9947fb255923c9c059be0557be5407c7ee72cd0bf5a,"canonical hex polygon INTERSECT canonical OSM land component, unioned inside the hex (overlap-safe)",v1_sha1_hexid_pipe_subjectid
h6000_q-000671_r+001009,OCEAN,False,0.196634,3.325551,3.321426,0.004124,hsub_european_mainland,lfr_a2e7b8ee013ac8,0.0,0.0,3.321426,0.0,OUTSIDE,INSIDE_UNCERTAINTY_BAND,NONE,MIXED_WITH_OTHER_COMPONENT,UNRESOLVED,,INSIDE_THE_MEASURED_UNCERTAINTY_BAND,lfr_a2e7b8ee013ac8,h6000_q-000671_r+001009,3.321426,0.9987596040475699,34ebcec118288dc777c64cc7d7bdb983f34bc435f2e9e89a3dfb87c9c7b45768,"canonical hex polygon INTERSECT canonical OSM land component, unioned inside the hex (overlap-safe)",v1_sha1_hexid_pipe_subjectid
h6000_q-000671_r+001010,OCEAN,False,0.447951,7.566234,7.546815,0.019419,hsub_european_mainland,lfr_10e9685fa023e6,0.0,0.0,7.546815,0.0,OUTSIDE,INSIDE_UNCERTAINTY_BAND,NONE,MIXED_WITH_OTHER_COMPONENT,UNRESOLVED,,INSIDE_THE_MEASURED_UNCERTAINTY_BAND,lfr_10e9685fa023e6,h6000_q-000671_r+001010,7.546815,0.9974334655787807,adfa1da2d4b87a3d93aa50c235954f5fe26b63878b5a21959f1a162a522f2e44,"canonical hex polygon INTERSECT canonical OSM land component, unioned inside the hex (overlap-safe)",v1_sha1_hexid_pipe_subjectid
h6000_q-000671_r+001011,OCEAN,False,0.40021,6.752955,6.752955,0.0,hsub_european_mainland,lfr_ea50d6ffa56fa6,0.0,0.0,6.752955,0.0,OUTSIDE,INSIDE_UNCERTAINTY_BAND,NONE,SINGLE_COMPONENT,UNRESOLVED,,INSIDE_THE_MEASURED_UNCERTAINTY_BAND,lfr_ea50d6ffa56fa6,h6000_q-000671_r+001011,6.752955,1.0,9048d25c61b6ea1be8d1f6faef429a5d304b5897bca26d359893fb835d3b9201,"canonical hex polygon INTERSECT canonical OSM land component, unioned inside the hex (overlap-safe)",v1_sha1_hexid_pipe_subjectid
h6000_q-000671_r+001034,OCEAN,False,0.379724,6.249002,6.242467,0.006535,hsub_european_mainland,lfr_c47c4f6507ccda,0.0,0.0,6.242467,0.0,OUTSIDE,INSIDE_UNCERTAINTY_BAND,NONE,MIXED_WITH_OTHER_COMPONENT,UNRESOLVED,,INSIDE_THE_MEASURED_UNCERTAINTY_BAND,lfr_c47c4f6507ccda,h6000_q-000671_r+001034,6.242467,0.9989542330119274,b48f65482e044e4ab9fad8e6510c14a25f1523d4e46a70a380ba1586f243c94d,"canonical hex polygon INTERSECT canonical OSM land component, unioned inside the hex (overlap-safe)",v1_sha1_hexid_pipe_subjectid
h6000_q-000671_r+001042,OCEAN,False,0.284942,4.647057,4.639564,0.007493,hsub_european_mainland,lfr_d6e9b58a80da4f,0.0,0.0,4.639564,0.0,OUTSIDE,INSIDE_UNCERTAINTY_BAND,NONE,MIXED_WITH_OTHER_COMPONENT,UNRESOLVED,,INSIDE_THE_MEASURED_UNCERTAINTY_BAND,lfr_d6e9b58a80da4f,h6000_q-000671_r+001042,4.639564,0.9983875816457598,b106a39b12e0bd53ea707dfc27bdee428b45d309e51ba995635d1f4ca8b39e1a,"canonical hex polygon INTERSECT canonical OSM land component, unioned inside the hex (overlap-safe)",v1_sha1_hexid_pipe_subjectid
h6000_q-000671_r+001043,OCEAN,False,0.466757,7.604197,7.578073,0.026124,hsub_european_mainland,lfr_2085a0d6e02810,0.0,0.0,7.578073,0.0,OUTSIDE,INSIDE_UNCERTAINTY_BAND,NONE,MIXED_WITH_OTHER_COMPONENT,UNRESOLVED,,INSIDE_THE_MEASURED_UNCERTAINTY_BAND,lfr_2085a0d6e02810,h6000_q-000671_r+001043,7.578073,0.996564528772729,e859a5626147b98c102af1f54aa538b55e21664168fde0cc6e8565aa05d37920,"canonical hex polygon INTERSECT canonical OSM land component, unioned inside the hex (overlap-safe)",v1_sha1_hexid_pipe_subjectid
h6000_q-000672_r+001008,OCEAN,False,0.043941,0.743758,0.632478,0.11128,hsub_european_mainland,lfr_82b4d25581f360,0.0,0.0,0.632478,0.0,OUTSIDE,INSIDE_UNCERTAINTY_BAND,NONE,MIXED_WITH_OTHER_COMPONENT,UNRESOLVED,,INSIDE_THE_MEASURED_UNCERTAINTY_BAND,lfr_82b4d25581f360,h6000_q-000672_r+001008,0.632478,0.8503814412752535,b10bb92d47b21e826dec1a723e74af519a961861ad35f678bf224c428bf0b72b,"canonical hex polygon INTERSECT canonical OSM land component, unioned inside the hex (overlap-safe)",v1_sha1_hexid_pipe_subjectid
h6000_q-000672_r+001033,OCEAN,False,0.28015,4.614857,4.61413,0.000727,hsub_european_mainland,lfr_00e95256f624d2,0.0,0.0,4.61413,0.0,OUTSIDE,INSIDE_UNCERTAINTY_BAND,NONE,MIXED_WITH_OTHER_COMPONENT,UNRESOLVED,,INSIDE_THE_MEASURED_UNCERTAINTY_BAND,lfr_00e95256f624d2,h6000_q-000672_r+001033,4.61413,0.9998424653244945,f9ac026fa792def2b43af6817306d300fe144d16639b71dc0c077a6bb490ffe8,"canonical hex polygon INTERSECT canonical OSM land component, unioned inside the hex (overlap-safe)",v1_sha1_hexid_pipe_subjectid
h6000_q-000672_r+001034,OCEAN,False,0.199805,3.288233,3.261658,0.026575,hsub_european_mainland,lfr_01ef58c9d228b7,0.0,0.0,3.261658,0.0,OUTSIDE,INSIDE_UNCERTAINTY_BAND,NONE,MIXED_WITH_OTHER_COMPONENT,UNRESOLVED,,INSIDE_THE_MEASURED_UNCERTAINTY_BAND,lfr_01ef58c9d228b7,h6000_q-000672_r+001034,3.261658,0.9919181517854727,f2bd7acdb96b40fba048080da51ee8911a626a9d3ad3896b24d903f68fee632f,"canonical hex polygon INTERSECT canonical OSM land component, unioned inside the hex (overlap-safe)",v1_sha1_hexid_pipe_subjectid
h6000_q-000672_r+001035,OCEAN,False,0.037202,0.61119,0.61119,0.0,hsub_european_mainland,lfr_4042813a824cb1,0.0,0.0,0.61119,0.0,OUTSIDE,INSIDE_UNCERTAINTY_BAND,NONE,SINGLE_COMPONENT,UNRESOLVED,,INSIDE_THE_MEASURED_UNCERTAINTY_BAND,lfr_4042813a824cb1,h6000_q-000672_r+001035,0.61119,1.0,aad72269e00380713067f71327fa4086c6e4e4f8dc866cd302da892fff4e38b3,"canonical hex polygon INTERSECT canonical OSM land component, unioned inside the hex (overlap-safe)",v1_sha1_hexid_pipe_subjectid
h6000_q-000672_r+001041,OCEAN,False,0.034479,0.563056,0.553312,0.009744,hsub_european_mainland,lfr_11479d7d2301e8,0.0,0.0,0.553312,0.0,OUTSIDE,INSIDE_UNCERTAINTY_BAND,NONE,MIXED_WITH_OTHER_COMPONENT,UNRESOLVED,,INSIDE_THE_MEASURED_UNCERTAINTY_BAND,lfr_11479d7d2301e8,h6000_q-000672_r+001041,0.553312,0.9826944389190418,dea17f02744acb0653a75e67df70fe43156ad42f8802b8ee4e102e01462ed5d7,"canonical hex polygon INTERSECT canonical OSM land component, unioned inside the hex (overlap-safe)",v1_sha1_hexid_pipe_subjectid
h6000_q-000673_r+001034,OCEAN,False,0.080502,1.325159,1.312053,0.013106,hsub_european_mainland,lfr_b574f23a83f5e8,0.0,0.0,1.312053,0.0,OUTSIDE,INSIDE_UNCERTAINTY_BAND,NONE,MIXED_WITH_OTHER_COMPONENT,UNRESOLVED,,INSIDE_THE_MEASURED_UNCERTAINTY_BAND,lfr_b574f23a83f5e8,h6000_q-000673_r+001034,1.312053,0.9901098660613556,66d956bed632d7f8bc12240e36a9c85b2cbf6a3ac9bd27815d853d3176936ebd,"canonical hex polygon INTERSECT canonical OSM land component, unioned inside the hex (overlap-safe)",v1_sha1_hexid_pipe_subjectid
h6000_q-000673_r+001036,OCEAN,False,0.154052,2.52887,2.52887,0.0,hsub_european_mainland,lfr_982f86a7cb9afc,0.0,0.0,2.52887,0.0,OUTSIDE,INSIDE_UNCERTAINTY_BAND,NONE,SINGLE_COMPONENT,UNRESOLVED,,INSIDE_THE_MEASURED_UNCERTAINTY_BAND,lfr_982f86a7cb9afc,h6000_q-000673_r+001036,2.52887,1.0,2e6d4741f949e74291d20323bec3bb6aa8f568e6994c48d47736ddecb0f6084b,"canonical hex polygon INTERSECT canonical OSM land component, unioned inside the hex (overlap-safe)",v1_sha1_hexid_pipe_subjectid
h6000_q-000673_r+001037,OCEAN,False,0.439789,7.211585,7.192193,0.019392,hsub_european_mainland,lfr_b3cf476701d2b8,0.0,0.0,7.192193,0.0,OUTSIDE,INSIDE_UNCERTAINTY_BAND,NONE,MIXED_WITH_OTHER_COMPONENT,UNRESOLVED,,INSIDE_THE_MEASURED_UNCERTAINTY_BAND,lfr_b3cf476701d2b8,h6000_q-000673_r+001037,7.192193,0.9973109933530562,497b0a3d509883da69b5d9966656248eaf76715b79050e7d9b691f9bf3fa6dc9,"canonical hex polygon INTERSECT canonical OSM land component, unioned inside the hex (overlap-safe)",v1_sha1_hexid_pipe_subjectid
h6000_q-000673_r+001039,OCEAN,False,0.204872,3.35323,3.325727,0.027503,hsub_european_mainland,lfr_3993877728d596,0.0,0.0,3.325727,0.0,OUTSIDE,INSIDE_UNCERTAINTY_BAND,NONE,MIXED_WITH_OTHER_COMPONENT,UNRESOLVED,,INSIDE_THE_MEASURED_UNCERTAINTY_BAND,lfr_3993877728d596,h6000_q-000673_r+001039,3.325727,0.9917980573954068,76517d0f4d4de91c94c62f5ea9a77f3f4470a10728997010053d3fcb443ca8eb,"canonical hex polygon INTERSECT canonical OSM land component, unioned inside the hex (overlap-safe)",v1_sha1_hexid_pipe_subjectid
h6000_q-000674_r+001010,OCEAN,False,0.035213,0.594988,0.594358,0.000629,hsub_european_mainland,lfr_e1165ee5bdbd00,0.0,0.0,0.001238,0.0,OUTSIDE,INSIDE_UNCERTAINTY_BAND,NONE,MIXED_WITH_OTHER_COMPONENT,UNRESOLVED,,INSIDE_THE_MEASURED_UNCERTAINTY_BAND,lfr_e1165ee5bdbd00,h6000_q-000674_r+001010,0.594358,0.9989411551157336,4a783b5a41dcd26c51c9156319d9407cde7fe90ade5f45dcafc955f09f519a50,"canonical hex polygon INTERSECT canonical OSM land component, unioned inside the hex (overlap-safe)",v1_sha1_hexid_pipe_subjectid
h6000_q-000674_r+001011,OCEAN,False,0.091318,1.5414,1.5414,0.0,hsub_european_mainland,lfr_579354c1e8ee83,0.0,0.0,1.5414,0.0,OUTSIDE,INSIDE_UNCERTAINTY_BAND,NONE,SINGLE_COMPONENT,UNRESOLVED,,INSIDE_THE_MEASURED_UNCERTAINTY_BAND,lfr_579354c1e8ee83,h6000_q-000674_r+001011,1.5414,1.0,0a9e1faefb237ff3eb45e6b0522ebe346f78070597fb71daa0eae0c99bf50519,"canonical hex polygon INTERSECT canonical OSM land component, unioned inside the hex (overlap-safe)",v1_sha1_hexid_pipe_subjectid
h6000_q-000674_r+001012,OCEAN,False,0.185364,3.12476,3.10652,0.01824,hsub_european_mainland,lfr_16f13710d7fc49,0.0,0.0,3.10652,0.0,OUTSIDE,INSIDE_UNCERTAINTY_BAND,NONE,MIXED_WITH_OTHER_COMPONENT,UNRESOLVED,,INSIDE_THE_MEASURED_UNCERTAINTY_BAND,lfr_16f13710d7fc49,h6000_q-000674_r+001012,3.10652,0.9941627516993305,0d7a71f4a993721301df5abbbcaa9283f892d5169516963eb3ec3c79986e1263,"canonical hex polygon INTERSECT canonical OSM land component, unioned inside the hex (overlap-safe)",v1_sha1_hexid_pipe_subjectid
h6000_q-000674_r+001015,OCEAN,False,0.293908,4.939782,4.939782,0.0,hsub_european_mainland,lfr_aec15a165b80a4,0.0,0.0,4.939782,0.0,OUTSIDE,INSIDE_UNCERTAINTY_BAND,NONE,SINGLE_COMPONENT,UNRESOLVED,,INSIDE_THE_MEASURED_UNCERTAINTY_BAND,lfr_aec15a165b80a4,h6000_q-000674_r+001015,4.939782,1.0,2c5c5ea511806aa148be8c97719d50218cb3181124c47a7e718058712fe51d92,"canonical hex polygon INTERSECT canonical OSM land component, unioned inside the hex (overlap-safe)",v1_sha1_hexid_pipe_subjectid
h6000_q-000674_r+001016,OCEAN,False,0.430552,7.225564,7.152671,0.072893,hsub_european_mainland,lfr_5b9db27f2267a0,0.0,0.0,7.152671,0.0,OUTSIDE,INSIDE_UNCERTAINTY_BAND,NONE,MIXED_WITH_OTHER_COMPONENT,UNRESOLVED,,INSIDE_THE_MEASURED_UNCERTAINTY_BAND,lfr_5b9db27f2267a0,h6000_q-000674_r+001016,7.152671,0.9899117909688433,4c710b9cce2f70375e0bac39b83701f6ceab8ee6a986dc4368fb8c121859354b,"canonical hex polygon INTERSECT canonical OSM land component, unioned inside the hex (overlap-safe)",v1_sha1_hexid_pipe_subjectid
h6000_q-000674_r+001032,OCEAN,False,0.473082,7.802194,7.783602,0.018591,hsub_european_mainland,lfr_f54b324c1784a8,0.0,0.0,7.783602,0.0,OUTSIDE,INSIDE_UNCERTAINTY_BAND,NONE,MIXED_WITH_OTHER_COMPONENT,UNRESOLVED,,INSIDE_THE_MEASURED_UNCERTAINTY_BAND,lfr_f54b324c1784a8,h6000_q-000674_r+001032,7.783602,0.9976170805288871,be37e34e31535dd957e9dd0d89e2bcb2db148ad09f8843a41327675c4f8dd296,"canonical hex polygon INTERSECT canonical OSM land component, unioned inside the hex (overlap-safe)",v1_sha1_hexid_pipe_subjectid
h6000_q-000674_r+001033,OCEAN,False,0.259171,4.270466,4.265356,0.00511,hsub_european_mainland,lfr_b66c728ee0386e,0.0,0.0,4.265356,0.0,OUTSIDE,INSIDE_UNCERTAINTY_BAND,NONE,MIXED_WITH_OTHER_COMPONENT,UNRESOLVED,,INSIDE_THE_MEASURED_UNCERTAINTY_BAND,lfr_b66c728ee0386e,h6000_q-000674_r+001033,4.265356,0.9988034092766457,89d91ddfca7d2831a8e1e4cccfd6a99d113b8d15c8fa3ee8d6919d61655a4e83,"canonical hex polygon INTERSECT canonical OSM land component, unioned inside the hex (overlap-safe)",v1_sha1_hexid_pipe_subjectid
h6000_q-000674_r+001039,OCEAN,False,0.148296,2.426974,2.42113,0.005844,hsub_european_mainland,lfr_3399c3488a3937,0.0,0.0,2.42113,0.0,OUTSIDE,INSIDE_UNCERTAINTY_BAND,NONE,MIXED_WITH_OTHER_COMPONENT,UNRESOLVED,,INSIDE_THE_MEASURED_UNCERTAINTY_BAND,lfr_3399c3488a3937,h6000_q-000674_r+001039,2.42113,0.9975920632029844,90ac6ccc3ab9a23759392be4ec73fa6d4d4e88800c0ba2a1a097ca9f3472cc4d,"canonical hex polygon INTERSECT canonical OSM land component, unioned inside the hex (overlap-safe)",v1_sha1_hexid_pipe_subjectid
h6000_q-000675_r+001016,OCEAN,False,0.448408,7.524293,7.524293,0.0,hsub_european_mainland,lfr_2e2d03f8b9b7d2,0.0,0.0,7.524293,0.0,OUTSIDE,INSIDE_UNCERTAINTY_BAND,NONE,SINGLE_COMPONENT,UNRESOLVED,,INSIDE_THE_MEASURED_UNCERTAINTY_BAND,lfr_2e2d03f8b9b7d2,h6000_q-000675_r+001016,7.524293,1.0,b756884abdf947fe03e4aeaff93630c90e9020e9da704081d0b1e7a885004298,"canonical hex polygon INTERSECT canonical OSM land component, unioned inside the hex (overlap-safe)",v1_sha1_hexid_pipe_subjectid
h6000_q-000675_r+001032,OCEAN,False,0.070877,1.169318,1.169318,0.0,hsub_european_mainland,lfr_8d2b6cde6ae0b5,0.0,0.0,1.169318,0.0,OUTSIDE,INSIDE_UNCERTAINTY_BAND,NONE,SINGLE_COMPONENT,UNRESOLVED,,INSIDE_THE_MEASURED_UNCERTAINTY_BAND,lfr_8d2b6cde6ae0b5,h6000_q-000675_r+001032,1.169318,1.0,dbd32a59e2fba8147b1abd8d0224b6a964fc937942c4a299391ae2b200e01ec7,"canonical hex polygon INTERSECT canonical OSM land component, unioned inside the hex (overlap-safe)",v1_sha1_hexid_pipe_subjectid
h6000_q-000675_r+001033,OCEAN,False,0.010956,0.180534,0.180534,0.0,hsub_european_mainland,lfr_ea185e914a4bda,0.0,0.0,0.180534,0.0,OUTSIDE,INSIDE_UNCERTAINTY_BAND,NONE,SINGLE_COMPONENT,UNRESOLVED,,INSIDE_THE_MEASURED_UNCERTAINTY_BAND,lfr_ea185e914a4bda,h6000_q-000675_r+001033,0.180534,1.0,1ec371858e0f4b98d7d681c35e18e80c22d4c3e9f84558c9f6162eb3e4e8c635,"canonical hex polygon INTERSECT canonical OSM land component, unioned inside the hex (overlap-safe)",v1_sha1_hexid_pipe_subjectid
h6000_q-000676_r+001015,OCEAN,False,0.451693,7.587926,7.581868,0.006058,hsub_european_mainland,lfr_6a0457d26c97e7,0.0,0.0,7.581868,0.0,OUTSIDE,INSIDE_UNCERTAINTY_BAND,NONE,MIXED_WITH_OTHER_COMPONENT,UNRESOLVED,,INSIDE_THE_MEASURED_UNCERTAINTY_BAND,lfr_6a0457d26c97e7,h6000_q-000676_r+001015,7.581868,0.9992016263732671,7bab8778620ad69edee6ec351df58b2e24fa05564487558191b58c262f569721,"canonical hex polygon INTERSECT canonical OSM land component, unioned inside the hex (overlap-safe)",v1_sha1_hexid_pipe_subjectid
h6000_q-000676_r+001032,OCEAN,False,0.077704,1.281837,1.279419,0.002418,hsub_european_mainland,lfr_25ee68cfecd971,0.0,0.0,1.279419,0.0,OUTSIDE,INSIDE_UNCERTAINTY_BAND,NONE,MIXED_WITH_OTHER_COMPONENT,UNRESOLVED,,INSIDE_THE_MEASURED_UNCERTAINTY_BAND,lfr_25ee68cfecd971,h6000_q-000676_r+001032,1.279419,0.9981136447145778,d684f06d3a9e3dc1489d0a0d892c9a0cb21c07d99cdd3f72d6d21bd88e0a7015,"canonical hex polygon INTERSECT canonical OSM land component, unioned inside the hex (overlap-safe)",v1_sha1_hexid_pipe_subjectid
h6000_q-000677_r+001015,OCEAN,False,0.029115,0.489063,0.489063,0.0,hsub_european_mainland,lfr_906b8f33a8127c,0.0,0.0,0.489063,0.0,OUTSIDE,INSIDE_UNCERTAINTY_BAND,NONE,SINGLE_COMPONENT,UNRESOLVED,,INSIDE_THE_MEASURED_UNCERTAINTY_BAND,lfr_906b8f33a8127c,h6000_q-000677_r+001015,0.489063,1.0,c5e385a3d32e08c7a434a2954a0d15eef890276694ac9f5dfb87dc61d6656fda,"canonical hex polygon INTERSECT canonical OSM land component, unioned inside the hex (overlap-safe)",v1_sha1_hexid_pipe_subjectid
h6000_q-000678_r+001016,OCEAN,False,0.032553,0.546169,0.546169,0.0,hsub_european_mainland,lfr_33d9ad8b281c96,0.0,0.0,0.546169,0.0,OUTSIDE,INSIDE_UNCERTAINTY_BAND,NONE,SINGLE_COMPONENT,UNRESOLVED,,INSIDE_THE_MEASURED_UNCERTAINTY_BAND,lfr_33d9ad8b281c96,h6000_q-000678_r+001016,0.546169,1.0,d7a56bbc75a0949299f91dfbeee96dd79f23fc09d4617f3dbe07e0d390eded57,"canonical hex polygon INTERSECT canonical OSM land component, unioned inside the hex (overlap-safe)",v1_sha1_hexid_pipe_subjectid
h6000_q-000678_r+001017,OCEAN,False,0.112886,1.893309,1.874927,0.018382,hsub_european_mainland,lfr_dfe28bf68325fa,0.0,0.0,1.874927,0.0,OUTSIDE,INSIDE_UNCERTAINTY_BAND,NONE,MIXED_WITH_OTHER_COMPONENT,UNRESOLVED,,INSIDE_THE_MEASURED_UNCERTAINTY_BAND,lfr_dfe28bf68325fa,h6000_q-000678_r+001017,1.874927,0.9902910724028672,7b84d00cd68808b371ca7477ef6418a45d3133e1e6581d07f556edc4108598be,"canonical hex polygon INTERSECT canonical OSM land component, unioned inside the hex (overlap-safe)",v1_sha1_hexid_pipe_subjectid
h6000_q-000679_r+001018,OCEAN,False,0.064524,1.080334,1.057517,0.022817,hsub_european_mainland,lfr_4f0aa0c27d8495,0.0,0.0,1.057517,0.0,OUTSIDE,INSIDE_UNCERTAINTY_BAND,NONE,MIXED_WITH_OTHER_COMPONENT,UNRESOLVED,,INSIDE_THE_MEASURED_UNCERTAINTY_BAND,lfr_4f0aa0c27d8495,h6000_q-000679_r+001018,1.057517,0.9788796798027278,23805c494a84287309060de87dfa8a9d6e0975242695cf4afddd53c829e29721,"canonical hex polygon INTERSECT canonical OSM land component, unioned inside the hex (overlap-safe)",v1_sha1_hexid_pipe_subjectid
h6000_q-000681_r+001019,OCEAN,False,0.061917,1.035589,1.035589,0.0,hsub_european_mainland,lfr_e44ba547d29c4e,0.0,0.0,0.192717,0.0,OUTSIDE,INSIDE_UNCERTAINTY_BAND,NONE,SINGLE_COMPONENT,UNRESOLVED,,INSIDE_THE_MEASURED_UNCERTAINTY_BAND,lfr_e44ba547d29c4e,h6000_q-000681_r+001019,1.035589,1.0,fee0f89e5ce860f1cec2b38e1061b0e8eb2705a47fd2de225b499de4eceb6925,"canonical hex polygon INTERSECT canonical OSM land component, unioned inside the hex (overlap-safe)",v1_sha1_hexid_pipe_subjectid
h6000_q-000681_r+001020,OCEAN,False,0.314824,5.259512,5.259512,0.0,hsub_european_mainland,lfr_66af0974446949,0.0,0.0,5.259512,0.0,OUTSIDE,INSIDE_UNCERTAINTY_BAND,NONE,SINGLE_COMPONENT,UNRESOLVED,,INSIDE_THE_MEASURED_UNCERTAINTY_BAND,lfr_66af0974446949,h6000_q-000681_r+001020,5.259512,1.0,a2e74c86a75a0651499d268703fb91ea4c3b42b3b488e1bd722dcdb4941fe2f6,"canonical hex polygon INTERSECT canonical OSM land component, unioned inside the hex (overlap-safe)",v1_sha1_hexid_pipe_subjectid
h6000_q-000681_r+001029,OCEAN,False,0.387917,6.419696,6.411316,0.00838,hsub_european_mainland,lfr_3355a5afb7b639,0.0,0.0,6.411316,0.0,OUTSIDE,INSIDE_UNCERTAINTY_BAND,NONE,MIXED_WITH_OTHER_COMPONENT,UNRESOLVED,,INSIDE_THE_MEASURED_UNCERTAINTY_BAND,lfr_3355a5afb7b639,h6000_q-000681_r+001029,6.411316,0.998694642238511,7072f5b93a5701d230ccade8ea7bd7c232e059fc8e8aacffa06cc5cea8714c0f,"canonical hex polygon INTERSECT canonical OSM land component, unioned inside the hex (overlap-safe)",v1_sha1_hexid_pipe_subjectid
h6000_q-000682_r+001028,OCEAN,False,0.386445,6.402198,6.386802,0.015397,hsub_european_mainland,lfr_551efb45de16b7,0.0,0.0,6.386802,0.0,OUTSIDE,INSIDE_UNCERTAINTY_BAND,NONE,MIXED_WITH_OTHER_COMPONENT,UNRESOLVED,,INSIDE_THE_MEASURED_UNCERTAINTY_BAND,lfr_551efb45de16b7,h6000_q-000682_r+001028,6.386802,0.9975952008981915,276895b319377dcb8d69694c19f6acfb2c3f5606dbd63765ee8fc859fcd131b0,"canonical hex polygon INTERSECT canonical OSM land component, unioned inside the hex (overlap-safe)",v1_sha1_hexid_pipe_subjectid
h6000_q-000682_r+001029,OCEAN,False,0.193297,3.19895,3.177597,0.021352,hsub_european_mainland,lfr_b0c65415bf0577,0.0,0.0,3.176998,0.0,OUTSIDE,INSIDE_UNCERTAINTY_BAND,NONE,MIXED_WITH_OTHER_COMPONENT,UNRESOLVED,,INSIDE_THE_MEASURED_UNCERTAINTY_BAND,lfr_b0c65415bf0577,h6000_q-000682_r+001029,3.177597,0.9933249972647274,e957f3180bbb6e14fc1368b910fc10860f3c8b678dc64c698d326d12207b28b9,"canonical hex polygon INTERSECT canonical OSM land component, unioned inside the hex (overlap-safe)",v1_sha1_hexid_pipe_subjectid
h6000_q-000683_r+001021,OCEAN,False,0.132678,2.215004,2.210143,0.004861,hsub_european_mainland,lfr_35164ee115a577,0.0,0.0,1.328678,0.0,OUTSIDE,INSIDE_UNCERTAINTY_BAND,NONE,MIXED_WITH_OTHER_COMPONENT,UNRESOLVED,,INSIDE_THE_MEASURED_UNCERTAINTY_BAND,lfr_35164ee115a577,h6000_q-000683_r+001021,2.210143,0.9978054215703448,0e7c09ca8df9fd050e6a4e895ce0d5d83744177d21fe6cb4ceda9509501128f9,"canonical hex polygon INTERSECT canonical OSM land component, unioned inside the hex (overlap-safe)",v1_sha1_hexid_pipe_subjectid
h6000_q-000683_r+001022,OCEAN,False,0.285583,4.76151,4.750654,0.010856,hsub_european_mainland,lfr_c3f46ca42eb28c,0.0,0.0,4.750654,0.0,OUTSIDE,INSIDE_UNCERTAINTY_BAND,NONE,MIXED_WITH_OTHER_COMPONENT,UNRESOLVED,,INSIDE_THE_MEASURED_UNCERTAINTY_BAND,lfr_c3f46ca42eb28c,h6000_q-000683_r+001022,4.750654,0.9977200509922272,aaced15778db58fc2e5106c877c54fff48b9202fa6152bc86224f8d12a8ba7fc,"canonical hex polygon INTERSECT canonical OSM land component, unioned inside the hex (overlap-safe)",v1_sha1_hexid_pipe_subjectid
h6000_q-000683_r+001028,OCEAN,False,0.383169,6.348139,6.2939,0.054239,hsub_european_mainland,lfr_d673ac915182a2,0.0,0.0,6.2939,0.0,OUTSIDE,INSIDE_UNCERTAINTY_BAND,NONE,MIXED_WITH_OTHER_COMPONENT,UNRESOLVED,,INSIDE_THE_MEASURED_UNCERTAINTY_BAND,lfr_d673ac915182a2,h6000_q-000683_r+001028,6.2939,0.9914559211762691,f4639334ad68d0a85e6ed94e57cb6350803bc887ca2d7957f1d97de094434abd,"canonical hex polygon INTERSECT canonical OSM land component, unioned inside the hex (overlap-safe)",v1_sha1_hexid_pipe_subjectid
h6000_q-000684_r+001023,OCEAN,False,0.177383,2.954069,2.953888,0.000181,hsub_european_mainland,lfr_f732ff587a81c4,0.0,0.0,2.953888,0.0,OUTSIDE,INSIDE_UNCERTAINTY_BAND,NONE,MIXED_WITH_OTHER_COMPONENT,UNRESOLVED,,INSIDE_THE_MEASURED_UNCERTAINTY_BAND,lfr_f732ff587a81c4,h6000_q-000684_r+001023,2.953888,0.9999387285808151,b1c5e7448c0463f3aac70596f07183d730496a838b084aacdd43a633006bd701,"canonical hex polygon INTERSECT canonical OSM land component, unioned inside the hex (overlap-safe)",v1_sha1_hexid_pipe_subjectid
h6000_q-000684_r+001024,OCEAN,False,0.382817,6.329993,6.326589,0.003404,hsub_european_mainland,lfr_26254df055190f,0.0,0.0,6.326589,0.0,OUTSIDE,INSIDE_UNCERTAINTY_BAND,NONE,MIXED_WITH_OTHER_COMPONENT,UNRESOLVED,,INSIDE_THE_MEASURED_UNCERTAINTY_BAND,lfr_26254df055190f,h6000_q-000684_r+001024,6.326589,0.9994622426912637,c54aa3f1fa6dd48b829540390d9e76e4d56104c975b2e6c43c512b926b1def33,"canonical hex polygon INTERSECT canonical OSM land component, unioned inside the hex (overlap-safe)",v1_sha1_hexid_pipe_subjectid
h6000_q-000684_r+001025,OCEAN,False,0.342814,5.698281,5.683258,0.015023,hsub_european_mainland,lfr_7694fde071653f,0.0,0.0,5.683258,0.0,OUTSIDE,INSIDE_UNCERTAINTY_BAND,NONE,MIXED_WITH_OTHER_COMPONENT,UNRESOLVED,,INSIDE_THE_MEASURED_UNCERTAINTY_BAND,lfr_7694fde071653f,h6000_q-000684_r+001025,5.683258,0.9973635908794249,4ee6b8ec56b84fa403622e59d4268fbd88b2077d604c173069ef508ad8b62b0d,"canonical hex polygon INTERSECT canonical OSM land component, unioned inside the hex (overlap-safe)",v1_sha1_hexid_pipe_subjectid
h6000_q-000684_r+001026,OCEAN,False,0.136932,2.272878,2.269409,0.003469,hsub_european_mainland,lfr_4fb29f6f02ee70,0.0,0.0,2.269409,0.0,OUTSIDE,INSIDE_UNCERTAINTY_BAND,NONE,MIXED_WITH_OTHER_COMPONENT,UNRESOLVED,,INSIDE_THE_MEASURED_UNCERTAINTY_BAND,lfr_4fb29f6f02ee70,h6000_q-000684_r+001026,2.269409,0.9984737412214822,29df3ddd59477797a75e7ada79005d8cbeee2a2eb59814988ea38c62558c10f3,"canonical hex polygon INTERSECT canonical OSM land component, unioned inside the hex (overlap-safe)",v1_sha1_hexid_pipe_subjectid
h6000_q-000684_r+001028,OCEAN,False,0.251289,4.163523,4.133549,0.029975,hsub_european_mainland,lfr_dba8711ad931ee,0.0,0.0,4.133549,0.0,OUTSIDE,INSIDE_UNCERTAINTY_BAND,NONE,MIXED_WITH_OTHER_COMPONENT,UNRESOLVED,,INSIDE_THE_MEASURED_UNCERTAINTY_BAND,lfr_dba8711ad931ee,h6000_q-000684_r+001028,4.133549,0.9928008083538871,3ab90f35102d7bae40170a64de3baa04f09bc70ef136d214aff804f02af26903,"canonical hex polygon INTERSECT canonical OSM land component, unioned inside the hex (overlap-safe)",v1_sha1_hexid_pipe_subjectid
h6000_q-000685_r+001024,OCEAN,False,0.008134,0.135349,0.107729,0.02762,hsub_european_mainland,lfr_6c6673eb2236eb,0.0,0.0,0.107729,0.0,OUTSIDE,INSIDE_UNCERTAINTY_BAND,NONE,MIXED_WITH_OTHER_COMPONENT,UNRESOLVED,,INSIDE_THE_MEASURED_UNCERTAINTY_BAND,lfr_6c6673eb2236eb,h6000_q-000685_r+001024,0.107729,0.7959349533428397,495100b72f873b7fd756103534a25e78560f45cff52953372cb3da11927a98a6,"canonical hex polygon INTERSECT canonical OSM land component, unioned inside the hex (overlap-safe)",v1_sha1_hexid_pipe_subjectid
