scenario_id,territorial_target_type,territorial_target_id,scenario_source_id,global_source_ids,historical_evidence_ids,boundary_feature_ids,historical_subject_ids,bundle_confidence,promotion_id,source_stage,notes,candidate_controller_polity_ids
seven_years_war_1756_08_01,TERRESTRIAL_HEX,h6000_q-000399_r+001253,src_9d6f03b5c85f,hsrc_34735c52ef0d,hev_63418cd6ce49|hev_886d8a602567,hbf_9982d6cab487,hsub_meissen_electoral_saxony_core,MEDIUM,promo_004cd3264a32,MAPGEN-012,promoted from a reviewed staged candidate,
seven_years_war_1756_08_01,TERRESTRIAL_HEX,h6000_q-000400_r+001254,src_9d6f03b5c85f,hsrc_34735c52ef0d,hev_63418cd6ce49|hev_886d8a602567,hbf_9982d6cab487,hsub_meissen_electoral_saxony_core,MEDIUM,promo_004cd3264a32,MAPGEN-012,promoted from a reviewed staged candidate,
seven_years_war_1756_08_01,TERRESTRIAL_HEX,h6000_q-000399_r+001254,src_9d6f03b5c85f,hsrc_34735c52ef0d,hev_63418cd6ce49|hev_886d8a602567,hbf_9982d6cab487,hsub_meissen_electoral_saxony_core,MEDIUM,promo_004cd3264a32,MAPGEN-012,promoted from a reviewed staged candidate,
seven_years_war_1756_08_01,TERRESTRIAL_HEX,h6000_q-000398_r+001254,src_9d6f03b5c85f,hsrc_34735c52ef0d,hev_63418cd6ce49|hev_886d8a602567,hbf_9982d6cab487,hsub_meissen_electoral_saxony_core,MEDIUM,promo_004cd3264a32,MAPGEN-012,promoted from a reviewed staged candidate,
seven_years_war_1756_08_01,TERRESTRIAL_HEX,h6000_q-000401_r+001255,src_9d6f03b5c85f,hsrc_34735c52ef0d,hev_63418cd6ce49|hev_886d8a602567,hbf_9982d6cab487,hsub_meissen_electoral_saxony_core,MEDIUM,promo_004cd3264a32,MAPGEN-012,promoted from a reviewed staged candidate,
seven_years_war_1756_08_01,TERRESTRIAL_HEX,h6000_q-000400_r+001255,src_9d6f03b5c85f,hsrc_34735c52ef0d,hev_63418cd6ce49|hev_886d8a602567,hbf_9982d6cab487,hsub_meissen_electoral_saxony_core,MEDIUM,promo_004cd3264a32,MAPGEN-012,promoted from a reviewed staged candidate,
seven_years_war_1756_08_01,TERRESTRIAL_HEX,h6000_q-000399_r+001255,src_9d6f03b5c85f,hsrc_34735c52ef0d,hev_63418cd6ce49|hev_886d8a602567,hbf_9982d6cab487,hsub_meissen_electoral_saxony_core,MEDIUM,promo_004cd3264a32,MAPGEN-012,promoted from a reviewed staged candidate,
seven_years_war_1756_08_01,TERRESTRIAL_HEX,h6000_q-000398_r+001255,src_9d6f03b5c85f,hsrc_34735c52ef0d,hev_63418cd6ce49|hev_886d8a602567,hbf_9982d6cab487,hsub_meissen_electoral_saxony_core,MEDIUM,promo_004cd3264a32,MAPGEN-012,promoted from a reviewed staged candidate,
seven_years_war_1756_08_01,TERRESTRIAL_HEX,h6000_q-000397_r+001255,src_9d6f03b5c85f,hsrc_34735c52ef0d,hev_63418cd6ce49|hev_886d8a602567,hbf_9982d6cab487,hsub_meissen_electoral_saxony_core,MEDIUM,promo_004cd3264a32,MAPGEN-012,promoted from a reviewed staged candidate,
seven_years_war_1756_08_01,TERRESTRIAL_HEX,h6000_q-000408_r+001256,src_9d6f03b5c85f,hsrc_34735c52ef0d,hev_63418cd6ce49|hev_886d8a602567,hbf_9982d6cab487,hsub_meissen_electoral_saxony_core,MEDIUM,promo_004cd3264a32,MAPGEN-012,promoted from a reviewed staged candidate,
seven_years_war_1756_08_01,TERRESTRIAL_HEX,h6000_q-000407_r+001256,src_9d6f03b5c85f,hsrc_34735c52ef0d,hev_63418cd6ce49|hev_886d8a602567,hbf_9982d6cab487,hsub_meissen_electoral_saxony_core,MEDIUM,promo_004cd3264a32,MAPGEN-012,promoted from a reviewed staged candidate,
seven_years_war_1756_08_01,TERRESTRIAL_HEX,h6000_q-000406_r+001256,src_9d6f03b5c85f,hsrc_34735c52ef0d,hev_63418cd6ce49|hev_886d8a602567,hbf_9982d6cab487,hsub_meissen_electoral_saxony_core,MEDIUM,promo_004cd3264a32,MAPGEN-012,promoted from a reviewed staged candidate,
seven_years_war_1756_08_01,TERRESTRIAL_HEX,h6000_q-000405_r+001256,src_9d6f03b5c85f,hsrc_34735c52ef0d,hev_63418cd6ce49|hev_886d8a602567,hbf_9982d6cab487,hsub_meissen_electoral_saxony_core,MEDIUM,promo_004cd3264a32,MAPGEN-012,promoted from a reviewed staged candidate,
seven_years_war_1756_08_01,TERRESTRIAL_HEX,h6000_q-000404_r+001256,src_9d6f03b5c85f,hsrc_34735c52ef0d,hev_63418cd6ce49|hev_886d8a602567,hbf_9982d6cab487,hsub_meissen_electoral_saxony_core,MEDIUM,promo_004cd3264a32,MAPGEN-012,promoted from a reviewed staged candidate,
seven_years_war_1756_08_01,TERRESTRIAL_HEX,h6000_q-000403_r+001256,src_9d6f03b5c85f,hsrc_34735c52ef0d,hev_63418cd6ce49|hev_886d8a602567,hbf_9982d6cab487,hsub_meissen_electoral_saxony_core,MEDIUM,promo_004cd3264a32,MAPGEN-012,promoted from a reviewed staged candidate,
seven_years_war_1756_08_01,TERRESTRIAL_HEX,h6000_q-000402_r+001256,src_9d6f03b5c85f,hsrc_34735c52ef0d,hev_63418cd6ce49|hev_886d8a602567,hbf_9982d6cab487,hsub_meissen_electoral_saxony_core,MEDIUM,promo_004cd3264a32,MAPGEN-012,promoted from a reviewed staged candidate,
seven_years_war_1756_08_01,TERRESTRIAL_HEX,h6000_q-000401_r+001256,src_9d6f03b5c85f,hsrc_34735c52ef0d,hev_63418cd6ce49|hev_886d8a602567,hbf_9982d6cab487,hsub_meissen_electoral_saxony_core,MEDIUM,promo_004cd3264a32,MAPGEN-012,promoted from a reviewed staged candidate,
seven_years_war_1756_08_01,TERRESTRIAL_HEX,h6000_q-000400_r+001256,src_9d6f03b5c85f,hsrc_34735c52ef0d,hev_63418cd6ce49|hev_886d8a602567,hbf_9982d6cab487,hsub_meissen_electoral_saxony_core,MEDIUM,promo_004cd3264a32,MAPGEN-012,promoted from a reviewed staged candidate,
seven_years_war_1756_08_01,TERRESTRIAL_HEX,h6000_q-000399_r+001256,src_9d6f03b5c85f,hsrc_34735c52ef0d,hev_63418cd6ce49|hev_886d8a602567,hbf_9982d6cab487,hsub_meissen_electoral_saxony_core,MEDIUM,promo_004cd3264a32,MAPGEN-012,promoted from a reviewed staged candidate,
seven_years_war_1756_08_01,TERRESTRIAL_HEX,h6000_q-000398_r+001256,src_9d6f03b5c85f,hsrc_34735c52ef0d,hev_63418cd6ce49|hev_886d8a602567,hbf_9982d6cab487,hsub_meissen_electoral_saxony_core,MEDIUM,promo_004cd3264a32,MAPGEN-012,promoted from a reviewed staged candidate,
seven_years_war_1756_08_01,TERRESTRIAL_HEX,h6000_q-000397_r+001256,src_9d6f03b5c85f,hsrc_34735c52ef0d,hev_63418cd6ce49|hev_886d8a602567,hbf_9982d6cab487,hsub_meissen_electoral_saxony_core,MEDIUM,promo_004cd3264a32,MAPGEN-012,promoted from a reviewed staged candidate,
seven_years_war_1756_08_01,TERRESTRIAL_HEX,h6000_q-000396_r+001256,src_9d6f03b5c85f,hsrc_34735c52ef0d,hev_63418cd6ce49|hev_886d8a602567,hbf_9982d6cab487,hsub_meissen_electoral_saxony_core,MEDIUM,promo_004cd3264a32,MAPGEN-012,promoted from a reviewed staged candidate,
seven_years_war_1756_08_01,TERRESTRIAL_HEX,h6000_q-000409_r+001257,src_9d6f03b5c85f,hsrc_34735c52ef0d,hev_63418cd6ce49|hev_886d8a602567,hbf_9982d6cab487,hsub_meissen_electoral_saxony_core,MEDIUM,promo_004cd3264a32,MAPGEN-012,promoted from a reviewed staged candidate,
seven_years_war_1756_08_01,TERRESTRIAL_HEX,h6000_q-000408_r+001257,src_9d6f03b5c85f,hsrc_34735c52ef0d,hev_63418cd6ce49|hev_886d8a602567,hbf_9982d6cab487,hsub_meissen_electoral_saxony_core,MEDIUM,promo_004cd3264a32,MAPGEN-012,promoted from a reviewed staged candidate,
seven_years_war_1756_08_01,TERRESTRIAL_HEX,h6000_q-000407_r+001257,src_9d6f03b5c85f,hsrc_34735c52ef0d,hev_63418cd6ce49|hev_886d8a602567,hbf_9982d6cab487,hsub_meissen_electoral_saxony_core,MEDIUM,promo_004cd3264a32,MAPGEN-012,promoted from a reviewed staged candidate,
seven_years_war_1756_08_01,TERRESTRIAL_HEX,h6000_q-000406_r+001257,src_9d6f03b5c85f,hsrc_34735c52ef0d,hev_63418cd6ce49|hev_886d8a602567,hbf_9982d6cab487,hsub_meissen_electoral_saxony_core,MEDIUM,promo_004cd3264a32,MAPGEN-012,promoted from a reviewed staged candidate,
seven_years_war_1756_08_01,TERRESTRIAL_HEX,h6000_q-000405_r+001257,src_9d6f03b5c85f,hsrc_34735c52ef0d,hev_63418cd6ce49|hev_886d8a602567,hbf_9982d6cab487,hsub_meissen_electoral_saxony_core,MEDIUM,promo_004cd3264a32,MAPGEN-012,promoted from a reviewed staged candidate,
seven_years_war_1756_08_01,TERRESTRIAL_HEX,h6000_q-000404_r+001257,src_9d6f03b5c85f,hsrc_34735c52ef0d,hev_63418cd6ce49|hev_886d8a602567,hbf_9982d6cab487,hsub_meissen_electoral_saxony_core,MEDIUM,promo_004cd3264a32,MAPGEN-012,promoted from a reviewed staged candidate,
seven_years_war_1756_08_01,TERRESTRIAL_HEX,h6000_q-000403_r+001257,src_9d6f03b5c85f,hsrc_34735c52ef0d,hev_63418cd6ce49|hev_886d8a602567,hbf_9982d6cab487,hsub_meissen_electoral_saxony_core,MEDIUM,promo_004cd3264a32,MAPGEN-012,promoted from a reviewed staged candidate,
seven_years_war_1756_08_01,TERRESTRIAL_HEX,h6000_q-000402_r+001257,src_9d6f03b5c85f,hsrc_34735c52ef0d,hev_63418cd6ce49|hev_886d8a602567,hbf_9982d6cab487,hsub_meissen_electoral_saxony_core,MEDIUM,promo_004cd3264a32,MAPGEN-012,promoted from a reviewed staged candidate,
seven_years_war_1756_08_01,TERRESTRIAL_HEX,h6000_q-000401_r+001257,src_9d6f03b5c85f,hsrc_34735c52ef0d,hev_63418cd6ce49|hev_886d8a602567,hbf_9982d6cab487,hsub_meissen_electoral_saxony_core,MEDIUM,promo_004cd3264a32,MAPGEN-012,promoted from a reviewed staged candidate,
seven_years_war_1756_08_01,TERRESTRIAL_HEX,h6000_q-000400_r+001257,src_9d6f03b5c85f,hsrc_34735c52ef0d,hev_63418cd6ce49|hev_886d8a602567,hbf_9982d6cab487,hsub_meissen_electoral_saxony_core,MEDIUM,promo_004cd3264a32,MAPGEN-012,promoted from a reviewed staged candidate,
seven_years_war_1756_08_01,TERRESTRIAL_HEX,h6000_q-000399_r+001257,src_9d6f03b5c85f,hsrc_34735c52ef0d,hev_63418cd6ce49|hev_886d8a602567,hbf_9982d6cab487,hsub_meissen_electoral_saxony_core,MEDIUM,promo_004cd3264a32,MAPGEN-012,promoted from a reviewed staged candidate,
seven_years_war_1756_08_01,TERRESTRIAL_HEX,h6000_q-000398_r+001257,src_9d6f03b5c85f,hsrc_34735c52ef0d,hev_63418cd6ce49|hev_886d8a602567,hbf_9982d6cab487,hsub_meissen_electoral_saxony_core,MEDIUM,promo_004cd3264a32,MAPGEN-012,promoted from a reviewed staged candidate,
seven_years_war_1756_08_01,TERRESTRIAL_HEX,h6000_q-000397_r+001257,src_9d6f03b5c85f,hsrc_34735c52ef0d,hev_63418cd6ce49|hev_886d8a602567,hbf_9982d6cab487,hsub_meissen_electoral_saxony_core,MEDIUM,promo_004cd3264a32,MAPGEN-012,promoted from a reviewed staged candidate,
seven_years_war_1756_08_01,TERRESTRIAL_HEX,h6000_q-000396_r+001257,src_9d6f03b5c85f,hsrc_34735c52ef0d,hev_63418cd6ce49|hev_886d8a602567,hbf_9982d6cab487,hsub_meissen_electoral_saxony_core,MEDIUM,promo_004cd3264a32,MAPGEN-012,promoted from a reviewed staged candidate,
seven_years_war_1756_08_01,TERRESTRIAL_HEX,h6000_q-000395_r+001257,src_9d6f03b5c85f,hsrc_34735c52ef0d,hev_63418cd6ce49|hev_886d8a602567,hbf_9982d6cab487,hsub_meissen_electoral_saxony_core,MEDIUM,promo_004cd3264a32,MAPGEN-012,promoted from a reviewed staged candidate,
seven_years_war_1756_08_01,TERRESTRIAL_HEX,h6000_q-000394_r+001257,src_9d6f03b5c85f,hsrc_34735c52ef0d,hev_63418cd6ce49|hev_886d8a602567,hbf_9982d6cab487,hsub_meissen_electoral_saxony_core,MEDIUM,promo_004cd3264a32,MAPGEN-012,promoted from a reviewed staged candidate,
seven_years_war_1756_08_01,TERRESTRIAL_HEX,h6000_q-000393_r+001257,src_9d6f03b5c85f,hsrc_34735c52ef0d,hev_63418cd6ce49|hev_886d8a602567,hbf_9982d6cab487,hsub_meissen_electoral_saxony_core,MEDIUM,promo_004cd3264a32,MAPGEN-012,promoted from a reviewed staged candidate,
seven_years_war_1756_08_01,TERRESTRIAL_HEX,h6000_q-000392_r+001257,src_9d6f03b5c85f,hsrc_34735c52ef0d,hev_63418cd6ce49|hev_886d8a602567,hbf_9982d6cab487,hsub_meissen_electoral_saxony_core,MEDIUM,promo_004cd3264a32,MAPGEN-012,promoted from a reviewed staged candidate,
seven_years_war_1756_08_01,TERRESTRIAL_HEX,h6000_q-000410_r+001258,src_9d6f03b5c85f,hsrc_34735c52ef0d,hev_63418cd6ce49|hev_886d8a602567,hbf_9982d6cab487,hsub_meissen_electoral_saxony_core,MEDIUM,promo_004cd3264a32,MAPGEN-012,promoted from a reviewed staged candidate,
seven_years_war_1756_08_01,TERRESTRIAL_HEX,h6000_q-000409_r+001258,src_9d6f03b5c85f,hsrc_34735c52ef0d,hev_63418cd6ce49|hev_886d8a602567,hbf_9982d6cab487,hsub_meissen_electoral_saxony_core,MEDIUM,promo_004cd3264a32,MAPGEN-012,promoted from a reviewed staged candidate,
seven_years_war_1756_08_01,TERRESTRIAL_HEX,h6000_q-000408_r+001258,src_9d6f03b5c85f,hsrc_34735c52ef0d,hev_63418cd6ce49|hev_886d8a602567,hbf_9982d6cab487,hsub_meissen_electoral_saxony_core,MEDIUM,promo_004cd3264a32,MAPGEN-012,promoted from a reviewed staged candidate,
seven_years_war_1756_08_01,TERRESTRIAL_HEX,h6000_q-000407_r+001258,src_9d6f03b5c85f,hsrc_34735c52ef0d,hev_63418cd6ce49|hev_886d8a602567,hbf_9982d6cab487,hsub_meissen_electoral_saxony_core,MEDIUM,promo_004cd3264a32,MAPGEN-012,promoted from a reviewed staged candidate,
seven_years_war_1756_08_01,TERRESTRIAL_HEX,h6000_q-000406_r+001258,src_9d6f03b5c85f,hsrc_34735c52ef0d,hev_63418cd6ce49|hev_886d8a602567,hbf_9982d6cab487,hsub_meissen_electoral_saxony_core,MEDIUM,promo_004cd3264a32,MAPGEN-012,promoted from a reviewed staged candidate,
seven_years_war_1756_08_01,TERRESTRIAL_HEX,h6000_q-000405_r+001258,src_9d6f03b5c85f,hsrc_34735c52ef0d,hev_63418cd6ce49|hev_886d8a602567,hbf_9982d6cab487,hsub_meissen_electoral_saxony_core,MEDIUM,promo_004cd3264a32,MAPGEN-012,promoted from a reviewed staged candidate,
seven_years_war_1756_08_01,TERRESTRIAL_HEX,h6000_q-000404_r+001258,src_9d6f03b5c85f,hsrc_34735c52ef0d,hev_63418cd6ce49|hev_886d8a602567,hbf_9982d6cab487,hsub_meissen_electoral_saxony_core,MEDIUM,promo_004cd3264a32,MAPGEN-012,promoted from a reviewed staged candidate,
seven_years_war_1756_08_01,TERRESTRIAL_HEX,h6000_q-000403_r+001258,src_9d6f03b5c85f,hsrc_34735c52ef0d,hev_63418cd6ce49|hev_886d8a602567,hbf_9982d6cab487,hsub_meissen_electoral_saxony_core,MEDIUM,promo_004cd3264a32,MAPGEN-012,promoted from a reviewed staged candidate,
seven_years_war_1756_08_01,TERRESTRIAL_HEX,h6000_q-000402_r+001258,src_9d6f03b5c85f,hsrc_34735c52ef0d,hev_63418cd6ce49|hev_886d8a602567,hbf_9982d6cab487,hsub_meissen_electoral_saxony_core,MEDIUM,promo_004cd3264a32,MAPGEN-012,promoted from a reviewed staged candidate,
seven_years_war_1756_08_01,TERRESTRIAL_HEX,h6000_q-000401_r+001258,src_9d6f03b5c85f,hsrc_34735c52ef0d,hev_63418cd6ce49|hev_886d8a602567,hbf_9982d6cab487,hsub_meissen_electoral_saxony_core,MEDIUM,promo_004cd3264a32,MAPGEN-012,promoted from a reviewed staged candidate,
seven_years_war_1756_08_01,TERRESTRIAL_HEX,h6000_q-000400_r+001258,src_9d6f03b5c85f,hsrc_34735c52ef0d,hev_63418cd6ce49|hev_886d8a602567,hbf_9982d6cab487,hsub_meissen_electoral_saxony_core,MEDIUM,promo_004cd3264a32,MAPGEN-012,promoted from a reviewed staged candidate,
seven_years_war_1756_08_01,TERRESTRIAL_HEX,h6000_q-000399_r+001258,src_9d6f03b5c85f,hsrc_34735c52ef0d,hev_63418cd6ce49|hev_886d8a602567,hbf_9982d6cab487,hsub_meissen_electoral_saxony_core,MEDIUM,promo_004cd3264a32,MAPGEN-012,promoted from a reviewed staged candidate,
seven_years_war_1756_08_01,TERRESTRIAL_HEX,h6000_q-000398_r+001258,src_9d6f03b5c85f,hsrc_34735c52ef0d,hev_63418cd6ce49|hev_886d8a602567,hbf_9982d6cab487,hsub_meissen_electoral_saxony_core,MEDIUM,promo_004cd3264a32,MAPGEN-012,promoted from a reviewed staged candidate,
seven_years_war_1756_08_01,TERRESTRIAL_HEX,h6000_q-000397_r+001258,src_9d6f03b5c85f,hsrc_34735c52ef0d,hev_63418cd6ce49|hev_886d8a602567,hbf_9982d6cab487,hsub_meissen_electoral_saxony_core,MEDIUM,promo_004cd3264a32,MAPGEN-012,promoted from a reviewed staged candidate,
seven_years_war_1756_08_01,TERRESTRIAL_HEX,h6000_q-000396_r+001258,src_9d6f03b5c85f,hsrc_34735c52ef0d,hev_63418cd6ce49|hev_886d8a602567,hbf_9982d6cab487,hsub_meissen_electoral_saxony_core,MEDIUM,promo_004cd3264a32,MAPGEN-012,promoted from a reviewed staged candidate,
seven_years_war_1756_08_01,TERRESTRIAL_HEX,h6000_q-000395_r+001258,src_9d6f03b5c85f,hsrc_34735c52ef0d,hev_63418cd6ce49|hev_886d8a602567,hbf_9982d6cab487,hsub_meissen_electoral_saxony_core,MEDIUM,promo_004cd3264a32,MAPGEN-012,promoted from a reviewed staged candidate,
seven_years_war_1756_08_01,TERRESTRIAL_HEX,h6000_q-000394_r+001258,src_9d6f03b5c85f,hsrc_34735c52ef0d,hev_63418cd6ce49|hev_886d8a602567,hbf_9982d6cab487,hsub_meissen_electoral_saxony_core,MEDIUM,promo_004cd3264a32,MAPGEN-012,promoted from a reviewed staged candidate,
seven_years_war_1756_08_01,TERRESTRIAL_HEX,h6000_q-000393_r+001258,src_9d6f03b5c85f,hsrc_34735c52ef0d,hev_63418cd6ce49|hev_886d8a602567,hbf_9982d6cab487,hsub_meissen_electoral_saxony_core,MEDIUM,promo_004cd3264a32,MAPGEN-012,promoted from a reviewed staged candidate,
seven_years_war_1756_08_01,TERRESTRIAL_HEX,h6000_q-000392_r+001258,src_9d6f03b5c85f,hsrc_34735c52ef0d,hev_63418cd6ce49|hev_886d8a602567,hbf_9982d6cab487,hsub_meissen_electoral_saxony_core,MEDIUM,promo_004cd3264a32,MAPGEN-012,promoted from a reviewed staged candidate,
seven_years_war_1756_08_01,TERRESTRIAL_HEX,h6000_q-000391_r+001258,src_9d6f03b5c85f,hsrc_34735c52ef0d,hev_63418cd6ce49|hev_886d8a602567,hbf_9982d6cab487,hsub_meissen_electoral_saxony_core,MEDIUM,promo_004cd3264a32,MAPGEN-012,promoted from a reviewed staged candidate,
seven_years_war_1756_08_01,TERRESTRIAL_HEX,h6000_q-000390_r+001258,src_9d6f03b5c85f,hsrc_34735c52ef0d,hev_63418cd6ce49|hev_886d8a602567,hbf_9982d6cab487,hsub_meissen_electoral_saxony_core,MEDIUM,promo_004cd3264a32,MAPGEN-012,promoted from a reviewed staged candidate,
seven_years_war_1756_08_01,TERRESTRIAL_HEX,h6000_q-000389_r+001258,src_9d6f03b5c85f,hsrc_34735c52ef0d,hev_63418cd6ce49|hev_886d8a602567,hbf_9982d6cab487,hsub_meissen_electoral_saxony_core,MEDIUM,promo_004cd3264a32,MAPGEN-012,promoted from a reviewed staged candidate,
seven_years_war_1756_08_01,TERRESTRIAL_HEX,h6000_q-000411_r+001259,src_9d6f03b5c85f,hsrc_34735c52ef0d,hev_63418cd6ce49|hev_886d8a602567,hbf_9982d6cab487,hsub_meissen_electoral_saxony_core,MEDIUM,promo_004cd3264a32,MAPGEN-012,promoted from a reviewed staged candidate,
seven_years_war_1756_08_01,TERRESTRIAL_HEX,h6000_q-000410_r+001259,src_9d6f03b5c85f,hsrc_34735c52ef0d,hev_63418cd6ce49|hev_886d8a602567,hbf_9982d6cab487,hsub_meissen_electoral_saxony_core,MEDIUM,promo_004cd3264a32,MAPGEN-012,promoted from a reviewed staged candidate,
seven_years_war_1756_08_01,TERRESTRIAL_HEX,h6000_q-000409_r+001259,src_9d6f03b5c85f,hsrc_34735c52ef0d,hev_63418cd6ce49|hev_886d8a602567,hbf_9982d6cab487,hsub_meissen_electoral_saxony_core,MEDIUM,promo_004cd3264a32,MAPGEN-012,promoted from a reviewed staged candidate,
seven_years_war_1756_08_01,TERRESTRIAL_HEX,h6000_q-000408_r+001259,src_9d6f03b5c85f,hsrc_34735c52ef0d,hev_63418cd6ce49|hev_886d8a602567,hbf_9982d6cab487,hsub_meissen_electoral_saxony_core,MEDIUM,promo_004cd3264a32,MAPGEN-012,promoted from a reviewed staged candidate,
seven_years_war_1756_08_01,TERRESTRIAL_HEX,h6000_q-000407_r+001259,src_9d6f03b5c85f,hsrc_34735c52ef0d,hev_63418cd6ce49|hev_886d8a602567,hbf_9982d6cab487,hsub_meissen_electoral_saxony_core,MEDIUM,promo_004cd3264a32,MAPGEN-012,promoted from a reviewed staged candidate,
seven_years_war_1756_08_01,TERRESTRIAL_HEX,h6000_q-000406_r+001259,src_9d6f03b5c85f,hsrc_34735c52ef0d,hev_63418cd6ce49|hev_886d8a602567,hbf_9982d6cab487,hsub_meissen_electoral_saxony_core,MEDIUM,promo_004cd3264a32,MAPGEN-012,promoted from a reviewed staged candidate,
seven_years_war_1756_08_01,TERRESTRIAL_HEX,h6000_q-000405_r+001259,src_9d6f03b5c85f,hsrc_34735c52ef0d,hev_63418cd6ce49|hev_886d8a602567,hbf_9982d6cab487,hsub_meissen_electoral_saxony_core,MEDIUM,promo_004cd3264a32,MAPGEN-012,promoted from a reviewed staged candidate,
seven_years_war_1756_08_01,TERRESTRIAL_HEX,h6000_q-000404_r+001259,src_9d6f03b5c85f,hsrc_34735c52ef0d,hev_63418cd6ce49|hev_886d8a602567,hbf_9982d6cab487,hsub_meissen_electoral_saxony_core,MEDIUM,promo_004cd3264a32,MAPGEN-012,promoted from a reviewed staged candidate,
seven_years_war_1756_08_01,TERRESTRIAL_HEX,h6000_q-000403_r+001259,src_9d6f03b5c85f,hsrc_34735c52ef0d,hev_63418cd6ce49|hev_886d8a602567,hbf_9982d6cab487,hsub_meissen_electoral_saxony_core,MEDIUM,promo_004cd3264a32,MAPGEN-012,promoted from a reviewed staged candidate,
seven_years_war_1756_08_01,TERRESTRIAL_HEX,h6000_q-000402_r+001259,src_9d6f03b5c85f,hsrc_34735c52ef0d,hev_63418cd6ce49|hev_886d8a602567,hbf_9982d6cab487,hsub_meissen_electoral_saxony_core,MEDIUM,promo_004cd3264a32,MAPGEN-012,promoted from a reviewed staged candidate,
seven_years_war_1756_08_01,TERRESTRIAL_HEX,h6000_q-000401_r+001259,src_9d6f03b5c85f,hsrc_34735c52ef0d,hev_63418cd6ce49|hev_886d8a602567,hbf_9982d6cab487,hsub_meissen_electoral_saxony_core,MEDIUM,promo_004cd3264a32,MAPGEN-012,promoted from a reviewed staged candidate,
seven_years_war_1756_08_01,TERRESTRIAL_HEX,h6000_q-000400_r+001259,src_9d6f03b5c85f,hsrc_34735c52ef0d,hev_63418cd6ce49|hev_886d8a602567,hbf_9982d6cab487,hsub_meissen_electoral_saxony_core,MEDIUM,promo_004cd3264a32,MAPGEN-012,promoted from a reviewed staged candidate,
seven_years_war_1756_08_01,TERRESTRIAL_HEX,h6000_q-000399_r+001259,src_9d6f03b5c85f,hsrc_34735c52ef0d,hev_63418cd6ce49|hev_886d8a602567,hbf_9982d6cab487,hsub_meissen_electoral_saxony_core,MEDIUM,promo_004cd3264a32,MAPGEN-012,promoted from a reviewed staged candidate,
seven_years_war_1756_08_01,TERRESTRIAL_HEX,h6000_q-000398_r+001259,src_9d6f03b5c85f,hsrc_34735c52ef0d,hev_63418cd6ce49|hev_886d8a602567,hbf_9982d6cab487,hsub_meissen_electoral_saxony_core,MEDIUM,promo_004cd3264a32,MAPGEN-012,promoted from a reviewed staged candidate,
seven_years_war_1756_08_01,TERRESTRIAL_HEX,h6000_q-000397_r+001259,src_9d6f03b5c85f,hsrc_34735c52ef0d,hev_63418cd6ce49|hev_886d8a602567,hbf_9982d6cab487,hsub_meissen_electoral_saxony_core,MEDIUM,promo_004cd3264a32,MAPGEN-012,promoted from a reviewed staged candidate,
seven_years_war_1756_08_01,TERRESTRIAL_HEX,h6000_q-000396_r+001259,src_9d6f03b5c85f,hsrc_34735c52ef0d,hev_63418cd6ce49|hev_886d8a602567,hbf_9982d6cab487,hsub_meissen_electoral_saxony_core,MEDIUM,promo_004cd3264a32,MAPGEN-012,promoted from a reviewed staged candidate,
seven_years_war_1756_08_01,TERRESTRIAL_HEX,h6000_q-000395_r+001259,src_9d6f03b5c85f,hsrc_34735c52ef0d,hev_63418cd6ce49|hev_886d8a602567,hbf_9982d6cab487,hsub_meissen_electoral_saxony_core,MEDIUM,promo_004cd3264a32,MAPGEN-012,promoted from a reviewed staged candidate,
seven_years_war_1756_08_01,TERRESTRIAL_HEX,h6000_q-000394_r+001259,src_9d6f03b5c85f,hsrc_34735c52ef0d,hev_63418cd6ce49|hev_886d8a602567,hbf_9982d6cab487,hsub_meissen_electoral_saxony_core,MEDIUM,promo_004cd3264a32,MAPGEN-012,promoted from a reviewed staged candidate,
seven_years_war_1756_08_01,TERRESTRIAL_HEX,h6000_q-000393_r+001259,src_9d6f03b5c85f,hsrc_34735c52ef0d,hev_63418cd6ce49|hev_886d8a602567,hbf_9982d6cab487,hsub_meissen_electoral_saxony_core,MEDIUM,promo_004cd3264a32,MAPGEN-012,promoted from a reviewed staged candidate,
seven_years_war_1756_08_01,TERRESTRIAL_HEX,h6000_q-000392_r+001259,src_9d6f03b5c85f,hsrc_34735c52ef0d,hev_63418cd6ce49|hev_886d8a602567,hbf_9982d6cab487,hsub_meissen_electoral_saxony_core,MEDIUM,promo_004cd3264a32,MAPGEN-012,promoted from a reviewed staged candidate,
seven_years_war_1756_08_01,TERRESTRIAL_HEX,h6000_q-000391_r+001259,src_9d6f03b5c85f,hsrc_34735c52ef0d,hev_63418cd6ce49|hev_886d8a602567,hbf_9982d6cab487,hsub_meissen_electoral_saxony_core,MEDIUM,promo_004cd3264a32,MAPGEN-012,promoted from a reviewed staged candidate,
seven_years_war_1756_08_01,TERRESTRIAL_HEX,h6000_q-000390_r+001259,src_9d6f03b5c85f,hsrc_34735c52ef0d,hev_63418cd6ce49|hev_886d8a602567,hbf_9982d6cab487,hsub_meissen_electoral_saxony_core,MEDIUM,promo_004cd3264a32,MAPGEN-012,promoted from a reviewed staged candidate,
seven_years_war_1756_08_01,TERRESTRIAL_HEX,h6000_q-000389_r+001259,src_9d6f03b5c85f,hsrc_34735c52ef0d,hev_63418cd6ce49|hev_886d8a602567,hbf_9982d6cab487,hsub_meissen_electoral_saxony_core,MEDIUM,promo_004cd3264a32,MAPGEN-012,promoted from a reviewed staged candidate,
seven_years_war_1756_08_01,TERRESTRIAL_HEX,h6000_q-000411_r+001260,src_9d6f03b5c85f,hsrc_34735c52ef0d,hev_63418cd6ce49|hev_886d8a602567,hbf_9982d6cab487,hsub_meissen_electoral_saxony_core,MEDIUM,promo_004cd3264a32,MAPGEN-012,promoted from a reviewed staged candidate,
seven_years_war_1756_08_01,TERRESTRIAL_HEX,h6000_q-000410_r+001260,src_9d6f03b5c85f,hsrc_34735c52ef0d,hev_63418cd6ce49|hev_886d8a602567,hbf_9982d6cab487,hsub_meissen_electoral_saxony_core,MEDIUM,promo_004cd3264a32,MAPGEN-012,promoted from a reviewed staged candidate,
seven_years_war_1756_08_01,TERRESTRIAL_HEX,h6000_q-000409_r+001260,src_9d6f03b5c85f,hsrc_34735c52ef0d,hev_63418cd6ce49|hev_886d8a602567,hbf_9982d6cab487,hsub_meissen_electoral_saxony_core,MEDIUM,promo_004cd3264a32,MAPGEN-012,promoted from a reviewed staged candidate,
seven_years_war_1756_08_01,TERRESTRIAL_HEX,h6000_q-000408_r+001260,src_9d6f03b5c85f,hsrc_34735c52ef0d,hev_63418cd6ce49|hev_886d8a602567,hbf_9982d6cab487,hsub_meissen_electoral_saxony_core,MEDIUM,promo_004cd3264a32,MAPGEN-012,promoted from a reviewed staged candidate,
seven_years_war_1756_08_01,TERRESTRIAL_HEX,h6000_q-000407_r+001260,src_9d6f03b5c85f,hsrc_34735c52ef0d,hev_63418cd6ce49|hev_886d8a602567,hbf_9982d6cab487,hsub_meissen_electoral_saxony_core,MEDIUM,promo_004cd3264a32,MAPGEN-012,promoted from a reviewed staged candidate,
seven_years_war_1756_08_01,TERRESTRIAL_HEX,h6000_q-000406_r+001260,src_9d6f03b5c85f,hsrc_34735c52ef0d,hev_63418cd6ce49|hev_886d8a602567,hbf_9982d6cab487,hsub_meissen_electoral_saxony_core,MEDIUM,promo_004cd3264a32,MAPGEN-012,promoted from a reviewed staged candidate,
seven_years_war_1756_08_01,TERRESTRIAL_HEX,h6000_q-000405_r+001260,src_9d6f03b5c85f,hsrc_34735c52ef0d,hev_63418cd6ce49|hev_886d8a602567,hbf_9982d6cab487,hsub_meissen_electoral_saxony_core,MEDIUM,promo_004cd3264a32,MAPGEN-012,promoted from a reviewed staged candidate,
seven_years_war_1756_08_01,TERRESTRIAL_HEX,h6000_q-000404_r+001260,src_9d6f03b5c85f,hsrc_34735c52ef0d,hev_63418cd6ce49|hev_886d8a602567,hbf_9982d6cab487,hsub_meissen_electoral_saxony_core,MEDIUM,promo_004cd3264a32,MAPGEN-012,promoted from a reviewed staged candidate,
seven_years_war_1756_08_01,TERRESTRIAL_HEX,h6000_q-000403_r+001260,src_9d6f03b5c85f,hsrc_34735c52ef0d,hev_63418cd6ce49|hev_886d8a602567,hbf_9982d6cab487,hsub_meissen_electoral_saxony_core,MEDIUM,promo_004cd3264a32,MAPGEN-012,promoted from a reviewed staged candidate,
seven_years_war_1756_08_01,TERRESTRIAL_HEX,h6000_q-000402_r+001260,src_9d6f03b5c85f,hsrc_34735c52ef0d,hev_63418cd6ce49|hev_886d8a602567,hbf_9982d6cab487,hsub_meissen_electoral_saxony_core,MEDIUM,promo_004cd3264a32,MAPGEN-012,promoted from a reviewed staged candidate,
seven_years_war_1756_08_01,TERRESTRIAL_HEX,h6000_q-000401_r+001260,src_9d6f03b5c85f,hsrc_34735c52ef0d,hev_63418cd6ce49|hev_886d8a602567,hbf_9982d6cab487,hsub_meissen_electoral_saxony_core,MEDIUM,promo_004cd3264a32,MAPGEN-012,promoted from a reviewed staged candidate,
seven_years_war_1756_08_01,TERRESTRIAL_HEX,h6000_q-000400_r+001260,src_9d6f03b5c85f,hsrc_34735c52ef0d,hev_63418cd6ce49|hev_886d8a602567,hbf_9982d6cab487,hsub_meissen_electoral_saxony_core,MEDIUM,promo_004cd3264a32,MAPGEN-012,promoted from a reviewed staged candidate,
seven_years_war_1756_08_01,TERRESTRIAL_HEX,h6000_q-000399_r+001260,src_9d6f03b5c85f,hsrc_34735c52ef0d,hev_63418cd6ce49|hev_886d8a602567,hbf_9982d6cab487,hsub_meissen_electoral_saxony_core,MEDIUM,promo_004cd3264a32,MAPGEN-012,promoted from a reviewed staged candidate,
seven_years_war_1756_08_01,TERRESTRIAL_HEX,h6000_q-000398_r+001260,src_9d6f03b5c85f,hsrc_34735c52ef0d,hev_63418cd6ce49|hev_886d8a602567,hbf_9982d6cab487,hsub_meissen_electoral_saxony_core,MEDIUM,promo_004cd3264a32,MAPGEN-012,promoted from a reviewed staged candidate,
seven_years_war_1756_08_01,TERRESTRIAL_HEX,h6000_q-000397_r+001260,src_9d6f03b5c85f,hsrc_34735c52ef0d,hev_63418cd6ce49|hev_886d8a602567,hbf_9982d6cab487,hsub_meissen_electoral_saxony_core,MEDIUM,promo_004cd3264a32,MAPGEN-012,promoted from a reviewed staged candidate,
seven_years_war_1756_08_01,TERRESTRIAL_HEX,h6000_q-000396_r+001260,src_9d6f03b5c85f,hsrc_34735c52ef0d,hev_63418cd6ce49|hev_886d8a602567,hbf_9982d6cab487,hsub_meissen_electoral_saxony_core,MEDIUM,promo_004cd3264a32,MAPGEN-012,promoted from a reviewed staged candidate,
seven_years_war_1756_08_01,TERRESTRIAL_HEX,h6000_q-000395_r+001260,src_9d6f03b5c85f,hsrc_34735c52ef0d,hev_63418cd6ce49|hev_886d8a602567,hbf_9982d6cab487,hsub_meissen_electoral_saxony_core,MEDIUM,promo_004cd3264a32,MAPGEN-012,promoted from a reviewed staged candidate,
seven_years_war_1756_08_01,TERRESTRIAL_HEX,h6000_q-000394_r+001260,src_9d6f03b5c85f,hsrc_34735c52ef0d,hev_63418cd6ce49|hev_886d8a602567,hbf_9982d6cab487,hsub_meissen_electoral_saxony_core,MEDIUM,promo_004cd3264a32,MAPGEN-012,promoted from a reviewed staged candidate,
seven_years_war_1756_08_01,TERRESTRIAL_HEX,h6000_q-000393_r+001260,src_9d6f03b5c85f,hsrc_34735c52ef0d,hev_63418cd6ce49|hev_886d8a602567,hbf_9982d6cab487,hsub_meissen_electoral_saxony_core,MEDIUM,promo_004cd3264a32,MAPGEN-012,promoted from a reviewed staged candidate,
seven_years_war_1756_08_01,TERRESTRIAL_HEX,h6000_q-000392_r+001260,src_9d6f03b5c85f,hsrc_34735c52ef0d,hev_63418cd6ce49|hev_886d8a602567,hbf_9982d6cab487,hsub_meissen_electoral_saxony_core,MEDIUM,promo_004cd3264a32,MAPGEN-012,promoted from a reviewed staged candidate,
seven_years_war_1756_08_01,TERRESTRIAL_HEX,h6000_q-000391_r+001260,src_9d6f03b5c85f,hsrc_34735c52ef0d,hev_63418cd6ce49|hev_886d8a602567,hbf_9982d6cab487,hsub_meissen_electoral_saxony_core,MEDIUM,promo_004cd3264a32,MAPGEN-012,promoted from a reviewed staged candidate,
seven_years_war_1756_08_01,TERRESTRIAL_HEX,h6000_q-000390_r+001260,src_9d6f03b5c85f,hsrc_34735c52ef0d,hev_63418cd6ce49|hev_886d8a602567,hbf_9982d6cab487,hsub_meissen_electoral_saxony_core,MEDIUM,promo_004cd3264a32,MAPGEN-012,promoted from a reviewed staged candidate,
seven_years_war_1756_08_01,TERRESTRIAL_HEX,h6000_q-000389_r+001260,src_9d6f03b5c85f,hsrc_34735c52ef0d,hev_63418cd6ce49|hev_886d8a602567,hbf_9982d6cab487,hsub_meissen_electoral_saxony_core,MEDIUM,promo_004cd3264a32,MAPGEN-012,promoted from a reviewed staged candidate,
seven_years_war_1756_08_01,TERRESTRIAL_HEX,h6000_q-000388_r+001260,src_9d6f03b5c85f,hsrc_34735c52ef0d,hev_63418cd6ce49|hev_886d8a602567,hbf_9982d6cab487,hsub_meissen_electoral_saxony_core,MEDIUM,promo_004cd3264a32,MAPGEN-012,promoted from a reviewed staged candidate,
seven_years_war_1756_08_01,TERRESTRIAL_HEX,h6000_q-000387_r+001260,src_9d6f03b5c85f,hsrc_34735c52ef0d,hev_63418cd6ce49|hev_886d8a602567,hbf_9982d6cab487,hsub_meissen_electoral_saxony_core,MEDIUM,promo_004cd3264a32,MAPGEN-012,promoted from a reviewed staged candidate,
seven_years_war_1756_08_01,TERRESTRIAL_HEX,h6000_q-000411_r+001261,src_9d6f03b5c85f,hsrc_34735c52ef0d,hev_63418cd6ce49|hev_886d8a602567,hbf_9982d6cab487,hsub_meissen_electoral_saxony_core,MEDIUM,promo_004cd3264a32,MAPGEN-012,promoted from a reviewed staged candidate,
seven_years_war_1756_08_01,TERRESTRIAL_HEX,h6000_q-000410_r+001261,src_9d6f03b5c85f,hsrc_34735c52ef0d,hev_63418cd6ce49|hev_886d8a602567,hbf_9982d6cab487,hsub_meissen_electoral_saxony_core,MEDIUM,promo_004cd3264a32,MAPGEN-012,promoted from a reviewed staged candidate,
seven_years_war_1756_08_01,TERRESTRIAL_HEX,h6000_q-000409_r+001261,src_9d6f03b5c85f,hsrc_34735c52ef0d,hev_63418cd6ce49|hev_886d8a602567,hbf_9982d6cab487,hsub_meissen_electoral_saxony_core,MEDIUM,promo_004cd3264a32,MAPGEN-012,promoted from a reviewed staged candidate,
seven_years_war_1756_08_01,TERRESTRIAL_HEX,h6000_q-000408_r+001261,src_9d6f03b5c85f,hsrc_34735c52ef0d,hev_63418cd6ce49|hev_886d8a602567,hbf_9982d6cab487,hsub_meissen_electoral_saxony_core,MEDIUM,promo_004cd3264a32,MAPGEN-012,promoted from a reviewed staged candidate,
seven_years_war_1756_08_01,TERRESTRIAL_HEX,h6000_q-000407_r+001261,src_9d6f03b5c85f,hsrc_34735c52ef0d,hev_63418cd6ce49|hev_886d8a602567,hbf_9982d6cab487,hsub_meissen_electoral_saxony_core,MEDIUM,promo_004cd3264a32,MAPGEN-012,promoted from a reviewed staged candidate,
seven_years_war_1756_08_01,TERRESTRIAL_HEX,h6000_q-000406_r+001261,src_9d6f03b5c85f,hsrc_34735c52ef0d,hev_63418cd6ce49|hev_886d8a602567,hbf_9982d6cab487,hsub_meissen_electoral_saxony_core,MEDIUM,promo_004cd3264a32,MAPGEN-012,promoted from a reviewed staged candidate,
seven_years_war_1756_08_01,TERRESTRIAL_HEX,h6000_q-000405_r+001261,src_9d6f03b5c85f,hsrc_34735c52ef0d,hev_63418cd6ce49|hev_886d8a602567,hbf_9982d6cab487,hsub_meissen_electoral_saxony_core,MEDIUM,promo_004cd3264a32,MAPGEN-012,promoted from a reviewed staged candidate,
seven_years_war_1756_08_01,TERRESTRIAL_HEX,h6000_q-000404_r+001261,src_9d6f03b5c85f,hsrc_34735c52ef0d,hev_63418cd6ce49|hev_886d8a602567,hbf_9982d6cab487,hsub_meissen_electoral_saxony_core,MEDIUM,promo_004cd3264a32,MAPGEN-012,promoted from a reviewed staged candidate,
seven_years_war_1756_08_01,TERRESTRIAL_HEX,h6000_q-000403_r+001261,src_9d6f03b5c85f,hsrc_34735c52ef0d,hev_63418cd6ce49|hev_886d8a602567,hbf_9982d6cab487,hsub_meissen_electoral_saxony_core,MEDIUM,promo_004cd3264a32,MAPGEN-012,promoted from a reviewed staged candidate,
seven_years_war_1756_08_01,TERRESTRIAL_HEX,h6000_q-000402_r+001261,src_9d6f03b5c85f,hsrc_34735c52ef0d,hev_63418cd6ce49|hev_886d8a602567,hbf_9982d6cab487,hsub_meissen_electoral_saxony_core,MEDIUM,promo_004cd3264a32,MAPGEN-012,promoted from a reviewed staged candidate,
seven_years_war_1756_08_01,TERRESTRIAL_HEX,h6000_q-000401_r+001261,src_9d6f03b5c85f,hsrc_34735c52ef0d,hev_63418cd6ce49|hev_886d8a602567,hbf_9982d6cab487,hsub_meissen_electoral_saxony_core,MEDIUM,promo_004cd3264a32,MAPGEN-012,promoted from a reviewed staged candidate,
seven_years_war_1756_08_01,TERRESTRIAL_HEX,h6000_q-000400_r+001261,src_9d6f03b5c85f,hsrc_34735c52ef0d,hev_63418cd6ce49|hev_886d8a602567,hbf_9982d6cab487,hsub_meissen_electoral_saxony_core,MEDIUM,promo_004cd3264a32,MAPGEN-012,promoted from a reviewed staged candidate,
seven_years_war_1756_08_01,TERRESTRIAL_HEX,h6000_q-000399_r+001261,src_9d6f03b5c85f,hsrc_34735c52ef0d,hev_63418cd6ce49|hev_886d8a602567,hbf_9982d6cab487,hsub_meissen_electoral_saxony_core,MEDIUM,promo_004cd3264a32,MAPGEN-012,promoted from a reviewed staged candidate,
seven_years_war_1756_08_01,TERRESTRIAL_HEX,h6000_q-000398_r+001261,src_9d6f03b5c85f,hsrc_34735c52ef0d,hev_63418cd6ce49|hev_886d8a602567,hbf_9982d6cab487,hsub_meissen_electoral_saxony_core,MEDIUM,promo_004cd3264a32,MAPGEN-012,promoted from a reviewed staged candidate,
seven_years_war_1756_08_01,TERRESTRIAL_HEX,h6000_q-000397_r+001261,src_9d6f03b5c85f,hsrc_34735c52ef0d,hev_63418cd6ce49|hev_886d8a602567,hbf_9982d6cab487,hsub_meissen_electoral_saxony_core,MEDIUM,promo_004cd3264a32,MAPGEN-012,promoted from a reviewed staged candidate,
seven_years_war_1756_08_01,TERRESTRIAL_HEX,h6000_q-000396_r+001261,src_9d6f03b5c85f,hsrc_34735c52ef0d,hev_63418cd6ce49|hev_886d8a602567,hbf_9982d6cab487,hsub_meissen_electoral_saxony_core,MEDIUM,promo_004cd3264a32,MAPGEN-012,promoted from a reviewed staged candidate,
seven_years_war_1756_08_01,TERRESTRIAL_HEX,h6000_q-000395_r+001261,src_9d6f03b5c85f,hsrc_34735c52ef0d,hev_63418cd6ce49|hev_886d8a602567,hbf_9982d6cab487,hsub_meissen_electoral_saxony_core,MEDIUM,promo_004cd3264a32,MAPGEN-012,promoted from a reviewed staged candidate,
seven_years_war_1756_08_01,TERRESTRIAL_HEX,h6000_q-000394_r+001261,src_9d6f03b5c85f,hsrc_34735c52ef0d,hev_63418cd6ce49|hev_886d8a602567,hbf_9982d6cab487,hsub_meissen_electoral_saxony_core,MEDIUM,promo_004cd3264a32,MAPGEN-012,promoted from a reviewed staged candidate,
seven_years_war_1756_08_01,TERRESTRIAL_HEX,h6000_q-000393_r+001261,src_9d6f03b5c85f,hsrc_34735c52ef0d,hev_63418cd6ce49|hev_886d8a602567,hbf_9982d6cab487,hsub_meissen_electoral_saxony_core,MEDIUM,promo_004cd3264a32,MAPGEN-012,promoted from a reviewed staged candidate,
seven_years_war_1756_08_01,TERRESTRIAL_HEX,h6000_q-000392_r+001261,src_9d6f03b5c85f,hsrc_34735c52ef0d,hev_63418cd6ce49|hev_886d8a602567,hbf_9982d6cab487,hsub_meissen_electoral_saxony_core,MEDIUM,promo_004cd3264a32,MAPGEN-012,promoted from a reviewed staged candidate,
seven_years_war_1756_08_01,TERRESTRIAL_HEX,h6000_q-000391_r+001261,src_9d6f03b5c85f,hsrc_34735c52ef0d,hev_63418cd6ce49|hev_886d8a602567,hbf_9982d6cab487,hsub_meissen_electoral_saxony_core,MEDIUM,promo_004cd3264a32,MAPGEN-012,promoted from a reviewed staged candidate,
seven_years_war_1756_08_01,TERRESTRIAL_HEX,h6000_q-000390_r+001261,src_9d6f03b5c85f,hsrc_34735c52ef0d,hev_63418cd6ce49|hev_886d8a602567,hbf_9982d6cab487,hsub_meissen_electoral_saxony_core,MEDIUM,promo_004cd3264a32,MAPGEN-012,promoted from a reviewed staged candidate,
seven_years_war_1756_08_01,TERRESTRIAL_HEX,h6000_q-000389_r+001261,src_9d6f03b5c85f,hsrc_34735c52ef0d,hev_63418cd6ce49|hev_886d8a602567,hbf_9982d6cab487,hsub_meissen_electoral_saxony_core,MEDIUM,promo_004cd3264a32,MAPGEN-012,promoted from a reviewed staged candidate,
seven_years_war_1756_08_01,TERRESTRIAL_HEX,h6000_q-000388_r+001261,src_9d6f03b5c85f,hsrc_34735c52ef0d,hev_63418cd6ce49|hev_886d8a602567,hbf_9982d6cab487,hsub_meissen_electoral_saxony_core,MEDIUM,promo_004cd3264a32,MAPGEN-012,promoted from a reviewed staged candidate,
seven_years_war_1756_08_01,TERRESTRIAL_HEX,h6000_q-000387_r+001261,src_9d6f03b5c85f,hsrc_34735c52ef0d,hev_63418cd6ce49|hev_886d8a602567,hbf_9982d6cab487,hsub_meissen_electoral_saxony_core,MEDIUM,promo_004cd3264a32,MAPGEN-012,promoted from a reviewed staged candidate,
seven_years_war_1756_08_01,TERRESTRIAL_HEX,h6000_q-000412_r+001262,src_9d6f03b5c85f,hsrc_34735c52ef0d,hev_63418cd6ce49|hev_886d8a602567,hbf_9982d6cab487,hsub_meissen_electoral_saxony_core,MEDIUM,promo_004cd3264a32,MAPGEN-012,promoted from a reviewed staged candidate,
seven_years_war_1756_08_01,TERRESTRIAL_HEX,h6000_q-000411_r+001262,src_9d6f03b5c85f,hsrc_34735c52ef0d,hev_63418cd6ce49|hev_886d8a602567,hbf_9982d6cab487,hsub_meissen_electoral_saxony_core,MEDIUM,promo_004cd3264a32,MAPGEN-012,promoted from a reviewed staged candidate,
seven_years_war_1756_08_01,TERRESTRIAL_HEX,h6000_q-000410_r+001262,src_9d6f03b5c85f,hsrc_34735c52ef0d,hev_63418cd6ce49|hev_886d8a602567,hbf_9982d6cab487,hsub_meissen_electoral_saxony_core,MEDIUM,promo_004cd3264a32,MAPGEN-012,promoted from a reviewed staged candidate,
seven_years_war_1756_08_01,TERRESTRIAL_HEX,h6000_q-000409_r+001262,src_9d6f03b5c85f,hsrc_34735c52ef0d,hev_63418cd6ce49|hev_886d8a602567,hbf_9982d6cab487,hsub_meissen_electoral_saxony_core,MEDIUM,promo_004cd3264a32,MAPGEN-012,promoted from a reviewed staged candidate,
seven_years_war_1756_08_01,TERRESTRIAL_HEX,h6000_q-000408_r+001262,src_9d6f03b5c85f,hsrc_34735c52ef0d,hev_63418cd6ce49|hev_886d8a602567,hbf_9982d6cab487,hsub_meissen_electoral_saxony_core,MEDIUM,promo_004cd3264a32,MAPGEN-012,promoted from a reviewed staged candidate,
seven_years_war_1756_08_01,TERRESTRIAL_HEX,h6000_q-000404_r+001262,src_9d6f03b5c85f,hsrc_34735c52ef0d,hev_63418cd6ce49|hev_886d8a602567,hbf_9982d6cab487,hsub_meissen_electoral_saxony_core,MEDIUM,promo_004cd3264a32,MAPGEN-012,promoted from a reviewed staged candidate,
seven_years_war_1756_08_01,TERRESTRIAL_HEX,h6000_q-000403_r+001262,src_9d6f03b5c85f,hsrc_34735c52ef0d,hev_63418cd6ce49|hev_886d8a602567,hbf_9982d6cab487,hsub_meissen_electoral_saxony_core,MEDIUM,promo_004cd3264a32,MAPGEN-012,promoted from a reviewed staged candidate,
seven_years_war_1756_08_01,TERRESTRIAL_HEX,h6000_q-000402_r+001262,src_9d6f03b5c85f,hsrc_34735c52ef0d,hev_63418cd6ce49|hev_886d8a602567,hbf_9982d6cab487,hsub_meissen_electoral_saxony_core,MEDIUM,promo_004cd3264a32,MAPGEN-012,promoted from a reviewed staged candidate,
seven_years_war_1756_08_01,TERRESTRIAL_HEX,h6000_q-000401_r+001262,src_9d6f03b5c85f,hsrc_34735c52ef0d,hev_63418cd6ce49|hev_886d8a602567,hbf_9982d6cab487,hsub_meissen_electoral_saxony_core,MEDIUM,promo_004cd3264a32,MAPGEN-012,promoted from a reviewed staged candidate,
seven_years_war_1756_08_01,TERRESTRIAL_HEX,h6000_q-000400_r+001262,src_9d6f03b5c85f,hsrc_34735c52ef0d,hev_63418cd6ce49|hev_886d8a602567,hbf_9982d6cab487,hsub_meissen_electoral_saxony_core,MEDIUM,promo_004cd3264a32,MAPGEN-012,promoted from a reviewed staged candidate,
seven_years_war_1756_08_01,TERRESTRIAL_HEX,h6000_q-000399_r+001262,src_9d6f03b5c85f,hsrc_34735c52ef0d,hev_63418cd6ce49|hev_886d8a602567,hbf_9982d6cab487,hsub_meissen_electoral_saxony_core,MEDIUM,promo_004cd3264a32,MAPGEN-012,promoted from a reviewed staged candidate,
seven_years_war_1756_08_01,TERRESTRIAL_HEX,h6000_q-000398_r+001262,src_9d6f03b5c85f,hsrc_34735c52ef0d,hev_63418cd6ce49|hev_886d8a602567,hbf_9982d6cab487,hsub_meissen_electoral_saxony_core,MEDIUM,promo_004cd3264a32,MAPGEN-012,promoted from a reviewed staged candidate,
seven_years_war_1756_08_01,TERRESTRIAL_HEX,h6000_q-000397_r+001262,src_9d6f03b5c85f,hsrc_34735c52ef0d,hev_63418cd6ce49|hev_886d8a602567,hbf_9982d6cab487,hsub_meissen_electoral_saxony_core,MEDIUM,promo_004cd3264a32,MAPGEN-012,promoted from a reviewed staged candidate,
seven_years_war_1756_08_01,TERRESTRIAL_HEX,h6000_q-000396_r+001262,src_9d6f03b5c85f,hsrc_34735c52ef0d,hev_63418cd6ce49|hev_886d8a602567,hbf_9982d6cab487,hsub_meissen_electoral_saxony_core,MEDIUM,promo_004cd3264a32,MAPGEN-012,promoted from a reviewed staged candidate,
seven_years_war_1756_08_01,TERRESTRIAL_HEX,h6000_q-000395_r+001262,src_9d6f03b5c85f,hsrc_34735c52ef0d,hev_63418cd6ce49|hev_886d8a602567,hbf_9982d6cab487,hsub_meissen_electoral_saxony_core,MEDIUM,promo_004cd3264a32,MAPGEN-012,promoted from a reviewed staged candidate,
seven_years_war_1756_08_01,TERRESTRIAL_HEX,h6000_q-000394_r+001262,src_9d6f03b5c85f,hsrc_34735c52ef0d,hev_63418cd6ce49|hev_886d8a602567,hbf_9982d6cab487,hsub_meissen_electoral_saxony_core,MEDIUM,promo_004cd3264a32,MAPGEN-012,promoted from a reviewed staged candidate,
seven_years_war_1756_08_01,TERRESTRIAL_HEX,h6000_q-000393_r+001262,src_9d6f03b5c85f,hsrc_34735c52ef0d,hev_63418cd6ce49|hev_886d8a602567,hbf_9982d6cab487,hsub_meissen_electoral_saxony_core,MEDIUM,promo_004cd3264a32,MAPGEN-012,promoted from a reviewed staged candidate,
seven_years_war_1756_08_01,TERRESTRIAL_HEX,h6000_q-000392_r+001262,src_9d6f03b5c85f,hsrc_34735c52ef0d,hev_63418cd6ce49|hev_886d8a602567,hbf_9982d6cab487,hsub_meissen_electoral_saxony_core,MEDIUM,promo_004cd3264a32,MAPGEN-012,promoted from a reviewed staged candidate,
seven_years_war_1756_08_01,TERRESTRIAL_HEX,h6000_q-000391_r+001262,src_9d6f03b5c85f,hsrc_34735c52ef0d,hev_63418cd6ce49|hev_886d8a602567,hbf_9982d6cab487,hsub_meissen_electoral_saxony_core,MEDIUM,promo_004cd3264a32,MAPGEN-012,promoted from a reviewed staged candidate,
seven_years_war_1756_08_01,TERRESTRIAL_HEX,h6000_q-000390_r+001262,src_9d6f03b5c85f,hsrc_34735c52ef0d,hev_63418cd6ce49|hev_886d8a602567,hbf_9982d6cab487,hsub_meissen_electoral_saxony_core,MEDIUM,promo_004cd3264a32,MAPGEN-012,promoted from a reviewed staged candidate,
seven_years_war_1756_08_01,TERRESTRIAL_HEX,h6000_q-000389_r+001262,src_9d6f03b5c85f,hsrc_34735c52ef0d,hev_63418cd6ce49|hev_886d8a602567,hbf_9982d6cab487,hsub_meissen_electoral_saxony_core,MEDIUM,promo_004cd3264a32,MAPGEN-012,promoted from a reviewed staged candidate,
seven_years_war_1756_08_01,TERRESTRIAL_HEX,h6000_q-000388_r+001262,src_9d6f03b5c85f,hsrc_34735c52ef0d,hev_63418cd6ce49|hev_886d8a602567,hbf_9982d6cab487,hsub_meissen_electoral_saxony_core,MEDIUM,promo_004cd3264a32,MAPGEN-012,promoted from a reviewed staged candidate,
seven_years_war_1756_08_01,TERRESTRIAL_HEX,h6000_q-000387_r+001262,src_9d6f03b5c85f,hsrc_34735c52ef0d,hev_63418cd6ce49|hev_886d8a602567,hbf_9982d6cab487,hsub_meissen_electoral_saxony_core,MEDIUM,promo_004cd3264a32,MAPGEN-012,promoted from a reviewed staged candidate,
seven_years_war_1756_08_01,TERRESTRIAL_HEX,h6000_q-000411_r+001263,src_9d6f03b5c85f,hsrc_34735c52ef0d,hev_63418cd6ce49|hev_886d8a602567,hbf_9982d6cab487,hsub_meissen_electoral_saxony_core,MEDIUM,promo_004cd3264a32,MAPGEN-012,promoted from a reviewed staged candidate,
seven_years_war_1756_08_01,TERRESTRIAL_HEX,h6000_q-000410_r+001263,src_9d6f03b5c85f,hsrc_34735c52ef0d,hev_63418cd6ce49|hev_886d8a602567,hbf_9982d6cab487,hsub_meissen_electoral_saxony_core,MEDIUM,promo_004cd3264a32,MAPGEN-012,promoted from a reviewed staged candidate,
seven_years_war_1756_08_01,TERRESTRIAL_HEX,h6000_q-000409_r+001263,src_9d6f03b5c85f,hsrc_34735c52ef0d,hev_63418cd6ce49|hev_886d8a602567,hbf_9982d6cab487,hsub_meissen_electoral_saxony_core,MEDIUM,promo_004cd3264a32,MAPGEN-012,promoted from a reviewed staged candidate,
seven_years_war_1756_08_01,TERRESTRIAL_HEX,h6000_q-000404_r+001263,src_9d6f03b5c85f,hsrc_34735c52ef0d,hev_63418cd6ce49|hev_886d8a602567,hbf_9982d6cab487,hsub_meissen_electoral_saxony_core,MEDIUM,promo_004cd3264a32,MAPGEN-012,promoted from a reviewed staged candidate,
seven_years_war_1756_08_01,TERRESTRIAL_HEX,h6000_q-000403_r+001263,src_9d6f03b5c85f,hsrc_34735c52ef0d,hev_63418cd6ce49|hev_886d8a602567,hbf_9982d6cab487,hsub_meissen_electoral_saxony_core,MEDIUM,promo_004cd3264a32,MAPGEN-012,promoted from a reviewed staged candidate,
seven_years_war_1756_08_01,TERRESTRIAL_HEX,h6000_q-000402_r+001263,src_9d6f03b5c85f,hsrc_34735c52ef0d,hev_63418cd6ce49|hev_886d8a602567,hbf_9982d6cab487,hsub_meissen_electoral_saxony_core,MEDIUM,promo_004cd3264a32,MAPGEN-012,promoted from a reviewed staged candidate,
seven_years_war_1756_08_01,TERRESTRIAL_HEX,h6000_q-000401_r+001263,src_9d6f03b5c85f,hsrc_34735c52ef0d,hev_63418cd6ce49|hev_886d8a602567,hbf_9982d6cab487,hsub_meissen_electoral_saxony_core,MEDIUM,promo_004cd3264a32,MAPGEN-012,promoted from a reviewed staged candidate,
seven_years_war_1756_08_01,TERRESTRIAL_HEX,h6000_q-000400_r+001263,src_9d6f03b5c85f,hsrc_34735c52ef0d,hev_63418cd6ce49|hev_886d8a602567,hbf_9982d6cab487,hsub_meissen_electoral_saxony_core,MEDIUM,promo_004cd3264a32,MAPGEN-012,promoted from a reviewed staged candidate,
seven_years_war_1756_08_01,TERRESTRIAL_HEX,h6000_q-000399_r+001263,src_9d6f03b5c85f,hsrc_34735c52ef0d,hev_63418cd6ce49|hev_886d8a602567,hbf_9982d6cab487,hsub_meissen_electoral_saxony_core,MEDIUM,promo_004cd3264a32,MAPGEN-012,promoted from a reviewed staged candidate,
seven_years_war_1756_08_01,TERRESTRIAL_HEX,h6000_q-000398_r+001263,src_9d6f03b5c85f,hsrc_34735c52ef0d,hev_63418cd6ce49|hev_886d8a602567,hbf_9982d6cab487,hsub_meissen_electoral_saxony_core,MEDIUM,promo_004cd3264a32,MAPGEN-012,promoted from a reviewed staged candidate,
seven_years_war_1756_08_01,TERRESTRIAL_HEX,h6000_q-000397_r+001263,src_9d6f03b5c85f,hsrc_34735c52ef0d,hev_63418cd6ce49|hev_886d8a602567,hbf_9982d6cab487,hsub_meissen_electoral_saxony_core,MEDIUM,promo_004cd3264a32,MAPGEN-012,promoted from a reviewed staged candidate,
seven_years_war_1756_08_01,TERRESTRIAL_HEX,h6000_q-000396_r+001263,src_9d6f03b5c85f,hsrc_34735c52ef0d,hev_63418cd6ce49|hev_886d8a602567,hbf_9982d6cab487,hsub_meissen_electoral_saxony_core,MEDIUM,promo_004cd3264a32,MAPGEN-012,promoted from a reviewed staged candidate,
seven_years_war_1756_08_01,TERRESTRIAL_HEX,h6000_q-000395_r+001263,src_9d6f03b5c85f,hsrc_34735c52ef0d,hev_63418cd6ce49|hev_886d8a602567,hbf_9982d6cab487,hsub_meissen_electoral_saxony_core,MEDIUM,promo_004cd3264a32,MAPGEN-012,promoted from a reviewed staged candidate,
seven_years_war_1756_08_01,TERRESTRIAL_HEX,h6000_q-000394_r+001263,src_9d6f03b5c85f,hsrc_34735c52ef0d,hev_63418cd6ce49|hev_886d8a602567,hbf_9982d6cab487,hsub_meissen_electoral_saxony_core,MEDIUM,promo_004cd3264a32,MAPGEN-012,promoted from a reviewed staged candidate,
seven_years_war_1756_08_01,TERRESTRIAL_HEX,h6000_q-000393_r+001263,src_9d6f03b5c85f,hsrc_34735c52ef0d,hev_63418cd6ce49|hev_886d8a602567,hbf_9982d6cab487,hsub_meissen_electoral_saxony_core,MEDIUM,promo_004cd3264a32,MAPGEN-012,promoted from a reviewed staged candidate,
seven_years_war_1756_08_01,TERRESTRIAL_HEX,h6000_q-000392_r+001263,src_9d6f03b5c85f,hsrc_34735c52ef0d,hev_63418cd6ce49|hev_886d8a602567,hbf_9982d6cab487,hsub_meissen_electoral_saxony_core,MEDIUM,promo_004cd3264a32,MAPGEN-012,promoted from a reviewed staged candidate,
seven_years_war_1756_08_01,TERRESTRIAL_HEX,h6000_q-000389_r+001263,src_9d6f03b5c85f,hsrc_34735c52ef0d,hev_63418cd6ce49|hev_886d8a602567,hbf_9982d6cab487,hsub_meissen_electoral_saxony_core,MEDIUM,promo_004cd3264a32,MAPGEN-012,promoted from a reviewed staged candidate,
seven_years_war_1756_08_01,TERRESTRIAL_HEX,h6000_q-000388_r+001263,src_9d6f03b5c85f,hsrc_34735c52ef0d,hev_63418cd6ce49|hev_886d8a602567,hbf_9982d6cab487,hsub_meissen_electoral_saxony_core,MEDIUM,promo_004cd3264a32,MAPGEN-012,promoted from a reviewed staged candidate,
seven_years_war_1756_08_01,TERRESTRIAL_HEX,h6000_q-000387_r+001263,src_9d6f03b5c85f,hsrc_34735c52ef0d,hev_63418cd6ce49|hev_886d8a602567,hbf_9982d6cab487,hsub_meissen_electoral_saxony_core,MEDIUM,promo_004cd3264a32,MAPGEN-012,promoted from a reviewed staged candidate,
seven_years_war_1756_08_01,TERRESTRIAL_HEX,h6000_q-000411_r+001264,src_9d6f03b5c85f,hsrc_34735c52ef0d,hev_63418cd6ce49|hev_886d8a602567,hbf_9982d6cab487,hsub_meissen_electoral_saxony_core,MEDIUM,promo_004cd3264a32,MAPGEN-012,promoted from a reviewed staged candidate,
seven_years_war_1756_08_01,TERRESTRIAL_HEX,h6000_q-000410_r+001264,src_9d6f03b5c85f,hsrc_34735c52ef0d,hev_63418cd6ce49|hev_886d8a602567,hbf_9982d6cab487,hsub_meissen_electoral_saxony_core,MEDIUM,promo_004cd3264a32,MAPGEN-012,promoted from a reviewed staged candidate,
seven_years_war_1756_08_01,TERRESTRIAL_HEX,h6000_q-000404_r+001264,src_9d6f03b5c85f,hsrc_34735c52ef0d,hev_63418cd6ce49|hev_886d8a602567,hbf_9982d6cab487,hsub_meissen_electoral_saxony_core,MEDIUM,promo_004cd3264a32,MAPGEN-012,promoted from a reviewed staged candidate,
seven_years_war_1756_08_01,TERRESTRIAL_HEX,h6000_q-000403_r+001264,src_9d6f03b5c85f,hsrc_34735c52ef0d,hev_63418cd6ce49|hev_886d8a602567,hbf_9982d6cab487,hsub_meissen_electoral_saxony_core,MEDIUM,promo_004cd3264a32,MAPGEN-012,promoted from a reviewed staged candidate,
seven_years_war_1756_08_01,TERRESTRIAL_HEX,h6000_q-000402_r+001264,src_9d6f03b5c85f,hsrc_34735c52ef0d,hev_63418cd6ce49|hev_886d8a602567,hbf_9982d6cab487,hsub_meissen_electoral_saxony_core,MEDIUM,promo_004cd3264a32,MAPGEN-012,promoted from a reviewed staged candidate,
seven_years_war_1756_08_01,TERRESTRIAL_HEX,h6000_q-000401_r+001264,src_9d6f03b5c85f,hsrc_34735c52ef0d,hev_63418cd6ce49|hev_886d8a602567,hbf_9982d6cab487,hsub_meissen_electoral_saxony_core,MEDIUM,promo_004cd3264a32,MAPGEN-012,promoted from a reviewed staged candidate,
seven_years_war_1756_08_01,TERRESTRIAL_HEX,h6000_q-000400_r+001264,src_9d6f03b5c85f,hsrc_34735c52ef0d,hev_63418cd6ce49|hev_886d8a602567,hbf_9982d6cab487,hsub_meissen_electoral_saxony_core,MEDIUM,promo_004cd3264a32,MAPGEN-012,promoted from a reviewed staged candidate,
seven_years_war_1756_08_01,TERRESTRIAL_HEX,h6000_q-000399_r+001264,src_9d6f03b5c85f,hsrc_34735c52ef0d,hev_63418cd6ce49|hev_886d8a602567,hbf_9982d6cab487,hsub_meissen_electoral_saxony_core,MEDIUM,promo_004cd3264a32,MAPGEN-012,promoted from a reviewed staged candidate,
seven_years_war_1756_08_01,TERRESTRIAL_HEX,h6000_q-000398_r+001264,src_9d6f03b5c85f,hsrc_34735c52ef0d,hev_63418cd6ce49|hev_886d8a602567,hbf_9982d6cab487,hsub_meissen_electoral_saxony_core,MEDIUM,promo_004cd3264a32,MAPGEN-012,promoted from a reviewed staged candidate,
seven_years_war_1756_08_01,TERRESTRIAL_HEX,h6000_q-000397_r+001264,src_9d6f03b5c85f,hsrc_34735c52ef0d,hev_63418cd6ce49|hev_886d8a602567,hbf_9982d6cab487,hsub_meissen_electoral_saxony_core,MEDIUM,promo_004cd3264a32,MAPGEN-012,promoted from a reviewed staged candidate,
seven_years_war_1756_08_01,TERRESTRIAL_HEX,h6000_q-000396_r+001264,src_9d6f03b5c85f,hsrc_34735c52ef0d,hev_63418cd6ce49|hev_886d8a602567,hbf_9982d6cab487,hsub_meissen_electoral_saxony_core,MEDIUM,promo_004cd3264a32,MAPGEN-012,promoted from a reviewed staged candidate,
seven_years_war_1756_08_01,TERRESTRIAL_HEX,h6000_q-000395_r+001264,src_9d6f03b5c85f,hsrc_34735c52ef0d,hev_63418cd6ce49|hev_886d8a602567,hbf_9982d6cab487,hsub_meissen_electoral_saxony_core,MEDIUM,promo_004cd3264a32,MAPGEN-012,promoted from a reviewed staged candidate,
seven_years_war_1756_08_01,TERRESTRIAL_HEX,h6000_q-000394_r+001264,src_9d6f03b5c85f,hsrc_34735c52ef0d,hev_63418cd6ce49|hev_886d8a602567,hbf_9982d6cab487,hsub_meissen_electoral_saxony_core,MEDIUM,promo_004cd3264a32,MAPGEN-012,promoted from a reviewed staged candidate,
seven_years_war_1756_08_01,TERRESTRIAL_HEX,h6000_q-000388_r+001264,src_9d6f03b5c85f,hsrc_34735c52ef0d,hev_63418cd6ce49|hev_886d8a602567,hbf_9982d6cab487,hsub_meissen_electoral_saxony_core,MEDIUM,promo_004cd3264a32,MAPGEN-012,promoted from a reviewed staged candidate,
seven_years_war_1756_08_01,TERRESTRIAL_HEX,h6000_q-000387_r+001264,src_9d6f03b5c85f,hsrc_34735c52ef0d,hev_63418cd6ce49|hev_886d8a602567,hbf_9982d6cab487,hsub_meissen_electoral_saxony_core,MEDIUM,promo_004cd3264a32,MAPGEN-012,promoted from a reviewed staged candidate,
seven_years_war_1756_08_01,TERRESTRIAL_HEX,h6000_q-000386_r+001264,src_9d6f03b5c85f,hsrc_34735c52ef0d,hev_63418cd6ce49|hev_886d8a602567,hbf_9982d6cab487,hsub_meissen_electoral_saxony_core,MEDIUM,promo_004cd3264a32,MAPGEN-012,promoted from a reviewed staged candidate,
seven_years_war_1756_08_01,TERRESTRIAL_HEX,h6000_q-000412_r+001265,src_9d6f03b5c85f,hsrc_34735c52ef0d,hev_63418cd6ce49|hev_886d8a602567,hbf_9982d6cab487,hsub_meissen_electoral_saxony_core,MEDIUM,promo_004cd3264a32,MAPGEN-012,promoted from a reviewed staged candidate,
seven_years_war_1756_08_01,TERRESTRIAL_HEX,h6000_q-000411_r+001265,src_9d6f03b5c85f,hsrc_34735c52ef0d,hev_63418cd6ce49|hev_886d8a602567,hbf_9982d6cab487,hsub_meissen_electoral_saxony_core,MEDIUM,promo_004cd3264a32,MAPGEN-012,promoted from a reviewed staged candidate,
seven_years_war_1756_08_01,TERRESTRIAL_HEX,h6000_q-000405_r+001265,src_9d6f03b5c85f,hsrc_34735c52ef0d,hev_63418cd6ce49|hev_886d8a602567,hbf_9982d6cab487,hsub_meissen_electoral_saxony_core,MEDIUM,promo_004cd3264a32,MAPGEN-012,promoted from a reviewed staged candidate,
seven_years_war_1756_08_01,TERRESTRIAL_HEX,h6000_q-000404_r+001265,src_9d6f03b5c85f,hsrc_34735c52ef0d,hev_63418cd6ce49|hev_886d8a602567,hbf_9982d6cab487,hsub_meissen_electoral_saxony_core,MEDIUM,promo_004cd3264a32,MAPGEN-012,promoted from a reviewed staged candidate,
seven_years_war_1756_08_01,TERRESTRIAL_HEX,h6000_q-000403_r+001265,src_9d6f03b5c85f,hsrc_34735c52ef0d,hev_63418cd6ce49|hev_886d8a602567,hbf_9982d6cab487,hsub_meissen_electoral_saxony_core,MEDIUM,promo_004cd3264a32,MAPGEN-012,promoted from a reviewed staged candidate,
seven_years_war_1756_08_01,TERRESTRIAL_HEX,h6000_q-000402_r+001265,src_9d6f03b5c85f,hsrc_34735c52ef0d,hev_63418cd6ce49|hev_886d8a602567,hbf_9982d6cab487,hsub_meissen_electoral_saxony_core,MEDIUM,promo_004cd3264a32,MAPGEN-012,promoted from a reviewed staged candidate,
seven_years_war_1756_08_01,TERRESTRIAL_HEX,h6000_q-000401_r+001265,src_9d6f03b5c85f,hsrc_34735c52ef0d,hev_63418cd6ce49|hev_886d8a602567,hbf_9982d6cab487,hsub_meissen_electoral_saxony_core,MEDIUM,promo_004cd3264a32,MAPGEN-012,promoted from a reviewed staged candidate,
seven_years_war_1756_08_01,TERRESTRIAL_HEX,h6000_q-000400_r+001265,src_9d6f03b5c85f,hsrc_34735c52ef0d,hev_63418cd6ce49|hev_886d8a602567,hbf_9982d6cab487,hsub_meissen_electoral_saxony_core,MEDIUM,promo_004cd3264a32,MAPGEN-012,promoted from a reviewed staged candidate,
seven_years_war_1756_08_01,TERRESTRIAL_HEX,h6000_q-000399_r+001265,src_9d6f03b5c85f,hsrc_34735c52ef0d,hev_63418cd6ce49|hev_886d8a602567,hbf_9982d6cab487,hsub_meissen_electoral_saxony_core,MEDIUM,promo_004cd3264a32,MAPGEN-012,promoted from a reviewed staged candidate,
seven_years_war_1756_08_01,TERRESTRIAL_HEX,h6000_q-000398_r+001265,src_9d6f03b5c85f,hsrc_34735c52ef0d,hev_63418cd6ce49|hev_886d8a602567,hbf_9982d6cab487,hsub_meissen_electoral_saxony_core,MEDIUM,promo_004cd3264a32,MAPGEN-012,promoted from a reviewed staged candidate,
seven_years_war_1756_08_01,TERRESTRIAL_HEX,h6000_q-000397_r+001265,src_9d6f03b5c85f,hsrc_34735c52ef0d,hev_63418cd6ce49|hev_886d8a602567,hbf_9982d6cab487,hsub_meissen_electoral_saxony_core,MEDIUM,promo_004cd3264a32,MAPGEN-012,promoted from a reviewed staged candidate,
seven_years_war_1756_08_01,TERRESTRIAL_HEX,h6000_q-000396_r+001265,src_9d6f03b5c85f,hsrc_34735c52ef0d,hev_63418cd6ce49|hev_886d8a602567,hbf_9982d6cab487,hsub_meissen_electoral_saxony_core,MEDIUM,promo_004cd3264a32,MAPGEN-012,promoted from a reviewed staged candidate,
seven_years_war_1756_08_01,TERRESTRIAL_HEX,h6000_q-000395_r+001265,src_9d6f03b5c85f,hsrc_34735c52ef0d,hev_63418cd6ce49|hev_886d8a602567,hbf_9982d6cab487,hsub_meissen_electoral_saxony_core,MEDIUM,promo_004cd3264a32,MAPGEN-012,promoted from a reviewed staged candidate,
seven_years_war_1756_08_01,TERRESTRIAL_HEX,h6000_q-000388_r+001265,src_9d6f03b5c85f,hsrc_34735c52ef0d,hev_63418cd6ce49|hev_886d8a602567,hbf_9982d6cab487,hsub_meissen_electoral_saxony_core,MEDIUM,promo_004cd3264a32,MAPGEN-012,promoted from a reviewed staged candidate,
seven_years_war_1756_08_01,TERRESTRIAL_HEX,h6000_q-000387_r+001265,src_9d6f03b5c85f,hsrc_34735c52ef0d,hev_63418cd6ce49|hev_886d8a602567,hbf_9982d6cab487,hsub_meissen_electoral_saxony_core,MEDIUM,promo_004cd3264a32,MAPGEN-012,promoted from a reviewed staged candidate,
seven_years_war_1756_08_01,TERRESTRIAL_HEX,h6000_q-000386_r+001265,src_9d6f03b5c85f,hsrc_34735c52ef0d,hev_63418cd6ce49|hev_886d8a602567,hbf_9982d6cab487,hsub_meissen_electoral_saxony_core,MEDIUM,promo_004cd3264a32,MAPGEN-012,promoted from a reviewed staged candidate,
seven_years_war_1756_08_01,TERRESTRIAL_HEX,h6000_q-000385_r+001265,src_9d6f03b5c85f,hsrc_34735c52ef0d,hev_63418cd6ce49|hev_886d8a602567,hbf_9982d6cab487,hsub_meissen_electoral_saxony_core,MEDIUM,promo_004cd3264a32,MAPGEN-012,promoted from a reviewed staged candidate,
seven_years_war_1756_08_01,TERRESTRIAL_HEX,h6000_q-000412_r+001266,src_9d6f03b5c85f,hsrc_34735c52ef0d,hev_63418cd6ce49|hev_886d8a602567,hbf_9982d6cab487,hsub_meissen_electoral_saxony_core,MEDIUM,promo_004cd3264a32,MAPGEN-012,promoted from a reviewed staged candidate,
seven_years_war_1756_08_01,TERRESTRIAL_HEX,h6000_q-000411_r+001266,src_9d6f03b5c85f,hsrc_34735c52ef0d,hev_63418cd6ce49|hev_886d8a602567,hbf_9982d6cab487,hsub_meissen_electoral_saxony_core,MEDIUM,promo_004cd3264a32,MAPGEN-012,promoted from a reviewed staged candidate,
seven_years_war_1756_08_01,TERRESTRIAL_HEX,h6000_q-000406_r+001266,src_9d6f03b5c85f,hsrc_34735c52ef0d,hev_63418cd6ce49|hev_886d8a602567,hbf_9982d6cab487,hsub_meissen_electoral_saxony_core,MEDIUM,promo_004cd3264a32,MAPGEN-012,promoted from a reviewed staged candidate,
seven_years_war_1756_08_01,TERRESTRIAL_HEX,h6000_q-000405_r+001266,src_9d6f03b5c85f,hsrc_34735c52ef0d,hev_63418cd6ce49|hev_886d8a602567,hbf_9982d6cab487,hsub_meissen_electoral_saxony_core,MEDIUM,promo_004cd3264a32,MAPGEN-012,promoted from a reviewed staged candidate,
seven_years_war_1756_08_01,TERRESTRIAL_HEX,h6000_q-000404_r+001266,src_9d6f03b5c85f,hsrc_34735c52ef0d,hev_63418cd6ce49|hev_886d8a602567,hbf_9982d6cab487,hsub_meissen_electoral_saxony_core,MEDIUM,promo_004cd3264a32,MAPGEN-012,promoted from a reviewed staged candidate,
seven_years_war_1756_08_01,TERRESTRIAL_HEX,h6000_q-000403_r+001266,src_9d6f03b5c85f,hsrc_34735c52ef0d,hev_63418cd6ce49|hev_886d8a602567,hbf_9982d6cab487,hsub_meissen_electoral_saxony_core,MEDIUM,promo_004cd3264a32,MAPGEN-012,promoted from a reviewed staged candidate,
seven_years_war_1756_08_01,TERRESTRIAL_HEX,h6000_q-000402_r+001266,src_9d6f03b5c85f,hsrc_34735c52ef0d,hev_63418cd6ce49|hev_886d8a602567,hbf_9982d6cab487,hsub_meissen_electoral_saxony_core,MEDIUM,promo_004cd3264a32,MAPGEN-012,promoted from a reviewed staged candidate,
seven_years_war_1756_08_01,TERRESTRIAL_HEX,h6000_q-000401_r+001266,src_9d6f03b5c85f,hsrc_34735c52ef0d,hev_63418cd6ce49|hev_886d8a602567,hbf_9982d6cab487,hsub_meissen_electoral_saxony_core,MEDIUM,promo_004cd3264a32,MAPGEN-012,promoted from a reviewed staged candidate,
seven_years_war_1756_08_01,TERRESTRIAL_HEX,h6000_q-000400_r+001266,src_9d6f03b5c85f,hsrc_34735c52ef0d,hev_63418cd6ce49|hev_886d8a602567,hbf_9982d6cab487,hsub_meissen_electoral_saxony_core,MEDIUM,promo_004cd3264a32,MAPGEN-012,promoted from a reviewed staged candidate,
seven_years_war_1756_08_01,TERRESTRIAL_HEX,h6000_q-000399_r+001266,src_9d6f03b5c85f,hsrc_34735c52ef0d,hev_63418cd6ce49|hev_886d8a602567,hbf_9982d6cab487,hsub_meissen_electoral_saxony_core,MEDIUM,promo_004cd3264a32,MAPGEN-012,promoted from a reviewed staged candidate,
seven_years_war_1756_08_01,TERRESTRIAL_HEX,h6000_q-000398_r+001266,src_9d6f03b5c85f,hsrc_34735c52ef0d,hev_63418cd6ce49|hev_886d8a602567,hbf_9982d6cab487,hsub_meissen_electoral_saxony_core,MEDIUM,promo_004cd3264a32,MAPGEN-012,promoted from a reviewed staged candidate,
seven_years_war_1756_08_01,TERRESTRIAL_HEX,h6000_q-000397_r+001266,src_9d6f03b5c85f,hsrc_34735c52ef0d,hev_63418cd6ce49|hev_886d8a602567,hbf_9982d6cab487,hsub_meissen_electoral_saxony_core,MEDIUM,promo_004cd3264a32,MAPGEN-012,promoted from a reviewed staged candidate,
seven_years_war_1756_08_01,TERRESTRIAL_HEX,h6000_q-000396_r+001266,src_9d6f03b5c85f,hsrc_34735c52ef0d,hev_63418cd6ce49|hev_886d8a602567,hbf_9982d6cab487,hsub_meissen_electoral_saxony_core,MEDIUM,promo_004cd3264a32,MAPGEN-012,promoted from a reviewed staged candidate,
seven_years_war_1756_08_01,TERRESTRIAL_HEX,h6000_q-000395_r+001266,src_9d6f03b5c85f,hsrc_34735c52ef0d,hev_63418cd6ce49|hev_886d8a602567,hbf_9982d6cab487,hsub_meissen_electoral_saxony_core,MEDIUM,promo_004cd3264a32,MAPGEN-012,promoted from a reviewed staged candidate,
seven_years_war_1756_08_01,TERRESTRIAL_HEX,h6000_q-000389_r+001266,src_9d6f03b5c85f,hsrc_34735c52ef0d,hev_63418cd6ce49|hev_886d8a602567,hbf_9982d6cab487,hsub_meissen_electoral_saxony_core,MEDIUM,promo_004cd3264a32,MAPGEN-012,promoted from a reviewed staged candidate,
seven_years_war_1756_08_01,TERRESTRIAL_HEX,h6000_q-000388_r+001266,src_9d6f03b5c85f,hsrc_34735c52ef0d,hev_63418cd6ce49|hev_886d8a602567,hbf_9982d6cab487,hsub_meissen_electoral_saxony_core,MEDIUM,promo_004cd3264a32,MAPGEN-012,promoted from a reviewed staged candidate,
seven_years_war_1756_08_01,TERRESTRIAL_HEX,h6000_q-000387_r+001266,src_9d6f03b5c85f,hsrc_34735c52ef0d,hev_63418cd6ce49|hev_886d8a602567,hbf_9982d6cab487,hsub_meissen_electoral_saxony_core,MEDIUM,promo_004cd3264a32,MAPGEN-012,promoted from a reviewed staged candidate,
seven_years_war_1756_08_01,TERRESTRIAL_HEX,h6000_q-000386_r+001266,src_9d6f03b5c85f,hsrc_34735c52ef0d,hev_63418cd6ce49|hev_886d8a602567,hbf_9982d6cab487,hsub_meissen_electoral_saxony_core,MEDIUM,promo_004cd3264a32,MAPGEN-012,promoted from a reviewed staged candidate,
seven_years_war_1756_08_01,TERRESTRIAL_HEX,h6000_q-000385_r+001266,src_9d6f03b5c85f,hsrc_34735c52ef0d,hev_63418cd6ce49|hev_886d8a602567,hbf_9982d6cab487,hsub_meissen_electoral_saxony_core,MEDIUM,promo_004cd3264a32,MAPGEN-012,promoted from a reviewed staged candidate,
seven_years_war_1756_08_01,TERRESTRIAL_HEX,h6000_q-000384_r+001266,src_9d6f03b5c85f,hsrc_34735c52ef0d,hev_63418cd6ce49|hev_886d8a602567,hbf_9982d6cab487,hsub_meissen_electoral_saxony_core,MEDIUM,promo_004cd3264a32,MAPGEN-012,promoted from a reviewed staged candidate,
seven_years_war_1756_08_01,TERRESTRIAL_HEX,h6000_q-000413_r+001267,src_9d6f03b5c85f,hsrc_34735c52ef0d,hev_63418cd6ce49|hev_886d8a602567,hbf_9982d6cab487,hsub_meissen_electoral_saxony_core,MEDIUM,promo_004cd3264a32,MAPGEN-012,promoted from a reviewed staged candidate,
seven_years_war_1756_08_01,TERRESTRIAL_HEX,h6000_q-000412_r+001267,src_9d6f03b5c85f,hsrc_34735c52ef0d,hev_63418cd6ce49|hev_886d8a602567,hbf_9982d6cab487,hsub_meissen_electoral_saxony_core,MEDIUM,promo_004cd3264a32,MAPGEN-012,promoted from a reviewed staged candidate,
seven_years_war_1756_08_01,TERRESTRIAL_HEX,h6000_q-000411_r+001267,src_9d6f03b5c85f,hsrc_34735c52ef0d,hev_63418cd6ce49|hev_886d8a602567,hbf_9982d6cab487,hsub_meissen_electoral_saxony_core,MEDIUM,promo_004cd3264a32,MAPGEN-012,promoted from a reviewed staged candidate,
seven_years_war_1756_08_01,TERRESTRIAL_HEX,h6000_q-000410_r+001267,src_9d6f03b5c85f,hsrc_34735c52ef0d,hev_63418cd6ce49|hev_886d8a602567,hbf_9982d6cab487,hsub_meissen_electoral_saxony_core,MEDIUM,promo_004cd3264a32,MAPGEN-012,promoted from a reviewed staged candidate,
seven_years_war_1756_08_01,TERRESTRIAL_HEX,h6000_q-000408_r+001267,src_9d6f03b5c85f,hsrc_34735c52ef0d,hev_63418cd6ce49|hev_886d8a602567,hbf_9982d6cab487,hsub_meissen_electoral_saxony_core,MEDIUM,promo_004cd3264a32,MAPGEN-012,promoted from a reviewed staged candidate,
seven_years_war_1756_08_01,TERRESTRIAL_HEX,h6000_q-000407_r+001267,src_9d6f03b5c85f,hsrc_34735c52ef0d,hev_63418cd6ce49|hev_886d8a602567,hbf_9982d6cab487,hsub_meissen_electoral_saxony_core,MEDIUM,promo_004cd3264a32,MAPGEN-012,promoted from a reviewed staged candidate,
seven_years_war_1756_08_01,TERRESTRIAL_HEX,h6000_q-000406_r+001267,src_9d6f03b5c85f,hsrc_34735c52ef0d,hev_63418cd6ce49|hev_886d8a602567,hbf_9982d6cab487,hsub_meissen_electoral_saxony_core,MEDIUM,promo_004cd3264a32,MAPGEN-012,promoted from a reviewed staged candidate,
seven_years_war_1756_08_01,TERRESTRIAL_HEX,h6000_q-000405_r+001267,src_9d6f03b5c85f,hsrc_34735c52ef0d,hev_63418cd6ce49|hev_886d8a602567,hbf_9982d6cab487,hsub_meissen_electoral_saxony_core,MEDIUM,promo_004cd3264a32,MAPGEN-012,promoted from a reviewed staged candidate,
seven_years_war_1756_08_01,TERRESTRIAL_HEX,h6000_q-000404_r+001267,src_9d6f03b5c85f,hsrc_34735c52ef0d,hev_63418cd6ce49|hev_886d8a602567,hbf_9982d6cab487,hsub_meissen_electoral_saxony_core,MEDIUM,promo_004cd3264a32,MAPGEN-012,promoted from a reviewed staged candidate,
seven_years_war_1756_08_01,TERRESTRIAL_HEX,h6000_q-000403_r+001267,src_9d6f03b5c85f,hsrc_34735c52ef0d,hev_63418cd6ce49|hev_886d8a602567,hbf_9982d6cab487,hsub_meissen_electoral_saxony_core,MEDIUM,promo_004cd3264a32,MAPGEN-012,promoted from a reviewed staged candidate,
seven_years_war_1756_08_01,TERRESTRIAL_HEX,h6000_q-000402_r+001267,src_9d6f03b5c85f,hsrc_34735c52ef0d,hev_63418cd6ce49|hev_886d8a602567,hbf_9982d6cab487,hsub_meissen_electoral_saxony_core,MEDIUM,promo_004cd3264a32,MAPGEN-012,promoted from a reviewed staged candidate,
seven_years_war_1756_08_01,TERRESTRIAL_HEX,h6000_q-000401_r+001267,src_9d6f03b5c85f,hsrc_34735c52ef0d,hev_63418cd6ce49|hev_886d8a602567,hbf_9982d6cab487,hsub_meissen_electoral_saxony_core,MEDIUM,promo_004cd3264a32,MAPGEN-012,promoted from a reviewed staged candidate,
seven_years_war_1756_08_01,TERRESTRIAL_HEX,h6000_q-000400_r+001267,src_9d6f03b5c85f,hsrc_34735c52ef0d,hev_63418cd6ce49|hev_886d8a602567,hbf_9982d6cab487,hsub_meissen_electoral_saxony_core,MEDIUM,promo_004cd3264a32,MAPGEN-012,promoted from a reviewed staged candidate,
seven_years_war_1756_08_01,TERRESTRIAL_HEX,h6000_q-000399_r+001267,src_9d6f03b5c85f,hsrc_34735c52ef0d,hev_63418cd6ce49|hev_886d8a602567,hbf_9982d6cab487,hsub_meissen_electoral_saxony_core,MEDIUM,promo_004cd3264a32,MAPGEN-012,promoted from a reviewed staged candidate,
seven_years_war_1756_08_01,TERRESTRIAL_HEX,h6000_q-000398_r+001267,src_9d6f03b5c85f,hsrc_34735c52ef0d,hev_63418cd6ce49|hev_886d8a602567,hbf_9982d6cab487,hsub_meissen_electoral_saxony_core,MEDIUM,promo_004cd3264a32,MAPGEN-012,promoted from a reviewed staged candidate,
seven_years_war_1756_08_01,TERRESTRIAL_HEX,h6000_q-000397_r+001267,src_9d6f03b5c85f,hsrc_34735c52ef0d,hev_63418cd6ce49|hev_886d8a602567,hbf_9982d6cab487,hsub_meissen_electoral_saxony_core,MEDIUM,promo_004cd3264a32,MAPGEN-012,promoted from a reviewed staged candidate,
seven_years_war_1756_08_01,TERRESTRIAL_HEX,h6000_q-000396_r+001267,src_9d6f03b5c85f,hsrc_34735c52ef0d,hev_63418cd6ce49|hev_886d8a602567,hbf_9982d6cab487,hsub_meissen_electoral_saxony_core,MEDIUM,promo_004cd3264a32,MAPGEN-012,promoted from a reviewed staged candidate,
seven_years_war_1756_08_01,TERRESTRIAL_HEX,h6000_q-000395_r+001267,src_9d6f03b5c85f,hsrc_34735c52ef0d,hev_63418cd6ce49|hev_886d8a602567,hbf_9982d6cab487,hsub_meissen_electoral_saxony_core,MEDIUM,promo_004cd3264a32,MAPGEN-012,promoted from a reviewed staged candidate,
seven_years_war_1756_08_01,TERRESTRIAL_HEX,h6000_q-000390_r+001267,src_9d6f03b5c85f,hsrc_34735c52ef0d,hev_63418cd6ce49|hev_886d8a602567,hbf_9982d6cab487,hsub_meissen_electoral_saxony_core,MEDIUM,promo_004cd3264a32,MAPGEN-012,promoted from a reviewed staged candidate,
seven_years_war_1756_08_01,TERRESTRIAL_HEX,h6000_q-000389_r+001267,src_9d6f03b5c85f,hsrc_34735c52ef0d,hev_63418cd6ce49|hev_886d8a602567,hbf_9982d6cab487,hsub_meissen_electoral_saxony_core,MEDIUM,promo_004cd3264a32,MAPGEN-012,promoted from a reviewed staged candidate,
seven_years_war_1756_08_01,TERRESTRIAL_HEX,h6000_q-000388_r+001267,src_9d6f03b5c85f,hsrc_34735c52ef0d,hev_63418cd6ce49|hev_886d8a602567,hbf_9982d6cab487,hsub_meissen_electoral_saxony_core,MEDIUM,promo_004cd3264a32,MAPGEN-012,promoted from a reviewed staged candidate,
seven_years_war_1756_08_01,TERRESTRIAL_HEX,h6000_q-000387_r+001267,src_9d6f03b5c85f,hsrc_34735c52ef0d,hev_63418cd6ce49|hev_886d8a602567,hbf_9982d6cab487,hsub_meissen_electoral_saxony_core,MEDIUM,promo_004cd3264a32,MAPGEN-012,promoted from a reviewed staged candidate,
seven_years_war_1756_08_01,TERRESTRIAL_HEX,h6000_q-000386_r+001267,src_9d6f03b5c85f,hsrc_34735c52ef0d,hev_63418cd6ce49|hev_886d8a602567,hbf_9982d6cab487,hsub_meissen_electoral_saxony_core,MEDIUM,promo_004cd3264a32,MAPGEN-012,promoted from a reviewed staged candidate,
seven_years_war_1756_08_01,TERRESTRIAL_HEX,h6000_q-000385_r+001267,src_9d6f03b5c85f,hsrc_34735c52ef0d,hev_63418cd6ce49|hev_886d8a602567,hbf_9982d6cab487,hsub_meissen_electoral_saxony_core,MEDIUM,promo_004cd3264a32,MAPGEN-012,promoted from a reviewed staged candidate,
seven_years_war_1756_08_01,TERRESTRIAL_HEX,h6000_q-000384_r+001267,src_9d6f03b5c85f,hsrc_34735c52ef0d,hev_63418cd6ce49|hev_886d8a602567,hbf_9982d6cab487,hsub_meissen_electoral_saxony_core,MEDIUM,promo_004cd3264a32,MAPGEN-012,promoted from a reviewed staged candidate,
seven_years_war_1756_08_01,TERRESTRIAL_HEX,h6000_q-000383_r+001267,src_9d6f03b5c85f,hsrc_34735c52ef0d,hev_63418cd6ce49|hev_886d8a602567,hbf_9982d6cab487,hsub_meissen_electoral_saxony_core,MEDIUM,promo_004cd3264a32,MAPGEN-012,promoted from a reviewed staged candidate,
seven_years_war_1756_08_01,TERRESTRIAL_HEX,h6000_q-000413_r+001268,src_9d6f03b5c85f,hsrc_34735c52ef0d,hev_63418cd6ce49|hev_886d8a602567,hbf_9982d6cab487,hsub_meissen_electoral_saxony_core,MEDIUM,promo_004cd3264a32,MAPGEN-012,promoted from a reviewed staged candidate,
seven_years_war_1756_08_01,TERRESTRIAL_HEX,h6000_q-000412_r+001268,src_9d6f03b5c85f,hsrc_34735c52ef0d,hev_63418cd6ce49|hev_886d8a602567,hbf_9982d6cab487,hsub_meissen_electoral_saxony_core,MEDIUM,promo_004cd3264a32,MAPGEN-012,promoted from a reviewed staged candidate,
seven_years_war_1756_08_01,TERRESTRIAL_HEX,h6000_q-000411_r+001268,src_9d6f03b5c85f,hsrc_34735c52ef0d,hev_63418cd6ce49|hev_886d8a602567,hbf_9982d6cab487,hsub_meissen_electoral_saxony_core,MEDIUM,promo_004cd3264a32,MAPGEN-012,promoted from a reviewed staged candidate,
seven_years_war_1756_08_01,TERRESTRIAL_HEX,h6000_q-000410_r+001268,src_9d6f03b5c85f,hsrc_34735c52ef0d,hev_63418cd6ce49|hev_886d8a602567,hbf_9982d6cab487,hsub_meissen_electoral_saxony_core,MEDIUM,promo_004cd3264a32,MAPGEN-012,promoted from a reviewed staged candidate,
seven_years_war_1756_08_01,TERRESTRIAL_HEX,h6000_q-000409_r+001268,src_9d6f03b5c85f,hsrc_34735c52ef0d,hev_63418cd6ce49|hev_886d8a602567,hbf_9982d6cab487,hsub_meissen_electoral_saxony_core,MEDIUM,promo_004cd3264a32,MAPGEN-012,promoted from a reviewed staged candidate,
seven_years_war_1756_08_01,TERRESTRIAL_HEX,h6000_q-000408_r+001268,src_9d6f03b5c85f,hsrc_34735c52ef0d,hev_63418cd6ce49|hev_886d8a602567,hbf_9982d6cab487,hsub_meissen_electoral_saxony_core,MEDIUM,promo_004cd3264a32,MAPGEN-012,promoted from a reviewed staged candidate,
seven_years_war_1756_08_01,TERRESTRIAL_HEX,h6000_q-000407_r+001268,src_9d6f03b5c85f,hsrc_34735c52ef0d,hev_63418cd6ce49|hev_886d8a602567,hbf_9982d6cab487,hsub_meissen_electoral_saxony_core,MEDIUM,promo_004cd3264a32,MAPGEN-012,promoted from a reviewed staged candidate,
seven_years_war_1756_08_01,TERRESTRIAL_HEX,h6000_q-000406_r+001268,src_9d6f03b5c85f,hsrc_34735c52ef0d,hev_63418cd6ce49|hev_886d8a602567,hbf_9982d6cab487,hsub_meissen_electoral_saxony_core,MEDIUM,promo_004cd3264a32,MAPGEN-012,promoted from a reviewed staged candidate,
seven_years_war_1756_08_01,TERRESTRIAL_HEX,h6000_q-000405_r+001268,src_9d6f03b5c85f,hsrc_34735c52ef0d,hev_63418cd6ce49|hev_886d8a602567,hbf_9982d6cab487,hsub_meissen_electoral_saxony_core,MEDIUM,promo_004cd3264a32,MAPGEN-012,promoted from a reviewed staged candidate,
seven_years_war_1756_08_01,TERRESTRIAL_HEX,h6000_q-000404_r+001268,src_9d6f03b5c85f,hsrc_34735c52ef0d,hev_63418cd6ce49|hev_886d8a602567,hbf_9982d6cab487,hsub_meissen_electoral_saxony_core,MEDIUM,promo_004cd3264a32,MAPGEN-012,promoted from a reviewed staged candidate,
seven_years_war_1756_08_01,TERRESTRIAL_HEX,h6000_q-000403_r+001268,src_9d6f03b5c85f,hsrc_34735c52ef0d,hev_63418cd6ce49|hev_886d8a602567,hbf_9982d6cab487,hsub_meissen_electoral_saxony_core,MEDIUM,promo_004cd3264a32,MAPGEN-012,promoted from a reviewed staged candidate,
seven_years_war_1756_08_01,TERRESTRIAL_HEX,h6000_q-000402_r+001268,src_9d6f03b5c85f,hsrc_34735c52ef0d,hev_63418cd6ce49|hev_886d8a602567,hbf_9982d6cab487,hsub_meissen_electoral_saxony_core,MEDIUM,promo_004cd3264a32,MAPGEN-012,promoted from a reviewed staged candidate,
seven_years_war_1756_08_01,TERRESTRIAL_HEX,h6000_q-000401_r+001268,src_9d6f03b5c85f,hsrc_34735c52ef0d,hev_63418cd6ce49|hev_886d8a602567,hbf_9982d6cab487,hsub_meissen_electoral_saxony_core,MEDIUM,promo_004cd3264a32,MAPGEN-012,promoted from a reviewed staged candidate,
seven_years_war_1756_08_01,TERRESTRIAL_HEX,h6000_q-000400_r+001268,src_9d6f03b5c85f,hsrc_34735c52ef0d,hev_63418cd6ce49|hev_886d8a602567,hbf_9982d6cab487,hsub_meissen_electoral_saxony_core,MEDIUM,promo_004cd3264a32,MAPGEN-012,promoted from a reviewed staged candidate,
seven_years_war_1756_08_01,TERRESTRIAL_HEX,h6000_q-000399_r+001268,src_9d6f03b5c85f,hsrc_34735c52ef0d,hev_63418cd6ce49|hev_886d8a602567,hbf_9982d6cab487,hsub_meissen_electoral_saxony_core,MEDIUM,promo_004cd3264a32,MAPGEN-012,promoted from a reviewed staged candidate,
seven_years_war_1756_08_01,TERRESTRIAL_HEX,h6000_q-000398_r+001268,src_9d6f03b5c85f,hsrc_34735c52ef0d,hev_63418cd6ce49|hev_886d8a602567,hbf_9982d6cab487,hsub_meissen_electoral_saxony_core,MEDIUM,promo_004cd3264a32,MAPGEN-012,promoted from a reviewed staged candidate,
seven_years_war_1756_08_01,TERRESTRIAL_HEX,h6000_q-000397_r+001268,src_9d6f03b5c85f,hsrc_34735c52ef0d,hev_63418cd6ce49|hev_886d8a602567,hbf_9982d6cab487,hsub_meissen_electoral_saxony_core,MEDIUM,promo_004cd3264a32,MAPGEN-012,promoted from a reviewed staged candidate,
seven_years_war_1756_08_01,TERRESTRIAL_HEX,h6000_q-000396_r+001268,src_9d6f03b5c85f,hsrc_34735c52ef0d,hev_63418cd6ce49|hev_886d8a602567,hbf_9982d6cab487,hsub_meissen_electoral_saxony_core,MEDIUM,promo_004cd3264a32,MAPGEN-012,promoted from a reviewed staged candidate,
seven_years_war_1756_08_01,TERRESTRIAL_HEX,h6000_q-000395_r+001268,src_9d6f03b5c85f,hsrc_34735c52ef0d,hev_63418cd6ce49|hev_886d8a602567,hbf_9982d6cab487,hsub_meissen_electoral_saxony_core,MEDIUM,promo_004cd3264a32,MAPGEN-012,promoted from a reviewed staged candidate,
seven_years_war_1756_08_01,TERRESTRIAL_HEX,h6000_q-000391_r+001268,src_9d6f03b5c85f,hsrc_34735c52ef0d,hev_63418cd6ce49|hev_886d8a602567,hbf_9982d6cab487,hsub_meissen_electoral_saxony_core,MEDIUM,promo_004cd3264a32,MAPGEN-012,promoted from a reviewed staged candidate,
seven_years_war_1756_08_01,TERRESTRIAL_HEX,h6000_q-000390_r+001268,src_9d6f03b5c85f,hsrc_34735c52ef0d,hev_63418cd6ce49|hev_886d8a602567,hbf_9982d6cab487,hsub_meissen_electoral_saxony_core,MEDIUM,promo_004cd3264a32,MAPGEN-012,promoted from a reviewed staged candidate,
seven_years_war_1756_08_01,TERRESTRIAL_HEX,h6000_q-000389_r+001268,src_9d6f03b5c85f,hsrc_34735c52ef0d,hev_63418cd6ce49|hev_886d8a602567,hbf_9982d6cab487,hsub_meissen_electoral_saxony_core,MEDIUM,promo_004cd3264a32,MAPGEN-012,promoted from a reviewed staged candidate,
seven_years_war_1756_08_01,TERRESTRIAL_HEX,h6000_q-000388_r+001268,src_9d6f03b5c85f,hsrc_34735c52ef0d,hev_63418cd6ce49|hev_886d8a602567,hbf_9982d6cab487,hsub_meissen_electoral_saxony_core,MEDIUM,promo_004cd3264a32,MAPGEN-012,promoted from a reviewed staged candidate,
seven_years_war_1756_08_01,TERRESTRIAL_HEX,h6000_q-000387_r+001268,src_9d6f03b5c85f,hsrc_34735c52ef0d,hev_63418cd6ce49|hev_886d8a602567,hbf_9982d6cab487,hsub_meissen_electoral_saxony_core,MEDIUM,promo_004cd3264a32,MAPGEN-012,promoted from a reviewed staged candidate,
seven_years_war_1756_08_01,TERRESTRIAL_HEX,h6000_q-000386_r+001268,src_9d6f03b5c85f,hsrc_34735c52ef0d,hev_63418cd6ce49|hev_886d8a602567,hbf_9982d6cab487,hsub_meissen_electoral_saxony_core,MEDIUM,promo_004cd3264a32,MAPGEN-012,promoted from a reviewed staged candidate,
seven_years_war_1756_08_01,TERRESTRIAL_HEX,h6000_q-000385_r+001268,src_9d6f03b5c85f,hsrc_34735c52ef0d,hev_63418cd6ce49|hev_886d8a602567,hbf_9982d6cab487,hsub_meissen_electoral_saxony_core,MEDIUM,promo_004cd3264a32,MAPGEN-012,promoted from a reviewed staged candidate,
seven_years_war_1756_08_01,TERRESTRIAL_HEX,h6000_q-000384_r+001268,src_9d6f03b5c85f,hsrc_34735c52ef0d,hev_63418cd6ce49|hev_886d8a602567,hbf_9982d6cab487,hsub_meissen_electoral_saxony_core,MEDIUM,promo_004cd3264a32,MAPGEN-012,promoted from a reviewed staged candidate,
seven_years_war_1756_08_01,TERRESTRIAL_HEX,h6000_q-000383_r+001268,src_9d6f03b5c85f,hsrc_34735c52ef0d,hev_63418cd6ce49|hev_886d8a602567,hbf_9982d6cab487,hsub_meissen_electoral_saxony_core,MEDIUM,promo_004cd3264a32,MAPGEN-012,promoted from a reviewed staged candidate,
seven_years_war_1756_08_01,TERRESTRIAL_HEX,h6000_q-000382_r+001268,src_9d6f03b5c85f,hsrc_34735c52ef0d,hev_63418cd6ce49|hev_886d8a602567,hbf_9982d6cab487,hsub_meissen_electoral_saxony_core,MEDIUM,promo_004cd3264a32,MAPGEN-012,promoted from a reviewed staged candidate,
seven_years_war_1756_08_01,TERRESTRIAL_HEX,h6000_q-000413_r+001269,src_9d6f03b5c85f,hsrc_34735c52ef0d,hev_63418cd6ce49|hev_886d8a602567,hbf_9982d6cab487,hsub_meissen_electoral_saxony_core,MEDIUM,promo_004cd3264a32,MAPGEN-012,promoted from a reviewed staged candidate,
seven_years_war_1756_08_01,TERRESTRIAL_HEX,h6000_q-000412_r+001269,src_9d6f03b5c85f,hsrc_34735c52ef0d,hev_63418cd6ce49|hev_886d8a602567,hbf_9982d6cab487,hsub_meissen_electoral_saxony_core,MEDIUM,promo_004cd3264a32,MAPGEN-012,promoted from a reviewed staged candidate,
seven_years_war_1756_08_01,TERRESTRIAL_HEX,h6000_q-000411_r+001269,src_9d6f03b5c85f,hsrc_34735c52ef0d,hev_63418cd6ce49|hev_886d8a602567,hbf_9982d6cab487,hsub_meissen_electoral_saxony_core,MEDIUM,promo_004cd3264a32,MAPGEN-012,promoted from a reviewed staged candidate,
seven_years_war_1756_08_01,TERRESTRIAL_HEX,h6000_q-000410_r+001269,src_9d6f03b5c85f,hsrc_34735c52ef0d,hev_63418cd6ce49|hev_886d8a602567,hbf_9982d6cab487,hsub_meissen_electoral_saxony_core,MEDIUM,promo_004cd3264a32,MAPGEN-012,promoted from a reviewed staged candidate,
seven_years_war_1756_08_01,TERRESTRIAL_HEX,h6000_q-000409_r+001269,src_9d6f03b5c85f,hsrc_34735c52ef0d,hev_63418cd6ce49|hev_886d8a602567,hbf_9982d6cab487,hsub_meissen_electoral_saxony_core,MEDIUM,promo_004cd3264a32,MAPGEN-012,promoted from a reviewed staged candidate,
seven_years_war_1756_08_01,TERRESTRIAL_HEX,h6000_q-000406_r+001269,src_9d6f03b5c85f,hsrc_34735c52ef0d,hev_63418cd6ce49|hev_886d8a602567,hbf_9982d6cab487,hsub_meissen_electoral_saxony_core,MEDIUM,promo_004cd3264a32,MAPGEN-012,promoted from a reviewed staged candidate,
seven_years_war_1756_08_01,TERRESTRIAL_HEX,h6000_q-000405_r+001269,src_9d6f03b5c85f,hsrc_34735c52ef0d,hev_63418cd6ce49|hev_886d8a602567,hbf_9982d6cab487,hsub_meissen_electoral_saxony_core,MEDIUM,promo_004cd3264a32,MAPGEN-012,promoted from a reviewed staged candidate,
seven_years_war_1756_08_01,TERRESTRIAL_HEX,h6000_q-000404_r+001269,src_9d6f03b5c85f,hsrc_34735c52ef0d,hev_63418cd6ce49|hev_886d8a602567,hbf_9982d6cab487,hsub_meissen_electoral_saxony_core,MEDIUM,promo_004cd3264a32,MAPGEN-012,promoted from a reviewed staged candidate,
seven_years_war_1756_08_01,TERRESTRIAL_HEX,h6000_q-000403_r+001269,src_9d6f03b5c85f,hsrc_34735c52ef0d,hev_63418cd6ce49|hev_886d8a602567,hbf_9982d6cab487,hsub_meissen_electoral_saxony_core,MEDIUM,promo_004cd3264a32,MAPGEN-012,promoted from a reviewed staged candidate,
seven_years_war_1756_08_01,TERRESTRIAL_HEX,h6000_q-000402_r+001269,src_9d6f03b5c85f,hsrc_34735c52ef0d,hev_63418cd6ce49|hev_886d8a602567,hbf_9982d6cab487,hsub_meissen_electoral_saxony_core,MEDIUM,promo_004cd3264a32,MAPGEN-012,promoted from a reviewed staged candidate,
seven_years_war_1756_08_01,TERRESTRIAL_HEX,h6000_q-000401_r+001269,src_9d6f03b5c85f,hsrc_34735c52ef0d,hev_63418cd6ce49|hev_886d8a602567,hbf_9982d6cab487,hsub_meissen_electoral_saxony_core,MEDIUM,promo_004cd3264a32,MAPGEN-012,promoted from a reviewed staged candidate,
seven_years_war_1756_08_01,TERRESTRIAL_HEX,h6000_q-000400_r+001269,src_9d6f03b5c85f,hsrc_34735c52ef0d,hev_63418cd6ce49|hev_886d8a602567,hbf_9982d6cab487,hsub_meissen_electoral_saxony_core,MEDIUM,promo_004cd3264a32,MAPGEN-012,promoted from a reviewed staged candidate,
seven_years_war_1756_08_01,TERRESTRIAL_HEX,h6000_q-000399_r+001269,src_9d6f03b5c85f,hsrc_34735c52ef0d,hev_63418cd6ce49|hev_886d8a602567,hbf_9982d6cab487,hsub_meissen_electoral_saxony_core,MEDIUM,promo_004cd3264a32,MAPGEN-012,promoted from a reviewed staged candidate,
seven_years_war_1756_08_01,TERRESTRIAL_HEX,h6000_q-000398_r+001269,src_9d6f03b5c85f,hsrc_34735c52ef0d,hev_63418cd6ce49|hev_886d8a602567,hbf_9982d6cab487,hsub_meissen_electoral_saxony_core,MEDIUM,promo_004cd3264a32,MAPGEN-012,promoted from a reviewed staged candidate,
seven_years_war_1756_08_01,TERRESTRIAL_HEX,h6000_q-000397_r+001269,src_9d6f03b5c85f,hsrc_34735c52ef0d,hev_63418cd6ce49|hev_886d8a602567,hbf_9982d6cab487,hsub_meissen_electoral_saxony_core,MEDIUM,promo_004cd3264a32,MAPGEN-012,promoted from a reviewed staged candidate,
seven_years_war_1756_08_01,TERRESTRIAL_HEX,h6000_q-000396_r+001269,src_9d6f03b5c85f,hsrc_34735c52ef0d,hev_63418cd6ce49|hev_886d8a602567,hbf_9982d6cab487,hsub_meissen_electoral_saxony_core,MEDIUM,promo_004cd3264a32,MAPGEN-012,promoted from a reviewed staged candidate,
seven_years_war_1756_08_01,TERRESTRIAL_HEX,h6000_q-000395_r+001269,src_9d6f03b5c85f,hsrc_34735c52ef0d,hev_63418cd6ce49|hev_886d8a602567,hbf_9982d6cab487,hsub_meissen_electoral_saxony_core,MEDIUM,promo_004cd3264a32,MAPGEN-012,promoted from a reviewed staged candidate,
seven_years_war_1756_08_01,TERRESTRIAL_HEX,h6000_q-000394_r+001269,src_9d6f03b5c85f,hsrc_34735c52ef0d,hev_63418cd6ce49|hev_886d8a602567,hbf_9982d6cab487,hsub_meissen_electoral_saxony_core,MEDIUM,promo_004cd3264a32,MAPGEN-012,promoted from a reviewed staged candidate,
seven_years_war_1756_08_01,TERRESTRIAL_HEX,h6000_q-000393_r+001269,src_9d6f03b5c85f,hsrc_34735c52ef0d,hev_63418cd6ce49|hev_886d8a602567,hbf_9982d6cab487,hsub_meissen_electoral_saxony_core,MEDIUM,promo_004cd3264a32,MAPGEN-012,promoted from a reviewed staged candidate,
seven_years_war_1756_08_01,TERRESTRIAL_HEX,h6000_q-000392_r+001269,src_9d6f03b5c85f,hsrc_34735c52ef0d,hev_63418cd6ce49|hev_886d8a602567,hbf_9982d6cab487,hsub_meissen_electoral_saxony_core,MEDIUM,promo_004cd3264a32,MAPGEN-012,promoted from a reviewed staged candidate,
seven_years_war_1756_08_01,TERRESTRIAL_HEX,h6000_q-000391_r+001269,src_9d6f03b5c85f,hsrc_34735c52ef0d,hev_63418cd6ce49|hev_886d8a602567,hbf_9982d6cab487,hsub_meissen_electoral_saxony_core,MEDIUM,promo_004cd3264a32,MAPGEN-012,promoted from a reviewed staged candidate,
seven_years_war_1756_08_01,TERRESTRIAL_HEX,h6000_q-000390_r+001269,src_9d6f03b5c85f,hsrc_34735c52ef0d,hev_63418cd6ce49|hev_886d8a602567,hbf_9982d6cab487,hsub_meissen_electoral_saxony_core,MEDIUM,promo_004cd3264a32,MAPGEN-012,promoted from a reviewed staged candidate,
seven_years_war_1756_08_01,TERRESTRIAL_HEX,h6000_q-000389_r+001269,src_9d6f03b5c85f,hsrc_34735c52ef0d,hev_63418cd6ce49|hev_886d8a602567,hbf_9982d6cab487,hsub_meissen_electoral_saxony_core,MEDIUM,promo_004cd3264a32,MAPGEN-012,promoted from a reviewed staged candidate,
seven_years_war_1756_08_01,TERRESTRIAL_HEX,h6000_q-000388_r+001269,src_9d6f03b5c85f,hsrc_34735c52ef0d,hev_63418cd6ce49|hev_886d8a602567,hbf_9982d6cab487,hsub_meissen_electoral_saxony_core,MEDIUM,promo_004cd3264a32,MAPGEN-012,promoted from a reviewed staged candidate,
seven_years_war_1756_08_01,TERRESTRIAL_HEX,h6000_q-000387_r+001269,src_9d6f03b5c85f,hsrc_34735c52ef0d,hev_63418cd6ce49|hev_886d8a602567,hbf_9982d6cab487,hsub_meissen_electoral_saxony_core,MEDIUM,promo_004cd3264a32,MAPGEN-012,promoted from a reviewed staged candidate,
seven_years_war_1756_08_01,TERRESTRIAL_HEX,h6000_q-000386_r+001269,src_9d6f03b5c85f,hsrc_34735c52ef0d,hev_63418cd6ce49|hev_886d8a602567,hbf_9982d6cab487,hsub_meissen_electoral_saxony_core,MEDIUM,promo_004cd3264a32,MAPGEN-012,promoted from a reviewed staged candidate,
seven_years_war_1756_08_01,TERRESTRIAL_HEX,h6000_q-000385_r+001269,src_9d6f03b5c85f,hsrc_34735c52ef0d,hev_63418cd6ce49|hev_886d8a602567,hbf_9982d6cab487,hsub_meissen_electoral_saxony_core,MEDIUM,promo_004cd3264a32,MAPGEN-012,promoted from a reviewed staged candidate,
seven_years_war_1756_08_01,TERRESTRIAL_HEX,h6000_q-000384_r+001269,src_9d6f03b5c85f,hsrc_34735c52ef0d,hev_63418cd6ce49|hev_886d8a602567,hbf_9982d6cab487,hsub_meissen_electoral_saxony_core,MEDIUM,promo_004cd3264a32,MAPGEN-012,promoted from a reviewed staged candidate,
seven_years_war_1756_08_01,TERRESTRIAL_HEX,h6000_q-000383_r+001269,src_9d6f03b5c85f,hsrc_34735c52ef0d,hev_63418cd6ce49|hev_886d8a602567,hbf_9982d6cab487,hsub_meissen_electoral_saxony_core,MEDIUM,promo_004cd3264a32,MAPGEN-012,promoted from a reviewed staged candidate,
seven_years_war_1756_08_01,TERRESTRIAL_HEX,h6000_q-000382_r+001269,src_9d6f03b5c85f,hsrc_34735c52ef0d,hev_63418cd6ce49|hev_886d8a602567,hbf_9982d6cab487,hsub_meissen_electoral_saxony_core,MEDIUM,promo_004cd3264a32,MAPGEN-012,promoted from a reviewed staged candidate,
seven_years_war_1756_08_01,TERRESTRIAL_HEX,h6000_q-000381_r+001269,src_9d6f03b5c85f,hsrc_34735c52ef0d,hev_63418cd6ce49|hev_886d8a602567,hbf_9982d6cab487,hsub_meissen_electoral_saxony_core,MEDIUM,promo_004cd3264a32,MAPGEN-012,promoted from a reviewed staged candidate,
seven_years_war_1756_08_01,TERRESTRIAL_HEX,h6000_q-000380_r+001269,src_9d6f03b5c85f,hsrc_34735c52ef0d,hev_63418cd6ce49|hev_886d8a602567,hbf_9982d6cab487,hsub_meissen_electoral_saxony_core,MEDIUM,promo_004cd3264a32,MAPGEN-012,promoted from a reviewed staged candidate,
seven_years_war_1756_08_01,TERRESTRIAL_HEX,h6000_q-000379_r+001269,src_9d6f03b5c85f,hsrc_34735c52ef0d,hev_63418cd6ce49|hev_886d8a602567,hbf_9982d6cab487,hsub_meissen_electoral_saxony_core,MEDIUM,promo_004cd3264a32,MAPGEN-012,promoted from a reviewed staged candidate,
seven_years_war_1756_08_01,TERRESTRIAL_HEX,h6000_q-000413_r+001270,src_9d6f03b5c85f,hsrc_34735c52ef0d,hev_63418cd6ce49|hev_886d8a602567,hbf_9982d6cab487,hsub_meissen_electoral_saxony_core,MEDIUM,promo_004cd3264a32,MAPGEN-012,promoted from a reviewed staged candidate,
seven_years_war_1756_08_01,TERRESTRIAL_HEX,h6000_q-000405_r+001270,src_9d6f03b5c85f,hsrc_34735c52ef0d,hev_63418cd6ce49|hev_886d8a602567,hbf_9982d6cab487,hsub_meissen_electoral_saxony_core,MEDIUM,promo_004cd3264a32,MAPGEN-012,promoted from a reviewed staged candidate,
seven_years_war_1756_08_01,TERRESTRIAL_HEX,h6000_q-000404_r+001270,src_9d6f03b5c85f,hsrc_34735c52ef0d,hev_63418cd6ce49|hev_886d8a602567,hbf_9982d6cab487,hsub_meissen_electoral_saxony_core,MEDIUM,promo_004cd3264a32,MAPGEN-012,promoted from a reviewed staged candidate,
seven_years_war_1756_08_01,TERRESTRIAL_HEX,h6000_q-000403_r+001270,src_9d6f03b5c85f,hsrc_34735c52ef0d,hev_63418cd6ce49|hev_886d8a602567,hbf_9982d6cab487,hsub_meissen_electoral_saxony_core,MEDIUM,promo_004cd3264a32,MAPGEN-012,promoted from a reviewed staged candidate,
seven_years_war_1756_08_01,TERRESTRIAL_HEX,h6000_q-000402_r+001270,src_9d6f03b5c85f,hsrc_34735c52ef0d,hev_63418cd6ce49|hev_886d8a602567,hbf_9982d6cab487,hsub_meissen_electoral_saxony_core,MEDIUM,promo_004cd3264a32,MAPGEN-012,promoted from a reviewed staged candidate,
seven_years_war_1756_08_01,TERRESTRIAL_HEX,h6000_q-000401_r+001270,src_9d6f03b5c85f,hsrc_34735c52ef0d,hev_63418cd6ce49|hev_886d8a602567,hbf_9982d6cab487,hsub_meissen_electoral_saxony_core,MEDIUM,promo_004cd3264a32,MAPGEN-012,promoted from a reviewed staged candidate,
seven_years_war_1756_08_01,TERRESTRIAL_HEX,h6000_q-000400_r+001270,src_9d6f03b5c85f,hsrc_34735c52ef0d,hev_63418cd6ce49|hev_886d8a602567,hbf_9982d6cab487,hsub_meissen_electoral_saxony_core,MEDIUM,promo_004cd3264a32,MAPGEN-012,promoted from a reviewed staged candidate,
seven_years_war_1756_08_01,TERRESTRIAL_HEX,h6000_q-000399_r+001270,src_9d6f03b5c85f,hsrc_34735c52ef0d,hev_63418cd6ce49|hev_886d8a602567,hbf_9982d6cab487,hsub_meissen_electoral_saxony_core,MEDIUM,promo_004cd3264a32,MAPGEN-012,promoted from a reviewed staged candidate,
seven_years_war_1756_08_01,TERRESTRIAL_HEX,h6000_q-000398_r+001270,src_9d6f03b5c85f,hsrc_34735c52ef0d,hev_63418cd6ce49|hev_886d8a602567,hbf_9982d6cab487,hsub_meissen_electoral_saxony_core,MEDIUM,promo_004cd3264a32,MAPGEN-012,promoted from a reviewed staged candidate,
seven_years_war_1756_08_01,TERRESTRIAL_HEX,h6000_q-000397_r+001270,src_9d6f03b5c85f,hsrc_34735c52ef0d,hev_63418cd6ce49|hev_886d8a602567,hbf_9982d6cab487,hsub_meissen_electoral_saxony_core,MEDIUM,promo_004cd3264a32,MAPGEN-012,promoted from a reviewed staged candidate,
seven_years_war_1756_08_01,TERRESTRIAL_HEX,h6000_q-000396_r+001270,src_9d6f03b5c85f,hsrc_34735c52ef0d,hev_63418cd6ce49|hev_886d8a602567,hbf_9982d6cab487,hsub_meissen_electoral_saxony_core,MEDIUM,promo_004cd3264a32,MAPGEN-012,promoted from a reviewed staged candidate,
seven_years_war_1756_08_01,TERRESTRIAL_HEX,h6000_q-000395_r+001270,src_9d6f03b5c85f,hsrc_34735c52ef0d,hev_63418cd6ce49|hev_886d8a602567,hbf_9982d6cab487,hsub_meissen_electoral_saxony_core,MEDIUM,promo_004cd3264a32,MAPGEN-012,promoted from a reviewed staged candidate,
seven_years_war_1756_08_01,TERRESTRIAL_HEX,h6000_q-000394_r+001270,src_9d6f03b5c85f,hsrc_34735c52ef0d,hev_63418cd6ce49|hev_886d8a602567,hbf_9982d6cab487,hsub_meissen_electoral_saxony_core,MEDIUM,promo_004cd3264a32,MAPGEN-012,promoted from a reviewed staged candidate,
seven_years_war_1756_08_01,TERRESTRIAL_HEX,h6000_q-000393_r+001270,src_9d6f03b5c85f,hsrc_34735c52ef0d,hev_63418cd6ce49|hev_886d8a602567,hbf_9982d6cab487,hsub_meissen_electoral_saxony_core,MEDIUM,promo_004cd3264a32,MAPGEN-012,promoted from a reviewed staged candidate,
seven_years_war_1756_08_01,TERRESTRIAL_HEX,h6000_q-000392_r+001270,src_9d6f03b5c85f,hsrc_34735c52ef0d,hev_63418cd6ce49|hev_886d8a602567,hbf_9982d6cab487,hsub_meissen_electoral_saxony_core,MEDIUM,promo_004cd3264a32,MAPGEN-012,promoted from a reviewed staged candidate,
seven_years_war_1756_08_01,TERRESTRIAL_HEX,h6000_q-000391_r+001270,src_9d6f03b5c85f,hsrc_34735c52ef0d,hev_63418cd6ce49|hev_886d8a602567,hbf_9982d6cab487,hsub_meissen_electoral_saxony_core,MEDIUM,promo_004cd3264a32,MAPGEN-012,promoted from a reviewed staged candidate,
seven_years_war_1756_08_01,TERRESTRIAL_HEX,h6000_q-000390_r+001270,src_9d6f03b5c85f,hsrc_34735c52ef0d,hev_63418cd6ce49|hev_886d8a602567,hbf_9982d6cab487,hsub_meissen_electoral_saxony_core,MEDIUM,promo_004cd3264a32,MAPGEN-012,promoted from a reviewed staged candidate,
seven_years_war_1756_08_01,TERRESTRIAL_HEX,h6000_q-000389_r+001270,src_9d6f03b5c85f,hsrc_34735c52ef0d,hev_63418cd6ce49|hev_886d8a602567,hbf_9982d6cab487,hsub_meissen_electoral_saxony_core,MEDIUM,promo_004cd3264a32,MAPGEN-012,promoted from a reviewed staged candidate,
seven_years_war_1756_08_01,TERRESTRIAL_HEX,h6000_q-000388_r+001270,src_9d6f03b5c85f,hsrc_34735c52ef0d,hev_63418cd6ce49|hev_886d8a602567,hbf_9982d6cab487,hsub_meissen_electoral_saxony_core,MEDIUM,promo_004cd3264a32,MAPGEN-012,promoted from a reviewed staged candidate,
seven_years_war_1756_08_01,TERRESTRIAL_HEX,h6000_q-000387_r+001270,src_9d6f03b5c85f,hsrc_34735c52ef0d,hev_63418cd6ce49|hev_886d8a602567,hbf_9982d6cab487,hsub_meissen_electoral_saxony_core,MEDIUM,promo_004cd3264a32,MAPGEN-012,promoted from a reviewed staged candidate,
seven_years_war_1756_08_01,TERRESTRIAL_HEX,h6000_q-000386_r+001270,src_9d6f03b5c85f,hsrc_34735c52ef0d,hev_63418cd6ce49|hev_886d8a602567,hbf_9982d6cab487,hsub_meissen_electoral_saxony_core,MEDIUM,promo_004cd3264a32,MAPGEN-012,promoted from a reviewed staged candidate,
seven_years_war_1756_08_01,TERRESTRIAL_HEX,h6000_q-000385_r+001270,src_9d6f03b5c85f,hsrc_34735c52ef0d,hev_63418cd6ce49|hev_886d8a602567,hbf_9982d6cab487,hsub_meissen_electoral_saxony_core,MEDIUM,promo_004cd3264a32,MAPGEN-012,promoted from a reviewed staged candidate,
seven_years_war_1756_08_01,TERRESTRIAL_HEX,h6000_q-000384_r+001270,src_9d6f03b5c85f,hsrc_34735c52ef0d,hev_63418cd6ce49|hev_886d8a602567,hbf_9982d6cab487,hsub_meissen_electoral_saxony_core,MEDIUM,promo_004cd3264a32,MAPGEN-012,promoted from a reviewed staged candidate,
seven_years_war_1756_08_01,TERRESTRIAL_HEX,h6000_q-000383_r+001270,src_9d6f03b5c85f,hsrc_34735c52ef0d,hev_63418cd6ce49|hev_886d8a602567,hbf_9982d6cab487,hsub_meissen_electoral_saxony_core,MEDIUM,promo_004cd3264a32,MAPGEN-012,promoted from a reviewed staged candidate,
seven_years_war_1756_08_01,TERRESTRIAL_HEX,h6000_q-000382_r+001270,src_9d6f03b5c85f,hsrc_34735c52ef0d,hev_63418cd6ce49|hev_886d8a602567,hbf_9982d6cab487,hsub_meissen_electoral_saxony_core,MEDIUM,promo_004cd3264a32,MAPGEN-012,promoted from a reviewed staged candidate,
seven_years_war_1756_08_01,TERRESTRIAL_HEX,h6000_q-000381_r+001270,src_9d6f03b5c85f,hsrc_34735c52ef0d,hev_63418cd6ce49|hev_886d8a602567,hbf_9982d6cab487,hsub_meissen_electoral_saxony_core,MEDIUM,promo_004cd3264a32,MAPGEN-012,promoted from a reviewed staged candidate,
seven_years_war_1756_08_01,TERRESTRIAL_HEX,h6000_q-000380_r+001270,src_9d6f03b5c85f,hsrc_34735c52ef0d,hev_63418cd6ce49|hev_886d8a602567,hbf_9982d6cab487,hsub_meissen_electoral_saxony_core,MEDIUM,promo_004cd3264a32,MAPGEN-012,promoted from a reviewed staged candidate,
seven_years_war_1756_08_01,TERRESTRIAL_HEX,h6000_q-000379_r+001270,src_9d6f03b5c85f,hsrc_34735c52ef0d,hev_63418cd6ce49|hev_886d8a602567,hbf_9982d6cab487,hsub_meissen_electoral_saxony_core,MEDIUM,promo_004cd3264a32,MAPGEN-012,promoted from a reviewed staged candidate,
seven_years_war_1756_08_01,TERRESTRIAL_HEX,h6000_q-000378_r+001270,src_9d6f03b5c85f,hsrc_34735c52ef0d,hev_63418cd6ce49|hev_886d8a602567,hbf_9982d6cab487,hsub_meissen_electoral_saxony_core,MEDIUM,promo_004cd3264a32,MAPGEN-012,promoted from a reviewed staged candidate,
seven_years_war_1756_08_01,TERRESTRIAL_HEX,h6000_q-000405_r+001271,src_9d6f03b5c85f,hsrc_34735c52ef0d,hev_63418cd6ce49|hev_886d8a602567,hbf_9982d6cab487,hsub_meissen_electoral_saxony_core,MEDIUM,promo_004cd3264a32,MAPGEN-012,promoted from a reviewed staged candidate,
seven_years_war_1756_08_01,TERRESTRIAL_HEX,h6000_q-000404_r+001271,src_9d6f03b5c85f,hsrc_34735c52ef0d,hev_63418cd6ce49|hev_886d8a602567,hbf_9982d6cab487,hsub_meissen_electoral_saxony_core,MEDIUM,promo_004cd3264a32,MAPGEN-012,promoted from a reviewed staged candidate,
seven_years_war_1756_08_01,TERRESTRIAL_HEX,h6000_q-000403_r+001271,src_9d6f03b5c85f,hsrc_34735c52ef0d,hev_63418cd6ce49|hev_886d8a602567,hbf_9982d6cab487,hsub_meissen_electoral_saxony_core,MEDIUM,promo_004cd3264a32,MAPGEN-012,promoted from a reviewed staged candidate,
seven_years_war_1756_08_01,TERRESTRIAL_HEX,h6000_q-000402_r+001271,src_9d6f03b5c85f,hsrc_34735c52ef0d,hev_63418cd6ce49|hev_886d8a602567,hbf_9982d6cab487,hsub_meissen_electoral_saxony_core,MEDIUM,promo_004cd3264a32,MAPGEN-012,promoted from a reviewed staged candidate,
seven_years_war_1756_08_01,TERRESTRIAL_HEX,h6000_q-000401_r+001271,src_9d6f03b5c85f,hsrc_34735c52ef0d,hev_63418cd6ce49|hev_886d8a602567,hbf_9982d6cab487,hsub_meissen_electoral_saxony_core,MEDIUM,promo_004cd3264a32,MAPGEN-012,promoted from a reviewed staged candidate,
seven_years_war_1756_08_01,TERRESTRIAL_HEX,h6000_q-000400_r+001271,src_9d6f03b5c85f,hsrc_34735c52ef0d,hev_63418cd6ce49|hev_886d8a602567,hbf_9982d6cab487,hsub_meissen_electoral_saxony_core,MEDIUM,promo_004cd3264a32,MAPGEN-012,promoted from a reviewed staged candidate,
seven_years_war_1756_08_01,TERRESTRIAL_HEX,h6000_q-000399_r+001271,src_9d6f03b5c85f,hsrc_34735c52ef0d,hev_63418cd6ce49|hev_886d8a602567,hbf_9982d6cab487,hsub_meissen_electoral_saxony_core,MEDIUM,promo_004cd3264a32,MAPGEN-012,promoted from a reviewed staged candidate,
seven_years_war_1756_08_01,TERRESTRIAL_HEX,h6000_q-000398_r+001271,src_9d6f03b5c85f,hsrc_34735c52ef0d,hev_63418cd6ce49|hev_886d8a602567,hbf_9982d6cab487,hsub_meissen_electoral_saxony_core,MEDIUM,promo_004cd3264a32,MAPGEN-012,promoted from a reviewed staged candidate,
seven_years_war_1756_08_01,TERRESTRIAL_HEX,h6000_q-000397_r+001271,src_9d6f03b5c85f,hsrc_34735c52ef0d,hev_63418cd6ce49|hev_886d8a602567,hbf_9982d6cab487,hsub_meissen_electoral_saxony_core,MEDIUM,promo_004cd3264a32,MAPGEN-012,promoted from a reviewed staged candidate,
seven_years_war_1756_08_01,TERRESTRIAL_HEX,h6000_q-000396_r+001271,src_9d6f03b5c85f,hsrc_34735c52ef0d,hev_63418cd6ce49|hev_886d8a602567,hbf_9982d6cab487,hsub_meissen_electoral_saxony_core,MEDIUM,promo_004cd3264a32,MAPGEN-012,promoted from a reviewed staged candidate,
seven_years_war_1756_08_01,TERRESTRIAL_HEX,h6000_q-000395_r+001271,src_9d6f03b5c85f,hsrc_34735c52ef0d,hev_63418cd6ce49|hev_886d8a602567,hbf_9982d6cab487,hsub_meissen_electoral_saxony_core,MEDIUM,promo_004cd3264a32,MAPGEN-012,promoted from a reviewed staged candidate,
seven_years_war_1756_08_01,TERRESTRIAL_HEX,h6000_q-000394_r+001271,src_9d6f03b5c85f,hsrc_34735c52ef0d,hev_63418cd6ce49|hev_886d8a602567,hbf_9982d6cab487,hsub_meissen_electoral_saxony_core,MEDIUM,promo_004cd3264a32,MAPGEN-012,promoted from a reviewed staged candidate,
seven_years_war_1756_08_01,TERRESTRIAL_HEX,h6000_q-000393_r+001271,src_9d6f03b5c85f,hsrc_34735c52ef0d,hev_63418cd6ce49|hev_886d8a602567,hbf_9982d6cab487,hsub_meissen_electoral_saxony_core,MEDIUM,promo_004cd3264a32,MAPGEN-012,promoted from a reviewed staged candidate,
seven_years_war_1756_08_01,TERRESTRIAL_HEX,h6000_q-000392_r+001271,src_9d6f03b5c85f,hsrc_34735c52ef0d,hev_63418cd6ce49|hev_886d8a602567,hbf_9982d6cab487,hsub_meissen_electoral_saxony_core,MEDIUM,promo_004cd3264a32,MAPGEN-012,promoted from a reviewed staged candidate,
seven_years_war_1756_08_01,TERRESTRIAL_HEX,h6000_q-000391_r+001271,src_9d6f03b5c85f,hsrc_34735c52ef0d,hev_63418cd6ce49|hev_886d8a602567,hbf_9982d6cab487,hsub_meissen_electoral_saxony_core,MEDIUM,promo_004cd3264a32,MAPGEN-012,promoted from a reviewed staged candidate,
seven_years_war_1756_08_01,TERRESTRIAL_HEX,h6000_q-000390_r+001271,src_9d6f03b5c85f,hsrc_34735c52ef0d,hev_63418cd6ce49|hev_886d8a602567,hbf_9982d6cab487,hsub_meissen_electoral_saxony_core,MEDIUM,promo_004cd3264a32,MAPGEN-012,promoted from a reviewed staged candidate,
seven_years_war_1756_08_01,TERRESTRIAL_HEX,h6000_q-000389_r+001271,src_9d6f03b5c85f,hsrc_34735c52ef0d,hev_63418cd6ce49|hev_886d8a602567,hbf_9982d6cab487,hsub_meissen_electoral_saxony_core,MEDIUM,promo_004cd3264a32,MAPGEN-012,promoted from a reviewed staged candidate,
seven_years_war_1756_08_01,TERRESTRIAL_HEX,h6000_q-000388_r+001271,src_9d6f03b5c85f,hsrc_34735c52ef0d,hev_63418cd6ce49|hev_886d8a602567,hbf_9982d6cab487,hsub_meissen_electoral_saxony_core,MEDIUM,promo_004cd3264a32,MAPGEN-012,promoted from a reviewed staged candidate,
seven_years_war_1756_08_01,TERRESTRIAL_HEX,h6000_q-000387_r+001271,src_9d6f03b5c85f,hsrc_34735c52ef0d,hev_63418cd6ce49|hev_886d8a602567,hbf_9982d6cab487,hsub_meissen_electoral_saxony_core,MEDIUM,promo_004cd3264a32,MAPGEN-012,promoted from a reviewed staged candidate,
seven_years_war_1756_08_01,TERRESTRIAL_HEX,h6000_q-000386_r+001271,src_9d6f03b5c85f,hsrc_34735c52ef0d,hev_63418cd6ce49|hev_886d8a602567,hbf_9982d6cab487,hsub_meissen_electoral_saxony_core,MEDIUM,promo_004cd3264a32,MAPGEN-012,promoted from a reviewed staged candidate,
seven_years_war_1756_08_01,TERRESTRIAL_HEX,h6000_q-000385_r+001271,src_9d6f03b5c85f,hsrc_34735c52ef0d,hev_63418cd6ce49|hev_886d8a602567,hbf_9982d6cab487,hsub_meissen_electoral_saxony_core,MEDIUM,promo_004cd3264a32,MAPGEN-012,promoted from a reviewed staged candidate,
seven_years_war_1756_08_01,TERRESTRIAL_HEX,h6000_q-000384_r+001271,src_9d6f03b5c85f,hsrc_34735c52ef0d,hev_63418cd6ce49|hev_886d8a602567,hbf_9982d6cab487,hsub_meissen_electoral_saxony_core,MEDIUM,promo_004cd3264a32,MAPGEN-012,promoted from a reviewed staged candidate,
seven_years_war_1756_08_01,TERRESTRIAL_HEX,h6000_q-000383_r+001271,src_9d6f03b5c85f,hsrc_34735c52ef0d,hev_63418cd6ce49|hev_886d8a602567,hbf_9982d6cab487,hsub_meissen_electoral_saxony_core,MEDIUM,promo_004cd3264a32,MAPGEN-012,promoted from a reviewed staged candidate,
seven_years_war_1756_08_01,TERRESTRIAL_HEX,h6000_q-000382_r+001271,src_9d6f03b5c85f,hsrc_34735c52ef0d,hev_63418cd6ce49|hev_886d8a602567,hbf_9982d6cab487,hsub_meissen_electoral_saxony_core,MEDIUM,promo_004cd3264a32,MAPGEN-012,promoted from a reviewed staged candidate,
seven_years_war_1756_08_01,TERRESTRIAL_HEX,h6000_q-000381_r+001271,src_9d6f03b5c85f,hsrc_34735c52ef0d,hev_63418cd6ce49|hev_886d8a602567,hbf_9982d6cab487,hsub_meissen_electoral_saxony_core,MEDIUM,promo_004cd3264a32,MAPGEN-012,promoted from a reviewed staged candidate,
seven_years_war_1756_08_01,TERRESTRIAL_HEX,h6000_q-000380_r+001271,src_9d6f03b5c85f,hsrc_34735c52ef0d,hev_63418cd6ce49|hev_886d8a602567,hbf_9982d6cab487,hsub_meissen_electoral_saxony_core,MEDIUM,promo_004cd3264a32,MAPGEN-012,promoted from a reviewed staged candidate,
seven_years_war_1756_08_01,TERRESTRIAL_HEX,h6000_q-000379_r+001271,src_9d6f03b5c85f,hsrc_34735c52ef0d,hev_63418cd6ce49|hev_886d8a602567,hbf_9982d6cab487,hsub_meissen_electoral_saxony_core,MEDIUM,promo_004cd3264a32,MAPGEN-012,promoted from a reviewed staged candidate,
seven_years_war_1756_08_01,TERRESTRIAL_HEX,h6000_q-000378_r+001271,src_9d6f03b5c85f,hsrc_34735c52ef0d,hev_63418cd6ce49|hev_886d8a602567,hbf_9982d6cab487,hsub_meissen_electoral_saxony_core,MEDIUM,promo_004cd3264a32,MAPGEN-012,promoted from a reviewed staged candidate,
seven_years_war_1756_08_01,TERRESTRIAL_HEX,h6000_q-000377_r+001271,src_9d6f03b5c85f,hsrc_34735c52ef0d,hev_63418cd6ce49|hev_886d8a602567,hbf_9982d6cab487,hsub_meissen_electoral_saxony_core,MEDIUM,promo_004cd3264a32,MAPGEN-012,promoted from a reviewed staged candidate,
seven_years_war_1756_08_01,TERRESTRIAL_HEX,h6000_q-000376_r+001271,src_9d6f03b5c85f,hsrc_34735c52ef0d,hev_63418cd6ce49|hev_886d8a602567,hbf_9982d6cab487,hsub_meissen_electoral_saxony_core,MEDIUM,promo_004cd3264a32,MAPGEN-012,promoted from a reviewed staged candidate,
seven_years_war_1756_08_01,TERRESTRIAL_HEX,h6000_q-000375_r+001271,src_9d6f03b5c85f,hsrc_34735c52ef0d,hev_63418cd6ce49|hev_886d8a602567,hbf_9982d6cab487,hsub_meissen_electoral_saxony_core,MEDIUM,promo_004cd3264a32,MAPGEN-012,promoted from a reviewed staged candidate,
seven_years_war_1756_08_01,TERRESTRIAL_HEX,h6000_q-000374_r+001271,src_9d6f03b5c85f,hsrc_34735c52ef0d,hev_63418cd6ce49|hev_886d8a602567,hbf_9982d6cab487,hsub_meissen_electoral_saxony_core,MEDIUM,promo_004cd3264a32,MAPGEN-012,promoted from a reviewed staged candidate,
seven_years_war_1756_08_01,TERRESTRIAL_HEX,h6000_q-000405_r+001272,src_9d6f03b5c85f,hsrc_34735c52ef0d,hev_63418cd6ce49|hev_886d8a602567,hbf_9982d6cab487,hsub_meissen_electoral_saxony_core,MEDIUM,promo_004cd3264a32,MAPGEN-012,promoted from a reviewed staged candidate,
seven_years_war_1756_08_01,TERRESTRIAL_HEX,h6000_q-000404_r+001272,src_9d6f03b5c85f,hsrc_34735c52ef0d,hev_63418cd6ce49|hev_886d8a602567,hbf_9982d6cab487,hsub_meissen_electoral_saxony_core,MEDIUM,promo_004cd3264a32,MAPGEN-012,promoted from a reviewed staged candidate,
seven_years_war_1756_08_01,TERRESTRIAL_HEX,h6000_q-000403_r+001272,src_9d6f03b5c85f,hsrc_34735c52ef0d,hev_63418cd6ce49|hev_886d8a602567,hbf_9982d6cab487,hsub_meissen_electoral_saxony_core,MEDIUM,promo_004cd3264a32,MAPGEN-012,promoted from a reviewed staged candidate,
seven_years_war_1756_08_01,TERRESTRIAL_HEX,h6000_q-000402_r+001272,src_9d6f03b5c85f,hsrc_34735c52ef0d,hev_63418cd6ce49|hev_886d8a602567,hbf_9982d6cab487,hsub_meissen_electoral_saxony_core,MEDIUM,promo_004cd3264a32,MAPGEN-012,promoted from a reviewed staged candidate,
seven_years_war_1756_08_01,TERRESTRIAL_HEX,h6000_q-000401_r+001272,src_9d6f03b5c85f,hsrc_34735c52ef0d,hev_63418cd6ce49|hev_886d8a602567,hbf_9982d6cab487,hsub_meissen_electoral_saxony_core,MEDIUM,promo_004cd3264a32,MAPGEN-012,promoted from a reviewed staged candidate,
seven_years_war_1756_08_01,TERRESTRIAL_HEX,h6000_q-000400_r+001272,src_9d6f03b5c85f,hsrc_34735c52ef0d,hev_63418cd6ce49|hev_886d8a602567,hbf_9982d6cab487,hsub_meissen_electoral_saxony_core,MEDIUM,promo_004cd3264a32,MAPGEN-012,promoted from a reviewed staged candidate,
seven_years_war_1756_08_01,TERRESTRIAL_HEX,h6000_q-000399_r+001272,src_9d6f03b5c85f,hsrc_34735c52ef0d,hev_63418cd6ce49|hev_886d8a602567,hbf_9982d6cab487,hsub_meissen_electoral_saxony_core,MEDIUM,promo_004cd3264a32,MAPGEN-012,promoted from a reviewed staged candidate,
seven_years_war_1756_08_01,TERRESTRIAL_HEX,h6000_q-000398_r+001272,src_9d6f03b5c85f,hsrc_34735c52ef0d,hev_63418cd6ce49|hev_886d8a602567,hbf_9982d6cab487,hsub_meissen_electoral_saxony_core,MEDIUM,promo_004cd3264a32,MAPGEN-012,promoted from a reviewed staged candidate,
seven_years_war_1756_08_01,TERRESTRIAL_HEX,h6000_q-000397_r+001272,src_9d6f03b5c85f,hsrc_34735c52ef0d,hev_63418cd6ce49|hev_886d8a602567,hbf_9982d6cab487,hsub_meissen_electoral_saxony_core,MEDIUM,promo_004cd3264a32,MAPGEN-012,promoted from a reviewed staged candidate,
seven_years_war_1756_08_01,TERRESTRIAL_HEX,h6000_q-000396_r+001272,src_9d6f03b5c85f,hsrc_34735c52ef0d,hev_63418cd6ce49|hev_886d8a602567,hbf_9982d6cab487,hsub_meissen_electoral_saxony_core,MEDIUM,promo_004cd3264a32,MAPGEN-012,promoted from a reviewed staged candidate,
seven_years_war_1756_08_01,TERRESTRIAL_HEX,h6000_q-000395_r+001272,src_9d6f03b5c85f,hsrc_34735c52ef0d,hev_63418cd6ce49|hev_886d8a602567,hbf_9982d6cab487,hsub_meissen_electoral_saxony_core,MEDIUM,promo_004cd3264a32,MAPGEN-012,promoted from a reviewed staged candidate,
seven_years_war_1756_08_01,TERRESTRIAL_HEX,h6000_q-000394_r+001272,src_9d6f03b5c85f,hsrc_34735c52ef0d,hev_63418cd6ce49|hev_886d8a602567,hbf_9982d6cab487,hsub_meissen_electoral_saxony_core,MEDIUM,promo_004cd3264a32,MAPGEN-012,promoted from a reviewed staged candidate,
seven_years_war_1756_08_01,TERRESTRIAL_HEX,h6000_q-000393_r+001272,src_9d6f03b5c85f,hsrc_34735c52ef0d,hev_63418cd6ce49|hev_886d8a602567,hbf_9982d6cab487,hsub_meissen_electoral_saxony_core,MEDIUM,promo_004cd3264a32,MAPGEN-012,promoted from a reviewed staged candidate,
seven_years_war_1756_08_01,TERRESTRIAL_HEX,h6000_q-000392_r+001272,src_9d6f03b5c85f,hsrc_34735c52ef0d,hev_63418cd6ce49|hev_886d8a602567,hbf_9982d6cab487,hsub_meissen_electoral_saxony_core,MEDIUM,promo_004cd3264a32,MAPGEN-012,promoted from a reviewed staged candidate,
seven_years_war_1756_08_01,TERRESTRIAL_HEX,h6000_q-000391_r+001272,src_9d6f03b5c85f,hsrc_34735c52ef0d,hev_63418cd6ce49|hev_886d8a602567,hbf_9982d6cab487,hsub_meissen_electoral_saxony_core,MEDIUM,promo_004cd3264a32,MAPGEN-012,promoted from a reviewed staged candidate,
seven_years_war_1756_08_01,TERRESTRIAL_HEX,h6000_q-000390_r+001272,src_9d6f03b5c85f,hsrc_34735c52ef0d,hev_63418cd6ce49|hev_886d8a602567,hbf_9982d6cab487,hsub_meissen_electoral_saxony_core,MEDIUM,promo_004cd3264a32,MAPGEN-012,promoted from a reviewed staged candidate,
seven_years_war_1756_08_01,TERRESTRIAL_HEX,h6000_q-000389_r+001272,src_9d6f03b5c85f,hsrc_34735c52ef0d,hev_63418cd6ce49|hev_886d8a602567,hbf_9982d6cab487,hsub_meissen_electoral_saxony_core,MEDIUM,promo_004cd3264a32,MAPGEN-012,promoted from a reviewed staged candidate,
seven_years_war_1756_08_01,TERRESTRIAL_HEX,h6000_q-000388_r+001272,src_9d6f03b5c85f,hsrc_34735c52ef0d,hev_63418cd6ce49|hev_886d8a602567,hbf_9982d6cab487,hsub_meissen_electoral_saxony_core,MEDIUM,promo_004cd3264a32,MAPGEN-012,promoted from a reviewed staged candidate,
seven_years_war_1756_08_01,TERRESTRIAL_HEX,h6000_q-000387_r+001272,src_9d6f03b5c85f,hsrc_34735c52ef0d,hev_63418cd6ce49|hev_886d8a602567,hbf_9982d6cab487,hsub_meissen_electoral_saxony_core,MEDIUM,promo_004cd3264a32,MAPGEN-012,promoted from a reviewed staged candidate,
seven_years_war_1756_08_01,TERRESTRIAL_HEX,h6000_q-000386_r+001272,src_9d6f03b5c85f,hsrc_34735c52ef0d,hev_63418cd6ce49|hev_886d8a602567,hbf_9982d6cab487,hsub_meissen_electoral_saxony_core,MEDIUM,promo_004cd3264a32,MAPGEN-012,promoted from a reviewed staged candidate,
seven_years_war_1756_08_01,TERRESTRIAL_HEX,h6000_q-000385_r+001272,src_9d6f03b5c85f,hsrc_34735c52ef0d,hev_63418cd6ce49|hev_886d8a602567,hbf_9982d6cab487,hsub_meissen_electoral_saxony_core,MEDIUM,promo_004cd3264a32,MAPGEN-012,promoted from a reviewed staged candidate,
seven_years_war_1756_08_01,TERRESTRIAL_HEX,h6000_q-000384_r+001272,src_9d6f03b5c85f,hsrc_34735c52ef0d,hev_63418cd6ce49|hev_886d8a602567,hbf_9982d6cab487,hsub_meissen_electoral_saxony_core,MEDIUM,promo_004cd3264a32,MAPGEN-012,promoted from a reviewed staged candidate,
seven_years_war_1756_08_01,TERRESTRIAL_HEX,h6000_q-000383_r+001272,src_9d6f03b5c85f,hsrc_34735c52ef0d,hev_63418cd6ce49|hev_886d8a602567,hbf_9982d6cab487,hsub_meissen_electoral_saxony_core,MEDIUM,promo_004cd3264a32,MAPGEN-012,promoted from a reviewed staged candidate,
seven_years_war_1756_08_01,TERRESTRIAL_HEX,h6000_q-000382_r+001272,src_9d6f03b5c85f,hsrc_34735c52ef0d,hev_63418cd6ce49|hev_886d8a602567,hbf_9982d6cab487,hsub_meissen_electoral_saxony_core,MEDIUM,promo_004cd3264a32,MAPGEN-012,promoted from a reviewed staged candidate,
seven_years_war_1756_08_01,TERRESTRIAL_HEX,h6000_q-000381_r+001272,src_9d6f03b5c85f,hsrc_34735c52ef0d,hev_63418cd6ce49|hev_886d8a602567,hbf_9982d6cab487,hsub_meissen_electoral_saxony_core,MEDIUM,promo_004cd3264a32,MAPGEN-012,promoted from a reviewed staged candidate,
seven_years_war_1756_08_01,TERRESTRIAL_HEX,h6000_q-000380_r+001272,src_9d6f03b5c85f,hsrc_34735c52ef0d,hev_63418cd6ce49|hev_886d8a602567,hbf_9982d6cab487,hsub_meissen_electoral_saxony_core,MEDIUM,promo_004cd3264a32,MAPGEN-012,promoted from a reviewed staged candidate,
seven_years_war_1756_08_01,TERRESTRIAL_HEX,h6000_q-000379_r+001272,src_9d6f03b5c85f,hsrc_34735c52ef0d,hev_63418cd6ce49|hev_886d8a602567,hbf_9982d6cab487,hsub_meissen_electoral_saxony_core,MEDIUM,promo_004cd3264a32,MAPGEN-012,promoted from a reviewed staged candidate,
seven_years_war_1756_08_01,TERRESTRIAL_HEX,h6000_q-000378_r+001272,src_9d6f03b5c85f,hsrc_34735c52ef0d,hev_63418cd6ce49|hev_886d8a602567,hbf_9982d6cab487,hsub_meissen_electoral_saxony_core,MEDIUM,promo_004cd3264a32,MAPGEN-012,promoted from a reviewed staged candidate,
seven_years_war_1756_08_01,TERRESTRIAL_HEX,h6000_q-000374_r+001272,src_9d6f03b5c85f,hsrc_34735c52ef0d,hev_63418cd6ce49|hev_886d8a602567,hbf_9982d6cab487,hsub_meissen_electoral_saxony_core,MEDIUM,promo_004cd3264a32,MAPGEN-012,promoted from a reviewed staged candidate,
seven_years_war_1756_08_01,TERRESTRIAL_HEX,h6000_q-000402_r+001273,src_9d6f03b5c85f,hsrc_34735c52ef0d,hev_63418cd6ce49|hev_886d8a602567,hbf_9982d6cab487,hsub_meissen_electoral_saxony_core,MEDIUM,promo_004cd3264a32,MAPGEN-012,promoted from a reviewed staged candidate,
seven_years_war_1756_08_01,TERRESTRIAL_HEX,h6000_q-000401_r+001273,src_9d6f03b5c85f,hsrc_34735c52ef0d,hev_63418cd6ce49|hev_886d8a602567,hbf_9982d6cab487,hsub_meissen_electoral_saxony_core,MEDIUM,promo_004cd3264a32,MAPGEN-012,promoted from a reviewed staged candidate,
seven_years_war_1756_08_01,TERRESTRIAL_HEX,h6000_q-000400_r+001273,src_9d6f03b5c85f,hsrc_34735c52ef0d,hev_63418cd6ce49|hev_886d8a602567,hbf_9982d6cab487,hsub_meissen_electoral_saxony_core,MEDIUM,promo_004cd3264a32,MAPGEN-012,promoted from a reviewed staged candidate,
seven_years_war_1756_08_01,TERRESTRIAL_HEX,h6000_q-000399_r+001273,src_9d6f03b5c85f,hsrc_34735c52ef0d,hev_63418cd6ce49|hev_886d8a602567,hbf_9982d6cab487,hsub_meissen_electoral_saxony_core,MEDIUM,promo_004cd3264a32,MAPGEN-012,promoted from a reviewed staged candidate,
seven_years_war_1756_08_01,TERRESTRIAL_HEX,h6000_q-000398_r+001273,src_9d6f03b5c85f,hsrc_34735c52ef0d,hev_63418cd6ce49|hev_886d8a602567,hbf_9982d6cab487,hsub_meissen_electoral_saxony_core,MEDIUM,promo_004cd3264a32,MAPGEN-012,promoted from a reviewed staged candidate,
seven_years_war_1756_08_01,TERRESTRIAL_HEX,h6000_q-000397_r+001273,src_9d6f03b5c85f,hsrc_34735c52ef0d,hev_63418cd6ce49|hev_886d8a602567,hbf_9982d6cab487,hsub_meissen_electoral_saxony_core,MEDIUM,promo_004cd3264a32,MAPGEN-012,promoted from a reviewed staged candidate,
seven_years_war_1756_08_01,TERRESTRIAL_HEX,h6000_q-000396_r+001273,src_9d6f03b5c85f,hsrc_34735c52ef0d,hev_63418cd6ce49|hev_886d8a602567,hbf_9982d6cab487,hsub_meissen_electoral_saxony_core,MEDIUM,promo_004cd3264a32,MAPGEN-012,promoted from a reviewed staged candidate,
seven_years_war_1756_08_01,TERRESTRIAL_HEX,h6000_q-000395_r+001273,src_9d6f03b5c85f,hsrc_34735c52ef0d,hev_63418cd6ce49|hev_886d8a602567,hbf_9982d6cab487,hsub_meissen_electoral_saxony_core,MEDIUM,promo_004cd3264a32,MAPGEN-012,promoted from a reviewed staged candidate,
seven_years_war_1756_08_01,TERRESTRIAL_HEX,h6000_q-000394_r+001273,src_9d6f03b5c85f,hsrc_34735c52ef0d,hev_63418cd6ce49|hev_886d8a602567,hbf_9982d6cab487,hsub_meissen_electoral_saxony_core,MEDIUM,promo_004cd3264a32,MAPGEN-012,promoted from a reviewed staged candidate,
seven_years_war_1756_08_01,TERRESTRIAL_HEX,h6000_q-000393_r+001273,src_9d6f03b5c85f,hsrc_34735c52ef0d,hev_63418cd6ce49|hev_886d8a602567,hbf_9982d6cab487,hsub_meissen_electoral_saxony_core,MEDIUM,promo_004cd3264a32,MAPGEN-012,promoted from a reviewed staged candidate,
seven_years_war_1756_08_01,TERRESTRIAL_HEX,h6000_q-000392_r+001273,src_9d6f03b5c85f,hsrc_34735c52ef0d,hev_63418cd6ce49|hev_886d8a602567,hbf_9982d6cab487,hsub_meissen_electoral_saxony_core,MEDIUM,promo_004cd3264a32,MAPGEN-012,promoted from a reviewed staged candidate,
seven_years_war_1756_08_01,TERRESTRIAL_HEX,h6000_q-000391_r+001273,src_9d6f03b5c85f,hsrc_34735c52ef0d,hev_63418cd6ce49|hev_886d8a602567,hbf_9982d6cab487,hsub_meissen_electoral_saxony_core,MEDIUM,promo_004cd3264a32,MAPGEN-012,promoted from a reviewed staged candidate,
seven_years_war_1756_08_01,TERRESTRIAL_HEX,h6000_q-000390_r+001273,src_9d6f03b5c85f,hsrc_34735c52ef0d,hev_63418cd6ce49|hev_886d8a602567,hbf_9982d6cab487,hsub_meissen_electoral_saxony_core,MEDIUM,promo_004cd3264a32,MAPGEN-012,promoted from a reviewed staged candidate,
seven_years_war_1756_08_01,TERRESTRIAL_HEX,h6000_q-000389_r+001273,src_9d6f03b5c85f,hsrc_34735c52ef0d,hev_63418cd6ce49|hev_886d8a602567,hbf_9982d6cab487,hsub_meissen_electoral_saxony_core,MEDIUM,promo_004cd3264a32,MAPGEN-012,promoted from a reviewed staged candidate,
seven_years_war_1756_08_01,TERRESTRIAL_HEX,h6000_q-000388_r+001273,src_9d6f03b5c85f,hsrc_34735c52ef0d,hev_63418cd6ce49|hev_886d8a602567,hbf_9982d6cab487,hsub_meissen_electoral_saxony_core,MEDIUM,promo_004cd3264a32,MAPGEN-012,promoted from a reviewed staged candidate,
seven_years_war_1756_08_01,TERRESTRIAL_HEX,h6000_q-000387_r+001273,src_9d6f03b5c85f,hsrc_34735c52ef0d,hev_63418cd6ce49|hev_886d8a602567,hbf_9982d6cab487,hsub_meissen_electoral_saxony_core,MEDIUM,promo_004cd3264a32,MAPGEN-012,promoted from a reviewed staged candidate,
seven_years_war_1756_08_01,TERRESTRIAL_HEX,h6000_q-000386_r+001273,src_9d6f03b5c85f,hsrc_34735c52ef0d,hev_63418cd6ce49|hev_886d8a602567,hbf_9982d6cab487,hsub_meissen_electoral_saxony_core,MEDIUM,promo_004cd3264a32,MAPGEN-012,promoted from a reviewed staged candidate,
seven_years_war_1756_08_01,TERRESTRIAL_HEX,h6000_q-000385_r+001273,src_9d6f03b5c85f,hsrc_34735c52ef0d,hev_63418cd6ce49|hev_886d8a602567,hbf_9982d6cab487,hsub_meissen_electoral_saxony_core,MEDIUM,promo_004cd3264a32,MAPGEN-012,promoted from a reviewed staged candidate,
seven_years_war_1756_08_01,TERRESTRIAL_HEX,h6000_q-000384_r+001273,src_9d6f03b5c85f,hsrc_34735c52ef0d,hev_63418cd6ce49|hev_886d8a602567,hbf_9982d6cab487,hsub_meissen_electoral_saxony_core,MEDIUM,promo_004cd3264a32,MAPGEN-012,promoted from a reviewed staged candidate,
seven_years_war_1756_08_01,TERRESTRIAL_HEX,h6000_q-000383_r+001273,src_9d6f03b5c85f,hsrc_34735c52ef0d,hev_63418cd6ce49|hev_886d8a602567,hbf_9982d6cab487,hsub_meissen_electoral_saxony_core,MEDIUM,promo_004cd3264a32,MAPGEN-012,promoted from a reviewed staged candidate,
seven_years_war_1756_08_01,TERRESTRIAL_HEX,h6000_q-000382_r+001273,src_9d6f03b5c85f,hsrc_34735c52ef0d,hev_63418cd6ce49|hev_886d8a602567,hbf_9982d6cab487,hsub_meissen_electoral_saxony_core,MEDIUM,promo_004cd3264a32,MAPGEN-012,promoted from a reviewed staged candidate,
seven_years_war_1756_08_01,TERRESTRIAL_HEX,h6000_q-000381_r+001273,src_9d6f03b5c85f,hsrc_34735c52ef0d,hev_63418cd6ce49|hev_886d8a602567,hbf_9982d6cab487,hsub_meissen_electoral_saxony_core,MEDIUM,promo_004cd3264a32,MAPGEN-012,promoted from a reviewed staged candidate,
seven_years_war_1756_08_01,TERRESTRIAL_HEX,h6000_q-000380_r+001273,src_9d6f03b5c85f,hsrc_34735c52ef0d,hev_63418cd6ce49|hev_886d8a602567,hbf_9982d6cab487,hsub_meissen_electoral_saxony_core,MEDIUM,promo_004cd3264a32,MAPGEN-012,promoted from a reviewed staged candidate,
seven_years_war_1756_08_01,TERRESTRIAL_HEX,h6000_q-000379_r+001273,src_9d6f03b5c85f,hsrc_34735c52ef0d,hev_63418cd6ce49|hev_886d8a602567,hbf_9982d6cab487,hsub_meissen_electoral_saxony_core,MEDIUM,promo_004cd3264a32,MAPGEN-012,promoted from a reviewed staged candidate,
seven_years_war_1756_08_01,TERRESTRIAL_HEX,h6000_q-000402_r+001274,src_9d6f03b5c85f,hsrc_34735c52ef0d,hev_63418cd6ce49|hev_886d8a602567,hbf_9982d6cab487,hsub_meissen_electoral_saxony_core,MEDIUM,promo_004cd3264a32,MAPGEN-012,promoted from a reviewed staged candidate,
seven_years_war_1756_08_01,TERRESTRIAL_HEX,h6000_q-000401_r+001274,src_9d6f03b5c85f,hsrc_34735c52ef0d,hev_63418cd6ce49|hev_886d8a602567,hbf_9982d6cab487,hsub_meissen_electoral_saxony_core,MEDIUM,promo_004cd3264a32,MAPGEN-012,promoted from a reviewed staged candidate,
seven_years_war_1756_08_01,TERRESTRIAL_HEX,h6000_q-000400_r+001274,src_9d6f03b5c85f,hsrc_34735c52ef0d,hev_63418cd6ce49|hev_886d8a602567,hbf_9982d6cab487,hsub_meissen_electoral_saxony_core,MEDIUM,promo_004cd3264a32,MAPGEN-012,promoted from a reviewed staged candidate,
seven_years_war_1756_08_01,TERRESTRIAL_HEX,h6000_q-000399_r+001274,src_9d6f03b5c85f,hsrc_34735c52ef0d,hev_63418cd6ce49|hev_886d8a602567,hbf_9982d6cab487,hsub_meissen_electoral_saxony_core,MEDIUM,promo_004cd3264a32,MAPGEN-012,promoted from a reviewed staged candidate,
seven_years_war_1756_08_01,TERRESTRIAL_HEX,h6000_q-000398_r+001274,src_9d6f03b5c85f,hsrc_34735c52ef0d,hev_63418cd6ce49|hev_886d8a602567,hbf_9982d6cab487,hsub_meissen_electoral_saxony_core,MEDIUM,promo_004cd3264a32,MAPGEN-012,promoted from a reviewed staged candidate,
seven_years_war_1756_08_01,TERRESTRIAL_HEX,h6000_q-000397_r+001274,src_9d6f03b5c85f,hsrc_34735c52ef0d,hev_63418cd6ce49|hev_886d8a602567,hbf_9982d6cab487,hsub_meissen_electoral_saxony_core,MEDIUM,promo_004cd3264a32,MAPGEN-012,promoted from a reviewed staged candidate,
seven_years_war_1756_08_01,TERRESTRIAL_HEX,h6000_q-000396_r+001274,src_9d6f03b5c85f,hsrc_34735c52ef0d,hev_63418cd6ce49|hev_886d8a602567,hbf_9982d6cab487,hsub_meissen_electoral_saxony_core,MEDIUM,promo_004cd3264a32,MAPGEN-012,promoted from a reviewed staged candidate,
seven_years_war_1756_08_01,TERRESTRIAL_HEX,h6000_q-000395_r+001274,src_9d6f03b5c85f,hsrc_34735c52ef0d,hev_63418cd6ce49|hev_886d8a602567,hbf_9982d6cab487,hsub_meissen_electoral_saxony_core,MEDIUM,promo_004cd3264a32,MAPGEN-012,promoted from a reviewed staged candidate,
seven_years_war_1756_08_01,TERRESTRIAL_HEX,h6000_q-000394_r+001274,src_9d6f03b5c85f,hsrc_34735c52ef0d,hev_63418cd6ce49|hev_886d8a602567,hbf_9982d6cab487,hsub_meissen_electoral_saxony_core,MEDIUM,promo_004cd3264a32,MAPGEN-012,promoted from a reviewed staged candidate,
seven_years_war_1756_08_01,TERRESTRIAL_HEX,h6000_q-000393_r+001274,src_9d6f03b5c85f,hsrc_34735c52ef0d,hev_63418cd6ce49|hev_886d8a602567,hbf_9982d6cab487,hsub_meissen_electoral_saxony_core,MEDIUM,promo_004cd3264a32,MAPGEN-012,promoted from a reviewed staged candidate,
seven_years_war_1756_08_01,TERRESTRIAL_HEX,h6000_q-000392_r+001274,src_9d6f03b5c85f,hsrc_34735c52ef0d,hev_63418cd6ce49|hev_886d8a602567,hbf_9982d6cab487,hsub_meissen_electoral_saxony_core,MEDIUM,promo_004cd3264a32,MAPGEN-012,promoted from a reviewed staged candidate,
seven_years_war_1756_08_01,TERRESTRIAL_HEX,h6000_q-000391_r+001274,src_9d6f03b5c85f,hsrc_34735c52ef0d,hev_63418cd6ce49|hev_886d8a602567,hbf_9982d6cab487,hsub_meissen_electoral_saxony_core,MEDIUM,promo_004cd3264a32,MAPGEN-012,promoted from a reviewed staged candidate,
seven_years_war_1756_08_01,TERRESTRIAL_HEX,h6000_q-000390_r+001274,src_9d6f03b5c85f,hsrc_34735c52ef0d,hev_63418cd6ce49|hev_886d8a602567,hbf_9982d6cab487,hsub_meissen_electoral_saxony_core,MEDIUM,promo_004cd3264a32,MAPGEN-012,promoted from a reviewed staged candidate,
seven_years_war_1756_08_01,TERRESTRIAL_HEX,h6000_q-000389_r+001274,src_9d6f03b5c85f,hsrc_34735c52ef0d,hev_63418cd6ce49|hev_886d8a602567,hbf_9982d6cab487,hsub_meissen_electoral_saxony_core,MEDIUM,promo_004cd3264a32,MAPGEN-012,promoted from a reviewed staged candidate,
seven_years_war_1756_08_01,TERRESTRIAL_HEX,h6000_q-000388_r+001274,src_9d6f03b5c85f,hsrc_34735c52ef0d,hev_63418cd6ce49|hev_886d8a602567,hbf_9982d6cab487,hsub_meissen_electoral_saxony_core,MEDIUM,promo_004cd3264a32,MAPGEN-012,promoted from a reviewed staged candidate,
seven_years_war_1756_08_01,TERRESTRIAL_HEX,h6000_q-000387_r+001274,src_9d6f03b5c85f,hsrc_34735c52ef0d,hev_63418cd6ce49|hev_886d8a602567,hbf_9982d6cab487,hsub_meissen_electoral_saxony_core,MEDIUM,promo_004cd3264a32,MAPGEN-012,promoted from a reviewed staged candidate,
seven_years_war_1756_08_01,TERRESTRIAL_HEX,h6000_q-000386_r+001274,src_9d6f03b5c85f,hsrc_34735c52ef0d,hev_63418cd6ce49|hev_886d8a602567,hbf_9982d6cab487,hsub_meissen_electoral_saxony_core,MEDIUM,promo_004cd3264a32,MAPGEN-012,promoted from a reviewed staged candidate,
seven_years_war_1756_08_01,TERRESTRIAL_HEX,h6000_q-000385_r+001274,src_9d6f03b5c85f,hsrc_34735c52ef0d,hev_63418cd6ce49|hev_886d8a602567,hbf_9982d6cab487,hsub_meissen_electoral_saxony_core,MEDIUM,promo_004cd3264a32,MAPGEN-012,promoted from a reviewed staged candidate,
seven_years_war_1756_08_01,TERRESTRIAL_HEX,h6000_q-000384_r+001274,src_9d6f03b5c85f,hsrc_34735c52ef0d,hev_63418cd6ce49|hev_886d8a602567,hbf_9982d6cab487,hsub_meissen_electoral_saxony_core,MEDIUM,promo_004cd3264a32,MAPGEN-012,promoted from a reviewed staged candidate,
seven_years_war_1756_08_01,TERRESTRIAL_HEX,h6000_q-000383_r+001274,src_9d6f03b5c85f,hsrc_34735c52ef0d,hev_63418cd6ce49|hev_886d8a602567,hbf_9982d6cab487,hsub_meissen_electoral_saxony_core,MEDIUM,promo_004cd3264a32,MAPGEN-012,promoted from a reviewed staged candidate,
seven_years_war_1756_08_01,TERRESTRIAL_HEX,h6000_q-000382_r+001274,src_9d6f03b5c85f,hsrc_34735c52ef0d,hev_63418cd6ce49|hev_886d8a602567,hbf_9982d6cab487,hsub_meissen_electoral_saxony_core,MEDIUM,promo_004cd3264a32,MAPGEN-012,promoted from a reviewed staged candidate,
seven_years_war_1756_08_01,TERRESTRIAL_HEX,h6000_q-000381_r+001274,src_9d6f03b5c85f,hsrc_34735c52ef0d,hev_63418cd6ce49|hev_886d8a602567,hbf_9982d6cab487,hsub_meissen_electoral_saxony_core,MEDIUM,promo_004cd3264a32,MAPGEN-012,promoted from a reviewed staged candidate,
seven_years_war_1756_08_01,TERRESTRIAL_HEX,h6000_q-000380_r+001274,src_9d6f03b5c85f,hsrc_34735c52ef0d,hev_63418cd6ce49|hev_886d8a602567,hbf_9982d6cab487,hsub_meissen_electoral_saxony_core,MEDIUM,promo_004cd3264a32,MAPGEN-012,promoted from a reviewed staged candidate,
seven_years_war_1756_08_01,TERRESTRIAL_HEX,h6000_q-000402_r+001275,src_9d6f03b5c85f,hsrc_34735c52ef0d,hev_63418cd6ce49|hev_886d8a602567,hbf_9982d6cab487,hsub_meissen_electoral_saxony_core,MEDIUM,promo_004cd3264a32,MAPGEN-012,promoted from a reviewed staged candidate,
seven_years_war_1756_08_01,TERRESTRIAL_HEX,h6000_q-000401_r+001275,src_9d6f03b5c85f,hsrc_34735c52ef0d,hev_63418cd6ce49|hev_886d8a602567,hbf_9982d6cab487,hsub_meissen_electoral_saxony_core,MEDIUM,promo_004cd3264a32,MAPGEN-012,promoted from a reviewed staged candidate,
seven_years_war_1756_08_01,TERRESTRIAL_HEX,h6000_q-000400_r+001275,src_9d6f03b5c85f,hsrc_34735c52ef0d,hev_63418cd6ce49|hev_886d8a602567,hbf_9982d6cab487,hsub_meissen_electoral_saxony_core,MEDIUM,promo_004cd3264a32,MAPGEN-012,promoted from a reviewed staged candidate,
seven_years_war_1756_08_01,TERRESTRIAL_HEX,h6000_q-000399_r+001275,src_9d6f03b5c85f,hsrc_34735c52ef0d,hev_63418cd6ce49|hev_886d8a602567,hbf_9982d6cab487,hsub_meissen_electoral_saxony_core,MEDIUM,promo_004cd3264a32,MAPGEN-012,promoted from a reviewed staged candidate,
seven_years_war_1756_08_01,TERRESTRIAL_HEX,h6000_q-000398_r+001275,src_9d6f03b5c85f,hsrc_34735c52ef0d,hev_63418cd6ce49|hev_886d8a602567,hbf_9982d6cab487,hsub_meissen_electoral_saxony_core,MEDIUM,promo_004cd3264a32,MAPGEN-012,promoted from a reviewed staged candidate,
seven_years_war_1756_08_01,TERRESTRIAL_HEX,h6000_q-000397_r+001275,src_9d6f03b5c85f,hsrc_34735c52ef0d,hev_63418cd6ce49|hev_886d8a602567,hbf_9982d6cab487,hsub_meissen_electoral_saxony_core,MEDIUM,promo_004cd3264a32,MAPGEN-012,promoted from a reviewed staged candidate,
seven_years_war_1756_08_01,TERRESTRIAL_HEX,h6000_q-000396_r+001275,src_9d6f03b5c85f,hsrc_34735c52ef0d,hev_63418cd6ce49|hev_886d8a602567,hbf_9982d6cab487,hsub_meissen_electoral_saxony_core,MEDIUM,promo_004cd3264a32,MAPGEN-012,promoted from a reviewed staged candidate,
seven_years_war_1756_08_01,TERRESTRIAL_HEX,h6000_q-000395_r+001275,src_9d6f03b5c85f,hsrc_34735c52ef0d,hev_63418cd6ce49|hev_886d8a602567,hbf_9982d6cab487,hsub_meissen_electoral_saxony_core,MEDIUM,promo_004cd3264a32,MAPGEN-012,promoted from a reviewed staged candidate,
seven_years_war_1756_08_01,TERRESTRIAL_HEX,h6000_q-000394_r+001275,src_9d6f03b5c85f,hsrc_34735c52ef0d,hev_63418cd6ce49|hev_886d8a602567,hbf_9982d6cab487,hsub_meissen_electoral_saxony_core,MEDIUM,promo_004cd3264a32,MAPGEN-012,promoted from a reviewed staged candidate,
seven_years_war_1756_08_01,TERRESTRIAL_HEX,h6000_q-000393_r+001275,src_9d6f03b5c85f,hsrc_34735c52ef0d,hev_63418cd6ce49|hev_886d8a602567,hbf_9982d6cab487,hsub_meissen_electoral_saxony_core,MEDIUM,promo_004cd3264a32,MAPGEN-012,promoted from a reviewed staged candidate,
seven_years_war_1756_08_01,TERRESTRIAL_HEX,h6000_q-000392_r+001275,src_9d6f03b5c85f,hsrc_34735c52ef0d,hev_63418cd6ce49|hev_886d8a602567,hbf_9982d6cab487,hsub_meissen_electoral_saxony_core,MEDIUM,promo_004cd3264a32,MAPGEN-012,promoted from a reviewed staged candidate,
seven_years_war_1756_08_01,TERRESTRIAL_HEX,h6000_q-000391_r+001275,src_9d6f03b5c85f,hsrc_34735c52ef0d,hev_63418cd6ce49|hev_886d8a602567,hbf_9982d6cab487,hsub_meissen_electoral_saxony_core,MEDIUM,promo_004cd3264a32,MAPGEN-012,promoted from a reviewed staged candidate,
seven_years_war_1756_08_01,TERRESTRIAL_HEX,h6000_q-000390_r+001275,src_9d6f03b5c85f,hsrc_34735c52ef0d,hev_63418cd6ce49|hev_886d8a602567,hbf_9982d6cab487,hsub_meissen_electoral_saxony_core,MEDIUM,promo_004cd3264a32,MAPGEN-012,promoted from a reviewed staged candidate,
seven_years_war_1756_08_01,TERRESTRIAL_HEX,h6000_q-000389_r+001275,src_9d6f03b5c85f,hsrc_34735c52ef0d,hev_63418cd6ce49|hev_886d8a602567,hbf_9982d6cab487,hsub_meissen_electoral_saxony_core,MEDIUM,promo_004cd3264a32,MAPGEN-012,promoted from a reviewed staged candidate,
seven_years_war_1756_08_01,TERRESTRIAL_HEX,h6000_q-000388_r+001275,src_9d6f03b5c85f,hsrc_34735c52ef0d,hev_63418cd6ce49|hev_886d8a602567,hbf_9982d6cab487,hsub_meissen_electoral_saxony_core,MEDIUM,promo_004cd3264a32,MAPGEN-012,promoted from a reviewed staged candidate,
seven_years_war_1756_08_01,TERRESTRIAL_HEX,h6000_q-000387_r+001275,src_9d6f03b5c85f,hsrc_34735c52ef0d,hev_63418cd6ce49|hev_886d8a602567,hbf_9982d6cab487,hsub_meissen_electoral_saxony_core,MEDIUM,promo_004cd3264a32,MAPGEN-012,promoted from a reviewed staged candidate,
seven_years_war_1756_08_01,TERRESTRIAL_HEX,h6000_q-000386_r+001275,src_9d6f03b5c85f,hsrc_34735c52ef0d,hev_63418cd6ce49|hev_886d8a602567,hbf_9982d6cab487,hsub_meissen_electoral_saxony_core,MEDIUM,promo_004cd3264a32,MAPGEN-012,promoted from a reviewed staged candidate,
seven_years_war_1756_08_01,TERRESTRIAL_HEX,h6000_q-000385_r+001275,src_9d6f03b5c85f,hsrc_34735c52ef0d,hev_63418cd6ce49|hev_886d8a602567,hbf_9982d6cab487,hsub_meissen_electoral_saxony_core,MEDIUM,promo_004cd3264a32,MAPGEN-012,promoted from a reviewed staged candidate,
seven_years_war_1756_08_01,TERRESTRIAL_HEX,h6000_q-000384_r+001275,src_9d6f03b5c85f,hsrc_34735c52ef0d,hev_63418cd6ce49|hev_886d8a602567,hbf_9982d6cab487,hsub_meissen_electoral_saxony_core,MEDIUM,promo_004cd3264a32,MAPGEN-012,promoted from a reviewed staged candidate,
seven_years_war_1756_08_01,TERRESTRIAL_HEX,h6000_q-000383_r+001275,src_9d6f03b5c85f,hsrc_34735c52ef0d,hev_63418cd6ce49|hev_886d8a602567,hbf_9982d6cab487,hsub_meissen_electoral_saxony_core,MEDIUM,promo_004cd3264a32,MAPGEN-012,promoted from a reviewed staged candidate,
seven_years_war_1756_08_01,TERRESTRIAL_HEX,h6000_q-000382_r+001275,src_9d6f03b5c85f,hsrc_34735c52ef0d,hev_63418cd6ce49|hev_886d8a602567,hbf_9982d6cab487,hsub_meissen_electoral_saxony_core,MEDIUM,promo_004cd3264a32,MAPGEN-012,promoted from a reviewed staged candidate,
seven_years_war_1756_08_01,TERRESTRIAL_HEX,h6000_q-000381_r+001275,src_9d6f03b5c85f,hsrc_34735c52ef0d,hev_63418cd6ce49|hev_886d8a602567,hbf_9982d6cab487,hsub_meissen_electoral_saxony_core,MEDIUM,promo_004cd3264a32,MAPGEN-012,promoted from a reviewed staged candidate,
seven_years_war_1756_08_01,TERRESTRIAL_HEX,h6000_q-000380_r+001275,src_9d6f03b5c85f,hsrc_34735c52ef0d,hev_63418cd6ce49|hev_886d8a602567,hbf_9982d6cab487,hsub_meissen_electoral_saxony_core,MEDIUM,promo_004cd3264a32,MAPGEN-012,promoted from a reviewed staged candidate,
seven_years_war_1756_08_01,TERRESTRIAL_HEX,h6000_q-000403_r+001276,src_9d6f03b5c85f,hsrc_34735c52ef0d,hev_63418cd6ce49|hev_886d8a602567,hbf_9982d6cab487,hsub_meissen_electoral_saxony_core,MEDIUM,promo_004cd3264a32,MAPGEN-012,promoted from a reviewed staged candidate,
seven_years_war_1756_08_01,TERRESTRIAL_HEX,h6000_q-000402_r+001276,src_9d6f03b5c85f,hsrc_34735c52ef0d,hev_63418cd6ce49|hev_886d8a602567,hbf_9982d6cab487,hsub_meissen_electoral_saxony_core,MEDIUM,promo_004cd3264a32,MAPGEN-012,promoted from a reviewed staged candidate,
seven_years_war_1756_08_01,TERRESTRIAL_HEX,h6000_q-000401_r+001276,src_9d6f03b5c85f,hsrc_34735c52ef0d,hev_63418cd6ce49|hev_886d8a602567,hbf_9982d6cab487,hsub_meissen_electoral_saxony_core,MEDIUM,promo_004cd3264a32,MAPGEN-012,promoted from a reviewed staged candidate,
seven_years_war_1756_08_01,TERRESTRIAL_HEX,h6000_q-000400_r+001276,src_9d6f03b5c85f,hsrc_34735c52ef0d,hev_63418cd6ce49|hev_886d8a602567,hbf_9982d6cab487,hsub_meissen_electoral_saxony_core,MEDIUM,promo_004cd3264a32,MAPGEN-012,promoted from a reviewed staged candidate,
seven_years_war_1756_08_01,TERRESTRIAL_HEX,h6000_q-000399_r+001276,src_9d6f03b5c85f,hsrc_34735c52ef0d,hev_63418cd6ce49|hev_886d8a602567,hbf_9982d6cab487,hsub_meissen_electoral_saxony_core,MEDIUM,promo_004cd3264a32,MAPGEN-012,promoted from a reviewed staged candidate,
seven_years_war_1756_08_01,TERRESTRIAL_HEX,h6000_q-000398_r+001276,src_9d6f03b5c85f,hsrc_34735c52ef0d,hev_63418cd6ce49|hev_886d8a602567,hbf_9982d6cab487,hsub_meissen_electoral_saxony_core,MEDIUM,promo_004cd3264a32,MAPGEN-012,promoted from a reviewed staged candidate,
seven_years_war_1756_08_01,TERRESTRIAL_HEX,h6000_q-000397_r+001276,src_9d6f03b5c85f,hsrc_34735c52ef0d,hev_63418cd6ce49|hev_886d8a602567,hbf_9982d6cab487,hsub_meissen_electoral_saxony_core,MEDIUM,promo_004cd3264a32,MAPGEN-012,promoted from a reviewed staged candidate,
seven_years_war_1756_08_01,TERRESTRIAL_HEX,h6000_q-000396_r+001276,src_9d6f03b5c85f,hsrc_34735c52ef0d,hev_63418cd6ce49|hev_886d8a602567,hbf_9982d6cab487,hsub_meissen_electoral_saxony_core,MEDIUM,promo_004cd3264a32,MAPGEN-012,promoted from a reviewed staged candidate,
seven_years_war_1756_08_01,TERRESTRIAL_HEX,h6000_q-000395_r+001276,src_9d6f03b5c85f,hsrc_34735c52ef0d,hev_63418cd6ce49|hev_886d8a602567,hbf_9982d6cab487,hsub_meissen_electoral_saxony_core,MEDIUM,promo_004cd3264a32,MAPGEN-012,promoted from a reviewed staged candidate,
seven_years_war_1756_08_01,TERRESTRIAL_HEX,h6000_q-000394_r+001276,src_9d6f03b5c85f,hsrc_34735c52ef0d,hev_63418cd6ce49|hev_886d8a602567,hbf_9982d6cab487,hsub_meissen_electoral_saxony_core,MEDIUM,promo_004cd3264a32,MAPGEN-012,promoted from a reviewed staged candidate,
seven_years_war_1756_08_01,TERRESTRIAL_HEX,h6000_q-000393_r+001276,src_9d6f03b5c85f,hsrc_34735c52ef0d,hev_63418cd6ce49|hev_886d8a602567,hbf_9982d6cab487,hsub_meissen_electoral_saxony_core,MEDIUM,promo_004cd3264a32,MAPGEN-012,promoted from a reviewed staged candidate,
seven_years_war_1756_08_01,TERRESTRIAL_HEX,h6000_q-000392_r+001276,src_9d6f03b5c85f,hsrc_34735c52ef0d,hev_63418cd6ce49|hev_886d8a602567,hbf_9982d6cab487,hsub_meissen_electoral_saxony_core,MEDIUM,promo_004cd3264a32,MAPGEN-012,promoted from a reviewed staged candidate,
seven_years_war_1756_08_01,TERRESTRIAL_HEX,h6000_q-000391_r+001276,src_9d6f03b5c85f,hsrc_34735c52ef0d,hev_63418cd6ce49|hev_886d8a602567,hbf_9982d6cab487,hsub_meissen_electoral_saxony_core,MEDIUM,promo_004cd3264a32,MAPGEN-012,promoted from a reviewed staged candidate,
seven_years_war_1756_08_01,TERRESTRIAL_HEX,h6000_q-000390_r+001276,src_9d6f03b5c85f,hsrc_34735c52ef0d,hev_63418cd6ce49|hev_886d8a602567,hbf_9982d6cab487,hsub_meissen_electoral_saxony_core,MEDIUM,promo_004cd3264a32,MAPGEN-012,promoted from a reviewed staged candidate,
seven_years_war_1756_08_01,TERRESTRIAL_HEX,h6000_q-000389_r+001276,src_9d6f03b5c85f,hsrc_34735c52ef0d,hev_63418cd6ce49|hev_886d8a602567,hbf_9982d6cab487,hsub_meissen_electoral_saxony_core,MEDIUM,promo_004cd3264a32,MAPGEN-012,promoted from a reviewed staged candidate,
seven_years_war_1756_08_01,TERRESTRIAL_HEX,h6000_q-000388_r+001276,src_9d6f03b5c85f,hsrc_34735c52ef0d,hev_63418cd6ce49|hev_886d8a602567,hbf_9982d6cab487,hsub_meissen_electoral_saxony_core,MEDIUM,promo_004cd3264a32,MAPGEN-012,promoted from a reviewed staged candidate,
seven_years_war_1756_08_01,TERRESTRIAL_HEX,h6000_q-000387_r+001276,src_9d6f03b5c85f,hsrc_34735c52ef0d,hev_63418cd6ce49|hev_886d8a602567,hbf_9982d6cab487,hsub_meissen_electoral_saxony_core,MEDIUM,promo_004cd3264a32,MAPGEN-012,promoted from a reviewed staged candidate,
seven_years_war_1756_08_01,TERRESTRIAL_HEX,h6000_q-000386_r+001276,src_9d6f03b5c85f,hsrc_34735c52ef0d,hev_63418cd6ce49|hev_886d8a602567,hbf_9982d6cab487,hsub_meissen_electoral_saxony_core,MEDIUM,promo_004cd3264a32,MAPGEN-012,promoted from a reviewed staged candidate,
seven_years_war_1756_08_01,TERRESTRIAL_HEX,h6000_q-000385_r+001276,src_9d6f03b5c85f,hsrc_34735c52ef0d,hev_63418cd6ce49|hev_886d8a602567,hbf_9982d6cab487,hsub_meissen_electoral_saxony_core,MEDIUM,promo_004cd3264a32,MAPGEN-012,promoted from a reviewed staged candidate,
seven_years_war_1756_08_01,TERRESTRIAL_HEX,h6000_q-000384_r+001276,src_9d6f03b5c85f,hsrc_34735c52ef0d,hev_63418cd6ce49|hev_886d8a602567,hbf_9982d6cab487,hsub_meissen_electoral_saxony_core,MEDIUM,promo_004cd3264a32,MAPGEN-012,promoted from a reviewed staged candidate,
seven_years_war_1756_08_01,TERRESTRIAL_HEX,h6000_q-000383_r+001276,src_9d6f03b5c85f,hsrc_34735c52ef0d,hev_63418cd6ce49|hev_886d8a602567,hbf_9982d6cab487,hsub_meissen_electoral_saxony_core,MEDIUM,promo_004cd3264a32,MAPGEN-012,promoted from a reviewed staged candidate,
seven_years_war_1756_08_01,TERRESTRIAL_HEX,h6000_q-000382_r+001276,src_9d6f03b5c85f,hsrc_34735c52ef0d,hev_63418cd6ce49|hev_886d8a602567,hbf_9982d6cab487,hsub_meissen_electoral_saxony_core,MEDIUM,promo_004cd3264a32,MAPGEN-012,promoted from a reviewed staged candidate,
seven_years_war_1756_08_01,TERRESTRIAL_HEX,h6000_q-000381_r+001276,src_9d6f03b5c85f,hsrc_34735c52ef0d,hev_63418cd6ce49|hev_886d8a602567,hbf_9982d6cab487,hsub_meissen_electoral_saxony_core,MEDIUM,promo_004cd3264a32,MAPGEN-012,promoted from a reviewed staged candidate,
seven_years_war_1756_08_01,TERRESTRIAL_HEX,h6000_q-000380_r+001276,src_9d6f03b5c85f,hsrc_34735c52ef0d,hev_63418cd6ce49|hev_886d8a602567,hbf_9982d6cab487,hsub_meissen_electoral_saxony_core,MEDIUM,promo_004cd3264a32,MAPGEN-012,promoted from a reviewed staged candidate,
seven_years_war_1756_08_01,TERRESTRIAL_HEX,h6000_q-000403_r+001277,src_9d6f03b5c85f,hsrc_34735c52ef0d,hev_63418cd6ce49|hev_886d8a602567,hbf_9982d6cab487,hsub_meissen_electoral_saxony_core,MEDIUM,promo_004cd3264a32,MAPGEN-012,promoted from a reviewed staged candidate,
seven_years_war_1756_08_01,TERRESTRIAL_HEX,h6000_q-000402_r+001277,src_9d6f03b5c85f,hsrc_34735c52ef0d,hev_63418cd6ce49|hev_886d8a602567,hbf_9982d6cab487,hsub_meissen_electoral_saxony_core,MEDIUM,promo_004cd3264a32,MAPGEN-012,promoted from a reviewed staged candidate,
seven_years_war_1756_08_01,TERRESTRIAL_HEX,h6000_q-000401_r+001277,src_9d6f03b5c85f,hsrc_34735c52ef0d,hev_63418cd6ce49|hev_886d8a602567,hbf_9982d6cab487,hsub_meissen_electoral_saxony_core,MEDIUM,promo_004cd3264a32,MAPGEN-012,promoted from a reviewed staged candidate,
seven_years_war_1756_08_01,TERRESTRIAL_HEX,h6000_q-000400_r+001277,src_9d6f03b5c85f,hsrc_34735c52ef0d,hev_63418cd6ce49|hev_886d8a602567,hbf_9982d6cab487,hsub_meissen_electoral_saxony_core,MEDIUM,promo_004cd3264a32,MAPGEN-012,promoted from a reviewed staged candidate,
seven_years_war_1756_08_01,TERRESTRIAL_HEX,h6000_q-000399_r+001277,src_9d6f03b5c85f,hsrc_34735c52ef0d,hev_63418cd6ce49|hev_886d8a602567,hbf_9982d6cab487,hsub_meissen_electoral_saxony_core,MEDIUM,promo_004cd3264a32,MAPGEN-012,promoted from a reviewed staged candidate,
seven_years_war_1756_08_01,TERRESTRIAL_HEX,h6000_q-000398_r+001277,src_9d6f03b5c85f,hsrc_34735c52ef0d,hev_63418cd6ce49|hev_886d8a602567,hbf_9982d6cab487,hsub_meissen_electoral_saxony_core,MEDIUM,promo_004cd3264a32,MAPGEN-012,promoted from a reviewed staged candidate,
seven_years_war_1756_08_01,TERRESTRIAL_HEX,h6000_q-000397_r+001277,src_9d6f03b5c85f,hsrc_34735c52ef0d,hev_63418cd6ce49|hev_886d8a602567,hbf_9982d6cab487,hsub_meissen_electoral_saxony_core,MEDIUM,promo_004cd3264a32,MAPGEN-012,promoted from a reviewed staged candidate,
seven_years_war_1756_08_01,TERRESTRIAL_HEX,h6000_q-000396_r+001277,src_9d6f03b5c85f,hsrc_34735c52ef0d,hev_63418cd6ce49|hev_886d8a602567,hbf_9982d6cab487,hsub_meissen_electoral_saxony_core,MEDIUM,promo_004cd3264a32,MAPGEN-012,promoted from a reviewed staged candidate,
seven_years_war_1756_08_01,TERRESTRIAL_HEX,h6000_q-000395_r+001277,src_9d6f03b5c85f,hsrc_34735c52ef0d,hev_63418cd6ce49|hev_886d8a602567,hbf_9982d6cab487,hsub_meissen_electoral_saxony_core,MEDIUM,promo_004cd3264a32,MAPGEN-012,promoted from a reviewed staged candidate,
seven_years_war_1756_08_01,TERRESTRIAL_HEX,h6000_q-000394_r+001277,src_9d6f03b5c85f,hsrc_34735c52ef0d,hev_63418cd6ce49|hev_886d8a602567,hbf_9982d6cab487,hsub_meissen_electoral_saxony_core,MEDIUM,promo_004cd3264a32,MAPGEN-012,promoted from a reviewed staged candidate,
seven_years_war_1756_08_01,TERRESTRIAL_HEX,h6000_q-000393_r+001277,src_9d6f03b5c85f,hsrc_34735c52ef0d,hev_63418cd6ce49|hev_886d8a602567,hbf_9982d6cab487,hsub_meissen_electoral_saxony_core,MEDIUM,promo_004cd3264a32,MAPGEN-012,promoted from a reviewed staged candidate,
seven_years_war_1756_08_01,TERRESTRIAL_HEX,h6000_q-000392_r+001277,src_9d6f03b5c85f,hsrc_34735c52ef0d,hev_63418cd6ce49|hev_886d8a602567,hbf_9982d6cab487,hsub_meissen_electoral_saxony_core,MEDIUM,promo_004cd3264a32,MAPGEN-012,promoted from a reviewed staged candidate,
seven_years_war_1756_08_01,TERRESTRIAL_HEX,h6000_q-000391_r+001277,src_9d6f03b5c85f,hsrc_34735c52ef0d,hev_63418cd6ce49|hev_886d8a602567,hbf_9982d6cab487,hsub_meissen_electoral_saxony_core,MEDIUM,promo_004cd3264a32,MAPGEN-012,promoted from a reviewed staged candidate,
seven_years_war_1756_08_01,TERRESTRIAL_HEX,h6000_q-000390_r+001277,src_9d6f03b5c85f,hsrc_34735c52ef0d,hev_63418cd6ce49|hev_886d8a602567,hbf_9982d6cab487,hsub_meissen_electoral_saxony_core,MEDIUM,promo_004cd3264a32,MAPGEN-012,promoted from a reviewed staged candidate,
seven_years_war_1756_08_01,TERRESTRIAL_HEX,h6000_q-000389_r+001277,src_9d6f03b5c85f,hsrc_34735c52ef0d,hev_63418cd6ce49|hev_886d8a602567,hbf_9982d6cab487,hsub_meissen_electoral_saxony_core,MEDIUM,promo_004cd3264a32,MAPGEN-012,promoted from a reviewed staged candidate,
seven_years_war_1756_08_01,TERRESTRIAL_HEX,h6000_q-000388_r+001277,src_9d6f03b5c85f,hsrc_34735c52ef0d,hev_63418cd6ce49|hev_886d8a602567,hbf_9982d6cab487,hsub_meissen_electoral_saxony_core,MEDIUM,promo_004cd3264a32,MAPGEN-012,promoted from a reviewed staged candidate,
seven_years_war_1756_08_01,TERRESTRIAL_HEX,h6000_q-000387_r+001277,src_9d6f03b5c85f,hsrc_34735c52ef0d,hev_63418cd6ce49|hev_886d8a602567,hbf_9982d6cab487,hsub_meissen_electoral_saxony_core,MEDIUM,promo_004cd3264a32,MAPGEN-012,promoted from a reviewed staged candidate,
seven_years_war_1756_08_01,TERRESTRIAL_HEX,h6000_q-000386_r+001277,src_9d6f03b5c85f,hsrc_34735c52ef0d,hev_63418cd6ce49|hev_886d8a602567,hbf_9982d6cab487,hsub_meissen_electoral_saxony_core,MEDIUM,promo_004cd3264a32,MAPGEN-012,promoted from a reviewed staged candidate,
seven_years_war_1756_08_01,TERRESTRIAL_HEX,h6000_q-000385_r+001277,src_9d6f03b5c85f,hsrc_34735c52ef0d,hev_63418cd6ce49|hev_886d8a602567,hbf_9982d6cab487,hsub_meissen_electoral_saxony_core,MEDIUM,promo_004cd3264a32,MAPGEN-012,promoted from a reviewed staged candidate,
seven_years_war_1756_08_01,TERRESTRIAL_HEX,h6000_q-000384_r+001277,src_9d6f03b5c85f,hsrc_34735c52ef0d,hev_63418cd6ce49|hev_886d8a602567,hbf_9982d6cab487,hsub_meissen_electoral_saxony_core,MEDIUM,promo_004cd3264a32,MAPGEN-012,promoted from a reviewed staged candidate,
seven_years_war_1756_08_01,TERRESTRIAL_HEX,h6000_q-000383_r+001277,src_9d6f03b5c85f,hsrc_34735c52ef0d,hev_63418cd6ce49|hev_886d8a602567,hbf_9982d6cab487,hsub_meissen_electoral_saxony_core,MEDIUM,promo_004cd3264a32,MAPGEN-012,promoted from a reviewed staged candidate,
seven_years_war_1756_08_01,TERRESTRIAL_HEX,h6000_q-000382_r+001277,src_9d6f03b5c85f,hsrc_34735c52ef0d,hev_63418cd6ce49|hev_886d8a602567,hbf_9982d6cab487,hsub_meissen_electoral_saxony_core,MEDIUM,promo_004cd3264a32,MAPGEN-012,promoted from a reviewed staged candidate,
seven_years_war_1756_08_01,TERRESTRIAL_HEX,h6000_q-000381_r+001277,src_9d6f03b5c85f,hsrc_34735c52ef0d,hev_63418cd6ce49|hev_886d8a602567,hbf_9982d6cab487,hsub_meissen_electoral_saxony_core,MEDIUM,promo_004cd3264a32,MAPGEN-012,promoted from a reviewed staged candidate,
seven_years_war_1756_08_01,TERRESTRIAL_HEX,h6000_q-000380_r+001277,src_9d6f03b5c85f,hsrc_34735c52ef0d,hev_63418cd6ce49|hev_886d8a602567,hbf_9982d6cab487,hsub_meissen_electoral_saxony_core,MEDIUM,promo_004cd3264a32,MAPGEN-012,promoted from a reviewed staged candidate,
seven_years_war_1756_08_01,TERRESTRIAL_HEX,h6000_q-000379_r+001277,src_9d6f03b5c85f,hsrc_34735c52ef0d,hev_63418cd6ce49|hev_886d8a602567,hbf_9982d6cab487,hsub_meissen_electoral_saxony_core,MEDIUM,promo_004cd3264a32,MAPGEN-012,promoted from a reviewed staged candidate,
seven_years_war_1756_08_01,TERRESTRIAL_HEX,h6000_q-000404_r+001278,src_9d6f03b5c85f,hsrc_34735c52ef0d,hev_63418cd6ce49|hev_886d8a602567,hbf_9982d6cab487,hsub_meissen_electoral_saxony_core,MEDIUM,promo_004cd3264a32,MAPGEN-012,promoted from a reviewed staged candidate,
seven_years_war_1756_08_01,TERRESTRIAL_HEX,h6000_q-000403_r+001278,src_9d6f03b5c85f,hsrc_34735c52ef0d,hev_63418cd6ce49|hev_886d8a602567,hbf_9982d6cab487,hsub_meissen_electoral_saxony_core,MEDIUM,promo_004cd3264a32,MAPGEN-012,promoted from a reviewed staged candidate,
seven_years_war_1756_08_01,TERRESTRIAL_HEX,h6000_q-000402_r+001278,src_9d6f03b5c85f,hsrc_34735c52ef0d,hev_63418cd6ce49|hev_886d8a602567,hbf_9982d6cab487,hsub_meissen_electoral_saxony_core,MEDIUM,promo_004cd3264a32,MAPGEN-012,promoted from a reviewed staged candidate,
seven_years_war_1756_08_01,TERRESTRIAL_HEX,h6000_q-000401_r+001278,src_9d6f03b5c85f,hsrc_34735c52ef0d,hev_63418cd6ce49|hev_886d8a602567,hbf_9982d6cab487,hsub_meissen_electoral_saxony_core,MEDIUM,promo_004cd3264a32,MAPGEN-012,promoted from a reviewed staged candidate,
seven_years_war_1756_08_01,TERRESTRIAL_HEX,h6000_q-000400_r+001278,src_9d6f03b5c85f,hsrc_34735c52ef0d,hev_63418cd6ce49|hev_886d8a602567,hbf_9982d6cab487,hsub_meissen_electoral_saxony_core,MEDIUM,promo_004cd3264a32,MAPGEN-012,promoted from a reviewed staged candidate,
seven_years_war_1756_08_01,TERRESTRIAL_HEX,h6000_q-000399_r+001278,src_9d6f03b5c85f,hsrc_34735c52ef0d,hev_63418cd6ce49|hev_886d8a602567,hbf_9982d6cab487,hsub_meissen_electoral_saxony_core,MEDIUM,promo_004cd3264a32,MAPGEN-012,promoted from a reviewed staged candidate,
seven_years_war_1756_08_01,TERRESTRIAL_HEX,h6000_q-000398_r+001278,src_9d6f03b5c85f,hsrc_34735c52ef0d,hev_63418cd6ce49|hev_886d8a602567,hbf_9982d6cab487,hsub_meissen_electoral_saxony_core,MEDIUM,promo_004cd3264a32,MAPGEN-012,promoted from a reviewed staged candidate,
seven_years_war_1756_08_01,TERRESTRIAL_HEX,h6000_q-000397_r+001278,src_9d6f03b5c85f,hsrc_34735c52ef0d,hev_63418cd6ce49|hev_886d8a602567,hbf_9982d6cab487,hsub_meissen_electoral_saxony_core,MEDIUM,promo_004cd3264a32,MAPGEN-012,promoted from a reviewed staged candidate,
seven_years_war_1756_08_01,TERRESTRIAL_HEX,h6000_q-000396_r+001278,src_9d6f03b5c85f,hsrc_34735c52ef0d,hev_63418cd6ce49|hev_886d8a602567,hbf_9982d6cab487,hsub_meissen_electoral_saxony_core,MEDIUM,promo_004cd3264a32,MAPGEN-012,promoted from a reviewed staged candidate,
seven_years_war_1756_08_01,TERRESTRIAL_HEX,h6000_q-000395_r+001278,src_9d6f03b5c85f,hsrc_34735c52ef0d,hev_63418cd6ce49|hev_886d8a602567,hbf_9982d6cab487,hsub_meissen_electoral_saxony_core,MEDIUM,promo_004cd3264a32,MAPGEN-012,promoted from a reviewed staged candidate,
seven_years_war_1756_08_01,TERRESTRIAL_HEX,h6000_q-000394_r+001278,src_9d6f03b5c85f,hsrc_34735c52ef0d,hev_63418cd6ce49|hev_886d8a602567,hbf_9982d6cab487,hsub_meissen_electoral_saxony_core,MEDIUM,promo_004cd3264a32,MAPGEN-012,promoted from a reviewed staged candidate,
seven_years_war_1756_08_01,TERRESTRIAL_HEX,h6000_q-000393_r+001278,src_9d6f03b5c85f,hsrc_34735c52ef0d,hev_63418cd6ce49|hev_886d8a602567,hbf_9982d6cab487,hsub_meissen_electoral_saxony_core,MEDIUM,promo_004cd3264a32,MAPGEN-012,promoted from a reviewed staged candidate,
seven_years_war_1756_08_01,TERRESTRIAL_HEX,h6000_q-000392_r+001278,src_9d6f03b5c85f,hsrc_34735c52ef0d,hev_63418cd6ce49|hev_886d8a602567,hbf_9982d6cab487,hsub_meissen_electoral_saxony_core,MEDIUM,promo_004cd3264a32,MAPGEN-012,promoted from a reviewed staged candidate,
seven_years_war_1756_08_01,TERRESTRIAL_HEX,h6000_q-000391_r+001278,src_9d6f03b5c85f,hsrc_34735c52ef0d,hev_63418cd6ce49|hev_886d8a602567,hbf_9982d6cab487,hsub_meissen_electoral_saxony_core,MEDIUM,promo_004cd3264a32,MAPGEN-012,promoted from a reviewed staged candidate,
seven_years_war_1756_08_01,TERRESTRIAL_HEX,h6000_q-000390_r+001278,src_9d6f03b5c85f,hsrc_34735c52ef0d,hev_63418cd6ce49|hev_886d8a602567,hbf_9982d6cab487,hsub_meissen_electoral_saxony_core,MEDIUM,promo_004cd3264a32,MAPGEN-012,promoted from a reviewed staged candidate,
seven_years_war_1756_08_01,TERRESTRIAL_HEX,h6000_q-000389_r+001278,src_9d6f03b5c85f,hsrc_34735c52ef0d,hev_63418cd6ce49|hev_886d8a602567,hbf_9982d6cab487,hsub_meissen_electoral_saxony_core,MEDIUM,promo_004cd3264a32,MAPGEN-012,promoted from a reviewed staged candidate,
seven_years_war_1756_08_01,TERRESTRIAL_HEX,h6000_q-000388_r+001278,src_9d6f03b5c85f,hsrc_34735c52ef0d,hev_63418cd6ce49|hev_886d8a602567,hbf_9982d6cab487,hsub_meissen_electoral_saxony_core,MEDIUM,promo_004cd3264a32,MAPGEN-012,promoted from a reviewed staged candidate,
seven_years_war_1756_08_01,TERRESTRIAL_HEX,h6000_q-000387_r+001278,src_9d6f03b5c85f,hsrc_34735c52ef0d,hev_63418cd6ce49|hev_886d8a602567,hbf_9982d6cab487,hsub_meissen_electoral_saxony_core,MEDIUM,promo_004cd3264a32,MAPGEN-012,promoted from a reviewed staged candidate,
seven_years_war_1756_08_01,TERRESTRIAL_HEX,h6000_q-000386_r+001278,src_9d6f03b5c85f,hsrc_34735c52ef0d,hev_63418cd6ce49|hev_886d8a602567,hbf_9982d6cab487,hsub_meissen_electoral_saxony_core,MEDIUM,promo_004cd3264a32,MAPGEN-012,promoted from a reviewed staged candidate,
seven_years_war_1756_08_01,TERRESTRIAL_HEX,h6000_q-000385_r+001278,src_9d6f03b5c85f,hsrc_34735c52ef0d,hev_63418cd6ce49|hev_886d8a602567,hbf_9982d6cab487,hsub_meissen_electoral_saxony_core,MEDIUM,promo_004cd3264a32,MAPGEN-012,promoted from a reviewed staged candidate,
seven_years_war_1756_08_01,TERRESTRIAL_HEX,h6000_q-000384_r+001278,src_9d6f03b5c85f,hsrc_34735c52ef0d,hev_63418cd6ce49|hev_886d8a602567,hbf_9982d6cab487,hsub_meissen_electoral_saxony_core,MEDIUM,promo_004cd3264a32,MAPGEN-012,promoted from a reviewed staged candidate,
seven_years_war_1756_08_01,TERRESTRIAL_HEX,h6000_q-000383_r+001278,src_9d6f03b5c85f,hsrc_34735c52ef0d,hev_63418cd6ce49|hev_886d8a602567,hbf_9982d6cab487,hsub_meissen_electoral_saxony_core,MEDIUM,promo_004cd3264a32,MAPGEN-012,promoted from a reviewed staged candidate,
seven_years_war_1756_08_01,TERRESTRIAL_HEX,h6000_q-000382_r+001278,src_9d6f03b5c85f,hsrc_34735c52ef0d,hev_63418cd6ce49|hev_886d8a602567,hbf_9982d6cab487,hsub_meissen_electoral_saxony_core,MEDIUM,promo_004cd3264a32,MAPGEN-012,promoted from a reviewed staged candidate,
seven_years_war_1756_08_01,TERRESTRIAL_HEX,h6000_q-000381_r+001278,src_9d6f03b5c85f,hsrc_34735c52ef0d,hev_63418cd6ce49|hev_886d8a602567,hbf_9982d6cab487,hsub_meissen_electoral_saxony_core,MEDIUM,promo_004cd3264a32,MAPGEN-012,promoted from a reviewed staged candidate,
seven_years_war_1756_08_01,TERRESTRIAL_HEX,h6000_q-000380_r+001278,src_9d6f03b5c85f,hsrc_34735c52ef0d,hev_63418cd6ce49|hev_886d8a602567,hbf_9982d6cab487,hsub_meissen_electoral_saxony_core,MEDIUM,promo_004cd3264a32,MAPGEN-012,promoted from a reviewed staged candidate,
seven_years_war_1756_08_01,TERRESTRIAL_HEX,h6000_q-000405_r+001279,src_9d6f03b5c85f,hsrc_34735c52ef0d,hev_63418cd6ce49|hev_886d8a602567,hbf_9982d6cab487,hsub_meissen_electoral_saxony_core,MEDIUM,promo_004cd3264a32,MAPGEN-012,promoted from a reviewed staged candidate,
seven_years_war_1756_08_01,TERRESTRIAL_HEX,h6000_q-000396_r+001279,src_9d6f03b5c85f,hsrc_34735c52ef0d,hev_63418cd6ce49|hev_886d8a602567,hbf_9982d6cab487,hsub_meissen_electoral_saxony_core,MEDIUM,promo_004cd3264a32,MAPGEN-012,promoted from a reviewed staged candidate,
seven_years_war_1756_08_01,TERRESTRIAL_HEX,h6000_q-000395_r+001279,src_9d6f03b5c85f,hsrc_34735c52ef0d,hev_63418cd6ce49|hev_886d8a602567,hbf_9982d6cab487,hsub_meissen_electoral_saxony_core,MEDIUM,promo_004cd3264a32,MAPGEN-012,promoted from a reviewed staged candidate,
seven_years_war_1756_08_01,TERRESTRIAL_HEX,h6000_q-000394_r+001279,src_9d6f03b5c85f,hsrc_34735c52ef0d,hev_63418cd6ce49|hev_886d8a602567,hbf_9982d6cab487,hsub_meissen_electoral_saxony_core,MEDIUM,promo_004cd3264a32,MAPGEN-012,promoted from a reviewed staged candidate,
seven_years_war_1756_08_01,TERRESTRIAL_HEX,h6000_q-000393_r+001279,src_9d6f03b5c85f,hsrc_34735c52ef0d,hev_63418cd6ce49|hev_886d8a602567,hbf_9982d6cab487,hsub_meissen_electoral_saxony_core,MEDIUM,promo_004cd3264a32,MAPGEN-012,promoted from a reviewed staged candidate,
seven_years_war_1756_08_01,TERRESTRIAL_HEX,h6000_q-000392_r+001279,src_9d6f03b5c85f,hsrc_34735c52ef0d,hev_63418cd6ce49|hev_886d8a602567,hbf_9982d6cab487,hsub_meissen_electoral_saxony_core,MEDIUM,promo_004cd3264a32,MAPGEN-012,promoted from a reviewed staged candidate,
seven_years_war_1756_08_01,TERRESTRIAL_HEX,h6000_q-000391_r+001279,src_9d6f03b5c85f,hsrc_34735c52ef0d,hev_63418cd6ce49|hev_886d8a602567,hbf_9982d6cab487,hsub_meissen_electoral_saxony_core,MEDIUM,promo_004cd3264a32,MAPGEN-012,promoted from a reviewed staged candidate,
seven_years_war_1756_08_01,TERRESTRIAL_HEX,h6000_q-000390_r+001279,src_9d6f03b5c85f,hsrc_34735c52ef0d,hev_63418cd6ce49|hev_886d8a602567,hbf_9982d6cab487,hsub_meissen_electoral_saxony_core,MEDIUM,promo_004cd3264a32,MAPGEN-012,promoted from a reviewed staged candidate,
seven_years_war_1756_08_01,TERRESTRIAL_HEX,h6000_q-000389_r+001279,src_9d6f03b5c85f,hsrc_34735c52ef0d,hev_63418cd6ce49|hev_886d8a602567,hbf_9982d6cab487,hsub_meissen_electoral_saxony_core,MEDIUM,promo_004cd3264a32,MAPGEN-012,promoted from a reviewed staged candidate,
seven_years_war_1756_08_01,TERRESTRIAL_HEX,h6000_q-000388_r+001279,src_9d6f03b5c85f,hsrc_34735c52ef0d,hev_63418cd6ce49|hev_886d8a602567,hbf_9982d6cab487,hsub_meissen_electoral_saxony_core,MEDIUM,promo_004cd3264a32,MAPGEN-012,promoted from a reviewed staged candidate,
seven_years_war_1756_08_01,TERRESTRIAL_HEX,h6000_q-000387_r+001279,src_9d6f03b5c85f,hsrc_34735c52ef0d,hev_63418cd6ce49|hev_886d8a602567,hbf_9982d6cab487,hsub_meissen_electoral_saxony_core,MEDIUM,promo_004cd3264a32,MAPGEN-012,promoted from a reviewed staged candidate,
seven_years_war_1756_08_01,TERRESTRIAL_HEX,h6000_q-000386_r+001279,src_9d6f03b5c85f,hsrc_34735c52ef0d,hev_63418cd6ce49|hev_886d8a602567,hbf_9982d6cab487,hsub_meissen_electoral_saxony_core,MEDIUM,promo_004cd3264a32,MAPGEN-012,promoted from a reviewed staged candidate,
seven_years_war_1756_08_01,TERRESTRIAL_HEX,h6000_q-000385_r+001279,src_9d6f03b5c85f,hsrc_34735c52ef0d,hev_63418cd6ce49|hev_886d8a602567,hbf_9982d6cab487,hsub_meissen_electoral_saxony_core,MEDIUM,promo_004cd3264a32,MAPGEN-012,promoted from a reviewed staged candidate,
seven_years_war_1756_08_01,TERRESTRIAL_HEX,h6000_q-000384_r+001279,src_9d6f03b5c85f,hsrc_34735c52ef0d,hev_63418cd6ce49|hev_886d8a602567,hbf_9982d6cab487,hsub_meissen_electoral_saxony_core,MEDIUM,promo_004cd3264a32,MAPGEN-012,promoted from a reviewed staged candidate,
seven_years_war_1756_08_01,TERRESTRIAL_HEX,h6000_q-000383_r+001279,src_9d6f03b5c85f,hsrc_34735c52ef0d,hev_63418cd6ce49|hev_886d8a602567,hbf_9982d6cab487,hsub_meissen_electoral_saxony_core,MEDIUM,promo_004cd3264a32,MAPGEN-012,promoted from a reviewed staged candidate,
seven_years_war_1756_08_01,TERRESTRIAL_HEX,h6000_q-000382_r+001279,src_9d6f03b5c85f,hsrc_34735c52ef0d,hev_63418cd6ce49|hev_886d8a602567,hbf_9982d6cab487,hsub_meissen_electoral_saxony_core,MEDIUM,promo_004cd3264a32,MAPGEN-012,promoted from a reviewed staged candidate,
seven_years_war_1756_08_01,TERRESTRIAL_HEX,h6000_q-000381_r+001279,src_9d6f03b5c85f,hsrc_34735c52ef0d,hev_63418cd6ce49|hev_886d8a602567,hbf_9982d6cab487,hsub_meissen_electoral_saxony_core,MEDIUM,promo_004cd3264a32,MAPGEN-012,promoted from a reviewed staged candidate,
seven_years_war_1756_08_01,TERRESTRIAL_HEX,h6000_q-000406_r+001280,src_9d6f03b5c85f,hsrc_34735c52ef0d,hev_63418cd6ce49|hev_886d8a602567,hbf_9982d6cab487,hsub_meissen_electoral_saxony_core,MEDIUM,promo_004cd3264a32,MAPGEN-012,promoted from a reviewed staged candidate,
seven_years_war_1756_08_01,TERRESTRIAL_HEX,h6000_q-000396_r+001280,src_9d6f03b5c85f,hsrc_34735c52ef0d,hev_63418cd6ce49|hev_886d8a602567,hbf_9982d6cab487,hsub_meissen_electoral_saxony_core,MEDIUM,promo_004cd3264a32,MAPGEN-012,promoted from a reviewed staged candidate,
seven_years_war_1756_08_01,TERRESTRIAL_HEX,h6000_q-000395_r+001280,src_9d6f03b5c85f,hsrc_34735c52ef0d,hev_63418cd6ce49|hev_886d8a602567,hbf_9982d6cab487,hsub_meissen_electoral_saxony_core,MEDIUM,promo_004cd3264a32,MAPGEN-012,promoted from a reviewed staged candidate,
seven_years_war_1756_08_01,TERRESTRIAL_HEX,h6000_q-000394_r+001280,src_9d6f03b5c85f,hsrc_34735c52ef0d,hev_63418cd6ce49|hev_886d8a602567,hbf_9982d6cab487,hsub_meissen_electoral_saxony_core,MEDIUM,promo_004cd3264a32,MAPGEN-012,promoted from a reviewed staged candidate,
seven_years_war_1756_08_01,TERRESTRIAL_HEX,h6000_q-000393_r+001280,src_9d6f03b5c85f,hsrc_34735c52ef0d,hev_63418cd6ce49|hev_886d8a602567,hbf_9982d6cab487,hsub_meissen_electoral_saxony_core,MEDIUM,promo_004cd3264a32,MAPGEN-012,promoted from a reviewed staged candidate,
seven_years_war_1756_08_01,TERRESTRIAL_HEX,h6000_q-000392_r+001280,src_9d6f03b5c85f,hsrc_34735c52ef0d,hev_63418cd6ce49|hev_886d8a602567,hbf_9982d6cab487,hsub_meissen_electoral_saxony_core,MEDIUM,promo_004cd3264a32,MAPGEN-012,promoted from a reviewed staged candidate,
seven_years_war_1756_08_01,TERRESTRIAL_HEX,h6000_q-000391_r+001280,src_9d6f03b5c85f,hsrc_34735c52ef0d,hev_63418cd6ce49|hev_886d8a602567,hbf_9982d6cab487,hsub_meissen_electoral_saxony_core,MEDIUM,promo_004cd3264a32,MAPGEN-012,promoted from a reviewed staged candidate,
seven_years_war_1756_08_01,TERRESTRIAL_HEX,h6000_q-000390_r+001280,src_9d6f03b5c85f,hsrc_34735c52ef0d,hev_63418cd6ce49|hev_886d8a602567,hbf_9982d6cab487,hsub_meissen_electoral_saxony_core,MEDIUM,promo_004cd3264a32,MAPGEN-012,promoted from a reviewed staged candidate,
seven_years_war_1756_08_01,TERRESTRIAL_HEX,h6000_q-000389_r+001280,src_9d6f03b5c85f,hsrc_34735c52ef0d,hev_63418cd6ce49|hev_886d8a602567,hbf_9982d6cab487,hsub_meissen_electoral_saxony_core,MEDIUM,promo_004cd3264a32,MAPGEN-012,promoted from a reviewed staged candidate,
seven_years_war_1756_08_01,TERRESTRIAL_HEX,h6000_q-000388_r+001280,src_9d6f03b5c85f,hsrc_34735c52ef0d,hev_63418cd6ce49|hev_886d8a602567,hbf_9982d6cab487,hsub_meissen_electoral_saxony_core,MEDIUM,promo_004cd3264a32,MAPGEN-012,promoted from a reviewed staged candidate,
seven_years_war_1756_08_01,TERRESTRIAL_HEX,h6000_q-000387_r+001280,src_9d6f03b5c85f,hsrc_34735c52ef0d,hev_63418cd6ce49|hev_886d8a602567,hbf_9982d6cab487,hsub_meissen_electoral_saxony_core,MEDIUM,promo_004cd3264a32,MAPGEN-012,promoted from a reviewed staged candidate,
seven_years_war_1756_08_01,TERRESTRIAL_HEX,h6000_q-000386_r+001280,src_9d6f03b5c85f,hsrc_34735c52ef0d,hev_63418cd6ce49|hev_886d8a602567,hbf_9982d6cab487,hsub_meissen_electoral_saxony_core,MEDIUM,promo_004cd3264a32,MAPGEN-012,promoted from a reviewed staged candidate,
seven_years_war_1756_08_01,TERRESTRIAL_HEX,h6000_q-000385_r+001280,src_9d6f03b5c85f,hsrc_34735c52ef0d,hev_63418cd6ce49|hev_886d8a602567,hbf_9982d6cab487,hsub_meissen_electoral_saxony_core,MEDIUM,promo_004cd3264a32,MAPGEN-012,promoted from a reviewed staged candidate,
seven_years_war_1756_08_01,TERRESTRIAL_HEX,h6000_q-000384_r+001280,src_9d6f03b5c85f,hsrc_34735c52ef0d,hev_63418cd6ce49|hev_886d8a602567,hbf_9982d6cab487,hsub_meissen_electoral_saxony_core,MEDIUM,promo_004cd3264a32,MAPGEN-012,promoted from a reviewed staged candidate,
seven_years_war_1756_08_01,TERRESTRIAL_HEX,h6000_q-000383_r+001280,src_9d6f03b5c85f,hsrc_34735c52ef0d,hev_63418cd6ce49|hev_886d8a602567,hbf_9982d6cab487,hsub_meissen_electoral_saxony_core,MEDIUM,promo_004cd3264a32,MAPGEN-012,promoted from a reviewed staged candidate,
seven_years_war_1756_08_01,TERRESTRIAL_HEX,h6000_q-000382_r+001280,src_9d6f03b5c85f,hsrc_34735c52ef0d,hev_63418cd6ce49|hev_886d8a602567,hbf_9982d6cab487,hsub_meissen_electoral_saxony_core,MEDIUM,promo_004cd3264a32,MAPGEN-012,promoted from a reviewed staged candidate,
seven_years_war_1756_08_01,TERRESTRIAL_HEX,h6000_q-000396_r+001281,src_9d6f03b5c85f,hsrc_34735c52ef0d,hev_63418cd6ce49|hev_886d8a602567,hbf_9982d6cab487,hsub_meissen_electoral_saxony_core,MEDIUM,promo_004cd3264a32,MAPGEN-012,promoted from a reviewed staged candidate,
seven_years_war_1756_08_01,TERRESTRIAL_HEX,h6000_q-000395_r+001281,src_9d6f03b5c85f,hsrc_34735c52ef0d,hev_63418cd6ce49|hev_886d8a602567,hbf_9982d6cab487,hsub_meissen_electoral_saxony_core,MEDIUM,promo_004cd3264a32,MAPGEN-012,promoted from a reviewed staged candidate,
seven_years_war_1756_08_01,TERRESTRIAL_HEX,h6000_q-000394_r+001281,src_9d6f03b5c85f,hsrc_34735c52ef0d,hev_63418cd6ce49|hev_886d8a602567,hbf_9982d6cab487,hsub_meissen_electoral_saxony_core,MEDIUM,promo_004cd3264a32,MAPGEN-012,promoted from a reviewed staged candidate,
seven_years_war_1756_08_01,TERRESTRIAL_HEX,h6000_q-000393_r+001281,src_9d6f03b5c85f,hsrc_34735c52ef0d,hev_63418cd6ce49|hev_886d8a602567,hbf_9982d6cab487,hsub_meissen_electoral_saxony_core,MEDIUM,promo_004cd3264a32,MAPGEN-012,promoted from a reviewed staged candidate,
seven_years_war_1756_08_01,TERRESTRIAL_HEX,h6000_q-000392_r+001281,src_9d6f03b5c85f,hsrc_34735c52ef0d,hev_63418cd6ce49|hev_886d8a602567,hbf_9982d6cab487,hsub_meissen_electoral_saxony_core,MEDIUM,promo_004cd3264a32,MAPGEN-012,promoted from a reviewed staged candidate,
seven_years_war_1756_08_01,TERRESTRIAL_HEX,h6000_q-000391_r+001281,src_9d6f03b5c85f,hsrc_34735c52ef0d,hev_63418cd6ce49|hev_886d8a602567,hbf_9982d6cab487,hsub_meissen_electoral_saxony_core,MEDIUM,promo_004cd3264a32,MAPGEN-012,promoted from a reviewed staged candidate,
seven_years_war_1756_08_01,TERRESTRIAL_HEX,h6000_q-000390_r+001281,src_9d6f03b5c85f,hsrc_34735c52ef0d,hev_63418cd6ce49|hev_886d8a602567,hbf_9982d6cab487,hsub_meissen_electoral_saxony_core,MEDIUM,promo_004cd3264a32,MAPGEN-012,promoted from a reviewed staged candidate,
seven_years_war_1756_08_01,TERRESTRIAL_HEX,h6000_q-000389_r+001281,src_9d6f03b5c85f,hsrc_34735c52ef0d,hev_63418cd6ce49|hev_886d8a602567,hbf_9982d6cab487,hsub_meissen_electoral_saxony_core,MEDIUM,promo_004cd3264a32,MAPGEN-012,promoted from a reviewed staged candidate,
seven_years_war_1756_08_01,TERRESTRIAL_HEX,h6000_q-000388_r+001281,src_9d6f03b5c85f,hsrc_34735c52ef0d,hev_63418cd6ce49|hev_886d8a602567,hbf_9982d6cab487,hsub_meissen_electoral_saxony_core,MEDIUM,promo_004cd3264a32,MAPGEN-012,promoted from a reviewed staged candidate,
seven_years_war_1756_08_01,TERRESTRIAL_HEX,h6000_q-000387_r+001281,src_9d6f03b5c85f,hsrc_34735c52ef0d,hev_63418cd6ce49|hev_886d8a602567,hbf_9982d6cab487,hsub_meissen_electoral_saxony_core,MEDIUM,promo_004cd3264a32,MAPGEN-012,promoted from a reviewed staged candidate,
seven_years_war_1756_08_01,TERRESTRIAL_HEX,h6000_q-000386_r+001281,src_9d6f03b5c85f,hsrc_34735c52ef0d,hev_63418cd6ce49|hev_886d8a602567,hbf_9982d6cab487,hsub_meissen_electoral_saxony_core,MEDIUM,promo_004cd3264a32,MAPGEN-012,promoted from a reviewed staged candidate,
seven_years_war_1756_08_01,TERRESTRIAL_HEX,h6000_q-000385_r+001281,src_9d6f03b5c85f,hsrc_34735c52ef0d,hev_63418cd6ce49|hev_886d8a602567,hbf_9982d6cab487,hsub_meissen_electoral_saxony_core,MEDIUM,promo_004cd3264a32,MAPGEN-012,promoted from a reviewed staged candidate,
seven_years_war_1756_08_01,TERRESTRIAL_HEX,h6000_q-000384_r+001281,src_9d6f03b5c85f,hsrc_34735c52ef0d,hev_63418cd6ce49|hev_886d8a602567,hbf_9982d6cab487,hsub_meissen_electoral_saxony_core,MEDIUM,promo_004cd3264a32,MAPGEN-012,promoted from a reviewed staged candidate,
seven_years_war_1756_08_01,TERRESTRIAL_HEX,h6000_q-000397_r+001282,src_9d6f03b5c85f,hsrc_34735c52ef0d,hev_63418cd6ce49|hev_886d8a602567,hbf_9982d6cab487,hsub_meissen_electoral_saxony_core,MEDIUM,promo_004cd3264a32,MAPGEN-012,promoted from a reviewed staged candidate,
seven_years_war_1756_08_01,TERRESTRIAL_HEX,h6000_q-000396_r+001282,src_9d6f03b5c85f,hsrc_34735c52ef0d,hev_63418cd6ce49|hev_886d8a602567,hbf_9982d6cab487,hsub_meissen_electoral_saxony_core,MEDIUM,promo_004cd3264a32,MAPGEN-012,promoted from a reviewed staged candidate,
seven_years_war_1756_08_01,TERRESTRIAL_HEX,h6000_q-000395_r+001282,src_9d6f03b5c85f,hsrc_34735c52ef0d,hev_63418cd6ce49|hev_886d8a602567,hbf_9982d6cab487,hsub_meissen_electoral_saxony_core,MEDIUM,promo_004cd3264a32,MAPGEN-012,promoted from a reviewed staged candidate,
seven_years_war_1756_08_01,TERRESTRIAL_HEX,h6000_q-000394_r+001282,src_9d6f03b5c85f,hsrc_34735c52ef0d,hev_63418cd6ce49|hev_886d8a602567,hbf_9982d6cab487,hsub_meissen_electoral_saxony_core,MEDIUM,promo_004cd3264a32,MAPGEN-012,promoted from a reviewed staged candidate,
seven_years_war_1756_08_01,TERRESTRIAL_HEX,h6000_q-000393_r+001282,src_9d6f03b5c85f,hsrc_34735c52ef0d,hev_63418cd6ce49|hev_886d8a602567,hbf_9982d6cab487,hsub_meissen_electoral_saxony_core,MEDIUM,promo_004cd3264a32,MAPGEN-012,promoted from a reviewed staged candidate,
seven_years_war_1756_08_01,TERRESTRIAL_HEX,h6000_q-000392_r+001282,src_9d6f03b5c85f,hsrc_34735c52ef0d,hev_63418cd6ce49|hev_886d8a602567,hbf_9982d6cab487,hsub_meissen_electoral_saxony_core,MEDIUM,promo_004cd3264a32,MAPGEN-012,promoted from a reviewed staged candidate,
seven_years_war_1756_08_01,TERRESTRIAL_HEX,h6000_q-000391_r+001282,src_9d6f03b5c85f,hsrc_34735c52ef0d,hev_63418cd6ce49|hev_886d8a602567,hbf_9982d6cab487,hsub_meissen_electoral_saxony_core,MEDIUM,promo_004cd3264a32,MAPGEN-012,promoted from a reviewed staged candidate,
seven_years_war_1756_08_01,TERRESTRIAL_HEX,h6000_q-000390_r+001282,src_9d6f03b5c85f,hsrc_34735c52ef0d,hev_63418cd6ce49|hev_886d8a602567,hbf_9982d6cab487,hsub_meissen_electoral_saxony_core,MEDIUM,promo_004cd3264a32,MAPGEN-012,promoted from a reviewed staged candidate,
seven_years_war_1756_08_01,TERRESTRIAL_HEX,h6000_q-000389_r+001282,src_9d6f03b5c85f,hsrc_34735c52ef0d,hev_63418cd6ce49|hev_886d8a602567,hbf_9982d6cab487,hsub_meissen_electoral_saxony_core,MEDIUM,promo_004cd3264a32,MAPGEN-012,promoted from a reviewed staged candidate,
seven_years_war_1756_08_01,TERRESTRIAL_HEX,h6000_q-000388_r+001282,src_9d6f03b5c85f,hsrc_34735c52ef0d,hev_63418cd6ce49|hev_886d8a602567,hbf_9982d6cab487,hsub_meissen_electoral_saxony_core,MEDIUM,promo_004cd3264a32,MAPGEN-012,promoted from a reviewed staged candidate,
seven_years_war_1756_08_01,TERRESTRIAL_HEX,h6000_q-000387_r+001282,src_9d6f03b5c85f,hsrc_34735c52ef0d,hev_63418cd6ce49|hev_886d8a602567,hbf_9982d6cab487,hsub_meissen_electoral_saxony_core,MEDIUM,promo_004cd3264a32,MAPGEN-012,promoted from a reviewed staged candidate,
seven_years_war_1756_08_01,TERRESTRIAL_HEX,h6000_q-000386_r+001282,src_9d6f03b5c85f,hsrc_34735c52ef0d,hev_63418cd6ce49|hev_886d8a602567,hbf_9982d6cab487,hsub_meissen_electoral_saxony_core,MEDIUM,promo_004cd3264a32,MAPGEN-012,promoted from a reviewed staged candidate,
seven_years_war_1756_08_01,TERRESTRIAL_HEX,h6000_q-000398_r+001283,src_9d6f03b5c85f,hsrc_34735c52ef0d,hev_63418cd6ce49|hev_886d8a602567,hbf_9982d6cab487,hsub_meissen_electoral_saxony_core,MEDIUM,promo_004cd3264a32,MAPGEN-012,promoted from a reviewed staged candidate,
seven_years_war_1756_08_01,TERRESTRIAL_HEX,h6000_q-000397_r+001283,src_9d6f03b5c85f,hsrc_34735c52ef0d,hev_63418cd6ce49|hev_886d8a602567,hbf_9982d6cab487,hsub_meissen_electoral_saxony_core,MEDIUM,promo_004cd3264a32,MAPGEN-012,promoted from a reviewed staged candidate,
seven_years_war_1756_08_01,TERRESTRIAL_HEX,h6000_q-000396_r+001283,src_9d6f03b5c85f,hsrc_34735c52ef0d,hev_63418cd6ce49|hev_886d8a602567,hbf_9982d6cab487,hsub_meissen_electoral_saxony_core,MEDIUM,promo_004cd3264a32,MAPGEN-012,promoted from a reviewed staged candidate,
seven_years_war_1756_08_01,TERRESTRIAL_HEX,h6000_q-000395_r+001283,src_9d6f03b5c85f,hsrc_34735c52ef0d,hev_63418cd6ce49|hev_886d8a602567,hbf_9982d6cab487,hsub_meissen_electoral_saxony_core,MEDIUM,promo_004cd3264a32,MAPGEN-012,promoted from a reviewed staged candidate,
seven_years_war_1756_08_01,TERRESTRIAL_HEX,h6000_q-000394_r+001283,src_9d6f03b5c85f,hsrc_34735c52ef0d,hev_63418cd6ce49|hev_886d8a602567,hbf_9982d6cab487,hsub_meissen_electoral_saxony_core,MEDIUM,promo_004cd3264a32,MAPGEN-012,promoted from a reviewed staged candidate,
seven_years_war_1756_08_01,TERRESTRIAL_HEX,h6000_q-000393_r+001283,src_9d6f03b5c85f,hsrc_34735c52ef0d,hev_63418cd6ce49|hev_886d8a602567,hbf_9982d6cab487,hsub_meissen_electoral_saxony_core,MEDIUM,promo_004cd3264a32,MAPGEN-012,promoted from a reviewed staged candidate,
seven_years_war_1756_08_01,TERRESTRIAL_HEX,h6000_q-000392_r+001283,src_9d6f03b5c85f,hsrc_34735c52ef0d,hev_63418cd6ce49|hev_886d8a602567,hbf_9982d6cab487,hsub_meissen_electoral_saxony_core,MEDIUM,promo_004cd3264a32,MAPGEN-012,promoted from a reviewed staged candidate,
seven_years_war_1756_08_01,TERRESTRIAL_HEX,h6000_q-000391_r+001283,src_9d6f03b5c85f,hsrc_34735c52ef0d,hev_63418cd6ce49|hev_886d8a602567,hbf_9982d6cab487,hsub_meissen_electoral_saxony_core,MEDIUM,promo_004cd3264a32,MAPGEN-012,promoted from a reviewed staged candidate,
seven_years_war_1756_08_01,TERRESTRIAL_HEX,h6000_q-000390_r+001283,src_9d6f03b5c85f,hsrc_34735c52ef0d,hev_63418cd6ce49|hev_886d8a602567,hbf_9982d6cab487,hsub_meissen_electoral_saxony_core,MEDIUM,promo_004cd3264a32,MAPGEN-012,promoted from a reviewed staged candidate,
seven_years_war_1756_08_01,TERRESTRIAL_HEX,h6000_q-000389_r+001283,src_9d6f03b5c85f,hsrc_34735c52ef0d,hev_63418cd6ce49|hev_886d8a602567,hbf_9982d6cab487,hsub_meissen_electoral_saxony_core,MEDIUM,promo_004cd3264a32,MAPGEN-012,promoted from a reviewed staged candidate,
seven_years_war_1756_08_01,TERRESTRIAL_HEX,h6000_q-000388_r+001283,src_9d6f03b5c85f,hsrc_34735c52ef0d,hev_63418cd6ce49|hev_886d8a602567,hbf_9982d6cab487,hsub_meissen_electoral_saxony_core,MEDIUM,promo_004cd3264a32,MAPGEN-012,promoted from a reviewed staged candidate,
seven_years_war_1756_08_01,TERRESTRIAL_HEX,h6000_q-000387_r+001283,src_9d6f03b5c85f,hsrc_34735c52ef0d,hev_63418cd6ce49|hev_886d8a602567,hbf_9982d6cab487,hsub_meissen_electoral_saxony_core,MEDIUM,promo_004cd3264a32,MAPGEN-012,promoted from a reviewed staged candidate,
seven_years_war_1756_08_01,TERRESTRIAL_HEX,h6000_q-000408_r+001284,src_9d6f03b5c85f,hsrc_34735c52ef0d,hev_63418cd6ce49|hev_886d8a602567,hbf_9982d6cab487,hsub_meissen_electoral_saxony_core,MEDIUM,promo_004cd3264a32,MAPGEN-012,promoted from a reviewed staged candidate,
seven_years_war_1756_08_01,TERRESTRIAL_HEX,h6000_q-000407_r+001284,src_9d6f03b5c85f,hsrc_34735c52ef0d,hev_63418cd6ce49|hev_886d8a602567,hbf_9982d6cab487,hsub_meissen_electoral_saxony_core,MEDIUM,promo_004cd3264a32,MAPGEN-012,promoted from a reviewed staged candidate,
seven_years_war_1756_08_01,TERRESTRIAL_HEX,h6000_q-000400_r+001284,src_9d6f03b5c85f,hsrc_34735c52ef0d,hev_63418cd6ce49|hev_886d8a602567,hbf_9982d6cab487,hsub_meissen_electoral_saxony_core,MEDIUM,promo_004cd3264a32,MAPGEN-012,promoted from a reviewed staged candidate,
seven_years_war_1756_08_01,TERRESTRIAL_HEX,h6000_q-000399_r+001284,src_9d6f03b5c85f,hsrc_34735c52ef0d,hev_63418cd6ce49|hev_886d8a602567,hbf_9982d6cab487,hsub_meissen_electoral_saxony_core,MEDIUM,promo_004cd3264a32,MAPGEN-012,promoted from a reviewed staged candidate,
seven_years_war_1756_08_01,TERRESTRIAL_HEX,h6000_q-000398_r+001284,src_9d6f03b5c85f,hsrc_34735c52ef0d,hev_63418cd6ce49|hev_886d8a602567,hbf_9982d6cab487,hsub_meissen_electoral_saxony_core,MEDIUM,promo_004cd3264a32,MAPGEN-012,promoted from a reviewed staged candidate,
seven_years_war_1756_08_01,TERRESTRIAL_HEX,h6000_q-000397_r+001284,src_9d6f03b5c85f,hsrc_34735c52ef0d,hev_63418cd6ce49|hev_886d8a602567,hbf_9982d6cab487,hsub_meissen_electoral_saxony_core,MEDIUM,promo_004cd3264a32,MAPGEN-012,promoted from a reviewed staged candidate,
seven_years_war_1756_08_01,TERRESTRIAL_HEX,h6000_q-000396_r+001284,src_9d6f03b5c85f,hsrc_34735c52ef0d,hev_63418cd6ce49|hev_886d8a602567,hbf_9982d6cab487,hsub_meissen_electoral_saxony_core,MEDIUM,promo_004cd3264a32,MAPGEN-012,promoted from a reviewed staged candidate,
seven_years_war_1756_08_01,TERRESTRIAL_HEX,h6000_q-000395_r+001284,src_9d6f03b5c85f,hsrc_34735c52ef0d,hev_63418cd6ce49|hev_886d8a602567,hbf_9982d6cab487,hsub_meissen_electoral_saxony_core,MEDIUM,promo_004cd3264a32,MAPGEN-012,promoted from a reviewed staged candidate,
seven_years_war_1756_08_01,TERRESTRIAL_HEX,h6000_q-000394_r+001284,src_9d6f03b5c85f,hsrc_34735c52ef0d,hev_63418cd6ce49|hev_886d8a602567,hbf_9982d6cab487,hsub_meissen_electoral_saxony_core,MEDIUM,promo_004cd3264a32,MAPGEN-012,promoted from a reviewed staged candidate,
seven_years_war_1756_08_01,TERRESTRIAL_HEX,h6000_q-000393_r+001284,src_9d6f03b5c85f,hsrc_34735c52ef0d,hev_63418cd6ce49|hev_886d8a602567,hbf_9982d6cab487,hsub_meissen_electoral_saxony_core,MEDIUM,promo_004cd3264a32,MAPGEN-012,promoted from a reviewed staged candidate,
seven_years_war_1756_08_01,TERRESTRIAL_HEX,h6000_q-000392_r+001284,src_9d6f03b5c85f,hsrc_34735c52ef0d,hev_63418cd6ce49|hev_886d8a602567,hbf_9982d6cab487,hsub_meissen_electoral_saxony_core,MEDIUM,promo_004cd3264a32,MAPGEN-012,promoted from a reviewed staged candidate,
seven_years_war_1756_08_01,TERRESTRIAL_HEX,h6000_q-000391_r+001284,src_9d6f03b5c85f,hsrc_34735c52ef0d,hev_63418cd6ce49|hev_886d8a602567,hbf_9982d6cab487,hsub_meissen_electoral_saxony_core,MEDIUM,promo_004cd3264a32,MAPGEN-012,promoted from a reviewed staged candidate,
seven_years_war_1756_08_01,TERRESTRIAL_HEX,h6000_q-000390_r+001284,src_9d6f03b5c85f,hsrc_34735c52ef0d,hev_63418cd6ce49|hev_886d8a602567,hbf_9982d6cab487,hsub_meissen_electoral_saxony_core,MEDIUM,promo_004cd3264a32,MAPGEN-012,promoted from a reviewed staged candidate,
seven_years_war_1756_08_01,TERRESTRIAL_HEX,h6000_q-000389_r+001284,src_9d6f03b5c85f,hsrc_34735c52ef0d,hev_63418cd6ce49|hev_886d8a602567,hbf_9982d6cab487,hsub_meissen_electoral_saxony_core,MEDIUM,promo_004cd3264a32,MAPGEN-012,promoted from a reviewed staged candidate,
seven_years_war_1756_08_01,TERRESTRIAL_HEX,h6000_q-000388_r+001284,src_9d6f03b5c85f,hsrc_34735c52ef0d,hev_63418cd6ce49|hev_886d8a602567,hbf_9982d6cab487,hsub_meissen_electoral_saxony_core,MEDIUM,promo_004cd3264a32,MAPGEN-012,promoted from a reviewed staged candidate,
seven_years_war_1756_08_01,TERRESTRIAL_HEX,h6000_q-000408_r+001285,src_9d6f03b5c85f,hsrc_34735c52ef0d,hev_63418cd6ce49|hev_886d8a602567,hbf_9982d6cab487,hsub_meissen_electoral_saxony_core,MEDIUM,promo_004cd3264a32,MAPGEN-012,promoted from a reviewed staged candidate,
seven_years_war_1756_08_01,TERRESTRIAL_HEX,h6000_q-000407_r+001285,src_9d6f03b5c85f,hsrc_34735c52ef0d,hev_63418cd6ce49|hev_886d8a602567,hbf_9982d6cab487,hsub_meissen_electoral_saxony_core,MEDIUM,promo_004cd3264a32,MAPGEN-012,promoted from a reviewed staged candidate,
seven_years_war_1756_08_01,TERRESTRIAL_HEX,h6000_q-000406_r+001285,src_9d6f03b5c85f,hsrc_34735c52ef0d,hev_63418cd6ce49|hev_886d8a602567,hbf_9982d6cab487,hsub_meissen_electoral_saxony_core,MEDIUM,promo_004cd3264a32,MAPGEN-012,promoted from a reviewed staged candidate,
seven_years_war_1756_08_01,TERRESTRIAL_HEX,h6000_q-000401_r+001285,src_9d6f03b5c85f,hsrc_34735c52ef0d,hev_63418cd6ce49|hev_886d8a602567,hbf_9982d6cab487,hsub_meissen_electoral_saxony_core,MEDIUM,promo_004cd3264a32,MAPGEN-012,promoted from a reviewed staged candidate,
seven_years_war_1756_08_01,TERRESTRIAL_HEX,h6000_q-000400_r+001285,src_9d6f03b5c85f,hsrc_34735c52ef0d,hev_63418cd6ce49|hev_886d8a602567,hbf_9982d6cab487,hsub_meissen_electoral_saxony_core,MEDIUM,promo_004cd3264a32,MAPGEN-012,promoted from a reviewed staged candidate,
seven_years_war_1756_08_01,TERRESTRIAL_HEX,h6000_q-000399_r+001285,src_9d6f03b5c85f,hsrc_34735c52ef0d,hev_63418cd6ce49|hev_886d8a602567,hbf_9982d6cab487,hsub_meissen_electoral_saxony_core,MEDIUM,promo_004cd3264a32,MAPGEN-012,promoted from a reviewed staged candidate,
seven_years_war_1756_08_01,TERRESTRIAL_HEX,h6000_q-000398_r+001285,src_9d6f03b5c85f,hsrc_34735c52ef0d,hev_63418cd6ce49|hev_886d8a602567,hbf_9982d6cab487,hsub_meissen_electoral_saxony_core,MEDIUM,promo_004cd3264a32,MAPGEN-012,promoted from a reviewed staged candidate,
seven_years_war_1756_08_01,TERRESTRIAL_HEX,h6000_q-000397_r+001285,src_9d6f03b5c85f,hsrc_34735c52ef0d,hev_63418cd6ce49|hev_886d8a602567,hbf_9982d6cab487,hsub_meissen_electoral_saxony_core,MEDIUM,promo_004cd3264a32,MAPGEN-012,promoted from a reviewed staged candidate,
seven_years_war_1756_08_01,TERRESTRIAL_HEX,h6000_q-000396_r+001285,src_9d6f03b5c85f,hsrc_34735c52ef0d,hev_63418cd6ce49|hev_886d8a602567,hbf_9982d6cab487,hsub_meissen_electoral_saxony_core,MEDIUM,promo_004cd3264a32,MAPGEN-012,promoted from a reviewed staged candidate,
seven_years_war_1756_08_01,TERRESTRIAL_HEX,h6000_q-000395_r+001285,src_9d6f03b5c85f,hsrc_34735c52ef0d,hev_63418cd6ce49|hev_886d8a602567,hbf_9982d6cab487,hsub_meissen_electoral_saxony_core,MEDIUM,promo_004cd3264a32,MAPGEN-012,promoted from a reviewed staged candidate,
seven_years_war_1756_08_01,TERRESTRIAL_HEX,h6000_q-000394_r+001285,src_9d6f03b5c85f,hsrc_34735c52ef0d,hev_63418cd6ce49|hev_886d8a602567,hbf_9982d6cab487,hsub_meissen_electoral_saxony_core,MEDIUM,promo_004cd3264a32,MAPGEN-012,promoted from a reviewed staged candidate,
seven_years_war_1756_08_01,TERRESTRIAL_HEX,h6000_q-000393_r+001285,src_9d6f03b5c85f,hsrc_34735c52ef0d,hev_63418cd6ce49|hev_886d8a602567,hbf_9982d6cab487,hsub_meissen_electoral_saxony_core,MEDIUM,promo_004cd3264a32,MAPGEN-012,promoted from a reviewed staged candidate,
seven_years_war_1756_08_01,TERRESTRIAL_HEX,h6000_q-000392_r+001285,src_9d6f03b5c85f,hsrc_34735c52ef0d,hev_63418cd6ce49|hev_886d8a602567,hbf_9982d6cab487,hsub_meissen_electoral_saxony_core,MEDIUM,promo_004cd3264a32,MAPGEN-012,promoted from a reviewed staged candidate,
seven_years_war_1756_08_01,TERRESTRIAL_HEX,h6000_q-000408_r+001286,src_9d6f03b5c85f,hsrc_34735c52ef0d,hev_63418cd6ce49|hev_886d8a602567,hbf_9982d6cab487,hsub_meissen_electoral_saxony_core,MEDIUM,promo_004cd3264a32,MAPGEN-012,promoted from a reviewed staged candidate,
seven_years_war_1756_08_01,TERRESTRIAL_HEX,h6000_q-000407_r+001286,src_9d6f03b5c85f,hsrc_34735c52ef0d,hev_63418cd6ce49|hev_886d8a602567,hbf_9982d6cab487,hsub_meissen_electoral_saxony_core,MEDIUM,promo_004cd3264a32,MAPGEN-012,promoted from a reviewed staged candidate,
seven_years_war_1756_08_01,TERRESTRIAL_HEX,h6000_q-000406_r+001286,src_9d6f03b5c85f,hsrc_34735c52ef0d,hev_63418cd6ce49|hev_886d8a602567,hbf_9982d6cab487,hsub_meissen_electoral_saxony_core,MEDIUM,promo_004cd3264a32,MAPGEN-012,promoted from a reviewed staged candidate,
seven_years_war_1756_08_01,TERRESTRIAL_HEX,h6000_q-000402_r+001286,src_9d6f03b5c85f,hsrc_34735c52ef0d,hev_63418cd6ce49|hev_886d8a602567,hbf_9982d6cab487,hsub_meissen_electoral_saxony_core,MEDIUM,promo_004cd3264a32,MAPGEN-012,promoted from a reviewed staged candidate,
seven_years_war_1756_08_01,TERRESTRIAL_HEX,h6000_q-000401_r+001286,src_9d6f03b5c85f,hsrc_34735c52ef0d,hev_63418cd6ce49|hev_886d8a602567,hbf_9982d6cab487,hsub_meissen_electoral_saxony_core,MEDIUM,promo_004cd3264a32,MAPGEN-012,promoted from a reviewed staged candidate,
seven_years_war_1756_08_01,TERRESTRIAL_HEX,h6000_q-000400_r+001286,src_9d6f03b5c85f,hsrc_34735c52ef0d,hev_63418cd6ce49|hev_886d8a602567,hbf_9982d6cab487,hsub_meissen_electoral_saxony_core,MEDIUM,promo_004cd3264a32,MAPGEN-012,promoted from a reviewed staged candidate,
seven_years_war_1756_08_01,TERRESTRIAL_HEX,h6000_q-000399_r+001286,src_9d6f03b5c85f,hsrc_34735c52ef0d,hev_63418cd6ce49|hev_886d8a602567,hbf_9982d6cab487,hsub_meissen_electoral_saxony_core,MEDIUM,promo_004cd3264a32,MAPGEN-012,promoted from a reviewed staged candidate,
seven_years_war_1756_08_01,TERRESTRIAL_HEX,h6000_q-000398_r+001286,src_9d6f03b5c85f,hsrc_34735c52ef0d,hev_63418cd6ce49|hev_886d8a602567,hbf_9982d6cab487,hsub_meissen_electoral_saxony_core,MEDIUM,promo_004cd3264a32,MAPGEN-012,promoted from a reviewed staged candidate,
seven_years_war_1756_08_01,TERRESTRIAL_HEX,h6000_q-000397_r+001286,src_9d6f03b5c85f,hsrc_34735c52ef0d,hev_63418cd6ce49|hev_886d8a602567,hbf_9982d6cab487,hsub_meissen_electoral_saxony_core,MEDIUM,promo_004cd3264a32,MAPGEN-012,promoted from a reviewed staged candidate,
seven_years_war_1756_08_01,TERRESTRIAL_HEX,h6000_q-000396_r+001286,src_9d6f03b5c85f,hsrc_34735c52ef0d,hev_63418cd6ce49|hev_886d8a602567,hbf_9982d6cab487,hsub_meissen_electoral_saxony_core,MEDIUM,promo_004cd3264a32,MAPGEN-012,promoted from a reviewed staged candidate,
seven_years_war_1756_08_01,TERRESTRIAL_HEX,h6000_q-000395_r+001286,src_9d6f03b5c85f,hsrc_34735c52ef0d,hev_63418cd6ce49|hev_886d8a602567,hbf_9982d6cab487,hsub_meissen_electoral_saxony_core,MEDIUM,promo_004cd3264a32,MAPGEN-012,promoted from a reviewed staged candidate,
seven_years_war_1756_08_01,TERRESTRIAL_HEX,h6000_q-000394_r+001286,src_9d6f03b5c85f,hsrc_34735c52ef0d,hev_63418cd6ce49|hev_886d8a602567,hbf_9982d6cab487,hsub_meissen_electoral_saxony_core,MEDIUM,promo_004cd3264a32,MAPGEN-012,promoted from a reviewed staged candidate,
seven_years_war_1756_08_01,TERRESTRIAL_HEX,h6000_q-000393_r+001286,src_9d6f03b5c85f,hsrc_34735c52ef0d,hev_63418cd6ce49|hev_886d8a602567,hbf_9982d6cab487,hsub_meissen_electoral_saxony_core,MEDIUM,promo_004cd3264a32,MAPGEN-012,promoted from a reviewed staged candidate,
seven_years_war_1756_08_01,TERRESTRIAL_HEX,h6000_q-000408_r+001287,src_9d6f03b5c85f,hsrc_34735c52ef0d,hev_63418cd6ce49|hev_886d8a602567,hbf_9982d6cab487,hsub_meissen_electoral_saxony_core,MEDIUM,promo_004cd3264a32,MAPGEN-012,promoted from a reviewed staged candidate,
seven_years_war_1756_08_01,TERRESTRIAL_HEX,h6000_q-000407_r+001287,src_9d6f03b5c85f,hsrc_34735c52ef0d,hev_63418cd6ce49|hev_886d8a602567,hbf_9982d6cab487,hsub_meissen_electoral_saxony_core,MEDIUM,promo_004cd3264a32,MAPGEN-012,promoted from a reviewed staged candidate,
seven_years_war_1756_08_01,TERRESTRIAL_HEX,h6000_q-000406_r+001287,src_9d6f03b5c85f,hsrc_34735c52ef0d,hev_63418cd6ce49|hev_886d8a602567,hbf_9982d6cab487,hsub_meissen_electoral_saxony_core,MEDIUM,promo_004cd3264a32,MAPGEN-012,promoted from a reviewed staged candidate,
seven_years_war_1756_08_01,TERRESTRIAL_HEX,h6000_q-000405_r+001287,src_9d6f03b5c85f,hsrc_34735c52ef0d,hev_63418cd6ce49|hev_886d8a602567,hbf_9982d6cab487,hsub_meissen_electoral_saxony_core,MEDIUM,promo_004cd3264a32,MAPGEN-012,promoted from a reviewed staged candidate,
seven_years_war_1756_08_01,TERRESTRIAL_HEX,h6000_q-000404_r+001287,src_9d6f03b5c85f,hsrc_34735c52ef0d,hev_63418cd6ce49|hev_886d8a602567,hbf_9982d6cab487,hsub_meissen_electoral_saxony_core,MEDIUM,promo_004cd3264a32,MAPGEN-012,promoted from a reviewed staged candidate,
seven_years_war_1756_08_01,TERRESTRIAL_HEX,h6000_q-000403_r+001287,src_9d6f03b5c85f,hsrc_34735c52ef0d,hev_63418cd6ce49|hev_886d8a602567,hbf_9982d6cab487,hsub_meissen_electoral_saxony_core,MEDIUM,promo_004cd3264a32,MAPGEN-012,promoted from a reviewed staged candidate,
seven_years_war_1756_08_01,TERRESTRIAL_HEX,h6000_q-000402_r+001287,src_9d6f03b5c85f,hsrc_34735c52ef0d,hev_63418cd6ce49|hev_886d8a602567,hbf_9982d6cab487,hsub_meissen_electoral_saxony_core,MEDIUM,promo_004cd3264a32,MAPGEN-012,promoted from a reviewed staged candidate,
seven_years_war_1756_08_01,TERRESTRIAL_HEX,h6000_q-000401_r+001287,src_9d6f03b5c85f,hsrc_34735c52ef0d,hev_63418cd6ce49|hev_886d8a602567,hbf_9982d6cab487,hsub_meissen_electoral_saxony_core,MEDIUM,promo_004cd3264a32,MAPGEN-012,promoted from a reviewed staged candidate,
seven_years_war_1756_08_01,TERRESTRIAL_HEX,h6000_q-000400_r+001287,src_9d6f03b5c85f,hsrc_34735c52ef0d,hev_63418cd6ce49|hev_886d8a602567,hbf_9982d6cab487,hsub_meissen_electoral_saxony_core,MEDIUM,promo_004cd3264a32,MAPGEN-012,promoted from a reviewed staged candidate,
seven_years_war_1756_08_01,TERRESTRIAL_HEX,h6000_q-000399_r+001287,src_9d6f03b5c85f,hsrc_34735c52ef0d,hev_63418cd6ce49|hev_886d8a602567,hbf_9982d6cab487,hsub_meissen_electoral_saxony_core,MEDIUM,promo_004cd3264a32,MAPGEN-012,promoted from a reviewed staged candidate,
seven_years_war_1756_08_01,TERRESTRIAL_HEX,h6000_q-000398_r+001287,src_9d6f03b5c85f,hsrc_34735c52ef0d,hev_63418cd6ce49|hev_886d8a602567,hbf_9982d6cab487,hsub_meissen_electoral_saxony_core,MEDIUM,promo_004cd3264a32,MAPGEN-012,promoted from a reviewed staged candidate,
seven_years_war_1756_08_01,TERRESTRIAL_HEX,h6000_q-000396_r+001287,src_9d6f03b5c85f,hsrc_34735c52ef0d,hev_63418cd6ce49|hev_886d8a602567,hbf_9982d6cab487,hsub_meissen_electoral_saxony_core,MEDIUM,promo_004cd3264a32,MAPGEN-012,promoted from a reviewed staged candidate,
seven_years_war_1756_08_01,TERRESTRIAL_HEX,h6000_q-000409_r+001288,src_9d6f03b5c85f,hsrc_34735c52ef0d,hev_63418cd6ce49|hev_886d8a602567,hbf_9982d6cab487,hsub_meissen_electoral_saxony_core,MEDIUM,promo_004cd3264a32,MAPGEN-012,promoted from a reviewed staged candidate,
seven_years_war_1756_08_01,TERRESTRIAL_HEX,h6000_q-000408_r+001288,src_9d6f03b5c85f,hsrc_34735c52ef0d,hev_63418cd6ce49|hev_886d8a602567,hbf_9982d6cab487,hsub_meissen_electoral_saxony_core,MEDIUM,promo_004cd3264a32,MAPGEN-012,promoted from a reviewed staged candidate,
seven_years_war_1756_08_01,TERRESTRIAL_HEX,h6000_q-000407_r+001288,src_9d6f03b5c85f,hsrc_34735c52ef0d,hev_63418cd6ce49|hev_886d8a602567,hbf_9982d6cab487,hsub_meissen_electoral_saxony_core,MEDIUM,promo_004cd3264a32,MAPGEN-012,promoted from a reviewed staged candidate,
seven_years_war_1756_08_01,TERRESTRIAL_HEX,h6000_q-000406_r+001288,src_9d6f03b5c85f,hsrc_34735c52ef0d,hev_63418cd6ce49|hev_886d8a602567,hbf_9982d6cab487,hsub_meissen_electoral_saxony_core,MEDIUM,promo_004cd3264a32,MAPGEN-012,promoted from a reviewed staged candidate,
seven_years_war_1756_08_01,TERRESTRIAL_HEX,h6000_q-000405_r+001288,src_9d6f03b5c85f,hsrc_34735c52ef0d,hev_63418cd6ce49|hev_886d8a602567,hbf_9982d6cab487,hsub_meissen_electoral_saxony_core,MEDIUM,promo_004cd3264a32,MAPGEN-012,promoted from a reviewed staged candidate,
seven_years_war_1756_08_01,TERRESTRIAL_HEX,h6000_q-000404_r+001288,src_9d6f03b5c85f,hsrc_34735c52ef0d,hev_63418cd6ce49|hev_886d8a602567,hbf_9982d6cab487,hsub_meissen_electoral_saxony_core,MEDIUM,promo_004cd3264a32,MAPGEN-012,promoted from a reviewed staged candidate,
seven_years_war_1756_08_01,TERRESTRIAL_HEX,h6000_q-000403_r+001288,src_9d6f03b5c85f,hsrc_34735c52ef0d,hev_63418cd6ce49|hev_886d8a602567,hbf_9982d6cab487,hsub_meissen_electoral_saxony_core,MEDIUM,promo_004cd3264a32,MAPGEN-012,promoted from a reviewed staged candidate,
seven_years_war_1756_08_01,TERRESTRIAL_HEX,h6000_q-000402_r+001288,src_9d6f03b5c85f,hsrc_34735c52ef0d,hev_63418cd6ce49|hev_886d8a602567,hbf_9982d6cab487,hsub_meissen_electoral_saxony_core,MEDIUM,promo_004cd3264a32,MAPGEN-012,promoted from a reviewed staged candidate,
seven_years_war_1756_08_01,TERRESTRIAL_HEX,h6000_q-000409_r+001289,src_9d6f03b5c85f,hsrc_34735c52ef0d,hev_63418cd6ce49|hev_886d8a602567,hbf_9982d6cab487,hsub_meissen_electoral_saxony_core,MEDIUM,promo_004cd3264a32,MAPGEN-012,promoted from a reviewed staged candidate,
seven_years_war_1756_08_01,TERRESTRIAL_HEX,h6000_q-000408_r+001289,src_9d6f03b5c85f,hsrc_34735c52ef0d,hev_63418cd6ce49|hev_886d8a602567,hbf_9982d6cab487,hsub_meissen_electoral_saxony_core,MEDIUM,promo_004cd3264a32,MAPGEN-012,promoted from a reviewed staged candidate,
seven_years_war_1756_08_01,TERRESTRIAL_HEX,h6000_q-000407_r+001289,src_9d6f03b5c85f,hsrc_34735c52ef0d,hev_63418cd6ce49|hev_886d8a602567,hbf_9982d6cab487,hsub_meissen_electoral_saxony_core,MEDIUM,promo_004cd3264a32,MAPGEN-012,promoted from a reviewed staged candidate,
seven_years_war_1756_08_01,TERRESTRIAL_HEX,h6000_q-000406_r+001289,src_9d6f03b5c85f,hsrc_34735c52ef0d,hev_63418cd6ce49|hev_886d8a602567,hbf_9982d6cab487,hsub_meissen_electoral_saxony_core,MEDIUM,promo_004cd3264a32,MAPGEN-012,promoted from a reviewed staged candidate,
seven_years_war_1756_08_01,TERRESTRIAL_HEX,h6000_q-000405_r+001289,src_9d6f03b5c85f,hsrc_34735c52ef0d,hev_63418cd6ce49|hev_886d8a602567,hbf_9982d6cab487,hsub_meissen_electoral_saxony_core,MEDIUM,promo_004cd3264a32,MAPGEN-012,promoted from a reviewed staged candidate,
seven_years_war_1756_08_01,TERRESTRIAL_HEX,h6000_q-000404_r+001289,src_9d6f03b5c85f,hsrc_34735c52ef0d,hev_63418cd6ce49|hev_886d8a602567,hbf_9982d6cab487,hsub_meissen_electoral_saxony_core,MEDIUM,promo_004cd3264a32,MAPGEN-012,promoted from a reviewed staged candidate,
seven_years_war_1756_08_01,TERRESTRIAL_HEX,h6000_q-000410_r+001290,src_9d6f03b5c85f,hsrc_34735c52ef0d,hev_63418cd6ce49|hev_886d8a602567,hbf_9982d6cab487,hsub_meissen_electoral_saxony_core,MEDIUM,promo_004cd3264a32,MAPGEN-012,promoted from a reviewed staged candidate,
seven_years_war_1756_08_01,TERRESTRIAL_HEX,h6000_q-000409_r+001290,src_9d6f03b5c85f,hsrc_34735c52ef0d,hev_63418cd6ce49|hev_886d8a602567,hbf_9982d6cab487,hsub_meissen_electoral_saxony_core,MEDIUM,promo_004cd3264a32,MAPGEN-012,promoted from a reviewed staged candidate,
seven_years_war_1756_08_01,TERRESTRIAL_HEX,h6000_q-000408_r+001290,src_9d6f03b5c85f,hsrc_34735c52ef0d,hev_63418cd6ce49|hev_886d8a602567,hbf_9982d6cab487,hsub_meissen_electoral_saxony_core,MEDIUM,promo_004cd3264a32,MAPGEN-012,promoted from a reviewed staged candidate,
seven_years_war_1756_08_01,TERRESTRIAL_HEX,h6000_q-000407_r+001290,src_9d6f03b5c85f,hsrc_34735c52ef0d,hev_63418cd6ce49|hev_886d8a602567,hbf_9982d6cab487,hsub_meissen_electoral_saxony_core,MEDIUM,promo_004cd3264a32,MAPGEN-012,promoted from a reviewed staged candidate,
seven_years_war_1756_08_01,TERRESTRIAL_HEX,h6000_q-000406_r+001290,src_9d6f03b5c85f,hsrc_34735c52ef0d,hev_63418cd6ce49|hev_886d8a602567,hbf_9982d6cab487,hsub_meissen_electoral_saxony_core,MEDIUM,promo_004cd3264a32,MAPGEN-012,promoted from a reviewed staged candidate,
seven_years_war_1756_08_01,TERRESTRIAL_HEX,h6000_q-000409_r+001291,src_9d6f03b5c85f,hsrc_34735c52ef0d,hev_63418cd6ce49|hev_886d8a602567,hbf_9982d6cab487,hsub_meissen_electoral_saxony_core,MEDIUM,promo_004cd3264a32,MAPGEN-012,promoted from a reviewed staged candidate,
seven_years_war_1756_08_01,TERRESTRIAL_HEX,h6000_q-000395_r+001246,src_9d6f03b5c85f,hsrc_34735c52ef0d,hev_63418cd6ce49|hev_886d8a602567,hbf_9982d6cab487,hsub_meissen_electoral_saxony_core,MEDIUM,promo_004cd3264a32,MAPGEN-012,promoted from a reviewed staged candidate,
seven_years_war_1756_08_01,TERRESTRIAL_HEX,h6000_q-000394_r+001246,src_9d6f03b5c85f,hsrc_34735c52ef0d,hev_63418cd6ce49|hev_886d8a602567,hbf_9982d6cab487,hsub_meissen_electoral_saxony_core,MEDIUM,promo_004cd3264a32,MAPGEN-012,promoted from a reviewed staged candidate,
seven_years_war_1756_08_01,TERRESTRIAL_HEX,h6000_q-000395_r+001247,src_9d6f03b5c85f,hsrc_34735c52ef0d,hev_63418cd6ce49|hev_886d8a602567,hbf_9982d6cab487,hsub_meissen_electoral_saxony_core,MEDIUM,promo_004cd3264a32,MAPGEN-012,promoted from a reviewed staged candidate,
seven_years_war_1756_08_01,TERRESTRIAL_HEX,h6000_q-000394_r+001247,src_9d6f03b5c85f,hsrc_34735c52ef0d,hev_63418cd6ce49|hev_886d8a602567,hbf_9982d6cab487,hsub_meissen_electoral_saxony_core,MEDIUM,promo_004cd3264a32,MAPGEN-012,promoted from a reviewed staged candidate,
seven_years_war_1756_08_01,TERRESTRIAL_HEX,h6000_q-000397_r+001248,src_9d6f03b5c85f,hsrc_34735c52ef0d,hev_63418cd6ce49|hev_886d8a602567,hbf_9982d6cab487,hsub_meissen_electoral_saxony_core,MEDIUM,promo_004cd3264a32,MAPGEN-012,promoted from a reviewed staged candidate,
seven_years_war_1756_08_01,TERRESTRIAL_HEX,h6000_q-000396_r+001248,src_9d6f03b5c85f,hsrc_34735c52ef0d,hev_63418cd6ce49|hev_886d8a602567,hbf_9982d6cab487,hsub_meissen_electoral_saxony_core,MEDIUM,promo_004cd3264a32,MAPGEN-012,promoted from a reviewed staged candidate,
seven_years_war_1756_08_01,TERRESTRIAL_HEX,h6000_q-000394_r+001248,src_9d6f03b5c85f,hsrc_34735c52ef0d,hev_63418cd6ce49|hev_886d8a602567,hbf_9982d6cab487,hsub_meissen_electoral_saxony_core,MEDIUM,promo_004cd3264a32,MAPGEN-012,promoted from a reviewed staged candidate,
seven_years_war_1756_08_01,TERRESTRIAL_HEX,h6000_q-000398_r+001249,src_9d6f03b5c85f,hsrc_34735c52ef0d,hev_63418cd6ce49|hev_886d8a602567,hbf_9982d6cab487,hsub_meissen_electoral_saxony_core,MEDIUM,promo_004cd3264a32,MAPGEN-012,promoted from a reviewed staged candidate,
seven_years_war_1756_08_01,TERRESTRIAL_HEX,h6000_q-000397_r+001249,src_9d6f03b5c85f,hsrc_34735c52ef0d,hev_63418cd6ce49|hev_886d8a602567,hbf_9982d6cab487,hsub_meissen_electoral_saxony_core,MEDIUM,promo_004cd3264a32,MAPGEN-012,promoted from a reviewed staged candidate,
seven_years_war_1756_08_01,TERRESTRIAL_HEX,h6000_q-000395_r+001249,src_9d6f03b5c85f,hsrc_34735c52ef0d,hev_63418cd6ce49|hev_886d8a602567,hbf_9982d6cab487,hsub_meissen_electoral_saxony_core,MEDIUM,promo_004cd3264a32,MAPGEN-012,promoted from a reviewed staged candidate,
seven_years_war_1756_08_01,TERRESTRIAL_HEX,h6000_q-000394_r+001249,src_9d6f03b5c85f,hsrc_34735c52ef0d,hev_63418cd6ce49|hev_886d8a602567,hbf_9982d6cab487,hsub_meissen_electoral_saxony_core,MEDIUM,promo_004cd3264a32,MAPGEN-012,promoted from a reviewed staged candidate,
seven_years_war_1756_08_01,TERRESTRIAL_HEX,h6000_q-000401_r+001250,src_9d6f03b5c85f,hsrc_34735c52ef0d,hev_63418cd6ce49|hev_886d8a602567,hbf_9982d6cab487,hsub_meissen_electoral_saxony_core,MEDIUM,promo_004cd3264a32,MAPGEN-012,promoted from a reviewed staged candidate,
seven_years_war_1756_08_01,TERRESTRIAL_HEX,h6000_q-000400_r+001250,src_9d6f03b5c85f,hsrc_34735c52ef0d,hev_63418cd6ce49|hev_886d8a602567,hbf_9982d6cab487,hsub_meissen_electoral_saxony_core,MEDIUM,promo_004cd3264a32,MAPGEN-012,promoted from a reviewed staged candidate,
seven_years_war_1756_08_01,TERRESTRIAL_HEX,h6000_q-000399_r+001250,src_9d6f03b5c85f,hsrc_34735c52ef0d,hev_63418cd6ce49|hev_886d8a602567,hbf_9982d6cab487,hsub_meissen_electoral_saxony_core,MEDIUM,promo_004cd3264a32,MAPGEN-012,promoted from a reviewed staged candidate,
seven_years_war_1756_08_01,TERRESTRIAL_HEX,h6000_q-000398_r+001250,src_9d6f03b5c85f,hsrc_34735c52ef0d,hev_63418cd6ce49|hev_886d8a602567,hbf_9982d6cab487,hsub_meissen_electoral_saxony_core,MEDIUM,promo_004cd3264a32,MAPGEN-012,promoted from a reviewed staged candidate,
seven_years_war_1756_08_01,TERRESTRIAL_HEX,h6000_q-000395_r+001250,src_9d6f03b5c85f,hsrc_34735c52ef0d,hev_63418cd6ce49|hev_886d8a602567,hbf_9982d6cab487,hsub_meissen_electoral_saxony_core,MEDIUM,promo_004cd3264a32,MAPGEN-012,promoted from a reviewed staged candidate,
seven_years_war_1756_08_01,TERRESTRIAL_HEX,h6000_q-000401_r+001251,src_9d6f03b5c85f,hsrc_34735c52ef0d,hev_63418cd6ce49|hev_886d8a602567,hbf_9982d6cab487,hsub_meissen_electoral_saxony_core,MEDIUM,promo_004cd3264a32,MAPGEN-012,promoted from a reviewed staged candidate,
seven_years_war_1756_08_01,TERRESTRIAL_HEX,h6000_q-000400_r+001251,src_9d6f03b5c85f,hsrc_34735c52ef0d,hev_63418cd6ce49|hev_886d8a602567,hbf_9982d6cab487,hsub_meissen_electoral_saxony_core,MEDIUM,promo_004cd3264a32,MAPGEN-012,promoted from a reviewed staged candidate,
seven_years_war_1756_08_01,TERRESTRIAL_HEX,h6000_q-000399_r+001251,src_9d6f03b5c85f,hsrc_34735c52ef0d,hev_63418cd6ce49|hev_886d8a602567,hbf_9982d6cab487,hsub_meissen_electoral_saxony_core,MEDIUM,promo_004cd3264a32,MAPGEN-012,promoted from a reviewed staged candidate,
seven_years_war_1756_08_01,TERRESTRIAL_HEX,h6000_q-000396_r+001251,src_9d6f03b5c85f,hsrc_34735c52ef0d,hev_63418cd6ce49|hev_886d8a602567,hbf_9982d6cab487,hsub_meissen_electoral_saxony_core,MEDIUM,promo_004cd3264a32,MAPGEN-012,promoted from a reviewed staged candidate,
seven_years_war_1756_08_01,TERRESTRIAL_HEX,h6000_q-000395_r+001251,src_9d6f03b5c85f,hsrc_34735c52ef0d,hev_63418cd6ce49|hev_886d8a602567,hbf_9982d6cab487,hsub_meissen_electoral_saxony_core,MEDIUM,promo_004cd3264a32,MAPGEN-012,promoted from a reviewed staged candidate,
seven_years_war_1756_08_01,TERRESTRIAL_HEX,h6000_q-000404_r+001252,src_9d6f03b5c85f,hsrc_34735c52ef0d,hev_63418cd6ce49|hev_886d8a602567,hbf_9982d6cab487,hsub_meissen_electoral_saxony_core,MEDIUM,promo_004cd3264a32,MAPGEN-012,promoted from a reviewed staged candidate,
seven_years_war_1756_08_01,TERRESTRIAL_HEX,h6000_q-000402_r+001252,src_9d6f03b5c85f,hsrc_34735c52ef0d,hev_63418cd6ce49|hev_886d8a602567,hbf_9982d6cab487,hsub_meissen_electoral_saxony_core,MEDIUM,promo_004cd3264a32,MAPGEN-012,promoted from a reviewed staged candidate,
seven_years_war_1756_08_01,TERRESTRIAL_HEX,h6000_q-000401_r+001252,src_9d6f03b5c85f,hsrc_34735c52ef0d,hev_63418cd6ce49|hev_886d8a602567,hbf_9982d6cab487,hsub_meissen_electoral_saxony_core,MEDIUM,promo_004cd3264a32,MAPGEN-012,promoted from a reviewed staged candidate,
seven_years_war_1756_08_01,TERRESTRIAL_HEX,h6000_q-000395_r+001252,src_9d6f03b5c85f,hsrc_34735c52ef0d,hev_63418cd6ce49|hev_886d8a602567,hbf_9982d6cab487,hsub_meissen_electoral_saxony_core,MEDIUM,promo_004cd3264a32,MAPGEN-012,promoted from a reviewed staged candidate,
seven_years_war_1756_08_01,TERRESTRIAL_HEX,h6000_q-000394_r+001252,src_9d6f03b5c85f,hsrc_34735c52ef0d,hev_63418cd6ce49|hev_886d8a602567,hbf_9982d6cab487,hsub_meissen_electoral_saxony_core,MEDIUM,promo_004cd3264a32,MAPGEN-012,promoted from a reviewed staged candidate,
seven_years_war_1756_08_01,TERRESTRIAL_HEX,h6000_q-000410_r+001253,src_9d6f03b5c85f,hsrc_34735c52ef0d,hev_63418cd6ce49|hev_886d8a602567,hbf_9982d6cab487,hsub_meissen_electoral_saxony_core,MEDIUM,promo_004cd3264a32,MAPGEN-012,promoted from a reviewed staged candidate,
seven_years_war_1756_08_01,TERRESTRIAL_HEX,h6000_q-000409_r+001253,src_9d6f03b5c85f,hsrc_34735c52ef0d,hev_63418cd6ce49|hev_886d8a602567,hbf_9982d6cab487,hsub_meissen_electoral_saxony_core,MEDIUM,promo_004cd3264a32,MAPGEN-012,promoted from a reviewed staged candidate,
seven_years_war_1756_08_01,TERRESTRIAL_HEX,h6000_q-000408_r+001253,src_9d6f03b5c85f,hsrc_34735c52ef0d,hev_63418cd6ce49|hev_886d8a602567,hbf_9982d6cab487,hsub_meissen_electoral_saxony_core,MEDIUM,promo_004cd3264a32,MAPGEN-012,promoted from a reviewed staged candidate,
seven_years_war_1756_08_01,TERRESTRIAL_HEX,h6000_q-000407_r+001253,src_9d6f03b5c85f,hsrc_34735c52ef0d,hev_63418cd6ce49|hev_886d8a602567,hbf_9982d6cab487,hsub_meissen_electoral_saxony_core,MEDIUM,promo_004cd3264a32,MAPGEN-012,promoted from a reviewed staged candidate,
seven_years_war_1756_08_01,TERRESTRIAL_HEX,h6000_q-000406_r+001253,src_9d6f03b5c85f,hsrc_34735c52ef0d,hev_63418cd6ce49|hev_886d8a602567,hbf_9982d6cab487,hsub_meissen_electoral_saxony_core,MEDIUM,promo_004cd3264a32,MAPGEN-012,promoted from a reviewed staged candidate,
seven_years_war_1756_08_01,TERRESTRIAL_HEX,h6000_q-000405_r+001253,src_9d6f03b5c85f,hsrc_34735c52ef0d,hev_63418cd6ce49|hev_886d8a602567,hbf_9982d6cab487,hsub_meissen_electoral_saxony_core,MEDIUM,promo_004cd3264a32,MAPGEN-012,promoted from a reviewed staged candidate,
seven_years_war_1756_08_01,TERRESTRIAL_HEX,h6000_q-000404_r+001253,src_9d6f03b5c85f,hsrc_34735c52ef0d,hev_63418cd6ce49|hev_886d8a602567,hbf_9982d6cab487,hsub_meissen_electoral_saxony_core,MEDIUM,promo_004cd3264a32,MAPGEN-012,promoted from a reviewed staged candidate,
seven_years_war_1756_08_01,TERRESTRIAL_HEX,h6000_q-000403_r+001253,src_9d6f03b5c85f,hsrc_34735c52ef0d,hev_63418cd6ce49|hev_886d8a602567,hbf_9982d6cab487,hsub_meissen_electoral_saxony_core,MEDIUM,promo_004cd3264a32,MAPGEN-012,promoted from a reviewed staged candidate,
seven_years_war_1756_08_01,TERRESTRIAL_HEX,h6000_q-000402_r+001253,src_9d6f03b5c85f,hsrc_34735c52ef0d,hev_63418cd6ce49|hev_886d8a602567,hbf_9982d6cab487,hsub_meissen_electoral_saxony_core,MEDIUM,promo_004cd3264a32,MAPGEN-012,promoted from a reviewed staged candidate,
seven_years_war_1756_08_01,TERRESTRIAL_HEX,h6000_q-000395_r+001253,src_9d6f03b5c85f,hsrc_34735c52ef0d,hev_63418cd6ce49|hev_886d8a602567,hbf_9982d6cab487,hsub_meissen_electoral_saxony_core,MEDIUM,promo_004cd3264a32,MAPGEN-012,promoted from a reviewed staged candidate,
seven_years_war_1756_08_01,TERRESTRIAL_HEX,h6000_q-000394_r+001253,src_9d6f03b5c85f,hsrc_34735c52ef0d,hev_63418cd6ce49|hev_886d8a602567,hbf_9982d6cab487,hsub_meissen_electoral_saxony_core,MEDIUM,promo_004cd3264a32,MAPGEN-012,promoted from a reviewed staged candidate,
seven_years_war_1756_08_01,TERRESTRIAL_HEX,h6000_q-000393_r+001253,src_9d6f03b5c85f,hsrc_34735c52ef0d,hev_63418cd6ce49|hev_886d8a602567,hbf_9982d6cab487,hsub_meissen_electoral_saxony_core,MEDIUM,promo_004cd3264a32,MAPGEN-012,promoted from a reviewed staged candidate,
seven_years_war_1756_08_01,TERRESTRIAL_HEX,h6000_q-000386_r+001253,src_9d6f03b5c85f,hsrc_34735c52ef0d,hev_63418cd6ce49|hev_886d8a602567,hbf_9982d6cab487,hsub_meissen_electoral_saxony_core,MEDIUM,promo_004cd3264a32,MAPGEN-012,promoted from a reviewed staged candidate,
seven_years_war_1756_08_01,TERRESTRIAL_HEX,h6000_q-000385_r+001253,src_9d6f03b5c85f,hsrc_34735c52ef0d,hev_63418cd6ce49|hev_886d8a602567,hbf_9982d6cab487,hsub_meissen_electoral_saxony_core,MEDIUM,promo_004cd3264a32,MAPGEN-012,promoted from a reviewed staged candidate,
seven_years_war_1756_08_01,TERRESTRIAL_HEX,h6000_q-000411_r+001254,src_9d6f03b5c85f,hsrc_34735c52ef0d,hev_63418cd6ce49|hev_886d8a602567,hbf_9982d6cab487,hsub_meissen_electoral_saxony_core,MEDIUM,promo_004cd3264a32,MAPGEN-012,promoted from a reviewed staged candidate,
seven_years_war_1756_08_01,TERRESTRIAL_HEX,h6000_q-000410_r+001254,src_9d6f03b5c85f,hsrc_34735c52ef0d,hev_63418cd6ce49|hev_886d8a602567,hbf_9982d6cab487,hsub_meissen_electoral_saxony_core,MEDIUM,promo_004cd3264a32,MAPGEN-012,promoted from a reviewed staged candidate,
seven_years_war_1756_08_01,TERRESTRIAL_HEX,h6000_q-000409_r+001254,src_9d6f03b5c85f,hsrc_34735c52ef0d,hev_63418cd6ce49|hev_886d8a602567,hbf_9982d6cab487,hsub_meissen_electoral_saxony_core,MEDIUM,promo_004cd3264a32,MAPGEN-012,promoted from a reviewed staged candidate,
seven_years_war_1756_08_01,TERRESTRIAL_HEX,h6000_q-000394_r+001254,src_9d6f03b5c85f,hsrc_34735c52ef0d,hev_63418cd6ce49|hev_886d8a602567,hbf_9982d6cab487,hsub_meissen_electoral_saxony_core,MEDIUM,promo_004cd3264a32,MAPGEN-012,promoted from a reviewed staged candidate,
seven_years_war_1756_08_01,TERRESTRIAL_HEX,h6000_q-000393_r+001254,src_9d6f03b5c85f,hsrc_34735c52ef0d,hev_63418cd6ce49|hev_886d8a602567,hbf_9982d6cab487,hsub_meissen_electoral_saxony_core,MEDIUM,promo_004cd3264a32,MAPGEN-012,promoted from a reviewed staged candidate,
seven_years_war_1756_08_01,TERRESTRIAL_HEX,h6000_q-000392_r+001254,src_9d6f03b5c85f,hsrc_34735c52ef0d,hev_63418cd6ce49|hev_886d8a602567,hbf_9982d6cab487,hsub_meissen_electoral_saxony_core,MEDIUM,promo_004cd3264a32,MAPGEN-012,promoted from a reviewed staged candidate,
seven_years_war_1756_08_01,TERRESTRIAL_HEX,h6000_q-000391_r+001254,src_9d6f03b5c85f,hsrc_34735c52ef0d,hev_63418cd6ce49|hev_886d8a602567,hbf_9982d6cab487,hsub_meissen_electoral_saxony_core,MEDIUM,promo_004cd3264a32,MAPGEN-012,promoted from a reviewed staged candidate,
seven_years_war_1756_08_01,TERRESTRIAL_HEX,h6000_q-000390_r+001254,src_9d6f03b5c85f,hsrc_34735c52ef0d,hev_63418cd6ce49|hev_886d8a602567,hbf_9982d6cab487,hsub_meissen_electoral_saxony_core,MEDIUM,promo_004cd3264a32,MAPGEN-012,promoted from a reviewed staged candidate,
seven_years_war_1756_08_01,TERRESTRIAL_HEX,h6000_q-000389_r+001254,src_9d6f03b5c85f,hsrc_34735c52ef0d,hev_63418cd6ce49|hev_886d8a602567,hbf_9982d6cab487,hsub_meissen_electoral_saxony_core,MEDIUM,promo_004cd3264a32,MAPGEN-012,promoted from a reviewed staged candidate,
seven_years_war_1756_08_01,TERRESTRIAL_HEX,h6000_q-000388_r+001254,src_9d6f03b5c85f,hsrc_34735c52ef0d,hev_63418cd6ce49|hev_886d8a602567,hbf_9982d6cab487,hsub_meissen_electoral_saxony_core,MEDIUM,promo_004cd3264a32,MAPGEN-012,promoted from a reviewed staged candidate,
seven_years_war_1756_08_01,TERRESTRIAL_HEX,h6000_q-000387_r+001254,src_9d6f03b5c85f,hsrc_34735c52ef0d,hev_63418cd6ce49|hev_886d8a602567,hbf_9982d6cab487,hsub_meissen_electoral_saxony_core,MEDIUM,promo_004cd3264a32,MAPGEN-012,promoted from a reviewed staged candidate,
seven_years_war_1756_08_01,TERRESTRIAL_HEX,h6000_q-000386_r+001254,src_9d6f03b5c85f,hsrc_34735c52ef0d,hev_63418cd6ce49|hev_886d8a602567,hbf_9982d6cab487,hsub_meissen_electoral_saxony_core,MEDIUM,promo_004cd3264a32,MAPGEN-012,promoted from a reviewed staged candidate,
seven_years_war_1756_08_01,TERRESTRIAL_HEX,h6000_q-000411_r+001255,src_9d6f03b5c85f,hsrc_34735c52ef0d,hev_63418cd6ce49|hev_886d8a602567,hbf_9982d6cab487,hsub_meissen_electoral_saxony_core,MEDIUM,promo_004cd3264a32,MAPGEN-012,promoted from a reviewed staged candidate,
seven_years_war_1756_08_01,TERRESTRIAL_HEX,h6000_q-000390_r+001255,src_9d6f03b5c85f,hsrc_34735c52ef0d,hev_63418cd6ce49|hev_886d8a602567,hbf_9982d6cab487,hsub_meissen_electoral_saxony_core,MEDIUM,promo_004cd3264a32,MAPGEN-012,promoted from a reviewed staged candidate,
seven_years_war_1756_08_01,TERRESTRIAL_HEX,h6000_q-000389_r+001255,src_9d6f03b5c85f,hsrc_34735c52ef0d,hev_63418cd6ce49|hev_886d8a602567,hbf_9982d6cab487,hsub_meissen_electoral_saxony_core,MEDIUM,promo_004cd3264a32,MAPGEN-012,promoted from a reviewed staged candidate,
seven_years_war_1756_08_01,TERRESTRIAL_HEX,h6000_q-000388_r+001255,src_9d6f03b5c85f,hsrc_34735c52ef0d,hev_63418cd6ce49|hev_886d8a602567,hbf_9982d6cab487,hsub_meissen_electoral_saxony_core,MEDIUM,promo_004cd3264a32,MAPGEN-012,promoted from a reviewed staged candidate,
seven_years_war_1756_08_01,TERRESTRIAL_HEX,h6000_q-000386_r+001255,src_9d6f03b5c85f,hsrc_34735c52ef0d,hev_63418cd6ce49|hev_886d8a602567,hbf_9982d6cab487,hsub_meissen_electoral_saxony_core,MEDIUM,promo_004cd3264a32,MAPGEN-012,promoted from a reviewed staged candidate,
seven_years_war_1756_08_01,TERRESTRIAL_HEX,h6000_q-000411_r+001256,src_9d6f03b5c85f,hsrc_34735c52ef0d,hev_63418cd6ce49|hev_886d8a602567,hbf_9982d6cab487,hsub_meissen_electoral_saxony_core,MEDIUM,promo_004cd3264a32,MAPGEN-012,promoted from a reviewed staged candidate,
seven_years_war_1756_08_01,TERRESTRIAL_HEX,h6000_q-000386_r+001256,src_9d6f03b5c85f,hsrc_34735c52ef0d,hev_63418cd6ce49|hev_886d8a602567,hbf_9982d6cab487,hsub_meissen_electoral_saxony_core,MEDIUM,promo_004cd3264a32,MAPGEN-012,promoted from a reviewed staged candidate,
seven_years_war_1756_08_01,TERRESTRIAL_HEX,h6000_q-000385_r+001256,src_9d6f03b5c85f,hsrc_34735c52ef0d,hev_63418cd6ce49|hev_886d8a602567,hbf_9982d6cab487,hsub_meissen_electoral_saxony_core,MEDIUM,promo_004cd3264a32,MAPGEN-012,promoted from a reviewed staged candidate,
seven_years_war_1756_08_01,TERRESTRIAL_HEX,h6000_q-000384_r+001256,src_9d6f03b5c85f,hsrc_34735c52ef0d,hev_63418cd6ce49|hev_886d8a602567,hbf_9982d6cab487,hsub_meissen_electoral_saxony_core,MEDIUM,promo_004cd3264a32,MAPGEN-012,promoted from a reviewed staged candidate,
seven_years_war_1756_08_01,TERRESTRIAL_HEX,h6000_q-000413_r+001257,src_9d6f03b5c85f,hsrc_34735c52ef0d,hev_63418cd6ce49|hev_886d8a602567,hbf_9982d6cab487,hsub_meissen_electoral_saxony_core,MEDIUM,promo_004cd3264a32,MAPGEN-012,promoted from a reviewed staged candidate,
seven_years_war_1756_08_01,TERRESTRIAL_HEX,h6000_q-000412_r+001257,src_9d6f03b5c85f,hsrc_34735c52ef0d,hev_63418cd6ce49|hev_886d8a602567,hbf_9982d6cab487,hsub_meissen_electoral_saxony_core,MEDIUM,promo_004cd3264a32,MAPGEN-012,promoted from a reviewed staged candidate,
seven_years_war_1756_08_01,TERRESTRIAL_HEX,h6000_q-000386_r+001257,src_9d6f03b5c85f,hsrc_34735c52ef0d,hev_63418cd6ce49|hev_886d8a602567,hbf_9982d6cab487,hsub_meissen_electoral_saxony_core,MEDIUM,promo_004cd3264a32,MAPGEN-012,promoted from a reviewed staged candidate,
seven_years_war_1756_08_01,TERRESTRIAL_HEX,h6000_q-000385_r+001257,src_9d6f03b5c85f,hsrc_34735c52ef0d,hev_63418cd6ce49|hev_886d8a602567,hbf_9982d6cab487,hsub_meissen_electoral_saxony_core,MEDIUM,promo_004cd3264a32,MAPGEN-012,promoted from a reviewed staged candidate,
seven_years_war_1756_08_01,TERRESTRIAL_HEX,h6000_q-000384_r+001257,src_9d6f03b5c85f,hsrc_34735c52ef0d,hev_63418cd6ce49|hev_886d8a602567,hbf_9982d6cab487,hsub_meissen_electoral_saxony_core,MEDIUM,promo_004cd3264a32,MAPGEN-012,promoted from a reviewed staged candidate,
seven_years_war_1756_08_01,TERRESTRIAL_HEX,h6000_q-000383_r+001257,src_9d6f03b5c85f,hsrc_34735c52ef0d,hev_63418cd6ce49|hev_886d8a602567,hbf_9982d6cab487,hsub_meissen_electoral_saxony_core,MEDIUM,promo_004cd3264a32,MAPGEN-012,promoted from a reviewed staged candidate,
seven_years_war_1756_08_01,TERRESTRIAL_HEX,h6000_q-000415_r+001258,src_9d6f03b5c85f,hsrc_34735c52ef0d,hev_63418cd6ce49|hev_886d8a602567,hbf_9982d6cab487,hsub_meissen_electoral_saxony_core,MEDIUM,promo_004cd3264a32,MAPGEN-012,promoted from a reviewed staged candidate,
seven_years_war_1756_08_01,TERRESTRIAL_HEX,h6000_q-000414_r+001258,src_9d6f03b5c85f,hsrc_34735c52ef0d,hev_63418cd6ce49|hev_886d8a602567,hbf_9982d6cab487,hsub_meissen_electoral_saxony_core,MEDIUM,promo_004cd3264a32,MAPGEN-012,promoted from a reviewed staged candidate,
seven_years_war_1756_08_01,TERRESTRIAL_HEX,h6000_q-000384_r+001258,src_9d6f03b5c85f,hsrc_34735c52ef0d,hev_63418cd6ce49|hev_886d8a602567,hbf_9982d6cab487,hsub_meissen_electoral_saxony_core,MEDIUM,promo_004cd3264a32,MAPGEN-012,promoted from a reviewed staged candidate,
seven_years_war_1756_08_01,TERRESTRIAL_HEX,h6000_q-000383_r+001258,src_9d6f03b5c85f,hsrc_34735c52ef0d,hev_63418cd6ce49|hev_886d8a602567,hbf_9982d6cab487,hsub_meissen_electoral_saxony_core,MEDIUM,promo_004cd3264a32,MAPGEN-012,promoted from a reviewed staged candidate,
seven_years_war_1756_08_01,TERRESTRIAL_HEX,h6000_q-000415_r+001259,src_9d6f03b5c85f,hsrc_34735c52ef0d,hev_63418cd6ce49|hev_886d8a602567,hbf_9982d6cab487,hsub_meissen_electoral_saxony_core,MEDIUM,promo_004cd3264a32,MAPGEN-012,promoted from a reviewed staged candidate,
seven_years_war_1756_08_01,TERRESTRIAL_HEX,h6000_q-000414_r+001259,src_9d6f03b5c85f,hsrc_34735c52ef0d,hev_63418cd6ce49|hev_886d8a602567,hbf_9982d6cab487,hsub_meissen_electoral_saxony_core,MEDIUM,promo_004cd3264a32,MAPGEN-012,promoted from a reviewed staged candidate,
seven_years_war_1756_08_01,TERRESTRIAL_HEX,h6000_q-000384_r+001259,src_9d6f03b5c85f,hsrc_34735c52ef0d,hev_63418cd6ce49|hev_886d8a602567,hbf_9982d6cab487,hsub_meissen_electoral_saxony_core,MEDIUM,promo_004cd3264a32,MAPGEN-012,promoted from a reviewed staged candidate,
seven_years_war_1756_08_01,TERRESTRIAL_HEX,h6000_q-000415_r+001260,src_9d6f03b5c85f,hsrc_34735c52ef0d,hev_63418cd6ce49|hev_886d8a602567,hbf_9982d6cab487,hsub_meissen_electoral_saxony_core,MEDIUM,promo_004cd3264a32,MAPGEN-012,promoted from a reviewed staged candidate,
seven_years_war_1756_08_01,TERRESTRIAL_HEX,h6000_q-000414_r+001260,src_9d6f03b5c85f,hsrc_34735c52ef0d,hev_63418cd6ce49|hev_886d8a602567,hbf_9982d6cab487,hsub_meissen_electoral_saxony_core,MEDIUM,promo_004cd3264a32,MAPGEN-012,promoted from a reviewed staged candidate,
seven_years_war_1756_08_01,TERRESTRIAL_HEX,h6000_q-000384_r+001260,src_9d6f03b5c85f,hsrc_34735c52ef0d,hev_63418cd6ce49|hev_886d8a602567,hbf_9982d6cab487,hsub_meissen_electoral_saxony_core,MEDIUM,promo_004cd3264a32,MAPGEN-012,promoted from a reviewed staged candidate,
seven_years_war_1756_08_01,TERRESTRIAL_HEX,h6000_q-000383_r+001260,src_9d6f03b5c85f,hsrc_34735c52ef0d,hev_63418cd6ce49|hev_886d8a602567,hbf_9982d6cab487,hsub_meissen_electoral_saxony_core,MEDIUM,promo_004cd3264a32,MAPGEN-012,promoted from a reviewed staged candidate,
seven_years_war_1756_08_01,TERRESTRIAL_HEX,h6000_q-000415_r+001261,src_9d6f03b5c85f,hsrc_34735c52ef0d,hev_63418cd6ce49|hev_886d8a602567,hbf_9982d6cab487,hsub_meissen_electoral_saxony_core,MEDIUM,promo_004cd3264a32,MAPGEN-012,promoted from a reviewed staged candidate,
seven_years_war_1756_08_01,TERRESTRIAL_HEX,h6000_q-000414_r+001261,src_9d6f03b5c85f,hsrc_34735c52ef0d,hev_63418cd6ce49|hev_886d8a602567,hbf_9982d6cab487,hsub_meissen_electoral_saxony_core,MEDIUM,promo_004cd3264a32,MAPGEN-012,promoted from a reviewed staged candidate,
seven_years_war_1756_08_01,TERRESTRIAL_HEX,h6000_q-000385_r+001261,src_9d6f03b5c85f,hsrc_34735c52ef0d,hev_63418cd6ce49|hev_886d8a602567,hbf_9982d6cab487,hsub_meissen_electoral_saxony_core,MEDIUM,promo_004cd3264a32,MAPGEN-012,promoted from a reviewed staged candidate,
seven_years_war_1756_08_01,TERRESTRIAL_HEX,h6000_q-000384_r+001261,src_9d6f03b5c85f,hsrc_34735c52ef0d,hev_63418cd6ce49|hev_886d8a602567,hbf_9982d6cab487,hsub_meissen_electoral_saxony_core,MEDIUM,promo_004cd3264a32,MAPGEN-012,promoted from a reviewed staged candidate,
seven_years_war_1756_08_01,TERRESTRIAL_HEX,h6000_q-000383_r+001261,src_9d6f03b5c85f,hsrc_34735c52ef0d,hev_63418cd6ce49|hev_886d8a602567,hbf_9982d6cab487,hsub_meissen_electoral_saxony_core,MEDIUM,promo_004cd3264a32,MAPGEN-012,promoted from a reviewed staged candidate,
seven_years_war_1756_08_01,TERRESTRIAL_HEX,h6000_q-000382_r+001261,src_9d6f03b5c85f,hsrc_34735c52ef0d,hev_63418cd6ce49|hev_886d8a602567,hbf_9982d6cab487,hsub_meissen_electoral_saxony_core,MEDIUM,promo_004cd3264a32,MAPGEN-012,promoted from a reviewed staged candidate,
seven_years_war_1756_08_01,TERRESTRIAL_HEX,h6000_q-000381_r+001261,src_9d6f03b5c85f,hsrc_34735c52ef0d,hev_63418cd6ce49|hev_886d8a602567,hbf_9982d6cab487,hsub_meissen_electoral_saxony_core,MEDIUM,promo_004cd3264a32,MAPGEN-012,promoted from a reviewed staged candidate,
seven_years_war_1756_08_01,TERRESTRIAL_HEX,h6000_q-000380_r+001261,src_9d6f03b5c85f,hsrc_34735c52ef0d,hev_63418cd6ce49|hev_886d8a602567,hbf_9982d6cab487,hsub_meissen_electoral_saxony_core,MEDIUM,promo_004cd3264a32,MAPGEN-012,promoted from a reviewed staged candidate,
seven_years_war_1756_08_01,TERRESTRIAL_HEX,h6000_q-000415_r+001262,src_9d6f03b5c85f,hsrc_34735c52ef0d,hev_63418cd6ce49|hev_886d8a602567,hbf_9982d6cab487,hsub_meissen_electoral_saxony_core,MEDIUM,promo_004cd3264a32,MAPGEN-012,promoted from a reviewed staged candidate,
seven_years_war_1756_08_01,TERRESTRIAL_HEX,h6000_q-000414_r+001262,src_9d6f03b5c85f,hsrc_34735c52ef0d,hev_63418cd6ce49|hev_886d8a602567,hbf_9982d6cab487,hsub_meissen_electoral_saxony_core,MEDIUM,promo_004cd3264a32,MAPGEN-012,promoted from a reviewed staged candidate,
seven_years_war_1756_08_01,TERRESTRIAL_HEX,h6000_q-000383_r+001262,src_9d6f03b5c85f,hsrc_34735c52ef0d,hev_63418cd6ce49|hev_886d8a602567,hbf_9982d6cab487,hsub_meissen_electoral_saxony_core,MEDIUM,promo_004cd3264a32,MAPGEN-012,promoted from a reviewed staged candidate,
seven_years_war_1756_08_01,TERRESTRIAL_HEX,h6000_q-000382_r+001262,src_9d6f03b5c85f,hsrc_34735c52ef0d,hev_63418cd6ce49|hev_886d8a602567,hbf_9982d6cab487,hsub_meissen_electoral_saxony_core,MEDIUM,promo_004cd3264a32,MAPGEN-012,promoted from a reviewed staged candidate,
seven_years_war_1756_08_01,TERRESTRIAL_HEX,h6000_q-000381_r+001262,src_9d6f03b5c85f,hsrc_34735c52ef0d,hev_63418cd6ce49|hev_886d8a602567,hbf_9982d6cab487,hsub_meissen_electoral_saxony_core,MEDIUM,promo_004cd3264a32,MAPGEN-012,promoted from a reviewed staged candidate,
seven_years_war_1756_08_01,TERRESTRIAL_HEX,h6000_q-000380_r+001262,src_9d6f03b5c85f,hsrc_34735c52ef0d,hev_63418cd6ce49|hev_886d8a602567,hbf_9982d6cab487,hsub_meissen_electoral_saxony_core,MEDIUM,promo_004cd3264a32,MAPGEN-012,promoted from a reviewed staged candidate,
seven_years_war_1756_08_01,TERRESTRIAL_HEX,h6000_q-000415_r+001263,src_9d6f03b5c85f,hsrc_34735c52ef0d,hev_63418cd6ce49|hev_886d8a602567,hbf_9982d6cab487,hsub_meissen_electoral_saxony_core,MEDIUM,promo_004cd3264a32,MAPGEN-012,promoted from a reviewed staged candidate,
seven_years_war_1756_08_01,TERRESTRIAL_HEX,h6000_q-000383_r+001263,src_9d6f03b5c85f,hsrc_34735c52ef0d,hev_63418cd6ce49|hev_886d8a602567,hbf_9982d6cab487,hsub_meissen_electoral_saxony_core,MEDIUM,promo_004cd3264a32,MAPGEN-012,promoted from a reviewed staged candidate,
seven_years_war_1756_08_01,TERRESTRIAL_HEX,h6000_q-000380_r+001263,src_9d6f03b5c85f,hsrc_34735c52ef0d,hev_63418cd6ce49|hev_886d8a602567,hbf_9982d6cab487,hsub_meissen_electoral_saxony_core,MEDIUM,promo_004cd3264a32,MAPGEN-012,promoted from a reviewed staged candidate,
seven_years_war_1756_08_01,TERRESTRIAL_HEX,h6000_q-000416_r+001264,src_9d6f03b5c85f,hsrc_34735c52ef0d,hev_63418cd6ce49|hev_886d8a602567,hbf_9982d6cab487,hsub_meissen_electoral_saxony_core,MEDIUM,promo_004cd3264a32,MAPGEN-012,promoted from a reviewed staged candidate,
seven_years_war_1756_08_01,TERRESTRIAL_HEX,h6000_q-000415_r+001264,src_9d6f03b5c85f,hsrc_34735c52ef0d,hev_63418cd6ce49|hev_886d8a602567,hbf_9982d6cab487,hsub_meissen_electoral_saxony_core,MEDIUM,promo_004cd3264a32,MAPGEN-012,promoted from a reviewed staged candidate,
seven_years_war_1756_08_01,TERRESTRIAL_HEX,h6000_q-000414_r+001264,src_9d6f03b5c85f,hsrc_34735c52ef0d,hev_63418cd6ce49|hev_886d8a602567,hbf_9982d6cab487,hsub_meissen_electoral_saxony_core,MEDIUM,promo_004cd3264a32,MAPGEN-012,promoted from a reviewed staged candidate,
seven_years_war_1756_08_01,TERRESTRIAL_HEX,h6000_q-000407_r+001264,src_9d6f03b5c85f,hsrc_34735c52ef0d,hev_63418cd6ce49|hev_886d8a602567,hbf_9982d6cab487,hsub_meissen_electoral_saxony_core,MEDIUM,promo_004cd3264a32,MAPGEN-012,promoted from a reviewed staged candidate,
seven_years_war_1756_08_01,TERRESTRIAL_HEX,h6000_q-000381_r+001264,src_9d6f03b5c85f,hsrc_34735c52ef0d,hev_63418cd6ce49|hev_886d8a602567,hbf_9982d6cab487,hsub_meissen_electoral_saxony_core,MEDIUM,promo_004cd3264a32,MAPGEN-012,promoted from a reviewed staged candidate,
seven_years_war_1756_08_01,TERRESTRIAL_HEX,h6000_q-000380_r+001264,src_9d6f03b5c85f,hsrc_34735c52ef0d,hev_63418cd6ce49|hev_886d8a602567,hbf_9982d6cab487,hsub_meissen_electoral_saxony_core,MEDIUM,promo_004cd3264a32,MAPGEN-012,promoted from a reviewed staged candidate,
seven_years_war_1756_08_01,TERRESTRIAL_HEX,h6000_q-000376_r+001264,src_9d6f03b5c85f,hsrc_34735c52ef0d,hev_63418cd6ce49|hev_886d8a602567,hbf_9982d6cab487,hsub_meissen_electoral_saxony_core,MEDIUM,promo_004cd3264a32,MAPGEN-012,promoted from a reviewed staged candidate,
seven_years_war_1756_08_01,TERRESTRIAL_HEX,h6000_q-000415_r+001265,src_9d6f03b5c85f,hsrc_34735c52ef0d,hev_63418cd6ce49|hev_886d8a602567,hbf_9982d6cab487,hsub_meissen_electoral_saxony_core,MEDIUM,promo_004cd3264a32,MAPGEN-012,promoted from a reviewed staged candidate,
seven_years_war_1756_08_01,TERRESTRIAL_HEX,h6000_q-000414_r+001265,src_9d6f03b5c85f,hsrc_34735c52ef0d,hev_63418cd6ce49|hev_886d8a602567,hbf_9982d6cab487,hsub_meissen_electoral_saxony_core,MEDIUM,promo_004cd3264a32,MAPGEN-012,promoted from a reviewed staged candidate,
seven_years_war_1756_08_01,TERRESTRIAL_HEX,h6000_q-000408_r+001265,src_9d6f03b5c85f,hsrc_34735c52ef0d,hev_63418cd6ce49|hev_886d8a602567,hbf_9982d6cab487,hsub_meissen_electoral_saxony_core,MEDIUM,promo_004cd3264a32,MAPGEN-012,promoted from a reviewed staged candidate,
seven_years_war_1756_08_01,TERRESTRIAL_HEX,h6000_q-000392_r+001265,src_9d6f03b5c85f,hsrc_34735c52ef0d,hev_63418cd6ce49|hev_886d8a602567,hbf_9982d6cab487,hsub_meissen_electoral_saxony_core,MEDIUM,promo_004cd3264a32,MAPGEN-012,promoted from a reviewed staged candidate,
seven_years_war_1756_08_01,TERRESTRIAL_HEX,h6000_q-000391_r+001265,src_9d6f03b5c85f,hsrc_34735c52ef0d,hev_63418cd6ce49|hev_886d8a602567,hbf_9982d6cab487,hsub_meissen_electoral_saxony_core,MEDIUM,promo_004cd3264a32,MAPGEN-012,promoted from a reviewed staged candidate,
seven_years_war_1756_08_01,TERRESTRIAL_HEX,h6000_q-000381_r+001265,src_9d6f03b5c85f,hsrc_34735c52ef0d,hev_63418cd6ce49|hev_886d8a602567,hbf_9982d6cab487,hsub_meissen_electoral_saxony_core,MEDIUM,promo_004cd3264a32,MAPGEN-012,promoted from a reviewed staged candidate,
seven_years_war_1756_08_01,TERRESTRIAL_HEX,h6000_q-000380_r+001265,src_9d6f03b5c85f,hsrc_34735c52ef0d,hev_63418cd6ce49|hev_886d8a602567,hbf_9982d6cab487,hsub_meissen_electoral_saxony_core,MEDIUM,promo_004cd3264a32,MAPGEN-012,promoted from a reviewed staged candidate,
seven_years_war_1756_08_01,TERRESTRIAL_HEX,h6000_q-000379_r+001265,src_9d6f03b5c85f,hsrc_34735c52ef0d,hev_63418cd6ce49|hev_886d8a602567,hbf_9982d6cab487,hsub_meissen_electoral_saxony_core,MEDIUM,promo_004cd3264a32,MAPGEN-012,promoted from a reviewed staged candidate,
seven_years_war_1756_08_01,TERRESTRIAL_HEX,h6000_q-000378_r+001265,src_9d6f03b5c85f,hsrc_34735c52ef0d,hev_63418cd6ce49|hev_886d8a602567,hbf_9982d6cab487,hsub_meissen_electoral_saxony_core,MEDIUM,promo_004cd3264a32,MAPGEN-012,promoted from a reviewed staged candidate,
seven_years_war_1756_08_01,TERRESTRIAL_HEX,h6000_q-000377_r+001265,src_9d6f03b5c85f,hsrc_34735c52ef0d,hev_63418cd6ce49|hev_886d8a602567,hbf_9982d6cab487,hsub_meissen_electoral_saxony_core,MEDIUM,promo_004cd3264a32,MAPGEN-012,promoted from a reviewed staged candidate,
seven_years_war_1756_08_01,TERRESTRIAL_HEX,h6000_q-000376_r+001265,src_9d6f03b5c85f,hsrc_34735c52ef0d,hev_63418cd6ce49|hev_886d8a602567,hbf_9982d6cab487,hsub_meissen_electoral_saxony_core,MEDIUM,promo_004cd3264a32,MAPGEN-012,promoted from a reviewed staged candidate,
seven_years_war_1756_08_01,TERRESTRIAL_HEX,h6000_q-000416_r+001266,src_9d6f03b5c85f,hsrc_34735c52ef0d,hev_63418cd6ce49|hev_886d8a602567,hbf_9982d6cab487,hsub_meissen_electoral_saxony_core,MEDIUM,promo_004cd3264a32,MAPGEN-012,promoted from a reviewed staged candidate,
seven_years_war_1756_08_01,TERRESTRIAL_HEX,h6000_q-000415_r+001266,src_9d6f03b5c85f,hsrc_34735c52ef0d,hev_63418cd6ce49|hev_886d8a602567,hbf_9982d6cab487,hsub_meissen_electoral_saxony_core,MEDIUM,promo_004cd3264a32,MAPGEN-012,promoted from a reviewed staged candidate,
seven_years_war_1756_08_01,TERRESTRIAL_HEX,h6000_q-000392_r+001266,src_9d6f03b5c85f,hsrc_34735c52ef0d,hev_63418cd6ce49|hev_886d8a602567,hbf_9982d6cab487,hsub_meissen_electoral_saxony_core,MEDIUM,promo_004cd3264a32,MAPGEN-012,promoted from a reviewed staged candidate,
seven_years_war_1756_08_01,TERRESTRIAL_HEX,h6000_q-000380_r+001266,src_9d6f03b5c85f,hsrc_34735c52ef0d,hev_63418cd6ce49|hev_886d8a602567,hbf_9982d6cab487,hsub_meissen_electoral_saxony_core,MEDIUM,promo_004cd3264a32,MAPGEN-012,promoted from a reviewed staged candidate,
seven_years_war_1756_08_01,TERRESTRIAL_HEX,h6000_q-000379_r+001266,src_9d6f03b5c85f,hsrc_34735c52ef0d,hev_63418cd6ce49|hev_886d8a602567,hbf_9982d6cab487,hsub_meissen_electoral_saxony_core,MEDIUM,promo_004cd3264a32,MAPGEN-012,promoted from a reviewed staged candidate,
seven_years_war_1756_08_01,TERRESTRIAL_HEX,h6000_q-000378_r+001266,src_9d6f03b5c85f,hsrc_34735c52ef0d,hev_63418cd6ce49|hev_886d8a602567,hbf_9982d6cab487,hsub_meissen_electoral_saxony_core,MEDIUM,promo_004cd3264a32,MAPGEN-012,promoted from a reviewed staged candidate,
seven_years_war_1756_08_01,TERRESTRIAL_HEX,h6000_q-000376_r+001266,src_9d6f03b5c85f,hsrc_34735c52ef0d,hev_63418cd6ce49|hev_886d8a602567,hbf_9982d6cab487,hsub_meissen_electoral_saxony_core,MEDIUM,promo_004cd3264a32,MAPGEN-012,promoted from a reviewed staged candidate,
seven_years_war_1756_08_01,TERRESTRIAL_HEX,h6000_q-000419_r+001267,src_9d6f03b5c85f,hsrc_34735c52ef0d,hev_63418cd6ce49|hev_886d8a602567,hbf_9982d6cab487,hsub_meissen_electoral_saxony_core,MEDIUM,promo_004cd3264a32,MAPGEN-012,promoted from a reviewed staged candidate,
seven_years_war_1756_08_01,TERRESTRIAL_HEX,h6000_q-000418_r+001267,src_9d6f03b5c85f,hsrc_34735c52ef0d,hev_63418cd6ce49|hev_886d8a602567,hbf_9982d6cab487,hsub_meissen_electoral_saxony_core,MEDIUM,promo_004cd3264a32,MAPGEN-012,promoted from a reviewed staged candidate,
seven_years_war_1756_08_01,TERRESTRIAL_HEX,h6000_q-000417_r+001267,src_9d6f03b5c85f,hsrc_34735c52ef0d,hev_63418cd6ce49|hev_886d8a602567,hbf_9982d6cab487,hsub_meissen_electoral_saxony_core,MEDIUM,promo_004cd3264a32,MAPGEN-012,promoted from a reviewed staged candidate,
seven_years_war_1756_08_01,TERRESTRIAL_HEX,h6000_q-000377_r+001267,src_9d6f03b5c85f,hsrc_34735c52ef0d,hev_63418cd6ce49|hev_886d8a602567,hbf_9982d6cab487,hsub_meissen_electoral_saxony_core,MEDIUM,promo_004cd3264a32,MAPGEN-012,promoted from a reviewed staged candidate,
seven_years_war_1756_08_01,TERRESTRIAL_HEX,h6000_q-000376_r+001267,src_9d6f03b5c85f,hsrc_34735c52ef0d,hev_63418cd6ce49|hev_886d8a602567,hbf_9982d6cab487,hsub_meissen_electoral_saxony_core,MEDIUM,promo_004cd3264a32,MAPGEN-012,promoted from a reviewed staged candidate,
seven_years_war_1756_08_01,TERRESTRIAL_HEX,h6000_q-000375_r+001267,src_9d6f03b5c85f,hsrc_34735c52ef0d,hev_63418cd6ce49|hev_886d8a602567,hbf_9982d6cab487,hsub_meissen_electoral_saxony_core,MEDIUM,promo_004cd3264a32,MAPGEN-012,promoted from a reviewed staged candidate,
seven_years_war_1756_08_01,TERRESTRIAL_HEX,h6000_q-000373_r+001267,src_9d6f03b5c85f,hsrc_34735c52ef0d,hev_63418cd6ce49|hev_886d8a602567,hbf_9982d6cab487,hsub_meissen_electoral_saxony_core,MEDIUM,promo_004cd3264a32,MAPGEN-012,promoted from a reviewed staged candidate,
seven_years_war_1756_08_01,TERRESTRIAL_HEX,h6000_q-000372_r+001267,src_9d6f03b5c85f,hsrc_34735c52ef0d,hev_63418cd6ce49|hev_886d8a602567,hbf_9982d6cab487,hsub_meissen_electoral_saxony_core,MEDIUM,promo_004cd3264a32,MAPGEN-012,promoted from a reviewed staged candidate,
seven_years_war_1756_08_01,TERRESTRIAL_HEX,h6000_q-000420_r+001268,src_9d6f03b5c85f,hsrc_34735c52ef0d,hev_63418cd6ce49|hev_886d8a602567,hbf_9982d6cab487,hsub_meissen_electoral_saxony_core,MEDIUM,promo_004cd3264a32,MAPGEN-012,promoted from a reviewed staged candidate,
seven_years_war_1756_08_01,TERRESTRIAL_HEX,h6000_q-000419_r+001268,src_9d6f03b5c85f,hsrc_34735c52ef0d,hev_63418cd6ce49|hev_886d8a602567,hbf_9982d6cab487,hsub_meissen_electoral_saxony_core,MEDIUM,promo_004cd3264a32,MAPGEN-012,promoted from a reviewed staged candidate,
seven_years_war_1756_08_01,TERRESTRIAL_HEX,h6000_q-000418_r+001268,src_9d6f03b5c85f,hsrc_34735c52ef0d,hev_63418cd6ce49|hev_886d8a602567,hbf_9982d6cab487,hsub_meissen_electoral_saxony_core,MEDIUM,promo_004cd3264a32,MAPGEN-012,promoted from a reviewed staged candidate,
seven_years_war_1756_08_01,TERRESTRIAL_HEX,h6000_q-000375_r+001268,src_9d6f03b5c85f,hsrc_34735c52ef0d,hev_63418cd6ce49|hev_886d8a602567,hbf_9982d6cab487,hsub_meissen_electoral_saxony_core,MEDIUM,promo_004cd3264a32,MAPGEN-012,promoted from a reviewed staged candidate,
seven_years_war_1756_08_01,TERRESTRIAL_HEX,h6000_q-000374_r+001268,src_9d6f03b5c85f,hsrc_34735c52ef0d,hev_63418cd6ce49|hev_886d8a602567,hbf_9982d6cab487,hsub_meissen_electoral_saxony_core,MEDIUM,promo_004cd3264a32,MAPGEN-012,promoted from a reviewed staged candidate,
seven_years_war_1756_08_01,TERRESTRIAL_HEX,h6000_q-000373_r+001268,src_9d6f03b5c85f,hsrc_34735c52ef0d,hev_63418cd6ce49|hev_886d8a602567,hbf_9982d6cab487,hsub_meissen_electoral_saxony_core,MEDIUM,promo_004cd3264a32,MAPGEN-012,promoted from a reviewed staged candidate,
seven_years_war_1756_08_01,TERRESTRIAL_HEX,h6000_q-000372_r+001268,src_9d6f03b5c85f,hsrc_34735c52ef0d,hev_63418cd6ce49|hev_886d8a602567,hbf_9982d6cab487,hsub_meissen_electoral_saxony_core,MEDIUM,promo_004cd3264a32,MAPGEN-012,promoted from a reviewed staged candidate,
seven_years_war_1756_08_01,TERRESTRIAL_HEX,h6000_q-000371_r+001268,src_9d6f03b5c85f,hsrc_34735c52ef0d,hev_63418cd6ce49|hev_886d8a602567,hbf_9982d6cab487,hsub_meissen_electoral_saxony_core,MEDIUM,promo_004cd3264a32,MAPGEN-012,promoted from a reviewed staged candidate,
seven_years_war_1756_08_01,TERRESTRIAL_HEX,h6000_q-000420_r+001269,src_9d6f03b5c85f,hsrc_34735c52ef0d,hev_63418cd6ce49|hev_886d8a602567,hbf_9982d6cab487,hsub_meissen_electoral_saxony_core,MEDIUM,promo_004cd3264a32,MAPGEN-012,promoted from a reviewed staged candidate,
seven_years_war_1756_08_01,TERRESTRIAL_HEX,h6000_q-000372_r+001269,src_9d6f03b5c85f,hsrc_34735c52ef0d,hev_63418cd6ce49|hev_886d8a602567,hbf_9982d6cab487,hsub_meissen_electoral_saxony_core,MEDIUM,promo_004cd3264a32,MAPGEN-012,promoted from a reviewed staged candidate,
seven_years_war_1756_08_01,TERRESTRIAL_HEX,h6000_q-000371_r+001269,src_9d6f03b5c85f,hsrc_34735c52ef0d,hev_63418cd6ce49|hev_886d8a602567,hbf_9982d6cab487,hsub_meissen_electoral_saxony_core,MEDIUM,promo_004cd3264a32,MAPGEN-012,promoted from a reviewed staged candidate,
seven_years_war_1756_08_01,TERRESTRIAL_HEX,h6000_q-000421_r+001270,src_9d6f03b5c85f,hsrc_34735c52ef0d,hev_63418cd6ce49|hev_886d8a602567,hbf_9982d6cab487,hsub_meissen_electoral_saxony_core,MEDIUM,promo_004cd3264a32,MAPGEN-012,promoted from a reviewed staged candidate,
seven_years_war_1756_08_01,TERRESTRIAL_HEX,h6000_q-000420_r+001270,src_9d6f03b5c85f,hsrc_34735c52ef0d,hev_63418cd6ce49|hev_886d8a602567,hbf_9982d6cab487,hsub_meissen_electoral_saxony_core,MEDIUM,promo_004cd3264a32,MAPGEN-012,promoted from a reviewed staged candidate,
seven_years_war_1756_08_01,TERRESTRIAL_HEX,h6000_q-000416_r+001270,src_9d6f03b5c85f,hsrc_34735c52ef0d,hev_63418cd6ce49|hev_886d8a602567,hbf_9982d6cab487,hsub_meissen_electoral_saxony_core,MEDIUM,promo_004cd3264a32,MAPGEN-012,promoted from a reviewed staged candidate,
seven_years_war_1756_08_01,TERRESTRIAL_HEX,h6000_q-000371_r+001270,src_9d6f03b5c85f,hsrc_34735c52ef0d,hev_63418cd6ce49|hev_886d8a602567,hbf_9982d6cab487,hsub_meissen_electoral_saxony_core,MEDIUM,promo_004cd3264a32,MAPGEN-012,promoted from a reviewed staged candidate,
seven_years_war_1756_08_01,TERRESTRIAL_HEX,h6000_q-000370_r+001270,src_9d6f03b5c85f,hsrc_34735c52ef0d,hev_63418cd6ce49|hev_886d8a602567,hbf_9982d6cab487,hsub_meissen_electoral_saxony_core,MEDIUM,promo_004cd3264a32,MAPGEN-012,promoted from a reviewed staged candidate,
seven_years_war_1756_08_01,TERRESTRIAL_HEX,h6000_q-000369_r+001270,src_9d6f03b5c85f,hsrc_34735c52ef0d,hev_63418cd6ce49|hev_886d8a602567,hbf_9982d6cab487,hsub_meissen_electoral_saxony_core,MEDIUM,promo_004cd3264a32,MAPGEN-012,promoted from a reviewed staged candidate,
seven_years_war_1756_08_01,TERRESTRIAL_HEX,h6000_q-000422_r+001271,src_9d6f03b5c85f,hsrc_34735c52ef0d,hev_63418cd6ce49|hev_886d8a602567,hbf_9982d6cab487,hsub_meissen_electoral_saxony_core,MEDIUM,promo_004cd3264a32,MAPGEN-012,promoted from a reviewed staged candidate,
seven_years_war_1756_08_01,TERRESTRIAL_HEX,h6000_q-000421_r+001271,src_9d6f03b5c85f,hsrc_34735c52ef0d,hev_63418cd6ce49|hev_886d8a602567,hbf_9982d6cab487,hsub_meissen_electoral_saxony_core,MEDIUM,promo_004cd3264a32,MAPGEN-012,promoted from a reviewed staged candidate,
seven_years_war_1756_08_01,TERRESTRIAL_HEX,h6000_q-000420_r+001271,src_9d6f03b5c85f,hsrc_34735c52ef0d,hev_63418cd6ce49|hev_886d8a602567,hbf_9982d6cab487,hsub_meissen_electoral_saxony_core,MEDIUM,promo_004cd3264a32,MAPGEN-012,promoted from a reviewed staged candidate,
seven_years_war_1756_08_01,TERRESTRIAL_HEX,h6000_q-000419_r+001271,src_9d6f03b5c85f,hsrc_34735c52ef0d,hev_63418cd6ce49|hev_886d8a602567,hbf_9982d6cab487,hsub_meissen_electoral_saxony_core,MEDIUM,promo_004cd3264a32,MAPGEN-012,promoted from a reviewed staged candidate,
seven_years_war_1756_08_01,TERRESTRIAL_HEX,h6000_q-000418_r+001271,src_9d6f03b5c85f,hsrc_34735c52ef0d,hev_63418cd6ce49|hev_886d8a602567,hbf_9982d6cab487,hsub_meissen_electoral_saxony_core,MEDIUM,promo_004cd3264a32,MAPGEN-012,promoted from a reviewed staged candidate,
seven_years_war_1756_08_01,TERRESTRIAL_HEX,h6000_q-000417_r+001271,src_9d6f03b5c85f,hsrc_34735c52ef0d,hev_63418cd6ce49|hev_886d8a602567,hbf_9982d6cab487,hsub_meissen_electoral_saxony_core,MEDIUM,promo_004cd3264a32,MAPGEN-012,promoted from a reviewed staged candidate,
seven_years_war_1756_08_01,TERRESTRIAL_HEX,h6000_q-000409_r+001271,src_9d6f03b5c85f,hsrc_34735c52ef0d,hev_63418cd6ce49|hev_886d8a602567,hbf_9982d6cab487,hsub_meissen_electoral_saxony_core,MEDIUM,promo_004cd3264a32,MAPGEN-012,promoted from a reviewed staged candidate,
seven_years_war_1756_08_01,TERRESTRIAL_HEX,h6000_q-000408_r+001271,src_9d6f03b5c85f,hsrc_34735c52ef0d,hev_63418cd6ce49|hev_886d8a602567,hbf_9982d6cab487,hsub_meissen_electoral_saxony_core,MEDIUM,promo_004cd3264a32,MAPGEN-012,promoted from a reviewed staged candidate,
seven_years_war_1756_08_01,TERRESTRIAL_HEX,h6000_q-000370_r+001271,src_9d6f03b5c85f,hsrc_34735c52ef0d,hev_63418cd6ce49|hev_886d8a602567,hbf_9982d6cab487,hsub_meissen_electoral_saxony_core,MEDIUM,promo_004cd3264a32,MAPGEN-012,promoted from a reviewed staged candidate,
seven_years_war_1756_08_01,TERRESTRIAL_HEX,h6000_q-000369_r+001271,src_9d6f03b5c85f,hsrc_34735c52ef0d,hev_63418cd6ce49|hev_886d8a602567,hbf_9982d6cab487,hsub_meissen_electoral_saxony_core,MEDIUM,promo_004cd3264a32,MAPGEN-012,promoted from a reviewed staged candidate,
seven_years_war_1756_08_01,TERRESTRIAL_HEX,h6000_q-000368_r+001271,src_9d6f03b5c85f,hsrc_34735c52ef0d,hev_63418cd6ce49|hev_886d8a602567,hbf_9982d6cab487,hsub_meissen_electoral_saxony_core,MEDIUM,promo_004cd3264a32,MAPGEN-012,promoted from a reviewed staged candidate,
seven_years_war_1756_08_01,TERRESTRIAL_HEX,h6000_q-000420_r+001272,src_9d6f03b5c85f,hsrc_34735c52ef0d,hev_63418cd6ce49|hev_886d8a602567,hbf_9982d6cab487,hsub_meissen_electoral_saxony_core,MEDIUM,promo_004cd3264a32,MAPGEN-012,promoted from a reviewed staged candidate,
seven_years_war_1756_08_01,TERRESTRIAL_HEX,h6000_q-000419_r+001272,src_9d6f03b5c85f,hsrc_34735c52ef0d,hev_63418cd6ce49|hev_886d8a602567,hbf_9982d6cab487,hsub_meissen_electoral_saxony_core,MEDIUM,promo_004cd3264a32,MAPGEN-012,promoted from a reviewed staged candidate,
seven_years_war_1756_08_01,TERRESTRIAL_HEX,h6000_q-000418_r+001272,src_9d6f03b5c85f,hsrc_34735c52ef0d,hev_63418cd6ce49|hev_886d8a602567,hbf_9982d6cab487,hsub_meissen_electoral_saxony_core,MEDIUM,promo_004cd3264a32,MAPGEN-012,promoted from a reviewed staged candidate,
seven_years_war_1756_08_01,TERRESTRIAL_HEX,h6000_q-000417_r+001272,src_9d6f03b5c85f,hsrc_34735c52ef0d,hev_63418cd6ce49|hev_886d8a602567,hbf_9982d6cab487,hsub_meissen_electoral_saxony_core,MEDIUM,promo_004cd3264a32,MAPGEN-012,promoted from a reviewed staged candidate,
seven_years_war_1756_08_01,TERRESTRIAL_HEX,h6000_q-000416_r+001272,src_9d6f03b5c85f,hsrc_34735c52ef0d,hev_63418cd6ce49|hev_886d8a602567,hbf_9982d6cab487,hsub_meissen_electoral_saxony_core,MEDIUM,promo_004cd3264a32,MAPGEN-012,promoted from a reviewed staged candidate,
seven_years_war_1756_08_01,TERRESTRIAL_HEX,h6000_q-000413_r+001272,src_9d6f03b5c85f,hsrc_34735c52ef0d,hev_63418cd6ce49|hev_886d8a602567,hbf_9982d6cab487,hsub_meissen_electoral_saxony_core,MEDIUM,promo_004cd3264a32,MAPGEN-012,promoted from a reviewed staged candidate,
seven_years_war_1756_08_01,TERRESTRIAL_HEX,h6000_q-000412_r+001272,src_9d6f03b5c85f,hsrc_34735c52ef0d,hev_63418cd6ce49|hev_886d8a602567,hbf_9982d6cab487,hsub_meissen_electoral_saxony_core,MEDIUM,promo_004cd3264a32,MAPGEN-012,promoted from a reviewed staged candidate,
seven_years_war_1756_08_01,TERRESTRIAL_HEX,h6000_q-000411_r+001272,src_9d6f03b5c85f,hsrc_34735c52ef0d,hev_63418cd6ce49|hev_886d8a602567,hbf_9982d6cab487,hsub_meissen_electoral_saxony_core,MEDIUM,promo_004cd3264a32,MAPGEN-012,promoted from a reviewed staged candidate,
seven_years_war_1756_08_01,TERRESTRIAL_HEX,h6000_q-000410_r+001272,src_9d6f03b5c85f,hsrc_34735c52ef0d,hev_63418cd6ce49|hev_886d8a602567,hbf_9982d6cab487,hsub_meissen_electoral_saxony_core,MEDIUM,promo_004cd3264a32,MAPGEN-012,promoted from a reviewed staged candidate,
seven_years_war_1756_08_01,TERRESTRIAL_HEX,h6000_q-000409_r+001272,src_9d6f03b5c85f,hsrc_34735c52ef0d,hev_63418cd6ce49|hev_886d8a602567,hbf_9982d6cab487,hsub_meissen_electoral_saxony_core,MEDIUM,promo_004cd3264a32,MAPGEN-012,promoted from a reviewed staged candidate,
seven_years_war_1756_08_01,TERRESTRIAL_HEX,h6000_q-000408_r+001272,src_9d6f03b5c85f,hsrc_34735c52ef0d,hev_63418cd6ce49|hev_886d8a602567,hbf_9982d6cab487,hsub_meissen_electoral_saxony_core,MEDIUM,promo_004cd3264a32,MAPGEN-012,promoted from a reviewed staged candidate,
seven_years_war_1756_08_01,TERRESTRIAL_HEX,h6000_q-000371_r+001272,src_9d6f03b5c85f,hsrc_34735c52ef0d,hev_63418cd6ce49|hev_886d8a602567,hbf_9982d6cab487,hsub_meissen_electoral_saxony_core,MEDIUM,promo_004cd3264a32,MAPGEN-012,promoted from a reviewed staged candidate,
seven_years_war_1756_08_01,TERRESTRIAL_HEX,h6000_q-000370_r+001272,src_9d6f03b5c85f,hsrc_34735c52ef0d,hev_63418cd6ce49|hev_886d8a602567,hbf_9982d6cab487,hsub_meissen_electoral_saxony_core,MEDIUM,promo_004cd3264a32,MAPGEN-012,promoted from a reviewed staged candidate,
seven_years_war_1756_08_01,TERRESTRIAL_HEX,h6000_q-000369_r+001272,src_9d6f03b5c85f,hsrc_34735c52ef0d,hev_63418cd6ce49|hev_886d8a602567,hbf_9982d6cab487,hsub_meissen_electoral_saxony_core,MEDIUM,promo_004cd3264a32,MAPGEN-012,promoted from a reviewed staged candidate,
seven_years_war_1756_08_01,TERRESTRIAL_HEX,h6000_q-000417_r+001273,src_9d6f03b5c85f,hsrc_34735c52ef0d,hev_63418cd6ce49|hev_886d8a602567,hbf_9982d6cab487,hsub_meissen_electoral_saxony_core,MEDIUM,promo_004cd3264a32,MAPGEN-012,promoted from a reviewed staged candidate,
seven_years_war_1756_08_01,TERRESTRIAL_HEX,h6000_q-000416_r+001273,src_9d6f03b5c85f,hsrc_34735c52ef0d,hev_63418cd6ce49|hev_886d8a602567,hbf_9982d6cab487,hsub_meissen_electoral_saxony_core,MEDIUM,promo_004cd3264a32,MAPGEN-012,promoted from a reviewed staged candidate,
seven_years_war_1756_08_01,TERRESTRIAL_HEX,h6000_q-000414_r+001273,src_9d6f03b5c85f,hsrc_34735c52ef0d,hev_63418cd6ce49|hev_886d8a602567,hbf_9982d6cab487,hsub_meissen_electoral_saxony_core,MEDIUM,promo_004cd3264a32,MAPGEN-012,promoted from a reviewed staged candidate,
seven_years_war_1756_08_01,TERRESTRIAL_HEX,h6000_q-000413_r+001273,src_9d6f03b5c85f,hsrc_34735c52ef0d,hev_63418cd6ce49|hev_886d8a602567,hbf_9982d6cab487,hsub_meissen_electoral_saxony_core,MEDIUM,promo_004cd3264a32,MAPGEN-012,promoted from a reviewed staged candidate,
seven_years_war_1756_08_01,TERRESTRIAL_HEX,h6000_q-000412_r+001273,src_9d6f03b5c85f,hsrc_34735c52ef0d,hev_63418cd6ce49|hev_886d8a602567,hbf_9982d6cab487,hsub_meissen_electoral_saxony_core,MEDIUM,promo_004cd3264a32,MAPGEN-012,promoted from a reviewed staged candidate,
seven_years_war_1756_08_01,TERRESTRIAL_HEX,h6000_q-000411_r+001273,src_9d6f03b5c85f,hsrc_34735c52ef0d,hev_63418cd6ce49|hev_886d8a602567,hbf_9982d6cab487,hsub_meissen_electoral_saxony_core,MEDIUM,promo_004cd3264a32,MAPGEN-012,promoted from a reviewed staged candidate,
seven_years_war_1756_08_01,TERRESTRIAL_HEX,h6000_q-000409_r+001273,src_9d6f03b5c85f,hsrc_34735c52ef0d,hev_63418cd6ce49|hev_886d8a602567,hbf_9982d6cab487,hsub_meissen_electoral_saxony_core,MEDIUM,promo_004cd3264a32,MAPGEN-012,promoted from a reviewed staged candidate,
seven_years_war_1756_08_01,TERRESTRIAL_HEX,h6000_q-000408_r+001273,src_9d6f03b5c85f,hsrc_34735c52ef0d,hev_63418cd6ce49|hev_886d8a602567,hbf_9982d6cab487,hsub_meissen_electoral_saxony_core,MEDIUM,promo_004cd3264a32,MAPGEN-012,promoted from a reviewed staged candidate,
seven_years_war_1756_08_01,TERRESTRIAL_HEX,h6000_q-000372_r+001273,src_9d6f03b5c85f,hsrc_34735c52ef0d,hev_63418cd6ce49|hev_886d8a602567,hbf_9982d6cab487,hsub_meissen_electoral_saxony_core,MEDIUM,promo_004cd3264a32,MAPGEN-012,promoted from a reviewed staged candidate,
seven_years_war_1756_08_01,TERRESTRIAL_HEX,h6000_q-000371_r+001273,src_9d6f03b5c85f,hsrc_34735c52ef0d,hev_63418cd6ce49|hev_886d8a602567,hbf_9982d6cab487,hsub_meissen_electoral_saxony_core,MEDIUM,promo_004cd3264a32,MAPGEN-012,promoted from a reviewed staged candidate,
seven_years_war_1756_08_01,TERRESTRIAL_HEX,h6000_q-000417_r+001274,src_9d6f03b5c85f,hsrc_34735c52ef0d,hev_63418cd6ce49|hev_886d8a602567,hbf_9982d6cab487,hsub_meissen_electoral_saxony_core,MEDIUM,promo_004cd3264a32,MAPGEN-012,promoted from a reviewed staged candidate,
seven_years_war_1756_08_01,TERRESTRIAL_HEX,h6000_q-000416_r+001274,src_9d6f03b5c85f,hsrc_34735c52ef0d,hev_63418cd6ce49|hev_886d8a602567,hbf_9982d6cab487,hsub_meissen_electoral_saxony_core,MEDIUM,promo_004cd3264a32,MAPGEN-012,promoted from a reviewed staged candidate,
seven_years_war_1756_08_01,TERRESTRIAL_HEX,h6000_q-000415_r+001274,src_9d6f03b5c85f,hsrc_34735c52ef0d,hev_63418cd6ce49|hev_886d8a602567,hbf_9982d6cab487,hsub_meissen_electoral_saxony_core,MEDIUM,promo_004cd3264a32,MAPGEN-012,promoted from a reviewed staged candidate,
seven_years_war_1756_08_01,TERRESTRIAL_HEX,h6000_q-000414_r+001274,src_9d6f03b5c85f,hsrc_34735c52ef0d,hev_63418cd6ce49|hev_886d8a602567,hbf_9982d6cab487,hsub_meissen_electoral_saxony_core,MEDIUM,promo_004cd3264a32,MAPGEN-012,promoted from a reviewed staged candidate,
seven_years_war_1756_08_01,TERRESTRIAL_HEX,h6000_q-000409_r+001274,src_9d6f03b5c85f,hsrc_34735c52ef0d,hev_63418cd6ce49|hev_886d8a602567,hbf_9982d6cab487,hsub_meissen_electoral_saxony_core,MEDIUM,promo_004cd3264a32,MAPGEN-012,promoted from a reviewed staged candidate,
seven_years_war_1756_08_01,TERRESTRIAL_HEX,h6000_q-000408_r+001274,src_9d6f03b5c85f,hsrc_34735c52ef0d,hev_63418cd6ce49|hev_886d8a602567,hbf_9982d6cab487,hsub_meissen_electoral_saxony_core,MEDIUM,promo_004cd3264a32,MAPGEN-012,promoted from a reviewed staged candidate,
seven_years_war_1756_08_01,TERRESTRIAL_HEX,h6000_q-000377_r+001274,src_9d6f03b5c85f,hsrc_34735c52ef0d,hev_63418cd6ce49|hev_886d8a602567,hbf_9982d6cab487,hsub_meissen_electoral_saxony_core,MEDIUM,promo_004cd3264a32,MAPGEN-012,promoted from a reviewed staged candidate,
seven_years_war_1756_08_01,TERRESTRIAL_HEX,h6000_q-000373_r+001274,src_9d6f03b5c85f,hsrc_34735c52ef0d,hev_63418cd6ce49|hev_886d8a602567,hbf_9982d6cab487,hsub_meissen_electoral_saxony_core,MEDIUM,promo_004cd3264a32,MAPGEN-012,promoted from a reviewed staged candidate,
seven_years_war_1756_08_01,TERRESTRIAL_HEX,h6000_q-000416_r+001275,src_9d6f03b5c85f,hsrc_34735c52ef0d,hev_63418cd6ce49|hev_886d8a602567,hbf_9982d6cab487,hsub_meissen_electoral_saxony_core,MEDIUM,promo_004cd3264a32,MAPGEN-012,promoted from a reviewed staged candidate,
seven_years_war_1756_08_01,TERRESTRIAL_HEX,h6000_q-000415_r+001275,src_9d6f03b5c85f,hsrc_34735c52ef0d,hev_63418cd6ce49|hev_886d8a602567,hbf_9982d6cab487,hsub_meissen_electoral_saxony_core,MEDIUM,promo_004cd3264a32,MAPGEN-012,promoted from a reviewed staged candidate,
seven_years_war_1756_08_01,TERRESTRIAL_HEX,h6000_q-000414_r+001275,src_9d6f03b5c85f,hsrc_34735c52ef0d,hev_63418cd6ce49|hev_886d8a602567,hbf_9982d6cab487,hsub_meissen_electoral_saxony_core,MEDIUM,promo_004cd3264a32,MAPGEN-012,promoted from a reviewed staged candidate,
seven_years_war_1756_08_01,TERRESTRIAL_HEX,h6000_q-000409_r+001275,src_9d6f03b5c85f,hsrc_34735c52ef0d,hev_63418cd6ce49|hev_886d8a602567,hbf_9982d6cab487,hsub_meissen_electoral_saxony_core,MEDIUM,promo_004cd3264a32,MAPGEN-012,promoted from a reviewed staged candidate,
seven_years_war_1756_08_01,TERRESTRIAL_HEX,h6000_q-000408_r+001275,src_9d6f03b5c85f,hsrc_34735c52ef0d,hev_63418cd6ce49|hev_886d8a602567,hbf_9982d6cab487,hsub_meissen_electoral_saxony_core,MEDIUM,promo_004cd3264a32,MAPGEN-012,promoted from a reviewed staged candidate,
seven_years_war_1756_08_01,TERRESTRIAL_HEX,h6000_q-000407_r+001275,src_9d6f03b5c85f,hsrc_34735c52ef0d,hev_63418cd6ce49|hev_886d8a602567,hbf_9982d6cab487,hsub_meissen_electoral_saxony_core,MEDIUM,promo_004cd3264a32,MAPGEN-012,promoted from a reviewed staged candidate,
seven_years_war_1756_08_01,TERRESTRIAL_HEX,h6000_q-000406_r+001275,src_9d6f03b5c85f,hsrc_34735c52ef0d,hev_63418cd6ce49|hev_886d8a602567,hbf_9982d6cab487,hsub_meissen_electoral_saxony_core,MEDIUM,promo_004cd3264a32,MAPGEN-012,promoted from a reviewed staged candidate,
seven_years_war_1756_08_01,TERRESTRIAL_HEX,h6000_q-000405_r+001275,src_9d6f03b5c85f,hsrc_34735c52ef0d,hev_63418cd6ce49|hev_886d8a602567,hbf_9982d6cab487,hsub_meissen_electoral_saxony_core,MEDIUM,promo_004cd3264a32,MAPGEN-012,promoted from a reviewed staged candidate,
seven_years_war_1756_08_01,TERRESTRIAL_HEX,h6000_q-000373_r+001275,src_9d6f03b5c85f,hsrc_34735c52ef0d,hev_63418cd6ce49|hev_886d8a602567,hbf_9982d6cab487,hsub_meissen_electoral_saxony_core,MEDIUM,promo_004cd3264a32,MAPGEN-012,promoted from a reviewed staged candidate,
seven_years_war_1756_08_01,TERRESTRIAL_HEX,h6000_q-000372_r+001275,src_9d6f03b5c85f,hsrc_34735c52ef0d,hev_63418cd6ce49|hev_886d8a602567,hbf_9982d6cab487,hsub_meissen_electoral_saxony_core,MEDIUM,promo_004cd3264a32,MAPGEN-012,promoted from a reviewed staged candidate,
seven_years_war_1756_08_01,TERRESTRIAL_HEX,h6000_q-000371_r+001275,src_9d6f03b5c85f,hsrc_34735c52ef0d,hev_63418cd6ce49|hev_886d8a602567,hbf_9982d6cab487,hsub_meissen_electoral_saxony_core,MEDIUM,promo_004cd3264a32,MAPGEN-012,promoted from a reviewed staged candidate,
seven_years_war_1756_08_01,TERRESTRIAL_HEX,h6000_q-000370_r+001275,src_9d6f03b5c85f,hsrc_34735c52ef0d,hev_63418cd6ce49|hev_886d8a602567,hbf_9982d6cab487,hsub_meissen_electoral_saxony_core,MEDIUM,promo_004cd3264a32,MAPGEN-012,promoted from a reviewed staged candidate,
seven_years_war_1756_08_01,TERRESTRIAL_HEX,h6000_q-000409_r+001276,src_9d6f03b5c85f,hsrc_34735c52ef0d,hev_63418cd6ce49|hev_886d8a602567,hbf_9982d6cab487,hsub_meissen_electoral_saxony_core,MEDIUM,promo_004cd3264a32,MAPGEN-012,promoted from a reviewed staged candidate,
seven_years_war_1756_08_01,TERRESTRIAL_HEX,h6000_q-000408_r+001276,src_9d6f03b5c85f,hsrc_34735c52ef0d,hev_63418cd6ce49|hev_886d8a602567,hbf_9982d6cab487,hsub_meissen_electoral_saxony_core,MEDIUM,promo_004cd3264a32,MAPGEN-012,promoted from a reviewed staged candidate,
seven_years_war_1756_08_01,TERRESTRIAL_HEX,h6000_q-000406_r+001276,src_9d6f03b5c85f,hsrc_34735c52ef0d,hev_63418cd6ce49|hev_886d8a602567,hbf_9982d6cab487,hsub_meissen_electoral_saxony_core,MEDIUM,promo_004cd3264a32,MAPGEN-012,promoted from a reviewed staged candidate,
seven_years_war_1756_08_01,TERRESTRIAL_HEX,h6000_q-000405_r+001276,src_9d6f03b5c85f,hsrc_34735c52ef0d,hev_63418cd6ce49|hev_886d8a602567,hbf_9982d6cab487,hsub_meissen_electoral_saxony_core,MEDIUM,promo_004cd3264a32,MAPGEN-012,promoted from a reviewed staged candidate,
seven_years_war_1756_08_01,TERRESTRIAL_HEX,h6000_q-000373_r+001276,src_9d6f03b5c85f,hsrc_34735c52ef0d,hev_63418cd6ce49|hev_886d8a602567,hbf_9982d6cab487,hsub_meissen_electoral_saxony_core,MEDIUM,promo_004cd3264a32,MAPGEN-012,promoted from a reviewed staged candidate,
seven_years_war_1756_08_01,TERRESTRIAL_HEX,h6000_q-000372_r+001276,src_9d6f03b5c85f,hsrc_34735c52ef0d,hev_63418cd6ce49|hev_886d8a602567,hbf_9982d6cab487,hsub_meissen_electoral_saxony_core,MEDIUM,promo_004cd3264a32,MAPGEN-012,promoted from a reviewed staged candidate,
seven_years_war_1756_08_01,TERRESTRIAL_HEX,h6000_q-000371_r+001276,src_9d6f03b5c85f,hsrc_34735c52ef0d,hev_63418cd6ce49|hev_886d8a602567,hbf_9982d6cab487,hsub_meissen_electoral_saxony_core,MEDIUM,promo_004cd3264a32,MAPGEN-012,promoted from a reviewed staged candidate,
seven_years_war_1756_08_01,TERRESTRIAL_HEX,h6000_q-000410_r+001277,src_9d6f03b5c85f,hsrc_34735c52ef0d,hev_63418cd6ce49|hev_886d8a602567,hbf_9982d6cab487,hsub_meissen_electoral_saxony_core,MEDIUM,promo_004cd3264a32,MAPGEN-012,promoted from a reviewed staged candidate,
seven_years_war_1756_08_01,TERRESTRIAL_HEX,h6000_q-000409_r+001277,src_9d6f03b5c85f,hsrc_34735c52ef0d,hev_63418cd6ce49|hev_886d8a602567,hbf_9982d6cab487,hsub_meissen_electoral_saxony_core,MEDIUM,promo_004cd3264a32,MAPGEN-012,promoted from a reviewed staged candidate,
seven_years_war_1756_08_01,TERRESTRIAL_HEX,h6000_q-000408_r+001277,src_9d6f03b5c85f,hsrc_34735c52ef0d,hev_63418cd6ce49|hev_886d8a602567,hbf_9982d6cab487,hsub_meissen_electoral_saxony_core,MEDIUM,promo_004cd3264a32,MAPGEN-012,promoted from a reviewed staged candidate,
seven_years_war_1756_08_01,TERRESTRIAL_HEX,h6000_q-000407_r+001277,src_9d6f03b5c85f,hsrc_34735c52ef0d,hev_63418cd6ce49|hev_886d8a602567,hbf_9982d6cab487,hsub_meissen_electoral_saxony_core,MEDIUM,promo_004cd3264a32,MAPGEN-012,promoted from a reviewed staged candidate,
seven_years_war_1756_08_01,TERRESTRIAL_HEX,h6000_q-000406_r+001277,src_9d6f03b5c85f,hsrc_34735c52ef0d,hev_63418cd6ce49|hev_886d8a602567,hbf_9982d6cab487,hsub_meissen_electoral_saxony_core,MEDIUM,promo_004cd3264a32,MAPGEN-012,promoted from a reviewed staged candidate,
seven_years_war_1756_08_01,TERRESTRIAL_HEX,h6000_q-000376_r+001277,src_9d6f03b5c85f,hsrc_34735c52ef0d,hev_63418cd6ce49|hev_886d8a602567,hbf_9982d6cab487,hsub_meissen_electoral_saxony_core,MEDIUM,promo_004cd3264a32,MAPGEN-012,promoted from a reviewed staged candidate,
seven_years_war_1756_08_01,TERRESTRIAL_HEX,h6000_q-000375_r+001277,src_9d6f03b5c85f,hsrc_34735c52ef0d,hev_63418cd6ce49|hev_886d8a602567,hbf_9982d6cab487,hsub_meissen_electoral_saxony_core,MEDIUM,promo_004cd3264a32,MAPGEN-012,promoted from a reviewed staged candidate,
seven_years_war_1756_08_01,TERRESTRIAL_HEX,h6000_q-000374_r+001277,src_9d6f03b5c85f,hsrc_34735c52ef0d,hev_63418cd6ce49|hev_886d8a602567,hbf_9982d6cab487,hsub_meissen_electoral_saxony_core,MEDIUM,promo_004cd3264a32,MAPGEN-012,promoted from a reviewed staged candidate,
seven_years_war_1756_08_01,TERRESTRIAL_HEX,h6000_q-000373_r+001277,src_9d6f03b5c85f,hsrc_34735c52ef0d,hev_63418cd6ce49|hev_886d8a602567,hbf_9982d6cab487,hsub_meissen_electoral_saxony_core,MEDIUM,promo_004cd3264a32,MAPGEN-012,promoted from a reviewed staged candidate,
seven_years_war_1756_08_01,TERRESTRIAL_HEX,h6000_q-000371_r+001277,src_9d6f03b5c85f,hsrc_34735c52ef0d,hev_63418cd6ce49|hev_886d8a602567,hbf_9982d6cab487,hsub_meissen_electoral_saxony_core,MEDIUM,promo_004cd3264a32,MAPGEN-012,promoted from a reviewed staged candidate,
seven_years_war_1756_08_01,TERRESTRIAL_HEX,h6000_q-000411_r+001278,src_9d6f03b5c85f,hsrc_34735c52ef0d,hev_63418cd6ce49|hev_886d8a602567,hbf_9982d6cab487,hsub_meissen_electoral_saxony_core,MEDIUM,promo_004cd3264a32,MAPGEN-012,promoted from a reviewed staged candidate,
seven_years_war_1756_08_01,TERRESTRIAL_HEX,h6000_q-000410_r+001278,src_9d6f03b5c85f,hsrc_34735c52ef0d,hev_63418cd6ce49|hev_886d8a602567,hbf_9982d6cab487,hsub_meissen_electoral_saxony_core,MEDIUM,promo_004cd3264a32,MAPGEN-012,promoted from a reviewed staged candidate,
seven_years_war_1756_08_01,TERRESTRIAL_HEX,h6000_q-000407_r+001278,src_9d6f03b5c85f,hsrc_34735c52ef0d,hev_63418cd6ce49|hev_886d8a602567,hbf_9982d6cab487,hsub_meissen_electoral_saxony_core,MEDIUM,promo_004cd3264a32,MAPGEN-012,promoted from a reviewed staged candidate,
seven_years_war_1756_08_01,TERRESTRIAL_HEX,h6000_q-000377_r+001278,src_9d6f03b5c85f,hsrc_34735c52ef0d,hev_63418cd6ce49|hev_886d8a602567,hbf_9982d6cab487,hsub_meissen_electoral_saxony_core,MEDIUM,promo_004cd3264a32,MAPGEN-012,promoted from a reviewed staged candidate,
seven_years_war_1756_08_01,TERRESTRIAL_HEX,h6000_q-000376_r+001278,src_9d6f03b5c85f,hsrc_34735c52ef0d,hev_63418cd6ce49|hev_886d8a602567,hbf_9982d6cab487,hsub_meissen_electoral_saxony_core,MEDIUM,promo_004cd3264a32,MAPGEN-012,promoted from a reviewed staged candidate,
seven_years_war_1756_08_01,TERRESTRIAL_HEX,h6000_q-000375_r+001278,src_9d6f03b5c85f,hsrc_34735c52ef0d,hev_63418cd6ce49|hev_886d8a602567,hbf_9982d6cab487,hsub_meissen_electoral_saxony_core,MEDIUM,promo_004cd3264a32,MAPGEN-012,promoted from a reviewed staged candidate,
seven_years_war_1756_08_01,TERRESTRIAL_HEX,h6000_q-000374_r+001278,src_9d6f03b5c85f,hsrc_34735c52ef0d,hev_63418cd6ce49|hev_886d8a602567,hbf_9982d6cab487,hsub_meissen_electoral_saxony_core,MEDIUM,promo_004cd3264a32,MAPGEN-012,promoted from a reviewed staged candidate,
seven_years_war_1756_08_01,TERRESTRIAL_HEX,h6000_q-000372_r+001278,src_9d6f03b5c85f,hsrc_34735c52ef0d,hev_63418cd6ce49|hev_886d8a602567,hbf_9982d6cab487,hsub_meissen_electoral_saxony_core,MEDIUM,promo_004cd3264a32,MAPGEN-012,promoted from a reviewed staged candidate,
seven_years_war_1756_08_01,TERRESTRIAL_HEX,h6000_q-000371_r+001278,src_9d6f03b5c85f,hsrc_34735c52ef0d,hev_63418cd6ce49|hev_886d8a602567,hbf_9982d6cab487,hsub_meissen_electoral_saxony_core,MEDIUM,promo_004cd3264a32,MAPGEN-012,promoted from a reviewed staged candidate,
seven_years_war_1756_08_01,TERRESTRIAL_HEX,h6000_q-000412_r+001279,src_9d6f03b5c85f,hsrc_34735c52ef0d,hev_63418cd6ce49|hev_886d8a602567,hbf_9982d6cab487,hsub_meissen_electoral_saxony_core,MEDIUM,promo_004cd3264a32,MAPGEN-012,promoted from a reviewed staged candidate,
seven_years_war_1756_08_01,TERRESTRIAL_HEX,h6000_q-000411_r+001279,src_9d6f03b5c85f,hsrc_34735c52ef0d,hev_63418cd6ce49|hev_886d8a602567,hbf_9982d6cab487,hsub_meissen_electoral_saxony_core,MEDIUM,promo_004cd3264a32,MAPGEN-012,promoted from a reviewed staged candidate,
seven_years_war_1756_08_01,TERRESTRIAL_HEX,h6000_q-000410_r+001279,src_9d6f03b5c85f,hsrc_34735c52ef0d,hev_63418cd6ce49|hev_886d8a602567,hbf_9982d6cab487,hsub_meissen_electoral_saxony_core,MEDIUM,promo_004cd3264a32,MAPGEN-012,promoted from a reviewed staged candidate,
seven_years_war_1756_08_01,TERRESTRIAL_HEX,h6000_q-000409_r+001279,src_9d6f03b5c85f,hsrc_34735c52ef0d,hev_63418cd6ce49|hev_886d8a602567,hbf_9982d6cab487,hsub_meissen_electoral_saxony_core,MEDIUM,promo_004cd3264a32,MAPGEN-012,promoted from a reviewed staged candidate,
seven_years_war_1756_08_01,TERRESTRIAL_HEX,h6000_q-000379_r+001279,src_9d6f03b5c85f,hsrc_34735c52ef0d,hev_63418cd6ce49|hev_886d8a602567,hbf_9982d6cab487,hsub_meissen_electoral_saxony_core,MEDIUM,promo_004cd3264a32,MAPGEN-012,promoted from a reviewed staged candidate,
seven_years_war_1756_08_01,TERRESTRIAL_HEX,h6000_q-000378_r+001279,src_9d6f03b5c85f,hsrc_34735c52ef0d,hev_63418cd6ce49|hev_886d8a602567,hbf_9982d6cab487,hsub_meissen_electoral_saxony_core,MEDIUM,promo_004cd3264a32,MAPGEN-012,promoted from a reviewed staged candidate,
seven_years_war_1756_08_01,TERRESTRIAL_HEX,h6000_q-000377_r+001279,src_9d6f03b5c85f,hsrc_34735c52ef0d,hev_63418cd6ce49|hev_886d8a602567,hbf_9982d6cab487,hsub_meissen_electoral_saxony_core,MEDIUM,promo_004cd3264a32,MAPGEN-012,promoted from a reviewed staged candidate,
seven_years_war_1756_08_01,TERRESTRIAL_HEX,h6000_q-000375_r+001279,src_9d6f03b5c85f,hsrc_34735c52ef0d,hev_63418cd6ce49|hev_886d8a602567,hbf_9982d6cab487,hsub_meissen_electoral_saxony_core,MEDIUM,promo_004cd3264a32,MAPGEN-012,promoted from a reviewed staged candidate,
seven_years_war_1756_08_01,TERRESTRIAL_HEX,h6000_q-000412_r+001280,src_9d6f03b5c85f,hsrc_34735c52ef0d,hev_63418cd6ce49|hev_886d8a602567,hbf_9982d6cab487,hsub_meissen_electoral_saxony_core,MEDIUM,promo_004cd3264a32,MAPGEN-012,promoted from a reviewed staged candidate,
seven_years_war_1756_08_01,TERRESTRIAL_HEX,h6000_q-000411_r+001280,src_9d6f03b5c85f,hsrc_34735c52ef0d,hev_63418cd6ce49|hev_886d8a602567,hbf_9982d6cab487,hsub_meissen_electoral_saxony_core,MEDIUM,promo_004cd3264a32,MAPGEN-012,promoted from a reviewed staged candidate,
seven_years_war_1756_08_01,TERRESTRIAL_HEX,h6000_q-000410_r+001280,src_9d6f03b5c85f,hsrc_34735c52ef0d,hev_63418cd6ce49|hev_886d8a602567,hbf_9982d6cab487,hsub_meissen_electoral_saxony_core,MEDIUM,promo_004cd3264a32,MAPGEN-012,promoted from a reviewed staged candidate,
seven_years_war_1756_08_01,TERRESTRIAL_HEX,h6000_q-000409_r+001280,src_9d6f03b5c85f,hsrc_34735c52ef0d,hev_63418cd6ce49|hev_886d8a602567,hbf_9982d6cab487,hsub_meissen_electoral_saxony_core,MEDIUM,promo_004cd3264a32,MAPGEN-012,promoted from a reviewed staged candidate,
seven_years_war_1756_08_01,TERRESTRIAL_HEX,h6000_q-000380_r+001280,src_9d6f03b5c85f,hsrc_34735c52ef0d,hev_63418cd6ce49|hev_886d8a602567,hbf_9982d6cab487,hsub_meissen_electoral_saxony_core,MEDIUM,promo_004cd3264a32,MAPGEN-012,promoted from a reviewed staged candidate,
seven_years_war_1756_08_01,TERRESTRIAL_HEX,h6000_q-000379_r+001280,src_9d6f03b5c85f,hsrc_34735c52ef0d,hev_63418cd6ce49|hev_886d8a602567,hbf_9982d6cab487,hsub_meissen_electoral_saxony_core,MEDIUM,promo_004cd3264a32,MAPGEN-012,promoted from a reviewed staged candidate,
seven_years_war_1756_08_01,TERRESTRIAL_HEX,h6000_q-000409_r+001281,src_9d6f03b5c85f,hsrc_34735c52ef0d,hev_63418cd6ce49|hev_886d8a602567,hbf_9982d6cab487,hsub_meissen_electoral_saxony_core,MEDIUM,promo_004cd3264a32,MAPGEN-012,promoted from a reviewed staged candidate,
seven_years_war_1756_08_01,TERRESTRIAL_HEX,h6000_q-000404_r+001281,src_9d6f03b5c85f,hsrc_34735c52ef0d,hev_63418cd6ce49|hev_886d8a602567,hbf_9982d6cab487,hsub_meissen_electoral_saxony_core,MEDIUM,promo_004cd3264a32,MAPGEN-012,promoted from a reviewed staged candidate,
seven_years_war_1756_08_01,TERRESTRIAL_HEX,h6000_q-000403_r+001281,src_9d6f03b5c85f,hsrc_34735c52ef0d,hev_63418cd6ce49|hev_886d8a602567,hbf_9982d6cab487,hsub_meissen_electoral_saxony_core,MEDIUM,promo_004cd3264a32,MAPGEN-012,promoted from a reviewed staged candidate,
seven_years_war_1756_08_01,TERRESTRIAL_HEX,h6000_q-000400_r+001281,src_9d6f03b5c85f,hsrc_34735c52ef0d,hev_63418cd6ce49|hev_886d8a602567,hbf_9982d6cab487,hsub_meissen_electoral_saxony_core,MEDIUM,promo_004cd3264a32,MAPGEN-012,promoted from a reviewed staged candidate,
seven_years_war_1756_08_01,TERRESTRIAL_HEX,h6000_q-000399_r+001281,src_9d6f03b5c85f,hsrc_34735c52ef0d,hev_63418cd6ce49|hev_886d8a602567,hbf_9982d6cab487,hsub_meissen_electoral_saxony_core,MEDIUM,promo_004cd3264a32,MAPGEN-012,promoted from a reviewed staged candidate,
seven_years_war_1756_08_01,TERRESTRIAL_HEX,h6000_q-000380_r+001281,src_9d6f03b5c85f,hsrc_34735c52ef0d,hev_63418cd6ce49|hev_886d8a602567,hbf_9982d6cab487,hsub_meissen_electoral_saxony_core,MEDIUM,promo_004cd3264a32,MAPGEN-012,promoted from a reviewed staged candidate,
seven_years_war_1756_08_01,TERRESTRIAL_HEX,h6000_q-000410_r+001282,src_9d6f03b5c85f,hsrc_34735c52ef0d,hev_63418cd6ce49|hev_886d8a602567,hbf_9982d6cab487,hsub_meissen_electoral_saxony_core,MEDIUM,promo_004cd3264a32,MAPGEN-012,promoted from a reviewed staged candidate,
seven_years_war_1756_08_01,TERRESTRIAL_HEX,h6000_q-000409_r+001282,src_9d6f03b5c85f,hsrc_34735c52ef0d,hev_63418cd6ce49|hev_886d8a602567,hbf_9982d6cab487,hsub_meissen_electoral_saxony_core,MEDIUM,promo_004cd3264a32,MAPGEN-012,promoted from a reviewed staged candidate,
seven_years_war_1756_08_01,TERRESTRIAL_HEX,h6000_q-000405_r+001282,src_9d6f03b5c85f,hsrc_34735c52ef0d,hev_63418cd6ce49|hev_886d8a602567,hbf_9982d6cab487,hsub_meissen_electoral_saxony_core,MEDIUM,promo_004cd3264a32,MAPGEN-012,promoted from a reviewed staged candidate,
seven_years_war_1756_08_01,TERRESTRIAL_HEX,h6000_q-000404_r+001282,src_9d6f03b5c85f,hsrc_34735c52ef0d,hev_63418cd6ce49|hev_886d8a602567,hbf_9982d6cab487,hsub_meissen_electoral_saxony_core,MEDIUM,promo_004cd3264a32,MAPGEN-012,promoted from a reviewed staged candidate,
seven_years_war_1756_08_01,TERRESTRIAL_HEX,h6000_q-000382_r+001282,src_9d6f03b5c85f,hsrc_34735c52ef0d,hev_63418cd6ce49|hev_886d8a602567,hbf_9982d6cab487,hsub_meissen_electoral_saxony_core,MEDIUM,promo_004cd3264a32,MAPGEN-012,promoted from a reviewed staged candidate,
seven_years_war_1756_08_01,TERRESTRIAL_HEX,h6000_q-000381_r+001282,src_9d6f03b5c85f,hsrc_34735c52ef0d,hev_63418cd6ce49|hev_886d8a602567,hbf_9982d6cab487,hsub_meissen_electoral_saxony_core,MEDIUM,promo_004cd3264a32,MAPGEN-012,promoted from a reviewed staged candidate,
seven_years_war_1756_08_01,TERRESTRIAL_HEX,h6000_q-000380_r+001282,src_9d6f03b5c85f,hsrc_34735c52ef0d,hev_63418cd6ce49|hev_886d8a602567,hbf_9982d6cab487,hsub_meissen_electoral_saxony_core,MEDIUM,promo_004cd3264a32,MAPGEN-012,promoted from a reviewed staged candidate,
seven_years_war_1756_08_01,TERRESTRIAL_HEX,h6000_q-000410_r+001283,src_9d6f03b5c85f,hsrc_34735c52ef0d,hev_63418cd6ce49|hev_886d8a602567,hbf_9982d6cab487,hsub_meissen_electoral_saxony_core,MEDIUM,promo_004cd3264a32,MAPGEN-012,promoted from a reviewed staged candidate,
seven_years_war_1756_08_01,TERRESTRIAL_HEX,h6000_q-000384_r+001283,src_9d6f03b5c85f,hsrc_34735c52ef0d,hev_63418cd6ce49|hev_886d8a602567,hbf_9982d6cab487,hsub_meissen_electoral_saxony_core,MEDIUM,promo_004cd3264a32,MAPGEN-012,promoted from a reviewed staged candidate,
seven_years_war_1756_08_01,TERRESTRIAL_HEX,h6000_q-000383_r+001283,src_9d6f03b5c85f,hsrc_34735c52ef0d,hev_63418cd6ce49|hev_886d8a602567,hbf_9982d6cab487,hsub_meissen_electoral_saxony_core,MEDIUM,promo_004cd3264a32,MAPGEN-012,promoted from a reviewed staged candidate,
seven_years_war_1756_08_01,TERRESTRIAL_HEX,h6000_q-000382_r+001283,src_9d6f03b5c85f,hsrc_34735c52ef0d,hev_63418cd6ce49|hev_886d8a602567,hbf_9982d6cab487,hsub_meissen_electoral_saxony_core,MEDIUM,promo_004cd3264a32,MAPGEN-012,promoted from a reviewed staged candidate,
seven_years_war_1756_08_01,TERRESTRIAL_HEX,h6000_q-000411_r+001284,src_9d6f03b5c85f,hsrc_34735c52ef0d,hev_63418cd6ce49|hev_886d8a602567,hbf_9982d6cab487,hsub_meissen_electoral_saxony_core,MEDIUM,promo_004cd3264a32,MAPGEN-012,promoted from a reviewed staged candidate,
seven_years_war_1756_08_01,TERRESTRIAL_HEX,h6000_q-000410_r+001284,src_9d6f03b5c85f,hsrc_34735c52ef0d,hev_63418cd6ce49|hev_886d8a602567,hbf_9982d6cab487,hsub_meissen_electoral_saxony_core,MEDIUM,promo_004cd3264a32,MAPGEN-012,promoted from a reviewed staged candidate,
seven_years_war_1756_08_01,TERRESTRIAL_HEX,h6000_q-000403_r+001284,src_9d6f03b5c85f,hsrc_34735c52ef0d,hev_63418cd6ce49|hev_886d8a602567,hbf_9982d6cab487,hsub_meissen_electoral_saxony_core,MEDIUM,promo_004cd3264a32,MAPGEN-012,promoted from a reviewed staged candidate,
seven_years_war_1756_08_01,TERRESTRIAL_HEX,h6000_q-000385_r+001284,src_9d6f03b5c85f,hsrc_34735c52ef0d,hev_63418cd6ce49|hev_886d8a602567,hbf_9982d6cab487,hsub_meissen_electoral_saxony_core,MEDIUM,promo_004cd3264a32,MAPGEN-012,promoted from a reviewed staged candidate,
seven_years_war_1756_08_01,TERRESTRIAL_HEX,h6000_q-000384_r+001284,src_9d6f03b5c85f,hsrc_34735c52ef0d,hev_63418cd6ce49|hev_886d8a602567,hbf_9982d6cab487,hsub_meissen_electoral_saxony_core,MEDIUM,promo_004cd3264a32,MAPGEN-012,promoted from a reviewed staged candidate,
seven_years_war_1756_08_01,TERRESTRIAL_HEX,h6000_q-000413_r+001285,src_9d6f03b5c85f,hsrc_34735c52ef0d,hev_63418cd6ce49|hev_886d8a602567,hbf_9982d6cab487,hsub_meissen_electoral_saxony_core,MEDIUM,promo_004cd3264a32,MAPGEN-012,promoted from a reviewed staged candidate,
seven_years_war_1756_08_01,TERRESTRIAL_HEX,h6000_q-000412_r+001285,src_9d6f03b5c85f,hsrc_34735c52ef0d,hev_63418cd6ce49|hev_886d8a602567,hbf_9982d6cab487,hsub_meissen_electoral_saxony_core,MEDIUM,promo_004cd3264a32,MAPGEN-012,promoted from a reviewed staged candidate,
seven_years_war_1756_08_01,TERRESTRIAL_HEX,h6000_q-000411_r+001285,src_9d6f03b5c85f,hsrc_34735c52ef0d,hev_63418cd6ce49|hev_886d8a602567,hbf_9982d6cab487,hsub_meissen_electoral_saxony_core,MEDIUM,promo_004cd3264a32,MAPGEN-012,promoted from a reviewed staged candidate,
seven_years_war_1756_08_01,TERRESTRIAL_HEX,h6000_q-000386_r+001285,src_9d6f03b5c85f,hsrc_34735c52ef0d,hev_63418cd6ce49|hev_886d8a602567,hbf_9982d6cab487,hsub_meissen_electoral_saxony_core,MEDIUM,promo_004cd3264a32,MAPGEN-012,promoted from a reviewed staged candidate,
seven_years_war_1756_08_01,TERRESTRIAL_HEX,h6000_q-000385_r+001285,src_9d6f03b5c85f,hsrc_34735c52ef0d,hev_63418cd6ce49|hev_886d8a602567,hbf_9982d6cab487,hsub_meissen_electoral_saxony_core,MEDIUM,promo_004cd3264a32,MAPGEN-012,promoted from a reviewed staged candidate,
seven_years_war_1756_08_01,TERRESTRIAL_HEX,h6000_q-000413_r+001286,src_9d6f03b5c85f,hsrc_34735c52ef0d,hev_63418cd6ce49|hev_886d8a602567,hbf_9982d6cab487,hsub_meissen_electoral_saxony_core,MEDIUM,promo_004cd3264a32,MAPGEN-012,promoted from a reviewed staged candidate,
seven_years_war_1756_08_01,TERRESTRIAL_HEX,h6000_q-000412_r+001286,src_9d6f03b5c85f,hsrc_34735c52ef0d,hev_63418cd6ce49|hev_886d8a602567,hbf_9982d6cab487,hsub_meissen_electoral_saxony_core,MEDIUM,promo_004cd3264a32,MAPGEN-012,promoted from a reviewed staged candidate,
seven_years_war_1756_08_01,TERRESTRIAL_HEX,h6000_q-000411_r+001286,src_9d6f03b5c85f,hsrc_34735c52ef0d,hev_63418cd6ce49|hev_886d8a602567,hbf_9982d6cab487,hsub_meissen_electoral_saxony_core,MEDIUM,promo_004cd3264a32,MAPGEN-012,promoted from a reviewed staged candidate,
seven_years_war_1756_08_01,TERRESTRIAL_HEX,h6000_q-000389_r+001286,src_9d6f03b5c85f,hsrc_34735c52ef0d,hev_63418cd6ce49|hev_886d8a602567,hbf_9982d6cab487,hsub_meissen_electoral_saxony_core,MEDIUM,promo_004cd3264a32,MAPGEN-012,promoted from a reviewed staged candidate,
seven_years_war_1756_08_01,TERRESTRIAL_HEX,h6000_q-000386_r+001286,src_9d6f03b5c85f,hsrc_34735c52ef0d,hev_63418cd6ce49|hev_886d8a602567,hbf_9982d6cab487,hsub_meissen_electoral_saxony_core,MEDIUM,promo_004cd3264a32,MAPGEN-012,promoted from a reviewed staged candidate,
seven_years_war_1756_08_01,TERRESTRIAL_HEX,h6000_q-000413_r+001287,src_9d6f03b5c85f,hsrc_34735c52ef0d,hev_63418cd6ce49|hev_886d8a602567,hbf_9982d6cab487,hsub_meissen_electoral_saxony_core,MEDIUM,promo_004cd3264a32,MAPGEN-012,promoted from a reviewed staged candidate,
seven_years_war_1756_08_01,TERRESTRIAL_HEX,h6000_q-000412_r+001287,src_9d6f03b5c85f,hsrc_34735c52ef0d,hev_63418cd6ce49|hev_886d8a602567,hbf_9982d6cab487,hsub_meissen_electoral_saxony_core,MEDIUM,promo_004cd3264a32,MAPGEN-012,promoted from a reviewed staged candidate,
seven_years_war_1756_08_01,TERRESTRIAL_HEX,h6000_q-000411_r+001287,src_9d6f03b5c85f,hsrc_34735c52ef0d,hev_63418cd6ce49|hev_886d8a602567,hbf_9982d6cab487,hsub_meissen_electoral_saxony_core,MEDIUM,promo_004cd3264a32,MAPGEN-012,promoted from a reviewed staged candidate,
seven_years_war_1756_08_01,TERRESTRIAL_HEX,h6000_q-000391_r+001287,src_9d6f03b5c85f,hsrc_34735c52ef0d,hev_63418cd6ce49|hev_886d8a602567,hbf_9982d6cab487,hsub_meissen_electoral_saxony_core,MEDIUM,promo_004cd3264a32,MAPGEN-012,promoted from a reviewed staged candidate,
seven_years_war_1756_08_01,TERRESTRIAL_HEX,h6000_q-000390_r+001287,src_9d6f03b5c85f,hsrc_34735c52ef0d,hev_63418cd6ce49|hev_886d8a602567,hbf_9982d6cab487,hsub_meissen_electoral_saxony_core,MEDIUM,promo_004cd3264a32,MAPGEN-012,promoted from a reviewed staged candidate,
seven_years_war_1756_08_01,TERRESTRIAL_HEX,h6000_q-000389_r+001287,src_9d6f03b5c85f,hsrc_34735c52ef0d,hev_63418cd6ce49|hev_886d8a602567,hbf_9982d6cab487,hsub_meissen_electoral_saxony_core,MEDIUM,promo_004cd3264a32,MAPGEN-012,promoted from a reviewed staged candidate,
seven_years_war_1756_08_01,TERRESTRIAL_HEX,h6000_q-000388_r+001287,src_9d6f03b5c85f,hsrc_34735c52ef0d,hev_63418cd6ce49|hev_886d8a602567,hbf_9982d6cab487,hsub_meissen_electoral_saxony_core,MEDIUM,promo_004cd3264a32,MAPGEN-012,promoted from a reviewed staged candidate,
seven_years_war_1756_08_01,TERRESTRIAL_HEX,h6000_q-000387_r+001287,src_9d6f03b5c85f,hsrc_34735c52ef0d,hev_63418cd6ce49|hev_886d8a602567,hbf_9982d6cab487,hsub_meissen_electoral_saxony_core,MEDIUM,promo_004cd3264a32,MAPGEN-012,promoted from a reviewed staged candidate,
seven_years_war_1756_08_01,TERRESTRIAL_HEX,h6000_q-000414_r+001288,src_9d6f03b5c85f,hsrc_34735c52ef0d,hev_63418cd6ce49|hev_886d8a602567,hbf_9982d6cab487,hsub_meissen_electoral_saxony_core,MEDIUM,promo_004cd3264a32,MAPGEN-012,promoted from a reviewed staged candidate,
seven_years_war_1756_08_01,TERRESTRIAL_HEX,h6000_q-000413_r+001288,src_9d6f03b5c85f,hsrc_34735c52ef0d,hev_63418cd6ce49|hev_886d8a602567,hbf_9982d6cab487,hsub_meissen_electoral_saxony_core,MEDIUM,promo_004cd3264a32,MAPGEN-012,promoted from a reviewed staged candidate,
seven_years_war_1756_08_01,TERRESTRIAL_HEX,h6000_q-000412_r+001288,src_9d6f03b5c85f,hsrc_34735c52ef0d,hev_63418cd6ce49|hev_886d8a602567,hbf_9982d6cab487,hsub_meissen_electoral_saxony_core,MEDIUM,promo_004cd3264a32,MAPGEN-012,promoted from a reviewed staged candidate,
seven_years_war_1756_08_01,TERRESTRIAL_HEX,h6000_q-000393_r+001288,src_9d6f03b5c85f,hsrc_34735c52ef0d,hev_63418cd6ce49|hev_886d8a602567,hbf_9982d6cab487,hsub_meissen_electoral_saxony_core,MEDIUM,promo_004cd3264a32,MAPGEN-012,promoted from a reviewed staged candidate,
seven_years_war_1756_08_01,TERRESTRIAL_HEX,h6000_q-000392_r+001288,src_9d6f03b5c85f,hsrc_34735c52ef0d,hev_63418cd6ce49|hev_886d8a602567,hbf_9982d6cab487,hsub_meissen_electoral_saxony_core,MEDIUM,promo_004cd3264a32,MAPGEN-012,promoted from a reviewed staged candidate,
seven_years_war_1756_08_01,TERRESTRIAL_HEX,h6000_q-000388_r+001288,src_9d6f03b5c85f,hsrc_34735c52ef0d,hev_63418cd6ce49|hev_886d8a602567,hbf_9982d6cab487,hsub_meissen_electoral_saxony_core,MEDIUM,promo_004cd3264a32,MAPGEN-012,promoted from a reviewed staged candidate,
seven_years_war_1756_08_01,TERRESTRIAL_HEX,h6000_q-000414_r+001289,src_9d6f03b5c85f,hsrc_34735c52ef0d,hev_63418cd6ce49|hev_886d8a602567,hbf_9982d6cab487,hsub_meissen_electoral_saxony_core,MEDIUM,promo_004cd3264a32,MAPGEN-012,promoted from a reviewed staged candidate,
seven_years_war_1756_08_01,TERRESTRIAL_HEX,h6000_q-000413_r+001289,src_9d6f03b5c85f,hsrc_34735c52ef0d,hev_63418cd6ce49|hev_886d8a602567,hbf_9982d6cab487,hsub_meissen_electoral_saxony_core,MEDIUM,promo_004cd3264a32,MAPGEN-012,promoted from a reviewed staged candidate,
seven_years_war_1756_08_01,TERRESTRIAL_HEX,h6000_q-000399_r+001289,src_9d6f03b5c85f,hsrc_34735c52ef0d,hev_63418cd6ce49|hev_886d8a602567,hbf_9982d6cab487,hsub_meissen_electoral_saxony_core,MEDIUM,promo_004cd3264a32,MAPGEN-012,promoted from a reviewed staged candidate,
seven_years_war_1756_08_01,TERRESTRIAL_HEX,h6000_q-000398_r+001289,src_9d6f03b5c85f,hsrc_34735c52ef0d,hev_63418cd6ce49|hev_886d8a602567,hbf_9982d6cab487,hsub_meissen_electoral_saxony_core,MEDIUM,promo_004cd3264a32,MAPGEN-012,promoted from a reviewed staged candidate,
seven_years_war_1756_08_01,TERRESTRIAL_HEX,h6000_q-000397_r+001289,src_9d6f03b5c85f,hsrc_34735c52ef0d,hev_63418cd6ce49|hev_886d8a602567,hbf_9982d6cab487,hsub_meissen_electoral_saxony_core,MEDIUM,promo_004cd3264a32,MAPGEN-012,promoted from a reviewed staged candidate,
seven_years_war_1756_08_01,TERRESTRIAL_HEX,h6000_q-000396_r+001289,src_9d6f03b5c85f,hsrc_34735c52ef0d,hev_63418cd6ce49|hev_886d8a602567,hbf_9982d6cab487,hsub_meissen_electoral_saxony_core,MEDIUM,promo_004cd3264a32,MAPGEN-012,promoted from a reviewed staged candidate,
seven_years_war_1756_08_01,TERRESTRIAL_HEX,h6000_q-000395_r+001289,src_9d6f03b5c85f,hsrc_34735c52ef0d,hev_63418cd6ce49|hev_886d8a602567,hbf_9982d6cab487,hsub_meissen_electoral_saxony_core,MEDIUM,promo_004cd3264a32,MAPGEN-012,promoted from a reviewed staged candidate,
seven_years_war_1756_08_01,TERRESTRIAL_HEX,h6000_q-000394_r+001289,src_9d6f03b5c85f,hsrc_34735c52ef0d,hev_63418cd6ce49|hev_886d8a602567,hbf_9982d6cab487,hsub_meissen_electoral_saxony_core,MEDIUM,promo_004cd3264a32,MAPGEN-012,promoted from a reviewed staged candidate,
seven_years_war_1756_08_01,TERRESTRIAL_HEX,h6000_q-000393_r+001289,src_9d6f03b5c85f,hsrc_34735c52ef0d,hev_63418cd6ce49|hev_886d8a602567,hbf_9982d6cab487,hsub_meissen_electoral_saxony_core,MEDIUM,promo_004cd3264a32,MAPGEN-012,promoted from a reviewed staged candidate,
seven_years_war_1756_08_01,TERRESTRIAL_HEX,h6000_q-000414_r+001290,src_9d6f03b5c85f,hsrc_34735c52ef0d,hev_63418cd6ce49|hev_886d8a602567,hbf_9982d6cab487,hsub_meissen_electoral_saxony_core,MEDIUM,promo_004cd3264a32,MAPGEN-012,promoted from a reviewed staged candidate,
seven_years_war_1756_08_01,TERRESTRIAL_HEX,h6000_q-000413_r+001290,src_9d6f03b5c85f,hsrc_34735c52ef0d,hev_63418cd6ce49|hev_886d8a602567,hbf_9982d6cab487,hsub_meissen_electoral_saxony_core,MEDIUM,promo_004cd3264a32,MAPGEN-012,promoted from a reviewed staged candidate,
seven_years_war_1756_08_01,TERRESTRIAL_HEX,h6000_q-000412_r+001290,src_9d6f03b5c85f,hsrc_34735c52ef0d,hev_63418cd6ce49|hev_886d8a602567,hbf_9982d6cab487,hsub_meissen_electoral_saxony_core,MEDIUM,promo_004cd3264a32,MAPGEN-012,promoted from a reviewed staged candidate,
seven_years_war_1756_08_01,TERRESTRIAL_HEX,h6000_q-000401_r+001290,src_9d6f03b5c85f,hsrc_34735c52ef0d,hev_63418cd6ce49|hev_886d8a602567,hbf_9982d6cab487,hsub_meissen_electoral_saxony_core,MEDIUM,promo_004cd3264a32,MAPGEN-012,promoted from a reviewed staged candidate,
seven_years_war_1756_08_01,TERRESTRIAL_HEX,h6000_q-000400_r+001290,src_9d6f03b5c85f,hsrc_34735c52ef0d,hev_63418cd6ce49|hev_886d8a602567,hbf_9982d6cab487,hsub_meissen_electoral_saxony_core,MEDIUM,promo_004cd3264a32,MAPGEN-012,promoted from a reviewed staged candidate,
seven_years_war_1756_08_01,TERRESTRIAL_HEX,h6000_q-000399_r+001290,src_9d6f03b5c85f,hsrc_34735c52ef0d,hev_63418cd6ce49|hev_886d8a602567,hbf_9982d6cab487,hsub_meissen_electoral_saxony_core,MEDIUM,promo_004cd3264a32,MAPGEN-012,promoted from a reviewed staged candidate,
seven_years_war_1756_08_01,TERRESTRIAL_HEX,h6000_q-000398_r+001290,src_9d6f03b5c85f,hsrc_34735c52ef0d,hev_63418cd6ce49|hev_886d8a602567,hbf_9982d6cab487,hsub_meissen_electoral_saxony_core,MEDIUM,promo_004cd3264a32,MAPGEN-012,promoted from a reviewed staged candidate,
seven_years_war_1756_08_01,TERRESTRIAL_HEX,h6000_q-000397_r+001290,src_9d6f03b5c85f,hsrc_34735c52ef0d,hev_63418cd6ce49|hev_886d8a602567,hbf_9982d6cab487,hsub_meissen_electoral_saxony_core,MEDIUM,promo_004cd3264a32,MAPGEN-012,promoted from a reviewed staged candidate,
seven_years_war_1756_08_01,TERRESTRIAL_HEX,h6000_q-000396_r+001290,src_9d6f03b5c85f,hsrc_34735c52ef0d,hev_63418cd6ce49|hev_886d8a602567,hbf_9982d6cab487,hsub_meissen_electoral_saxony_core,MEDIUM,promo_004cd3264a32,MAPGEN-012,promoted from a reviewed staged candidate,
seven_years_war_1756_08_01,TERRESTRIAL_HEX,h6000_q-000395_r+001290,src_9d6f03b5c85f,hsrc_34735c52ef0d,hev_63418cd6ce49|hev_886d8a602567,hbf_9982d6cab487,hsub_meissen_electoral_saxony_core,MEDIUM,promo_004cd3264a32,MAPGEN-012,promoted from a reviewed staged candidate,
seven_years_war_1756_08_01,TERRESTRIAL_HEX,h6000_q-000413_r+001291,src_9d6f03b5c85f,hsrc_34735c52ef0d,hev_63418cd6ce49|hev_886d8a602567,hbf_9982d6cab487,hsub_meissen_electoral_saxony_core,MEDIUM,promo_004cd3264a32,MAPGEN-012,promoted from a reviewed staged candidate,
seven_years_war_1756_08_01,TERRESTRIAL_HEX,h6000_q-000404_r+001291,src_9d6f03b5c85f,hsrc_34735c52ef0d,hev_63418cd6ce49|hev_886d8a602567,hbf_9982d6cab487,hsub_meissen_electoral_saxony_core,MEDIUM,promo_004cd3264a32,MAPGEN-012,promoted from a reviewed staged candidate,
seven_years_war_1756_08_01,TERRESTRIAL_HEX,h6000_q-000403_r+001291,src_9d6f03b5c85f,hsrc_34735c52ef0d,hev_63418cd6ce49|hev_886d8a602567,hbf_9982d6cab487,hsub_meissen_electoral_saxony_core,MEDIUM,promo_004cd3264a32,MAPGEN-012,promoted from a reviewed staged candidate,
seven_years_war_1756_08_01,TERRESTRIAL_HEX,h6000_q-000402_r+001291,src_9d6f03b5c85f,hsrc_34735c52ef0d,hev_63418cd6ce49|hev_886d8a602567,hbf_9982d6cab487,hsub_meissen_electoral_saxony_core,MEDIUM,promo_004cd3264a32,MAPGEN-012,promoted from a reviewed staged candidate,
seven_years_war_1756_08_01,TERRESTRIAL_HEX,h6000_q-000401_r+001291,src_9d6f03b5c85f,hsrc_34735c52ef0d,hev_63418cd6ce49|hev_886d8a602567,hbf_9982d6cab487,hsub_meissen_electoral_saxony_core,MEDIUM,promo_004cd3264a32,MAPGEN-012,promoted from a reviewed staged candidate,
seven_years_war_1756_08_01,TERRESTRIAL_HEX,h6000_q-000413_r+001292,src_9d6f03b5c85f,hsrc_34735c52ef0d,hev_63418cd6ce49|hev_886d8a602567,hbf_9982d6cab487,hsub_meissen_electoral_saxony_core,MEDIUM,promo_004cd3264a32,MAPGEN-012,promoted from a reviewed staged candidate,
seven_years_war_1756_08_01,TERRESTRIAL_HEX,h6000_q-000412_r+001292,src_9d6f03b5c85f,hsrc_34735c52ef0d,hev_63418cd6ce49|hev_886d8a602567,hbf_9982d6cab487,hsub_meissen_electoral_saxony_core,MEDIUM,promo_004cd3264a32,MAPGEN-012,promoted from a reviewed staged candidate,
seven_years_war_1756_08_01,TERRESTRIAL_HEX,h6000_q-000406_r+001292,src_9d6f03b5c85f,hsrc_34735c52ef0d,hev_63418cd6ce49|hev_886d8a602567,hbf_9982d6cab487,hsub_meissen_electoral_saxony_core,MEDIUM,promo_004cd3264a32,MAPGEN-012,promoted from a reviewed staged candidate,
seven_years_war_1756_08_01,TERRESTRIAL_HEX,h6000_q-000405_r+001292,src_9d6f03b5c85f,hsrc_34735c52ef0d,hev_63418cd6ce49|hev_886d8a602567,hbf_9982d6cab487,hsub_meissen_electoral_saxony_core,MEDIUM,promo_004cd3264a32,MAPGEN-012,promoted from a reviewed staged candidate,
seven_years_war_1756_08_01,TERRESTRIAL_HEX,h6000_q-000404_r+001292,src_9d6f03b5c85f,hsrc_34735c52ef0d,hev_63418cd6ce49|hev_886d8a602567,hbf_9982d6cab487,hsub_meissen_electoral_saxony_core,MEDIUM,promo_004cd3264a32,MAPGEN-012,promoted from a reviewed staged candidate,
seven_years_war_1756_08_01,TERRESTRIAL_HEX,h6000_q-000413_r+001293,src_9d6f03b5c85f,hsrc_34735c52ef0d,hev_63418cd6ce49|hev_886d8a602567,hbf_9982d6cab487,hsub_meissen_electoral_saxony_core,MEDIUM,promo_004cd3264a32,MAPGEN-012,promoted from a reviewed staged candidate,
seven_years_war_1756_08_01,TERRESTRIAL_HEX,h6000_q-000412_r+001293,src_9d6f03b5c85f,hsrc_34735c52ef0d,hev_63418cd6ce49|hev_886d8a602567,hbf_9982d6cab487,hsub_meissen_electoral_saxony_core,MEDIUM,promo_004cd3264a32,MAPGEN-012,promoted from a reviewed staged candidate,
seven_years_war_1756_08_01,TERRESTRIAL_HEX,h6000_q-000411_r+001293,src_9d6f03b5c85f,hsrc_34735c52ef0d,hev_63418cd6ce49|hev_886d8a602567,hbf_9982d6cab487,hsub_meissen_electoral_saxony_core,MEDIUM,promo_004cd3264a32,MAPGEN-012,promoted from a reviewed staged candidate,
seven_years_war_1756_08_01,TERRESTRIAL_HEX,h6000_q-000408_r+001293,src_9d6f03b5c85f,hsrc_34735c52ef0d,hev_63418cd6ce49|hev_886d8a602567,hbf_9982d6cab487,hsub_meissen_electoral_saxony_core,MEDIUM,promo_004cd3264a32,MAPGEN-012,promoted from a reviewed staged candidate,
seven_years_war_1756_08_01,TERRESTRIAL_HEX,h6000_q-000407_r+001293,src_9d6f03b5c85f,hsrc_34735c52ef0d,hev_63418cd6ce49|hev_886d8a602567,hbf_9982d6cab487,hsub_meissen_electoral_saxony_core,MEDIUM,promo_004cd3264a32,MAPGEN-012,promoted from a reviewed staged candidate,
seven_years_war_1756_08_01,TERRESTRIAL_HEX,h6000_q-000406_r+001293,src_9d6f03b5c85f,hsrc_34735c52ef0d,hev_63418cd6ce49|hev_886d8a602567,hbf_9982d6cab487,hsub_meissen_electoral_saxony_core,MEDIUM,promo_004cd3264a32,MAPGEN-012,promoted from a reviewed staged candidate,
seven_years_war_1756_08_01,TERRESTRIAL_HEX,h6000_q-000405_r+001293,src_9d6f03b5c85f,hsrc_34735c52ef0d,hev_63418cd6ce49|hev_886d8a602567,hbf_9982d6cab487,hsub_meissen_electoral_saxony_core,MEDIUM,promo_004cd3264a32,MAPGEN-012,promoted from a reviewed staged candidate,
seven_years_war_1756_08_01,TERRESTRIAL_HEX,h6000_q-000413_r+001294,src_9d6f03b5c85f,hsrc_34735c52ef0d,hev_63418cd6ce49|hev_886d8a602567,hbf_9982d6cab487,hsub_meissen_electoral_saxony_core,MEDIUM,promo_004cd3264a32,MAPGEN-012,promoted from a reviewed staged candidate,
seven_years_war_1756_08_01,TERRESTRIAL_HEX,h6000_q-000412_r+001294,src_9d6f03b5c85f,hsrc_34735c52ef0d,hev_63418cd6ce49|hev_886d8a602567,hbf_9982d6cab487,hsub_meissen_electoral_saxony_core,MEDIUM,promo_004cd3264a32,MAPGEN-012,promoted from a reviewed staged candidate,
seven_years_war_1756_08_01,TERRESTRIAL_HEX,h6000_q-000411_r+001294,src_9d6f03b5c85f,hsrc_34735c52ef0d,hev_63418cd6ce49|hev_886d8a602567,hbf_9982d6cab487,hsub_meissen_electoral_saxony_core,MEDIUM,promo_004cd3264a32,MAPGEN-012,promoted from a reviewed staged candidate,
seven_years_war_1756_08_01,TERRESTRIAL_HEX,h6000_q-000410_r+001294,src_9d6f03b5c85f,hsrc_34735c52ef0d,hev_63418cd6ce49|hev_886d8a602567,hbf_9982d6cab487,hsub_meissen_electoral_saxony_core,MEDIUM,promo_004cd3264a32,MAPGEN-012,promoted from a reviewed staged candidate,
seven_years_war_1756_08_01,TERRESTRIAL_HEX,h6000_q-000409_r+001294,src_9d6f03b5c85f,hsrc_34735c52ef0d,hev_63418cd6ce49|hev_886d8a602567,hbf_9982d6cab487,hsub_meissen_electoral_saxony_core,MEDIUM,promo_004cd3264a32,MAPGEN-012,promoted from a reviewed staged candidate,
seven_years_war_1756_08_01,TERRESTRIAL_HEX,h6000_q-000408_r+001294,src_9d6f03b5c85f,hsrc_34735c52ef0d,hev_63418cd6ce49|hev_886d8a602567,hbf_9982d6cab487,hsub_meissen_electoral_saxony_core,MEDIUM,promo_004cd3264a32,MAPGEN-012,promoted from a reviewed staged candidate,
seven_years_war_1756_08_01,TERRESTRIAL_HEX,h6000_q-000411_r+001295,src_9d6f03b5c85f,hsrc_34735c52ef0d,hev_63418cd6ce49|hev_886d8a602567,hbf_9982d6cab487,hsub_meissen_electoral_saxony_core,MEDIUM,promo_004cd3264a32,MAPGEN-012,promoted from a reviewed staged candidate,
seven_years_war_1756_08_01,TERRESTRIAL_HEX,h6000_q-000410_r+001295,src_9d6f03b5c85f,hsrc_34735c52ef0d,hev_63418cd6ce49|hev_886d8a602567,hbf_9982d6cab487,hsub_meissen_electoral_saxony_core,MEDIUM,promo_004cd3264a32,MAPGEN-012,promoted from a reviewed staged candidate,
seven_years_war_1756_08_01,TERRESTRIAL_HEX,h6000_q-000424_r+001270,src_9d6f03b5c85f,hsrc_34735c52ef0d,hev_090b079c8ce6|hev_a58ba7e6f5cd,hbf_e04d229dab78,hsub_duchy_of_saxe_weimar,MEDIUM,promo_8c8ef6ab77f1,MAPGEN-013,promoted from a reviewed staged candidate,
seven_years_war_1756_08_01,TERRESTRIAL_HEX,h6000_q-000425_r+001271,src_9d6f03b5c85f,hsrc_34735c52ef0d,hev_090b079c8ce6|hev_a58ba7e6f5cd,hbf_e04d229dab78,hsub_duchy_of_saxe_weimar,MEDIUM,promo_8c8ef6ab77f1,MAPGEN-013,promoted from a reviewed staged candidate,
seven_years_war_1756_08_01,TERRESTRIAL_HEX,h6000_q-000424_r+001271,src_9d6f03b5c85f,hsrc_34735c52ef0d,hev_090b079c8ce6|hev_a58ba7e6f5cd,hbf_e04d229dab78,hsub_duchy_of_saxe_weimar,MEDIUM,promo_8c8ef6ab77f1,MAPGEN-013,promoted from a reviewed staged candidate,
seven_years_war_1756_08_01,TERRESTRIAL_HEX,h6000_q-000426_r+001272,src_9d6f03b5c85f,hsrc_34735c52ef0d,hev_090b079c8ce6|hev_a58ba7e6f5cd,hbf_e04d229dab78,hsub_duchy_of_saxe_weimar,MEDIUM,promo_8c8ef6ab77f1,MAPGEN-013,promoted from a reviewed staged candidate,
seven_years_war_1756_08_01,TERRESTRIAL_HEX,h6000_q-000425_r+001272,src_9d6f03b5c85f,hsrc_34735c52ef0d,hev_090b079c8ce6|hev_a58ba7e6f5cd,hbf_e04d229dab78,hsub_duchy_of_saxe_weimar,MEDIUM,promo_8c8ef6ab77f1,MAPGEN-013,promoted from a reviewed staged candidate,
seven_years_war_1756_08_01,TERRESTRIAL_HEX,h6000_q-000424_r+001272,src_9d6f03b5c85f,hsrc_34735c52ef0d,hev_090b079c8ce6|hev_a58ba7e6f5cd,hbf_e04d229dab78,hsub_duchy_of_saxe_weimar,MEDIUM,promo_8c8ef6ab77f1,MAPGEN-013,promoted from a reviewed staged candidate,
seven_years_war_1756_08_01,TERRESTRIAL_HEX,h6000_q-000422_r+001272,src_9d6f03b5c85f,hsrc_34735c52ef0d,hev_090b079c8ce6|hev_a58ba7e6f5cd,hbf_e04d229dab78,hsub_duchy_of_saxe_weimar,MEDIUM,promo_8c8ef6ab77f1,MAPGEN-013,promoted from a reviewed staged candidate,
seven_years_war_1756_08_01,TERRESTRIAL_HEX,h6000_q-000421_r+001272,src_9d6f03b5c85f,hsrc_34735c52ef0d,hev_090b079c8ce6|hev_a58ba7e6f5cd,hbf_e04d229dab78,hsub_duchy_of_saxe_weimar,MEDIUM,promo_8c8ef6ab77f1,MAPGEN-013,promoted from a reviewed staged candidate,
seven_years_war_1756_08_01,TERRESTRIAL_HEX,h6000_q-000427_r+001273,src_9d6f03b5c85f,hsrc_34735c52ef0d,hev_090b079c8ce6|hev_a58ba7e6f5cd,hbf_e04d229dab78,hsub_duchy_of_saxe_weimar,MEDIUM,promo_8c8ef6ab77f1,MAPGEN-013,promoted from a reviewed staged candidate,
seven_years_war_1756_08_01,TERRESTRIAL_HEX,h6000_q-000426_r+001273,src_9d6f03b5c85f,hsrc_34735c52ef0d,hev_090b079c8ce6|hev_a58ba7e6f5cd,hbf_e04d229dab78,hsub_duchy_of_saxe_weimar,MEDIUM,promo_8c8ef6ab77f1,MAPGEN-013,promoted from a reviewed staged candidate,
seven_years_war_1756_08_01,TERRESTRIAL_HEX,h6000_q-000425_r+001273,src_9d6f03b5c85f,hsrc_34735c52ef0d,hev_090b079c8ce6|hev_a58ba7e6f5cd,hbf_e04d229dab78,hsub_duchy_of_saxe_weimar,MEDIUM,promo_8c8ef6ab77f1,MAPGEN-013,promoted from a reviewed staged candidate,
seven_years_war_1756_08_01,TERRESTRIAL_HEX,h6000_q-000424_r+001273,src_9d6f03b5c85f,hsrc_34735c52ef0d,hev_090b079c8ce6|hev_a58ba7e6f5cd,hbf_e04d229dab78,hsub_duchy_of_saxe_weimar,MEDIUM,promo_8c8ef6ab77f1,MAPGEN-013,promoted from a reviewed staged candidate,
seven_years_war_1756_08_01,TERRESTRIAL_HEX,h6000_q-000423_r+001273,src_9d6f03b5c85f,hsrc_34735c52ef0d,hev_090b079c8ce6|hev_a58ba7e6f5cd,hbf_e04d229dab78,hsub_duchy_of_saxe_weimar,MEDIUM,promo_8c8ef6ab77f1,MAPGEN-013,promoted from a reviewed staged candidate,
seven_years_war_1756_08_01,TERRESTRIAL_HEX,h6000_q-000422_r+001273,src_9d6f03b5c85f,hsrc_34735c52ef0d,hev_090b079c8ce6|hev_a58ba7e6f5cd,hbf_e04d229dab78,hsub_duchy_of_saxe_weimar,MEDIUM,promo_8c8ef6ab77f1,MAPGEN-013,promoted from a reviewed staged candidate,
seven_years_war_1756_08_01,TERRESTRIAL_HEX,h6000_q-000421_r+001273,src_9d6f03b5c85f,hsrc_34735c52ef0d,hev_090b079c8ce6|hev_a58ba7e6f5cd,hbf_e04d229dab78,hsub_duchy_of_saxe_weimar,MEDIUM,promo_8c8ef6ab77f1,MAPGEN-013,promoted from a reviewed staged candidate,
seven_years_war_1756_08_01,TERRESTRIAL_HEX,h6000_q-000420_r+001273,src_9d6f03b5c85f,hsrc_34735c52ef0d,hev_090b079c8ce6|hev_a58ba7e6f5cd,hbf_e04d229dab78,hsub_duchy_of_saxe_weimar,MEDIUM,promo_8c8ef6ab77f1,MAPGEN-013,promoted from a reviewed staged candidate,
seven_years_war_1756_08_01,TERRESTRIAL_HEX,h6000_q-000419_r+001273,src_9d6f03b5c85f,hsrc_34735c52ef0d,hev_090b079c8ce6|hev_a58ba7e6f5cd,hbf_e04d229dab78,hsub_duchy_of_saxe_weimar,MEDIUM,promo_8c8ef6ab77f1,MAPGEN-013,promoted from a reviewed staged candidate,
seven_years_war_1756_08_01,TERRESTRIAL_HEX,h6000_q-000418_r+001273,src_9d6f03b5c85f,hsrc_34735c52ef0d,hev_090b079c8ce6|hev_a58ba7e6f5cd,hbf_e04d229dab78,hsub_duchy_of_saxe_weimar,MEDIUM,promo_8c8ef6ab77f1,MAPGEN-013,promoted from a reviewed staged candidate,
seven_years_war_1756_08_01,TERRESTRIAL_HEX,h6000_q-000427_r+001274,src_9d6f03b5c85f,hsrc_34735c52ef0d,hev_090b079c8ce6|hev_a58ba7e6f5cd,hbf_e04d229dab78,hsub_duchy_of_saxe_weimar,MEDIUM,promo_8c8ef6ab77f1,MAPGEN-013,promoted from a reviewed staged candidate,
seven_years_war_1756_08_01,TERRESTRIAL_HEX,h6000_q-000426_r+001274,src_9d6f03b5c85f,hsrc_34735c52ef0d,hev_090b079c8ce6|hev_a58ba7e6f5cd,hbf_e04d229dab78,hsub_duchy_of_saxe_weimar,MEDIUM,promo_8c8ef6ab77f1,MAPGEN-013,promoted from a reviewed staged candidate,
seven_years_war_1756_08_01,TERRESTRIAL_HEX,h6000_q-000425_r+001274,src_9d6f03b5c85f,hsrc_34735c52ef0d,hev_090b079c8ce6|hev_a58ba7e6f5cd,hbf_e04d229dab78,hsub_duchy_of_saxe_weimar,MEDIUM,promo_8c8ef6ab77f1,MAPGEN-013,promoted from a reviewed staged candidate,
seven_years_war_1756_08_01,TERRESTRIAL_HEX,h6000_q-000424_r+001274,src_9d6f03b5c85f,hsrc_34735c52ef0d,hev_090b079c8ce6|hev_a58ba7e6f5cd,hbf_e04d229dab78,hsub_duchy_of_saxe_weimar,MEDIUM,promo_8c8ef6ab77f1,MAPGEN-013,promoted from a reviewed staged candidate,
seven_years_war_1756_08_01,TERRESTRIAL_HEX,h6000_q-000423_r+001274,src_9d6f03b5c85f,hsrc_34735c52ef0d,hev_090b079c8ce6|hev_a58ba7e6f5cd,hbf_e04d229dab78,hsub_duchy_of_saxe_weimar,MEDIUM,promo_8c8ef6ab77f1,MAPGEN-013,promoted from a reviewed staged candidate,
seven_years_war_1756_08_01,TERRESTRIAL_HEX,h6000_q-000422_r+001274,src_9d6f03b5c85f,hsrc_34735c52ef0d,hev_090b079c8ce6|hev_a58ba7e6f5cd,hbf_e04d229dab78,hsub_duchy_of_saxe_weimar,MEDIUM,promo_8c8ef6ab77f1,MAPGEN-013,promoted from a reviewed staged candidate,
seven_years_war_1756_08_01,TERRESTRIAL_HEX,h6000_q-000421_r+001274,src_9d6f03b5c85f,hsrc_34735c52ef0d,hev_090b079c8ce6|hev_a58ba7e6f5cd,hbf_e04d229dab78,hsub_duchy_of_saxe_weimar,MEDIUM,promo_8c8ef6ab77f1,MAPGEN-013,promoted from a reviewed staged candidate,
seven_years_war_1756_08_01,TERRESTRIAL_HEX,h6000_q-000420_r+001274,src_9d6f03b5c85f,hsrc_34735c52ef0d,hev_090b079c8ce6|hev_a58ba7e6f5cd,hbf_e04d229dab78,hsub_duchy_of_saxe_weimar,MEDIUM,promo_8c8ef6ab77f1,MAPGEN-013,promoted from a reviewed staged candidate,
seven_years_war_1756_08_01,TERRESTRIAL_HEX,h6000_q-000419_r+001274,src_9d6f03b5c85f,hsrc_34735c52ef0d,hev_090b079c8ce6|hev_a58ba7e6f5cd,hbf_e04d229dab78,hsub_duchy_of_saxe_weimar,MEDIUM,promo_8c8ef6ab77f1,MAPGEN-013,promoted from a reviewed staged candidate,
seven_years_war_1756_08_01,TERRESTRIAL_HEX,h6000_q-000418_r+001274,src_9d6f03b5c85f,hsrc_34735c52ef0d,hev_090b079c8ce6|hev_a58ba7e6f5cd,hbf_e04d229dab78,hsub_duchy_of_saxe_weimar,MEDIUM,promo_8c8ef6ab77f1,MAPGEN-013,promoted from a reviewed staged candidate,
seven_years_war_1756_08_01,TERRESTRIAL_HEX,h6000_q-000426_r+001275,src_9d6f03b5c85f,hsrc_34735c52ef0d,hev_090b079c8ce6|hev_a58ba7e6f5cd,hbf_e04d229dab78,hsub_duchy_of_saxe_weimar,MEDIUM,promo_8c8ef6ab77f1,MAPGEN-013,promoted from a reviewed staged candidate,
seven_years_war_1756_08_01,TERRESTRIAL_HEX,h6000_q-000425_r+001275,src_9d6f03b5c85f,hsrc_34735c52ef0d,hev_090b079c8ce6|hev_a58ba7e6f5cd,hbf_e04d229dab78,hsub_duchy_of_saxe_weimar,MEDIUM,promo_8c8ef6ab77f1,MAPGEN-013,promoted from a reviewed staged candidate,
seven_years_war_1756_08_01,TERRESTRIAL_HEX,h6000_q-000424_r+001275,src_9d6f03b5c85f,hsrc_34735c52ef0d,hev_090b079c8ce6|hev_a58ba7e6f5cd,hbf_e04d229dab78,hsub_duchy_of_saxe_weimar,MEDIUM,promo_8c8ef6ab77f1,MAPGEN-013,promoted from a reviewed staged candidate,
seven_years_war_1756_08_01,TERRESTRIAL_HEX,h6000_q-000423_r+001275,src_9d6f03b5c85f,hsrc_34735c52ef0d,hev_090b079c8ce6|hev_a58ba7e6f5cd,hbf_e04d229dab78,hsub_duchy_of_saxe_weimar,MEDIUM,promo_8c8ef6ab77f1,MAPGEN-013,promoted from a reviewed staged candidate,
seven_years_war_1756_08_01,TERRESTRIAL_HEX,h6000_q-000422_r+001275,src_9d6f03b5c85f,hsrc_34735c52ef0d,hev_090b079c8ce6|hev_a58ba7e6f5cd,hbf_e04d229dab78,hsub_duchy_of_saxe_weimar,MEDIUM,promo_8c8ef6ab77f1,MAPGEN-013,promoted from a reviewed staged candidate,
seven_years_war_1756_08_01,TERRESTRIAL_HEX,h6000_q-000421_r+001275,src_9d6f03b5c85f,hsrc_34735c52ef0d,hev_090b079c8ce6|hev_a58ba7e6f5cd,hbf_e04d229dab78,hsub_duchy_of_saxe_weimar,MEDIUM,promo_8c8ef6ab77f1,MAPGEN-013,promoted from a reviewed staged candidate,
seven_years_war_1756_08_01,TERRESTRIAL_HEX,h6000_q-000420_r+001275,src_9d6f03b5c85f,hsrc_34735c52ef0d,hev_090b079c8ce6|hev_a58ba7e6f5cd,hbf_e04d229dab78,hsub_duchy_of_saxe_weimar,MEDIUM,promo_8c8ef6ab77f1,MAPGEN-013,promoted from a reviewed staged candidate,
seven_years_war_1756_08_01,TERRESTRIAL_HEX,h6000_q-000419_r+001275,src_9d6f03b5c85f,hsrc_34735c52ef0d,hev_090b079c8ce6|hev_a58ba7e6f5cd,hbf_e04d229dab78,hsub_duchy_of_saxe_weimar,MEDIUM,promo_8c8ef6ab77f1,MAPGEN-013,promoted from a reviewed staged candidate,
seven_years_war_1756_08_01,TERRESTRIAL_HEX,h6000_q-000418_r+001275,src_9d6f03b5c85f,hsrc_34735c52ef0d,hev_090b079c8ce6|hev_a58ba7e6f5cd,hbf_e04d229dab78,hsub_duchy_of_saxe_weimar,MEDIUM,promo_8c8ef6ab77f1,MAPGEN-013,promoted from a reviewed staged candidate,
seven_years_war_1756_08_01,TERRESTRIAL_HEX,h6000_q-000417_r+001275,src_9d6f03b5c85f,hsrc_34735c52ef0d,hev_090b079c8ce6|hev_a58ba7e6f5cd,hbf_e04d229dab78,hsub_duchy_of_saxe_weimar,MEDIUM,promo_8c8ef6ab77f1,MAPGEN-013,promoted from a reviewed staged candidate,
seven_years_war_1756_08_01,TERRESTRIAL_HEX,h6000_q-000427_r+001276,src_9d6f03b5c85f,hsrc_34735c52ef0d,hev_090b079c8ce6|hev_a58ba7e6f5cd,hbf_e04d229dab78,hsub_duchy_of_saxe_weimar,MEDIUM,promo_8c8ef6ab77f1,MAPGEN-013,promoted from a reviewed staged candidate,
seven_years_war_1756_08_01,TERRESTRIAL_HEX,h6000_q-000426_r+001276,src_9d6f03b5c85f,hsrc_34735c52ef0d,hev_090b079c8ce6|hev_a58ba7e6f5cd,hbf_e04d229dab78,hsub_duchy_of_saxe_weimar,MEDIUM,promo_8c8ef6ab77f1,MAPGEN-013,promoted from a reviewed staged candidate,
seven_years_war_1756_08_01,TERRESTRIAL_HEX,h6000_q-000425_r+001276,src_9d6f03b5c85f,hsrc_34735c52ef0d,hev_090b079c8ce6|hev_a58ba7e6f5cd,hbf_e04d229dab78,hsub_duchy_of_saxe_weimar,MEDIUM,promo_8c8ef6ab77f1,MAPGEN-013,promoted from a reviewed staged candidate,
seven_years_war_1756_08_01,TERRESTRIAL_HEX,h6000_q-000424_r+001276,src_9d6f03b5c85f,hsrc_34735c52ef0d,hev_090b079c8ce6|hev_a58ba7e6f5cd,hbf_e04d229dab78,hsub_duchy_of_saxe_weimar,MEDIUM,promo_8c8ef6ab77f1,MAPGEN-013,promoted from a reviewed staged candidate,
seven_years_war_1756_08_01,TERRESTRIAL_HEX,h6000_q-000423_r+001276,src_9d6f03b5c85f,hsrc_34735c52ef0d,hev_090b079c8ce6|hev_a58ba7e6f5cd,hbf_e04d229dab78,hsub_duchy_of_saxe_weimar,MEDIUM,promo_8c8ef6ab77f1,MAPGEN-013,promoted from a reviewed staged candidate,
seven_years_war_1756_08_01,TERRESTRIAL_HEX,h6000_q-000422_r+001276,src_9d6f03b5c85f,hsrc_34735c52ef0d,hev_090b079c8ce6|hev_a58ba7e6f5cd,hbf_e04d229dab78,hsub_duchy_of_saxe_weimar,MEDIUM,promo_8c8ef6ab77f1,MAPGEN-013,promoted from a reviewed staged candidate,
seven_years_war_1756_08_01,TERRESTRIAL_HEX,h6000_q-000421_r+001276,src_9d6f03b5c85f,hsrc_34735c52ef0d,hev_090b079c8ce6|hev_a58ba7e6f5cd,hbf_e04d229dab78,hsub_duchy_of_saxe_weimar,MEDIUM,promo_8c8ef6ab77f1,MAPGEN-013,promoted from a reviewed staged candidate,
seven_years_war_1756_08_01,TERRESTRIAL_HEX,h6000_q-000420_r+001276,src_9d6f03b5c85f,hsrc_34735c52ef0d,hev_090b079c8ce6|hev_a58ba7e6f5cd,hbf_e04d229dab78,hsub_duchy_of_saxe_weimar,MEDIUM,promo_8c8ef6ab77f1,MAPGEN-013,promoted from a reviewed staged candidate,
seven_years_war_1756_08_01,TERRESTRIAL_HEX,h6000_q-000419_r+001276,src_9d6f03b5c85f,hsrc_34735c52ef0d,hev_090b079c8ce6|hev_a58ba7e6f5cd,hbf_e04d229dab78,hsub_duchy_of_saxe_weimar,MEDIUM,promo_8c8ef6ab77f1,MAPGEN-013,promoted from a reviewed staged candidate,
seven_years_war_1756_08_01,TERRESTRIAL_HEX,h6000_q-000428_r+001277,src_9d6f03b5c85f,hsrc_34735c52ef0d,hev_090b079c8ce6|hev_a58ba7e6f5cd,hbf_e04d229dab78,hsub_duchy_of_saxe_weimar,MEDIUM,promo_8c8ef6ab77f1,MAPGEN-013,promoted from a reviewed staged candidate,
seven_years_war_1756_08_01,TERRESTRIAL_HEX,h6000_q-000427_r+001277,src_9d6f03b5c85f,hsrc_34735c52ef0d,hev_090b079c8ce6|hev_a58ba7e6f5cd,hbf_e04d229dab78,hsub_duchy_of_saxe_weimar,MEDIUM,promo_8c8ef6ab77f1,MAPGEN-013,promoted from a reviewed staged candidate,
seven_years_war_1756_08_01,TERRESTRIAL_HEX,h6000_q-000426_r+001277,src_9d6f03b5c85f,hsrc_34735c52ef0d,hev_090b079c8ce6|hev_a58ba7e6f5cd,hbf_e04d229dab78,hsub_duchy_of_saxe_weimar,MEDIUM,promo_8c8ef6ab77f1,MAPGEN-013,promoted from a reviewed staged candidate,
seven_years_war_1756_08_01,TERRESTRIAL_HEX,h6000_q-000425_r+001277,src_9d6f03b5c85f,hsrc_34735c52ef0d,hev_090b079c8ce6|hev_a58ba7e6f5cd,hbf_e04d229dab78,hsub_duchy_of_saxe_weimar,MEDIUM,promo_8c8ef6ab77f1,MAPGEN-013,promoted from a reviewed staged candidate,
seven_years_war_1756_08_01,TERRESTRIAL_HEX,h6000_q-000424_r+001277,src_9d6f03b5c85f,hsrc_34735c52ef0d,hev_090b079c8ce6|hev_a58ba7e6f5cd,hbf_e04d229dab78,hsub_duchy_of_saxe_weimar,MEDIUM,promo_8c8ef6ab77f1,MAPGEN-013,promoted from a reviewed staged candidate,
seven_years_war_1756_08_01,TERRESTRIAL_HEX,h6000_q-000423_r+001277,src_9d6f03b5c85f,hsrc_34735c52ef0d,hev_090b079c8ce6|hev_a58ba7e6f5cd,hbf_e04d229dab78,hsub_duchy_of_saxe_weimar,MEDIUM,promo_8c8ef6ab77f1,MAPGEN-013,promoted from a reviewed staged candidate,
seven_years_war_1756_08_01,TERRESTRIAL_HEX,h6000_q-000422_r+001277,src_9d6f03b5c85f,hsrc_34735c52ef0d,hev_090b079c8ce6|hev_a58ba7e6f5cd,hbf_e04d229dab78,hsub_duchy_of_saxe_weimar,MEDIUM,promo_8c8ef6ab77f1,MAPGEN-013,promoted from a reviewed staged candidate,
seven_years_war_1756_08_01,TERRESTRIAL_HEX,h6000_q-000421_r+001277,src_9d6f03b5c85f,hsrc_34735c52ef0d,hev_090b079c8ce6|hev_a58ba7e6f5cd,hbf_e04d229dab78,hsub_duchy_of_saxe_weimar,MEDIUM,promo_8c8ef6ab77f1,MAPGEN-013,promoted from a reviewed staged candidate,
seven_years_war_1756_08_01,TERRESTRIAL_HEX,h6000_q-000420_r+001277,src_9d6f03b5c85f,hsrc_34735c52ef0d,hev_090b079c8ce6|hev_a58ba7e6f5cd,hbf_e04d229dab78,hsub_duchy_of_saxe_weimar,MEDIUM,promo_8c8ef6ab77f1,MAPGEN-013,promoted from a reviewed staged candidate,
seven_years_war_1756_08_01,TERRESTRIAL_HEX,h6000_q-000419_r+001277,src_9d6f03b5c85f,hsrc_34735c52ef0d,hev_090b079c8ce6|hev_a58ba7e6f5cd,hbf_e04d229dab78,hsub_duchy_of_saxe_weimar,MEDIUM,promo_8c8ef6ab77f1,MAPGEN-013,promoted from a reviewed staged candidate,
seven_years_war_1756_08_01,TERRESTRIAL_HEX,h6000_q-000429_r+001278,src_9d6f03b5c85f,hsrc_34735c52ef0d,hev_090b079c8ce6|hev_a58ba7e6f5cd,hbf_e04d229dab78,hsub_duchy_of_saxe_weimar,MEDIUM,promo_8c8ef6ab77f1,MAPGEN-013,promoted from a reviewed staged candidate,
seven_years_war_1756_08_01,TERRESTRIAL_HEX,h6000_q-000428_r+001278,src_9d6f03b5c85f,hsrc_34735c52ef0d,hev_090b079c8ce6|hev_a58ba7e6f5cd,hbf_e04d229dab78,hsub_duchy_of_saxe_weimar,MEDIUM,promo_8c8ef6ab77f1,MAPGEN-013,promoted from a reviewed staged candidate,
seven_years_war_1756_08_01,TERRESTRIAL_HEX,h6000_q-000427_r+001278,src_9d6f03b5c85f,hsrc_34735c52ef0d,hev_090b079c8ce6|hev_a58ba7e6f5cd,hbf_e04d229dab78,hsub_duchy_of_saxe_weimar,MEDIUM,promo_8c8ef6ab77f1,MAPGEN-013,promoted from a reviewed staged candidate,
seven_years_war_1756_08_01,TERRESTRIAL_HEX,h6000_q-000426_r+001278,src_9d6f03b5c85f,hsrc_34735c52ef0d,hev_090b079c8ce6|hev_a58ba7e6f5cd,hbf_e04d229dab78,hsub_duchy_of_saxe_weimar,MEDIUM,promo_8c8ef6ab77f1,MAPGEN-013,promoted from a reviewed staged candidate,
seven_years_war_1756_08_01,TERRESTRIAL_HEX,h6000_q-000425_r+001278,src_9d6f03b5c85f,hsrc_34735c52ef0d,hev_090b079c8ce6|hev_a58ba7e6f5cd,hbf_e04d229dab78,hsub_duchy_of_saxe_weimar,MEDIUM,promo_8c8ef6ab77f1,MAPGEN-013,promoted from a reviewed staged candidate,
seven_years_war_1756_08_01,TERRESTRIAL_HEX,h6000_q-000424_r+001278,src_9d6f03b5c85f,hsrc_34735c52ef0d,hev_090b079c8ce6|hev_a58ba7e6f5cd,hbf_e04d229dab78,hsub_duchy_of_saxe_weimar,MEDIUM,promo_8c8ef6ab77f1,MAPGEN-013,promoted from a reviewed staged candidate,
seven_years_war_1756_08_01,TERRESTRIAL_HEX,h6000_q-000423_r+001278,src_9d6f03b5c85f,hsrc_34735c52ef0d,hev_090b079c8ce6|hev_a58ba7e6f5cd,hbf_e04d229dab78,hsub_duchy_of_saxe_weimar,MEDIUM,promo_8c8ef6ab77f1,MAPGEN-013,promoted from a reviewed staged candidate,
seven_years_war_1756_08_01,TERRESTRIAL_HEX,h6000_q-000422_r+001278,src_9d6f03b5c85f,hsrc_34735c52ef0d,hev_090b079c8ce6|hev_a58ba7e6f5cd,hbf_e04d229dab78,hsub_duchy_of_saxe_weimar,MEDIUM,promo_8c8ef6ab77f1,MAPGEN-013,promoted from a reviewed staged candidate,
seven_years_war_1756_08_01,TERRESTRIAL_HEX,h6000_q-000421_r+001278,src_9d6f03b5c85f,hsrc_34735c52ef0d,hev_090b079c8ce6|hev_a58ba7e6f5cd,hbf_e04d229dab78,hsub_duchy_of_saxe_weimar,MEDIUM,promo_8c8ef6ab77f1,MAPGEN-013,promoted from a reviewed staged candidate,
seven_years_war_1756_08_01,TERRESTRIAL_HEX,h6000_q-000429_r+001279,src_9d6f03b5c85f,hsrc_34735c52ef0d,hev_090b079c8ce6|hev_a58ba7e6f5cd,hbf_e04d229dab78,hsub_duchy_of_saxe_weimar,MEDIUM,promo_8c8ef6ab77f1,MAPGEN-013,promoted from a reviewed staged candidate,
seven_years_war_1756_08_01,TERRESTRIAL_HEX,h6000_q-000428_r+001279,src_9d6f03b5c85f,hsrc_34735c52ef0d,hev_090b079c8ce6|hev_a58ba7e6f5cd,hbf_e04d229dab78,hsub_duchy_of_saxe_weimar,MEDIUM,promo_8c8ef6ab77f1,MAPGEN-013,promoted from a reviewed staged candidate,
seven_years_war_1756_08_01,TERRESTRIAL_HEX,h6000_q-000427_r+001279,src_9d6f03b5c85f,hsrc_34735c52ef0d,hev_090b079c8ce6|hev_a58ba7e6f5cd,hbf_e04d229dab78,hsub_duchy_of_saxe_weimar,MEDIUM,promo_8c8ef6ab77f1,MAPGEN-013,promoted from a reviewed staged candidate,
seven_years_war_1756_08_01,TERRESTRIAL_HEX,h6000_q-000425_r+001279,src_9d6f03b5c85f,hsrc_34735c52ef0d,hev_090b079c8ce6|hev_a58ba7e6f5cd,hbf_e04d229dab78,hsub_duchy_of_saxe_weimar,MEDIUM,promo_8c8ef6ab77f1,MAPGEN-013,promoted from a reviewed staged candidate,
seven_years_war_1756_08_01,TERRESTRIAL_HEX,h6000_q-000424_r+001279,src_9d6f03b5c85f,hsrc_34735c52ef0d,hev_090b079c8ce6|hev_a58ba7e6f5cd,hbf_e04d229dab78,hsub_duchy_of_saxe_weimar,MEDIUM,promo_8c8ef6ab77f1,MAPGEN-013,promoted from a reviewed staged candidate,
seven_years_war_1756_08_01,TERRESTRIAL_HEX,h6000_q-000423_r+001279,src_9d6f03b5c85f,hsrc_34735c52ef0d,hev_090b079c8ce6|hev_a58ba7e6f5cd,hbf_e04d229dab78,hsub_duchy_of_saxe_weimar,MEDIUM,promo_8c8ef6ab77f1,MAPGEN-013,promoted from a reviewed staged candidate,
seven_years_war_1756_08_01,TERRESTRIAL_HEX,h6000_q-000422_r+001279,src_9d6f03b5c85f,hsrc_34735c52ef0d,hev_090b079c8ce6|hev_a58ba7e6f5cd,hbf_e04d229dab78,hsub_duchy_of_saxe_weimar,MEDIUM,promo_8c8ef6ab77f1,MAPGEN-013,promoted from a reviewed staged candidate,
seven_years_war_1756_08_01,TERRESTRIAL_HEX,h6000_q-000429_r+001280,src_9d6f03b5c85f,hsrc_34735c52ef0d,hev_090b079c8ce6|hev_a58ba7e6f5cd,hbf_e04d229dab78,hsub_duchy_of_saxe_weimar,MEDIUM,promo_8c8ef6ab77f1,MAPGEN-013,promoted from a reviewed staged candidate,
seven_years_war_1756_08_01,TERRESTRIAL_HEX,h6000_q-000428_r+001280,src_9d6f03b5c85f,hsrc_34735c52ef0d,hev_090b079c8ce6|hev_a58ba7e6f5cd,hbf_e04d229dab78,hsub_duchy_of_saxe_weimar,MEDIUM,promo_8c8ef6ab77f1,MAPGEN-013,promoted from a reviewed staged candidate,
seven_years_war_1756_08_01,TERRESTRIAL_HEX,h6000_q-000427_r+001280,src_9d6f03b5c85f,hsrc_34735c52ef0d,hev_090b079c8ce6|hev_a58ba7e6f5cd,hbf_e04d229dab78,hsub_duchy_of_saxe_weimar,MEDIUM,promo_8c8ef6ab77f1,MAPGEN-013,promoted from a reviewed staged candidate,
seven_years_war_1756_08_01,TERRESTRIAL_HEX,h6000_q-000426_r+001280,src_9d6f03b5c85f,hsrc_34735c52ef0d,hev_090b079c8ce6|hev_a58ba7e6f5cd,hbf_e04d229dab78,hsub_duchy_of_saxe_weimar,MEDIUM,promo_8c8ef6ab77f1,MAPGEN-013,promoted from a reviewed staged candidate,
seven_years_war_1756_08_01,TERRESTRIAL_HEX,h6000_q-000425_r+001280,src_9d6f03b5c85f,hsrc_34735c52ef0d,hev_090b079c8ce6|hev_a58ba7e6f5cd,hbf_e04d229dab78,hsub_duchy_of_saxe_weimar,MEDIUM,promo_8c8ef6ab77f1,MAPGEN-013,promoted from a reviewed staged candidate,
seven_years_war_1756_08_01,TERRESTRIAL_HEX,h6000_q-000424_r+001280,src_9d6f03b5c85f,hsrc_34735c52ef0d,hev_090b079c8ce6|hev_a58ba7e6f5cd,hbf_e04d229dab78,hsub_duchy_of_saxe_weimar,MEDIUM,promo_8c8ef6ab77f1,MAPGEN-013,promoted from a reviewed staged candidate,
seven_years_war_1756_08_01,TERRESTRIAL_HEX,h6000_q-000423_r+001280,src_9d6f03b5c85f,hsrc_34735c52ef0d,hev_090b079c8ce6|hev_a58ba7e6f5cd,hbf_e04d229dab78,hsub_duchy_of_saxe_weimar,MEDIUM,promo_8c8ef6ab77f1,MAPGEN-013,promoted from a reviewed staged candidate,
seven_years_war_1756_08_01,TERRESTRIAL_HEX,h6000_q-000422_r+001280,src_9d6f03b5c85f,hsrc_34735c52ef0d,hev_090b079c8ce6|hev_a58ba7e6f5cd,hbf_e04d229dab78,hsub_duchy_of_saxe_weimar,MEDIUM,promo_8c8ef6ab77f1,MAPGEN-013,promoted from a reviewed staged candidate,
seven_years_war_1756_08_01,TERRESTRIAL_HEX,h6000_q-000430_r+001281,src_9d6f03b5c85f,hsrc_34735c52ef0d,hev_090b079c8ce6|hev_a58ba7e6f5cd,hbf_e04d229dab78,hsub_duchy_of_saxe_weimar,MEDIUM,promo_8c8ef6ab77f1,MAPGEN-013,promoted from a reviewed staged candidate,
seven_years_war_1756_08_01,TERRESTRIAL_HEX,h6000_q-000429_r+001281,src_9d6f03b5c85f,hsrc_34735c52ef0d,hev_090b079c8ce6|hev_a58ba7e6f5cd,hbf_e04d229dab78,hsub_duchy_of_saxe_weimar,MEDIUM,promo_8c8ef6ab77f1,MAPGEN-013,promoted from a reviewed staged candidate,
seven_years_war_1756_08_01,TERRESTRIAL_HEX,h6000_q-000428_r+001281,src_9d6f03b5c85f,hsrc_34735c52ef0d,hev_090b079c8ce6|hev_a58ba7e6f5cd,hbf_e04d229dab78,hsub_duchy_of_saxe_weimar,MEDIUM,promo_8c8ef6ab77f1,MAPGEN-013,promoted from a reviewed staged candidate,
seven_years_war_1756_08_01,TERRESTRIAL_HEX,h6000_q-000427_r+001281,src_9d6f03b5c85f,hsrc_34735c52ef0d,hev_090b079c8ce6|hev_a58ba7e6f5cd,hbf_e04d229dab78,hsub_duchy_of_saxe_weimar,MEDIUM,promo_8c8ef6ab77f1,MAPGEN-013,promoted from a reviewed staged candidate,
seven_years_war_1756_08_01,TERRESTRIAL_HEX,h6000_q-000426_r+001281,src_9d6f03b5c85f,hsrc_34735c52ef0d,hev_090b079c8ce6|hev_a58ba7e6f5cd,hbf_e04d229dab78,hsub_duchy_of_saxe_weimar,MEDIUM,promo_8c8ef6ab77f1,MAPGEN-013,promoted from a reviewed staged candidate,
seven_years_war_1756_08_01,TERRESTRIAL_HEX,h6000_q-000425_r+001281,src_9d6f03b5c85f,hsrc_34735c52ef0d,hev_090b079c8ce6|hev_a58ba7e6f5cd,hbf_e04d229dab78,hsub_duchy_of_saxe_weimar,MEDIUM,promo_8c8ef6ab77f1,MAPGEN-013,promoted from a reviewed staged candidate,
seven_years_war_1756_08_01,TERRESTRIAL_HEX,h6000_q-000424_r+001281,src_9d6f03b5c85f,hsrc_34735c52ef0d,hev_090b079c8ce6|hev_a58ba7e6f5cd,hbf_e04d229dab78,hsub_duchy_of_saxe_weimar,MEDIUM,promo_8c8ef6ab77f1,MAPGEN-013,promoted from a reviewed staged candidate,
seven_years_war_1756_08_01,TERRESTRIAL_HEX,h6000_q-000423_r+001281,src_9d6f03b5c85f,hsrc_34735c52ef0d,hev_090b079c8ce6|hev_a58ba7e6f5cd,hbf_e04d229dab78,hsub_duchy_of_saxe_weimar,MEDIUM,promo_8c8ef6ab77f1,MAPGEN-013,promoted from a reviewed staged candidate,
seven_years_war_1756_08_01,TERRESTRIAL_HEX,h6000_q-000429_r+001282,src_9d6f03b5c85f,hsrc_34735c52ef0d,hev_090b079c8ce6|hev_a58ba7e6f5cd,hbf_e04d229dab78,hsub_duchy_of_saxe_weimar,MEDIUM,promo_8c8ef6ab77f1,MAPGEN-013,promoted from a reviewed staged candidate,
seven_years_war_1756_08_01,TERRESTRIAL_HEX,h6000_q-000428_r+001282,src_9d6f03b5c85f,hsrc_34735c52ef0d,hev_090b079c8ce6|hev_a58ba7e6f5cd,hbf_e04d229dab78,hsub_duchy_of_saxe_weimar,MEDIUM,promo_8c8ef6ab77f1,MAPGEN-013,promoted from a reviewed staged candidate,
seven_years_war_1756_08_01,TERRESTRIAL_HEX,h6000_q-000427_r+001282,src_9d6f03b5c85f,hsrc_34735c52ef0d,hev_090b079c8ce6|hev_a58ba7e6f5cd,hbf_e04d229dab78,hsub_duchy_of_saxe_weimar,MEDIUM,promo_8c8ef6ab77f1,MAPGEN-013,promoted from a reviewed staged candidate,
seven_years_war_1756_08_01,TERRESTRIAL_HEX,h6000_q-000437_r+001283,src_9d6f03b5c85f,hsrc_34735c52ef0d,hev_aefa0d26edda|hev_b134aa1d8c3f,hbf_82df724eeace,hsub_schwarzburg_unpartitioned_wash,MEDIUM,promo_8c8ef6ab77f1,MAPGEN-013,"MAPGEN-014: provenance corrected from a false aggregate polity to an unpartitioned Schwarzburg source region. Candidate controllers: pol_schwarzburg_rudolstadt|pol_schwarzburg_sondershausen — neither is assigned, because no source distinguishes them.",pol_schwarzburg_rudolstadt|pol_schwarzburg_sondershausen
seven_years_war_1756_08_01,TERRESTRIAL_HEX,h6000_q-000436_r+001283,src_9d6f03b5c85f,hsrc_34735c52ef0d,hev_aefa0d26edda|hev_b134aa1d8c3f,hbf_82df724eeace,hsub_schwarzburg_unpartitioned_wash,MEDIUM,promo_8c8ef6ab77f1,MAPGEN-013,"MAPGEN-014: provenance corrected from a false aggregate polity to an unpartitioned Schwarzburg source region. Candidate controllers: pol_schwarzburg_rudolstadt|pol_schwarzburg_sondershausen — neither is assigned, because no source distinguishes them.",pol_schwarzburg_rudolstadt|pol_schwarzburg_sondershausen
seven_years_war_1756_08_01,TERRESTRIAL_HEX,h6000_q-000429_r+001283,src_9d6f03b5c85f,hsrc_34735c52ef0d,hev_090b079c8ce6|hev_a58ba7e6f5cd,hbf_e04d229dab78,hsub_duchy_of_saxe_weimar,MEDIUM,promo_8c8ef6ab77f1,MAPGEN-013,promoted from a reviewed staged candidate,
seven_years_war_1756_08_01,TERRESTRIAL_HEX,h6000_q-000428_r+001283,src_9d6f03b5c85f,hsrc_34735c52ef0d,hev_090b079c8ce6|hev_a58ba7e6f5cd,hbf_e04d229dab78,hsub_duchy_of_saxe_weimar,MEDIUM,promo_8c8ef6ab77f1,MAPGEN-013,promoted from a reviewed staged candidate,
seven_years_war_1756_08_01,TERRESTRIAL_HEX,h6000_q-000441_r+001284,src_9d6f03b5c85f,hsrc_34735c52ef0d,hev_aefa0d26edda|hev_b134aa1d8c3f,hbf_82df724eeace,hsub_schwarzburg_unpartitioned_wash,MEDIUM,promo_8c8ef6ab77f1,MAPGEN-013,"MAPGEN-014: provenance corrected from a false aggregate polity to an unpartitioned Schwarzburg source region. Candidate controllers: pol_schwarzburg_rudolstadt|pol_schwarzburg_sondershausen — neither is assigned, because no source distinguishes them.",pol_schwarzburg_rudolstadt|pol_schwarzburg_sondershausen
seven_years_war_1756_08_01,TERRESTRIAL_HEX,h6000_q-000440_r+001284,src_9d6f03b5c85f,hsrc_34735c52ef0d,hev_aefa0d26edda|hev_b134aa1d8c3f,hbf_82df724eeace,hsub_schwarzburg_unpartitioned_wash,MEDIUM,promo_8c8ef6ab77f1,MAPGEN-013,"MAPGEN-014: provenance corrected from a false aggregate polity to an unpartitioned Schwarzburg source region. Candidate controllers: pol_schwarzburg_rudolstadt|pol_schwarzburg_sondershausen — neither is assigned, because no source distinguishes them.",pol_schwarzburg_rudolstadt|pol_schwarzburg_sondershausen
seven_years_war_1756_08_01,TERRESTRIAL_HEX,h6000_q-000439_r+001284,src_9d6f03b5c85f,hsrc_34735c52ef0d,hev_aefa0d26edda|hev_b134aa1d8c3f,hbf_82df724eeace,hsub_schwarzburg_unpartitioned_wash,MEDIUM,promo_8c8ef6ab77f1,MAPGEN-013,"MAPGEN-014: provenance corrected from a false aggregate polity to an unpartitioned Schwarzburg source region. Candidate controllers: pol_schwarzburg_rudolstadt|pol_schwarzburg_sondershausen — neither is assigned, because no source distinguishes them.",pol_schwarzburg_rudolstadt|pol_schwarzburg_sondershausen
seven_years_war_1756_08_01,TERRESTRIAL_HEX,h6000_q-000438_r+001284,src_9d6f03b5c85f,hsrc_34735c52ef0d,hev_aefa0d26edda|hev_b134aa1d8c3f,hbf_82df724eeace,hsub_schwarzburg_unpartitioned_wash,MEDIUM,promo_8c8ef6ab77f1,MAPGEN-013,"MAPGEN-014: provenance corrected from a false aggregate polity to an unpartitioned Schwarzburg source region. Candidate controllers: pol_schwarzburg_rudolstadt|pol_schwarzburg_sondershausen — neither is assigned, because no source distinguishes them.",pol_schwarzburg_rudolstadt|pol_schwarzburg_sondershausen
seven_years_war_1756_08_01,TERRESTRIAL_HEX,h6000_q-000437_r+001284,src_9d6f03b5c85f,hsrc_34735c52ef0d,hev_aefa0d26edda|hev_b134aa1d8c3f,hbf_82df724eeace,hsub_schwarzburg_unpartitioned_wash,MEDIUM,promo_8c8ef6ab77f1,MAPGEN-013,"MAPGEN-014: provenance corrected from a false aggregate polity to an unpartitioned Schwarzburg source region. Candidate controllers: pol_schwarzburg_rudolstadt|pol_schwarzburg_sondershausen — neither is assigned, because no source distinguishes them.",pol_schwarzburg_rudolstadt|pol_schwarzburg_sondershausen
seven_years_war_1756_08_01,TERRESTRIAL_HEX,h6000_q-000436_r+001284,src_9d6f03b5c85f,hsrc_34735c52ef0d,hev_aefa0d26edda|hev_b134aa1d8c3f,hbf_82df724eeace,hsub_schwarzburg_unpartitioned_wash,MEDIUM,promo_8c8ef6ab77f1,MAPGEN-013,"MAPGEN-014: provenance corrected from a false aggregate polity to an unpartitioned Schwarzburg source region. Candidate controllers: pol_schwarzburg_rudolstadt|pol_schwarzburg_sondershausen — neither is assigned, because no source distinguishes them.",pol_schwarzburg_rudolstadt|pol_schwarzburg_sondershausen
seven_years_war_1756_08_01,TERRESTRIAL_HEX,h6000_q-000429_r+001284,src_9d6f03b5c85f,hsrc_34735c52ef0d,hev_090b079c8ce6|hev_a58ba7e6f5cd,hbf_e04d229dab78,hsub_duchy_of_saxe_weimar,MEDIUM,promo_8c8ef6ab77f1,MAPGEN-013,promoted from a reviewed staged candidate,
seven_years_war_1756_08_01,TERRESTRIAL_HEX,h6000_q-000428_r+001284,src_9d6f03b5c85f,hsrc_34735c52ef0d,hev_090b079c8ce6|hev_a58ba7e6f5cd,hbf_e04d229dab78,hsub_duchy_of_saxe_weimar,MEDIUM,promo_8c8ef6ab77f1,MAPGEN-013,promoted from a reviewed staged candidate,
seven_years_war_1756_08_01,TERRESTRIAL_HEX,h6000_q-000442_r+001285,src_9d6f03b5c85f,hsrc_34735c52ef0d,hev_aefa0d26edda|hev_b134aa1d8c3f,hbf_82df724eeace,hsub_schwarzburg_unpartitioned_wash,MEDIUM,promo_8c8ef6ab77f1,MAPGEN-013,"MAPGEN-014: provenance corrected from a false aggregate polity to an unpartitioned Schwarzburg source region. Candidate controllers: pol_schwarzburg_rudolstadt|pol_schwarzburg_sondershausen — neither is assigned, because no source distinguishes them.",pol_schwarzburg_rudolstadt|pol_schwarzburg_sondershausen
seven_years_war_1756_08_01,TERRESTRIAL_HEX,h6000_q-000441_r+001285,src_9d6f03b5c85f,hsrc_34735c52ef0d,hev_aefa0d26edda|hev_b134aa1d8c3f,hbf_82df724eeace,hsub_schwarzburg_unpartitioned_wash,MEDIUM,promo_8c8ef6ab77f1,MAPGEN-013,"MAPGEN-014: provenance corrected from a false aggregate polity to an unpartitioned Schwarzburg source region. Candidate controllers: pol_schwarzburg_rudolstadt|pol_schwarzburg_sondershausen — neither is assigned, because no source distinguishes them.",pol_schwarzburg_rudolstadt|pol_schwarzburg_sondershausen
seven_years_war_1756_08_01,TERRESTRIAL_HEX,h6000_q-000440_r+001285,src_9d6f03b5c85f,hsrc_34735c52ef0d,hev_aefa0d26edda|hev_b134aa1d8c3f,hbf_82df724eeace,hsub_schwarzburg_unpartitioned_wash,MEDIUM,promo_8c8ef6ab77f1,MAPGEN-013,"MAPGEN-014: provenance corrected from a false aggregate polity to an unpartitioned Schwarzburg source region. Candidate controllers: pol_schwarzburg_rudolstadt|pol_schwarzburg_sondershausen — neither is assigned, because no source distinguishes them.",pol_schwarzburg_rudolstadt|pol_schwarzburg_sondershausen
seven_years_war_1756_08_01,TERRESTRIAL_HEX,h6000_q-000439_r+001285,src_9d6f03b5c85f,hsrc_34735c52ef0d,hev_aefa0d26edda|hev_b134aa1d8c3f,hbf_82df724eeace,hsub_schwarzburg_unpartitioned_wash,MEDIUM,promo_8c8ef6ab77f1,MAPGEN-013,"MAPGEN-014: provenance corrected from a false aggregate polity to an unpartitioned Schwarzburg source region. Candidate controllers: pol_schwarzburg_rudolstadt|pol_schwarzburg_sondershausen — neither is assigned, because no source distinguishes them.",pol_schwarzburg_rudolstadt|pol_schwarzburg_sondershausen
seven_years_war_1756_08_01,TERRESTRIAL_HEX,h6000_q-000438_r+001285,src_9d6f03b5c85f,hsrc_34735c52ef0d,hev_aefa0d26edda|hev_b134aa1d8c3f,hbf_82df724eeace,hsub_schwarzburg_unpartitioned_wash,MEDIUM,promo_8c8ef6ab77f1,MAPGEN-013,"MAPGEN-014: provenance corrected from a false aggregate polity to an unpartitioned Schwarzburg source region. Candidate controllers: pol_schwarzburg_rudolstadt|pol_schwarzburg_sondershausen — neither is assigned, because no source distinguishes them.",pol_schwarzburg_rudolstadt|pol_schwarzburg_sondershausen
seven_years_war_1756_08_01,TERRESTRIAL_HEX,h6000_q-000437_r+001285,src_9d6f03b5c85f,hsrc_34735c52ef0d,hev_aefa0d26edda|hev_b134aa1d8c3f,hbf_82df724eeace,hsub_schwarzburg_unpartitioned_wash,MEDIUM,promo_8c8ef6ab77f1,MAPGEN-013,"MAPGEN-014: provenance corrected from a false aggregate polity to an unpartitioned Schwarzburg source region. Candidate controllers: pol_schwarzburg_rudolstadt|pol_schwarzburg_sondershausen — neither is assigned, because no source distinguishes them.",pol_schwarzburg_rudolstadt|pol_schwarzburg_sondershausen
seven_years_war_1756_08_01,TERRESTRIAL_HEX,h6000_q-000445_r+001286,src_9d6f03b5c85f,hsrc_34735c52ef0d,hev_aefa0d26edda|hev_b134aa1d8c3f,hbf_82df724eeace,hsub_schwarzburg_unpartitioned_wash,MEDIUM,promo_8c8ef6ab77f1,MAPGEN-013,"MAPGEN-014: provenance corrected from a false aggregate polity to an unpartitioned Schwarzburg source region. Candidate controllers: pol_schwarzburg_rudolstadt|pol_schwarzburg_sondershausen — neither is assigned, because no source distinguishes them.",pol_schwarzburg_rudolstadt|pol_schwarzburg_sondershausen
seven_years_war_1756_08_01,TERRESTRIAL_HEX,h6000_q-000444_r+001286,src_9d6f03b5c85f,hsrc_34735c52ef0d,hev_aefa0d26edda|hev_b134aa1d8c3f,hbf_82df724eeace,hsub_schwarzburg_unpartitioned_wash,MEDIUM,promo_8c8ef6ab77f1,MAPGEN-013,"MAPGEN-014: provenance corrected from a false aggregate polity to an unpartitioned Schwarzburg source region. Candidate controllers: pol_schwarzburg_rudolstadt|pol_schwarzburg_sondershausen — neither is assigned, because no source distinguishes them.",pol_schwarzburg_rudolstadt|pol_schwarzburg_sondershausen
seven_years_war_1756_08_01,TERRESTRIAL_HEX,h6000_q-000443_r+001286,src_9d6f03b5c85f,hsrc_34735c52ef0d,hev_aefa0d26edda|hev_b134aa1d8c3f,hbf_82df724eeace,hsub_schwarzburg_unpartitioned_wash,MEDIUM,promo_8c8ef6ab77f1,MAPGEN-013,"MAPGEN-014: provenance corrected from a false aggregate polity to an unpartitioned Schwarzburg source region. Candidate controllers: pol_schwarzburg_rudolstadt|pol_schwarzburg_sondershausen — neither is assigned, because no source distinguishes them.",pol_schwarzburg_rudolstadt|pol_schwarzburg_sondershausen
seven_years_war_1756_08_01,TERRESTRIAL_HEX,h6000_q-000442_r+001286,src_9d6f03b5c85f,hsrc_34735c52ef0d,hev_aefa0d26edda|hev_b134aa1d8c3f,hbf_82df724eeace,hsub_schwarzburg_unpartitioned_wash,MEDIUM,promo_8c8ef6ab77f1,MAPGEN-013,"MAPGEN-014: provenance corrected from a false aggregate polity to an unpartitioned Schwarzburg source region. Candidate controllers: pol_schwarzburg_rudolstadt|pol_schwarzburg_sondershausen — neither is assigned, because no source distinguishes them.",pol_schwarzburg_rudolstadt|pol_schwarzburg_sondershausen
seven_years_war_1756_08_01,TERRESTRIAL_HEX,h6000_q-000441_r+001286,src_9d6f03b5c85f,hsrc_34735c52ef0d,hev_aefa0d26edda|hev_b134aa1d8c3f,hbf_82df724eeace,hsub_schwarzburg_unpartitioned_wash,MEDIUM,promo_8c8ef6ab77f1,MAPGEN-013,"MAPGEN-014: provenance corrected from a false aggregate polity to an unpartitioned Schwarzburg source region. Candidate controllers: pol_schwarzburg_rudolstadt|pol_schwarzburg_sondershausen — neither is assigned, because no source distinguishes them.",pol_schwarzburg_rudolstadt|pol_schwarzburg_sondershausen
seven_years_war_1756_08_01,TERRESTRIAL_HEX,h6000_q-000440_r+001286,src_9d6f03b5c85f,hsrc_34735c52ef0d,hev_aefa0d26edda|hev_b134aa1d8c3f,hbf_82df724eeace,hsub_schwarzburg_unpartitioned_wash,MEDIUM,promo_8c8ef6ab77f1,MAPGEN-013,"MAPGEN-014: provenance corrected from a false aggregate polity to an unpartitioned Schwarzburg source region. Candidate controllers: pol_schwarzburg_rudolstadt|pol_schwarzburg_sondershausen — neither is assigned, because no source distinguishes them.",pol_schwarzburg_rudolstadt|pol_schwarzburg_sondershausen
seven_years_war_1756_08_01,TERRESTRIAL_HEX,h6000_q-000439_r+001286,src_9d6f03b5c85f,hsrc_34735c52ef0d,hev_aefa0d26edda|hev_b134aa1d8c3f,hbf_82df724eeace,hsub_schwarzburg_unpartitioned_wash,MEDIUM,promo_8c8ef6ab77f1,MAPGEN-013,"MAPGEN-014: provenance corrected from a false aggregate polity to an unpartitioned Schwarzburg source region. Candidate controllers: pol_schwarzburg_rudolstadt|pol_schwarzburg_sondershausen — neither is assigned, because no source distinguishes them.",pol_schwarzburg_rudolstadt|pol_schwarzburg_sondershausen
seven_years_war_1756_08_01,TERRESTRIAL_HEX,h6000_q-000438_r+001286,src_9d6f03b5c85f,hsrc_34735c52ef0d,hev_aefa0d26edda|hev_b134aa1d8c3f,hbf_82df724eeace,hsub_schwarzburg_unpartitioned_wash,MEDIUM,promo_8c8ef6ab77f1,MAPGEN-013,"MAPGEN-014: provenance corrected from a false aggregate polity to an unpartitioned Schwarzburg source region. Candidate controllers: pol_schwarzburg_rudolstadt|pol_schwarzburg_sondershausen — neither is assigned, because no source distinguishes them.",pol_schwarzburg_rudolstadt|pol_schwarzburg_sondershausen
seven_years_war_1756_08_01,TERRESTRIAL_HEX,h6000_q-000437_r+001286,src_9d6f03b5c85f,hsrc_34735c52ef0d,hev_aefa0d26edda|hev_b134aa1d8c3f,hbf_82df724eeace,hsub_schwarzburg_unpartitioned_wash,MEDIUM,promo_8c8ef6ab77f1,MAPGEN-013,"MAPGEN-014: provenance corrected from a false aggregate polity to an unpartitioned Schwarzburg source region. Candidate controllers: pol_schwarzburg_rudolstadt|pol_schwarzburg_sondershausen — neither is assigned, because no source distinguishes them.",pol_schwarzburg_rudolstadt|pol_schwarzburg_sondershausen
seven_years_war_1756_08_01,TERRESTRIAL_HEX,h6000_q-000435_r+001286,src_9d6f03b5c85f,hsrc_34735c52ef0d,hev_aefa0d26edda|hev_b134aa1d8c3f,hbf_82df724eeace,hsub_schwarzburg_unpartitioned_wash,MEDIUM,promo_8c8ef6ab77f1,MAPGEN-013,"MAPGEN-014: provenance corrected from a false aggregate polity to an unpartitioned Schwarzburg source region. Candidate controllers: pol_schwarzburg_rudolstadt|pol_schwarzburg_sondershausen — neither is assigned, because no source distinguishes them.",pol_schwarzburg_rudolstadt|pol_schwarzburg_sondershausen
seven_years_war_1756_08_01,TERRESTRIAL_HEX,h6000_q-000445_r+001287,src_9d6f03b5c85f,hsrc_34735c52ef0d,hev_aefa0d26edda|hev_b134aa1d8c3f,hbf_82df724eeace,hsub_schwarzburg_unpartitioned_wash,MEDIUM,promo_8c8ef6ab77f1,MAPGEN-013,"MAPGEN-014: provenance corrected from a false aggregate polity to an unpartitioned Schwarzburg source region. Candidate controllers: pol_schwarzburg_rudolstadt|pol_schwarzburg_sondershausen — neither is assigned, because no source distinguishes them.",pol_schwarzburg_rudolstadt|pol_schwarzburg_sondershausen
seven_years_war_1756_08_01,TERRESTRIAL_HEX,h6000_q-000444_r+001287,src_9d6f03b5c85f,hsrc_34735c52ef0d,hev_aefa0d26edda|hev_b134aa1d8c3f,hbf_82df724eeace,hsub_schwarzburg_unpartitioned_wash,MEDIUM,promo_8c8ef6ab77f1,MAPGEN-013,"MAPGEN-014: provenance corrected from a false aggregate polity to an unpartitioned Schwarzburg source region. Candidate controllers: pol_schwarzburg_rudolstadt|pol_schwarzburg_sondershausen — neither is assigned, because no source distinguishes them.",pol_schwarzburg_rudolstadt|pol_schwarzburg_sondershausen
seven_years_war_1756_08_01,TERRESTRIAL_HEX,h6000_q-000443_r+001287,src_9d6f03b5c85f,hsrc_34735c52ef0d,hev_aefa0d26edda|hev_b134aa1d8c3f,hbf_82df724eeace,hsub_schwarzburg_unpartitioned_wash,MEDIUM,promo_8c8ef6ab77f1,MAPGEN-013,"MAPGEN-014: provenance corrected from a false aggregate polity to an unpartitioned Schwarzburg source region. Candidate controllers: pol_schwarzburg_rudolstadt|pol_schwarzburg_sondershausen — neither is assigned, because no source distinguishes them.",pol_schwarzburg_rudolstadt|pol_schwarzburg_sondershausen
seven_years_war_1756_08_01,TERRESTRIAL_HEX,h6000_q-000442_r+001287,src_9d6f03b5c85f,hsrc_34735c52ef0d,hev_aefa0d26edda|hev_b134aa1d8c3f,hbf_82df724eeace,hsub_schwarzburg_unpartitioned_wash,MEDIUM,promo_8c8ef6ab77f1,MAPGEN-013,"MAPGEN-014: provenance corrected from a false aggregate polity to an unpartitioned Schwarzburg source region. Candidate controllers: pol_schwarzburg_rudolstadt|pol_schwarzburg_sondershausen — neither is assigned, because no source distinguishes them.",pol_schwarzburg_rudolstadt|pol_schwarzburg_sondershausen
seven_years_war_1756_08_01,TERRESTRIAL_HEX,h6000_q-000441_r+001287,src_9d6f03b5c85f,hsrc_34735c52ef0d,hev_aefa0d26edda|hev_b134aa1d8c3f,hbf_82df724eeace,hsub_schwarzburg_unpartitioned_wash,MEDIUM,promo_8c8ef6ab77f1,MAPGEN-013,"MAPGEN-014: provenance corrected from a false aggregate polity to an unpartitioned Schwarzburg source region. Candidate controllers: pol_schwarzburg_rudolstadt|pol_schwarzburg_sondershausen — neither is assigned, because no source distinguishes them.",pol_schwarzburg_rudolstadt|pol_schwarzburg_sondershausen
seven_years_war_1756_08_01,TERRESTRIAL_HEX,h6000_q-000440_r+001287,src_9d6f03b5c85f,hsrc_34735c52ef0d,hev_aefa0d26edda|hev_b134aa1d8c3f,hbf_82df724eeace,hsub_schwarzburg_unpartitioned_wash,MEDIUM,promo_8c8ef6ab77f1,MAPGEN-013,"MAPGEN-014: provenance corrected from a false aggregate polity to an unpartitioned Schwarzburg source region. Candidate controllers: pol_schwarzburg_rudolstadt|pol_schwarzburg_sondershausen — neither is assigned, because no source distinguishes them.",pol_schwarzburg_rudolstadt|pol_schwarzburg_sondershausen
seven_years_war_1756_08_01,TERRESTRIAL_HEX,h6000_q-000439_r+001287,src_9d6f03b5c85f,hsrc_34735c52ef0d,hev_aefa0d26edda|hev_b134aa1d8c3f,hbf_82df724eeace,hsub_schwarzburg_unpartitioned_wash,MEDIUM,promo_8c8ef6ab77f1,MAPGEN-013,"MAPGEN-014: provenance corrected from a false aggregate polity to an unpartitioned Schwarzburg source region. Candidate controllers: pol_schwarzburg_rudolstadt|pol_schwarzburg_sondershausen — neither is assigned, because no source distinguishes them.",pol_schwarzburg_rudolstadt|pol_schwarzburg_sondershausen
seven_years_war_1756_08_01,TERRESTRIAL_HEX,h6000_q-000438_r+001287,src_9d6f03b5c85f,hsrc_34735c52ef0d,hev_aefa0d26edda|hev_b134aa1d8c3f,hbf_82df724eeace,hsub_schwarzburg_unpartitioned_wash,MEDIUM,promo_8c8ef6ab77f1,MAPGEN-013,"MAPGEN-014: provenance corrected from a false aggregate polity to an unpartitioned Schwarzburg source region. Candidate controllers: pol_schwarzburg_rudolstadt|pol_schwarzburg_sondershausen — neither is assigned, because no source distinguishes them.",pol_schwarzburg_rudolstadt|pol_schwarzburg_sondershausen
seven_years_war_1756_08_01,TERRESTRIAL_HEX,h6000_q-000437_r+001287,src_9d6f03b5c85f,hsrc_34735c52ef0d,hev_aefa0d26edda|hev_b134aa1d8c3f,hbf_82df724eeace,hsub_schwarzburg_unpartitioned_wash,MEDIUM,promo_8c8ef6ab77f1,MAPGEN-013,"MAPGEN-014: provenance corrected from a false aggregate polity to an unpartitioned Schwarzburg source region. Candidate controllers: pol_schwarzburg_rudolstadt|pol_schwarzburg_sondershausen — neither is assigned, because no source distinguishes them.",pol_schwarzburg_rudolstadt|pol_schwarzburg_sondershausen
seven_years_war_1756_08_01,TERRESTRIAL_HEX,h6000_q-000436_r+001287,src_9d6f03b5c85f,hsrc_34735c52ef0d,hev_aefa0d26edda|hev_b134aa1d8c3f,hbf_82df724eeace,hsub_schwarzburg_unpartitioned_wash,MEDIUM,promo_8c8ef6ab77f1,MAPGEN-013,"MAPGEN-014: provenance corrected from a false aggregate polity to an unpartitioned Schwarzburg source region. Candidate controllers: pol_schwarzburg_rudolstadt|pol_schwarzburg_sondershausen — neither is assigned, because no source distinguishes them.",pol_schwarzburg_rudolstadt|pol_schwarzburg_sondershausen
seven_years_war_1756_08_01,TERRESTRIAL_HEX,h6000_q-000435_r+001287,src_9d6f03b5c85f,hsrc_34735c52ef0d,hev_aefa0d26edda|hev_b134aa1d8c3f,hbf_82df724eeace,hsub_schwarzburg_unpartitioned_wash,MEDIUM,promo_8c8ef6ab77f1,MAPGEN-013,"MAPGEN-014: provenance corrected from a false aggregate polity to an unpartitioned Schwarzburg source region. Candidate controllers: pol_schwarzburg_rudolstadt|pol_schwarzburg_sondershausen — neither is assigned, because no source distinguishes them.",pol_schwarzburg_rudolstadt|pol_schwarzburg_sondershausen
seven_years_war_1756_08_01,TERRESTRIAL_HEX,h6000_q-000434_r+001287,src_9d6f03b5c85f,hsrc_34735c52ef0d,hev_aefa0d26edda|hev_b134aa1d8c3f,hbf_82df724eeace,hsub_schwarzburg_unpartitioned_wash,MEDIUM,promo_8c8ef6ab77f1,MAPGEN-013,"MAPGEN-014: provenance corrected from a false aggregate polity to an unpartitioned Schwarzburg source region. Candidate controllers: pol_schwarzburg_rudolstadt|pol_schwarzburg_sondershausen — neither is assigned, because no source distinguishes them.",pol_schwarzburg_rudolstadt|pol_schwarzburg_sondershausen
seven_years_war_1756_08_01,TERRESTRIAL_HEX,h6000_q-000433_r+001287,src_9d6f03b5c85f,hsrc_34735c52ef0d,hev_aefa0d26edda|hev_b134aa1d8c3f,hbf_82df724eeace,hsub_schwarzburg_unpartitioned_wash,MEDIUM,promo_8c8ef6ab77f1,MAPGEN-013,"MAPGEN-014: provenance corrected from a false aggregate polity to an unpartitioned Schwarzburg source region. Candidate controllers: pol_schwarzburg_rudolstadt|pol_schwarzburg_sondershausen — neither is assigned, because no source distinguishes them.",pol_schwarzburg_rudolstadt|pol_schwarzburg_sondershausen
seven_years_war_1756_08_01,TERRESTRIAL_HEX,h6000_q-000445_r+001288,src_9d6f03b5c85f,hsrc_34735c52ef0d,hev_aefa0d26edda|hev_b134aa1d8c3f,hbf_82df724eeace,hsub_schwarzburg_unpartitioned_wash,MEDIUM,promo_8c8ef6ab77f1,MAPGEN-013,"MAPGEN-014: provenance corrected from a false aggregate polity to an unpartitioned Schwarzburg source region. Candidate controllers: pol_schwarzburg_rudolstadt|pol_schwarzburg_sondershausen — neither is assigned, because no source distinguishes them.",pol_schwarzburg_rudolstadt|pol_schwarzburg_sondershausen
seven_years_war_1756_08_01,TERRESTRIAL_HEX,h6000_q-000444_r+001288,src_9d6f03b5c85f,hsrc_34735c52ef0d,hev_aefa0d26edda|hev_b134aa1d8c3f,hbf_82df724eeace,hsub_schwarzburg_unpartitioned_wash,MEDIUM,promo_8c8ef6ab77f1,MAPGEN-013,"MAPGEN-014: provenance corrected from a false aggregate polity to an unpartitioned Schwarzburg source region. Candidate controllers: pol_schwarzburg_rudolstadt|pol_schwarzburg_sondershausen — neither is assigned, because no source distinguishes them.",pol_schwarzburg_rudolstadt|pol_schwarzburg_sondershausen
seven_years_war_1756_08_01,TERRESTRIAL_HEX,h6000_q-000443_r+001288,src_9d6f03b5c85f,hsrc_34735c52ef0d,hev_aefa0d26edda|hev_b134aa1d8c3f,hbf_82df724eeace,hsub_schwarzburg_unpartitioned_wash,MEDIUM,promo_8c8ef6ab77f1,MAPGEN-013,"MAPGEN-014: provenance corrected from a false aggregate polity to an unpartitioned Schwarzburg source region. Candidate controllers: pol_schwarzburg_rudolstadt|pol_schwarzburg_sondershausen — neither is assigned, because no source distinguishes them.",pol_schwarzburg_rudolstadt|pol_schwarzburg_sondershausen
seven_years_war_1756_08_01,TERRESTRIAL_HEX,h6000_q-000442_r+001288,src_9d6f03b5c85f,hsrc_34735c52ef0d,hev_aefa0d26edda|hev_b134aa1d8c3f,hbf_82df724eeace,hsub_schwarzburg_unpartitioned_wash,MEDIUM,promo_8c8ef6ab77f1,MAPGEN-013,"MAPGEN-014: provenance corrected from a false aggregate polity to an unpartitioned Schwarzburg source region. Candidate controllers: pol_schwarzburg_rudolstadt|pol_schwarzburg_sondershausen — neither is assigned, because no source distinguishes them.",pol_schwarzburg_rudolstadt|pol_schwarzburg_sondershausen
seven_years_war_1756_08_01,TERRESTRIAL_HEX,h6000_q-000441_r+001288,src_9d6f03b5c85f,hsrc_34735c52ef0d,hev_aefa0d26edda|hev_b134aa1d8c3f,hbf_82df724eeace,hsub_schwarzburg_unpartitioned_wash,MEDIUM,promo_8c8ef6ab77f1,MAPGEN-013,"MAPGEN-014: provenance corrected from a false aggregate polity to an unpartitioned Schwarzburg source region. Candidate controllers: pol_schwarzburg_rudolstadt|pol_schwarzburg_sondershausen — neither is assigned, because no source distinguishes them.",pol_schwarzburg_rudolstadt|pol_schwarzburg_sondershausen
seven_years_war_1756_08_01,TERRESTRIAL_HEX,h6000_q-000440_r+001288,src_9d6f03b5c85f,hsrc_34735c52ef0d,hev_aefa0d26edda|hev_b134aa1d8c3f,hbf_82df724eeace,hsub_schwarzburg_unpartitioned_wash,MEDIUM,promo_8c8ef6ab77f1,MAPGEN-013,"MAPGEN-014: provenance corrected from a false aggregate polity to an unpartitioned Schwarzburg source region. Candidate controllers: pol_schwarzburg_rudolstadt|pol_schwarzburg_sondershausen — neither is assigned, because no source distinguishes them.",pol_schwarzburg_rudolstadt|pol_schwarzburg_sondershausen
seven_years_war_1756_08_01,TERRESTRIAL_HEX,h6000_q-000439_r+001288,src_9d6f03b5c85f,hsrc_34735c52ef0d,hev_aefa0d26edda|hev_b134aa1d8c3f,hbf_82df724eeace,hsub_schwarzburg_unpartitioned_wash,MEDIUM,promo_8c8ef6ab77f1,MAPGEN-013,"MAPGEN-014: provenance corrected from a false aggregate polity to an unpartitioned Schwarzburg source region. Candidate controllers: pol_schwarzburg_rudolstadt|pol_schwarzburg_sondershausen — neither is assigned, because no source distinguishes them.",pol_schwarzburg_rudolstadt|pol_schwarzburg_sondershausen
seven_years_war_1756_08_01,TERRESTRIAL_HEX,h6000_q-000438_r+001288,src_9d6f03b5c85f,hsrc_34735c52ef0d,hev_aefa0d26edda|hev_b134aa1d8c3f,hbf_82df724eeace,hsub_schwarzburg_unpartitioned_wash,MEDIUM,promo_8c8ef6ab77f1,MAPGEN-013,"MAPGEN-014: provenance corrected from a false aggregate polity to an unpartitioned Schwarzburg source region. Candidate controllers: pol_schwarzburg_rudolstadt|pol_schwarzburg_sondershausen — neither is assigned, because no source distinguishes them.",pol_schwarzburg_rudolstadt|pol_schwarzburg_sondershausen
seven_years_war_1756_08_01,TERRESTRIAL_HEX,h6000_q-000437_r+001288,src_9d6f03b5c85f,hsrc_34735c52ef0d,hev_aefa0d26edda|hev_b134aa1d8c3f,hbf_82df724eeace,hsub_schwarzburg_unpartitioned_wash,MEDIUM,promo_8c8ef6ab77f1,MAPGEN-013,"MAPGEN-014: provenance corrected from a false aggregate polity to an unpartitioned Schwarzburg source region. Candidate controllers: pol_schwarzburg_rudolstadt|pol_schwarzburg_sondershausen — neither is assigned, because no source distinguishes them.",pol_schwarzburg_rudolstadt|pol_schwarzburg_sondershausen
seven_years_war_1756_08_01,TERRESTRIAL_HEX,h6000_q-000436_r+001288,src_9d6f03b5c85f,hsrc_34735c52ef0d,hev_aefa0d26edda|hev_b134aa1d8c3f,hbf_82df724eeace,hsub_schwarzburg_unpartitioned_wash,MEDIUM,promo_8c8ef6ab77f1,MAPGEN-013,"MAPGEN-014: provenance corrected from a false aggregate polity to an unpartitioned Schwarzburg source region. Candidate controllers: pol_schwarzburg_rudolstadt|pol_schwarzburg_sondershausen — neither is assigned, because no source distinguishes them.",pol_schwarzburg_rudolstadt|pol_schwarzburg_sondershausen
seven_years_war_1756_08_01,TERRESTRIAL_HEX,h6000_q-000435_r+001288,src_9d6f03b5c85f,hsrc_34735c52ef0d,hev_aefa0d26edda|hev_b134aa1d8c3f,hbf_82df724eeace,hsub_schwarzburg_unpartitioned_wash,MEDIUM,promo_8c8ef6ab77f1,MAPGEN-013,"MAPGEN-014: provenance corrected from a false aggregate polity to an unpartitioned Schwarzburg source region. Candidate controllers: pol_schwarzburg_rudolstadt|pol_schwarzburg_sondershausen — neither is assigned, because no source distinguishes them.",pol_schwarzburg_rudolstadt|pol_schwarzburg_sondershausen
seven_years_war_1756_08_01,TERRESTRIAL_HEX,h6000_q-000434_r+001288,src_9d6f03b5c85f,hsrc_34735c52ef0d,hev_aefa0d26edda|hev_b134aa1d8c3f,hbf_82df724eeace,hsub_schwarzburg_unpartitioned_wash,MEDIUM,promo_8c8ef6ab77f1,MAPGEN-013,"MAPGEN-014: provenance corrected from a false aggregate polity to an unpartitioned Schwarzburg source region. Candidate controllers: pol_schwarzburg_rudolstadt|pol_schwarzburg_sondershausen — neither is assigned, because no source distinguishes them.",pol_schwarzburg_rudolstadt|pol_schwarzburg_sondershausen
seven_years_war_1756_08_01,TERRESTRIAL_HEX,h6000_q-000433_r+001288,src_9d6f03b5c85f,hsrc_34735c52ef0d,hev_aefa0d26edda|hev_b134aa1d8c3f,hbf_82df724eeace,hsub_schwarzburg_unpartitioned_wash,MEDIUM,promo_8c8ef6ab77f1,MAPGEN-013,"MAPGEN-014: provenance corrected from a false aggregate polity to an unpartitioned Schwarzburg source region. Candidate controllers: pol_schwarzburg_rudolstadt|pol_schwarzburg_sondershausen — neither is assigned, because no source distinguishes them.",pol_schwarzburg_rudolstadt|pol_schwarzburg_sondershausen
seven_years_war_1756_08_01,TERRESTRIAL_HEX,h6000_q-000446_r+001289,src_9d6f03b5c85f,hsrc_34735c52ef0d,hev_aefa0d26edda|hev_b134aa1d8c3f,hbf_82df724eeace,hsub_schwarzburg_unpartitioned_wash,MEDIUM,promo_8c8ef6ab77f1,MAPGEN-013,"MAPGEN-014: provenance corrected from a false aggregate polity to an unpartitioned Schwarzburg source region. Candidate controllers: pol_schwarzburg_rudolstadt|pol_schwarzburg_sondershausen — neither is assigned, because no source distinguishes them.",pol_schwarzburg_rudolstadt|pol_schwarzburg_sondershausen
seven_years_war_1756_08_01,TERRESTRIAL_HEX,h6000_q-000445_r+001289,src_9d6f03b5c85f,hsrc_34735c52ef0d,hev_aefa0d26edda|hev_b134aa1d8c3f,hbf_82df724eeace,hsub_schwarzburg_unpartitioned_wash,MEDIUM,promo_8c8ef6ab77f1,MAPGEN-013,"MAPGEN-014: provenance corrected from a false aggregate polity to an unpartitioned Schwarzburg source region. Candidate controllers: pol_schwarzburg_rudolstadt|pol_schwarzburg_sondershausen — neither is assigned, because no source distinguishes them.",pol_schwarzburg_rudolstadt|pol_schwarzburg_sondershausen
seven_years_war_1756_08_01,TERRESTRIAL_HEX,h6000_q-000444_r+001289,src_9d6f03b5c85f,hsrc_34735c52ef0d,hev_aefa0d26edda|hev_b134aa1d8c3f,hbf_82df724eeace,hsub_schwarzburg_unpartitioned_wash,MEDIUM,promo_8c8ef6ab77f1,MAPGEN-013,"MAPGEN-014: provenance corrected from a false aggregate polity to an unpartitioned Schwarzburg source region. Candidate controllers: pol_schwarzburg_rudolstadt|pol_schwarzburg_sondershausen — neither is assigned, because no source distinguishes them.",pol_schwarzburg_rudolstadt|pol_schwarzburg_sondershausen
seven_years_war_1756_08_01,TERRESTRIAL_HEX,h6000_q-000443_r+001289,src_9d6f03b5c85f,hsrc_34735c52ef0d,hev_aefa0d26edda|hev_b134aa1d8c3f,hbf_82df724eeace,hsub_schwarzburg_unpartitioned_wash,MEDIUM,promo_8c8ef6ab77f1,MAPGEN-013,"MAPGEN-014: provenance corrected from a false aggregate polity to an unpartitioned Schwarzburg source region. Candidate controllers: pol_schwarzburg_rudolstadt|pol_schwarzburg_sondershausen — neither is assigned, because no source distinguishes them.",pol_schwarzburg_rudolstadt|pol_schwarzburg_sondershausen
seven_years_war_1756_08_01,TERRESTRIAL_HEX,h6000_q-000442_r+001289,src_9d6f03b5c85f,hsrc_34735c52ef0d,hev_aefa0d26edda|hev_b134aa1d8c3f,hbf_82df724eeace,hsub_schwarzburg_unpartitioned_wash,MEDIUM,promo_8c8ef6ab77f1,MAPGEN-013,"MAPGEN-014: provenance corrected from a false aggregate polity to an unpartitioned Schwarzburg source region. Candidate controllers: pol_schwarzburg_rudolstadt|pol_schwarzburg_sondershausen — neither is assigned, because no source distinguishes them.",pol_schwarzburg_rudolstadt|pol_schwarzburg_sondershausen
seven_years_war_1756_08_01,TERRESTRIAL_HEX,h6000_q-000441_r+001289,src_9d6f03b5c85f,hsrc_34735c52ef0d,hev_aefa0d26edda|hev_b134aa1d8c3f,hbf_82df724eeace,hsub_schwarzburg_unpartitioned_wash,MEDIUM,promo_8c8ef6ab77f1,MAPGEN-013,"MAPGEN-014: provenance corrected from a false aggregate polity to an unpartitioned Schwarzburg source region. Candidate controllers: pol_schwarzburg_rudolstadt|pol_schwarzburg_sondershausen — neither is assigned, because no source distinguishes them.",pol_schwarzburg_rudolstadt|pol_schwarzburg_sondershausen
seven_years_war_1756_08_01,TERRESTRIAL_HEX,h6000_q-000440_r+001289,src_9d6f03b5c85f,hsrc_34735c52ef0d,hev_aefa0d26edda|hev_b134aa1d8c3f,hbf_82df724eeace,hsub_schwarzburg_unpartitioned_wash,MEDIUM,promo_8c8ef6ab77f1,MAPGEN-013,"MAPGEN-014: provenance corrected from a false aggregate polity to an unpartitioned Schwarzburg source region. Candidate controllers: pol_schwarzburg_rudolstadt|pol_schwarzburg_sondershausen — neither is assigned, because no source distinguishes them.",pol_schwarzburg_rudolstadt|pol_schwarzburg_sondershausen
seven_years_war_1756_08_01,TERRESTRIAL_HEX,h6000_q-000439_r+001289,src_9d6f03b5c85f,hsrc_34735c52ef0d,hev_aefa0d26edda|hev_b134aa1d8c3f,hbf_82df724eeace,hsub_schwarzburg_unpartitioned_wash,MEDIUM,promo_8c8ef6ab77f1,MAPGEN-013,"MAPGEN-014: provenance corrected from a false aggregate polity to an unpartitioned Schwarzburg source region. Candidate controllers: pol_schwarzburg_rudolstadt|pol_schwarzburg_sondershausen — neither is assigned, because no source distinguishes them.",pol_schwarzburg_rudolstadt|pol_schwarzburg_sondershausen
seven_years_war_1756_08_01,TERRESTRIAL_HEX,h6000_q-000438_r+001289,src_9d6f03b5c85f,hsrc_34735c52ef0d,hev_aefa0d26edda|hev_b134aa1d8c3f,hbf_82df724eeace,hsub_schwarzburg_unpartitioned_wash,MEDIUM,promo_8c8ef6ab77f1,MAPGEN-013,"MAPGEN-014: provenance corrected from a false aggregate polity to an unpartitioned Schwarzburg source region. Candidate controllers: pol_schwarzburg_rudolstadt|pol_schwarzburg_sondershausen — neither is assigned, because no source distinguishes them.",pol_schwarzburg_rudolstadt|pol_schwarzburg_sondershausen
seven_years_war_1756_08_01,TERRESTRIAL_HEX,h6000_q-000437_r+001289,src_9d6f03b5c85f,hsrc_34735c52ef0d,hev_aefa0d26edda|hev_b134aa1d8c3f,hbf_82df724eeace,hsub_schwarzburg_unpartitioned_wash,MEDIUM,promo_8c8ef6ab77f1,MAPGEN-013,"MAPGEN-014: provenance corrected from a false aggregate polity to an unpartitioned Schwarzburg source region. Candidate controllers: pol_schwarzburg_rudolstadt|pol_schwarzburg_sondershausen — neither is assigned, because no source distinguishes them.",pol_schwarzburg_rudolstadt|pol_schwarzburg_sondershausen
seven_years_war_1756_08_01,TERRESTRIAL_HEX,h6000_q-000436_r+001289,src_9d6f03b5c85f,hsrc_34735c52ef0d,hev_aefa0d26edda|hev_b134aa1d8c3f,hbf_82df724eeace,hsub_schwarzburg_unpartitioned_wash,MEDIUM,promo_8c8ef6ab77f1,MAPGEN-013,"MAPGEN-014: provenance corrected from a false aggregate polity to an unpartitioned Schwarzburg source region. Candidate controllers: pol_schwarzburg_rudolstadt|pol_schwarzburg_sondershausen — neither is assigned, because no source distinguishes them.",pol_schwarzburg_rudolstadt|pol_schwarzburg_sondershausen
seven_years_war_1756_08_01,TERRESTRIAL_HEX,h6000_q-000435_r+001289,src_9d6f03b5c85f,hsrc_34735c52ef0d,hev_aefa0d26edda|hev_b134aa1d8c3f,hbf_82df724eeace,hsub_schwarzburg_unpartitioned_wash,MEDIUM,promo_8c8ef6ab77f1,MAPGEN-013,"MAPGEN-014: provenance corrected from a false aggregate polity to an unpartitioned Schwarzburg source region. Candidate controllers: pol_schwarzburg_rudolstadt|pol_schwarzburg_sondershausen — neither is assigned, because no source distinguishes them.",pol_schwarzburg_rudolstadt|pol_schwarzburg_sondershausen
seven_years_war_1756_08_01,TERRESTRIAL_HEX,h6000_q-000434_r+001289,src_9d6f03b5c85f,hsrc_34735c52ef0d,hev_aefa0d26edda|hev_b134aa1d8c3f,hbf_82df724eeace,hsub_schwarzburg_unpartitioned_wash,MEDIUM,promo_8c8ef6ab77f1,MAPGEN-013,"MAPGEN-014: provenance corrected from a false aggregate polity to an unpartitioned Schwarzburg source region. Candidate controllers: pol_schwarzburg_rudolstadt|pol_schwarzburg_sondershausen — neither is assigned, because no source distinguishes them.",pol_schwarzburg_rudolstadt|pol_schwarzburg_sondershausen
seven_years_war_1756_08_01,TERRESTRIAL_HEX,h6000_q-000447_r+001290,src_9d6f03b5c85f,hsrc_34735c52ef0d,hev_aefa0d26edda|hev_b134aa1d8c3f,hbf_82df724eeace,hsub_schwarzburg_unpartitioned_wash,MEDIUM,promo_8c8ef6ab77f1,MAPGEN-013,"MAPGEN-014: provenance corrected from a false aggregate polity to an unpartitioned Schwarzburg source region. Candidate controllers: pol_schwarzburg_rudolstadt|pol_schwarzburg_sondershausen — neither is assigned, because no source distinguishes them.",pol_schwarzburg_rudolstadt|pol_schwarzburg_sondershausen
seven_years_war_1756_08_01,TERRESTRIAL_HEX,h6000_q-000446_r+001290,src_9d6f03b5c85f,hsrc_34735c52ef0d,hev_aefa0d26edda|hev_b134aa1d8c3f,hbf_82df724eeace,hsub_schwarzburg_unpartitioned_wash,MEDIUM,promo_8c8ef6ab77f1,MAPGEN-013,"MAPGEN-014: provenance corrected from a false aggregate polity to an unpartitioned Schwarzburg source region. Candidate controllers: pol_schwarzburg_rudolstadt|pol_schwarzburg_sondershausen — neither is assigned, because no source distinguishes them.",pol_schwarzburg_rudolstadt|pol_schwarzburg_sondershausen
seven_years_war_1756_08_01,TERRESTRIAL_HEX,h6000_q-000443_r+001290,src_9d6f03b5c85f,hsrc_34735c52ef0d,hev_aefa0d26edda|hev_b134aa1d8c3f,hbf_82df724eeace,hsub_schwarzburg_unpartitioned_wash,MEDIUM,promo_8c8ef6ab77f1,MAPGEN-013,"MAPGEN-014: provenance corrected from a false aggregate polity to an unpartitioned Schwarzburg source region. Candidate controllers: pol_schwarzburg_rudolstadt|pol_schwarzburg_sondershausen — neither is assigned, because no source distinguishes them.",pol_schwarzburg_rudolstadt|pol_schwarzburg_sondershausen
seven_years_war_1756_08_01,TERRESTRIAL_HEX,h6000_q-000442_r+001290,src_9d6f03b5c85f,hsrc_34735c52ef0d,hev_aefa0d26edda|hev_b134aa1d8c3f,hbf_82df724eeace,hsub_schwarzburg_unpartitioned_wash,MEDIUM,promo_8c8ef6ab77f1,MAPGEN-013,"MAPGEN-014: provenance corrected from a false aggregate polity to an unpartitioned Schwarzburg source region. Candidate controllers: pol_schwarzburg_rudolstadt|pol_schwarzburg_sondershausen — neither is assigned, because no source distinguishes them.",pol_schwarzburg_rudolstadt|pol_schwarzburg_sondershausen
seven_years_war_1756_08_01,TERRESTRIAL_HEX,h6000_q-000441_r+001290,src_9d6f03b5c85f,hsrc_34735c52ef0d,hev_aefa0d26edda|hev_b134aa1d8c3f,hbf_82df724eeace,hsub_schwarzburg_unpartitioned_wash,MEDIUM,promo_8c8ef6ab77f1,MAPGEN-013,"MAPGEN-014: provenance corrected from a false aggregate polity to an unpartitioned Schwarzburg source region. Candidate controllers: pol_schwarzburg_rudolstadt|pol_schwarzburg_sondershausen — neither is assigned, because no source distinguishes them.",pol_schwarzburg_rudolstadt|pol_schwarzburg_sondershausen
seven_years_war_1756_08_01,TERRESTRIAL_HEX,h6000_q-000440_r+001290,src_9d6f03b5c85f,hsrc_34735c52ef0d,hev_aefa0d26edda|hev_b134aa1d8c3f,hbf_82df724eeace,hsub_schwarzburg_unpartitioned_wash,MEDIUM,promo_8c8ef6ab77f1,MAPGEN-013,"MAPGEN-014: provenance corrected from a false aggregate polity to an unpartitioned Schwarzburg source region. Candidate controllers: pol_schwarzburg_rudolstadt|pol_schwarzburg_sondershausen — neither is assigned, because no source distinguishes them.",pol_schwarzburg_rudolstadt|pol_schwarzburg_sondershausen
seven_years_war_1756_08_01,TERRESTRIAL_HEX,h6000_q-000439_r+001290,src_9d6f03b5c85f,hsrc_34735c52ef0d,hev_aefa0d26edda|hev_b134aa1d8c3f,hbf_82df724eeace,hsub_schwarzburg_unpartitioned_wash,MEDIUM,promo_8c8ef6ab77f1,MAPGEN-013,"MAPGEN-014: provenance corrected from a false aggregate polity to an unpartitioned Schwarzburg source region. Candidate controllers: pol_schwarzburg_rudolstadt|pol_schwarzburg_sondershausen — neither is assigned, because no source distinguishes them.",pol_schwarzburg_rudolstadt|pol_schwarzburg_sondershausen
seven_years_war_1756_08_01,TERRESTRIAL_HEX,h6000_q-000438_r+001290,src_9d6f03b5c85f,hsrc_34735c52ef0d,hev_aefa0d26edda|hev_b134aa1d8c3f,hbf_82df724eeace,hsub_schwarzburg_unpartitioned_wash,MEDIUM,promo_8c8ef6ab77f1,MAPGEN-013,"MAPGEN-014: provenance corrected from a false aggregate polity to an unpartitioned Schwarzburg source region. Candidate controllers: pol_schwarzburg_rudolstadt|pol_schwarzburg_sondershausen — neither is assigned, because no source distinguishes them.",pol_schwarzburg_rudolstadt|pol_schwarzburg_sondershausen
seven_years_war_1756_08_01,TERRESTRIAL_HEX,h6000_q-000437_r+001290,src_9d6f03b5c85f,hsrc_34735c52ef0d,hev_aefa0d26edda|hev_b134aa1d8c3f,hbf_82df724eeace,hsub_schwarzburg_unpartitioned_wash,MEDIUM,promo_8c8ef6ab77f1,MAPGEN-013,"MAPGEN-014: provenance corrected from a false aggregate polity to an unpartitioned Schwarzburg source region. Candidate controllers: pol_schwarzburg_rudolstadt|pol_schwarzburg_sondershausen — neither is assigned, because no source distinguishes them.",pol_schwarzburg_rudolstadt|pol_schwarzburg_sondershausen
seven_years_war_1756_08_01,TERRESTRIAL_HEX,h6000_q-000436_r+001290,src_9d6f03b5c85f,hsrc_34735c52ef0d,hev_aefa0d26edda|hev_b134aa1d8c3f,hbf_82df724eeace,hsub_schwarzburg_unpartitioned_wash,MEDIUM,promo_8c8ef6ab77f1,MAPGEN-013,"MAPGEN-014: provenance corrected from a false aggregate polity to an unpartitioned Schwarzburg source region. Candidate controllers: pol_schwarzburg_rudolstadt|pol_schwarzburg_sondershausen — neither is assigned, because no source distinguishes them.",pol_schwarzburg_rudolstadt|pol_schwarzburg_sondershausen
seven_years_war_1756_08_01,TERRESTRIAL_HEX,h6000_q-000435_r+001290,src_9d6f03b5c85f,hsrc_34735c52ef0d,hev_aefa0d26edda|hev_b134aa1d8c3f,hbf_82df724eeace,hsub_schwarzburg_unpartitioned_wash,MEDIUM,promo_8c8ef6ab77f1,MAPGEN-013,"MAPGEN-014: provenance corrected from a false aggregate polity to an unpartitioned Schwarzburg source region. Candidate controllers: pol_schwarzburg_rudolstadt|pol_schwarzburg_sondershausen — neither is assigned, because no source distinguishes them.",pol_schwarzburg_rudolstadt|pol_schwarzburg_sondershausen
seven_years_war_1756_08_01,TERRESTRIAL_HEX,h6000_q-000447_r+001291,src_9d6f03b5c85f,hsrc_34735c52ef0d,hev_aefa0d26edda|hev_b134aa1d8c3f,hbf_82df724eeace,hsub_schwarzburg_unpartitioned_wash,MEDIUM,promo_8c8ef6ab77f1,MAPGEN-013,"MAPGEN-014: provenance corrected from a false aggregate polity to an unpartitioned Schwarzburg source region. Candidate controllers: pol_schwarzburg_rudolstadt|pol_schwarzburg_sondershausen — neither is assigned, because no source distinguishes them.",pol_schwarzburg_rudolstadt|pol_schwarzburg_sondershausen
seven_years_war_1756_08_01,TERRESTRIAL_HEX,h6000_q-000446_r+001291,src_9d6f03b5c85f,hsrc_34735c52ef0d,hev_aefa0d26edda|hev_b134aa1d8c3f,hbf_82df724eeace,hsub_schwarzburg_unpartitioned_wash,MEDIUM,promo_8c8ef6ab77f1,MAPGEN-013,"MAPGEN-014: provenance corrected from a false aggregate polity to an unpartitioned Schwarzburg source region. Candidate controllers: pol_schwarzburg_rudolstadt|pol_schwarzburg_sondershausen — neither is assigned, because no source distinguishes them.",pol_schwarzburg_rudolstadt|pol_schwarzburg_sondershausen
seven_years_war_1756_08_01,TERRESTRIAL_HEX,h6000_q-000442_r+001291,src_9d6f03b5c85f,hsrc_34735c52ef0d,hev_aefa0d26edda|hev_b134aa1d8c3f,hbf_82df724eeace,hsub_schwarzburg_unpartitioned_wash,MEDIUM,promo_8c8ef6ab77f1,MAPGEN-013,"MAPGEN-014: provenance corrected from a false aggregate polity to an unpartitioned Schwarzburg source region. Candidate controllers: pol_schwarzburg_rudolstadt|pol_schwarzburg_sondershausen — neither is assigned, because no source distinguishes them.",pol_schwarzburg_rudolstadt|pol_schwarzburg_sondershausen
seven_years_war_1756_08_01,TERRESTRIAL_HEX,h6000_q-000441_r+001291,src_9d6f03b5c85f,hsrc_34735c52ef0d,hev_aefa0d26edda|hev_b134aa1d8c3f,hbf_82df724eeace,hsub_schwarzburg_unpartitioned_wash,MEDIUM,promo_8c8ef6ab77f1,MAPGEN-013,"MAPGEN-014: provenance corrected from a false aggregate polity to an unpartitioned Schwarzburg source region. Candidate controllers: pol_schwarzburg_rudolstadt|pol_schwarzburg_sondershausen — neither is assigned, because no source distinguishes them.",pol_schwarzburg_rudolstadt|pol_schwarzburg_sondershausen
seven_years_war_1756_08_01,TERRESTRIAL_HEX,h6000_q-000440_r+001291,src_9d6f03b5c85f,hsrc_34735c52ef0d,hev_aefa0d26edda|hev_b134aa1d8c3f,hbf_82df724eeace,hsub_schwarzburg_unpartitioned_wash,MEDIUM,promo_8c8ef6ab77f1,MAPGEN-013,"MAPGEN-014: provenance corrected from a false aggregate polity to an unpartitioned Schwarzburg source region. Candidate controllers: pol_schwarzburg_rudolstadt|pol_schwarzburg_sondershausen — neither is assigned, because no source distinguishes them.",pol_schwarzburg_rudolstadt|pol_schwarzburg_sondershausen
seven_years_war_1756_08_01,TERRESTRIAL_HEX,h6000_q-000439_r+001291,src_9d6f03b5c85f,hsrc_34735c52ef0d,hev_aefa0d26edda|hev_b134aa1d8c3f,hbf_82df724eeace,hsub_schwarzburg_unpartitioned_wash,MEDIUM,promo_8c8ef6ab77f1,MAPGEN-013,"MAPGEN-014: provenance corrected from a false aggregate polity to an unpartitioned Schwarzburg source region. Candidate controllers: pol_schwarzburg_rudolstadt|pol_schwarzburg_sondershausen — neither is assigned, because no source distinguishes them.",pol_schwarzburg_rudolstadt|pol_schwarzburg_sondershausen
seven_years_war_1756_08_01,TERRESTRIAL_HEX,h6000_q-000438_r+001291,src_9d6f03b5c85f,hsrc_34735c52ef0d,hev_aefa0d26edda|hev_b134aa1d8c3f,hbf_82df724eeace,hsub_schwarzburg_unpartitioned_wash,MEDIUM,promo_8c8ef6ab77f1,MAPGEN-013,"MAPGEN-014: provenance corrected from a false aggregate polity to an unpartitioned Schwarzburg source region. Candidate controllers: pol_schwarzburg_rudolstadt|pol_schwarzburg_sondershausen — neither is assigned, because no source distinguishes them.",pol_schwarzburg_rudolstadt|pol_schwarzburg_sondershausen
seven_years_war_1756_08_01,TERRESTRIAL_HEX,h6000_q-000437_r+001291,src_9d6f03b5c85f,hsrc_34735c52ef0d,hev_aefa0d26edda|hev_b134aa1d8c3f,hbf_82df724eeace,hsub_schwarzburg_unpartitioned_wash,MEDIUM,promo_8c8ef6ab77f1,MAPGEN-013,"MAPGEN-014: provenance corrected from a false aggregate polity to an unpartitioned Schwarzburg source region. Candidate controllers: pol_schwarzburg_rudolstadt|pol_schwarzburg_sondershausen — neither is assigned, because no source distinguishes them.",pol_schwarzburg_rudolstadt|pol_schwarzburg_sondershausen
seven_years_war_1756_08_01,TERRESTRIAL_HEX,h6000_q-000448_r+001292,src_9d6f03b5c85f,hsrc_34735c52ef0d,hev_aefa0d26edda|hev_b134aa1d8c3f,hbf_82df724eeace,hsub_schwarzburg_unpartitioned_wash,MEDIUM,promo_8c8ef6ab77f1,MAPGEN-013,"MAPGEN-014: provenance corrected from a false aggregate polity to an unpartitioned Schwarzburg source region. Candidate controllers: pol_schwarzburg_rudolstadt|pol_schwarzburg_sondershausen — neither is assigned, because no source distinguishes them.",pol_schwarzburg_rudolstadt|pol_schwarzburg_sondershausen
seven_years_war_1756_08_01,TERRESTRIAL_HEX,h6000_q-000447_r+001292,src_9d6f03b5c85f,hsrc_34735c52ef0d,hev_aefa0d26edda|hev_b134aa1d8c3f,hbf_82df724eeace,hsub_schwarzburg_unpartitioned_wash,MEDIUM,promo_8c8ef6ab77f1,MAPGEN-013,"MAPGEN-014: provenance corrected from a false aggregate polity to an unpartitioned Schwarzburg source region. Candidate controllers: pol_schwarzburg_rudolstadt|pol_schwarzburg_sondershausen — neither is assigned, because no source distinguishes them.",pol_schwarzburg_rudolstadt|pol_schwarzburg_sondershausen
seven_years_war_1756_08_01,TERRESTRIAL_HEX,h6000_q-000446_r+001292,src_9d6f03b5c85f,hsrc_34735c52ef0d,hev_aefa0d26edda|hev_b134aa1d8c3f,hbf_82df724eeace,hsub_schwarzburg_unpartitioned_wash,MEDIUM,promo_8c8ef6ab77f1,MAPGEN-013,"MAPGEN-014: provenance corrected from a false aggregate polity to an unpartitioned Schwarzburg source region. Candidate controllers: pol_schwarzburg_rudolstadt|pol_schwarzburg_sondershausen — neither is assigned, because no source distinguishes them.",pol_schwarzburg_rudolstadt|pol_schwarzburg_sondershausen
seven_years_war_1756_08_01,TERRESTRIAL_HEX,h6000_q-000442_r+001292,src_9d6f03b5c85f,hsrc_34735c52ef0d,hev_aefa0d26edda|hev_b134aa1d8c3f,hbf_82df724eeace,hsub_schwarzburg_unpartitioned_wash,MEDIUM,promo_8c8ef6ab77f1,MAPGEN-013,"MAPGEN-014: provenance corrected from a false aggregate polity to an unpartitioned Schwarzburg source region. Candidate controllers: pol_schwarzburg_rudolstadt|pol_schwarzburg_sondershausen — neither is assigned, because no source distinguishes them.",pol_schwarzburg_rudolstadt|pol_schwarzburg_sondershausen
seven_years_war_1756_08_01,TERRESTRIAL_HEX,h6000_q-000441_r+001292,src_9d6f03b5c85f,hsrc_34735c52ef0d,hev_aefa0d26edda|hev_b134aa1d8c3f,hbf_82df724eeace,hsub_schwarzburg_unpartitioned_wash,MEDIUM,promo_8c8ef6ab77f1,MAPGEN-013,"MAPGEN-014: provenance corrected from a false aggregate polity to an unpartitioned Schwarzburg source region. Candidate controllers: pol_schwarzburg_rudolstadt|pol_schwarzburg_sondershausen — neither is assigned, because no source distinguishes them.",pol_schwarzburg_rudolstadt|pol_schwarzburg_sondershausen
seven_years_war_1756_08_01,TERRESTRIAL_HEX,h6000_q-000449_r+001293,src_9d6f03b5c85f,hsrc_34735c52ef0d,hev_aefa0d26edda|hev_b134aa1d8c3f,hbf_82df724eeace,hsub_schwarzburg_unpartitioned_wash,MEDIUM,promo_8c8ef6ab77f1,MAPGEN-013,"MAPGEN-014: provenance corrected from a false aggregate polity to an unpartitioned Schwarzburg source region. Candidate controllers: pol_schwarzburg_rudolstadt|pol_schwarzburg_sondershausen — neither is assigned, because no source distinguishes them.",pol_schwarzburg_rudolstadt|pol_schwarzburg_sondershausen
seven_years_war_1756_08_01,TERRESTRIAL_HEX,h6000_q-000448_r+001293,src_9d6f03b5c85f,hsrc_34735c52ef0d,hev_aefa0d26edda|hev_b134aa1d8c3f,hbf_82df724eeace,hsub_schwarzburg_unpartitioned_wash,MEDIUM,promo_8c8ef6ab77f1,MAPGEN-013,"MAPGEN-014: provenance corrected from a false aggregate polity to an unpartitioned Schwarzburg source region. Candidate controllers: pol_schwarzburg_rudolstadt|pol_schwarzburg_sondershausen — neither is assigned, because no source distinguishes them.",pol_schwarzburg_rudolstadt|pol_schwarzburg_sondershausen
seven_years_war_1756_08_01,TERRESTRIAL_HEX,h6000_q-000395_r+001248,src_9d6f03b5c85f,hsrc_34735c52ef0d,hev_63418cd6ce49|hev_886d8a602567,hbf_9982d6cab487,hsub_meissen_electoral_saxony_core,MEDIUM,promo_115617644595,MAPGEN-014,provenance rewritten by a reviewed revision; the superseded promotion stays in the log,
seven_years_war_1756_08_01,TERRESTRIAL_HEX,h6000_q-000396_r+001249,src_9d6f03b5c85f,hsrc_34735c52ef0d,hev_63418cd6ce49|hev_886d8a602567,hbf_9982d6cab487,hsub_meissen_electoral_saxony_core,MEDIUM,promo_115617644595,MAPGEN-014,provenance rewritten by a reviewed revision; the superseded promotion stays in the log,
seven_years_war_1756_08_01,TERRESTRIAL_HEX,h6000_q-000397_r+001250,src_9d6f03b5c85f,hsrc_34735c52ef0d,hev_63418cd6ce49|hev_886d8a602567,hbf_9982d6cab487,hsub_meissen_electoral_saxony_core,MEDIUM,promo_115617644595,MAPGEN-014,provenance rewritten by a reviewed revision; the superseded promotion stays in the log,
seven_years_war_1756_08_01,TERRESTRIAL_HEX,h6000_q-000396_r+001250,src_9d6f03b5c85f,hsrc_34735c52ef0d,hev_63418cd6ce49|hev_886d8a602567,hbf_9982d6cab487,hsub_meissen_electoral_saxony_core,MEDIUM,promo_115617644595,MAPGEN-014,provenance rewritten by a reviewed revision; the superseded promotion stays in the log,
seven_years_war_1756_08_01,TERRESTRIAL_HEX,h6000_q-000398_r+001251,src_9d6f03b5c85f,hsrc_34735c52ef0d,hev_63418cd6ce49|hev_886d8a602567,hbf_9982d6cab487,hsub_meissen_electoral_saxony_core,MEDIUM,promo_115617644595,MAPGEN-014,provenance rewritten by a reviewed revision; the superseded promotion stays in the log,
seven_years_war_1756_08_01,TERRESTRIAL_HEX,h6000_q-000397_r+001251,src_9d6f03b5c85f,hsrc_34735c52ef0d,hev_63418cd6ce49|hev_886d8a602567,hbf_9982d6cab487,hsub_meissen_electoral_saxony_core,MEDIUM,promo_115617644595,MAPGEN-014,provenance rewritten by a reviewed revision; the superseded promotion stays in the log,
seven_years_war_1756_08_01,TERRESTRIAL_HEX,h6000_q-000400_r+001252,src_9d6f03b5c85f,hsrc_34735c52ef0d,hev_63418cd6ce49|hev_886d8a602567,hbf_9982d6cab487,hsub_meissen_electoral_saxony_core,MEDIUM,promo_115617644595,MAPGEN-014,provenance rewritten by a reviewed revision; the superseded promotion stays in the log,
seven_years_war_1756_08_01,TERRESTRIAL_HEX,h6000_q-000399_r+001252,src_9d6f03b5c85f,hsrc_34735c52ef0d,hev_63418cd6ce49|hev_886d8a602567,hbf_9982d6cab487,hsub_meissen_electoral_saxony_core,MEDIUM,promo_115617644595,MAPGEN-014,provenance rewritten by a reviewed revision; the superseded promotion stays in the log,
seven_years_war_1756_08_01,TERRESTRIAL_HEX,h6000_q-000398_r+001252,src_9d6f03b5c85f,hsrc_34735c52ef0d,hev_63418cd6ce49|hev_886d8a602567,hbf_9982d6cab487,hsub_meissen_electoral_saxony_core,MEDIUM,promo_115617644595,MAPGEN-014,provenance rewritten by a reviewed revision; the superseded promotion stays in the log,
seven_years_war_1756_08_01,TERRESTRIAL_HEX,h6000_q-000397_r+001252,src_9d6f03b5c85f,hsrc_34735c52ef0d,hev_63418cd6ce49|hev_886d8a602567,hbf_9982d6cab487,hsub_meissen_electoral_saxony_core,MEDIUM,promo_115617644595,MAPGEN-014,provenance rewritten by a reviewed revision; the superseded promotion stays in the log,
seven_years_war_1756_08_01,TERRESTRIAL_HEX,h6000_q-000396_r+001252,src_9d6f03b5c85f,hsrc_34735c52ef0d,hev_63418cd6ce49|hev_886d8a602567,hbf_9982d6cab487,hsub_meissen_electoral_saxony_core,MEDIUM,promo_115617644595,MAPGEN-014,provenance rewritten by a reviewed revision; the superseded promotion stays in the log,
seven_years_war_1756_08_01,TERRESTRIAL_HEX,h6000_q-000401_r+001253,src_9d6f03b5c85f,hsrc_34735c52ef0d,hev_63418cd6ce49|hev_886d8a602567,hbf_9982d6cab487,hsub_meissen_electoral_saxony_core,MEDIUM,promo_115617644595,MAPGEN-014,provenance rewritten by a reviewed revision; the superseded promotion stays in the log,
seven_years_war_1756_08_01,TERRESTRIAL_HEX,h6000_q-000400_r+001253,src_9d6f03b5c85f,hsrc_34735c52ef0d,hev_63418cd6ce49|hev_886d8a602567,hbf_9982d6cab487,hsub_meissen_electoral_saxony_core,MEDIUM,promo_115617644595,MAPGEN-014,provenance rewritten by a reviewed revision; the superseded promotion stays in the log,
seven_years_war_1756_08_01,TERRESTRIAL_HEX,h6000_q-000398_r+001253,src_9d6f03b5c85f,hsrc_34735c52ef0d,hev_63418cd6ce49|hev_886d8a602567,hbf_9982d6cab487,hsub_meissen_electoral_saxony_core,MEDIUM,promo_115617644595,MAPGEN-014,provenance rewritten by a reviewed revision; the superseded promotion stays in the log,
seven_years_war_1756_08_01,TERRESTRIAL_HEX,h6000_q-000397_r+001253,src_9d6f03b5c85f,hsrc_34735c52ef0d,hev_63418cd6ce49|hev_886d8a602567,hbf_9982d6cab487,hsub_meissen_electoral_saxony_core,MEDIUM,promo_115617644595,MAPGEN-014,provenance rewritten by a reviewed revision; the superseded promotion stays in the log,
seven_years_war_1756_08_01,TERRESTRIAL_HEX,h6000_q-000396_r+001253,src_9d6f03b5c85f,hsrc_34735c52ef0d,hev_63418cd6ce49|hev_886d8a602567,hbf_9982d6cab487,hsub_meissen_electoral_saxony_core,MEDIUM,promo_115617644595,MAPGEN-014,provenance rewritten by a reviewed revision; the superseded promotion stays in the log,
seven_years_war_1756_08_01,TERRESTRIAL_HEX,h6000_q-000408_r+001254,src_9d6f03b5c85f,hsrc_34735c52ef0d,hev_63418cd6ce49|hev_886d8a602567,hbf_9982d6cab487,hsub_meissen_electoral_saxony_core,MEDIUM,promo_115617644595,MAPGEN-014,provenance rewritten by a reviewed revision; the superseded promotion stays in the log,
seven_years_war_1756_08_01,TERRESTRIAL_HEX,h6000_q-000407_r+001254,src_9d6f03b5c85f,hsrc_34735c52ef0d,hev_63418cd6ce49|hev_886d8a602567,hbf_9982d6cab487,hsub_meissen_electoral_saxony_core,MEDIUM,promo_115617644595,MAPGEN-014,provenance rewritten by a reviewed revision; the superseded promotion stays in the log,
seven_years_war_1756_08_01,TERRESTRIAL_HEX,h6000_q-000406_r+001254,src_9d6f03b5c85f,hsrc_34735c52ef0d,hev_63418cd6ce49|hev_886d8a602567,hbf_9982d6cab487,hsub_meissen_electoral_saxony_core,MEDIUM,promo_115617644595,MAPGEN-014,provenance rewritten by a reviewed revision; the superseded promotion stays in the log,
seven_years_war_1756_08_01,TERRESTRIAL_HEX,h6000_q-000405_r+001254,src_9d6f03b5c85f,hsrc_34735c52ef0d,hev_63418cd6ce49|hev_886d8a602567,hbf_9982d6cab487,hsub_meissen_electoral_saxony_core,MEDIUM,promo_115617644595,MAPGEN-014,provenance rewritten by a reviewed revision; the superseded promotion stays in the log,
seven_years_war_1756_08_01,TERRESTRIAL_HEX,h6000_q-000404_r+001254,src_9d6f03b5c85f,hsrc_34735c52ef0d,hev_63418cd6ce49|hev_886d8a602567,hbf_9982d6cab487,hsub_meissen_electoral_saxony_core,MEDIUM,promo_115617644595,MAPGEN-014,provenance rewritten by a reviewed revision; the superseded promotion stays in the log,
seven_years_war_1756_08_01,TERRESTRIAL_HEX,h6000_q-000403_r+001254,src_9d6f03b5c85f,hsrc_34735c52ef0d,hev_63418cd6ce49|hev_886d8a602567,hbf_9982d6cab487,hsub_meissen_electoral_saxony_core,MEDIUM,promo_115617644595,MAPGEN-014,provenance rewritten by a reviewed revision; the superseded promotion stays in the log,
seven_years_war_1756_08_01,TERRESTRIAL_HEX,h6000_q-000402_r+001254,src_9d6f03b5c85f,hsrc_34735c52ef0d,hev_63418cd6ce49|hev_886d8a602567,hbf_9982d6cab487,hsub_meissen_electoral_saxony_core,MEDIUM,promo_115617644595,MAPGEN-014,provenance rewritten by a reviewed revision; the superseded promotion stays in the log,
seven_years_war_1756_08_01,TERRESTRIAL_HEX,h6000_q-000401_r+001254,src_9d6f03b5c85f,hsrc_34735c52ef0d,hev_63418cd6ce49|hev_886d8a602567,hbf_9982d6cab487,hsub_meissen_electoral_saxony_core,MEDIUM,promo_115617644595,MAPGEN-014,provenance rewritten by a reviewed revision; the superseded promotion stays in the log,
seven_years_war_1756_08_01,TERRESTRIAL_HEX,h6000_q-000397_r+001254,src_9d6f03b5c85f,hsrc_34735c52ef0d,hev_63418cd6ce49|hev_886d8a602567,hbf_9982d6cab487,hsub_meissen_electoral_saxony_core,MEDIUM,promo_115617644595,MAPGEN-014,provenance rewritten by a reviewed revision; the superseded promotion stays in the log,
seven_years_war_1756_08_01,TERRESTRIAL_HEX,h6000_q-000396_r+001254,src_9d6f03b5c85f,hsrc_34735c52ef0d,hev_63418cd6ce49|hev_886d8a602567,hbf_9982d6cab487,hsub_meissen_electoral_saxony_core,MEDIUM,promo_115617644595,MAPGEN-014,provenance rewritten by a reviewed revision; the superseded promotion stays in the log,
seven_years_war_1756_08_01,TERRESTRIAL_HEX,h6000_q-000395_r+001254,src_9d6f03b5c85f,hsrc_34735c52ef0d,hev_63418cd6ce49|hev_886d8a602567,hbf_9982d6cab487,hsub_meissen_electoral_saxony_core,MEDIUM,promo_115617644595,MAPGEN-014,provenance rewritten by a reviewed revision; the superseded promotion stays in the log,
seven_years_war_1756_08_01,TERRESTRIAL_HEX,h6000_q-000410_r+001255,src_9d6f03b5c85f,hsrc_34735c52ef0d,hev_63418cd6ce49|hev_886d8a602567,hbf_9982d6cab487,hsub_meissen_electoral_saxony_core,MEDIUM,promo_115617644595,MAPGEN-014,provenance rewritten by a reviewed revision; the superseded promotion stays in the log,
seven_years_war_1756_08_01,TERRESTRIAL_HEX,h6000_q-000409_r+001255,src_9d6f03b5c85f,hsrc_34735c52ef0d,hev_63418cd6ce49|hev_886d8a602567,hbf_9982d6cab487,hsub_meissen_electoral_saxony_core,MEDIUM,promo_115617644595,MAPGEN-014,provenance rewritten by a reviewed revision; the superseded promotion stays in the log,
seven_years_war_1756_08_01,TERRESTRIAL_HEX,h6000_q-000408_r+001255,src_9d6f03b5c85f,hsrc_34735c52ef0d,hev_63418cd6ce49|hev_886d8a602567,hbf_9982d6cab487,hsub_meissen_electoral_saxony_core,MEDIUM,promo_115617644595,MAPGEN-014,provenance rewritten by a reviewed revision; the superseded promotion stays in the log,
seven_years_war_1756_08_01,TERRESTRIAL_HEX,h6000_q-000407_r+001255,src_9d6f03b5c85f,hsrc_34735c52ef0d,hev_63418cd6ce49|hev_886d8a602567,hbf_9982d6cab487,hsub_meissen_electoral_saxony_core,MEDIUM,promo_115617644595,MAPGEN-014,provenance rewritten by a reviewed revision; the superseded promotion stays in the log,
seven_years_war_1756_08_01,TERRESTRIAL_HEX,h6000_q-000406_r+001255,src_9d6f03b5c85f,hsrc_34735c52ef0d,hev_63418cd6ce49|hev_886d8a602567,hbf_9982d6cab487,hsub_meissen_electoral_saxony_core,MEDIUM,promo_115617644595,MAPGEN-014,provenance rewritten by a reviewed revision; the superseded promotion stays in the log,
seven_years_war_1756_08_01,TERRESTRIAL_HEX,h6000_q-000405_r+001255,src_9d6f03b5c85f,hsrc_34735c52ef0d,hev_63418cd6ce49|hev_886d8a602567,hbf_9982d6cab487,hsub_meissen_electoral_saxony_core,MEDIUM,promo_115617644595,MAPGEN-014,provenance rewritten by a reviewed revision; the superseded promotion stays in the log,
seven_years_war_1756_08_01,TERRESTRIAL_HEX,h6000_q-000404_r+001255,src_9d6f03b5c85f,hsrc_34735c52ef0d,hev_63418cd6ce49|hev_886d8a602567,hbf_9982d6cab487,hsub_meissen_electoral_saxony_core,MEDIUM,promo_115617644595,MAPGEN-014,provenance rewritten by a reviewed revision; the superseded promotion stays in the log,
seven_years_war_1756_08_01,TERRESTRIAL_HEX,h6000_q-000403_r+001255,src_9d6f03b5c85f,hsrc_34735c52ef0d,hev_63418cd6ce49|hev_886d8a602567,hbf_9982d6cab487,hsub_meissen_electoral_saxony_core,MEDIUM,promo_115617644595,MAPGEN-014,provenance rewritten by a reviewed revision; the superseded promotion stays in the log,
seven_years_war_1756_08_01,TERRESTRIAL_HEX,h6000_q-000402_r+001255,src_9d6f03b5c85f,hsrc_34735c52ef0d,hev_63418cd6ce49|hev_886d8a602567,hbf_9982d6cab487,hsub_meissen_electoral_saxony_core,MEDIUM,promo_115617644595,MAPGEN-014,provenance rewritten by a reviewed revision; the superseded promotion stays in the log,
seven_years_war_1756_08_01,TERRESTRIAL_HEX,h6000_q-000396_r+001255,src_9d6f03b5c85f,hsrc_34735c52ef0d,hev_63418cd6ce49|hev_886d8a602567,hbf_9982d6cab487,hsub_meissen_electoral_saxony_core,MEDIUM,promo_115617644595,MAPGEN-014,provenance rewritten by a reviewed revision; the superseded promotion stays in the log,
seven_years_war_1756_08_01,TERRESTRIAL_HEX,h6000_q-000395_r+001255,src_9d6f03b5c85f,hsrc_34735c52ef0d,hev_63418cd6ce49|hev_886d8a602567,hbf_9982d6cab487,hsub_meissen_electoral_saxony_core,MEDIUM,promo_115617644595,MAPGEN-014,provenance rewritten by a reviewed revision; the superseded promotion stays in the log,
seven_years_war_1756_08_01,TERRESTRIAL_HEX,h6000_q-000394_r+001255,src_9d6f03b5c85f,hsrc_34735c52ef0d,hev_63418cd6ce49|hev_886d8a602567,hbf_9982d6cab487,hsub_meissen_electoral_saxony_core,MEDIUM,promo_115617644595,MAPGEN-014,provenance rewritten by a reviewed revision; the superseded promotion stays in the log,
seven_years_war_1756_08_01,TERRESTRIAL_HEX,h6000_q-000393_r+001255,src_9d6f03b5c85f,hsrc_34735c52ef0d,hev_63418cd6ce49|hev_886d8a602567,hbf_9982d6cab487,hsub_meissen_electoral_saxony_core,MEDIUM,promo_115617644595,MAPGEN-014,provenance rewritten by a reviewed revision; the superseded promotion stays in the log,
seven_years_war_1756_08_01,TERRESTRIAL_HEX,h6000_q-000392_r+001255,src_9d6f03b5c85f,hsrc_34735c52ef0d,hev_63418cd6ce49|hev_886d8a602567,hbf_9982d6cab487,hsub_meissen_electoral_saxony_core,MEDIUM,promo_115617644595,MAPGEN-014,provenance rewritten by a reviewed revision; the superseded promotion stays in the log,
seven_years_war_1756_08_01,TERRESTRIAL_HEX,h6000_q-000391_r+001255,src_9d6f03b5c85f,hsrc_34735c52ef0d,hev_63418cd6ce49|hev_886d8a602567,hbf_9982d6cab487,hsub_meissen_electoral_saxony_core,MEDIUM,promo_115617644595,MAPGEN-014,provenance rewritten by a reviewed revision; the superseded promotion stays in the log,
seven_years_war_1756_08_01,TERRESTRIAL_HEX,h6000_q-000387_r+001255,src_9d6f03b5c85f,hsrc_34735c52ef0d,hev_63418cd6ce49|hev_886d8a602567,hbf_9982d6cab487,hsub_meissen_electoral_saxony_core,MEDIUM,promo_115617644595,MAPGEN-014,provenance rewritten by a reviewed revision; the superseded promotion stays in the log,
seven_years_war_1756_08_01,TERRESTRIAL_HEX,h6000_q-000410_r+001256,src_9d6f03b5c85f,hsrc_34735c52ef0d,hev_63418cd6ce49|hev_886d8a602567,hbf_9982d6cab487,hsub_meissen_electoral_saxony_core,MEDIUM,promo_115617644595,MAPGEN-014,provenance rewritten by a reviewed revision; the superseded promotion stays in the log,
seven_years_war_1756_08_01,TERRESTRIAL_HEX,h6000_q-000409_r+001256,src_9d6f03b5c85f,hsrc_34735c52ef0d,hev_63418cd6ce49|hev_886d8a602567,hbf_9982d6cab487,hsub_meissen_electoral_saxony_core,MEDIUM,promo_115617644595,MAPGEN-014,provenance rewritten by a reviewed revision; the superseded promotion stays in the log,
seven_years_war_1756_08_01,TERRESTRIAL_HEX,h6000_q-000395_r+001256,src_9d6f03b5c85f,hsrc_34735c52ef0d,hev_63418cd6ce49|hev_886d8a602567,hbf_9982d6cab487,hsub_meissen_electoral_saxony_core,MEDIUM,promo_115617644595,MAPGEN-014,provenance rewritten by a reviewed revision; the superseded promotion stays in the log,
seven_years_war_1756_08_01,TERRESTRIAL_HEX,h6000_q-000394_r+001256,src_9d6f03b5c85f,hsrc_34735c52ef0d,hev_63418cd6ce49|hev_886d8a602567,hbf_9982d6cab487,hsub_meissen_electoral_saxony_core,MEDIUM,promo_115617644595,MAPGEN-014,provenance rewritten by a reviewed revision; the superseded promotion stays in the log,
seven_years_war_1756_08_01,TERRESTRIAL_HEX,h6000_q-000393_r+001256,src_9d6f03b5c85f,hsrc_34735c52ef0d,hev_63418cd6ce49|hev_886d8a602567,hbf_9982d6cab487,hsub_meissen_electoral_saxony_core,MEDIUM,promo_115617644595,MAPGEN-014,provenance rewritten by a reviewed revision; the superseded promotion stays in the log,
seven_years_war_1756_08_01,TERRESTRIAL_HEX,h6000_q-000392_r+001256,src_9d6f03b5c85f,hsrc_34735c52ef0d,hev_63418cd6ce49|hev_886d8a602567,hbf_9982d6cab487,hsub_meissen_electoral_saxony_core,MEDIUM,promo_115617644595,MAPGEN-014,provenance rewritten by a reviewed revision; the superseded promotion stays in the log,
seven_years_war_1756_08_01,TERRESTRIAL_HEX,h6000_q-000391_r+001256,src_9d6f03b5c85f,hsrc_34735c52ef0d,hev_63418cd6ce49|hev_886d8a602567,hbf_9982d6cab487,hsub_meissen_electoral_saxony_core,MEDIUM,promo_115617644595,MAPGEN-014,provenance rewritten by a reviewed revision; the superseded promotion stays in the log,
seven_years_war_1756_08_01,TERRESTRIAL_HEX,h6000_q-000390_r+001256,src_9d6f03b5c85f,hsrc_34735c52ef0d,hev_63418cd6ce49|hev_886d8a602567,hbf_9982d6cab487,hsub_meissen_electoral_saxony_core,MEDIUM,promo_115617644595,MAPGEN-014,provenance rewritten by a reviewed revision; the superseded promotion stays in the log,
seven_years_war_1756_08_01,TERRESTRIAL_HEX,h6000_q-000389_r+001256,src_9d6f03b5c85f,hsrc_34735c52ef0d,hev_63418cd6ce49|hev_886d8a602567,hbf_9982d6cab487,hsub_meissen_electoral_saxony_core,MEDIUM,promo_115617644595,MAPGEN-014,provenance rewritten by a reviewed revision; the superseded promotion stays in the log,
seven_years_war_1756_08_01,TERRESTRIAL_HEX,h6000_q-000388_r+001256,src_9d6f03b5c85f,hsrc_34735c52ef0d,hev_63418cd6ce49|hev_886d8a602567,hbf_9982d6cab487,hsub_meissen_electoral_saxony_core,MEDIUM,promo_115617644595,MAPGEN-014,provenance rewritten by a reviewed revision; the superseded promotion stays in the log,
seven_years_war_1756_08_01,TERRESTRIAL_HEX,h6000_q-000387_r+001256,src_9d6f03b5c85f,hsrc_34735c52ef0d,hev_63418cd6ce49|hev_886d8a602567,hbf_9982d6cab487,hsub_meissen_electoral_saxony_core,MEDIUM,promo_115617644595,MAPGEN-014,provenance rewritten by a reviewed revision; the superseded promotion stays in the log,
seven_years_war_1756_08_01,TERRESTRIAL_HEX,h6000_q-000411_r+001257,src_9d6f03b5c85f,hsrc_34735c52ef0d,hev_63418cd6ce49|hev_886d8a602567,hbf_9982d6cab487,hsub_meissen_electoral_saxony_core,MEDIUM,promo_115617644595,MAPGEN-014,provenance rewritten by a reviewed revision; the superseded promotion stays in the log,
seven_years_war_1756_08_01,TERRESTRIAL_HEX,h6000_q-000410_r+001257,src_9d6f03b5c85f,hsrc_34735c52ef0d,hev_63418cd6ce49|hev_886d8a602567,hbf_9982d6cab487,hsub_meissen_electoral_saxony_core,MEDIUM,promo_115617644595,MAPGEN-014,provenance rewritten by a reviewed revision; the superseded promotion stays in the log,
seven_years_war_1756_08_01,TERRESTRIAL_HEX,h6000_q-000391_r+001257,src_9d6f03b5c85f,hsrc_34735c52ef0d,hev_63418cd6ce49|hev_886d8a602567,hbf_9982d6cab487,hsub_meissen_electoral_saxony_core,MEDIUM,promo_115617644595,MAPGEN-014,provenance rewritten by a reviewed revision; the superseded promotion stays in the log,
seven_years_war_1756_08_01,TERRESTRIAL_HEX,h6000_q-000390_r+001257,src_9d6f03b5c85f,hsrc_34735c52ef0d,hev_63418cd6ce49|hev_886d8a602567,hbf_9982d6cab487,hsub_meissen_electoral_saxony_core,MEDIUM,promo_115617644595,MAPGEN-014,provenance rewritten by a reviewed revision; the superseded promotion stays in the log,
seven_years_war_1756_08_01,TERRESTRIAL_HEX,h6000_q-000389_r+001257,src_9d6f03b5c85f,hsrc_34735c52ef0d,hev_63418cd6ce49|hev_886d8a602567,hbf_9982d6cab487,hsub_meissen_electoral_saxony_core,MEDIUM,promo_115617644595,MAPGEN-014,provenance rewritten by a reviewed revision; the superseded promotion stays in the log,
seven_years_war_1756_08_01,TERRESTRIAL_HEX,h6000_q-000388_r+001257,src_9d6f03b5c85f,hsrc_34735c52ef0d,hev_63418cd6ce49|hev_886d8a602567,hbf_9982d6cab487,hsub_meissen_electoral_saxony_core,MEDIUM,promo_115617644595,MAPGEN-014,provenance rewritten by a reviewed revision; the superseded promotion stays in the log,
seven_years_war_1756_08_01,TERRESTRIAL_HEX,h6000_q-000387_r+001257,src_9d6f03b5c85f,hsrc_34735c52ef0d,hev_63418cd6ce49|hev_886d8a602567,hbf_9982d6cab487,hsub_meissen_electoral_saxony_core,MEDIUM,promo_115617644595,MAPGEN-014,provenance rewritten by a reviewed revision; the superseded promotion stays in the log,
seven_years_war_1756_08_01,TERRESTRIAL_HEX,h6000_q-000413_r+001258,src_9d6f03b5c85f,hsrc_34735c52ef0d,hev_63418cd6ce49|hev_886d8a602567,hbf_9982d6cab487,hsub_meissen_electoral_saxony_core,MEDIUM,promo_115617644595,MAPGEN-014,provenance rewritten by a reviewed revision; the superseded promotion stays in the log,
seven_years_war_1756_08_01,TERRESTRIAL_HEX,h6000_q-000412_r+001258,src_9d6f03b5c85f,hsrc_34735c52ef0d,hev_63418cd6ce49|hev_886d8a602567,hbf_9982d6cab487,hsub_meissen_electoral_saxony_core,MEDIUM,promo_115617644595,MAPGEN-014,provenance rewritten by a reviewed revision; the superseded promotion stays in the log,
seven_years_war_1756_08_01,TERRESTRIAL_HEX,h6000_q-000411_r+001258,src_9d6f03b5c85f,hsrc_34735c52ef0d,hev_63418cd6ce49|hev_886d8a602567,hbf_9982d6cab487,hsub_meissen_electoral_saxony_core,MEDIUM,promo_115617644595,MAPGEN-014,provenance rewritten by a reviewed revision; the superseded promotion stays in the log,
seven_years_war_1756_08_01,TERRESTRIAL_HEX,h6000_q-000388_r+001258,src_9d6f03b5c85f,hsrc_34735c52ef0d,hev_63418cd6ce49|hev_886d8a602567,hbf_9982d6cab487,hsub_meissen_electoral_saxony_core,MEDIUM,promo_115617644595,MAPGEN-014,provenance rewritten by a reviewed revision; the superseded promotion stays in the log,
seven_years_war_1756_08_01,TERRESTRIAL_HEX,h6000_q-000387_r+001258,src_9d6f03b5c85f,hsrc_34735c52ef0d,hev_63418cd6ce49|hev_886d8a602567,hbf_9982d6cab487,hsub_meissen_electoral_saxony_core,MEDIUM,promo_115617644595,MAPGEN-014,provenance rewritten by a reviewed revision; the superseded promotion stays in the log,
seven_years_war_1756_08_01,TERRESTRIAL_HEX,h6000_q-000386_r+001258,src_9d6f03b5c85f,hsrc_34735c52ef0d,hev_63418cd6ce49|hev_886d8a602567,hbf_9982d6cab487,hsub_meissen_electoral_saxony_core,MEDIUM,promo_115617644595,MAPGEN-014,provenance rewritten by a reviewed revision; the superseded promotion stays in the log,
seven_years_war_1756_08_01,TERRESTRIAL_HEX,h6000_q-000385_r+001258,src_9d6f03b5c85f,hsrc_34735c52ef0d,hev_63418cd6ce49|hev_886d8a602567,hbf_9982d6cab487,hsub_meissen_electoral_saxony_core,MEDIUM,promo_115617644595,MAPGEN-014,provenance rewritten by a reviewed revision; the superseded promotion stays in the log,
seven_years_war_1756_08_01,TERRESTRIAL_HEX,h6000_q-000413_r+001259,src_9d6f03b5c85f,hsrc_34735c52ef0d,hev_63418cd6ce49|hev_886d8a602567,hbf_9982d6cab487,hsub_meissen_electoral_saxony_core,MEDIUM,promo_115617644595,MAPGEN-014,provenance rewritten by a reviewed revision; the superseded promotion stays in the log,
seven_years_war_1756_08_01,TERRESTRIAL_HEX,h6000_q-000412_r+001259,src_9d6f03b5c85f,hsrc_34735c52ef0d,hev_63418cd6ce49|hev_886d8a602567,hbf_9982d6cab487,hsub_meissen_electoral_saxony_core,MEDIUM,promo_115617644595,MAPGEN-014,provenance rewritten by a reviewed revision; the superseded promotion stays in the log,
seven_years_war_1756_08_01,TERRESTRIAL_HEX,h6000_q-000388_r+001259,src_9d6f03b5c85f,hsrc_34735c52ef0d,hev_63418cd6ce49|hev_886d8a602567,hbf_9982d6cab487,hsub_meissen_electoral_saxony_core,MEDIUM,promo_115617644595,MAPGEN-014,provenance rewritten by a reviewed revision; the superseded promotion stays in the log,
seven_years_war_1756_08_01,TERRESTRIAL_HEX,h6000_q-000387_r+001259,src_9d6f03b5c85f,hsrc_34735c52ef0d,hev_63418cd6ce49|hev_886d8a602567,hbf_9982d6cab487,hsub_meissen_electoral_saxony_core,MEDIUM,promo_115617644595,MAPGEN-014,provenance rewritten by a reviewed revision; the superseded promotion stays in the log,
seven_years_war_1756_08_01,TERRESTRIAL_HEX,h6000_q-000386_r+001259,src_9d6f03b5c85f,hsrc_34735c52ef0d,hev_63418cd6ce49|hev_886d8a602567,hbf_9982d6cab487,hsub_meissen_electoral_saxony_core,MEDIUM,promo_115617644595,MAPGEN-014,provenance rewritten by a reviewed revision; the superseded promotion stays in the log,
seven_years_war_1756_08_01,TERRESTRIAL_HEX,h6000_q-000385_r+001259,src_9d6f03b5c85f,hsrc_34735c52ef0d,hev_63418cd6ce49|hev_886d8a602567,hbf_9982d6cab487,hsub_meissen_electoral_saxony_core,MEDIUM,promo_115617644595,MAPGEN-014,provenance rewritten by a reviewed revision; the superseded promotion stays in the log,
seven_years_war_1756_08_01,TERRESTRIAL_HEX,h6000_q-000413_r+001260,src_9d6f03b5c85f,hsrc_34735c52ef0d,hev_63418cd6ce49|hev_886d8a602567,hbf_9982d6cab487,hsub_meissen_electoral_saxony_core,MEDIUM,promo_115617644595,MAPGEN-014,provenance rewritten by a reviewed revision; the superseded promotion stays in the log,
seven_years_war_1756_08_01,TERRESTRIAL_HEX,h6000_q-000412_r+001260,src_9d6f03b5c85f,hsrc_34735c52ef0d,hev_63418cd6ce49|hev_886d8a602567,hbf_9982d6cab487,hsub_meissen_electoral_saxony_core,MEDIUM,promo_115617644595,MAPGEN-014,provenance rewritten by a reviewed revision; the superseded promotion stays in the log,
seven_years_war_1756_08_01,TERRESTRIAL_HEX,h6000_q-000386_r+001260,src_9d6f03b5c85f,hsrc_34735c52ef0d,hev_63418cd6ce49|hev_886d8a602567,hbf_9982d6cab487,hsub_meissen_electoral_saxony_core,MEDIUM,promo_115617644595,MAPGEN-014,provenance rewritten by a reviewed revision; the superseded promotion stays in the log,
seven_years_war_1756_08_01,TERRESTRIAL_HEX,h6000_q-000385_r+001260,src_9d6f03b5c85f,hsrc_34735c52ef0d,hev_63418cd6ce49|hev_886d8a602567,hbf_9982d6cab487,hsub_meissen_electoral_saxony_core,MEDIUM,promo_115617644595,MAPGEN-014,provenance rewritten by a reviewed revision; the superseded promotion stays in the log,
seven_years_war_1756_08_01,TERRESTRIAL_HEX,h6000_q-000413_r+001261,src_9d6f03b5c85f,hsrc_34735c52ef0d,hev_63418cd6ce49|hev_886d8a602567,hbf_9982d6cab487,hsub_meissen_electoral_saxony_core,MEDIUM,promo_115617644595,MAPGEN-014,provenance rewritten by a reviewed revision; the superseded promotion stays in the log,
seven_years_war_1756_08_01,TERRESTRIAL_HEX,h6000_q-000412_r+001261,src_9d6f03b5c85f,hsrc_34735c52ef0d,hev_63418cd6ce49|hev_886d8a602567,hbf_9982d6cab487,hsub_meissen_electoral_saxony_core,MEDIUM,promo_115617644595,MAPGEN-014,provenance rewritten by a reviewed revision; the superseded promotion stays in the log,
seven_years_war_1756_08_01,TERRESTRIAL_HEX,h6000_q-000386_r+001261,src_9d6f03b5c85f,hsrc_34735c52ef0d,hev_63418cd6ce49|hev_886d8a602567,hbf_9982d6cab487,hsub_meissen_electoral_saxony_core,MEDIUM,promo_115617644595,MAPGEN-014,provenance rewritten by a reviewed revision; the superseded promotion stays in the log,
seven_years_war_1756_08_01,TERRESTRIAL_HEX,h6000_q-000413_r+001262,src_9d6f03b5c85f,hsrc_34735c52ef0d,hev_63418cd6ce49|hev_886d8a602567,hbf_9982d6cab487,hsub_meissen_electoral_saxony_core,MEDIUM,promo_115617644595,MAPGEN-014,provenance rewritten by a reviewed revision; the superseded promotion stays in the log,
seven_years_war_1756_08_01,TERRESTRIAL_HEX,h6000_q-000407_r+001262,src_9d6f03b5c85f,hsrc_34735c52ef0d,hev_63418cd6ce49|hev_886d8a602567,hbf_9982d6cab487,hsub_meissen_electoral_saxony_core,MEDIUM,promo_115617644595,MAPGEN-014,provenance rewritten by a reviewed revision; the superseded promotion stays in the log,
seven_years_war_1756_08_01,TERRESTRIAL_HEX,h6000_q-000406_r+001262,src_9d6f03b5c85f,hsrc_34735c52ef0d,hev_63418cd6ce49|hev_886d8a602567,hbf_9982d6cab487,hsub_meissen_electoral_saxony_core,MEDIUM,promo_115617644595,MAPGEN-014,provenance rewritten by a reviewed revision; the superseded promotion stays in the log,
seven_years_war_1756_08_01,TERRESTRIAL_HEX,h6000_q-000405_r+001262,src_9d6f03b5c85f,hsrc_34735c52ef0d,hev_63418cd6ce49|hev_886d8a602567,hbf_9982d6cab487,hsub_meissen_electoral_saxony_core,MEDIUM,promo_115617644595,MAPGEN-014,provenance rewritten by a reviewed revision; the superseded promotion stays in the log,
seven_years_war_1756_08_01,TERRESTRIAL_HEX,h6000_q-000386_r+001262,src_9d6f03b5c85f,hsrc_34735c52ef0d,hev_63418cd6ce49|hev_886d8a602567,hbf_9982d6cab487,hsub_meissen_electoral_saxony_core,MEDIUM,promo_115617644595,MAPGEN-014,provenance rewritten by a reviewed revision; the superseded promotion stays in the log,
seven_years_war_1756_08_01,TERRESTRIAL_HEX,h6000_q-000385_r+001262,src_9d6f03b5c85f,hsrc_34735c52ef0d,hev_63418cd6ce49|hev_886d8a602567,hbf_9982d6cab487,hsub_meissen_electoral_saxony_core,MEDIUM,promo_115617644595,MAPGEN-014,provenance rewritten by a reviewed revision; the superseded promotion stays in the log,
seven_years_war_1756_08_01,TERRESTRIAL_HEX,h6000_q-000384_r+001262,src_9d6f03b5c85f,hsrc_34735c52ef0d,hev_63418cd6ce49|hev_886d8a602567,hbf_9982d6cab487,hsub_meissen_electoral_saxony_core,MEDIUM,promo_115617644595,MAPGEN-014,provenance rewritten by a reviewed revision; the superseded promotion stays in the log,
seven_years_war_1756_08_01,TERRESTRIAL_HEX,h6000_q-000414_r+001263,src_9d6f03b5c85f,hsrc_34735c52ef0d,hev_63418cd6ce49|hev_886d8a602567,hbf_9982d6cab487,hsub_meissen_electoral_saxony_core,MEDIUM,promo_115617644595,MAPGEN-014,provenance rewritten by a reviewed revision; the superseded promotion stays in the log,
seven_years_war_1756_08_01,TERRESTRIAL_HEX,h6000_q-000413_r+001263,src_9d6f03b5c85f,hsrc_34735c52ef0d,hev_63418cd6ce49|hev_886d8a602567,hbf_9982d6cab487,hsub_meissen_electoral_saxony_core,MEDIUM,promo_115617644595,MAPGEN-014,provenance rewritten by a reviewed revision; the superseded promotion stays in the log,
seven_years_war_1756_08_01,TERRESTRIAL_HEX,h6000_q-000412_r+001263,src_9d6f03b5c85f,hsrc_34735c52ef0d,hev_63418cd6ce49|hev_886d8a602567,hbf_9982d6cab487,hsub_meissen_electoral_saxony_core,MEDIUM,promo_115617644595,MAPGEN-014,provenance rewritten by a reviewed revision; the superseded promotion stays in the log,
seven_years_war_1756_08_01,TERRESTRIAL_HEX,h6000_q-000408_r+001263,src_9d6f03b5c85f,hsrc_34735c52ef0d,hev_63418cd6ce49|hev_886d8a602567,hbf_9982d6cab487,hsub_meissen_electoral_saxony_core,MEDIUM,promo_115617644595,MAPGEN-014,provenance rewritten by a reviewed revision; the superseded promotion stays in the log,
seven_years_war_1756_08_01,TERRESTRIAL_HEX,h6000_q-000407_r+001263,src_9d6f03b5c85f,hsrc_34735c52ef0d,hev_63418cd6ce49|hev_886d8a602567,hbf_9982d6cab487,hsub_meissen_electoral_saxony_core,MEDIUM,promo_115617644595,MAPGEN-014,provenance rewritten by a reviewed revision; the superseded promotion stays in the log,
seven_years_war_1756_08_01,TERRESTRIAL_HEX,h6000_q-000406_r+001263,src_9d6f03b5c85f,hsrc_34735c52ef0d,hev_63418cd6ce49|hev_886d8a602567,hbf_9982d6cab487,hsub_meissen_electoral_saxony_core,MEDIUM,promo_115617644595,MAPGEN-014,provenance rewritten by a reviewed revision; the superseded promotion stays in the log,
seven_years_war_1756_08_01,TERRESTRIAL_HEX,h6000_q-000405_r+001263,src_9d6f03b5c85f,hsrc_34735c52ef0d,hev_63418cd6ce49|hev_886d8a602567,hbf_9982d6cab487,hsub_meissen_electoral_saxony_core,MEDIUM,promo_115617644595,MAPGEN-014,provenance rewritten by a reviewed revision; the superseded promotion stays in the log,
seven_years_war_1756_08_01,TERRESTRIAL_HEX,h6000_q-000391_r+001263,src_9d6f03b5c85f,hsrc_34735c52ef0d,hev_63418cd6ce49|hev_886d8a602567,hbf_9982d6cab487,hsub_meissen_electoral_saxony_core,MEDIUM,promo_115617644595,MAPGEN-014,provenance rewritten by a reviewed revision; the superseded promotion stays in the log,
seven_years_war_1756_08_01,TERRESTRIAL_HEX,h6000_q-000390_r+001263,src_9d6f03b5c85f,hsrc_34735c52ef0d,hev_63418cd6ce49|hev_886d8a602567,hbf_9982d6cab487,hsub_meissen_electoral_saxony_core,MEDIUM,promo_115617644595,MAPGEN-014,provenance rewritten by a reviewed revision; the superseded promotion stays in the log,
seven_years_war_1756_08_01,TERRESTRIAL_HEX,h6000_q-000386_r+001263,src_9d6f03b5c85f,hsrc_34735c52ef0d,hev_63418cd6ce49|hev_886d8a602567,hbf_9982d6cab487,hsub_meissen_electoral_saxony_core,MEDIUM,promo_115617644595,MAPGEN-014,provenance rewritten by a reviewed revision; the superseded promotion stays in the log,
seven_years_war_1756_08_01,TERRESTRIAL_HEX,h6000_q-000385_r+001263,src_9d6f03b5c85f,hsrc_34735c52ef0d,hev_63418cd6ce49|hev_886d8a602567,hbf_9982d6cab487,hsub_meissen_electoral_saxony_core,MEDIUM,promo_115617644595,MAPGEN-014,provenance rewritten by a reviewed revision; the superseded promotion stays in the log,
seven_years_war_1756_08_01,TERRESTRIAL_HEX,h6000_q-000384_r+001263,src_9d6f03b5c85f,hsrc_34735c52ef0d,hev_63418cd6ce49|hev_886d8a602567,hbf_9982d6cab487,hsub_meissen_electoral_saxony_core,MEDIUM,promo_115617644595,MAPGEN-014,provenance rewritten by a reviewed revision; the superseded promotion stays in the log,
seven_years_war_1756_08_01,TERRESTRIAL_HEX,h6000_q-000382_r+001263,src_9d6f03b5c85f,hsrc_34735c52ef0d,hev_63418cd6ce49|hev_886d8a602567,hbf_9982d6cab487,hsub_meissen_electoral_saxony_core,MEDIUM,promo_115617644595,MAPGEN-014,provenance rewritten by a reviewed revision; the superseded promotion stays in the log,
seven_years_war_1756_08_01,TERRESTRIAL_HEX,h6000_q-000381_r+001263,src_9d6f03b5c85f,hsrc_34735c52ef0d,hev_63418cd6ce49|hev_886d8a602567,hbf_9982d6cab487,hsub_meissen_electoral_saxony_core,MEDIUM,promo_115617644595,MAPGEN-014,provenance rewritten by a reviewed revision; the superseded promotion stays in the log,
seven_years_war_1756_08_01,TERRESTRIAL_HEX,h6000_q-000413_r+001264,src_9d6f03b5c85f,hsrc_34735c52ef0d,hev_63418cd6ce49|hev_886d8a602567,hbf_9982d6cab487,hsub_meissen_electoral_saxony_core,MEDIUM,promo_115617644595,MAPGEN-014,provenance rewritten by a reviewed revision; the superseded promotion stays in the log,
seven_years_war_1756_08_01,TERRESTRIAL_HEX,h6000_q-000412_r+001264,src_9d6f03b5c85f,hsrc_34735c52ef0d,hev_63418cd6ce49|hev_886d8a602567,hbf_9982d6cab487,hsub_meissen_electoral_saxony_core,MEDIUM,promo_115617644595,MAPGEN-014,provenance rewritten by a reviewed revision; the superseded promotion stays in the log,
seven_years_war_1756_08_01,TERRESTRIAL_HEX,h6000_q-000409_r+001264,src_9d6f03b5c85f,hsrc_34735c52ef0d,hev_63418cd6ce49|hev_886d8a602567,hbf_9982d6cab487,hsub_meissen_electoral_saxony_core,MEDIUM,promo_115617644595,MAPGEN-014,provenance rewritten by a reviewed revision; the superseded promotion stays in the log,
seven_years_war_1756_08_01,TERRESTRIAL_HEX,h6000_q-000408_r+001264,src_9d6f03b5c85f,hsrc_34735c52ef0d,hev_63418cd6ce49|hev_886d8a602567,hbf_9982d6cab487,hsub_meissen_electoral_saxony_core,MEDIUM,promo_115617644595,MAPGEN-014,provenance rewritten by a reviewed revision; the superseded promotion stays in the log,
seven_years_war_1756_08_01,TERRESTRIAL_HEX,h6000_q-000406_r+001264,src_9d6f03b5c85f,hsrc_34735c52ef0d,hev_63418cd6ce49|hev_886d8a602567,hbf_9982d6cab487,hsub_meissen_electoral_saxony_core,MEDIUM,promo_115617644595,MAPGEN-014,provenance rewritten by a reviewed revision; the superseded promotion stays in the log,
seven_years_war_1756_08_01,TERRESTRIAL_HEX,h6000_q-000405_r+001264,src_9d6f03b5c85f,hsrc_34735c52ef0d,hev_63418cd6ce49|hev_886d8a602567,hbf_9982d6cab487,hsub_meissen_electoral_saxony_core,MEDIUM,promo_115617644595,MAPGEN-014,provenance rewritten by a reviewed revision; the superseded promotion stays in the log,
seven_years_war_1756_08_01,TERRESTRIAL_HEX,h6000_q-000393_r+001264,src_9d6f03b5c85f,hsrc_34735c52ef0d,hev_63418cd6ce49|hev_886d8a602567,hbf_9982d6cab487,hsub_meissen_electoral_saxony_core,MEDIUM,promo_115617644595,MAPGEN-014,provenance rewritten by a reviewed revision; the superseded promotion stays in the log,
seven_years_war_1756_08_01,TERRESTRIAL_HEX,h6000_q-000392_r+001264,src_9d6f03b5c85f,hsrc_34735c52ef0d,hev_63418cd6ce49|hev_886d8a602567,hbf_9982d6cab487,hsub_meissen_electoral_saxony_core,MEDIUM,promo_115617644595,MAPGEN-014,provenance rewritten by a reviewed revision; the superseded promotion stays in the log,
seven_years_war_1756_08_01,TERRESTRIAL_HEX,h6000_q-000391_r+001264,src_9d6f03b5c85f,hsrc_34735c52ef0d,hev_63418cd6ce49|hev_886d8a602567,hbf_9982d6cab487,hsub_meissen_electoral_saxony_core,MEDIUM,promo_115617644595,MAPGEN-014,provenance rewritten by a reviewed revision; the superseded promotion stays in the log,
seven_years_war_1756_08_01,TERRESTRIAL_HEX,h6000_q-000390_r+001264,src_9d6f03b5c85f,hsrc_34735c52ef0d,hev_63418cd6ce49|hev_886d8a602567,hbf_9982d6cab487,hsub_meissen_electoral_saxony_core,MEDIUM,promo_115617644595,MAPGEN-014,provenance rewritten by a reviewed revision; the superseded promotion stays in the log,
seven_years_war_1756_08_01,TERRESTRIAL_HEX,h6000_q-000389_r+001264,src_9d6f03b5c85f,hsrc_34735c52ef0d,hev_63418cd6ce49|hev_886d8a602567,hbf_9982d6cab487,hsub_meissen_electoral_saxony_core,MEDIUM,promo_115617644595,MAPGEN-014,provenance rewritten by a reviewed revision; the superseded promotion stays in the log,
seven_years_war_1756_08_01,TERRESTRIAL_HEX,h6000_q-000385_r+001264,src_9d6f03b5c85f,hsrc_34735c52ef0d,hev_63418cd6ce49|hev_886d8a602567,hbf_9982d6cab487,hsub_meissen_electoral_saxony_core,MEDIUM,promo_115617644595,MAPGEN-014,provenance rewritten by a reviewed revision; the superseded promotion stays in the log,
seven_years_war_1756_08_01,TERRESTRIAL_HEX,h6000_q-000384_r+001264,src_9d6f03b5c85f,hsrc_34735c52ef0d,hev_63418cd6ce49|hev_886d8a602567,hbf_9982d6cab487,hsub_meissen_electoral_saxony_core,MEDIUM,promo_115617644595,MAPGEN-014,provenance rewritten by a reviewed revision; the superseded promotion stays in the log,
seven_years_war_1756_08_01,TERRESTRIAL_HEX,h6000_q-000383_r+001264,src_9d6f03b5c85f,hsrc_34735c52ef0d,hev_63418cd6ce49|hev_886d8a602567,hbf_9982d6cab487,hsub_meissen_electoral_saxony_core,MEDIUM,promo_115617644595,MAPGEN-014,provenance rewritten by a reviewed revision; the superseded promotion stays in the log,
seven_years_war_1756_08_01,TERRESTRIAL_HEX,h6000_q-000382_r+001264,src_9d6f03b5c85f,hsrc_34735c52ef0d,hev_63418cd6ce49|hev_886d8a602567,hbf_9982d6cab487,hsub_meissen_electoral_saxony_core,MEDIUM,promo_115617644595,MAPGEN-014,provenance rewritten by a reviewed revision; the superseded promotion stays in the log,
seven_years_war_1756_08_01,TERRESTRIAL_HEX,h6000_q-000413_r+001265,src_9d6f03b5c85f,hsrc_34735c52ef0d,hev_63418cd6ce49|hev_886d8a602567,hbf_9982d6cab487,hsub_meissen_electoral_saxony_core,MEDIUM,promo_115617644595,MAPGEN-014,provenance rewritten by a reviewed revision; the superseded promotion stays in the log,
seven_years_war_1756_08_01,TERRESTRIAL_HEX,h6000_q-000410_r+001265,src_9d6f03b5c85f,hsrc_34735c52ef0d,hev_63418cd6ce49|hev_886d8a602567,hbf_9982d6cab487,hsub_meissen_electoral_saxony_core,MEDIUM,promo_115617644595,MAPGEN-014,provenance rewritten by a reviewed revision; the superseded promotion stays in the log,
seven_years_war_1756_08_01,TERRESTRIAL_HEX,h6000_q-000409_r+001265,src_9d6f03b5c85f,hsrc_34735c52ef0d,hev_63418cd6ce49|hev_886d8a602567,hbf_9982d6cab487,hsub_meissen_electoral_saxony_core,MEDIUM,promo_115617644595,MAPGEN-014,provenance rewritten by a reviewed revision; the superseded promotion stays in the log,
seven_years_war_1756_08_01,TERRESTRIAL_HEX,h6000_q-000407_r+001265,src_9d6f03b5c85f,hsrc_34735c52ef0d,hev_63418cd6ce49|hev_886d8a602567,hbf_9982d6cab487,hsub_meissen_electoral_saxony_core,MEDIUM,promo_115617644595,MAPGEN-014,provenance rewritten by a reviewed revision; the superseded promotion stays in the log,
seven_years_war_1756_08_01,TERRESTRIAL_HEX,h6000_q-000406_r+001265,src_9d6f03b5c85f,hsrc_34735c52ef0d,hev_63418cd6ce49|hev_886d8a602567,hbf_9982d6cab487,hsub_meissen_electoral_saxony_core,MEDIUM,promo_115617644595,MAPGEN-014,provenance rewritten by a reviewed revision; the superseded promotion stays in the log,
seven_years_war_1756_08_01,TERRESTRIAL_HEX,h6000_q-000394_r+001265,src_9d6f03b5c85f,hsrc_34735c52ef0d,hev_63418cd6ce49|hev_886d8a602567,hbf_9982d6cab487,hsub_meissen_electoral_saxony_core,MEDIUM,promo_115617644595,MAPGEN-014,provenance rewritten by a reviewed revision; the superseded promotion stays in the log,
seven_years_war_1756_08_01,TERRESTRIAL_HEX,h6000_q-000393_r+001265,src_9d6f03b5c85f,hsrc_34735c52ef0d,hev_63418cd6ce49|hev_886d8a602567,hbf_9982d6cab487,hsub_meissen_electoral_saxony_core,MEDIUM,promo_115617644595,MAPGEN-014,provenance rewritten by a reviewed revision; the superseded promotion stays in the log,
seven_years_war_1756_08_01,TERRESTRIAL_HEX,h6000_q-000390_r+001265,src_9d6f03b5c85f,hsrc_34735c52ef0d,hev_63418cd6ce49|hev_886d8a602567,hbf_9982d6cab487,hsub_meissen_electoral_saxony_core,MEDIUM,promo_115617644595,MAPGEN-014,provenance rewritten by a reviewed revision; the superseded promotion stays in the log,
seven_years_war_1756_08_01,TERRESTRIAL_HEX,h6000_q-000389_r+001265,src_9d6f03b5c85f,hsrc_34735c52ef0d,hev_63418cd6ce49|hev_886d8a602567,hbf_9982d6cab487,hsub_meissen_electoral_saxony_core,MEDIUM,promo_115617644595,MAPGEN-014,provenance rewritten by a reviewed revision; the superseded promotion stays in the log,
seven_years_war_1756_08_01,TERRESTRIAL_HEX,h6000_q-000384_r+001265,src_9d6f03b5c85f,hsrc_34735c52ef0d,hev_63418cd6ce49|hev_886d8a602567,hbf_9982d6cab487,hsub_meissen_electoral_saxony_core,MEDIUM,promo_115617644595,MAPGEN-014,provenance rewritten by a reviewed revision; the superseded promotion stays in the log,
seven_years_war_1756_08_01,TERRESTRIAL_HEX,h6000_q-000383_r+001265,src_9d6f03b5c85f,hsrc_34735c52ef0d,hev_63418cd6ce49|hev_886d8a602567,hbf_9982d6cab487,hsub_meissen_electoral_saxony_core,MEDIUM,promo_115617644595,MAPGEN-014,provenance rewritten by a reviewed revision; the superseded promotion stays in the log,
seven_years_war_1756_08_01,TERRESTRIAL_HEX,h6000_q-000382_r+001265,src_9d6f03b5c85f,hsrc_34735c52ef0d,hev_63418cd6ce49|hev_886d8a602567,hbf_9982d6cab487,hsub_meissen_electoral_saxony_core,MEDIUM,promo_115617644595,MAPGEN-014,provenance rewritten by a reviewed revision; the superseded promotion stays in the log,
seven_years_war_1756_08_01,TERRESTRIAL_HEX,h6000_q-000414_r+001266,src_9d6f03b5c85f,hsrc_34735c52ef0d,hev_63418cd6ce49|hev_886d8a602567,hbf_9982d6cab487,hsub_meissen_electoral_saxony_core,MEDIUM,promo_115617644595,MAPGEN-014,provenance rewritten by a reviewed revision; the superseded promotion stays in the log,
seven_years_war_1756_08_01,TERRESTRIAL_HEX,h6000_q-000413_r+001266,src_9d6f03b5c85f,hsrc_34735c52ef0d,hev_63418cd6ce49|hev_886d8a602567,hbf_9982d6cab487,hsub_meissen_electoral_saxony_core,MEDIUM,promo_115617644595,MAPGEN-014,provenance rewritten by a reviewed revision; the superseded promotion stays in the log,
seven_years_war_1756_08_01,TERRESTRIAL_HEX,h6000_q-000410_r+001266,src_9d6f03b5c85f,hsrc_34735c52ef0d,hev_63418cd6ce49|hev_886d8a602567,hbf_9982d6cab487,hsub_meissen_electoral_saxony_core,MEDIUM,promo_115617644595,MAPGEN-014,provenance rewritten by a reviewed revision; the superseded promotion stays in the log,
seven_years_war_1756_08_01,TERRESTRIAL_HEX,h6000_q-000409_r+001266,src_9d6f03b5c85f,hsrc_34735c52ef0d,hev_63418cd6ce49|hev_886d8a602567,hbf_9982d6cab487,hsub_meissen_electoral_saxony_core,MEDIUM,promo_115617644595,MAPGEN-014,provenance rewritten by a reviewed revision; the superseded promotion stays in the log,
seven_years_war_1756_08_01,TERRESTRIAL_HEX,h6000_q-000408_r+001266,src_9d6f03b5c85f,hsrc_34735c52ef0d,hev_63418cd6ce49|hev_886d8a602567,hbf_9982d6cab487,hsub_meissen_electoral_saxony_core,MEDIUM,promo_115617644595,MAPGEN-014,provenance rewritten by a reviewed revision; the superseded promotion stays in the log,
seven_years_war_1756_08_01,TERRESTRIAL_HEX,h6000_q-000407_r+001266,src_9d6f03b5c85f,hsrc_34735c52ef0d,hev_63418cd6ce49|hev_886d8a602567,hbf_9982d6cab487,hsub_meissen_electoral_saxony_core,MEDIUM,promo_115617644595,MAPGEN-014,provenance rewritten by a reviewed revision; the superseded promotion stays in the log,
seven_years_war_1756_08_01,TERRESTRIAL_HEX,h6000_q-000394_r+001266,src_9d6f03b5c85f,hsrc_34735c52ef0d,hev_63418cd6ce49|hev_886d8a602567,hbf_9982d6cab487,hsub_meissen_electoral_saxony_core,MEDIUM,promo_115617644595,MAPGEN-014,provenance rewritten by a reviewed revision; the superseded promotion stays in the log,
seven_years_war_1756_08_01,TERRESTRIAL_HEX,h6000_q-000393_r+001266,src_9d6f03b5c85f,hsrc_34735c52ef0d,hev_63418cd6ce49|hev_886d8a602567,hbf_9982d6cab487,hsub_meissen_electoral_saxony_core,MEDIUM,promo_115617644595,MAPGEN-014,provenance rewritten by a reviewed revision; the superseded promotion stays in the log,
seven_years_war_1756_08_01,TERRESTRIAL_HEX,h6000_q-000391_r+001266,src_9d6f03b5c85f,hsrc_34735c52ef0d,hev_63418cd6ce49|hev_886d8a602567,hbf_9982d6cab487,hsub_meissen_electoral_saxony_core,MEDIUM,promo_115617644595,MAPGEN-014,provenance rewritten by a reviewed revision; the superseded promotion stays in the log,
seven_years_war_1756_08_01,TERRESTRIAL_HEX,h6000_q-000390_r+001266,src_9d6f03b5c85f,hsrc_34735c52ef0d,hev_63418cd6ce49|hev_886d8a602567,hbf_9982d6cab487,hsub_meissen_electoral_saxony_core,MEDIUM,promo_115617644595,MAPGEN-014,provenance rewritten by a reviewed revision; the superseded promotion stays in the log,
seven_years_war_1756_08_01,TERRESTRIAL_HEX,h6000_q-000383_r+001266,src_9d6f03b5c85f,hsrc_34735c52ef0d,hev_63418cd6ce49|hev_886d8a602567,hbf_9982d6cab487,hsub_meissen_electoral_saxony_core,MEDIUM,promo_115617644595,MAPGEN-014,provenance rewritten by a reviewed revision; the superseded promotion stays in the log,
seven_years_war_1756_08_01,TERRESTRIAL_HEX,h6000_q-000382_r+001266,src_9d6f03b5c85f,hsrc_34735c52ef0d,hev_63418cd6ce49|hev_886d8a602567,hbf_9982d6cab487,hsub_meissen_electoral_saxony_core,MEDIUM,promo_115617644595,MAPGEN-014,provenance rewritten by a reviewed revision; the superseded promotion stays in the log,
seven_years_war_1756_08_01,TERRESTRIAL_HEX,h6000_q-000381_r+001266,src_9d6f03b5c85f,hsrc_34735c52ef0d,hev_63418cd6ce49|hev_886d8a602567,hbf_9982d6cab487,hsub_meissen_electoral_saxony_core,MEDIUM,promo_115617644595,MAPGEN-014,provenance rewritten by a reviewed revision; the superseded promotion stays in the log,
seven_years_war_1756_08_01,TERRESTRIAL_HEX,h6000_q-000377_r+001266,src_9d6f03b5c85f,hsrc_34735c52ef0d,hev_63418cd6ce49|hev_886d8a602567,hbf_9982d6cab487,hsub_meissen_electoral_saxony_core,MEDIUM,promo_115617644595,MAPGEN-014,provenance rewritten by a reviewed revision; the superseded promotion stays in the log,
seven_years_war_1756_08_01,TERRESTRIAL_HEX,h6000_q-000416_r+001267,src_9d6f03b5c85f,hsrc_34735c52ef0d,hev_63418cd6ce49|hev_886d8a602567,hbf_9982d6cab487,hsub_meissen_electoral_saxony_core,MEDIUM,promo_115617644595,MAPGEN-014,provenance rewritten by a reviewed revision; the superseded promotion stays in the log,
seven_years_war_1756_08_01,TERRESTRIAL_HEX,h6000_q-000415_r+001267,src_9d6f03b5c85f,hsrc_34735c52ef0d,hev_63418cd6ce49|hev_886d8a602567,hbf_9982d6cab487,hsub_meissen_electoral_saxony_core,MEDIUM,promo_115617644595,MAPGEN-014,provenance rewritten by a reviewed revision; the superseded promotion stays in the log,
seven_years_war_1756_08_01,TERRESTRIAL_HEX,h6000_q-000414_r+001267,src_9d6f03b5c85f,hsrc_34735c52ef0d,hev_63418cd6ce49|hev_886d8a602567,hbf_9982d6cab487,hsub_meissen_electoral_saxony_core,MEDIUM,promo_115617644595,MAPGEN-014,provenance rewritten by a reviewed revision; the superseded promotion stays in the log,
seven_years_war_1756_08_01,TERRESTRIAL_HEX,h6000_q-000409_r+001267,src_9d6f03b5c85f,hsrc_34735c52ef0d,hev_63418cd6ce49|hev_886d8a602567,hbf_9982d6cab487,hsub_meissen_electoral_saxony_core,MEDIUM,promo_115617644595,MAPGEN-014,provenance rewritten by a reviewed revision; the superseded promotion stays in the log,
seven_years_war_1756_08_01,TERRESTRIAL_HEX,h6000_q-000394_r+001267,src_9d6f03b5c85f,hsrc_34735c52ef0d,hev_63418cd6ce49|hev_886d8a602567,hbf_9982d6cab487,hsub_meissen_electoral_saxony_core,MEDIUM,promo_115617644595,MAPGEN-014,provenance rewritten by a reviewed revision; the superseded promotion stays in the log,
seven_years_war_1756_08_01,TERRESTRIAL_HEX,h6000_q-000393_r+001267,src_9d6f03b5c85f,hsrc_34735c52ef0d,hev_63418cd6ce49|hev_886d8a602567,hbf_9982d6cab487,hsub_meissen_electoral_saxony_core,MEDIUM,promo_115617644595,MAPGEN-014,provenance rewritten by a reviewed revision; the superseded promotion stays in the log,
seven_years_war_1756_08_01,TERRESTRIAL_HEX,h6000_q-000392_r+001267,src_9d6f03b5c85f,hsrc_34735c52ef0d,hev_63418cd6ce49|hev_886d8a602567,hbf_9982d6cab487,hsub_meissen_electoral_saxony_core,MEDIUM,promo_115617644595,MAPGEN-014,provenance rewritten by a reviewed revision; the superseded promotion stays in the log,
seven_years_war_1756_08_01,TERRESTRIAL_HEX,h6000_q-000391_r+001267,src_9d6f03b5c85f,hsrc_34735c52ef0d,hev_63418cd6ce49|hev_886d8a602567,hbf_9982d6cab487,hsub_meissen_electoral_saxony_core,MEDIUM,promo_115617644595,MAPGEN-014,provenance rewritten by a reviewed revision; the superseded promotion stays in the log,
seven_years_war_1756_08_01,TERRESTRIAL_HEX,h6000_q-000382_r+001267,src_9d6f03b5c85f,hsrc_34735c52ef0d,hev_63418cd6ce49|hev_886d8a602567,hbf_9982d6cab487,hsub_meissen_electoral_saxony_core,MEDIUM,promo_115617644595,MAPGEN-014,provenance rewritten by a reviewed revision; the superseded promotion stays in the log,
seven_years_war_1756_08_01,TERRESTRIAL_HEX,h6000_q-000381_r+001267,src_9d6f03b5c85f,hsrc_34735c52ef0d,hev_63418cd6ce49|hev_886d8a602567,hbf_9982d6cab487,hsub_meissen_electoral_saxony_core,MEDIUM,promo_115617644595,MAPGEN-014,provenance rewritten by a reviewed revision; the superseded promotion stays in the log,
seven_years_war_1756_08_01,TERRESTRIAL_HEX,h6000_q-000380_r+001267,src_9d6f03b5c85f,hsrc_34735c52ef0d,hev_63418cd6ce49|hev_886d8a602567,hbf_9982d6cab487,hsub_meissen_electoral_saxony_core,MEDIUM,promo_115617644595,MAPGEN-014,provenance rewritten by a reviewed revision; the superseded promotion stays in the log,
seven_years_war_1756_08_01,TERRESTRIAL_HEX,h6000_q-000379_r+001267,src_9d6f03b5c85f,hsrc_34735c52ef0d,hev_63418cd6ce49|hev_886d8a602567,hbf_9982d6cab487,hsub_meissen_electoral_saxony_core,MEDIUM,promo_115617644595,MAPGEN-014,provenance rewritten by a reviewed revision; the superseded promotion stays in the log,
seven_years_war_1756_08_01,TERRESTRIAL_HEX,h6000_q-000378_r+001267,src_9d6f03b5c85f,hsrc_34735c52ef0d,hev_63418cd6ce49|hev_886d8a602567,hbf_9982d6cab487,hsub_meissen_electoral_saxony_core,MEDIUM,promo_115617644595,MAPGEN-014,provenance rewritten by a reviewed revision; the superseded promotion stays in the log,
seven_years_war_1756_08_01,TERRESTRIAL_HEX,h6000_q-000417_r+001268,src_9d6f03b5c85f,hsrc_34735c52ef0d,hev_63418cd6ce49|hev_886d8a602567,hbf_9982d6cab487,hsub_meissen_electoral_saxony_core,MEDIUM,promo_115617644595,MAPGEN-014,provenance rewritten by a reviewed revision; the superseded promotion stays in the log,
seven_years_war_1756_08_01,TERRESTRIAL_HEX,h6000_q-000416_r+001268,src_9d6f03b5c85f,hsrc_34735c52ef0d,hev_63418cd6ce49|hev_886d8a602567,hbf_9982d6cab487,hsub_meissen_electoral_saxony_core,MEDIUM,promo_115617644595,MAPGEN-014,provenance rewritten by a reviewed revision; the superseded promotion stays in the log,
seven_years_war_1756_08_01,TERRESTRIAL_HEX,h6000_q-000415_r+001268,src_9d6f03b5c85f,hsrc_34735c52ef0d,hev_63418cd6ce49|hev_886d8a602567,hbf_9982d6cab487,hsub_meissen_electoral_saxony_core,MEDIUM,promo_115617644595,MAPGEN-014,provenance rewritten by a reviewed revision; the superseded promotion stays in the log,
seven_years_war_1756_08_01,TERRESTRIAL_HEX,h6000_q-000414_r+001268,src_9d6f03b5c85f,hsrc_34735c52ef0d,hev_63418cd6ce49|hev_886d8a602567,hbf_9982d6cab487,hsub_meissen_electoral_saxony_core,MEDIUM,promo_115617644595,MAPGEN-014,provenance rewritten by a reviewed revision; the superseded promotion stays in the log,
seven_years_war_1756_08_01,TERRESTRIAL_HEX,h6000_q-000394_r+001268,src_9d6f03b5c85f,hsrc_34735c52ef0d,hev_63418cd6ce49|hev_886d8a602567,hbf_9982d6cab487,hsub_meissen_electoral_saxony_core,MEDIUM,promo_115617644595,MAPGEN-014,provenance rewritten by a reviewed revision; the superseded promotion stays in the log,
seven_years_war_1756_08_01,TERRESTRIAL_HEX,h6000_q-000393_r+001268,src_9d6f03b5c85f,hsrc_34735c52ef0d,hev_63418cd6ce49|hev_886d8a602567,hbf_9982d6cab487,hsub_meissen_electoral_saxony_core,MEDIUM,promo_115617644595,MAPGEN-014,provenance rewritten by a reviewed revision; the superseded promotion stays in the log,
seven_years_war_1756_08_01,TERRESTRIAL_HEX,h6000_q-000392_r+001268,src_9d6f03b5c85f,hsrc_34735c52ef0d,hev_63418cd6ce49|hev_886d8a602567,hbf_9982d6cab487,hsub_meissen_electoral_saxony_core,MEDIUM,promo_115617644595,MAPGEN-014,provenance rewritten by a reviewed revision; the superseded promotion stays in the log,
seven_years_war_1756_08_01,TERRESTRIAL_HEX,h6000_q-000381_r+001268,src_9d6f03b5c85f,hsrc_34735c52ef0d,hev_63418cd6ce49|hev_886d8a602567,hbf_9982d6cab487,hsub_meissen_electoral_saxony_core,MEDIUM,promo_115617644595,MAPGEN-014,provenance rewritten by a reviewed revision; the superseded promotion stays in the log,
seven_years_war_1756_08_01,TERRESTRIAL_HEX,h6000_q-000380_r+001268,src_9d6f03b5c85f,hsrc_34735c52ef0d,hev_63418cd6ce49|hev_886d8a602567,hbf_9982d6cab487,hsub_meissen_electoral_saxony_core,MEDIUM,promo_115617644595,MAPGEN-014,provenance rewritten by a reviewed revision; the superseded promotion stays in the log,
seven_years_war_1756_08_01,TERRESTRIAL_HEX,h6000_q-000379_r+001268,src_9d6f03b5c85f,hsrc_34735c52ef0d,hev_63418cd6ce49|hev_886d8a602567,hbf_9982d6cab487,hsub_meissen_electoral_saxony_core,MEDIUM,promo_115617644595,MAPGEN-014,provenance rewritten by a reviewed revision; the superseded promotion stays in the log,
seven_years_war_1756_08_01,TERRESTRIAL_HEX,h6000_q-000378_r+001268,src_9d6f03b5c85f,hsrc_34735c52ef0d,hev_63418cd6ce49|hev_886d8a602567,hbf_9982d6cab487,hsub_meissen_electoral_saxony_core,MEDIUM,promo_115617644595,MAPGEN-014,provenance rewritten by a reviewed revision; the superseded promotion stays in the log,
seven_years_war_1756_08_01,TERRESTRIAL_HEX,h6000_q-000377_r+001268,src_9d6f03b5c85f,hsrc_34735c52ef0d,hev_63418cd6ce49|hev_886d8a602567,hbf_9982d6cab487,hsub_meissen_electoral_saxony_core,MEDIUM,promo_115617644595,MAPGEN-014,provenance rewritten by a reviewed revision; the superseded promotion stays in the log,
seven_years_war_1756_08_01,TERRESTRIAL_HEX,h6000_q-000376_r+001268,src_9d6f03b5c85f,hsrc_34735c52ef0d,hev_63418cd6ce49|hev_886d8a602567,hbf_9982d6cab487,hsub_meissen_electoral_saxony_core,MEDIUM,promo_115617644595,MAPGEN-014,provenance rewritten by a reviewed revision; the superseded promotion stays in the log,
seven_years_war_1756_08_01,TERRESTRIAL_HEX,h6000_q-000419_r+001269,src_9d6f03b5c85f,hsrc_34735c52ef0d,hev_63418cd6ce49|hev_886d8a602567,hbf_9982d6cab487,hsub_meissen_electoral_saxony_core,MEDIUM,promo_115617644595,MAPGEN-014,provenance rewritten by a reviewed revision; the superseded promotion stays in the log,
seven_years_war_1756_08_01,TERRESTRIAL_HEX,h6000_q-000418_r+001269,src_9d6f03b5c85f,hsrc_34735c52ef0d,hev_63418cd6ce49|hev_886d8a602567,hbf_9982d6cab487,hsub_meissen_electoral_saxony_core,MEDIUM,promo_115617644595,MAPGEN-014,provenance rewritten by a reviewed revision; the superseded promotion stays in the log,
seven_years_war_1756_08_01,TERRESTRIAL_HEX,h6000_q-000417_r+001269,src_9d6f03b5c85f,hsrc_34735c52ef0d,hev_63418cd6ce49|hev_886d8a602567,hbf_9982d6cab487,hsub_meissen_electoral_saxony_core,MEDIUM,promo_115617644595,MAPGEN-014,provenance rewritten by a reviewed revision; the superseded promotion stays in the log,
seven_years_war_1756_08_01,TERRESTRIAL_HEX,h6000_q-000416_r+001269,src_9d6f03b5c85f,hsrc_34735c52ef0d,hev_63418cd6ce49|hev_886d8a602567,hbf_9982d6cab487,hsub_meissen_electoral_saxony_core,MEDIUM,promo_115617644595,MAPGEN-014,provenance rewritten by a reviewed revision; the superseded promotion stays in the log,
seven_years_war_1756_08_01,TERRESTRIAL_HEX,h6000_q-000415_r+001269,src_9d6f03b5c85f,hsrc_34735c52ef0d,hev_63418cd6ce49|hev_886d8a602567,hbf_9982d6cab487,hsub_meissen_electoral_saxony_core,MEDIUM,promo_115617644595,MAPGEN-014,provenance rewritten by a reviewed revision; the superseded promotion stays in the log,
seven_years_war_1756_08_01,TERRESTRIAL_HEX,h6000_q-000414_r+001269,src_9d6f03b5c85f,hsrc_34735c52ef0d,hev_63418cd6ce49|hev_886d8a602567,hbf_9982d6cab487,hsub_meissen_electoral_saxony_core,MEDIUM,promo_115617644595,MAPGEN-014,provenance rewritten by a reviewed revision; the superseded promotion stays in the log,
seven_years_war_1756_08_01,TERRESTRIAL_HEX,h6000_q-000408_r+001269,src_9d6f03b5c85f,hsrc_34735c52ef0d,hev_63418cd6ce49|hev_886d8a602567,hbf_9982d6cab487,hsub_meissen_electoral_saxony_core,MEDIUM,promo_115617644595,MAPGEN-014,provenance rewritten by a reviewed revision; the superseded promotion stays in the log,
seven_years_war_1756_08_01,TERRESTRIAL_HEX,h6000_q-000407_r+001269,src_9d6f03b5c85f,hsrc_34735c52ef0d,hev_63418cd6ce49|hev_886d8a602567,hbf_9982d6cab487,hsub_meissen_electoral_saxony_core,MEDIUM,promo_115617644595,MAPGEN-014,provenance rewritten by a reviewed revision; the superseded promotion stays in the log,
seven_years_war_1756_08_01,TERRESTRIAL_HEX,h6000_q-000378_r+001269,src_9d6f03b5c85f,hsrc_34735c52ef0d,hev_63418cd6ce49|hev_886d8a602567,hbf_9982d6cab487,hsub_meissen_electoral_saxony_core,MEDIUM,promo_115617644595,MAPGEN-014,provenance rewritten by a reviewed revision; the superseded promotion stays in the log,
seven_years_war_1756_08_01,TERRESTRIAL_HEX,h6000_q-000377_r+001269,src_9d6f03b5c85f,hsrc_34735c52ef0d,hev_63418cd6ce49|hev_886d8a602567,hbf_9982d6cab487,hsub_meissen_electoral_saxony_core,MEDIUM,promo_115617644595,MAPGEN-014,provenance rewritten by a reviewed revision; the superseded promotion stays in the log,
seven_years_war_1756_08_01,TERRESTRIAL_HEX,h6000_q-000376_r+001269,src_9d6f03b5c85f,hsrc_34735c52ef0d,hev_63418cd6ce49|hev_886d8a602567,hbf_9982d6cab487,hsub_meissen_electoral_saxony_core,MEDIUM,promo_115617644595,MAPGEN-014,provenance rewritten by a reviewed revision; the superseded promotion stays in the log,
seven_years_war_1756_08_01,TERRESTRIAL_HEX,h6000_q-000375_r+001269,src_9d6f03b5c85f,hsrc_34735c52ef0d,hev_63418cd6ce49|hev_886d8a602567,hbf_9982d6cab487,hsub_meissen_electoral_saxony_core,MEDIUM,promo_115617644595,MAPGEN-014,provenance rewritten by a reviewed revision; the superseded promotion stays in the log,
seven_years_war_1756_08_01,TERRESTRIAL_HEX,h6000_q-000374_r+001269,src_9d6f03b5c85f,hsrc_34735c52ef0d,hev_63418cd6ce49|hev_886d8a602567,hbf_9982d6cab487,hsub_meissen_electoral_saxony_core,MEDIUM,promo_115617644595,MAPGEN-014,provenance rewritten by a reviewed revision; the superseded promotion stays in the log,
seven_years_war_1756_08_01,TERRESTRIAL_HEX,h6000_q-000373_r+001269,src_9d6f03b5c85f,hsrc_34735c52ef0d,hev_63418cd6ce49|hev_886d8a602567,hbf_9982d6cab487,hsub_meissen_electoral_saxony_core,MEDIUM,promo_115617644595,MAPGEN-014,provenance rewritten by a reviewed revision; the superseded promotion stays in the log,
seven_years_war_1756_08_01,TERRESTRIAL_HEX,h6000_q-000419_r+001270,src_9d6f03b5c85f,hsrc_34735c52ef0d,hev_63418cd6ce49|hev_886d8a602567,hbf_9982d6cab487,hsub_meissen_electoral_saxony_core,MEDIUM,promo_115617644595,MAPGEN-014,provenance rewritten by a reviewed revision; the superseded promotion stays in the log,
seven_years_war_1756_08_01,TERRESTRIAL_HEX,h6000_q-000418_r+001270,src_9d6f03b5c85f,hsrc_34735c52ef0d,hev_63418cd6ce49|hev_886d8a602567,hbf_9982d6cab487,hsub_meissen_electoral_saxony_core,MEDIUM,promo_115617644595,MAPGEN-014,provenance rewritten by a reviewed revision; the superseded promotion stays in the log,
seven_years_war_1756_08_01,TERRESTRIAL_HEX,h6000_q-000417_r+001270,src_9d6f03b5c85f,hsrc_34735c52ef0d,hev_63418cd6ce49|hev_886d8a602567,hbf_9982d6cab487,hsub_meissen_electoral_saxony_core,MEDIUM,promo_115617644595,MAPGEN-014,provenance rewritten by a reviewed revision; the superseded promotion stays in the log,
seven_years_war_1756_08_01,TERRESTRIAL_HEX,h6000_q-000415_r+001270,src_9d6f03b5c85f,hsrc_34735c52ef0d,hev_63418cd6ce49|hev_886d8a602567,hbf_9982d6cab487,hsub_meissen_electoral_saxony_core,MEDIUM,promo_115617644595,MAPGEN-014,provenance rewritten by a reviewed revision; the superseded promotion stays in the log,
seven_years_war_1756_08_01,TERRESTRIAL_HEX,h6000_q-000414_r+001270,src_9d6f03b5c85f,hsrc_34735c52ef0d,hev_63418cd6ce49|hev_886d8a602567,hbf_9982d6cab487,hsub_meissen_electoral_saxony_core,MEDIUM,promo_115617644595,MAPGEN-014,provenance rewritten by a reviewed revision; the superseded promotion stays in the log,
seven_years_war_1756_08_01,TERRESTRIAL_HEX,h6000_q-000412_r+001270,src_9d6f03b5c85f,hsrc_34735c52ef0d,hev_63418cd6ce49|hev_886d8a602567,hbf_9982d6cab487,hsub_meissen_electoral_saxony_core,MEDIUM,promo_115617644595,MAPGEN-014,provenance rewritten by a reviewed revision; the superseded promotion stays in the log,
seven_years_war_1756_08_01,TERRESTRIAL_HEX,h6000_q-000411_r+001270,src_9d6f03b5c85f,hsrc_34735c52ef0d,hev_63418cd6ce49|hev_886d8a602567,hbf_9982d6cab487,hsub_meissen_electoral_saxony_core,MEDIUM,promo_115617644595,MAPGEN-014,provenance rewritten by a reviewed revision; the superseded promotion stays in the log,
seven_years_war_1756_08_01,TERRESTRIAL_HEX,h6000_q-000410_r+001270,src_9d6f03b5c85f,hsrc_34735c52ef0d,hev_63418cd6ce49|hev_886d8a602567,hbf_9982d6cab487,hsub_meissen_electoral_saxony_core,MEDIUM,promo_115617644595,MAPGEN-014,provenance rewritten by a reviewed revision; the superseded promotion stays in the log,
seven_years_war_1756_08_01,TERRESTRIAL_HEX,h6000_q-000409_r+001270,src_9d6f03b5c85f,hsrc_34735c52ef0d,hev_63418cd6ce49|hev_886d8a602567,hbf_9982d6cab487,hsub_meissen_electoral_saxony_core,MEDIUM,promo_115617644595,MAPGEN-014,provenance rewritten by a reviewed revision; the superseded promotion stays in the log,
seven_years_war_1756_08_01,TERRESTRIAL_HEX,h6000_q-000408_r+001270,src_9d6f03b5c85f,hsrc_34735c52ef0d,hev_63418cd6ce49|hev_886d8a602567,hbf_9982d6cab487,hsub_meissen_electoral_saxony_core,MEDIUM,promo_115617644595,MAPGEN-014,provenance rewritten by a reviewed revision; the superseded promotion stays in the log,
seven_years_war_1756_08_01,TERRESTRIAL_HEX,h6000_q-000407_r+001270,src_9d6f03b5c85f,hsrc_34735c52ef0d,hev_63418cd6ce49|hev_886d8a602567,hbf_9982d6cab487,hsub_meissen_electoral_saxony_core,MEDIUM,promo_115617644595,MAPGEN-014,provenance rewritten by a reviewed revision; the superseded promotion stays in the log,
seven_years_war_1756_08_01,TERRESTRIAL_HEX,h6000_q-000406_r+001270,src_9d6f03b5c85f,hsrc_34735c52ef0d,hev_63418cd6ce49|hev_886d8a602567,hbf_9982d6cab487,hsub_meissen_electoral_saxony_core,MEDIUM,promo_115617644595,MAPGEN-014,provenance rewritten by a reviewed revision; the superseded promotion stays in the log,
seven_years_war_1756_08_01,TERRESTRIAL_HEX,h6000_q-000377_r+001270,src_9d6f03b5c85f,hsrc_34735c52ef0d,hev_63418cd6ce49|hev_886d8a602567,hbf_9982d6cab487,hsub_meissen_electoral_saxony_core,MEDIUM,promo_115617644595,MAPGEN-014,provenance rewritten by a reviewed revision; the superseded promotion stays in the log,
seven_years_war_1756_08_01,TERRESTRIAL_HEX,h6000_q-000376_r+001270,src_9d6f03b5c85f,hsrc_34735c52ef0d,hev_63418cd6ce49|hev_886d8a602567,hbf_9982d6cab487,hsub_meissen_electoral_saxony_core,MEDIUM,promo_115617644595,MAPGEN-014,provenance rewritten by a reviewed revision; the superseded promotion stays in the log,
seven_years_war_1756_08_01,TERRESTRIAL_HEX,h6000_q-000375_r+001270,src_9d6f03b5c85f,hsrc_34735c52ef0d,hev_63418cd6ce49|hev_886d8a602567,hbf_9982d6cab487,hsub_meissen_electoral_saxony_core,MEDIUM,promo_115617644595,MAPGEN-014,provenance rewritten by a reviewed revision; the superseded promotion stays in the log,
seven_years_war_1756_08_01,TERRESTRIAL_HEX,h6000_q-000374_r+001270,src_9d6f03b5c85f,hsrc_34735c52ef0d,hev_63418cd6ce49|hev_886d8a602567,hbf_9982d6cab487,hsub_meissen_electoral_saxony_core,MEDIUM,promo_115617644595,MAPGEN-014,provenance rewritten by a reviewed revision; the superseded promotion stays in the log,
seven_years_war_1756_08_01,TERRESTRIAL_HEX,h6000_q-000373_r+001270,src_9d6f03b5c85f,hsrc_34735c52ef0d,hev_63418cd6ce49|hev_886d8a602567,hbf_9982d6cab487,hsub_meissen_electoral_saxony_core,MEDIUM,promo_115617644595,MAPGEN-014,provenance rewritten by a reviewed revision; the superseded promotion stays in the log,
seven_years_war_1756_08_01,TERRESTRIAL_HEX,h6000_q-000372_r+001270,src_9d6f03b5c85f,hsrc_34735c52ef0d,hev_63418cd6ce49|hev_886d8a602567,hbf_9982d6cab487,hsub_meissen_electoral_saxony_core,MEDIUM,promo_115617644595,MAPGEN-014,provenance rewritten by a reviewed revision; the superseded promotion stays in the log,
seven_years_war_1756_08_01,TERRESTRIAL_HEX,h6000_q-000416_r+001271,src_9d6f03b5c85f,hsrc_34735c52ef0d,hev_63418cd6ce49|hev_886d8a602567,hbf_9982d6cab487,hsub_meissen_electoral_saxony_core,MEDIUM,promo_115617644595,MAPGEN-014,provenance rewritten by a reviewed revision; the superseded promotion stays in the log,
seven_years_war_1756_08_01,TERRESTRIAL_HEX,h6000_q-000415_r+001271,src_9d6f03b5c85f,hsrc_34735c52ef0d,hev_63418cd6ce49|hev_886d8a602567,hbf_9982d6cab487,hsub_meissen_electoral_saxony_core,MEDIUM,promo_115617644595,MAPGEN-014,provenance rewritten by a reviewed revision; the superseded promotion stays in the log,
seven_years_war_1756_08_01,TERRESTRIAL_HEX,h6000_q-000414_r+001271,src_9d6f03b5c85f,hsrc_34735c52ef0d,hev_63418cd6ce49|hev_886d8a602567,hbf_9982d6cab487,hsub_meissen_electoral_saxony_core,MEDIUM,promo_115617644595,MAPGEN-014,provenance rewritten by a reviewed revision; the superseded promotion stays in the log,
seven_years_war_1756_08_01,TERRESTRIAL_HEX,h6000_q-000413_r+001271,src_9d6f03b5c85f,hsrc_34735c52ef0d,hev_63418cd6ce49|hev_886d8a602567,hbf_9982d6cab487,hsub_meissen_electoral_saxony_core,MEDIUM,promo_115617644595,MAPGEN-014,provenance rewritten by a reviewed revision; the superseded promotion stays in the log,
seven_years_war_1756_08_01,TERRESTRIAL_HEX,h6000_q-000412_r+001271,src_9d6f03b5c85f,hsrc_34735c52ef0d,hev_63418cd6ce49|hev_886d8a602567,hbf_9982d6cab487,hsub_meissen_electoral_saxony_core,MEDIUM,promo_115617644595,MAPGEN-014,provenance rewritten by a reviewed revision; the superseded promotion stays in the log,
seven_years_war_1756_08_01,TERRESTRIAL_HEX,h6000_q-000411_r+001271,src_9d6f03b5c85f,hsrc_34735c52ef0d,hev_63418cd6ce49|hev_886d8a602567,hbf_9982d6cab487,hsub_meissen_electoral_saxony_core,MEDIUM,promo_115617644595,MAPGEN-014,provenance rewritten by a reviewed revision; the superseded promotion stays in the log,
seven_years_war_1756_08_01,TERRESTRIAL_HEX,h6000_q-000410_r+001271,src_9d6f03b5c85f,hsrc_34735c52ef0d,hev_63418cd6ce49|hev_886d8a602567,hbf_9982d6cab487,hsub_meissen_electoral_saxony_core,MEDIUM,promo_115617644595,MAPGEN-014,provenance rewritten by a reviewed revision; the superseded promotion stays in the log,
seven_years_war_1756_08_01,TERRESTRIAL_HEX,h6000_q-000407_r+001271,src_9d6f03b5c85f,hsrc_34735c52ef0d,hev_63418cd6ce49|hev_886d8a602567,hbf_9982d6cab487,hsub_meissen_electoral_saxony_core,MEDIUM,promo_115617644595,MAPGEN-014,provenance rewritten by a reviewed revision; the superseded promotion stays in the log,
seven_years_war_1756_08_01,TERRESTRIAL_HEX,h6000_q-000406_r+001271,src_9d6f03b5c85f,hsrc_34735c52ef0d,hev_63418cd6ce49|hev_886d8a602567,hbf_9982d6cab487,hsub_meissen_electoral_saxony_core,MEDIUM,promo_115617644595,MAPGEN-014,provenance rewritten by a reviewed revision; the superseded promotion stays in the log,
seven_years_war_1756_08_01,TERRESTRIAL_HEX,h6000_q-000373_r+001271,src_9d6f03b5c85f,hsrc_34735c52ef0d,hev_63418cd6ce49|hev_886d8a602567,hbf_9982d6cab487,hsub_meissen_electoral_saxony_core,MEDIUM,promo_115617644595,MAPGEN-014,provenance rewritten by a reviewed revision; the superseded promotion stays in the log,
seven_years_war_1756_08_01,TERRESTRIAL_HEX,h6000_q-000372_r+001271,src_9d6f03b5c85f,hsrc_34735c52ef0d,hev_63418cd6ce49|hev_886d8a602567,hbf_9982d6cab487,hsub_meissen_electoral_saxony_core,MEDIUM,promo_115617644595,MAPGEN-014,provenance rewritten by a reviewed revision; the superseded promotion stays in the log,
seven_years_war_1756_08_01,TERRESTRIAL_HEX,h6000_q-000371_r+001271,src_9d6f03b5c85f,hsrc_34735c52ef0d,hev_63418cd6ce49|hev_886d8a602567,hbf_9982d6cab487,hsub_meissen_electoral_saxony_core,MEDIUM,promo_115617644595,MAPGEN-014,provenance rewritten by a reviewed revision; the superseded promotion stays in the log,
seven_years_war_1756_08_01,TERRESTRIAL_HEX,h6000_q-000415_r+001272,src_9d6f03b5c85f,hsrc_34735c52ef0d,hev_63418cd6ce49|hev_886d8a602567,hbf_9982d6cab487,hsub_meissen_electoral_saxony_core,MEDIUM,promo_115617644595,MAPGEN-014,provenance rewritten by a reviewed revision; the superseded promotion stays in the log,
seven_years_war_1756_08_01,TERRESTRIAL_HEX,h6000_q-000414_r+001272,src_9d6f03b5c85f,hsrc_34735c52ef0d,hev_63418cd6ce49|hev_886d8a602567,hbf_9982d6cab487,hsub_meissen_electoral_saxony_core,MEDIUM,promo_115617644595,MAPGEN-014,provenance rewritten by a reviewed revision; the superseded promotion stays in the log,
seven_years_war_1756_08_01,TERRESTRIAL_HEX,h6000_q-000407_r+001272,src_9d6f03b5c85f,hsrc_34735c52ef0d,hev_63418cd6ce49|hev_886d8a602567,hbf_9982d6cab487,hsub_meissen_electoral_saxony_core,MEDIUM,promo_115617644595,MAPGEN-014,provenance rewritten by a reviewed revision; the superseded promotion stays in the log,
seven_years_war_1756_08_01,TERRESTRIAL_HEX,h6000_q-000406_r+001272,src_9d6f03b5c85f,hsrc_34735c52ef0d,hev_63418cd6ce49|hev_886d8a602567,hbf_9982d6cab487,hsub_meissen_electoral_saxony_core,MEDIUM,promo_115617644595,MAPGEN-014,provenance rewritten by a reviewed revision; the superseded promotion stays in the log,
seven_years_war_1756_08_01,TERRESTRIAL_HEX,h6000_q-000377_r+001272,src_9d6f03b5c85f,hsrc_34735c52ef0d,hev_63418cd6ce49|hev_886d8a602567,hbf_9982d6cab487,hsub_meissen_electoral_saxony_core,MEDIUM,promo_115617644595,MAPGEN-014,provenance rewritten by a reviewed revision; the superseded promotion stays in the log,
seven_years_war_1756_08_01,TERRESTRIAL_HEX,h6000_q-000376_r+001272,src_9d6f03b5c85f,hsrc_34735c52ef0d,hev_63418cd6ce49|hev_886d8a602567,hbf_9982d6cab487,hsub_meissen_electoral_saxony_core,MEDIUM,promo_115617644595,MAPGEN-014,provenance rewritten by a reviewed revision; the superseded promotion stays in the log,
seven_years_war_1756_08_01,TERRESTRIAL_HEX,h6000_q-000375_r+001272,src_9d6f03b5c85f,hsrc_34735c52ef0d,hev_63418cd6ce49|hev_886d8a602567,hbf_9982d6cab487,hsub_meissen_electoral_saxony_core,MEDIUM,promo_115617644595,MAPGEN-014,provenance rewritten by a reviewed revision; the superseded promotion stays in the log,
seven_years_war_1756_08_01,TERRESTRIAL_HEX,h6000_q-000373_r+001272,src_9d6f03b5c85f,hsrc_34735c52ef0d,hev_63418cd6ce49|hev_886d8a602567,hbf_9982d6cab487,hsub_meissen_electoral_saxony_core,MEDIUM,promo_115617644595,MAPGEN-014,provenance rewritten by a reviewed revision; the superseded promotion stays in the log,
seven_years_war_1756_08_01,TERRESTRIAL_HEX,h6000_q-000372_r+001272,src_9d6f03b5c85f,hsrc_34735c52ef0d,hev_63418cd6ce49|hev_886d8a602567,hbf_9982d6cab487,hsub_meissen_electoral_saxony_core,MEDIUM,promo_115617644595,MAPGEN-014,provenance rewritten by a reviewed revision; the superseded promotion stays in the log,
seven_years_war_1756_08_01,TERRESTRIAL_HEX,h6000_q-000415_r+001273,src_9d6f03b5c85f,hsrc_34735c52ef0d,hev_63418cd6ce49|hev_886d8a602567,hbf_9982d6cab487,hsub_meissen_electoral_saxony_core,MEDIUM,promo_115617644595,MAPGEN-014,provenance rewritten by a reviewed revision; the superseded promotion stays in the log,
seven_years_war_1756_08_01,TERRESTRIAL_HEX,h6000_q-000407_r+001273,src_9d6f03b5c85f,hsrc_34735c52ef0d,hev_63418cd6ce49|hev_886d8a602567,hbf_9982d6cab487,hsub_meissen_electoral_saxony_core,MEDIUM,promo_115617644595,MAPGEN-014,provenance rewritten by a reviewed revision; the superseded promotion stays in the log,
seven_years_war_1756_08_01,TERRESTRIAL_HEX,h6000_q-000406_r+001273,src_9d6f03b5c85f,hsrc_34735c52ef0d,hev_63418cd6ce49|hev_886d8a602567,hbf_9982d6cab487,hsub_meissen_electoral_saxony_core,MEDIUM,promo_115617644595,MAPGEN-014,provenance rewritten by a reviewed revision; the superseded promotion stays in the log,
seven_years_war_1756_08_01,TERRESTRIAL_HEX,h6000_q-000405_r+001273,src_9d6f03b5c85f,hsrc_34735c52ef0d,hev_63418cd6ce49|hev_886d8a602567,hbf_9982d6cab487,hsub_meissen_electoral_saxony_core,MEDIUM,promo_115617644595,MAPGEN-014,provenance rewritten by a reviewed revision; the superseded promotion stays in the log,
seven_years_war_1756_08_01,TERRESTRIAL_HEX,h6000_q-000404_r+001273,src_9d6f03b5c85f,hsrc_34735c52ef0d,hev_63418cd6ce49|hev_886d8a602567,hbf_9982d6cab487,hsub_meissen_electoral_saxony_core,MEDIUM,promo_115617644595,MAPGEN-014,provenance rewritten by a reviewed revision; the superseded promotion stays in the log,
seven_years_war_1756_08_01,TERRESTRIAL_HEX,h6000_q-000403_r+001273,src_9d6f03b5c85f,hsrc_34735c52ef0d,hev_63418cd6ce49|hev_886d8a602567,hbf_9982d6cab487,hsub_meissen_electoral_saxony_core,MEDIUM,promo_115617644595,MAPGEN-014,provenance rewritten by a reviewed revision; the superseded promotion stays in the log,
seven_years_war_1756_08_01,TERRESTRIAL_HEX,h6000_q-000378_r+001273,src_9d6f03b5c85f,hsrc_34735c52ef0d,hev_63418cd6ce49|hev_886d8a602567,hbf_9982d6cab487,hsub_meissen_electoral_saxony_core,MEDIUM,promo_115617644595,MAPGEN-014,provenance rewritten by a reviewed revision; the superseded promotion stays in the log,
seven_years_war_1756_08_01,TERRESTRIAL_HEX,h6000_q-000377_r+001273,src_9d6f03b5c85f,hsrc_34735c52ef0d,hev_63418cd6ce49|hev_886d8a602567,hbf_9982d6cab487,hsub_meissen_electoral_saxony_core,MEDIUM,promo_115617644595,MAPGEN-014,provenance rewritten by a reviewed revision; the superseded promotion stays in the log,
seven_years_war_1756_08_01,TERRESTRIAL_HEX,h6000_q-000376_r+001273,src_9d6f03b5c85f,hsrc_34735c52ef0d,hev_63418cd6ce49|hev_886d8a602567,hbf_9982d6cab487,hsub_meissen_electoral_saxony_core,MEDIUM,promo_115617644595,MAPGEN-014,provenance rewritten by a reviewed revision; the superseded promotion stays in the log,
seven_years_war_1756_08_01,TERRESTRIAL_HEX,h6000_q-000375_r+001273,src_9d6f03b5c85f,hsrc_34735c52ef0d,hev_63418cd6ce49|hev_886d8a602567,hbf_9982d6cab487,hsub_meissen_electoral_saxony_core,MEDIUM,promo_115617644595,MAPGEN-014,provenance rewritten by a reviewed revision; the superseded promotion stays in the log,
seven_years_war_1756_08_01,TERRESTRIAL_HEX,h6000_q-000374_r+001273,src_9d6f03b5c85f,hsrc_34735c52ef0d,hev_63418cd6ce49|hev_886d8a602567,hbf_9982d6cab487,hsub_meissen_electoral_saxony_core,MEDIUM,promo_115617644595,MAPGEN-014,provenance rewritten by a reviewed revision; the superseded promotion stays in the log,
seven_years_war_1756_08_01,TERRESTRIAL_HEX,h6000_q-000373_r+001273,src_9d6f03b5c85f,hsrc_34735c52ef0d,hev_63418cd6ce49|hev_886d8a602567,hbf_9982d6cab487,hsub_meissen_electoral_saxony_core,MEDIUM,promo_115617644595,MAPGEN-014,provenance rewritten by a reviewed revision; the superseded promotion stays in the log,
seven_years_war_1756_08_01,TERRESTRIAL_HEX,h6000_q-000407_r+001274,src_9d6f03b5c85f,hsrc_34735c52ef0d,hev_63418cd6ce49|hev_886d8a602567,hbf_9982d6cab487,hsub_meissen_electoral_saxony_core,MEDIUM,promo_115617644595,MAPGEN-014,provenance rewritten by a reviewed revision; the superseded promotion stays in the log,
seven_years_war_1756_08_01,TERRESTRIAL_HEX,h6000_q-000406_r+001274,src_9d6f03b5c85f,hsrc_34735c52ef0d,hev_63418cd6ce49|hev_886d8a602567,hbf_9982d6cab487,hsub_meissen_electoral_saxony_core,MEDIUM,promo_115617644595,MAPGEN-014,provenance rewritten by a reviewed revision; the superseded promotion stays in the log,
seven_years_war_1756_08_01,TERRESTRIAL_HEX,h6000_q-000405_r+001274,src_9d6f03b5c85f,hsrc_34735c52ef0d,hev_63418cd6ce49|hev_886d8a602567,hbf_9982d6cab487,hsub_meissen_electoral_saxony_core,MEDIUM,promo_115617644595,MAPGEN-014,provenance rewritten by a reviewed revision; the superseded promotion stays in the log,
seven_years_war_1756_08_01,TERRESTRIAL_HEX,h6000_q-000404_r+001274,src_9d6f03b5c85f,hsrc_34735c52ef0d,hev_63418cd6ce49|hev_886d8a602567,hbf_9982d6cab487,hsub_meissen_electoral_saxony_core,MEDIUM,promo_115617644595,MAPGEN-014,provenance rewritten by a reviewed revision; the superseded promotion stays in the log,
seven_years_war_1756_08_01,TERRESTRIAL_HEX,h6000_q-000403_r+001274,src_9d6f03b5c85f,hsrc_34735c52ef0d,hev_63418cd6ce49|hev_886d8a602567,hbf_9982d6cab487,hsub_meissen_electoral_saxony_core,MEDIUM,promo_115617644595,MAPGEN-014,provenance rewritten by a reviewed revision; the superseded promotion stays in the log,
seven_years_war_1756_08_01,TERRESTRIAL_HEX,h6000_q-000379_r+001274,src_9d6f03b5c85f,hsrc_34735c52ef0d,hev_63418cd6ce49|hev_886d8a602567,hbf_9982d6cab487,hsub_meissen_electoral_saxony_core,MEDIUM,promo_115617644595,MAPGEN-014,provenance rewritten by a reviewed revision; the superseded promotion stays in the log,
seven_years_war_1756_08_01,TERRESTRIAL_HEX,h6000_q-000378_r+001274,src_9d6f03b5c85f,hsrc_34735c52ef0d,hev_63418cd6ce49|hev_886d8a602567,hbf_9982d6cab487,hsub_meissen_electoral_saxony_core,MEDIUM,promo_115617644595,MAPGEN-014,provenance rewritten by a reviewed revision; the superseded promotion stays in the log,
seven_years_war_1756_08_01,TERRESTRIAL_HEX,h6000_q-000376_r+001274,src_9d6f03b5c85f,hsrc_34735c52ef0d,hev_63418cd6ce49|hev_886d8a602567,hbf_9982d6cab487,hsub_meissen_electoral_saxony_core,MEDIUM,promo_115617644595,MAPGEN-014,provenance rewritten by a reviewed revision; the superseded promotion stays in the log,
seven_years_war_1756_08_01,TERRESTRIAL_HEX,h6000_q-000375_r+001274,src_9d6f03b5c85f,hsrc_34735c52ef0d,hev_63418cd6ce49|hev_886d8a602567,hbf_9982d6cab487,hsub_meissen_electoral_saxony_core,MEDIUM,promo_115617644595,MAPGEN-014,provenance rewritten by a reviewed revision; the superseded promotion stays in the log,
seven_years_war_1756_08_01,TERRESTRIAL_HEX,h6000_q-000374_r+001274,src_9d6f03b5c85f,hsrc_34735c52ef0d,hev_63418cd6ce49|hev_886d8a602567,hbf_9982d6cab487,hsub_meissen_electoral_saxony_core,MEDIUM,promo_115617644595,MAPGEN-014,provenance rewritten by a reviewed revision; the superseded promotion stays in the log,
seven_years_war_1756_08_01,TERRESTRIAL_HEX,h6000_q-000404_r+001275,src_9d6f03b5c85f,hsrc_34735c52ef0d,hev_63418cd6ce49|hev_886d8a602567,hbf_9982d6cab487,hsub_meissen_electoral_saxony_core,MEDIUM,promo_115617644595,MAPGEN-014,provenance rewritten by a reviewed revision; the superseded promotion stays in the log,
seven_years_war_1756_08_01,TERRESTRIAL_HEX,h6000_q-000403_r+001275,src_9d6f03b5c85f,hsrc_34735c52ef0d,hev_63418cd6ce49|hev_886d8a602567,hbf_9982d6cab487,hsub_meissen_electoral_saxony_core,MEDIUM,promo_115617644595,MAPGEN-014,provenance rewritten by a reviewed revision; the superseded promotion stays in the log,
seven_years_war_1756_08_01,TERRESTRIAL_HEX,h6000_q-000379_r+001275,src_9d6f03b5c85f,hsrc_34735c52ef0d,hev_63418cd6ce49|hev_886d8a602567,hbf_9982d6cab487,hsub_meissen_electoral_saxony_core,MEDIUM,promo_115617644595,MAPGEN-014,provenance rewritten by a reviewed revision; the superseded promotion stays in the log,
seven_years_war_1756_08_01,TERRESTRIAL_HEX,h6000_q-000378_r+001275,src_9d6f03b5c85f,hsrc_34735c52ef0d,hev_63418cd6ce49|hev_886d8a602567,hbf_9982d6cab487,hsub_meissen_electoral_saxony_core,MEDIUM,promo_115617644595,MAPGEN-014,provenance rewritten by a reviewed revision; the superseded promotion stays in the log,
seven_years_war_1756_08_01,TERRESTRIAL_HEX,h6000_q-000377_r+001275,src_9d6f03b5c85f,hsrc_34735c52ef0d,hev_63418cd6ce49|hev_886d8a602567,hbf_9982d6cab487,hsub_meissen_electoral_saxony_core,MEDIUM,promo_115617644595,MAPGEN-014,provenance rewritten by a reviewed revision; the superseded promotion stays in the log,
seven_years_war_1756_08_01,TERRESTRIAL_HEX,h6000_q-000376_r+001275,src_9d6f03b5c85f,hsrc_34735c52ef0d,hev_63418cd6ce49|hev_886d8a602567,hbf_9982d6cab487,hsub_meissen_electoral_saxony_core,MEDIUM,promo_115617644595,MAPGEN-014,provenance rewritten by a reviewed revision; the superseded promotion stays in the log,
seven_years_war_1756_08_01,TERRESTRIAL_HEX,h6000_q-000375_r+001275,src_9d6f03b5c85f,hsrc_34735c52ef0d,hev_63418cd6ce49|hev_886d8a602567,hbf_9982d6cab487,hsub_meissen_electoral_saxony_core,MEDIUM,promo_115617644595,MAPGEN-014,provenance rewritten by a reviewed revision; the superseded promotion stays in the log,
seven_years_war_1756_08_01,TERRESTRIAL_HEX,h6000_q-000374_r+001275,src_9d6f03b5c85f,hsrc_34735c52ef0d,hev_63418cd6ce49|hev_886d8a602567,hbf_9982d6cab487,hsub_meissen_electoral_saxony_core,MEDIUM,promo_115617644595,MAPGEN-014,provenance rewritten by a reviewed revision; the superseded promotion stays in the log,
seven_years_war_1756_08_01,TERRESTRIAL_HEX,h6000_q-000404_r+001276,src_9d6f03b5c85f,hsrc_34735c52ef0d,hev_63418cd6ce49|hev_886d8a602567,hbf_9982d6cab487,hsub_meissen_electoral_saxony_core,MEDIUM,promo_115617644595,MAPGEN-014,provenance rewritten by a reviewed revision; the superseded promotion stays in the log,
seven_years_war_1756_08_01,TERRESTRIAL_HEX,h6000_q-000379_r+001276,src_9d6f03b5c85f,hsrc_34735c52ef0d,hev_63418cd6ce49|hev_886d8a602567,hbf_9982d6cab487,hsub_meissen_electoral_saxony_core,MEDIUM,promo_115617644595,MAPGEN-014,provenance rewritten by a reviewed revision; the superseded promotion stays in the log,
seven_years_war_1756_08_01,TERRESTRIAL_HEX,h6000_q-000378_r+001276,src_9d6f03b5c85f,hsrc_34735c52ef0d,hev_63418cd6ce49|hev_886d8a602567,hbf_9982d6cab487,hsub_meissen_electoral_saxony_core,MEDIUM,promo_115617644595,MAPGEN-014,provenance rewritten by a reviewed revision; the superseded promotion stays in the log,
seven_years_war_1756_08_01,TERRESTRIAL_HEX,h6000_q-000377_r+001276,src_9d6f03b5c85f,hsrc_34735c52ef0d,hev_63418cd6ce49|hev_886d8a602567,hbf_9982d6cab487,hsub_meissen_electoral_saxony_core,MEDIUM,promo_115617644595,MAPGEN-014,provenance rewritten by a reviewed revision; the superseded promotion stays in the log,
seven_years_war_1756_08_01,TERRESTRIAL_HEX,h6000_q-000376_r+001276,src_9d6f03b5c85f,hsrc_34735c52ef0d,hev_63418cd6ce49|hev_886d8a602567,hbf_9982d6cab487,hsub_meissen_electoral_saxony_core,MEDIUM,promo_115617644595,MAPGEN-014,provenance rewritten by a reviewed revision; the superseded promotion stays in the log,
seven_years_war_1756_08_01,TERRESTRIAL_HEX,h6000_q-000375_r+001276,src_9d6f03b5c85f,hsrc_34735c52ef0d,hev_63418cd6ce49|hev_886d8a602567,hbf_9982d6cab487,hsub_meissen_electoral_saxony_core,MEDIUM,promo_115617644595,MAPGEN-014,provenance rewritten by a reviewed revision; the superseded promotion stays in the log,
seven_years_war_1756_08_01,TERRESTRIAL_HEX,h6000_q-000374_r+001276,src_9d6f03b5c85f,hsrc_34735c52ef0d,hev_63418cd6ce49|hev_886d8a602567,hbf_9982d6cab487,hsub_meissen_electoral_saxony_core,MEDIUM,promo_115617644595,MAPGEN-014,provenance rewritten by a reviewed revision; the superseded promotion stays in the log,
seven_years_war_1756_08_01,TERRESTRIAL_HEX,h6000_q-000405_r+001277,src_9d6f03b5c85f,hsrc_34735c52ef0d,hev_63418cd6ce49|hev_886d8a602567,hbf_9982d6cab487,hsub_meissen_electoral_saxony_core,MEDIUM,promo_115617644595,MAPGEN-014,provenance rewritten by a reviewed revision; the superseded promotion stays in the log,
seven_years_war_1756_08_01,TERRESTRIAL_HEX,h6000_q-000404_r+001277,src_9d6f03b5c85f,hsrc_34735c52ef0d,hev_63418cd6ce49|hev_886d8a602567,hbf_9982d6cab487,hsub_meissen_electoral_saxony_core,MEDIUM,promo_115617644595,MAPGEN-014,provenance rewritten by a reviewed revision; the superseded promotion stays in the log,
seven_years_war_1756_08_01,TERRESTRIAL_HEX,h6000_q-000378_r+001277,src_9d6f03b5c85f,hsrc_34735c52ef0d,hev_63418cd6ce49|hev_886d8a602567,hbf_9982d6cab487,hsub_meissen_electoral_saxony_core,MEDIUM,promo_115617644595,MAPGEN-014,provenance rewritten by a reviewed revision; the superseded promotion stays in the log,
seven_years_war_1756_08_01,TERRESTRIAL_HEX,h6000_q-000377_r+001277,src_9d6f03b5c85f,hsrc_34735c52ef0d,hev_63418cd6ce49|hev_886d8a602567,hbf_9982d6cab487,hsub_meissen_electoral_saxony_core,MEDIUM,promo_115617644595,MAPGEN-014,provenance rewritten by a reviewed revision; the superseded promotion stays in the log,
seven_years_war_1756_08_01,TERRESTRIAL_HEX,h6000_q-000409_r+001278,src_9d6f03b5c85f,hsrc_34735c52ef0d,hev_63418cd6ce49|hev_886d8a602567,hbf_9982d6cab487,hsub_meissen_electoral_saxony_core,MEDIUM,promo_115617644595,MAPGEN-014,provenance rewritten by a reviewed revision; the superseded promotion stays in the log,
seven_years_war_1756_08_01,TERRESTRIAL_HEX,h6000_q-000408_r+001278,src_9d6f03b5c85f,hsrc_34735c52ef0d,hev_63418cd6ce49|hev_886d8a602567,hbf_9982d6cab487,hsub_meissen_electoral_saxony_core,MEDIUM,promo_115617644595,MAPGEN-014,provenance rewritten by a reviewed revision; the superseded promotion stays in the log,
seven_years_war_1756_08_01,TERRESTRIAL_HEX,h6000_q-000406_r+001278,src_9d6f03b5c85f,hsrc_34735c52ef0d,hev_63418cd6ce49|hev_886d8a602567,hbf_9982d6cab487,hsub_meissen_electoral_saxony_core,MEDIUM,promo_115617644595,MAPGEN-014,provenance rewritten by a reviewed revision; the superseded promotion stays in the log,
seven_years_war_1756_08_01,TERRESTRIAL_HEX,h6000_q-000405_r+001278,src_9d6f03b5c85f,hsrc_34735c52ef0d,hev_63418cd6ce49|hev_886d8a602567,hbf_9982d6cab487,hsub_meissen_electoral_saxony_core,MEDIUM,promo_115617644595,MAPGEN-014,provenance rewritten by a reviewed revision; the superseded promotion stays in the log,
seven_years_war_1756_08_01,TERRESTRIAL_HEX,h6000_q-000379_r+001278,src_9d6f03b5c85f,hsrc_34735c52ef0d,hev_63418cd6ce49|hev_886d8a602567,hbf_9982d6cab487,hsub_meissen_electoral_saxony_core,MEDIUM,promo_115617644595,MAPGEN-014,provenance rewritten by a reviewed revision; the superseded promotion stays in the log,
seven_years_war_1756_08_01,TERRESTRIAL_HEX,h6000_q-000378_r+001278,src_9d6f03b5c85f,hsrc_34735c52ef0d,hev_63418cd6ce49|hev_886d8a602567,hbf_9982d6cab487,hsub_meissen_electoral_saxony_core,MEDIUM,promo_115617644595,MAPGEN-014,provenance rewritten by a reviewed revision; the superseded promotion stays in the log,
seven_years_war_1756_08_01,TERRESTRIAL_HEX,h6000_q-000408_r+001279,src_9d6f03b5c85f,hsrc_34735c52ef0d,hev_63418cd6ce49|hev_886d8a602567,hbf_9982d6cab487,hsub_meissen_electoral_saxony_core,MEDIUM,promo_115617644595,MAPGEN-014,provenance rewritten by a reviewed revision; the superseded promotion stays in the log,
seven_years_war_1756_08_01,TERRESTRIAL_HEX,h6000_q-000407_r+001279,src_9d6f03b5c85f,hsrc_34735c52ef0d,hev_63418cd6ce49|hev_886d8a602567,hbf_9982d6cab487,hsub_meissen_electoral_saxony_core,MEDIUM,promo_115617644595,MAPGEN-014,provenance rewritten by a reviewed revision; the superseded promotion stays in the log,
seven_years_war_1756_08_01,TERRESTRIAL_HEX,h6000_q-000406_r+001279,src_9d6f03b5c85f,hsrc_34735c52ef0d,hev_63418cd6ce49|hev_886d8a602567,hbf_9982d6cab487,hsub_meissen_electoral_saxony_core,MEDIUM,promo_115617644595,MAPGEN-014,provenance rewritten by a reviewed revision; the superseded promotion stays in the log,
seven_years_war_1756_08_01,TERRESTRIAL_HEX,h6000_q-000404_r+001279,src_9d6f03b5c85f,hsrc_34735c52ef0d,hev_63418cd6ce49|hev_886d8a602567,hbf_9982d6cab487,hsub_meissen_electoral_saxony_core,MEDIUM,promo_115617644595,MAPGEN-014,provenance rewritten by a reviewed revision; the superseded promotion stays in the log,
seven_years_war_1756_08_01,TERRESTRIAL_HEX,h6000_q-000403_r+001279,src_9d6f03b5c85f,hsrc_34735c52ef0d,hev_63418cd6ce49|hev_886d8a602567,hbf_9982d6cab487,hsub_meissen_electoral_saxony_core,MEDIUM,promo_115617644595,MAPGEN-014,provenance rewritten by a reviewed revision; the superseded promotion stays in the log,
seven_years_war_1756_08_01,TERRESTRIAL_HEX,h6000_q-000402_r+001279,src_9d6f03b5c85f,hsrc_34735c52ef0d,hev_63418cd6ce49|hev_886d8a602567,hbf_9982d6cab487,hsub_meissen_electoral_saxony_core,MEDIUM,promo_115617644595,MAPGEN-014,provenance rewritten by a reviewed revision; the superseded promotion stays in the log,
seven_years_war_1756_08_01,TERRESTRIAL_HEX,h6000_q-000401_r+001279,src_9d6f03b5c85f,hsrc_34735c52ef0d,hev_63418cd6ce49|hev_886d8a602567,hbf_9982d6cab487,hsub_meissen_electoral_saxony_core,MEDIUM,promo_115617644595,MAPGEN-014,provenance rewritten by a reviewed revision; the superseded promotion stays in the log,
seven_years_war_1756_08_01,TERRESTRIAL_HEX,h6000_q-000400_r+001279,src_9d6f03b5c85f,hsrc_34735c52ef0d,hev_63418cd6ce49|hev_886d8a602567,hbf_9982d6cab487,hsub_meissen_electoral_saxony_core,MEDIUM,promo_115617644595,MAPGEN-014,provenance rewritten by a reviewed revision; the superseded promotion stays in the log,
seven_years_war_1756_08_01,TERRESTRIAL_HEX,h6000_q-000399_r+001279,src_9d6f03b5c85f,hsrc_34735c52ef0d,hev_63418cd6ce49|hev_886d8a602567,hbf_9982d6cab487,hsub_meissen_electoral_saxony_core,MEDIUM,promo_115617644595,MAPGEN-014,provenance rewritten by a reviewed revision; the superseded promotion stays in the log,
seven_years_war_1756_08_01,TERRESTRIAL_HEX,h6000_q-000398_r+001279,src_9d6f03b5c85f,hsrc_34735c52ef0d,hev_63418cd6ce49|hev_886d8a602567,hbf_9982d6cab487,hsub_meissen_electoral_saxony_core,MEDIUM,promo_115617644595,MAPGEN-014,provenance rewritten by a reviewed revision; the superseded promotion stays in the log,
seven_years_war_1756_08_01,TERRESTRIAL_HEX,h6000_q-000397_r+001279,src_9d6f03b5c85f,hsrc_34735c52ef0d,hev_63418cd6ce49|hev_886d8a602567,hbf_9982d6cab487,hsub_meissen_electoral_saxony_core,MEDIUM,promo_115617644595,MAPGEN-014,provenance rewritten by a reviewed revision; the superseded promotion stays in the log,
seven_years_war_1756_08_01,TERRESTRIAL_HEX,h6000_q-000380_r+001279,src_9d6f03b5c85f,hsrc_34735c52ef0d,hev_63418cd6ce49|hev_886d8a602567,hbf_9982d6cab487,hsub_meissen_electoral_saxony_core,MEDIUM,promo_115617644595,MAPGEN-014,provenance rewritten by a reviewed revision; the superseded promotion stays in the log,
seven_years_war_1756_08_01,TERRESTRIAL_HEX,h6000_q-000408_r+001280,src_9d6f03b5c85f,hsrc_34735c52ef0d,hev_63418cd6ce49|hev_886d8a602567,hbf_9982d6cab487,hsub_meissen_electoral_saxony_core,MEDIUM,promo_115617644595,MAPGEN-014,provenance rewritten by a reviewed revision; the superseded promotion stays in the log,
seven_years_war_1756_08_01,TERRESTRIAL_HEX,h6000_q-000407_r+001280,src_9d6f03b5c85f,hsrc_34735c52ef0d,hev_63418cd6ce49|hev_886d8a602567,hbf_9982d6cab487,hsub_meissen_electoral_saxony_core,MEDIUM,promo_115617644595,MAPGEN-014,provenance rewritten by a reviewed revision; the superseded promotion stays in the log,
seven_years_war_1756_08_01,TERRESTRIAL_HEX,h6000_q-000405_r+001280,src_9d6f03b5c85f,hsrc_34735c52ef0d,hev_63418cd6ce49|hev_886d8a602567,hbf_9982d6cab487,hsub_meissen_electoral_saxony_core,MEDIUM,promo_115617644595,MAPGEN-014,provenance rewritten by a reviewed revision; the superseded promotion stays in the log,
seven_years_war_1756_08_01,TERRESTRIAL_HEX,h6000_q-000404_r+001280,src_9d6f03b5c85f,hsrc_34735c52ef0d,hev_63418cd6ce49|hev_886d8a602567,hbf_9982d6cab487,hsub_meissen_electoral_saxony_core,MEDIUM,promo_115617644595,MAPGEN-014,provenance rewritten by a reviewed revision; the superseded promotion stays in the log,
seven_years_war_1756_08_01,TERRESTRIAL_HEX,h6000_q-000403_r+001280,src_9d6f03b5c85f,hsrc_34735c52ef0d,hev_63418cd6ce49|hev_886d8a602567,hbf_9982d6cab487,hsub_meissen_electoral_saxony_core,MEDIUM,promo_115617644595,MAPGEN-014,provenance rewritten by a reviewed revision; the superseded promotion stays in the log,
seven_years_war_1756_08_01,TERRESTRIAL_HEX,h6000_q-000402_r+001280,src_9d6f03b5c85f,hsrc_34735c52ef0d,hev_63418cd6ce49|hev_886d8a602567,hbf_9982d6cab487,hsub_meissen_electoral_saxony_core,MEDIUM,promo_115617644595,MAPGEN-014,provenance rewritten by a reviewed revision; the superseded promotion stays in the log,
seven_years_war_1756_08_01,TERRESTRIAL_HEX,h6000_q-000401_r+001280,src_9d6f03b5c85f,hsrc_34735c52ef0d,hev_63418cd6ce49|hev_886d8a602567,hbf_9982d6cab487,hsub_meissen_electoral_saxony_core,MEDIUM,promo_115617644595,MAPGEN-014,provenance rewritten by a reviewed revision; the superseded promotion stays in the log,
seven_years_war_1756_08_01,TERRESTRIAL_HEX,h6000_q-000400_r+001280,src_9d6f03b5c85f,hsrc_34735c52ef0d,hev_63418cd6ce49|hev_886d8a602567,hbf_9982d6cab487,hsub_meissen_electoral_saxony_core,MEDIUM,promo_115617644595,MAPGEN-014,provenance rewritten by a reviewed revision; the superseded promotion stays in the log,
seven_years_war_1756_08_01,TERRESTRIAL_HEX,h6000_q-000399_r+001280,src_9d6f03b5c85f,hsrc_34735c52ef0d,hev_63418cd6ce49|hev_886d8a602567,hbf_9982d6cab487,hsub_meissen_electoral_saxony_core,MEDIUM,promo_115617644595,MAPGEN-014,provenance rewritten by a reviewed revision; the superseded promotion stays in the log,
seven_years_war_1756_08_01,TERRESTRIAL_HEX,h6000_q-000398_r+001280,src_9d6f03b5c85f,hsrc_34735c52ef0d,hev_63418cd6ce49|hev_886d8a602567,hbf_9982d6cab487,hsub_meissen_electoral_saxony_core,MEDIUM,promo_115617644595,MAPGEN-014,provenance rewritten by a reviewed revision; the superseded promotion stays in the log,
seven_years_war_1756_08_01,TERRESTRIAL_HEX,h6000_q-000397_r+001280,src_9d6f03b5c85f,hsrc_34735c52ef0d,hev_63418cd6ce49|hev_886d8a602567,hbf_9982d6cab487,hsub_meissen_electoral_saxony_core,MEDIUM,promo_115617644595,MAPGEN-014,provenance rewritten by a reviewed revision; the superseded promotion stays in the log,
seven_years_war_1756_08_01,TERRESTRIAL_HEX,h6000_q-000381_r+001280,src_9d6f03b5c85f,hsrc_34735c52ef0d,hev_63418cd6ce49|hev_886d8a602567,hbf_9982d6cab487,hsub_meissen_electoral_saxony_core,MEDIUM,promo_115617644595,MAPGEN-014,provenance rewritten by a reviewed revision; the superseded promotion stays in the log,
seven_years_war_1756_08_01,TERRESTRIAL_HEX,h6000_q-000408_r+001281,src_9d6f03b5c85f,hsrc_34735c52ef0d,hev_63418cd6ce49|hev_886d8a602567,hbf_9982d6cab487,hsub_meissen_electoral_saxony_core,MEDIUM,promo_115617644595,MAPGEN-014,provenance rewritten by a reviewed revision; the superseded promotion stays in the log,
seven_years_war_1756_08_01,TERRESTRIAL_HEX,h6000_q-000407_r+001281,src_9d6f03b5c85f,hsrc_34735c52ef0d,hev_63418cd6ce49|hev_886d8a602567,hbf_9982d6cab487,hsub_meissen_electoral_saxony_core,MEDIUM,promo_115617644595,MAPGEN-014,provenance rewritten by a reviewed revision; the superseded promotion stays in the log,
seven_years_war_1756_08_01,TERRESTRIAL_HEX,h6000_q-000406_r+001281,src_9d6f03b5c85f,hsrc_34735c52ef0d,hev_63418cd6ce49|hev_886d8a602567,hbf_9982d6cab487,hsub_meissen_electoral_saxony_core,MEDIUM,promo_115617644595,MAPGEN-014,provenance rewritten by a reviewed revision; the superseded promotion stays in the log,
seven_years_war_1756_08_01,TERRESTRIAL_HEX,h6000_q-000405_r+001281,src_9d6f03b5c85f,hsrc_34735c52ef0d,hev_63418cd6ce49|hev_886d8a602567,hbf_9982d6cab487,hsub_meissen_electoral_saxony_core,MEDIUM,promo_115617644595,MAPGEN-014,provenance rewritten by a reviewed revision; the superseded promotion stays in the log,
seven_years_war_1756_08_01,TERRESTRIAL_HEX,h6000_q-000402_r+001281,src_9d6f03b5c85f,hsrc_34735c52ef0d,hev_63418cd6ce49|hev_886d8a602567,hbf_9982d6cab487,hsub_meissen_electoral_saxony_core,MEDIUM,promo_115617644595,MAPGEN-014,provenance rewritten by a reviewed revision; the superseded promotion stays in the log,
seven_years_war_1756_08_01,TERRESTRIAL_HEX,h6000_q-000401_r+001281,src_9d6f03b5c85f,hsrc_34735c52ef0d,hev_63418cd6ce49|hev_886d8a602567,hbf_9982d6cab487,hsub_meissen_electoral_saxony_core,MEDIUM,promo_115617644595,MAPGEN-014,provenance rewritten by a reviewed revision; the superseded promotion stays in the log,
seven_years_war_1756_08_01,TERRESTRIAL_HEX,h6000_q-000398_r+001281,src_9d6f03b5c85f,hsrc_34735c52ef0d,hev_63418cd6ce49|hev_886d8a602567,hbf_9982d6cab487,hsub_meissen_electoral_saxony_core,MEDIUM,promo_115617644595,MAPGEN-014,provenance rewritten by a reviewed revision; the superseded promotion stays in the log,
seven_years_war_1756_08_01,TERRESTRIAL_HEX,h6000_q-000397_r+001281,src_9d6f03b5c85f,hsrc_34735c52ef0d,hev_63418cd6ce49|hev_886d8a602567,hbf_9982d6cab487,hsub_meissen_electoral_saxony_core,MEDIUM,promo_115617644595,MAPGEN-014,provenance rewritten by a reviewed revision; the superseded promotion stays in the log,
seven_years_war_1756_08_01,TERRESTRIAL_HEX,h6000_q-000383_r+001281,src_9d6f03b5c85f,hsrc_34735c52ef0d,hev_63418cd6ce49|hev_886d8a602567,hbf_9982d6cab487,hsub_meissen_electoral_saxony_core,MEDIUM,promo_115617644595,MAPGEN-014,provenance rewritten by a reviewed revision; the superseded promotion stays in the log,
seven_years_war_1756_08_01,TERRESTRIAL_HEX,h6000_q-000382_r+001281,src_9d6f03b5c85f,hsrc_34735c52ef0d,hev_63418cd6ce49|hev_886d8a602567,hbf_9982d6cab487,hsub_meissen_electoral_saxony_core,MEDIUM,promo_115617644595,MAPGEN-014,provenance rewritten by a reviewed revision; the superseded promotion stays in the log,
seven_years_war_1756_08_01,TERRESTRIAL_HEX,h6000_q-000381_r+001281,src_9d6f03b5c85f,hsrc_34735c52ef0d,hev_63418cd6ce49|hev_886d8a602567,hbf_9982d6cab487,hsub_meissen_electoral_saxony_core,MEDIUM,promo_115617644595,MAPGEN-014,provenance rewritten by a reviewed revision; the superseded promotion stays in the log,
seven_years_war_1756_08_01,TERRESTRIAL_HEX,h6000_q-000408_r+001282,src_9d6f03b5c85f,hsrc_34735c52ef0d,hev_63418cd6ce49|hev_886d8a602567,hbf_9982d6cab487,hsub_meissen_electoral_saxony_core,MEDIUM,promo_115617644595,MAPGEN-014,provenance rewritten by a reviewed revision; the superseded promotion stays in the log,
seven_years_war_1756_08_01,TERRESTRIAL_HEX,h6000_q-000407_r+001282,src_9d6f03b5c85f,hsrc_34735c52ef0d,hev_63418cd6ce49|hev_886d8a602567,hbf_9982d6cab487,hsub_meissen_electoral_saxony_core,MEDIUM,promo_115617644595,MAPGEN-014,provenance rewritten by a reviewed revision; the superseded promotion stays in the log,
seven_years_war_1756_08_01,TERRESTRIAL_HEX,h6000_q-000406_r+001282,src_9d6f03b5c85f,hsrc_34735c52ef0d,hev_63418cd6ce49|hev_886d8a602567,hbf_9982d6cab487,hsub_meissen_electoral_saxony_core,MEDIUM,promo_115617644595,MAPGEN-014,provenance rewritten by a reviewed revision; the superseded promotion stays in the log,
seven_years_war_1756_08_01,TERRESTRIAL_HEX,h6000_q-000403_r+001282,src_9d6f03b5c85f,hsrc_34735c52ef0d,hev_63418cd6ce49|hev_886d8a602567,hbf_9982d6cab487,hsub_meissen_electoral_saxony_core,MEDIUM,promo_115617644595,MAPGEN-014,provenance rewritten by a reviewed revision; the superseded promotion stays in the log,
seven_years_war_1756_08_01,TERRESTRIAL_HEX,h6000_q-000402_r+001282,src_9d6f03b5c85f,hsrc_34735c52ef0d,hev_63418cd6ce49|hev_886d8a602567,hbf_9982d6cab487,hsub_meissen_electoral_saxony_core,MEDIUM,promo_115617644595,MAPGEN-014,provenance rewritten by a reviewed revision; the superseded promotion stays in the log,
seven_years_war_1756_08_01,TERRESTRIAL_HEX,h6000_q-000401_r+001282,src_9d6f03b5c85f,hsrc_34735c52ef0d,hev_63418cd6ce49|hev_886d8a602567,hbf_9982d6cab487,hsub_meissen_electoral_saxony_core,MEDIUM,promo_115617644595,MAPGEN-014,provenance rewritten by a reviewed revision; the superseded promotion stays in the log,
seven_years_war_1756_08_01,TERRESTRIAL_HEX,h6000_q-000400_r+001282,src_9d6f03b5c85f,hsrc_34735c52ef0d,hev_63418cd6ce49|hev_886d8a602567,hbf_9982d6cab487,hsub_meissen_electoral_saxony_core,MEDIUM,promo_115617644595,MAPGEN-014,provenance rewritten by a reviewed revision; the superseded promotion stays in the log,
seven_years_war_1756_08_01,TERRESTRIAL_HEX,h6000_q-000399_r+001282,src_9d6f03b5c85f,hsrc_34735c52ef0d,hev_63418cd6ce49|hev_886d8a602567,hbf_9982d6cab487,hsub_meissen_electoral_saxony_core,MEDIUM,promo_115617644595,MAPGEN-014,provenance rewritten by a reviewed revision; the superseded promotion stays in the log,
seven_years_war_1756_08_01,TERRESTRIAL_HEX,h6000_q-000398_r+001282,src_9d6f03b5c85f,hsrc_34735c52ef0d,hev_63418cd6ce49|hev_886d8a602567,hbf_9982d6cab487,hsub_meissen_electoral_saxony_core,MEDIUM,promo_115617644595,MAPGEN-014,provenance rewritten by a reviewed revision; the superseded promotion stays in the log,
seven_years_war_1756_08_01,TERRESTRIAL_HEX,h6000_q-000385_r+001282,src_9d6f03b5c85f,hsrc_34735c52ef0d,hev_63418cd6ce49|hev_886d8a602567,hbf_9982d6cab487,hsub_meissen_electoral_saxony_core,MEDIUM,promo_115617644595,MAPGEN-014,provenance rewritten by a reviewed revision; the superseded promotion stays in the log,
seven_years_war_1756_08_01,TERRESTRIAL_HEX,h6000_q-000384_r+001282,src_9d6f03b5c85f,hsrc_34735c52ef0d,hev_63418cd6ce49|hev_886d8a602567,hbf_9982d6cab487,hsub_meissen_electoral_saxony_core,MEDIUM,promo_115617644595,MAPGEN-014,provenance rewritten by a reviewed revision; the superseded promotion stays in the log,
seven_years_war_1756_08_01,TERRESTRIAL_HEX,h6000_q-000383_r+001282,src_9d6f03b5c85f,hsrc_34735c52ef0d,hev_63418cd6ce49|hev_886d8a602567,hbf_9982d6cab487,hsub_meissen_electoral_saxony_core,MEDIUM,promo_115617644595,MAPGEN-014,provenance rewritten by a reviewed revision; the superseded promotion stays in the log,
seven_years_war_1756_08_01,TERRESTRIAL_HEX,h6000_q-000409_r+001283,src_9d6f03b5c85f,hsrc_34735c52ef0d,hev_63418cd6ce49|hev_886d8a602567,hbf_9982d6cab487,hsub_meissen_electoral_saxony_core,MEDIUM,promo_115617644595,MAPGEN-014,provenance rewritten by a reviewed revision; the superseded promotion stays in the log,
seven_years_war_1756_08_01,TERRESTRIAL_HEX,h6000_q-000408_r+001283,src_9d6f03b5c85f,hsrc_34735c52ef0d,hev_63418cd6ce49|hev_886d8a602567,hbf_9982d6cab487,hsub_meissen_electoral_saxony_core,MEDIUM,promo_115617644595,MAPGEN-014,provenance rewritten by a reviewed revision; the superseded promotion stays in the log,
seven_years_war_1756_08_01,TERRESTRIAL_HEX,h6000_q-000407_r+001283,src_9d6f03b5c85f,hsrc_34735c52ef0d,hev_63418cd6ce49|hev_886d8a602567,hbf_9982d6cab487,hsub_meissen_electoral_saxony_core,MEDIUM,promo_115617644595,MAPGEN-014,provenance rewritten by a reviewed revision; the superseded promotion stays in the log,
seven_years_war_1756_08_01,TERRESTRIAL_HEX,h6000_q-000406_r+001283,src_9d6f03b5c85f,hsrc_34735c52ef0d,hev_63418cd6ce49|hev_886d8a602567,hbf_9982d6cab487,hsub_meissen_electoral_saxony_core,MEDIUM,promo_115617644595,MAPGEN-014,provenance rewritten by a reviewed revision; the superseded promotion stays in the log,
seven_years_war_1756_08_01,TERRESTRIAL_HEX,h6000_q-000405_r+001283,src_9d6f03b5c85f,hsrc_34735c52ef0d,hev_63418cd6ce49|hev_886d8a602567,hbf_9982d6cab487,hsub_meissen_electoral_saxony_core,MEDIUM,promo_115617644595,MAPGEN-014,provenance rewritten by a reviewed revision; the superseded promotion stays in the log,
seven_years_war_1756_08_01,TERRESTRIAL_HEX,h6000_q-000404_r+001283,src_9d6f03b5c85f,hsrc_34735c52ef0d,hev_63418cd6ce49|hev_886d8a602567,hbf_9982d6cab487,hsub_meissen_electoral_saxony_core,MEDIUM,promo_115617644595,MAPGEN-014,provenance rewritten by a reviewed revision; the superseded promotion stays in the log,
seven_years_war_1756_08_01,TERRESTRIAL_HEX,h6000_q-000403_r+001283,src_9d6f03b5c85f,hsrc_34735c52ef0d,hev_63418cd6ce49|hev_886d8a602567,hbf_9982d6cab487,hsub_meissen_electoral_saxony_core,MEDIUM,promo_115617644595,MAPGEN-014,provenance rewritten by a reviewed revision; the superseded promotion stays in the log,
seven_years_war_1756_08_01,TERRESTRIAL_HEX,h6000_q-000402_r+001283,src_9d6f03b5c85f,hsrc_34735c52ef0d,hev_63418cd6ce49|hev_886d8a602567,hbf_9982d6cab487,hsub_meissen_electoral_saxony_core,MEDIUM,promo_115617644595,MAPGEN-014,provenance rewritten by a reviewed revision; the superseded promotion stays in the log,
seven_years_war_1756_08_01,TERRESTRIAL_HEX,h6000_q-000401_r+001283,src_9d6f03b5c85f,hsrc_34735c52ef0d,hev_63418cd6ce49|hev_886d8a602567,hbf_9982d6cab487,hsub_meissen_electoral_saxony_core,MEDIUM,promo_115617644595,MAPGEN-014,provenance rewritten by a reviewed revision; the superseded promotion stays in the log,
seven_years_war_1756_08_01,TERRESTRIAL_HEX,h6000_q-000400_r+001283,src_9d6f03b5c85f,hsrc_34735c52ef0d,hev_63418cd6ce49|hev_886d8a602567,hbf_9982d6cab487,hsub_meissen_electoral_saxony_core,MEDIUM,promo_115617644595,MAPGEN-014,provenance rewritten by a reviewed revision; the superseded promotion stays in the log,
seven_years_war_1756_08_01,TERRESTRIAL_HEX,h6000_q-000399_r+001283,src_9d6f03b5c85f,hsrc_34735c52ef0d,hev_63418cd6ce49|hev_886d8a602567,hbf_9982d6cab487,hsub_meissen_electoral_saxony_core,MEDIUM,promo_115617644595,MAPGEN-014,provenance rewritten by a reviewed revision; the superseded promotion stays in the log,
seven_years_war_1756_08_01,TERRESTRIAL_HEX,h6000_q-000386_r+001283,src_9d6f03b5c85f,hsrc_34735c52ef0d,hev_63418cd6ce49|hev_886d8a602567,hbf_9982d6cab487,hsub_meissen_electoral_saxony_core,MEDIUM,promo_115617644595,MAPGEN-014,provenance rewritten by a reviewed revision; the superseded promotion stays in the log,
seven_years_war_1756_08_01,TERRESTRIAL_HEX,h6000_q-000385_r+001283,src_9d6f03b5c85f,hsrc_34735c52ef0d,hev_63418cd6ce49|hev_886d8a602567,hbf_9982d6cab487,hsub_meissen_electoral_saxony_core,MEDIUM,promo_115617644595,MAPGEN-014,provenance rewritten by a reviewed revision; the superseded promotion stays in the log,
seven_years_war_1756_08_01,TERRESTRIAL_HEX,h6000_q-000409_r+001284,src_9d6f03b5c85f,hsrc_34735c52ef0d,hev_63418cd6ce49|hev_886d8a602567,hbf_9982d6cab487,hsub_meissen_electoral_saxony_core,MEDIUM,promo_115617644595,MAPGEN-014,provenance rewritten by a reviewed revision; the superseded promotion stays in the log,
seven_years_war_1756_08_01,TERRESTRIAL_HEX,h6000_q-000406_r+001284,src_9d6f03b5c85f,hsrc_34735c52ef0d,hev_63418cd6ce49|hev_886d8a602567,hbf_9982d6cab487,hsub_meissen_electoral_saxony_core,MEDIUM,promo_115617644595,MAPGEN-014,provenance rewritten by a reviewed revision; the superseded promotion stays in the log,
seven_years_war_1756_08_01,TERRESTRIAL_HEX,h6000_q-000405_r+001284,src_9d6f03b5c85f,hsrc_34735c52ef0d,hev_63418cd6ce49|hev_886d8a602567,hbf_9982d6cab487,hsub_meissen_electoral_saxony_core,MEDIUM,promo_115617644595,MAPGEN-014,provenance rewritten by a reviewed revision; the superseded promotion stays in the log,
seven_years_war_1756_08_01,TERRESTRIAL_HEX,h6000_q-000404_r+001284,src_9d6f03b5c85f,hsrc_34735c52ef0d,hev_63418cd6ce49|hev_886d8a602567,hbf_9982d6cab487,hsub_meissen_electoral_saxony_core,MEDIUM,promo_115617644595,MAPGEN-014,provenance rewritten by a reviewed revision; the superseded promotion stays in the log,
seven_years_war_1756_08_01,TERRESTRIAL_HEX,h6000_q-000402_r+001284,src_9d6f03b5c85f,hsrc_34735c52ef0d,hev_63418cd6ce49|hev_886d8a602567,hbf_9982d6cab487,hsub_meissen_electoral_saxony_core,MEDIUM,promo_115617644595,MAPGEN-014,provenance rewritten by a reviewed revision; the superseded promotion stays in the log,
seven_years_war_1756_08_01,TERRESTRIAL_HEX,h6000_q-000401_r+001284,src_9d6f03b5c85f,hsrc_34735c52ef0d,hev_63418cd6ce49|hev_886d8a602567,hbf_9982d6cab487,hsub_meissen_electoral_saxony_core,MEDIUM,promo_115617644595,MAPGEN-014,provenance rewritten by a reviewed revision; the superseded promotion stays in the log,
seven_years_war_1756_08_01,TERRESTRIAL_HEX,h6000_q-000387_r+001284,src_9d6f03b5c85f,hsrc_34735c52ef0d,hev_63418cd6ce49|hev_886d8a602567,hbf_9982d6cab487,hsub_meissen_electoral_saxony_core,MEDIUM,promo_115617644595,MAPGEN-014,provenance rewritten by a reviewed revision; the superseded promotion stays in the log,
seven_years_war_1756_08_01,TERRESTRIAL_HEX,h6000_q-000386_r+001284,src_9d6f03b5c85f,hsrc_34735c52ef0d,hev_63418cd6ce49|hev_886d8a602567,hbf_9982d6cab487,hsub_meissen_electoral_saxony_core,MEDIUM,promo_115617644595,MAPGEN-014,provenance rewritten by a reviewed revision; the superseded promotion stays in the log,
seven_years_war_1756_08_01,TERRESTRIAL_HEX,h6000_q-000410_r+001285,src_9d6f03b5c85f,hsrc_34735c52ef0d,hev_63418cd6ce49|hev_886d8a602567,hbf_9982d6cab487,hsub_meissen_electoral_saxony_core,MEDIUM,promo_115617644595,MAPGEN-014,provenance rewritten by a reviewed revision; the superseded promotion stays in the log,
seven_years_war_1756_08_01,TERRESTRIAL_HEX,h6000_q-000409_r+001285,src_9d6f03b5c85f,hsrc_34735c52ef0d,hev_63418cd6ce49|hev_886d8a602567,hbf_9982d6cab487,hsub_meissen_electoral_saxony_core,MEDIUM,promo_115617644595,MAPGEN-014,provenance rewritten by a reviewed revision; the superseded promotion stays in the log,
seven_years_war_1756_08_01,TERRESTRIAL_HEX,h6000_q-000405_r+001285,src_9d6f03b5c85f,hsrc_34735c52ef0d,hev_63418cd6ce49|hev_886d8a602567,hbf_9982d6cab487,hsub_meissen_electoral_saxony_core,MEDIUM,promo_115617644595,MAPGEN-014,provenance rewritten by a reviewed revision; the superseded promotion stays in the log,
seven_years_war_1756_08_01,TERRESTRIAL_HEX,h6000_q-000404_r+001285,src_9d6f03b5c85f,hsrc_34735c52ef0d,hev_63418cd6ce49|hev_886d8a602567,hbf_9982d6cab487,hsub_meissen_electoral_saxony_core,MEDIUM,promo_115617644595,MAPGEN-014,provenance rewritten by a reviewed revision; the superseded promotion stays in the log,
seven_years_war_1756_08_01,TERRESTRIAL_HEX,h6000_q-000403_r+001285,src_9d6f03b5c85f,hsrc_34735c52ef0d,hev_63418cd6ce49|hev_886d8a602567,hbf_9982d6cab487,hsub_meissen_electoral_saxony_core,MEDIUM,promo_115617644595,MAPGEN-014,provenance rewritten by a reviewed revision; the superseded promotion stays in the log,
seven_years_war_1756_08_01,TERRESTRIAL_HEX,h6000_q-000402_r+001285,src_9d6f03b5c85f,hsrc_34735c52ef0d,hev_63418cd6ce49|hev_886d8a602567,hbf_9982d6cab487,hsub_meissen_electoral_saxony_core,MEDIUM,promo_115617644595,MAPGEN-014,provenance rewritten by a reviewed revision; the superseded promotion stays in the log,
seven_years_war_1756_08_01,TERRESTRIAL_HEX,h6000_q-000391_r+001285,src_9d6f03b5c85f,hsrc_34735c52ef0d,hev_63418cd6ce49|hev_886d8a602567,hbf_9982d6cab487,hsub_meissen_electoral_saxony_core,MEDIUM,promo_115617644595,MAPGEN-014,provenance rewritten by a reviewed revision; the superseded promotion stays in the log,
seven_years_war_1756_08_01,TERRESTRIAL_HEX,h6000_q-000390_r+001285,src_9d6f03b5c85f,hsrc_34735c52ef0d,hev_63418cd6ce49|hev_886d8a602567,hbf_9982d6cab487,hsub_meissen_electoral_saxony_core,MEDIUM,promo_115617644595,MAPGEN-014,provenance rewritten by a reviewed revision; the superseded promotion stays in the log,
seven_years_war_1756_08_01,TERRESTRIAL_HEX,h6000_q-000389_r+001285,src_9d6f03b5c85f,hsrc_34735c52ef0d,hev_63418cd6ce49|hev_886d8a602567,hbf_9982d6cab487,hsub_meissen_electoral_saxony_core,MEDIUM,promo_115617644595,MAPGEN-014,provenance rewritten by a reviewed revision; the superseded promotion stays in the log,
seven_years_war_1756_08_01,TERRESTRIAL_HEX,h6000_q-000388_r+001285,src_9d6f03b5c85f,hsrc_34735c52ef0d,hev_63418cd6ce49|hev_886d8a602567,hbf_9982d6cab487,hsub_meissen_electoral_saxony_core,MEDIUM,promo_115617644595,MAPGEN-014,provenance rewritten by a reviewed revision; the superseded promotion stays in the log,
seven_years_war_1756_08_01,TERRESTRIAL_HEX,h6000_q-000387_r+001285,src_9d6f03b5c85f,hsrc_34735c52ef0d,hev_63418cd6ce49|hev_886d8a602567,hbf_9982d6cab487,hsub_meissen_electoral_saxony_core,MEDIUM,promo_115617644595,MAPGEN-014,provenance rewritten by a reviewed revision; the superseded promotion stays in the log,
seven_years_war_1756_08_01,TERRESTRIAL_HEX,h6000_q-000410_r+001286,src_9d6f03b5c85f,hsrc_34735c52ef0d,hev_63418cd6ce49|hev_886d8a602567,hbf_9982d6cab487,hsub_meissen_electoral_saxony_core,MEDIUM,promo_115617644595,MAPGEN-014,provenance rewritten by a reviewed revision; the superseded promotion stays in the log,
seven_years_war_1756_08_01,TERRESTRIAL_HEX,h6000_q-000409_r+001286,src_9d6f03b5c85f,hsrc_34735c52ef0d,hev_63418cd6ce49|hev_886d8a602567,hbf_9982d6cab487,hsub_meissen_electoral_saxony_core,MEDIUM,promo_115617644595,MAPGEN-014,provenance rewritten by a reviewed revision; the superseded promotion stays in the log,
seven_years_war_1756_08_01,TERRESTRIAL_HEX,h6000_q-000405_r+001286,src_9d6f03b5c85f,hsrc_34735c52ef0d,hev_63418cd6ce49|hev_886d8a602567,hbf_9982d6cab487,hsub_meissen_electoral_saxony_core,MEDIUM,promo_115617644595,MAPGEN-014,provenance rewritten by a reviewed revision; the superseded promotion stays in the log,
seven_years_war_1756_08_01,TERRESTRIAL_HEX,h6000_q-000404_r+001286,src_9d6f03b5c85f,hsrc_34735c52ef0d,hev_63418cd6ce49|hev_886d8a602567,hbf_9982d6cab487,hsub_meissen_electoral_saxony_core,MEDIUM,promo_115617644595,MAPGEN-014,provenance rewritten by a reviewed revision; the superseded promotion stays in the log,
seven_years_war_1756_08_01,TERRESTRIAL_HEX,h6000_q-000403_r+001286,src_9d6f03b5c85f,hsrc_34735c52ef0d,hev_63418cd6ce49|hev_886d8a602567,hbf_9982d6cab487,hsub_meissen_electoral_saxony_core,MEDIUM,promo_115617644595,MAPGEN-014,provenance rewritten by a reviewed revision; the superseded promotion stays in the log,
seven_years_war_1756_08_01,TERRESTRIAL_HEX,h6000_q-000392_r+001286,src_9d6f03b5c85f,hsrc_34735c52ef0d,hev_63418cd6ce49|hev_886d8a602567,hbf_9982d6cab487,hsub_meissen_electoral_saxony_core,MEDIUM,promo_115617644595,MAPGEN-014,provenance rewritten by a reviewed revision; the superseded promotion stays in the log,
seven_years_war_1756_08_01,TERRESTRIAL_HEX,h6000_q-000391_r+001286,src_9d6f03b5c85f,hsrc_34735c52ef0d,hev_63418cd6ce49|hev_886d8a602567,hbf_9982d6cab487,hsub_meissen_electoral_saxony_core,MEDIUM,promo_115617644595,MAPGEN-014,provenance rewritten by a reviewed revision; the superseded promotion stays in the log,
seven_years_war_1756_08_01,TERRESTRIAL_HEX,h6000_q-000390_r+001286,src_9d6f03b5c85f,hsrc_34735c52ef0d,hev_63418cd6ce49|hev_886d8a602567,hbf_9982d6cab487,hsub_meissen_electoral_saxony_core,MEDIUM,promo_115617644595,MAPGEN-014,provenance rewritten by a reviewed revision; the superseded promotion stays in the log,
seven_years_war_1756_08_01,TERRESTRIAL_HEX,h6000_q-000388_r+001286,src_9d6f03b5c85f,hsrc_34735c52ef0d,hev_63418cd6ce49|hev_886d8a602567,hbf_9982d6cab487,hsub_meissen_electoral_saxony_core,MEDIUM,promo_115617644595,MAPGEN-014,provenance rewritten by a reviewed revision; the superseded promotion stays in the log,
seven_years_war_1756_08_01,TERRESTRIAL_HEX,h6000_q-000387_r+001286,src_9d6f03b5c85f,hsrc_34735c52ef0d,hev_63418cd6ce49|hev_886d8a602567,hbf_9982d6cab487,hsub_meissen_electoral_saxony_core,MEDIUM,promo_115617644595,MAPGEN-014,provenance rewritten by a reviewed revision; the superseded promotion stays in the log,
seven_years_war_1756_08_01,TERRESTRIAL_HEX,h6000_q-000410_r+001287,src_9d6f03b5c85f,hsrc_34735c52ef0d,hev_63418cd6ce49|hev_886d8a602567,hbf_9982d6cab487,hsub_meissen_electoral_saxony_core,MEDIUM,promo_115617644595,MAPGEN-014,provenance rewritten by a reviewed revision; the superseded promotion stays in the log,
seven_years_war_1756_08_01,TERRESTRIAL_HEX,h6000_q-000409_r+001287,src_9d6f03b5c85f,hsrc_34735c52ef0d,hev_63418cd6ce49|hev_886d8a602567,hbf_9982d6cab487,hsub_meissen_electoral_saxony_core,MEDIUM,promo_115617644595,MAPGEN-014,provenance rewritten by a reviewed revision; the superseded promotion stays in the log,
seven_years_war_1756_08_01,TERRESTRIAL_HEX,h6000_q-000397_r+001287,src_9d6f03b5c85f,hsrc_34735c52ef0d,hev_63418cd6ce49|hev_886d8a602567,hbf_9982d6cab487,hsub_meissen_electoral_saxony_core,MEDIUM,promo_115617644595,MAPGEN-014,provenance rewritten by a reviewed revision; the superseded promotion stays in the log,
seven_years_war_1756_08_01,TERRESTRIAL_HEX,h6000_q-000395_r+001287,src_9d6f03b5c85f,hsrc_34735c52ef0d,hev_63418cd6ce49|hev_886d8a602567,hbf_9982d6cab487,hsub_meissen_electoral_saxony_core,MEDIUM,promo_115617644595,MAPGEN-014,provenance rewritten by a reviewed revision; the superseded promotion stays in the log,
seven_years_war_1756_08_01,TERRESTRIAL_HEX,h6000_q-000394_r+001287,src_9d6f03b5c85f,hsrc_34735c52ef0d,hev_63418cd6ce49|hev_886d8a602567,hbf_9982d6cab487,hsub_meissen_electoral_saxony_core,MEDIUM,promo_115617644595,MAPGEN-014,provenance rewritten by a reviewed revision; the superseded promotion stays in the log,
seven_years_war_1756_08_01,TERRESTRIAL_HEX,h6000_q-000393_r+001287,src_9d6f03b5c85f,hsrc_34735c52ef0d,hev_63418cd6ce49|hev_886d8a602567,hbf_9982d6cab487,hsub_meissen_electoral_saxony_core,MEDIUM,promo_115617644595,MAPGEN-014,provenance rewritten by a reviewed revision; the superseded promotion stays in the log,
seven_years_war_1756_08_01,TERRESTRIAL_HEX,h6000_q-000392_r+001287,src_9d6f03b5c85f,hsrc_34735c52ef0d,hev_63418cd6ce49|hev_886d8a602567,hbf_9982d6cab487,hsub_meissen_electoral_saxony_core,MEDIUM,promo_115617644595,MAPGEN-014,provenance rewritten by a reviewed revision; the superseded promotion stays in the log,
seven_years_war_1756_08_01,TERRESTRIAL_HEX,h6000_q-000411_r+001288,src_9d6f03b5c85f,hsrc_34735c52ef0d,hev_63418cd6ce49|hev_886d8a602567,hbf_9982d6cab487,hsub_meissen_electoral_saxony_core,MEDIUM,promo_115617644595,MAPGEN-014,provenance rewritten by a reviewed revision; the superseded promotion stays in the log,
seven_years_war_1756_08_01,TERRESTRIAL_HEX,h6000_q-000410_r+001288,src_9d6f03b5c85f,hsrc_34735c52ef0d,hev_63418cd6ce49|hev_886d8a602567,hbf_9982d6cab487,hsub_meissen_electoral_saxony_core,MEDIUM,promo_115617644595,MAPGEN-014,provenance rewritten by a reviewed revision; the superseded promotion stays in the log,
seven_years_war_1756_08_01,TERRESTRIAL_HEX,h6000_q-000401_r+001288,src_9d6f03b5c85f,hsrc_34735c52ef0d,hev_63418cd6ce49|hev_886d8a602567,hbf_9982d6cab487,hsub_meissen_electoral_saxony_core,MEDIUM,promo_115617644595,MAPGEN-014,provenance rewritten by a reviewed revision; the superseded promotion stays in the log,
seven_years_war_1756_08_01,TERRESTRIAL_HEX,h6000_q-000400_r+001288,src_9d6f03b5c85f,hsrc_34735c52ef0d,hev_63418cd6ce49|hev_886d8a602567,hbf_9982d6cab487,hsub_meissen_electoral_saxony_core,MEDIUM,promo_115617644595,MAPGEN-014,provenance rewritten by a reviewed revision; the superseded promotion stays in the log,
seven_years_war_1756_08_01,TERRESTRIAL_HEX,h6000_q-000399_r+001288,src_9d6f03b5c85f,hsrc_34735c52ef0d,hev_63418cd6ce49|hev_886d8a602567,hbf_9982d6cab487,hsub_meissen_electoral_saxony_core,MEDIUM,promo_115617644595,MAPGEN-014,provenance rewritten by a reviewed revision; the superseded promotion stays in the log,
seven_years_war_1756_08_01,TERRESTRIAL_HEX,h6000_q-000398_r+001288,src_9d6f03b5c85f,hsrc_34735c52ef0d,hev_63418cd6ce49|hev_886d8a602567,hbf_9982d6cab487,hsub_meissen_electoral_saxony_core,MEDIUM,promo_115617644595,MAPGEN-014,provenance rewritten by a reviewed revision; the superseded promotion stays in the log,
seven_years_war_1756_08_01,TERRESTRIAL_HEX,h6000_q-000397_r+001288,src_9d6f03b5c85f,hsrc_34735c52ef0d,hev_63418cd6ce49|hev_886d8a602567,hbf_9982d6cab487,hsub_meissen_electoral_saxony_core,MEDIUM,promo_115617644595,MAPGEN-014,provenance rewritten by a reviewed revision; the superseded promotion stays in the log,
seven_years_war_1756_08_01,TERRESTRIAL_HEX,h6000_q-000396_r+001288,src_9d6f03b5c85f,hsrc_34735c52ef0d,hev_63418cd6ce49|hev_886d8a602567,hbf_9982d6cab487,hsub_meissen_electoral_saxony_core,MEDIUM,promo_115617644595,MAPGEN-014,provenance rewritten by a reviewed revision; the superseded promotion stays in the log,
seven_years_war_1756_08_01,TERRESTRIAL_HEX,h6000_q-000395_r+001288,src_9d6f03b5c85f,hsrc_34735c52ef0d,hev_63418cd6ce49|hev_886d8a602567,hbf_9982d6cab487,hsub_meissen_electoral_saxony_core,MEDIUM,promo_115617644595,MAPGEN-014,provenance rewritten by a reviewed revision; the superseded promotion stays in the log,
seven_years_war_1756_08_01,TERRESTRIAL_HEX,h6000_q-000394_r+001288,src_9d6f03b5c85f,hsrc_34735c52ef0d,hev_63418cd6ce49|hev_886d8a602567,hbf_9982d6cab487,hsub_meissen_electoral_saxony_core,MEDIUM,promo_115617644595,MAPGEN-014,provenance rewritten by a reviewed revision; the superseded promotion stays in the log,
seven_years_war_1756_08_01,TERRESTRIAL_HEX,h6000_q-000412_r+001289,src_9d6f03b5c85f,hsrc_34735c52ef0d,hev_63418cd6ce49|hev_886d8a602567,hbf_9982d6cab487,hsub_meissen_electoral_saxony_core,MEDIUM,promo_115617644595,MAPGEN-014,provenance rewritten by a reviewed revision; the superseded promotion stays in the log,
seven_years_war_1756_08_01,TERRESTRIAL_HEX,h6000_q-000411_r+001289,src_9d6f03b5c85f,hsrc_34735c52ef0d,hev_63418cd6ce49|hev_886d8a602567,hbf_9982d6cab487,hsub_meissen_electoral_saxony_core,MEDIUM,promo_115617644595,MAPGEN-014,provenance rewritten by a reviewed revision; the superseded promotion stays in the log,
seven_years_war_1756_08_01,TERRESTRIAL_HEX,h6000_q-000410_r+001289,src_9d6f03b5c85f,hsrc_34735c52ef0d,hev_63418cd6ce49|hev_886d8a602567,hbf_9982d6cab487,hsub_meissen_electoral_saxony_core,MEDIUM,promo_115617644595,MAPGEN-014,provenance rewritten by a reviewed revision; the superseded promotion stays in the log,
seven_years_war_1756_08_01,TERRESTRIAL_HEX,h6000_q-000403_r+001289,src_9d6f03b5c85f,hsrc_34735c52ef0d,hev_63418cd6ce49|hev_886d8a602567,hbf_9982d6cab487,hsub_meissen_electoral_saxony_core,MEDIUM,promo_115617644595,MAPGEN-014,provenance rewritten by a reviewed revision; the superseded promotion stays in the log,
seven_years_war_1756_08_01,TERRESTRIAL_HEX,h6000_q-000402_r+001289,src_9d6f03b5c85f,hsrc_34735c52ef0d,hev_63418cd6ce49|hev_886d8a602567,hbf_9982d6cab487,hsub_meissen_electoral_saxony_core,MEDIUM,promo_115617644595,MAPGEN-014,provenance rewritten by a reviewed revision; the superseded promotion stays in the log,
seven_years_war_1756_08_01,TERRESTRIAL_HEX,h6000_q-000401_r+001289,src_9d6f03b5c85f,hsrc_34735c52ef0d,hev_63418cd6ce49|hev_886d8a602567,hbf_9982d6cab487,hsub_meissen_electoral_saxony_core,MEDIUM,promo_115617644595,MAPGEN-014,provenance rewritten by a reviewed revision; the superseded promotion stays in the log,
seven_years_war_1756_08_01,TERRESTRIAL_HEX,h6000_q-000400_r+001289,src_9d6f03b5c85f,hsrc_34735c52ef0d,hev_63418cd6ce49|hev_886d8a602567,hbf_9982d6cab487,hsub_meissen_electoral_saxony_core,MEDIUM,promo_115617644595,MAPGEN-014,provenance rewritten by a reviewed revision; the superseded promotion stays in the log,
seven_years_war_1756_08_01,TERRESTRIAL_HEX,h6000_q-000411_r+001290,src_9d6f03b5c85f,hsrc_34735c52ef0d,hev_63418cd6ce49|hev_886d8a602567,hbf_9982d6cab487,hsub_meissen_electoral_saxony_core,MEDIUM,promo_115617644595,MAPGEN-014,provenance rewritten by a reviewed revision; the superseded promotion stays in the log,
seven_years_war_1756_08_01,TERRESTRIAL_HEX,h6000_q-000405_r+001290,src_9d6f03b5c85f,hsrc_34735c52ef0d,hev_63418cd6ce49|hev_886d8a602567,hbf_9982d6cab487,hsub_meissen_electoral_saxony_core,MEDIUM,promo_115617644595,MAPGEN-014,provenance rewritten by a reviewed revision; the superseded promotion stays in the log,
seven_years_war_1756_08_01,TERRESTRIAL_HEX,h6000_q-000404_r+001290,src_9d6f03b5c85f,hsrc_34735c52ef0d,hev_63418cd6ce49|hev_886d8a602567,hbf_9982d6cab487,hsub_meissen_electoral_saxony_core,MEDIUM,promo_115617644595,MAPGEN-014,provenance rewritten by a reviewed revision; the superseded promotion stays in the log,
seven_years_war_1756_08_01,TERRESTRIAL_HEX,h6000_q-000403_r+001290,src_9d6f03b5c85f,hsrc_34735c52ef0d,hev_63418cd6ce49|hev_886d8a602567,hbf_9982d6cab487,hsub_meissen_electoral_saxony_core,MEDIUM,promo_115617644595,MAPGEN-014,provenance rewritten by a reviewed revision; the superseded promotion stays in the log,
seven_years_war_1756_08_01,TERRESTRIAL_HEX,h6000_q-000402_r+001290,src_9d6f03b5c85f,hsrc_34735c52ef0d,hev_63418cd6ce49|hev_886d8a602567,hbf_9982d6cab487,hsub_meissen_electoral_saxony_core,MEDIUM,promo_115617644595,MAPGEN-014,provenance rewritten by a reviewed revision; the superseded promotion stays in the log,
seven_years_war_1756_08_01,TERRESTRIAL_HEX,h6000_q-000412_r+001291,src_9d6f03b5c85f,hsrc_34735c52ef0d,hev_63418cd6ce49|hev_886d8a602567,hbf_9982d6cab487,hsub_meissen_electoral_saxony_core,MEDIUM,promo_115617644595,MAPGEN-014,provenance rewritten by a reviewed revision; the superseded promotion stays in the log,
seven_years_war_1756_08_01,TERRESTRIAL_HEX,h6000_q-000411_r+001291,src_9d6f03b5c85f,hsrc_34735c52ef0d,hev_63418cd6ce49|hev_886d8a602567,hbf_9982d6cab487,hsub_meissen_electoral_saxony_core,MEDIUM,promo_115617644595,MAPGEN-014,provenance rewritten by a reviewed revision; the superseded promotion stays in the log,
seven_years_war_1756_08_01,TERRESTRIAL_HEX,h6000_q-000410_r+001291,src_9d6f03b5c85f,hsrc_34735c52ef0d,hev_63418cd6ce49|hev_886d8a602567,hbf_9982d6cab487,hsub_meissen_electoral_saxony_core,MEDIUM,promo_115617644595,MAPGEN-014,provenance rewritten by a reviewed revision; the superseded promotion stays in the log,
seven_years_war_1756_08_01,TERRESTRIAL_HEX,h6000_q-000408_r+001291,src_9d6f03b5c85f,hsrc_34735c52ef0d,hev_63418cd6ce49|hev_886d8a602567,hbf_9982d6cab487,hsub_meissen_electoral_saxony_core,MEDIUM,promo_115617644595,MAPGEN-014,provenance rewritten by a reviewed revision; the superseded promotion stays in the log,
seven_years_war_1756_08_01,TERRESTRIAL_HEX,h6000_q-000407_r+001291,src_9d6f03b5c85f,hsrc_34735c52ef0d,hev_63418cd6ce49|hev_886d8a602567,hbf_9982d6cab487,hsub_meissen_electoral_saxony_core,MEDIUM,promo_115617644595,MAPGEN-014,provenance rewritten by a reviewed revision; the superseded promotion stays in the log,
seven_years_war_1756_08_01,TERRESTRIAL_HEX,h6000_q-000406_r+001291,src_9d6f03b5c85f,hsrc_34735c52ef0d,hev_63418cd6ce49|hev_886d8a602567,hbf_9982d6cab487,hsub_meissen_electoral_saxony_core,MEDIUM,promo_115617644595,MAPGEN-014,provenance rewritten by a reviewed revision; the superseded promotion stays in the log,
seven_years_war_1756_08_01,TERRESTRIAL_HEX,h6000_q-000405_r+001291,src_9d6f03b5c85f,hsrc_34735c52ef0d,hev_63418cd6ce49|hev_886d8a602567,hbf_9982d6cab487,hsub_meissen_electoral_saxony_core,MEDIUM,promo_115617644595,MAPGEN-014,provenance rewritten by a reviewed revision; the superseded promotion stays in the log,
seven_years_war_1756_08_01,TERRESTRIAL_HEX,h6000_q-000411_r+001292,src_9d6f03b5c85f,hsrc_34735c52ef0d,hev_63418cd6ce49|hev_886d8a602567,hbf_9982d6cab487,hsub_meissen_electoral_saxony_core,MEDIUM,promo_115617644595,MAPGEN-014,provenance rewritten by a reviewed revision; the superseded promotion stays in the log,
seven_years_war_1756_08_01,TERRESTRIAL_HEX,h6000_q-000410_r+001292,src_9d6f03b5c85f,hsrc_34735c52ef0d,hev_63418cd6ce49|hev_886d8a602567,hbf_9982d6cab487,hsub_meissen_electoral_saxony_core,MEDIUM,promo_115617644595,MAPGEN-014,provenance rewritten by a reviewed revision; the superseded promotion stays in the log,
seven_years_war_1756_08_01,TERRESTRIAL_HEX,h6000_q-000409_r+001292,src_9d6f03b5c85f,hsrc_34735c52ef0d,hev_63418cd6ce49|hev_886d8a602567,hbf_9982d6cab487,hsub_meissen_electoral_saxony_core,MEDIUM,promo_115617644595,MAPGEN-014,provenance rewritten by a reviewed revision; the superseded promotion stays in the log,
seven_years_war_1756_08_01,TERRESTRIAL_HEX,h6000_q-000408_r+001292,src_9d6f03b5c85f,hsrc_34735c52ef0d,hev_63418cd6ce49|hev_886d8a602567,hbf_9982d6cab487,hsub_meissen_electoral_saxony_core,MEDIUM,promo_115617644595,MAPGEN-014,provenance rewritten by a reviewed revision; the superseded promotion stays in the log,
seven_years_war_1756_08_01,TERRESTRIAL_HEX,h6000_q-000407_r+001292,src_9d6f03b5c85f,hsrc_34735c52ef0d,hev_63418cd6ce49|hev_886d8a602567,hbf_9982d6cab487,hsub_meissen_electoral_saxony_core,MEDIUM,promo_115617644595,MAPGEN-014,provenance rewritten by a reviewed revision; the superseded promotion stays in the log,
seven_years_war_1756_08_01,TERRESTRIAL_HEX,h6000_q-000410_r+001293,src_9d6f03b5c85f,hsrc_34735c52ef0d,hev_63418cd6ce49|hev_886d8a602567,hbf_9982d6cab487,hsub_meissen_electoral_saxony_core,MEDIUM,promo_115617644595,MAPGEN-014,provenance rewritten by a reviewed revision; the superseded promotion stays in the log,
seven_years_war_1756_08_01,TERRESTRIAL_HEX,h6000_q-000409_r+001293,src_9d6f03b5c85f,hsrc_34735c52ef0d,hev_63418cd6ce49|hev_886d8a602567,hbf_9982d6cab487,hsub_meissen_electoral_saxony_core,MEDIUM,promo_115617644595,MAPGEN-014,provenance rewritten by a reviewed revision; the superseded promotion stays in the log,
