hex_id,hex_land_km2,sicily_km2,sardinia_km2,unaudited_other_km2,unaudited_share,control_status,winner,basis
h6000_q-000143_r+000846,20.00857495803833,20.00857495803833,0.0,0.0,0.0,CONTROLLED,sicily,WHOLE_LAND_SINGLE_AUTHORISED_COMPONENT
h6000_q-000143_r+000847,10.397005243242626,10.392701704449141,0.0,0.004303538793485437,0.000413920998672426,CONTROLLED,sicily,WHOLE_LAND_SINGLE_AUTHORISED_COMPONENT
h6000_q-000144_r+000846,10.040981398147728,10.040981398147728,0.0,0.0,0.0,CONTROLLED,sicily,WHOLE_LAND_SINGLE_AUTHORISED_COMPONENT
h6000_q-000144_r+000847,19.989265203727722,19.989265203727722,0.0,0.0,0.0,CONTROLLED,sicily,WHOLE_LAND_SINGLE_AUTHORISED_COMPONENT
h6000_q-000144_r+000848,14.167153776551748,14.167153776551748,0.0,0.0,0.0,CONTROLLED,sicily,WHOLE_LAND_SINGLE_AUTHORISED_COMPONENT
h6000_q-000144_r+000854,13.450847854303925,13.437826802767399,0.0,0.01302105153652653,0.0009680468976801436,CONTROLLED,sicily,WHOLE_LAND_SINGLE_AUTHORISED_COMPONENT
h6000_q-000144_r+000855,15.848681717340305,15.846501479595045,0.0,0.002180237745261111,0.00013756587356257376,CONTROLLED,sicily,WHOLE_LAND_SINGLE_AUTHORISED_COMPONENT
h6000_q-000145_r+000847,19.959657041110514,19.959657041110514,0.0,0.0,0.0,CONTROLLED,sicily,WHOLE_LAND_SINGLE_AUTHORISED_COMPONENT
h6000_q-000145_r+000848,19.969957040130616,19.969957040130616,0.0,0.0,0.0,CONTROLLED,sicily,WHOLE_LAND_SINGLE_AUTHORISED_COMPONENT
h6000_q-000145_r+000849,19.9506505147686,19.9506505147686,0.0,0.0,0.0,CONTROLLED,sicily,WHOLE_LAND_SINGLE_AUTHORISED_COMPONENT
h6000_q-000145_r+000850,17.093658505903523,17.093658505903523,0.0,0.0,0.0,CONTROLLED,sicily,WHOLE_LAND_SINGLE_AUTHORISED_COMPONENT
h6000_q-000145_r+000851,16.064871014738685,16.064871014738685,0.0,0.0,0.0,CONTROLLED,sicily,WHOLE_LAND_SINGLE_AUTHORISED_COMPONENT
h6000_q-000145_r+000852,14.001368984333528,14.001368984333528,0.0,0.0,0.0,CONTROLLED,sicily,WHOLE_LAND_SINGLE_AUTHORISED_COMPONENT
h6000_q-000145_r+000853,17.143412001994527,17.14084010858996,0.0,0.0025718934045690115,0.00015002225952860424,CONTROLLED,sicily,WHOLE_LAND_SINGLE_AUTHORISED_COMPONENT
h6000_q-000145_r+000854,19.85414411958313,19.85414411958313,0.0,0.0,0.0,CONTROLLED,sicily,WHOLE_LAND_SINGLE_AUTHORISED_COMPONENT
h6000_q-000145_r+000855,19.834848417125702,19.834848417125702,0.0,0.0,0.0,CONTROLLED,sicily,WHOLE_LAND_SINGLE_AUTHORISED_COMPONENT
h6000_q-000145_r+000856,18.531984691178202,18.531984691178202,0.0,0.0,0.0,CONTROLLED,sicily,WHOLE_LAND_SINGLE_AUTHORISED_COMPONENT
h6000_q-000145_r+000857,12.190545344298881,12.189495693032471,0.0,0.0010496512664105975,8.610371700077266e-05,CONTROLLED,sicily,WHOLE_LAND_SINGLE_AUTHORISED_COMPONENT
h6000_q-000146_r+000847,19.989265203748705,19.989265203748705,0.0,0.0,0.0,CONTROLLED,sicily,WHOLE_LAND_SINGLE_AUTHORISED_COMPONENT
h6000_q-000146_r+000848,19.969957040121077,19.969957040121077,0.0,0.0,0.0,CONTROLLED,sicily,WHOLE_LAND_SINGLE_AUTHORISED_COMPONENT
h6000_q-000146_r+000849,19.950650514778136,19.950650514778136,0.0,0.0,0.0,CONTROLLED,sicily,WHOLE_LAND_SINGLE_AUTHORISED_COMPONENT
h6000_q-000146_r+000850,19.93134567511749,19.93134567511749,0.0,0.0,0.0,CONTROLLED,sicily,WHOLE_LAND_SINGLE_AUTHORISED_COMPONENT
h6000_q-000146_r+000851,19.912042568496705,19.912042568496705,0.0,0.0,0.0,CONTROLLED,sicily,WHOLE_LAND_SINGLE_AUTHORISED_COMPONENT
h6000_q-000146_r+000852,19.892741242307665,19.892741242307665,0.0,0.0,0.0,CONTROLLED,sicily,WHOLE_LAND_SINGLE_AUTHORISED_COMPONENT
h6000_q-000146_r+000853,19.873441743633272,19.873441743633272,0.0,0.0,0.0,CONTROLLED,sicily,WHOLE_LAND_SINGLE_AUTHORISED_COMPONENT
h6000_q-000146_r+000854,19.854144119579317,19.854144119579317,0.0,0.0,0.0,CONTROLLED,sicily,WHOLE_LAND_SINGLE_AUTHORISED_COMPONENT
h6000_q-000146_r+000855,19.834848417125702,19.834848417125702,0.0,0.0,0.0,CONTROLLED,sicily,WHOLE_LAND_SINGLE_AUTHORISED_COMPONENT
h6000_q-000146_r+000856,19.815554683137893,19.815554683137893,0.0,0.0,0.0,CONTROLLED,sicily,WHOLE_LAND_SINGLE_AUTHORISED_COMPONENT
h6000_q-000146_r+000857,19.149847471401152,19.149454617345732,0.0,0.00039285405542049555,2.0514735483256113e-05,CONTROLLED,sicily,WHOLE_LAND_SINGLE_AUTHORISED_COMPONENT
h6000_q-000147_r+000847,11.081900443372275,11.081900443372275,0.0,0.0,0.0,CONTROLLED,sicily,WHOLE_LAND_SINGLE_AUTHORISED_COMPONENT
h6000_q-000147_r+000848,19.969957040130616,19.969957040130616,0.0,0.0,0.0,CONTROLLED,sicily,WHOLE_LAND_SINGLE_AUTHORISED_COMPONENT
h6000_q-000147_r+000849,19.950650514785767,19.950650514785767,0.0,0.0,0.0,CONTROLLED,sicily,WHOLE_LAND_SINGLE_AUTHORISED_COMPONENT
h6000_q-000147_r+000850,19.931345675109863,19.931345675109863,0.0,0.0,0.0,CONTROLLED,sicily,WHOLE_LAND_SINGLE_AUTHORISED_COMPONENT
h6000_q-000147_r+000851,19.91204256849289,19.91204256849289,0.0,0.0,0.0,CONTROLLED,sicily,WHOLE_LAND_SINGLE_AUTHORISED_COMPONENT
h6000_q-000147_r+000852,19.89274124230957,19.89274124230957,0.0,0.0,0.0,CONTROLLED,sicily,WHOLE_LAND_SINGLE_AUTHORISED_COMPONENT
h6000_q-000147_r+000853,19.873441743623733,19.873441743623733,0.0,0.0,0.0,CONTROLLED,sicily,WHOLE_LAND_SINGLE_AUTHORISED_COMPONENT
h6000_q-000147_r+000854,19.85414411956787,19.85414411956787,0.0,0.0,0.0,CONTROLLED,sicily,WHOLE_LAND_SINGLE_AUTHORISED_COMPONENT
h6000_q-000147_r+000855,19.834848417125702,19.834848417125702,0.0,0.0,0.0,CONTROLLED,sicily,WHOLE_LAND_SINGLE_AUTHORISED_COMPONENT
h6000_q-000147_r+000856,19.815554683143617,19.815554683143617,0.0,0.0,0.0,CONTROLLED,sicily,WHOLE_LAND_SINGLE_AUTHORISED_COMPONENT
h6000_q-000147_r+000857,19.796262964458467,19.796262964458467,0.0,0.0,0.0,CONTROLLED,sicily,WHOLE_LAND_SINGLE_AUTHORISED_COMPONENT
h6000_q-000147_r+000858,17.38679978825403,17.38679978825403,0.0,0.0,0.0,CONTROLLED,sicily,WHOLE_LAND_SINGLE_AUTHORISED_COMPONENT
h6000_q-000148_r+000847,11.109428976903141,11.109428976903141,0.0,0.0,0.0,CONTROLLED,sicily,WHOLE_LAND_SINGLE_AUTHORISED_COMPONENT
h6000_q-000148_r+000848,19.969957040130616,19.969957040130616,0.0,0.0,0.0,CONTROLLED,sicily,WHOLE_LAND_SINGLE_AUTHORISED_COMPONENT
h6000_q-000148_r+000849,19.950650514778136,19.950650514778136,0.0,0.0,0.0,CONTROLLED,sicily,WHOLE_LAND_SINGLE_AUTHORISED_COMPONENT
h6000_q-000148_r+000850,19.93134567511749,19.93134567511749,0.0,0.0,0.0,CONTROLLED,sicily,WHOLE_LAND_SINGLE_AUTHORISED_COMPONENT
h6000_q-000148_r+000851,19.912042568500517,19.912042568500517,0.0,0.0,0.0,CONTROLLED,sicily,WHOLE_LAND_SINGLE_AUTHORISED_COMPONENT
h6000_q-000148_r+000852,19.89274124230385,19.89274124230385,0.0,0.0,0.0,CONTROLLED,sicily,WHOLE_LAND_SINGLE_AUTHORISED_COMPONENT
h6000_q-000148_r+000853,19.873441743633272,19.873441743633272,0.0,0.0,0.0,CONTROLLED,sicily,WHOLE_LAND_SINGLE_AUTHORISED_COMPONENT
h6000_q-000148_r+000854,19.854144119579317,19.854144119579317,0.0,0.0,0.0,CONTROLLED,sicily,WHOLE_LAND_SINGLE_AUTHORISED_COMPONENT
h6000_q-000148_r+000855,19.834848417137145,19.834848417137145,0.0,0.0,0.0,CONTROLLED,sicily,WHOLE_LAND_SINGLE_AUTHORISED_COMPONENT
h6000_q-000148_r+000856,19.815554683135986,19.815554683135986,0.0,0.0,0.0,CONTROLLED,sicily,WHOLE_LAND_SINGLE_AUTHORISED_COMPONENT
h6000_q-000148_r+000857,19.796262964458467,19.796262964458467,0.0,0.0,0.0,CONTROLLED,sicily,WHOLE_LAND_SINGLE_AUTHORISED_COMPONENT
h6000_q-000148_r+000858,19.77697330770874,19.77697330770874,0.0,0.0,0.0,CONTROLLED,sicily,WHOLE_LAND_SINGLE_AUTHORISED_COMPONENT
h6000_q-000148_r+000859,19.150191421075625,19.150191421075625,0.0,0.0,0.0,CONTROLLED,sicily,WHOLE_LAND_SINGLE_AUTHORISED_COMPONENT
h6000_q-000148_r+000861,12.76760970462066,12.753376570516625,0.0,0.014233134104035561,0.0011147845550827356,CONTROLLED,sicily,WHOLE_LAND_SINGLE_AUTHORISED_COMPONENT
h6000_q-000149_r+000847,18.69991313114572,18.69991313114572,0.0,0.0,0.0,CONTROLLED,sicily,WHOLE_LAND_SINGLE_AUTHORISED_COMPONENT
h6000_q-000149_r+000848,19.969957040121077,19.969957040121077,0.0,0.0,0.0,CONTROLLED,sicily,WHOLE_LAND_SINGLE_AUTHORISED_COMPONENT
h6000_q-000149_r+000849,19.950650514778136,19.950650514778136,0.0,0.0,0.0,CONTROLLED,sicily,WHOLE_LAND_SINGLE_AUTHORISED_COMPONENT
h6000_q-000149_r+000850,19.93134567511749,19.93134567511749,0.0,0.0,0.0,CONTROLLED,sicily,WHOLE_LAND_SINGLE_AUTHORISED_COMPONENT
h6000_q-000149_r+000851,19.91204256849289,19.91204256849289,0.0,0.0,0.0,CONTROLLED,sicily,WHOLE_LAND_SINGLE_AUTHORISED_COMPONENT
h6000_q-000149_r+000852,19.89274124230957,19.89274124230957,0.0,0.0,0.0,CONTROLLED,sicily,WHOLE_LAND_SINGLE_AUTHORISED_COMPONENT
h6000_q-000149_r+000853,19.87344174362564,19.87344174362564,0.0,0.0,0.0,CONTROLLED,sicily,WHOLE_LAND_SINGLE_AUTHORISED_COMPONENT
h6000_q-000149_r+000854,19.85414411958313,19.85414411958313,0.0,0.0,0.0,CONTROLLED,sicily,WHOLE_LAND_SINGLE_AUTHORISED_COMPONENT
h6000_q-000149_r+000855,19.834848417125702,19.834848417125702,0.0,0.0,0.0,CONTROLLED,sicily,WHOLE_LAND_SINGLE_AUTHORISED_COMPONENT
h6000_q-000149_r+000856,19.815554683143617,19.815554683143617,0.0,0.0,0.0,CONTROLLED,sicily,WHOLE_LAND_SINGLE_AUTHORISED_COMPONENT
h6000_q-000149_r+000857,19.79626296446037,19.79626296446037,0.0,0.0,0.0,CONTROLLED,sicily,WHOLE_LAND_SINGLE_AUTHORISED_COMPONENT
h6000_q-000149_r+000858,19.776973307712556,19.776973307712556,0.0,0.0,0.0,CONTROLLED,sicily,WHOLE_LAND_SINGLE_AUTHORISED_COMPONENT
h6000_q-000149_r+000859,19.75768575951004,19.75768575951004,0.0,0.0,0.0,CONTROLLED,sicily,WHOLE_LAND_SINGLE_AUTHORISED_COMPONENT
h6000_q-000149_r+000860,19.73840036634445,19.73840036634445,0.0,0.0,0.0,CONTROLLED,sicily,WHOLE_LAND_SINGLE_AUTHORISED_COMPONENT
h6000_q-000149_r+000861,19.551159185200785,19.551159185200785,0.0,0.0,0.0,CONTROLLED,sicily,WHOLE_LAND_SINGLE_AUTHORISED_COMPONENT
h6000_q-000150_r+000847,14.93024405350204,14.93024405350204,0.0,0.0,0.0,CONTROLLED,sicily,WHOLE_LAND_SINGLE_AUTHORISED_COMPONENT
h6000_q-000150_r+000848,19.969957040130616,19.969957040130616,0.0,0.0,0.0,CONTROLLED,sicily,WHOLE_LAND_SINGLE_AUTHORISED_COMPONENT
h6000_q-000150_r+000849,19.950650514785767,19.950650514785767,0.0,0.0,0.0,CONTROLLED,sicily,WHOLE_LAND_SINGLE_AUTHORISED_COMPONENT
h6000_q-000150_r+000850,19.931345675109863,19.931345675109863,0.0,0.0,0.0,CONTROLLED,sicily,WHOLE_LAND_SINGLE_AUTHORISED_COMPONENT
h6000_q-000150_r+000851,19.91204256849289,19.91204256849289,0.0,0.0,0.0,CONTROLLED,sicily,WHOLE_LAND_SINGLE_AUTHORISED_COMPONENT
h6000_q-000150_r+000852,19.89274124230957,19.89274124230957,0.0,0.0,0.0,CONTROLLED,sicily,WHOLE_LAND_SINGLE_AUTHORISED_COMPONENT
h6000_q-000150_r+000853,19.873441743633272,19.873441743633272,0.0,0.0,0.0,CONTROLLED,sicily,WHOLE_LAND_SINGLE_AUTHORISED_COMPONENT
h6000_q-000150_r+000854,19.854144119579317,19.854144119579317,0.0,0.0,0.0,CONTROLLED,sicily,WHOLE_LAND_SINGLE_AUTHORISED_COMPONENT
h6000_q-000150_r+000855,19.834848417125702,19.834848417125702,0.0,0.0,0.0,CONTROLLED,sicily,WHOLE_LAND_SINGLE_AUTHORISED_COMPONENT
h6000_q-000150_r+000856,19.815554683137893,19.815554683137893,0.0,0.0,0.0,CONTROLLED,sicily,WHOLE_LAND_SINGLE_AUTHORISED_COMPONENT
h6000_q-000150_r+000857,19.796262964458467,19.796262964458467,0.0,0.0,0.0,CONTROLLED,sicily,WHOLE_LAND_SINGLE_AUTHORISED_COMPONENT
h6000_q-000150_r+000858,19.77697330770874,19.77697330770874,0.0,0.0,0.0,CONTROLLED,sicily,WHOLE_LAND_SINGLE_AUTHORISED_COMPONENT
h6000_q-000150_r+000859,19.75768575951004,19.75768575951004,0.0,0.0,0.0,CONTROLLED,sicily,WHOLE_LAND_SINGLE_AUTHORISED_COMPONENT
h6000_q-000150_r+000860,19.73840036632538,19.73840036632538,0.0,0.0,0.0,CONTROLLED,sicily,WHOLE_LAND_SINGLE_AUTHORISED_COMPONENT
h6000_q-000150_r+000861,19.719117174591066,19.719117174591066,0.0,0.0,0.0,CONTROLLED,sicily,WHOLE_LAND_SINGLE_AUTHORISED_COMPONENT
h6000_q-000150_r+000862,16.383020877864112,16.382553416127337,0.0,0.0004674617367757019,2.853330532022406e-05,CONTROLLED,sicily,WHOLE_LAND_SINGLE_AUTHORISED_COMPONENT
h6000_q-000151_r+000848,19.969957040130616,19.969957040130616,0.0,0.0,0.0,CONTROLLED,sicily,WHOLE_LAND_SINGLE_AUTHORISED_COMPONENT
h6000_q-000151_r+000849,19.950650514778136,19.950650514778136,0.0,0.0,0.0,CONTROLLED,sicily,WHOLE_LAND_SINGLE_AUTHORISED_COMPONENT
h6000_q-000151_r+000850,19.93134567511749,19.93134567511749,0.0,0.0,0.0,CONTROLLED,sicily,WHOLE_LAND_SINGLE_AUTHORISED_COMPONENT
h6000_q-000151_r+000851,19.912042568500517,19.912042568500517,0.0,0.0,0.0,CONTROLLED,sicily,WHOLE_LAND_SINGLE_AUTHORISED_COMPONENT
h6000_q-000151_r+000852,19.89274124230385,19.89274124230385,0.0,0.0,0.0,CONTROLLED,sicily,WHOLE_LAND_SINGLE_AUTHORISED_COMPONENT
h6000_q-000151_r+000853,19.873441743633272,19.873441743633272,0.0,0.0,0.0,CONTROLLED,sicily,WHOLE_LAND_SINGLE_AUTHORISED_COMPONENT
h6000_q-000151_r+000854,19.854144119579317,19.854144119579317,0.0,0.0,0.0,CONTROLLED,sicily,WHOLE_LAND_SINGLE_AUTHORISED_COMPONENT
h6000_q-000151_r+000855,19.834848417125702,19.834848417125702,0.0,0.0,0.0,CONTROLLED,sicily,WHOLE_LAND_SINGLE_AUTHORISED_COMPONENT
h6000_q-000151_r+000856,19.815554683143617,19.815554683143617,0.0,0.0,0.0,CONTROLLED,sicily,WHOLE_LAND_SINGLE_AUTHORISED_COMPONENT
h6000_q-000151_r+000857,19.796262964468003,19.796262964468003,0.0,0.0,0.0,CONTROLLED,sicily,WHOLE_LAND_SINGLE_AUTHORISED_COMPONENT
h6000_q-000151_r+000858,19.776973307704925,19.776973307704925,0.0,0.0,0.0,CONTROLLED,sicily,WHOLE_LAND_SINGLE_AUTHORISED_COMPONENT
h6000_q-000151_r+000859,19.75768575951004,19.75768575951004,0.0,0.0,0.0,CONTROLLED,sicily,WHOLE_LAND_SINGLE_AUTHORISED_COMPONENT
h6000_q-000151_r+000860,19.73840036634445,19.73840036634445,0.0,0.0,0.0,CONTROLLED,sicily,WHOLE_LAND_SINGLE_AUTHORISED_COMPONENT
h6000_q-000151_r+000861,19.71911717460251,19.71911717460251,0.0,0.0,0.0,CONTROLLED,sicily,WHOLE_LAND_SINGLE_AUTHORISED_COMPONENT
h6000_q-000151_r+000862,19.69983623056221,19.69983623056221,0.0,0.0,0.0,CONTROLLED,sicily,WHOLE_LAND_SINGLE_AUTHORISED_COMPONENT
h6000_q-000152_r+000848,17.377114817934284,17.377114817934284,0.0,0.0,0.0,CONTROLLED,sicily,WHOLE_LAND_SINGLE_AUTHORISED_COMPONENT
h6000_q-000152_r+000849,19.950650514785767,19.950650514785767,0.0,0.0,0.0,CONTROLLED,sicily,WHOLE_LAND_SINGLE_AUTHORISED_COMPONENT
h6000_q-000152_r+000850,19.93134567511749,19.93134567511749,0.0,0.0,0.0,CONTROLLED,sicily,WHOLE_LAND_SINGLE_AUTHORISED_COMPONENT
h6000_q-000152_r+000851,19.91204256849289,19.91204256849289,0.0,0.0,0.0,CONTROLLED,sicily,WHOLE_LAND_SINGLE_AUTHORISED_COMPONENT
h6000_q-000152_r+000852,19.89274124230957,19.89274124230957,0.0,0.0,0.0,CONTROLLED,sicily,WHOLE_LAND_SINGLE_AUTHORISED_COMPONENT
h6000_q-000152_r+000853,19.87344174362564,19.87344174362564,0.0,0.0,0.0,CONTROLLED,sicily,WHOLE_LAND_SINGLE_AUTHORISED_COMPONENT
h6000_q-000152_r+000854,19.85414411958313,19.85414411958313,0.0,0.0,0.0,CONTROLLED,sicily,WHOLE_LAND_SINGLE_AUTHORISED_COMPONENT
h6000_q-000152_r+000855,19.834848417125702,19.834848417125702,0.0,0.0,0.0,CONTROLLED,sicily,WHOLE_LAND_SINGLE_AUTHORISED_COMPONENT
h6000_q-000152_r+000856,19.815554683143617,19.815554683143617,0.0,0.0,0.0,CONTROLLED,sicily,WHOLE_LAND_SINGLE_AUTHORISED_COMPONENT
h6000_q-000152_r+000857,19.796262964458467,19.796262964458467,0.0,0.0,0.0,CONTROLLED,sicily,WHOLE_LAND_SINGLE_AUTHORISED_COMPONENT
h6000_q-000152_r+000858,19.77697330770874,19.77697330770874,0.0,0.0,0.0,CONTROLLED,sicily,WHOLE_LAND_SINGLE_AUTHORISED_COMPONENT
h6000_q-000152_r+000859,19.75768575951767,19.75768575951767,0.0,0.0,0.0,CONTROLLED,sicily,WHOLE_LAND_SINGLE_AUTHORISED_COMPONENT
h6000_q-000152_r+000860,19.738400366340638,19.738400366340638,0.0,0.0,0.0,CONTROLLED,sicily,WHOLE_LAND_SINGLE_AUTHORISED_COMPONENT
h6000_q-000152_r+000861,19.719117174591066,19.719117174591066,0.0,0.0,0.0,CONTROLLED,sicily,WHOLE_LAND_SINGLE_AUTHORISED_COMPONENT
h6000_q-000152_r+000862,19.69983623055649,19.69983623055649,0.0,0.0,0.0,CONTROLLED,sicily,WHOLE_LAND_SINGLE_AUTHORISED_COMPONENT
h6000_q-000152_r+000863,19.68055758044052,19.68055758044052,0.0,0.0,0.0,CONTROLLED,sicily,WHOLE_LAND_SINGLE_AUTHORISED_COMPONENT
h6000_q-000152_r+000864,9.855651513225686,9.855651513225686,0.0,0.0,0.0,CONTROLLED,sicily,WHOLE_LAND_SINGLE_AUTHORISED_COMPONENT
h6000_q-000153_r+000849,19.950650514778136,19.950650514778136,0.0,0.0,0.0,CONTROLLED,sicily,WHOLE_LAND_SINGLE_AUTHORISED_COMPONENT
h6000_q-000153_r+000850,19.931345675109863,19.931345675109863,0.0,0.0,0.0,CONTROLLED,sicily,WHOLE_LAND_SINGLE_AUTHORISED_COMPONENT
h6000_q-000153_r+000851,19.912042568500517,19.912042568500517,0.0,0.0,0.0,CONTROLLED,sicily,WHOLE_LAND_SINGLE_AUTHORISED_COMPONENT
h6000_q-000153_r+000852,19.89274124230957,19.89274124230957,0.0,0.0,0.0,CONTROLLED,sicily,WHOLE_LAND_SINGLE_AUTHORISED_COMPONENT
h6000_q-000153_r+000853,19.873441743633272,19.873441743633272,0.0,0.0,0.0,CONTROLLED,sicily,WHOLE_LAND_SINGLE_AUTHORISED_COMPONENT
h6000_q-000153_r+000854,19.854144119579317,19.854144119579317,0.0,0.0,0.0,CONTROLLED,sicily,WHOLE_LAND_SINGLE_AUTHORISED_COMPONENT
h6000_q-000153_r+000855,19.834848417125702,19.834848417125702,0.0,0.0,0.0,CONTROLLED,sicily,WHOLE_LAND_SINGLE_AUTHORISED_COMPONENT
h6000_q-000153_r+000856,19.815554683137893,19.815554683137893,0.0,0.0,0.0,CONTROLLED,sicily,WHOLE_LAND_SINGLE_AUTHORISED_COMPONENT
h6000_q-000153_r+000857,19.796262964458467,19.796262964458467,0.0,0.0,0.0,CONTROLLED,sicily,WHOLE_LAND_SINGLE_AUTHORISED_COMPONENT
h6000_q-000153_r+000858,19.77697330770874,19.77697330770874,0.0,0.0,0.0,CONTROLLED,sicily,WHOLE_LAND_SINGLE_AUTHORISED_COMPONENT
h6000_q-000153_r+000859,19.75768575951004,19.75768575951004,0.0,0.0,0.0,CONTROLLED,sicily,WHOLE_LAND_SINGLE_AUTHORISED_COMPONENT
h6000_q-000153_r+000860,19.73840036634445,19.73840036634445,0.0,0.0,0.0,CONTROLLED,sicily,WHOLE_LAND_SINGLE_AUTHORISED_COMPONENT
h6000_q-000153_r+000861,19.719117174589158,19.719117174589158,0.0,0.0,0.0,CONTROLLED,sicily,WHOLE_LAND_SINGLE_AUTHORISED_COMPONENT
h6000_q-000153_r+000862,19.699836230564117,19.699836230564117,0.0,0.0,0.0,CONTROLLED,sicily,WHOLE_LAND_SINGLE_AUTHORISED_COMPONENT
h6000_q-000153_r+000863,19.680557580429078,19.680557580429078,0.0,0.0,0.0,CONTROLLED,sicily,WHOLE_LAND_SINGLE_AUTHORISED_COMPONENT
h6000_q-000153_r+000864,19.66128127029419,19.66128127029419,0.0,0.0,0.0,CONTROLLED,sicily,WHOLE_LAND_SINGLE_AUTHORISED_COMPONENT
h6000_q-000153_r+000865,19.36633008587762,19.36632230811975,0.0,7.777757873758674e-06,4.0161237773337325e-07,CONTROLLED,sicily,WHOLE_LAND_SINGLE_AUTHORISED_COMPONENT
h6000_q-000154_r+000849,19.940369810009926,19.940369810009926,0.0,0.0,0.0,CONTROLLED,sicily,WHOLE_LAND_SINGLE_AUTHORISED_COMPONENT
h6000_q-000154_r+000850,19.93134567511749,19.93134567511749,0.0,0.0,0.0,CONTROLLED,sicily,WHOLE_LAND_SINGLE_AUTHORISED_COMPONENT
h6000_q-000154_r+000851,19.91204256849289,19.91204256849289,0.0,0.0,0.0,CONTROLLED,sicily,WHOLE_LAND_SINGLE_AUTHORISED_COMPONENT
h6000_q-000154_r+000852,19.89274124230385,19.89274124230385,0.0,0.0,0.0,CONTROLLED,sicily,WHOLE_LAND_SINGLE_AUTHORISED_COMPONENT
h6000_q-000154_r+000853,19.87344174362564,19.87344174362564,0.0,0.0,0.0,CONTROLLED,sicily,WHOLE_LAND_SINGLE_AUTHORISED_COMPONENT
h6000_q-000154_r+000854,19.854144119579317,19.854144119579317,0.0,0.0,0.0,CONTROLLED,sicily,WHOLE_LAND_SINGLE_AUTHORISED_COMPONENT
h6000_q-000154_r+000855,19.834848417125702,19.834848417125702,0.0,0.0,0.0,CONTROLLED,sicily,WHOLE_LAND_SINGLE_AUTHORISED_COMPONENT
h6000_q-000154_r+000856,19.815554683143617,19.815554683143617,0.0,0.0,0.0,CONTROLLED,sicily,WHOLE_LAND_SINGLE_AUTHORISED_COMPONENT
h6000_q-000154_r+000857,19.796262964468003,19.796262964468003,0.0,0.0,0.0,CONTROLLED,sicily,WHOLE_LAND_SINGLE_AUTHORISED_COMPONENT
h6000_q-000154_r+000858,19.776973307704925,19.776973307704925,0.0,0.0,0.0,CONTROLLED,sicily,WHOLE_LAND_SINGLE_AUTHORISED_COMPONENT
h6000_q-000154_r+000859,19.75768575951004,19.75768575951004,0.0,0.0,0.0,CONTROLLED,sicily,WHOLE_LAND_SINGLE_AUTHORISED_COMPONENT
h6000_q-000154_r+000860,19.73840036634445,19.73840036634445,0.0,0.0,0.0,CONTROLLED,sicily,WHOLE_LAND_SINGLE_AUTHORISED_COMPONENT
h6000_q-000154_r+000861,19.719117174591066,19.719117174591066,0.0,0.0,0.0,CONTROLLED,sicily,WHOLE_LAND_SINGLE_AUTHORISED_COMPONENT
h6000_q-000154_r+000862,19.69983623055649,19.69983623055649,0.0,0.0,0.0,CONTROLLED,sicily,WHOLE_LAND_SINGLE_AUTHORISED_COMPONENT
h6000_q-000154_r+000863,19.6805575804348,19.6805575804348,0.0,0.0,0.0,CONTROLLED,sicily,WHOLE_LAND_SINGLE_AUTHORISED_COMPONENT
h6000_q-000154_r+000864,19.661281270290374,19.661281270290374,0.0,0.0,0.0,CONTROLLED,sicily,WHOLE_LAND_SINGLE_AUTHORISED_COMPONENT
h6000_q-000154_r+000865,19.64200734614563,19.64200734614563,0.0,0.0,0.0,CONTROLLED,sicily,WHOLE_LAND_SINGLE_AUTHORISED_COMPONENT
h6000_q-000154_r+000866,19.622735853897094,19.622735853897094,0.0,0.0,0.0,CONTROLLED,sicily,WHOLE_LAND_SINGLE_AUTHORISED_COMPONENT
h6000_q-000154_r+000867,18.07050012246109,18.07050012246109,0.0,0.0,0.0,CONTROLLED,sicily,WHOLE_LAND_SINGLE_AUTHORISED_COMPONENT
h6000_q-000154_r+000868,14.131081005128447,14.131081005128447,0.0,0.0,0.0,CONTROLLED,sicily,WHOLE_LAND_SINGLE_AUTHORISED_COMPONENT
h6000_q-000154_r+000869,16.352126111505886,16.35111706846402,0.0,0.0010090430418662727,6.17071465193922e-05,CONTROLLED,sicily,WHOLE_LAND_SINGLE_AUTHORISED_COMPONENT
h6000_q-000154_r+000870,19.179526789141022,19.179526789141022,0.0,0.0,0.0,CONTROLLED,sicily,WHOLE_LAND_SINGLE_AUTHORISED_COMPONENT
h6000_q-000154_r+000871,10.984532101992993,10.984168273042476,0.0,0.0003638289505178109,3.3121934292658596e-05,CONTROLLED,sicily,WHOLE_LAND_SINGLE_AUTHORISED_COMPONENT
h6000_q-000155_r+000849,18.722226944031405,18.722226944031405,0.0,0.0,0.0,CONTROLLED,sicily,WHOLE_LAND_SINGLE_AUTHORISED_COMPONENT
h6000_q-000155_r+000850,19.93134567511749,19.93134567511749,0.0,0.0,0.0,CONTROLLED,sicily,WHOLE_LAND_SINGLE_AUTHORISED_COMPONENT
h6000_q-000155_r+000851,19.91204256849289,19.91204256849289,0.0,0.0,0.0,CONTROLLED,sicily,WHOLE_LAND_SINGLE_AUTHORISED_COMPONENT
h6000_q-000155_r+000852,19.89274124230957,19.89274124230957,0.0,0.0,0.0,CONTROLLED,sicily,WHOLE_LAND_SINGLE_AUTHORISED_COMPONENT
h6000_q-000155_r+000853,19.873441743633272,19.873441743633272,0.0,0.0,0.0,CONTROLLED,sicily,WHOLE_LAND_SINGLE_AUTHORISED_COMPONENT
h6000_q-000155_r+000854,19.85414411958313,19.85414411958313,0.0,0.0,0.0,CONTROLLED,sicily,WHOLE_LAND_SINGLE_AUTHORISED_COMPONENT
h6000_q-000155_r+000855,19.834848417125702,19.834848417125702,0.0,0.0,0.0,CONTROLLED,sicily,WHOLE_LAND_SINGLE_AUTHORISED_COMPONENT
h6000_q-000155_r+000856,19.815554683143617,19.815554683143617,0.0,0.0,0.0,CONTROLLED,sicily,WHOLE_LAND_SINGLE_AUTHORISED_COMPONENT
h6000_q-000155_r+000857,19.796262964458467,19.796262964458467,0.0,0.0,0.0,CONTROLLED,sicily,WHOLE_LAND_SINGLE_AUTHORISED_COMPONENT
h6000_q-000155_r+000858,19.77697330770874,19.77697330770874,0.0,0.0,0.0,CONTROLLED,sicily,WHOLE_LAND_SINGLE_AUTHORISED_COMPONENT
h6000_q-000155_r+000859,19.75768575951767,19.75768575951767,0.0,0.0,0.0,CONTROLLED,sicily,WHOLE_LAND_SINGLE_AUTHORISED_COMPONENT
h6000_q-000155_r+000860,19.738400366340638,19.738400366340638,0.0,0.0,0.0,CONTROLLED,sicily,WHOLE_LAND_SINGLE_AUTHORISED_COMPONENT
h6000_q-000155_r+000861,19.719117174591066,19.719117174591066,0.0,0.0,0.0,CONTROLLED,sicily,WHOLE_LAND_SINGLE_AUTHORISED_COMPONENT
h6000_q-000155_r+000862,19.69983623055649,19.69983623055649,0.0,0.0,0.0,CONTROLLED,sicily,WHOLE_LAND_SINGLE_AUTHORISED_COMPONENT
h6000_q-000155_r+000863,19.680557580429078,19.680557580429078,0.0,0.0,0.0,CONTROLLED,sicily,WHOLE_LAND_SINGLE_AUTHORISED_COMPONENT
h6000_q-000155_r+000864,19.66128127029419,19.66128127029419,0.0,0.0,0.0,CONTROLLED,sicily,WHOLE_LAND_SINGLE_AUTHORISED_COMPONENT
h6000_q-000155_r+000865,19.642007346157072,19.642007346157072,0.0,0.0,0.0,CONTROLLED,sicily,WHOLE_LAND_SINGLE_AUTHORISED_COMPONENT
h6000_q-000155_r+000866,19.622735853878023,19.622735853878023,0.0,0.0,0.0,CONTROLLED,sicily,WHOLE_LAND_SINGLE_AUTHORISED_COMPONENT
h6000_q-000155_r+000867,19.603466839286803,19.603466839286803,0.0,0.0,0.0,CONTROLLED,sicily,WHOLE_LAND_SINGLE_AUTHORISED_COMPONENT
h6000_q-000155_r+000868,19.584200348110198,19.584200348110198,0.0,0.0,0.0,CONTROLLED,sicily,WHOLE_LAND_SINGLE_AUTHORISED_COMPONENT
h6000_q-000155_r+000869,19.564936425849915,19.564936425849915,0.0,0.0,0.0,CONTROLLED,sicily,WHOLE_LAND_SINGLE_AUTHORISED_COMPONENT
h6000_q-000155_r+000870,19.54567511808014,19.54567511808014,0.0,0.0,0.0,CONTROLLED,sicily,WHOLE_LAND_SINGLE_AUTHORISED_COMPONENT
h6000_q-000155_r+000871,19.526416470165252,19.526416470165252,0.0,0.0,0.0,CONTROLLED,sicily,WHOLE_LAND_SINGLE_AUTHORISED_COMPONENT
h6000_q-000155_r+000872,19.507160527435303,19.507160527435303,0.0,0.0,0.0,CONTROLLED,sicily,WHOLE_LAND_SINGLE_AUTHORISED_COMPONENT
h6000_q-000155_r+000873,19.48790733504486,19.48790733504486,0.0,0.0,0.0,CONTROLLED,sicily,WHOLE_LAND_SINGLE_AUTHORISED_COMPONENT
h6000_q-000155_r+000874,14.296194355866302,14.296194355866302,0.0,0.0,0.0,CONTROLLED,sicily,WHOLE_LAND_SINGLE_AUTHORISED_COMPONENT
h6000_q-000155_r+000876,10.1292647235727,10.127778728446037,0.0,0.0014859951266623101,0.00014670315834515812,CONTROLLED,sicily,WHOLE_LAND_SINGLE_AUTHORISED_COMPONENT
h6000_q-000155_r+000877,10.958945731433735,10.954050599788268,0.0,0.004895131645468181,0.0004466790661648583,CONTROLLED,sicily,WHOLE_LAND_SINGLE_AUTHORISED_COMPONENT
h6000_q-000155_r+000878,10.243145696783802,10.240156874597714,0.0,0.0029888221860888305,0.0002917875303704092,CONTROLLED,sicily,WHOLE_LAND_SINGLE_AUTHORISED_COMPONENT
h6000_q-000155_r+000879,13.121258307610347,13.121097676749336,0.0,0.00016063086100993678,1.2242031765868879e-05,CONTROLLED,sicily,WHOLE_LAND_SINGLE_AUTHORISED_COMPONENT
h6000_q-000155_r+000880,14.457765020476959,14.457765020476959,0.0,0.0,0.0,CONTROLLED,sicily,WHOLE_LAND_SINGLE_AUTHORISED_COMPONENT
h6000_q-000155_r+000881,16.69518372783658,16.69518372783658,0.0,0.0,0.0,CONTROLLED,sicily,WHOLE_LAND_SINGLE_AUTHORISED_COMPONENT
h6000_q-000155_r+000882,18.821508631707175,18.82141515268143,0.0,9.347902574623004e-05,4.96660642753966e-06,CONTROLLED,sicily,WHOLE_LAND_SINGLE_AUTHORISED_COMPONENT
h6000_q-000155_r+000883,19.295536552669525,19.295536552669525,0.0,0.0,0.0,CONTROLLED,sicily,WHOLE_LAND_SINGLE_AUTHORISED_COMPONENT
h6000_q-000155_r+000884,19.276316568592073,19.276316568592073,0.0,0.0,0.0,CONTROLLED,sicily,WHOLE_LAND_SINGLE_AUTHORISED_COMPONENT
h6000_q-000155_r+000885,19.15059907829373,19.15059907829373,0.0,0.0,0.0,CONTROLLED,sicily,WHOLE_LAND_SINGLE_AUTHORISED_COMPONENT
h6000_q-000155_r+000886,18.938613427453863,18.938613427453863,0.0,0.0,0.0,CONTROLLED,sicily,WHOLE_LAND_SINGLE_AUTHORISED_COMPONENT
h6000_q-000155_r+000887,15.121848522516238,15.121848522516238,0.0,0.0,0.0,CONTROLLED,sicily,WHOLE_LAND_SINGLE_AUTHORISED_COMPONENT
h6000_q-000155_r+000888,12.963710799441868,12.963710799441868,0.0,0.0,0.0,CONTROLLED,sicily,WHOLE_LAND_SINGLE_AUTHORISED_COMPONENT
h6000_q-000156_r+000850,19.931345675109863,19.931345675109863,0.0,0.0,0.0,CONTROLLED,sicily,WHOLE_LAND_SINGLE_AUTHORISED_COMPONENT
h6000_q-000156_r+000851,19.912042568500517,19.912042568500517,0.0,0.0,0.0,CONTROLLED,sicily,WHOLE_LAND_SINGLE_AUTHORISED_COMPONENT
h6000_q-000156_r+000852,19.89274124230957,19.89274124230957,0.0,0.0,0.0,CONTROLLED,sicily,WHOLE_LAND_SINGLE_AUTHORISED_COMPONENT
h6000_q-000156_r+000853,19.873441743633272,19.873441743633272,0.0,0.0,0.0,CONTROLLED,sicily,WHOLE_LAND_SINGLE_AUTHORISED_COMPONENT
h6000_q-000156_r+000854,19.854144119579317,19.854144119579317,0.0,0.0,0.0,CONTROLLED,sicily,WHOLE_LAND_SINGLE_AUTHORISED_COMPONENT
h6000_q-000156_r+000855,19.834848417125702,19.834848417125702,0.0,0.0,0.0,CONTROLLED,sicily,WHOLE_LAND_SINGLE_AUTHORISED_COMPONENT
h6000_q-000156_r+000856,19.815554683137893,19.815554683137893,0.0,0.0,0.0,CONTROLLED,sicily,WHOLE_LAND_SINGLE_AUTHORISED_COMPONENT
h6000_q-000156_r+000857,19.796262964468003,19.796262964468003,0.0,0.0,0.0,CONTROLLED,sicily,WHOLE_LAND_SINGLE_AUTHORISED_COMPONENT
h6000_q-000156_r+000858,19.77697330770874,19.77697330770874,0.0,0.0,0.0,CONTROLLED,sicily,WHOLE_LAND_SINGLE_AUTHORISED_COMPONENT
h6000_q-000156_r+000859,19.75768575951004,19.75768575951004,0.0,0.0,0.0,CONTROLLED,sicily,WHOLE_LAND_SINGLE_AUTHORISED_COMPONENT
h6000_q-000156_r+000860,19.73840036634445,19.73840036634445,0.0,0.0,0.0,CONTROLLED,sicily,WHOLE_LAND_SINGLE_AUTHORISED_COMPONENT
h6000_q-000156_r+000861,19.719117174589158,19.719117174589158,0.0,0.0,0.0,CONTROLLED,sicily,WHOLE_LAND_SINGLE_AUTHORISED_COMPONENT
h6000_q-000156_r+000862,19.699836230564117,19.699836230564117,0.0,0.0,0.0,CONTROLLED,sicily,WHOLE_LAND_SINGLE_AUTHORISED_COMPONENT
h6000_q-000156_r+000863,19.680557580429078,19.680557580429078,0.0,0.0,0.0,CONTROLLED,sicily,WHOLE_LAND_SINGLE_AUTHORISED_COMPONENT
h6000_q-000156_r+000864,19.66128127029419,19.66128127029419,0.0,0.0,0.0,CONTROLLED,sicily,WHOLE_LAND_SINGLE_AUTHORISED_COMPONENT
h6000_q-000156_r+000865,19.64200734614563,19.64200734614563,0.0,0.0,0.0,CONTROLLED,sicily,WHOLE_LAND_SINGLE_AUTHORISED_COMPONENT
h6000_q-000156_r+000866,19.622735853897094,19.622735853897094,0.0,0.0,0.0,CONTROLLED,sicily,WHOLE_LAND_SINGLE_AUTHORISED_COMPONENT
h6000_q-000156_r+000867,19.60346683928871,19.60346683928871,0.0,0.0,0.0,CONTROLLED,sicily,WHOLE_LAND_SINGLE_AUTHORISED_COMPONENT
h6000_q-000156_r+000868,19.58420034811592,19.58420034811592,0.0,0.0,0.0,CONTROLLED,sicily,WHOLE_LAND_SINGLE_AUTHORISED_COMPONENT
h6000_q-000156_r+000869,19.564936425849915,19.564936425849915,0.0,0.0,0.0,CONTROLLED,sicily,WHOLE_LAND_SINGLE_AUTHORISED_COMPONENT
h6000_q-000156_r+000870,19.54567511807251,19.54567511807251,0.0,0.0,0.0,CONTROLLED,sicily,WHOLE_LAND_SINGLE_AUTHORISED_COMPONENT
h6000_q-000156_r+000871,19.526416470157624,19.526416470157624,0.0,0.0,0.0,CONTROLLED,sicily,WHOLE_LAND_SINGLE_AUTHORISED_COMPONENT
h6000_q-000156_r+000872,19.507160527427672,19.507160527427672,0.0,0.0,0.0,CONTROLLED,sicily,WHOLE_LAND_SINGLE_AUTHORISED_COMPONENT
h6000_q-000156_r+000873,19.48790733504486,19.48790733504486,0.0,0.0,0.0,CONTROLLED,sicily,WHOLE_LAND_SINGLE_AUTHORISED_COMPONENT
h6000_q-000156_r+000874,19.468656938030243,19.468656938030243,0.0,0.0,0.0,CONTROLLED,sicily,WHOLE_LAND_SINGLE_AUTHORISED_COMPONENT
h6000_q-000156_r+000875,19.449409381637572,19.449409381637572,0.0,0.0,0.0,CONTROLLED,sicily,WHOLE_LAND_SINGLE_AUTHORISED_COMPONENT
h6000_q-000156_r+000876,19.43016471047783,19.43016471047783,0.0,0.0,0.0,CONTROLLED,sicily,WHOLE_LAND_SINGLE_AUTHORISED_COMPONENT
h6000_q-000156_r+000877,19.41092296946335,19.41092296946335,0.0,0.0,0.0,CONTROLLED,sicily,WHOLE_LAND_SINGLE_AUTHORISED_COMPONENT
h6000_q-000156_r+000878,19.39168420336914,19.39168420336914,0.0,0.0,0.0,CONTROLLED,sicily,WHOLE_LAND_SINGLE_AUTHORISED_COMPONENT
h6000_q-000156_r+000879,19.37244845658493,19.37244845658493,0.0,0.0,0.0,CONTROLLED,sicily,WHOLE_LAND_SINGLE_AUTHORISED_COMPONENT
h6000_q-000156_r+000880,19.35321577383423,19.35321577383423,0.0,0.0,0.0,CONTROLLED,sicily,WHOLE_LAND_SINGLE_AUTHORISED_COMPONENT
h6000_q-000156_r+000881,19.333986199417115,19.333986199417115,0.0,0.0,0.0,CONTROLLED,sicily,WHOLE_LAND_SINGLE_AUTHORISED_COMPONENT
h6000_q-000156_r+000882,19.314759777629853,19.314759777629853,0.0,0.0,0.0,CONTROLLED,sicily,WHOLE_LAND_SINGLE_AUTHORISED_COMPONENT
h6000_q-000156_r+000883,19.295536552667617,19.295536552667617,0.0,0.0,0.0,CONTROLLED,sicily,WHOLE_LAND_SINGLE_AUTHORISED_COMPONENT
h6000_q-000156_r+000884,19.276316568592073,19.276316568592073,0.0,0.0,0.0,CONTROLLED,sicily,WHOLE_LAND_SINGLE_AUTHORISED_COMPONENT
h6000_q-000156_r+000885,19.257099869426728,19.257099869426728,0.0,0.0,0.0,CONTROLLED,sicily,WHOLE_LAND_SINGLE_AUTHORISED_COMPONENT
h6000_q-000156_r+000886,19.237886499118805,19.237886499118805,0.0,0.0,0.0,CONTROLLED,sicily,WHOLE_LAND_SINGLE_AUTHORISED_COMPONENT
h6000_q-000156_r+000887,19.21867650138092,19.21867650138092,0.0,0.0,0.0,CONTROLLED,sicily,WHOLE_LAND_SINGLE_AUTHORISED_COMPONENT
h6000_q-000156_r+000888,19.199469919948577,19.199469919948577,0.0,0.0,0.0,CONTROLLED,sicily,WHOLE_LAND_SINGLE_AUTHORISED_COMPONENT
h6000_q-000156_r+000889,16.722514328737862,16.722514328737862,0.0,0.0,0.0,CONTROLLED,sicily,WHOLE_LAND_SINGLE_AUTHORISED_COMPONENT
h6000_q-000157_r+000851,19.869972164615376,19.869972164615376,0.0,0.0,0.0,CONTROLLED,sicily,WHOLE_LAND_SINGLE_AUTHORISED_COMPONENT
h6000_q-000157_r+000852,19.89274124230385,19.89274124230385,0.0,0.0,0.0,CONTROLLED,sicily,WHOLE_LAND_SINGLE_AUTHORISED_COMPONENT
h6000_q-000157_r+000853,19.87344174362564,19.87344174362564,0.0,0.0,0.0,CONTROLLED,sicily,WHOLE_LAND_SINGLE_AUTHORISED_COMPONENT
h6000_q-000157_r+000854,19.854144119579317,19.854144119579317,0.0,0.0,0.0,CONTROLLED,sicily,WHOLE_LAND_SINGLE_AUTHORISED_COMPONENT
h6000_q-000157_r+000855,19.834848417125702,19.834848417125702,0.0,0.0,0.0,CONTROLLED,sicily,WHOLE_LAND_SINGLE_AUTHORISED_COMPONENT
h6000_q-000157_r+000856,19.815554683143617,19.815554683143617,0.0,0.0,0.0,CONTROLLED,sicily,WHOLE_LAND_SINGLE_AUTHORISED_COMPONENT
h6000_q-000157_r+000857,19.796262964458467,19.796262964458467,0.0,0.0,0.0,CONTROLLED,sicily,WHOLE_LAND_SINGLE_AUTHORISED_COMPONENT
h6000_q-000157_r+000858,19.776973307704925,19.776973307704925,0.0,0.0,0.0,CONTROLLED,sicily,WHOLE_LAND_SINGLE_AUTHORISED_COMPONENT
h6000_q-000157_r+000859,19.75768575951767,19.75768575951767,0.0,0.0,0.0,CONTROLLED,sicily,WHOLE_LAND_SINGLE_AUTHORISED_COMPONENT
h6000_q-000157_r+000860,19.73840036634445,19.73840036634445,0.0,0.0,0.0,CONTROLLED,sicily,WHOLE_LAND_SINGLE_AUTHORISED_COMPONENT
h6000_q-000157_r+000861,19.719117174591066,19.719117174591066,0.0,0.0,0.0,CONTROLLED,sicily,WHOLE_LAND_SINGLE_AUTHORISED_COMPONENT
h6000_q-000157_r+000862,19.69983623055649,19.69983623055649,0.0,0.0,0.0,CONTROLLED,sicily,WHOLE_LAND_SINGLE_AUTHORISED_COMPONENT
h6000_q-000157_r+000863,19.6805575804348,19.6805575804348,0.0,0.0,0.0,CONTROLLED,sicily,WHOLE_LAND_SINGLE_AUTHORISED_COMPONENT
h6000_q-000157_r+000864,19.661281270290374,19.661281270290374,0.0,0.0,0.0,CONTROLLED,sicily,WHOLE_LAND_SINGLE_AUTHORISED_COMPONENT
h6000_q-000157_r+000865,19.64200734614563,19.64200734614563,0.0,0.0,0.0,CONTROLLED,sicily,WHOLE_LAND_SINGLE_AUTHORISED_COMPONENT
h6000_q-000157_r+000866,19.622735853897094,19.622735853897094,0.0,0.0,0.0,CONTROLLED,sicily,WHOLE_LAND_SINGLE_AUTHORISED_COMPONENT
h6000_q-000157_r+000867,19.603466839286803,19.603466839286803,0.0,0.0,0.0,CONTROLLED,sicily,WHOLE_LAND_SINGLE_AUTHORISED_COMPONENT
h6000_q-000157_r+000868,19.584200348110198,19.584200348110198,0.0,0.0,0.0,CONTROLLED,sicily,WHOLE_LAND_SINGLE_AUTHORISED_COMPONENT
h6000_q-000157_r+000869,19.5649364258461,19.5649364258461,0.0,0.0,0.0,CONTROLLED,sicily,WHOLE_LAND_SINGLE_AUTHORISED_COMPONENT
h6000_q-000157_r+000870,19.545675118074417,19.545675118074417,0.0,0.0,0.0,CONTROLLED,sicily,WHOLE_LAND_SINGLE_AUTHORISED_COMPONENT
h6000_q-000157_r+000871,19.526416470165252,19.526416470165252,0.0,0.0,0.0,CONTROLLED,sicily,WHOLE_LAND_SINGLE_AUTHORISED_COMPONENT
h6000_q-000157_r+000872,19.507160527435303,19.507160527435303,0.0,0.0,0.0,CONTROLLED,sicily,WHOLE_LAND_SINGLE_AUTHORISED_COMPONENT
h6000_q-000157_r+000873,19.487907335031508,19.487907335031508,0.0,0.0,0.0,CONTROLLED,sicily,WHOLE_LAND_SINGLE_AUTHORISED_COMPONENT
h6000_q-000157_r+000874,19.46865693805313,19.46865693805313,0.0,0.0,0.0,CONTROLLED,sicily,WHOLE_LAND_SINGLE_AUTHORISED_COMPONENT
h6000_q-000157_r+000875,19.449409381637572,19.449409381637572,0.0,0.0,0.0,CONTROLLED,sicily,WHOLE_LAND_SINGLE_AUTHORISED_COMPONENT
h6000_q-000157_r+000876,19.430164710479737,19.430164710479737,0.0,0.0,0.0,CONTROLLED,sicily,WHOLE_LAND_SINGLE_AUTHORISED_COMPONENT
h6000_q-000157_r+000877,19.41092296945572,19.41092296945572,0.0,0.0,0.0,CONTROLLED,sicily,WHOLE_LAND_SINGLE_AUTHORISED_COMPONENT
h6000_q-000157_r+000878,19.391684203357695,19.391684203357695,0.0,0.0,0.0,CONTROLLED,sicily,WHOLE_LAND_SINGLE_AUTHORISED_COMPONENT
h6000_q-000157_r+000879,19.372448456596373,19.372448456596373,0.0,0.0,0.0,CONTROLLED,sicily,WHOLE_LAND_SINGLE_AUTHORISED_COMPONENT
h6000_q-000157_r+000880,19.35321577383423,19.35321577383423,0.0,0.0,0.0,CONTROLLED,sicily,WHOLE_LAND_SINGLE_AUTHORISED_COMPONENT
h6000_q-000157_r+000881,19.333986199417115,19.333986199417115,0.0,0.0,0.0,CONTROLLED,sicily,WHOLE_LAND_SINGLE_AUTHORISED_COMPONENT
h6000_q-000157_r+000882,19.31475977763748,19.31475977763748,0.0,0.0,0.0,CONTROLLED,sicily,WHOLE_LAND_SINGLE_AUTHORISED_COMPONENT
h6000_q-000157_r+000883,19.295536552669525,19.295536552669525,0.0,0.0,0.0,CONTROLLED,sicily,WHOLE_LAND_SINGLE_AUTHORISED_COMPONENT
h6000_q-000157_r+000884,19.27631656857872,19.27631656857872,0.0,0.0,0.0,CONTROLLED,sicily,WHOLE_LAND_SINGLE_AUTHORISED_COMPONENT
h6000_q-000157_r+000885,19.257099869441987,19.257099869441987,0.0,0.0,0.0,CONTROLLED,sicily,WHOLE_LAND_SINGLE_AUTHORISED_COMPONENT
h6000_q-000157_r+000886,19.237886499118805,19.237886499118805,0.0,0.0,0.0,CONTROLLED,sicily,WHOLE_LAND_SINGLE_AUTHORISED_COMPONENT
h6000_q-000157_r+000887,19.218676501399994,19.218676501399994,0.0,0.0,0.0,CONTROLLED,sicily,WHOLE_LAND_SINGLE_AUTHORISED_COMPONENT
h6000_q-000157_r+000888,16.892057879866588,16.892057879866588,0.0,0.0,0.0,CONTROLLED,sicily,WHOLE_LAND_SINGLE_AUTHORISED_COMPONENT
h6000_q-000158_r+000852,19.599830083061924,19.599830083061924,0.0,0.0,0.0,CONTROLLED,sicily,WHOLE_LAND_SINGLE_AUTHORISED_COMPONENT
h6000_q-000158_r+000853,19.873441743633272,19.873441743633272,0.0,0.0,0.0,CONTROLLED,sicily,WHOLE_LAND_SINGLE_AUTHORISED_COMPONENT
h6000_q-000158_r+000854,19.85414411958313,19.85414411958313,0.0,0.0,0.0,CONTROLLED,sicily,WHOLE_LAND_SINGLE_AUTHORISED_COMPONENT
h6000_q-000158_r+000855,19.834848417125702,19.834848417125702,0.0,0.0,0.0,CONTROLLED,sicily,WHOLE_LAND_SINGLE_AUTHORISED_COMPONENT
h6000_q-000158_r+000856,19.815554683143617,19.815554683143617,0.0,0.0,0.0,CONTROLLED,sicily,WHOLE_LAND_SINGLE_AUTHORISED_COMPONENT
h6000_q-000158_r+000857,19.796262964458467,19.796262964458467,0.0,0.0,0.0,CONTROLLED,sicily,WHOLE_LAND_SINGLE_AUTHORISED_COMPONENT
h6000_q-000158_r+000858,19.77697330770874,19.77697330770874,0.0,0.0,0.0,CONTROLLED,sicily,WHOLE_LAND_SINGLE_AUTHORISED_COMPONENT
h6000_q-000158_r+000859,19.75768575951004,19.75768575951004,0.0,0.0,0.0,CONTROLLED,sicily,WHOLE_LAND_SINGLE_AUTHORISED_COMPONENT
h6000_q-000158_r+000860,19.738400366340638,19.738400366340638,0.0,0.0,0.0,CONTROLLED,sicily,WHOLE_LAND_SINGLE_AUTHORISED_COMPONENT
h6000_q-000158_r+000861,19.719117174589158,19.719117174589158,0.0,0.0,0.0,CONTROLLED,sicily,WHOLE_LAND_SINGLE_AUTHORISED_COMPONENT
h6000_q-000158_r+000862,19.69983623055649,19.69983623055649,0.0,0.0,0.0,CONTROLLED,sicily,WHOLE_LAND_SINGLE_AUTHORISED_COMPONENT
h6000_q-000158_r+000863,19.680557580429078,19.680557580429078,0.0,0.0,0.0,CONTROLLED,sicily,WHOLE_LAND_SINGLE_AUTHORISED_COMPONENT
h6000_q-000158_r+000864,19.66128127029419,19.66128127029419,0.0,0.0,0.0,CONTROLLED,sicily,WHOLE_LAND_SINGLE_AUTHORISED_COMPONENT
h6000_q-000158_r+000865,19.642007346157072,19.642007346157072,0.0,0.0,0.0,CONTROLLED,sicily,WHOLE_LAND_SINGLE_AUTHORISED_COMPONENT
h6000_q-000158_r+000866,19.622735853878023,19.622735853878023,0.0,0.0,0.0,CONTROLLED,sicily,WHOLE_LAND_SINGLE_AUTHORISED_COMPONENT
h6000_q-000158_r+000867,19.603466839286803,19.603466839286803,0.0,0.0,0.0,CONTROLLED,sicily,WHOLE_LAND_SINGLE_AUTHORISED_COMPONENT
h6000_q-000158_r+000868,19.584200348110198,19.584200348110198,0.0,0.0,0.0,CONTROLLED,sicily,WHOLE_LAND_SINGLE_AUTHORISED_COMPONENT
h6000_q-000158_r+000869,19.564936425849915,19.564936425849915,0.0,0.0,0.0,CONTROLLED,sicily,WHOLE_LAND_SINGLE_AUTHORISED_COMPONENT
h6000_q-000158_r+000870,19.54567511807251,19.54567511807251,0.0,0.0,0.0,CONTROLLED,sicily,WHOLE_LAND_SINGLE_AUTHORISED_COMPONENT
h6000_q-000158_r+000871,19.526416470170975,19.526416470170975,0.0,0.0,0.0,CONTROLLED,sicily,WHOLE_LAND_SINGLE_AUTHORISED_COMPONENT
h6000_q-000158_r+000872,19.50716052742386,19.50716052742386,0.0,0.0,0.0,CONTROLLED,sicily,WHOLE_LAND_SINGLE_AUTHORISED_COMPONENT
h6000_q-000158_r+000873,19.48790733504486,19.48790733504486,0.0,0.0,0.0,CONTROLLED,sicily,WHOLE_LAND_SINGLE_AUTHORISED_COMPONENT
h6000_q-000158_r+000874,19.468656938030243,19.468656938030243,0.0,0.0,0.0,CONTROLLED,sicily,WHOLE_LAND_SINGLE_AUTHORISED_COMPONENT
h6000_q-000158_r+000875,19.449409381628037,19.449409381628037,0.0,0.0,0.0,CONTROLLED,sicily,WHOLE_LAND_SINGLE_AUTHORISED_COMPONENT
h6000_q-000158_r+000876,19.430164710479737,19.430164710479737,0.0,0.0,0.0,CONTROLLED,sicily,WHOLE_LAND_SINGLE_AUTHORISED_COMPONENT
h6000_q-000158_r+000877,19.41092296945572,19.41092296945572,0.0,0.0,0.0,CONTROLLED,sicily,WHOLE_LAND_SINGLE_AUTHORISED_COMPONENT
h6000_q-000158_r+000878,19.39168420336914,19.39168420336914,0.0,0.0,0.0,CONTROLLED,sicily,WHOLE_LAND_SINGLE_AUTHORISED_COMPONENT
h6000_q-000158_r+000879,19.37244845658493,19.37244845658493,0.0,0.0,0.0,CONTROLLED,sicily,WHOLE_LAND_SINGLE_AUTHORISED_COMPONENT
h6000_q-000158_r+000880,19.35321577384758,19.35321577384758,0.0,0.0,0.0,CONTROLLED,sicily,WHOLE_LAND_SINGLE_AUTHORISED_COMPONENT
h6000_q-000158_r+000881,19.333986199415207,19.333986199415207,0.0,0.0,0.0,CONTROLLED,sicily,WHOLE_LAND_SINGLE_AUTHORISED_COMPONENT
h6000_q-000158_r+000882,19.31475977763748,19.31475977763748,0.0,0.0,0.0,CONTROLLED,sicily,WHOLE_LAND_SINGLE_AUTHORISED_COMPONENT
h6000_q-000158_r+000883,19.295536552669525,19.295536552669525,0.0,0.0,0.0,CONTROLLED,sicily,WHOLE_LAND_SINGLE_AUTHORISED_COMPONENT
h6000_q-000158_r+000884,19.276316568592073,19.276316568592073,0.0,0.0,0.0,CONTROLLED,sicily,WHOLE_LAND_SINGLE_AUTHORISED_COMPONENT
h6000_q-000158_r+000885,19.257099869426728,19.257099869426728,0.0,0.0,0.0,CONTROLLED,sicily,WHOLE_LAND_SINGLE_AUTHORISED_COMPONENT
h6000_q-000158_r+000886,19.23788649912834,19.23788649912834,0.0,0.0,0.0,CONTROLLED,sicily,WHOLE_LAND_SINGLE_AUTHORISED_COMPONENT
h6000_q-000158_r+000887,18.16661383884798,18.16661383884798,0.0,0.0,0.0,CONTROLLED,sicily,WHOLE_LAND_SINGLE_AUTHORISED_COMPONENT
h6000_q-000159_r+000853,19.630980767153098,19.630980767153098,0.0,0.0,0.0,CONTROLLED,sicily,WHOLE_LAND_SINGLE_AUTHORISED_COMPONENT
h6000_q-000159_r+000854,19.854144119579317,19.854144119579317,0.0,0.0,0.0,CONTROLLED,sicily,WHOLE_LAND_SINGLE_AUTHORISED_COMPONENT
h6000_q-000159_r+000855,19.834848417125702,19.834848417125702,0.0,0.0,0.0,CONTROLLED,sicily,WHOLE_LAND_SINGLE_AUTHORISED_COMPONENT
h6000_q-000159_r+000856,19.815554683137893,19.815554683137893,0.0,0.0,0.0,CONTROLLED,sicily,WHOLE_LAND_SINGLE_AUTHORISED_COMPONENT
h6000_q-000159_r+000857,19.796262964468003,19.796262964468003,0.0,0.0,0.0,CONTROLLED,sicily,WHOLE_LAND_SINGLE_AUTHORISED_COMPONENT
h6000_q-000159_r+000858,19.77697330770874,19.77697330770874,0.0,0.0,0.0,CONTROLLED,sicily,WHOLE_LAND_SINGLE_AUTHORISED_COMPONENT
h6000_q-000159_r+000859,19.75768575951004,19.75768575951004,0.0,0.0,0.0,CONTROLLED,sicily,WHOLE_LAND_SINGLE_AUTHORISED_COMPONENT
h6000_q-000159_r+000860,19.73840036634445,19.73840036634445,0.0,0.0,0.0,CONTROLLED,sicily,WHOLE_LAND_SINGLE_AUTHORISED_COMPONENT
h6000_q-000159_r+000861,19.719117174591066,19.719117174591066,0.0,0.0,0.0,CONTROLLED,sicily,WHOLE_LAND_SINGLE_AUTHORISED_COMPONENT
h6000_q-000159_r+000862,19.699836230564117,19.699836230564117,0.0,0.0,0.0,CONTROLLED,sicily,WHOLE_LAND_SINGLE_AUTHORISED_COMPONENT
h6000_q-000159_r+000863,19.6805575804348,19.6805575804348,0.0,0.0,0.0,CONTROLLED,sicily,WHOLE_LAND_SINGLE_AUTHORISED_COMPONENT
h6000_q-000159_r+000864,19.66128127029419,19.66128127029419,0.0,0.0,0.0,CONTROLLED,sicily,WHOLE_LAND_SINGLE_AUTHORISED_COMPONENT
h6000_q-000159_r+000865,19.64200734614563,19.64200734614563,0.0,0.0,0.0,CONTROLLED,sicily,WHOLE_LAND_SINGLE_AUTHORISED_COMPONENT
h6000_q-000159_r+000866,19.622735853897094,19.622735853897094,0.0,0.0,0.0,CONTROLLED,sicily,WHOLE_LAND_SINGLE_AUTHORISED_COMPONENT
h6000_q-000159_r+000867,19.60346683928871,19.60346683928871,0.0,0.0,0.0,CONTROLLED,sicily,WHOLE_LAND_SINGLE_AUTHORISED_COMPONENT
h6000_q-000159_r+000868,19.58420034811592,19.58420034811592,0.0,0.0,0.0,CONTROLLED,sicily,WHOLE_LAND_SINGLE_AUTHORISED_COMPONENT
h6000_q-000159_r+000869,19.564936425849915,19.564936425849915,0.0,0.0,0.0,CONTROLLED,sicily,WHOLE_LAND_SINGLE_AUTHORISED_COMPONENT
h6000_q-000159_r+000870,19.54567511807251,19.54567511807251,0.0,0.0,0.0,CONTROLLED,sicily,WHOLE_LAND_SINGLE_AUTHORISED_COMPONENT
h6000_q-000159_r+000871,19.526416470165252,19.526416470165252,0.0,0.0,0.0,CONTROLLED,sicily,WHOLE_LAND_SINGLE_AUTHORISED_COMPONENT
h6000_q-000159_r+000872,19.507160527435303,19.507160527435303,0.0,0.0,0.0,CONTROLLED,sicily,WHOLE_LAND_SINGLE_AUTHORISED_COMPONENT
h6000_q-000159_r+000873,19.48790733503723,19.48790733503723,0.0,0.0,0.0,CONTROLLED,sicily,WHOLE_LAND_SINGLE_AUTHORISED_COMPONENT
h6000_q-000159_r+000874,19.46865693806076,19.46865693806076,0.0,0.0,0.0,CONTROLLED,sicily,WHOLE_LAND_SINGLE_AUTHORISED_COMPONENT
h6000_q-000159_r+000875,19.449409381637572,19.449409381637572,0.0,0.0,0.0,CONTROLLED,sicily,WHOLE_LAND_SINGLE_AUTHORISED_COMPONENT
h6000_q-000159_r+000876,19.430164710479737,19.430164710479737,0.0,0.0,0.0,CONTROLLED,sicily,WHOLE_LAND_SINGLE_AUTHORISED_COMPONENT
h6000_q-000159_r+000877,19.41092296945572,19.41092296945572,0.0,0.0,0.0,CONTROLLED,sicily,WHOLE_LAND_SINGLE_AUTHORISED_COMPONENT
h6000_q-000159_r+000878,19.391684203357695,19.391684203357695,0.0,0.0,0.0,CONTROLLED,sicily,WHOLE_LAND_SINGLE_AUTHORISED_COMPONENT
h6000_q-000159_r+000879,19.37244845658493,19.37244845658493,0.0,0.0,0.0,CONTROLLED,sicily,WHOLE_LAND_SINGLE_AUTHORISED_COMPONENT
h6000_q-000159_r+000880,19.35321577383423,19.35321577383423,0.0,0.0,0.0,CONTROLLED,sicily,WHOLE_LAND_SINGLE_AUTHORISED_COMPONENT
h6000_q-000159_r+000881,19.333986199417115,19.333986199417115,0.0,0.0,0.0,CONTROLLED,sicily,WHOLE_LAND_SINGLE_AUTHORISED_COMPONENT
h6000_q-000159_r+000882,19.314759777629853,19.314759777629853,0.0,0.0,0.0,CONTROLLED,sicily,WHOLE_LAND_SINGLE_AUTHORISED_COMPONENT
h6000_q-000159_r+000883,19.295536552667617,19.295536552667617,0.0,0.0,0.0,CONTROLLED,sicily,WHOLE_LAND_SINGLE_AUTHORISED_COMPONENT
h6000_q-000159_r+000884,19.276316568592073,19.276316568592073,0.0,0.0,0.0,CONTROLLED,sicily,WHOLE_LAND_SINGLE_AUTHORISED_COMPONENT
h6000_q-000159_r+000885,19.257099869426728,19.257099869426728,0.0,0.0,0.0,CONTROLLED,sicily,WHOLE_LAND_SINGLE_AUTHORISED_COMPONENT
h6000_q-000159_r+000886,19.237886499118805,19.237886499118805,0.0,0.0,0.0,CONTROLLED,sicily,WHOLE_LAND_SINGLE_AUTHORISED_COMPONENT
h6000_q-000159_r+000887,12.545206746376564,12.545206746376564,0.0,0.0,0.0,CONTROLLED,sicily,WHOLE_LAND_SINGLE_AUTHORISED_COMPONENT
h6000_q-000160_r+000854,19.843409742906033,19.843409742906033,0.0,0.0,0.0,CONTROLLED,sicily,WHOLE_LAND_SINGLE_AUTHORISED_COMPONENT
h6000_q-000160_r+000855,19.834848417125702,19.834848417125702,0.0,0.0,0.0,CONTROLLED,sicily,WHOLE_LAND_SINGLE_AUTHORISED_COMPONENT
h6000_q-000160_r+000856,19.815554683143617,19.815554683143617,0.0,0.0,0.0,CONTROLLED,sicily,WHOLE_LAND_SINGLE_AUTHORISED_COMPONENT
h6000_q-000160_r+000857,19.796262964458467,19.796262964458467,0.0,0.0,0.0,CONTROLLED,sicily,WHOLE_LAND_SINGLE_AUTHORISED_COMPONENT
h6000_q-000160_r+000858,19.776973307704925,19.776973307704925,0.0,0.0,0.0,CONTROLLED,sicily,WHOLE_LAND_SINGLE_AUTHORISED_COMPONENT
h6000_q-000160_r+000859,19.75768575951767,19.75768575951767,0.0,0.0,0.0,CONTROLLED,sicily,WHOLE_LAND_SINGLE_AUTHORISED_COMPONENT
h6000_q-000160_r+000860,19.73840036634445,19.73840036634445,0.0,0.0,0.0,CONTROLLED,sicily,WHOLE_LAND_SINGLE_AUTHORISED_COMPONENT
h6000_q-000160_r+000861,19.719117174591066,19.719117174591066,0.0,0.0,0.0,CONTROLLED,sicily,WHOLE_LAND_SINGLE_AUTHORISED_COMPONENT
h6000_q-000160_r+000862,19.69983623055649,19.69983623055649,0.0,0.0,0.0,CONTROLLED,sicily,WHOLE_LAND_SINGLE_AUTHORISED_COMPONENT
h6000_q-000160_r+000863,19.680557580429078,19.680557580429078,0.0,0.0,0.0,CONTROLLED,sicily,WHOLE_LAND_SINGLE_AUTHORISED_COMPONENT
h6000_q-000160_r+000864,19.661281270290374,19.661281270290374,0.0,0.0,0.0,CONTROLLED,sicily,WHOLE_LAND_SINGLE_AUTHORISED_COMPONENT
h6000_q-000160_r+000865,19.642007346157072,19.642007346157072,0.0,0.0,0.0,CONTROLLED,sicily,WHOLE_LAND_SINGLE_AUTHORISED_COMPONENT
h6000_q-000160_r+000866,19.622735853897094,19.622735853897094,0.0,0.0,0.0,CONTROLLED,sicily,WHOLE_LAND_SINGLE_AUTHORISED_COMPONENT
h6000_q-000160_r+000867,19.603466839286803,19.603466839286803,0.0,0.0,0.0,CONTROLLED,sicily,WHOLE_LAND_SINGLE_AUTHORISED_COMPONENT
h6000_q-000160_r+000868,19.584200348110198,19.584200348110198,0.0,0.0,0.0,CONTROLLED,sicily,WHOLE_LAND_SINGLE_AUTHORISED_COMPONENT
h6000_q-000160_r+000869,19.5649364258461,19.5649364258461,0.0,0.0,0.0,CONTROLLED,sicily,WHOLE_LAND_SINGLE_AUTHORISED_COMPONENT
h6000_q-000160_r+000870,19.545675118074417,19.545675118074417,0.0,0.0,0.0,CONTROLLED,sicily,WHOLE_LAND_SINGLE_AUTHORISED_COMPONENT
h6000_q-000160_r+000871,19.526416470165252,19.526416470165252,0.0,0.0,0.0,CONTROLLED,sicily,WHOLE_LAND_SINGLE_AUTHORISED_COMPONENT
h6000_q-000160_r+000872,19.507160527435303,19.507160527435303,0.0,0.0,0.0,CONTROLLED,sicily,WHOLE_LAND_SINGLE_AUTHORISED_COMPONENT
h6000_q-000160_r+000873,19.48790733504486,19.48790733504486,0.0,0.0,0.0,CONTROLLED,sicily,WHOLE_LAND_SINGLE_AUTHORISED_COMPONENT
h6000_q-000160_r+000874,19.468656938030243,19.468656938030243,0.0,0.0,0.0,CONTROLLED,sicily,WHOLE_LAND_SINGLE_AUTHORISED_COMPONENT
h6000_q-000160_r+000875,19.44940938162422,19.44940938162422,0.0,0.0,0.0,CONTROLLED,sicily,WHOLE_LAND_SINGLE_AUTHORISED_COMPONENT
h6000_q-000160_r+000876,19.43016471047783,19.43016471047783,0.0,0.0,0.0,CONTROLLED,sicily,WHOLE_LAND_SINGLE_AUTHORISED_COMPONENT
h6000_q-000160_r+000877,19.41092296945572,19.41092296945572,0.0,0.0,0.0,CONTROLLED,sicily,WHOLE_LAND_SINGLE_AUTHORISED_COMPONENT
h6000_q-000160_r+000878,19.39168420336914,19.39168420336914,0.0,0.0,0.0,CONTROLLED,sicily,WHOLE_LAND_SINGLE_AUTHORISED_COMPONENT
h6000_q-000160_r+000879,19.372448456615448,19.372448456615448,0.0,0.0,0.0,CONTROLLED,sicily,WHOLE_LAND_SINGLE_AUTHORISED_COMPONENT
h6000_q-000160_r+000880,19.353215773849488,19.353215773849488,0.0,0.0,0.0,CONTROLLED,sicily,WHOLE_LAND_SINGLE_AUTHORISED_COMPONENT
h6000_q-000160_r+000881,19.333986199417115,19.333986199417115,0.0,0.0,0.0,CONTROLLED,sicily,WHOLE_LAND_SINGLE_AUTHORISED_COMPONENT
h6000_q-000160_r+000882,19.31475977763748,19.31475977763748,0.0,0.0,0.0,CONTROLLED,sicily,WHOLE_LAND_SINGLE_AUTHORISED_COMPONENT
h6000_q-000160_r+000883,19.295536552669525,19.295536552669525,0.0,0.0,0.0,CONTROLLED,sicily,WHOLE_LAND_SINGLE_AUTHORISED_COMPONENT
h6000_q-000160_r+000884,19.27631656857872,19.27631656857872,0.0,0.0,0.0,CONTROLLED,sicily,WHOLE_LAND_SINGLE_AUTHORISED_COMPONENT
h6000_q-000160_r+000885,19.257099869441987,19.257099869441987,0.0,0.0,0.0,CONTROLLED,sicily,WHOLE_LAND_SINGLE_AUTHORISED_COMPONENT
h6000_q-000160_r+000886,19.237886499118805,19.237886499118805,0.0,0.0,0.0,CONTROLLED,sicily,WHOLE_LAND_SINGLE_AUTHORISED_COMPONENT
h6000_q-000161_r+000855,19.834848417125702,19.834848417125702,0.0,0.0,0.0,CONTROLLED,sicily,WHOLE_LAND_SINGLE_AUTHORISED_COMPONENT
h6000_q-000161_r+000856,19.815554683137893,19.815554683137893,0.0,0.0,0.0,CONTROLLED,sicily,WHOLE_LAND_SINGLE_AUTHORISED_COMPONENT
h6000_q-000161_r+000857,19.796262964458467,19.796262964458467,0.0,0.0,0.0,CONTROLLED,sicily,WHOLE_LAND_SINGLE_AUTHORISED_COMPONENT
h6000_q-000161_r+000858,19.77697330770874,19.77697330770874,0.0,0.0,0.0,CONTROLLED,sicily,WHOLE_LAND_SINGLE_AUTHORISED_COMPONENT
h6000_q-000161_r+000859,19.75768575951004,19.75768575951004,0.0,0.0,0.0,CONTROLLED,sicily,WHOLE_LAND_SINGLE_AUTHORISED_COMPONENT
h6000_q-000161_r+000860,19.738400366340638,19.738400366340638,0.0,0.0,0.0,CONTROLLED,sicily,WHOLE_LAND_SINGLE_AUTHORISED_COMPONENT
h6000_q-000161_r+000861,19.719117174589158,19.719117174589158,0.0,0.0,0.0,CONTROLLED,sicily,WHOLE_LAND_SINGLE_AUTHORISED_COMPONENT
h6000_q-000161_r+000862,19.69983623055649,19.69983623055649,0.0,0.0,0.0,CONTROLLED,sicily,WHOLE_LAND_SINGLE_AUTHORISED_COMPONENT
h6000_q-000161_r+000863,19.680557580429078,19.680557580429078,0.0,0.0,0.0,CONTROLLED,sicily,WHOLE_LAND_SINGLE_AUTHORISED_COMPONENT
h6000_q-000161_r+000864,19.66128127029419,19.66128127029419,0.0,0.0,0.0,CONTROLLED,sicily,WHOLE_LAND_SINGLE_AUTHORISED_COMPONENT
h6000_q-000161_r+000865,19.64200734614563,19.64200734614563,0.0,0.0,0.0,CONTROLLED,sicily,WHOLE_LAND_SINGLE_AUTHORISED_COMPONENT
h6000_q-000161_r+000866,19.622735853878023,19.622735853878023,0.0,0.0,0.0,CONTROLLED,sicily,WHOLE_LAND_SINGLE_AUTHORISED_COMPONENT
h6000_q-000161_r+000867,19.60346683928871,19.60346683928871,0.0,0.0,0.0,CONTROLLED,sicily,WHOLE_LAND_SINGLE_AUTHORISED_COMPONENT
h6000_q-000161_r+000868,19.584200348110198,19.584200348110198,0.0,0.0,0.0,CONTROLLED,sicily,WHOLE_LAND_SINGLE_AUTHORISED_COMPONENT
h6000_q-000161_r+000869,19.564936425849915,19.564936425849915,0.0,0.0,0.0,CONTROLLED,sicily,WHOLE_LAND_SINGLE_AUTHORISED_COMPONENT
h6000_q-000161_r+000870,19.54567511807251,19.54567511807251,0.0,0.0,0.0,CONTROLLED,sicily,WHOLE_LAND_SINGLE_AUTHORISED_COMPONENT
h6000_q-000161_r+000871,19.526416470170975,19.526416470170975,0.0,0.0,0.0,CONTROLLED,sicily,WHOLE_LAND_SINGLE_AUTHORISED_COMPONENT
h6000_q-000161_r+000872,19.50716052742386,19.50716052742386,0.0,0.0,0.0,CONTROLLED,sicily,WHOLE_LAND_SINGLE_AUTHORISED_COMPONENT
h6000_q-000161_r+000873,19.48790733504486,19.48790733504486,0.0,0.0,0.0,CONTROLLED,sicily,WHOLE_LAND_SINGLE_AUTHORISED_COMPONENT
h6000_q-000161_r+000874,19.468656938030243,19.468656938030243,0.0,0.0,0.0,CONTROLLED,sicily,WHOLE_LAND_SINGLE_AUTHORISED_COMPONENT
h6000_q-000161_r+000875,19.449409381637572,19.449409381637572,0.0,0.0,0.0,CONTROLLED,sicily,WHOLE_LAND_SINGLE_AUTHORISED_COMPONENT
h6000_q-000161_r+000876,19.430164710479737,19.430164710479737,0.0,0.0,0.0,CONTROLLED,sicily,WHOLE_LAND_SINGLE_AUTHORISED_COMPONENT
h6000_q-000161_r+000877,19.41092296946335,19.41092296946335,0.0,0.0,0.0,CONTROLLED,sicily,WHOLE_LAND_SINGLE_AUTHORISED_COMPONENT
h6000_q-000161_r+000878,19.391684203357695,19.391684203357695,0.0,0.0,0.0,CONTROLLED,sicily,WHOLE_LAND_SINGLE_AUTHORISED_COMPONENT
h6000_q-000161_r+000879,19.37244845658493,19.37244845658493,0.0,0.0,0.0,CONTROLLED,sicily,WHOLE_LAND_SINGLE_AUTHORISED_COMPONENT
h6000_q-000161_r+000880,19.35321577383423,19.35321577383423,0.0,0.0,0.0,CONTROLLED,sicily,WHOLE_LAND_SINGLE_AUTHORISED_COMPONENT
h6000_q-000161_r+000881,19.333986199415207,19.333986199415207,0.0,0.0,0.0,CONTROLLED,sicily,WHOLE_LAND_SINGLE_AUTHORISED_COMPONENT
h6000_q-000161_r+000882,19.314759777633668,19.314759777633668,0.0,0.0,0.0,CONTROLLED,sicily,WHOLE_LAND_SINGLE_AUTHORISED_COMPONENT
h6000_q-000161_r+000883,19.295536552669525,19.295536552669525,0.0,0.0,0.0,CONTROLLED,sicily,WHOLE_LAND_SINGLE_AUTHORISED_COMPONENT
h6000_q-000161_r+000884,19.276316568592073,19.276316568592073,0.0,0.0,0.0,CONTROLLED,sicily,WHOLE_LAND_SINGLE_AUTHORISED_COMPONENT
h6000_q-000161_r+000885,17.103964225247108,17.103964225247108,0.0,0.0,0.0,CONTROLLED,sicily,WHOLE_LAND_SINGLE_AUTHORISED_COMPONENT
h6000_q-000161_r+000886,10.629016547679807,10.629016547679807,0.0,0.0,0.0,CONTROLLED,sicily,WHOLE_LAND_SINGLE_AUTHORISED_COMPONENT
h6000_q-000162_r+000855,9.999655185206011,9.999655185206011,0.0,0.0,0.0,CONTROLLED,sicily,WHOLE_LAND_SINGLE_AUTHORISED_COMPONENT
h6000_q-000162_r+000856,19.815554683135986,19.815554683135986,0.0,0.0,0.0,CONTROLLED,sicily,WHOLE_LAND_SINGLE_AUTHORISED_COMPONENT
h6000_q-000162_r+000857,19.796262964468003,19.796262964468003,0.0,0.0,0.0,CONTROLLED,sicily,WHOLE_LAND_SINGLE_AUTHORISED_COMPONENT
h6000_q-000162_r+000858,19.776973307704925,19.776973307704925,0.0,0.0,0.0,CONTROLLED,sicily,WHOLE_LAND_SINGLE_AUTHORISED_COMPONENT
h6000_q-000162_r+000859,19.75768575951004,19.75768575951004,0.0,0.0,0.0,CONTROLLED,sicily,WHOLE_LAND_SINGLE_AUTHORISED_COMPONENT
h6000_q-000162_r+000860,19.73840036634445,19.73840036634445,0.0,0.0,0.0,CONTROLLED,sicily,WHOLE_LAND_SINGLE_AUTHORISED_COMPONENT
h6000_q-000162_r+000861,19.719117174591066,19.719117174591066,0.0,0.0,0.0,CONTROLLED,sicily,WHOLE_LAND_SINGLE_AUTHORISED_COMPONENT
h6000_q-000162_r+000862,19.699836230564117,19.699836230564117,0.0,0.0,0.0,CONTROLLED,sicily,WHOLE_LAND_SINGLE_AUTHORISED_COMPONENT
h6000_q-000162_r+000863,19.6805575804348,19.6805575804348,0.0,0.0,0.0,CONTROLLED,sicily,WHOLE_LAND_SINGLE_AUTHORISED_COMPONENT
h6000_q-000162_r+000864,19.66128127029419,19.66128127029419,0.0,0.0,0.0,CONTROLLED,sicily,WHOLE_LAND_SINGLE_AUTHORISED_COMPONENT
h6000_q-000162_r+000865,19.64200734614563,19.64200734614563,0.0,0.0,0.0,CONTROLLED,sicily,WHOLE_LAND_SINGLE_AUTHORISED_COMPONENT
h6000_q-000162_r+000866,19.622735853897094,19.622735853897094,0.0,0.0,0.0,CONTROLLED,sicily,WHOLE_LAND_SINGLE_AUTHORISED_COMPONENT
h6000_q-000162_r+000867,19.603466839286803,19.603466839286803,0.0,0.0,0.0,CONTROLLED,sicily,WHOLE_LAND_SINGLE_AUTHORISED_COMPONENT
h6000_q-000162_r+000868,19.58420034811592,19.58420034811592,0.0,0.0,0.0,CONTROLLED,sicily,WHOLE_LAND_SINGLE_AUTHORISED_COMPONENT
h6000_q-000162_r+000869,19.5649364258461,19.5649364258461,0.0,0.0,0.0,CONTROLLED,sicily,WHOLE_LAND_SINGLE_AUTHORISED_COMPONENT
h6000_q-000162_r+000870,19.54567511807251,19.54567511807251,0.0,0.0,0.0,CONTROLLED,sicily,WHOLE_LAND_SINGLE_AUTHORISED_COMPONENT
h6000_q-000162_r+000871,19.526416470165252,19.526416470165252,0.0,0.0,0.0,CONTROLLED,sicily,WHOLE_LAND_SINGLE_AUTHORISED_COMPONENT
h6000_q-000162_r+000872,19.507160527435303,19.507160527435303,0.0,0.0,0.0,CONTROLLED,sicily,WHOLE_LAND_SINGLE_AUTHORISED_COMPONENT
h6000_q-000162_r+000873,19.48790733503723,19.48790733503723,0.0,0.0,0.0,CONTROLLED,sicily,WHOLE_LAND_SINGLE_AUTHORISED_COMPONENT
h6000_q-000162_r+000874,19.46865693806076,19.46865693806076,0.0,0.0,0.0,CONTROLLED,sicily,WHOLE_LAND_SINGLE_AUTHORISED_COMPONENT
h6000_q-000162_r+000875,19.449409381637572,19.449409381637572,0.0,0.0,0.0,CONTROLLED,sicily,WHOLE_LAND_SINGLE_AUTHORISED_COMPONENT
h6000_q-000162_r+000876,19.430164710479737,19.430164710479737,0.0,0.0,0.0,CONTROLLED,sicily,WHOLE_LAND_SINGLE_AUTHORISED_COMPONENT
h6000_q-000162_r+000877,19.41092296945572,19.41092296945572,0.0,0.0,0.0,CONTROLLED,sicily,WHOLE_LAND_SINGLE_AUTHORISED_COMPONENT
h6000_q-000162_r+000878,19.39168420336914,19.39168420336914,0.0,0.0,0.0,CONTROLLED,sicily,WHOLE_LAND_SINGLE_AUTHORISED_COMPONENT
h6000_q-000162_r+000879,19.372448456596373,19.372448456596373,0.0,0.0,0.0,CONTROLLED,sicily,WHOLE_LAND_SINGLE_AUTHORISED_COMPONENT
h6000_q-000162_r+000880,19.35321577384758,19.35321577384758,0.0,0.0,0.0,CONTROLLED,sicily,WHOLE_LAND_SINGLE_AUTHORISED_COMPONENT
h6000_q-000162_r+000881,19.333986199417115,19.333986199417115,0.0,0.0,0.0,CONTROLLED,sicily,WHOLE_LAND_SINGLE_AUTHORISED_COMPONENT
h6000_q-000162_r+000882,19.31475977763748,19.31475977763748,0.0,0.0,0.0,CONTROLLED,sicily,WHOLE_LAND_SINGLE_AUTHORISED_COMPONENT
h6000_q-000162_r+000883,19.295536552669525,19.295536552669525,0.0,0.0,0.0,CONTROLLED,sicily,WHOLE_LAND_SINGLE_AUTHORISED_COMPONENT
h6000_q-000162_r+000884,19.094554222434507,19.094554222434507,0.0,0.0,0.0,CONTROLLED,sicily,WHOLE_LAND_SINGLE_AUTHORISED_COMPONENT
h6000_q-000163_r+000856,17.826540028233925,17.826540028233925,0.0,0.0,0.0,CONTROLLED,sicily,WHOLE_LAND_SINGLE_AUTHORISED_COMPONENT
h6000_q-000163_r+000857,19.79626296446037,19.79626296446037,0.0,0.0,0.0,CONTROLLED,sicily,WHOLE_LAND_SINGLE_AUTHORISED_COMPONENT
h6000_q-000163_r+000858,19.776973307712556,19.776973307712556,0.0,0.0,0.0,CONTROLLED,sicily,WHOLE_LAND_SINGLE_AUTHORISED_COMPONENT
h6000_q-000163_r+000859,19.75768575951767,19.75768575951767,0.0,0.0,0.0,CONTROLLED,sicily,WHOLE_LAND_SINGLE_AUTHORISED_COMPONENT
h6000_q-000163_r+000860,19.738400366340638,19.738400366340638,0.0,0.0,0.0,CONTROLLED,sicily,WHOLE_LAND_SINGLE_AUTHORISED_COMPONENT
h6000_q-000163_r+000861,19.719117174591066,19.719117174591066,0.0,0.0,0.0,CONTROLLED,sicily,WHOLE_LAND_SINGLE_AUTHORISED_COMPONENT
h6000_q-000163_r+000862,19.69983623055649,19.69983623055649,0.0,0.0,0.0,CONTROLLED,sicily,WHOLE_LAND_SINGLE_AUTHORISED_COMPONENT
h6000_q-000163_r+000863,19.680557580429078,19.680557580429078,0.0,0.0,0.0,CONTROLLED,sicily,WHOLE_LAND_SINGLE_AUTHORISED_COMPONENT
h6000_q-000163_r+000864,19.661281270290374,19.661281270290374,0.0,0.0,0.0,CONTROLLED,sicily,WHOLE_LAND_SINGLE_AUTHORISED_COMPONENT
h6000_q-000163_r+000865,19.642007346157072,19.642007346157072,0.0,0.0,0.0,CONTROLLED,sicily,WHOLE_LAND_SINGLE_AUTHORISED_COMPONENT
h6000_q-000163_r+000866,19.622735853897094,19.622735853897094,0.0,0.0,0.0,CONTROLLED,sicily,WHOLE_LAND_SINGLE_AUTHORISED_COMPONENT
h6000_q-000163_r+000867,19.603466839286803,19.603466839286803,0.0,0.0,0.0,CONTROLLED,sicily,WHOLE_LAND_SINGLE_AUTHORISED_COMPONENT
h6000_q-000163_r+000868,19.584200348110198,19.584200348110198,0.0,0.0,0.0,CONTROLLED,sicily,WHOLE_LAND_SINGLE_AUTHORISED_COMPONENT
h6000_q-000163_r+000869,19.564936425849915,19.564936425849915,0.0,0.0,0.0,CONTROLLED,sicily,WHOLE_LAND_SINGLE_AUTHORISED_COMPONENT
h6000_q-000163_r+000870,19.545675118074417,19.545675118074417,0.0,0.0,0.0,CONTROLLED,sicily,WHOLE_LAND_SINGLE_AUTHORISED_COMPONENT
h6000_q-000163_r+000871,19.526416470170975,19.526416470170975,0.0,0.0,0.0,CONTROLLED,sicily,WHOLE_LAND_SINGLE_AUTHORISED_COMPONENT
h6000_q-000163_r+000872,19.507160527435303,19.507160527435303,0.0,0.0,0.0,CONTROLLED,sicily,WHOLE_LAND_SINGLE_AUTHORISED_COMPONENT
h6000_q-000163_r+000873,19.48790733504486,19.48790733504486,0.0,0.0,0.0,CONTROLLED,sicily,WHOLE_LAND_SINGLE_AUTHORISED_COMPONENT
h6000_q-000163_r+000874,19.468656938030243,19.468656938030243,0.0,0.0,0.0,CONTROLLED,sicily,WHOLE_LAND_SINGLE_AUTHORISED_COMPONENT
h6000_q-000163_r+000875,19.44940938162422,19.44940938162422,0.0,0.0,0.0,CONTROLLED,sicily,WHOLE_LAND_SINGLE_AUTHORISED_COMPONENT
h6000_q-000163_r+000876,19.43016471047783,19.43016471047783,0.0,0.0,0.0,CONTROLLED,sicily,WHOLE_LAND_SINGLE_AUTHORISED_COMPONENT
h6000_q-000163_r+000877,19.41092296945572,19.41092296945572,0.0,0.0,0.0,CONTROLLED,sicily,WHOLE_LAND_SINGLE_AUTHORISED_COMPONENT
h6000_q-000163_r+000878,19.39168420336914,19.39168420336914,0.0,0.0,0.0,CONTROLLED,sicily,WHOLE_LAND_SINGLE_AUTHORISED_COMPONENT
h6000_q-000163_r+000879,19.37244845658493,19.37244845658493,0.0,0.0,0.0,CONTROLLED,sicily,WHOLE_LAND_SINGLE_AUTHORISED_COMPONENT
h6000_q-000163_r+000880,19.35321577383423,19.35321577383423,0.0,0.0,0.0,CONTROLLED,sicily,WHOLE_LAND_SINGLE_AUTHORISED_COMPONENT
h6000_q-000163_r+000881,19.333986199415207,19.333986199415207,0.0,0.0,0.0,CONTROLLED,sicily,WHOLE_LAND_SINGLE_AUTHORISED_COMPONENT
h6000_q-000163_r+000882,19.314759777629853,19.314759777629853,0.0,0.0,0.0,CONTROLLED,sicily,WHOLE_LAND_SINGLE_AUTHORISED_COMPONENT
h6000_q-000163_r+000883,19.295536552669525,19.295536552669525,0.0,0.0,0.0,CONTROLLED,sicily,WHOLE_LAND_SINGLE_AUTHORISED_COMPONENT
h6000_q-000163_r+000884,19.276316568592073,19.276316568592073,0.0,0.0,0.0,CONTROLLED,sicily,WHOLE_LAND_SINGLE_AUTHORISED_COMPONENT
h6000_q-000164_r+000857,19.796262964468003,19.796262964468003,0.0,0.0,0.0,CONTROLLED,sicily,WHOLE_LAND_SINGLE_AUTHORISED_COMPONENT
h6000_q-000164_r+000858,19.77697330770874,19.77697330770874,0.0,0.0,0.0,CONTROLLED,sicily,WHOLE_LAND_SINGLE_AUTHORISED_COMPONENT
h6000_q-000164_r+000859,19.75768575951004,19.75768575951004,0.0,0.0,0.0,CONTROLLED,sicily,WHOLE_LAND_SINGLE_AUTHORISED_COMPONENT
h6000_q-000164_r+000860,19.73840036632538,19.73840036632538,0.0,0.0,0.0,CONTROLLED,sicily,WHOLE_LAND_SINGLE_AUTHORISED_COMPONENT
h6000_q-000164_r+000861,19.719117174589158,19.719117174589158,0.0,0.0,0.0,CONTROLLED,sicily,WHOLE_LAND_SINGLE_AUTHORISED_COMPONENT
h6000_q-000164_r+000862,19.699836230564117,19.699836230564117,0.0,0.0,0.0,CONTROLLED,sicily,WHOLE_LAND_SINGLE_AUTHORISED_COMPONENT
h6000_q-000164_r+000863,19.680557580429078,19.680557580429078,0.0,0.0,0.0,CONTROLLED,sicily,WHOLE_LAND_SINGLE_AUTHORISED_COMPONENT
h6000_q-000164_r+000864,19.66128127029419,19.66128127029419,0.0,0.0,0.0,CONTROLLED,sicily,WHOLE_LAND_SINGLE_AUTHORISED_COMPONENT
h6000_q-000164_r+000865,19.64200734614563,19.64200734614563,0.0,0.0,0.0,CONTROLLED,sicily,WHOLE_LAND_SINGLE_AUTHORISED_COMPONENT
h6000_q-000164_r+000866,19.622735853878023,19.622735853878023,0.0,0.0,0.0,CONTROLLED,sicily,WHOLE_LAND_SINGLE_AUTHORISED_COMPONENT
h6000_q-000164_r+000867,19.60346683928871,19.60346683928871,0.0,0.0,0.0,CONTROLLED,sicily,WHOLE_LAND_SINGLE_AUTHORISED_COMPONENT
h6000_q-000164_r+000868,19.584200348110198,19.584200348110198,0.0,0.0,0.0,CONTROLLED,sicily,WHOLE_LAND_SINGLE_AUTHORISED_COMPONENT
h6000_q-000164_r+000869,19.564936425849915,19.564936425849915,0.0,0.0,0.0,CONTROLLED,sicily,WHOLE_LAND_SINGLE_AUTHORISED_COMPONENT
h6000_q-000164_r+000870,19.54567511807251,19.54567511807251,0.0,0.0,0.0,CONTROLLED,sicily,WHOLE_LAND_SINGLE_AUTHORISED_COMPONENT
h6000_q-000164_r+000871,19.526416470165252,19.526416470165252,0.0,0.0,0.0,CONTROLLED,sicily,WHOLE_LAND_SINGLE_AUTHORISED_COMPONENT
h6000_q-000164_r+000872,19.50716052742386,19.50716052742386,0.0,0.0,0.0,CONTROLLED,sicily,WHOLE_LAND_SINGLE_AUTHORISED_COMPONENT
h6000_q-000164_r+000873,19.48790733503723,19.48790733503723,0.0,0.0,0.0,CONTROLLED,sicily,WHOLE_LAND_SINGLE_AUTHORISED_COMPONENT
h6000_q-000164_r+000874,19.468656938030243,19.468656938030243,0.0,0.0,0.0,CONTROLLED,sicily,WHOLE_LAND_SINGLE_AUTHORISED_COMPONENT
h6000_q-000164_r+000875,19.449409381637572,19.449409381637572,0.0,0.0,0.0,CONTROLLED,sicily,WHOLE_LAND_SINGLE_AUTHORISED_COMPONENT
h6000_q-000164_r+000876,19.430164710479737,19.430164710479737,0.0,0.0,0.0,CONTROLLED,sicily,WHOLE_LAND_SINGLE_AUTHORISED_COMPONENT
h6000_q-000164_r+000877,19.41092296946335,19.41092296946335,0.0,0.0,0.0,CONTROLLED,sicily,WHOLE_LAND_SINGLE_AUTHORISED_COMPONENT
h6000_q-000164_r+000878,19.391684203357695,19.391684203357695,0.0,0.0,0.0,CONTROLLED,sicily,WHOLE_LAND_SINGLE_AUTHORISED_COMPONENT
h6000_q-000164_r+000879,19.37244845658493,19.37244845658493,0.0,0.0,0.0,CONTROLLED,sicily,WHOLE_LAND_SINGLE_AUTHORISED_COMPONENT
h6000_q-000164_r+000880,19.35321577383423,19.35321577383423,0.0,0.0,0.0,CONTROLLED,sicily,WHOLE_LAND_SINGLE_AUTHORISED_COMPONENT
h6000_q-000164_r+000881,19.333986199417115,19.333986199417115,0.0,0.0,0.0,CONTROLLED,sicily,WHOLE_LAND_SINGLE_AUTHORISED_COMPONENT
h6000_q-000164_r+000882,19.31475977763748,19.31475977763748,0.0,0.0,0.0,CONTROLLED,sicily,WHOLE_LAND_SINGLE_AUTHORISED_COMPONENT
h6000_q-000164_r+000883,19.295536552667617,19.295536552667617,0.0,0.0,0.0,CONTROLLED,sicily,WHOLE_LAND_SINGLE_AUTHORISED_COMPONENT
h6000_q-000164_r+000884,19.27631656857872,19.27631656857872,0.0,0.0,0.0,CONTROLLED,sicily,WHOLE_LAND_SINGLE_AUTHORISED_COMPONENT
h6000_q-000164_r+000885,17.107587921726367,17.107587921726367,0.0,0.0,0.0,CONTROLLED,sicily,WHOLE_LAND_SINGLE_AUTHORISED_COMPONENT
h6000_q-000165_r+000857,19.02489940735399,19.02489940735399,0.0,0.0,0.0,CONTROLLED,sicily,WHOLE_LAND_SINGLE_AUTHORISED_COMPONENT
h6000_q-000165_r+000858,19.776973307704925,19.776973307704925,0.0,0.0,0.0,CONTROLLED,sicily,WHOLE_LAND_SINGLE_AUTHORISED_COMPONENT
h6000_q-000165_r+000859,19.75768575951767,19.75768575951767,0.0,0.0,0.0,CONTROLLED,sicily,WHOLE_LAND_SINGLE_AUTHORISED_COMPONENT
h6000_q-000165_r+000860,19.73840036634445,19.73840036634445,0.0,0.0,0.0,CONTROLLED,sicily,WHOLE_LAND_SINGLE_AUTHORISED_COMPONENT
h6000_q-000165_r+000861,19.71911717460251,19.71911717460251,0.0,0.0,0.0,CONTROLLED,sicily,WHOLE_LAND_SINGLE_AUTHORISED_COMPONENT
h6000_q-000165_r+000862,19.69983623056221,19.69983623056221,0.0,0.0,0.0,CONTROLLED,sicily,WHOLE_LAND_SINGLE_AUTHORISED_COMPONENT
h6000_q-000165_r+000863,19.6805575804348,19.6805575804348,0.0,0.0,0.0,CONTROLLED,sicily,WHOLE_LAND_SINGLE_AUTHORISED_COMPONENT
h6000_q-000165_r+000864,19.661281270290374,19.661281270290374,0.0,0.0,0.0,CONTROLLED,sicily,WHOLE_LAND_SINGLE_AUTHORISED_COMPONENT
h6000_q-000165_r+000865,19.64200734614563,19.64200734614563,0.0,0.0,0.0,CONTROLLED,sicily,WHOLE_LAND_SINGLE_AUTHORISED_COMPONENT
h6000_q-000165_r+000866,19.622735853897094,19.622735853897094,0.0,0.0,0.0,CONTROLLED,sicily,WHOLE_LAND_SINGLE_AUTHORISED_COMPONENT
h6000_q-000165_r+000867,19.603466839286803,19.603466839286803,0.0,0.0,0.0,CONTROLLED,sicily,WHOLE_LAND_SINGLE_AUTHORISED_COMPONENT
h6000_q-000165_r+000868,19.58420034811592,19.58420034811592,0.0,0.0,0.0,CONTROLLED,sicily,WHOLE_LAND_SINGLE_AUTHORISED_COMPONENT
h6000_q-000165_r+000869,19.5649364258461,19.5649364258461,0.0,0.0,0.0,CONTROLLED,sicily,WHOLE_LAND_SINGLE_AUTHORISED_COMPONENT
h6000_q-000165_r+000870,19.54567511807251,19.54567511807251,0.0,0.0,0.0,CONTROLLED,sicily,WHOLE_LAND_SINGLE_AUTHORISED_COMPONENT
h6000_q-000165_r+000871,19.526416470165252,19.526416470165252,0.0,0.0,0.0,CONTROLLED,sicily,WHOLE_LAND_SINGLE_AUTHORISED_COMPONENT
h6000_q-000165_r+000872,19.507160527435303,19.507160527435303,0.0,0.0,0.0,CONTROLLED,sicily,WHOLE_LAND_SINGLE_AUTHORISED_COMPONENT
h6000_q-000165_r+000873,19.48790733504486,19.48790733504486,0.0,0.0,0.0,CONTROLLED,sicily,WHOLE_LAND_SINGLE_AUTHORISED_COMPONENT
h6000_q-000165_r+000874,19.46865693806076,19.46865693806076,0.0,0.0,0.0,CONTROLLED,sicily,WHOLE_LAND_SINGLE_AUTHORISED_COMPONENT
h6000_q-000165_r+000875,19.44940938162422,19.44940938162422,0.0,0.0,0.0,CONTROLLED,sicily,WHOLE_LAND_SINGLE_AUTHORISED_COMPONENT
h6000_q-000165_r+000876,19.430164710479737,19.430164710479737,0.0,0.0,0.0,CONTROLLED,sicily,WHOLE_LAND_SINGLE_AUTHORISED_COMPONENT
h6000_q-000165_r+000877,19.41092296945572,19.41092296945572,0.0,0.0,0.0,CONTROLLED,sicily,WHOLE_LAND_SINGLE_AUTHORISED_COMPONENT
h6000_q-000165_r+000878,19.39168420336914,19.39168420336914,0.0,0.0,0.0,CONTROLLED,sicily,WHOLE_LAND_SINGLE_AUTHORISED_COMPONENT
h6000_q-000165_r+000879,19.372448456596373,19.372448456596373,0.0,0.0,0.0,CONTROLLED,sicily,WHOLE_LAND_SINGLE_AUTHORISED_COMPONENT
h6000_q-000165_r+000880,19.35321577384758,19.35321577384758,0.0,0.0,0.0,CONTROLLED,sicily,WHOLE_LAND_SINGLE_AUTHORISED_COMPONENT
h6000_q-000165_r+000881,19.333986199417115,19.333986199417115,0.0,0.0,0.0,CONTROLLED,sicily,WHOLE_LAND_SINGLE_AUTHORISED_COMPONENT
h6000_q-000165_r+000882,19.31475977763748,19.31475977763748,0.0,0.0,0.0,CONTROLLED,sicily,WHOLE_LAND_SINGLE_AUTHORISED_COMPONENT
h6000_q-000165_r+000883,19.295536552669525,19.295536552669525,0.0,0.0,0.0,CONTROLLED,sicily,WHOLE_LAND_SINGLE_AUTHORISED_COMPONENT
h6000_q-000165_r+000884,19.276316568592073,19.276316568592073,0.0,0.0,0.0,CONTROLLED,sicily,WHOLE_LAND_SINGLE_AUTHORISED_COMPONENT
h6000_q-000165_r+000885,19.169132103388304,19.169132103388304,0.0,0.0,0.0,CONTROLLED,sicily,WHOLE_LAND_SINGLE_AUTHORISED_COMPONENT
h6000_q-000166_r+000857,12.10181001038407,12.10181001038407,0.0,0.0,0.0,CONTROLLED,sicily,WHOLE_LAND_SINGLE_AUTHORISED_COMPONENT
h6000_q-000166_r+000858,19.776973307712556,19.776973307712556,0.0,0.0,0.0,CONTROLLED,sicily,WHOLE_LAND_SINGLE_AUTHORISED_COMPONENT
h6000_q-000166_r+000859,19.75768575951004,19.75768575951004,0.0,0.0,0.0,CONTROLLED,sicily,WHOLE_LAND_SINGLE_AUTHORISED_COMPONENT
h6000_q-000166_r+000860,19.738400366340638,19.738400366340638,0.0,0.0,0.0,CONTROLLED,sicily,WHOLE_LAND_SINGLE_AUTHORISED_COMPONENT
h6000_q-000166_r+000861,19.719117174589158,19.719117174589158,0.0,0.0,0.0,CONTROLLED,sicily,WHOLE_LAND_SINGLE_AUTHORISED_COMPONENT
h6000_q-000166_r+000862,19.69983623055649,19.69983623055649,0.0,0.0,0.0,CONTROLLED,sicily,WHOLE_LAND_SINGLE_AUTHORISED_COMPONENT
h6000_q-000166_r+000863,19.68055758044052,19.68055758044052,0.0,0.0,0.0,CONTROLLED,sicily,WHOLE_LAND_SINGLE_AUTHORISED_COMPONENT
h6000_q-000166_r+000864,19.661281270273207,19.661281270273207,0.0,0.0,0.0,CONTROLLED,sicily,WHOLE_LAND_SINGLE_AUTHORISED_COMPONENT
h6000_q-000166_r+000865,19.642007346157072,19.642007346157072,0.0,0.0,0.0,CONTROLLED,sicily,WHOLE_LAND_SINGLE_AUTHORISED_COMPONENT
h6000_q-000166_r+000866,19.622735853878023,19.622735853878023,0.0,0.0,0.0,CONTROLLED,sicily,WHOLE_LAND_SINGLE_AUTHORISED_COMPONENT
h6000_q-000166_r+000867,19.603466839286803,19.603466839286803,0.0,0.0,0.0,CONTROLLED,sicily,WHOLE_LAND_SINGLE_AUTHORISED_COMPONENT
h6000_q-000166_r+000868,19.584200348110198,19.584200348110198,0.0,0.0,0.0,CONTROLLED,sicily,WHOLE_LAND_SINGLE_AUTHORISED_COMPONENT
h6000_q-000166_r+000869,19.564936425849915,19.564936425849915,0.0,0.0,0.0,CONTROLLED,sicily,WHOLE_LAND_SINGLE_AUTHORISED_COMPONENT
h6000_q-000166_r+000870,19.545675118074417,19.545675118074417,0.0,0.0,0.0,CONTROLLED,sicily,WHOLE_LAND_SINGLE_AUTHORISED_COMPONENT
h6000_q-000166_r+000871,19.526416470170975,19.526416470170975,0.0,0.0,0.0,CONTROLLED,sicily,WHOLE_LAND_SINGLE_AUTHORISED_COMPONENT
h6000_q-000166_r+000872,19.507160527435303,19.507160527435303,0.0,0.0,0.0,CONTROLLED,sicily,WHOLE_LAND_SINGLE_AUTHORISED_COMPONENT
h6000_q-000166_r+000873,19.48790733504486,19.48790733504486,0.0,0.0,0.0,CONTROLLED,sicily,WHOLE_LAND_SINGLE_AUTHORISED_COMPONENT
h6000_q-000166_r+000874,19.468656938030243,19.468656938030243,0.0,0.0,0.0,CONTROLLED,sicily,WHOLE_LAND_SINGLE_AUTHORISED_COMPONENT
h6000_q-000166_r+000875,19.449409381637572,19.449409381637572,0.0,0.0,0.0,CONTROLLED,sicily,WHOLE_LAND_SINGLE_AUTHORISED_COMPONENT
h6000_q-000166_r+000876,19.43016471047783,19.43016471047783,0.0,0.0,0.0,CONTROLLED,sicily,WHOLE_LAND_SINGLE_AUTHORISED_COMPONENT
h6000_q-000166_r+000877,19.41092296946335,19.41092296946335,0.0,0.0,0.0,CONTROLLED,sicily,WHOLE_LAND_SINGLE_AUTHORISED_COMPONENT
h6000_q-000166_r+000878,19.39168420336914,19.39168420336914,0.0,0.0,0.0,CONTROLLED,sicily,WHOLE_LAND_SINGLE_AUTHORISED_COMPONENT
h6000_q-000166_r+000879,19.37244845658493,19.37244845658493,0.0,0.0,0.0,CONTROLLED,sicily,WHOLE_LAND_SINGLE_AUTHORISED_COMPONENT
h6000_q-000166_r+000880,19.35321577383423,19.35321577383423,0.0,0.0,0.0,CONTROLLED,sicily,WHOLE_LAND_SINGLE_AUTHORISED_COMPONENT
h6000_q-000166_r+000881,19.333986199415207,19.333986199415207,0.0,0.0,0.0,CONTROLLED,sicily,WHOLE_LAND_SINGLE_AUTHORISED_COMPONENT
h6000_q-000166_r+000882,19.314759777629853,19.314759777629853,0.0,0.0,0.0,CONTROLLED,sicily,WHOLE_LAND_SINGLE_AUTHORISED_COMPONENT
h6000_q-000166_r+000883,19.295536552669525,19.295536552669525,0.0,0.0,0.0,CONTROLLED,sicily,WHOLE_LAND_SINGLE_AUTHORISED_COMPONENT
h6000_q-000166_r+000884,19.276316568592073,19.276316568592073,0.0,0.0,0.0,CONTROLLED,sicily,WHOLE_LAND_SINGLE_AUTHORISED_COMPONENT
h6000_q-000166_r+000885,19.257099869426728,19.257099869426728,0.0,0.0,0.0,CONTROLLED,sicily,WHOLE_LAND_SINGLE_AUTHORISED_COMPONENT
h6000_q-000166_r+000886,14.619275165294281,14.619275165294281,0.0,0.0,0.0,CONTROLLED,sicily,WHOLE_LAND_SINGLE_AUTHORISED_COMPONENT
h6000_q-000167_r+000858,19.776973307704925,19.776973307704925,0.0,0.0,0.0,CONTROLLED,sicily,WHOLE_LAND_SINGLE_AUTHORISED_COMPONENT
h6000_q-000167_r+000859,19.75768575951004,19.75768575951004,0.0,0.0,0.0,CONTROLLED,sicily,WHOLE_LAND_SINGLE_AUTHORISED_COMPONENT
h6000_q-000167_r+000860,19.73840036632538,19.73840036632538,0.0,0.0,0.0,CONTROLLED,sicily,WHOLE_LAND_SINGLE_AUTHORISED_COMPONENT
h6000_q-000167_r+000861,19.719117174591066,19.719117174591066,0.0,0.0,0.0,CONTROLLED,sicily,WHOLE_LAND_SINGLE_AUTHORISED_COMPONENT
h6000_q-000167_r+000862,19.699836230564117,19.699836230564117,0.0,0.0,0.0,CONTROLLED,sicily,WHOLE_LAND_SINGLE_AUTHORISED_COMPONENT
h6000_q-000167_r+000863,19.6805575804348,19.6805575804348,0.0,0.0,0.0,CONTROLLED,sicily,WHOLE_LAND_SINGLE_AUTHORISED_COMPONENT
h6000_q-000167_r+000864,19.66128127029419,19.66128127029419,0.0,0.0,0.0,CONTROLLED,sicily,WHOLE_LAND_SINGLE_AUTHORISED_COMPONENT
h6000_q-000167_r+000865,19.642007346147537,19.642007346147537,0.0,0.0,0.0,CONTROLLED,sicily,WHOLE_LAND_SINGLE_AUTHORISED_COMPONENT
h6000_q-000167_r+000866,19.62273585388756,19.62273585388756,0.0,0.0,0.0,CONTROLLED,sicily,WHOLE_LAND_SINGLE_AUTHORISED_COMPONENT
h6000_q-000167_r+000867,19.60346683928871,19.60346683928871,0.0,0.0,0.0,CONTROLLED,sicily,WHOLE_LAND_SINGLE_AUTHORISED_COMPONENT
h6000_q-000167_r+000868,19.58420034811592,19.58420034811592,0.0,0.0,0.0,CONTROLLED,sicily,WHOLE_LAND_SINGLE_AUTHORISED_COMPONENT
h6000_q-000167_r+000869,19.564936425849915,19.564936425849915,0.0,0.0,0.0,CONTROLLED,sicily,WHOLE_LAND_SINGLE_AUTHORISED_COMPONENT
h6000_q-000167_r+000870,19.54567511807251,19.54567511807251,0.0,0.0,0.0,CONTROLLED,sicily,WHOLE_LAND_SINGLE_AUTHORISED_COMPONENT
h6000_q-000167_r+000871,19.526416470165252,19.526416470165252,0.0,0.0,0.0,CONTROLLED,sicily,WHOLE_LAND_SINGLE_AUTHORISED_COMPONENT
h6000_q-000167_r+000872,19.50716052742386,19.50716052742386,0.0,0.0,0.0,CONTROLLED,sicily,WHOLE_LAND_SINGLE_AUTHORISED_COMPONENT
h6000_q-000167_r+000873,19.48790733503723,19.48790733503723,0.0,0.0,0.0,CONTROLLED,sicily,WHOLE_LAND_SINGLE_AUTHORISED_COMPONENT
h6000_q-000167_r+000874,19.468656938030243,19.468656938030243,0.0,0.0,0.0,CONTROLLED,sicily,WHOLE_LAND_SINGLE_AUTHORISED_COMPONENT
h6000_q-000167_r+000875,19.449409381637572,19.449409381637572,0.0,0.0,0.0,CONTROLLED,sicily,WHOLE_LAND_SINGLE_AUTHORISED_COMPONENT
h6000_q-000167_r+000876,19.430164710479737,19.430164710479737,0.0,0.0,0.0,CONTROLLED,sicily,WHOLE_LAND_SINGLE_AUTHORISED_COMPONENT
h6000_q-000167_r+000877,19.41092296945572,19.41092296945572,0.0,0.0,0.0,CONTROLLED,sicily,WHOLE_LAND_SINGLE_AUTHORISED_COMPONENT
h6000_q-000167_r+000878,19.391684203357695,19.391684203357695,0.0,0.0,0.0,CONTROLLED,sicily,WHOLE_LAND_SINGLE_AUTHORISED_COMPONENT
h6000_q-000167_r+000879,19.372448456596373,19.372448456596373,0.0,0.0,0.0,CONTROLLED,sicily,WHOLE_LAND_SINGLE_AUTHORISED_COMPONENT
h6000_q-000167_r+000880,19.35321577383423,19.35321577383423,0.0,0.0,0.0,CONTROLLED,sicily,WHOLE_LAND_SINGLE_AUTHORISED_COMPONENT
h6000_q-000167_r+000881,19.333986199417115,19.333986199417115,0.0,0.0,0.0,CONTROLLED,sicily,WHOLE_LAND_SINGLE_AUTHORISED_COMPONENT
h6000_q-000167_r+000882,19.31475977763748,19.31475977763748,0.0,0.0,0.0,CONTROLLED,sicily,WHOLE_LAND_SINGLE_AUTHORISED_COMPONENT
h6000_q-000167_r+000883,19.295536552667617,19.295536552667617,0.0,0.0,0.0,CONTROLLED,sicily,WHOLE_LAND_SINGLE_AUTHORISED_COMPONENT
h6000_q-000167_r+000884,19.27631656857872,19.27631656857872,0.0,0.0,0.0,CONTROLLED,sicily,WHOLE_LAND_SINGLE_AUTHORISED_COMPONENT
h6000_q-000167_r+000885,19.257099869426728,19.257099869426728,0.0,0.0,0.0,CONTROLLED,sicily,WHOLE_LAND_SINGLE_AUTHORISED_COMPONENT
h6000_q-000168_r+000858,20.17473506260109,20.17473506260109,0.0,0.0,0.0,CONTROLLED,sicily,WHOLE_LAND_SINGLE_AUTHORISED_COMPONENT
h6000_q-000168_r+000859,19.75768575951767,19.75768575951767,0.0,0.0,0.0,CONTROLLED,sicily,WHOLE_LAND_SINGLE_AUTHORISED_COMPONENT
h6000_q-000168_r+000860,19.738400366340638,19.738400366340638,0.0,0.0,0.0,CONTROLLED,sicily,WHOLE_LAND_SINGLE_AUTHORISED_COMPONENT
h6000_q-000168_r+000861,19.71911717460251,19.71911717460251,0.0,0.0,0.0,CONTROLLED,sicily,WHOLE_LAND_SINGLE_AUTHORISED_COMPONENT
h6000_q-000168_r+000862,19.69983623056221,19.69983623056221,0.0,0.0,0.0,CONTROLLED,sicily,WHOLE_LAND_SINGLE_AUTHORISED_COMPONENT
h6000_q-000168_r+000863,19.680557580429078,19.680557580429078,0.0,0.0,0.0,CONTROLLED,sicily,WHOLE_LAND_SINGLE_AUTHORISED_COMPONENT
h6000_q-000168_r+000864,19.661281270290374,19.661281270290374,0.0,0.0,0.0,CONTROLLED,sicily,WHOLE_LAND_SINGLE_AUTHORISED_COMPONENT
h6000_q-000168_r+000865,19.642007346157072,19.642007346157072,0.0,0.0,0.0,CONTROLLED,sicily,WHOLE_LAND_SINGLE_AUTHORISED_COMPONENT
h6000_q-000168_r+000866,19.622735853897094,19.622735853897094,0.0,0.0,0.0,CONTROLLED,sicily,WHOLE_LAND_SINGLE_AUTHORISED_COMPONENT
h6000_q-000168_r+000867,19.60346683928871,19.60346683928871,0.0,0.0,0.0,CONTROLLED,sicily,WHOLE_LAND_SINGLE_AUTHORISED_COMPONENT
h6000_q-000168_r+000868,19.58420034811592,19.58420034811592,0.0,0.0,0.0,CONTROLLED,sicily,WHOLE_LAND_SINGLE_AUTHORISED_COMPONENT
h6000_q-000168_r+000869,19.5649364258461,19.5649364258461,0.0,0.0,0.0,CONTROLLED,sicily,WHOLE_LAND_SINGLE_AUTHORISED_COMPONENT
h6000_q-000168_r+000870,19.545675118074417,19.545675118074417,0.0,0.0,0.0,CONTROLLED,sicily,WHOLE_LAND_SINGLE_AUTHORISED_COMPONENT
h6000_q-000168_r+000871,19.526416470165252,19.526416470165252,0.0,0.0,0.0,CONTROLLED,sicily,WHOLE_LAND_SINGLE_AUTHORISED_COMPONENT
h6000_q-000168_r+000872,19.507160527435303,19.507160527435303,0.0,0.0,0.0,CONTROLLED,sicily,WHOLE_LAND_SINGLE_AUTHORISED_COMPONENT
h6000_q-000168_r+000873,19.48790733504486,19.48790733504486,0.0,0.0,0.0,CONTROLLED,sicily,WHOLE_LAND_SINGLE_AUTHORISED_COMPONENT
h6000_q-000168_r+000874,19.46865693806076,19.46865693806076,0.0,0.0,0.0,CONTROLLED,sicily,WHOLE_LAND_SINGLE_AUTHORISED_COMPONENT
h6000_q-000168_r+000875,19.44940938162422,19.44940938162422,0.0,0.0,0.0,CONTROLLED,sicily,WHOLE_LAND_SINGLE_AUTHORISED_COMPONENT
h6000_q-000168_r+000876,19.430164710479737,19.430164710479737,0.0,0.0,0.0,CONTROLLED,sicily,WHOLE_LAND_SINGLE_AUTHORISED_COMPONENT
h6000_q-000168_r+000877,19.41092296945572,19.41092296945572,0.0,0.0,0.0,CONTROLLED,sicily,WHOLE_LAND_SINGLE_AUTHORISED_COMPONENT
h6000_q-000168_r+000878,19.39168420336914,19.39168420336914,0.0,0.0,0.0,CONTROLLED,sicily,WHOLE_LAND_SINGLE_AUTHORISED_COMPONENT
h6000_q-000168_r+000879,19.37244845658493,19.37244845658493,0.0,0.0,0.0,CONTROLLED,sicily,WHOLE_LAND_SINGLE_AUTHORISED_COMPONENT
h6000_q-000168_r+000880,19.35321577384758,19.35321577384758,0.0,0.0,0.0,CONTROLLED,sicily,WHOLE_LAND_SINGLE_AUTHORISED_COMPONENT
h6000_q-000168_r+000881,19.333986199415207,19.333986199415207,0.0,0.0,0.0,CONTROLLED,sicily,WHOLE_LAND_SINGLE_AUTHORISED_COMPONENT
h6000_q-000168_r+000882,19.31475977763748,19.31475977763748,0.0,0.0,0.0,CONTROLLED,sicily,WHOLE_LAND_SINGLE_AUTHORISED_COMPONENT
h6000_q-000168_r+000883,19.295536552669525,19.295536552669525,0.0,0.0,0.0,CONTROLLED,sicily,WHOLE_LAND_SINGLE_AUTHORISED_COMPONENT
h6000_q-000168_r+000884,19.276316568592073,19.276316568592073,0.0,0.0,0.0,CONTROLLED,sicily,WHOLE_LAND_SINGLE_AUTHORISED_COMPONENT
h6000_q-000168_r+000885,18.402046531515975,18.399799654455805,0.0,0.0022468770601693543,0.000122099303266149,CONTROLLED,sicily,WHOLE_LAND_SINGLE_AUTHORISED_COMPONENT
h6000_q-000169_r+000858,19.77697330770874,19.77697330770874,0.0,0.0,0.0,CONTROLLED,sicily,WHOLE_LAND_SINGLE_AUTHORISED_COMPONENT
h6000_q-000169_r+000859,20.01890146868372,20.01890146868372,0.0,0.0,0.0,CONTROLLED,sicily,WHOLE_LAND_SINGLE_AUTHORISED_COMPONENT
h6000_q-000169_r+000860,20.13538632852125,20.13538632852125,0.0,0.0,0.0,CONTROLLED,sicily,WHOLE_LAND_SINGLE_AUTHORISED_COMPONENT
h6000_q-000169_r+000861,19.719117174589158,19.719117174589158,0.0,0.0,0.0,CONTROLLED,sicily,WHOLE_LAND_SINGLE_AUTHORISED_COMPONENT
h6000_q-000169_r+000862,19.699836230564117,19.699836230564117,0.0,0.0,0.0,CONTROLLED,sicily,WHOLE_LAND_SINGLE_AUTHORISED_COMPONENT
h6000_q-000169_r+000863,19.68055758044052,19.68055758044052,0.0,0.0,0.0,CONTROLLED,sicily,WHOLE_LAND_SINGLE_AUTHORISED_COMPONENT
h6000_q-000169_r+000864,19.661281270273207,19.661281270273207,0.0,0.0,0.0,CONTROLLED,sicily,WHOLE_LAND_SINGLE_AUTHORISED_COMPONENT
h6000_q-000169_r+000865,19.64200734614563,19.64200734614563,0.0,0.0,0.0,CONTROLLED,sicily,WHOLE_LAND_SINGLE_AUTHORISED_COMPONENT
h6000_q-000169_r+000866,19.622735853878023,19.622735853878023,0.0,0.0,0.0,CONTROLLED,sicily,WHOLE_LAND_SINGLE_AUTHORISED_COMPONENT
h6000_q-000169_r+000867,19.60346683928871,19.60346683928871,0.0,0.0,0.0,CONTROLLED,sicily,WHOLE_LAND_SINGLE_AUTHORISED_COMPONENT
h6000_q-000169_r+000868,19.584200348110198,19.584200348110198,0.0,0.0,0.0,CONTROLLED,sicily,WHOLE_LAND_SINGLE_AUTHORISED_COMPONENT
h6000_q-000169_r+000869,19.564936425849915,19.564936425849915,0.0,0.0,0.0,CONTROLLED,sicily,WHOLE_LAND_SINGLE_AUTHORISED_COMPONENT
h6000_q-000169_r+000870,19.54567511808014,19.54567511808014,0.0,0.0,0.0,CONTROLLED,sicily,WHOLE_LAND_SINGLE_AUTHORISED_COMPONENT
h6000_q-000169_r+000871,19.526416470170975,19.526416470170975,0.0,0.0,0.0,CONTROLLED,sicily,WHOLE_LAND_SINGLE_AUTHORISED_COMPONENT
h6000_q-000169_r+000872,19.50716052742386,19.50716052742386,0.0,0.0,0.0,CONTROLLED,sicily,WHOLE_LAND_SINGLE_AUTHORISED_COMPONENT
h6000_q-000169_r+000873,19.48790733504486,19.48790733504486,0.0,0.0,0.0,CONTROLLED,sicily,WHOLE_LAND_SINGLE_AUTHORISED_COMPONENT
h6000_q-000169_r+000874,19.468656938030243,19.468656938030243,0.0,0.0,0.0,CONTROLLED,sicily,WHOLE_LAND_SINGLE_AUTHORISED_COMPONENT
h6000_q-000169_r+000875,19.449409381637572,19.449409381637572,0.0,0.0,0.0,CONTROLLED,sicily,WHOLE_LAND_SINGLE_AUTHORISED_COMPONENT
h6000_q-000169_r+000876,19.43016471047783,19.43016471047783,0.0,0.0,0.0,CONTROLLED,sicily,WHOLE_LAND_SINGLE_AUTHORISED_COMPONENT
h6000_q-000169_r+000877,19.41092296946335,19.41092296946335,0.0,0.0,0.0,CONTROLLED,sicily,WHOLE_LAND_SINGLE_AUTHORISED_COMPONENT
h6000_q-000169_r+000878,19.39168420336914,19.39168420336914,0.0,0.0,0.0,CONTROLLED,sicily,WHOLE_LAND_SINGLE_AUTHORISED_COMPONENT
h6000_q-000169_r+000879,19.37244845658493,19.37244845658493,0.0,0.0,0.0,CONTROLLED,sicily,WHOLE_LAND_SINGLE_AUTHORISED_COMPONENT
h6000_q-000169_r+000880,19.35321577383423,19.35321577383423,0.0,0.0,0.0,CONTROLLED,sicily,WHOLE_LAND_SINGLE_AUTHORISED_COMPONENT
h6000_q-000169_r+000881,19.333986199417115,19.333986199417115,0.0,0.0,0.0,CONTROLLED,sicily,WHOLE_LAND_SINGLE_AUTHORISED_COMPONENT
h6000_q-000169_r+000882,19.314759777629853,19.314759777629853,0.0,0.0,0.0,CONTROLLED,sicily,WHOLE_LAND_SINGLE_AUTHORISED_COMPONENT
h6000_q-000169_r+000883,19.295536552667617,19.295536552667617,0.0,0.0,0.0,CONTROLLED,sicily,WHOLE_LAND_SINGLE_AUTHORISED_COMPONENT
h6000_q-000169_r+000884,19.16326869093573,19.16326869093573,0.0,0.0,0.0,CONTROLLED,sicily,WHOLE_LAND_SINGLE_AUTHORISED_COMPONENT
h6000_q-000169_r+000885,17.434362510617845,17.434362510617845,0.0,0.0,0.0,CONTROLLED,sicily,WHOLE_LAND_SINGLE_AUTHORISED_COMPONENT
h6000_q-000170_r+000857,11.084438136270846,11.084438136270846,0.0,0.0,0.0,CONTROLLED,sicily,WHOLE_LAND_SINGLE_AUTHORISED_COMPONENT
h6000_q-000170_r+000858,19.776973307704925,19.776973307704925,0.0,0.0,0.0,CONTROLLED,sicily,WHOLE_LAND_SINGLE_AUTHORISED_COMPONENT
h6000_q-000170_r+000859,19.75768575951004,19.75768575951004,0.0,0.0,0.0,CONTROLLED,sicily,WHOLE_LAND_SINGLE_AUTHORISED_COMPONENT
h6000_q-000170_r+000860,19.73840036634445,19.73840036634445,0.0,0.0,0.0,CONTROLLED,sicily,WHOLE_LAND_SINGLE_AUTHORISED_COMPONENT
h6000_q-000170_r+000861,19.97982297014427,19.97982297014427,0.0,0.0,0.0,CONTROLLED,sicily,WHOLE_LAND_SINGLE_AUTHORISED_COMPONENT
h6000_q-000170_r+000862,20.09604657712412,20.09604657712412,0.0,0.0,0.0,CONTROLLED,sicily,WHOLE_LAND_SINGLE_AUTHORISED_COMPONENT
h6000_q-000170_r+000863,19.6805575804348,19.6805575804348,0.0,0.0,0.0,CONTROLLED,sicily,WHOLE_LAND_SINGLE_AUTHORISED_COMPONENT
h6000_q-000170_r+000864,19.661281270290374,19.661281270290374,0.0,0.0,0.0,CONTROLLED,sicily,WHOLE_LAND_SINGLE_AUTHORISED_COMPONENT
h6000_q-000170_r+000865,19.642007346147537,19.642007346147537,0.0,0.0,0.0,CONTROLLED,sicily,WHOLE_LAND_SINGLE_AUTHORISED_COMPONENT
h6000_q-000170_r+000866,19.62273585388756,19.62273585388756,0.0,0.0,0.0,CONTROLLED,sicily,WHOLE_LAND_SINGLE_AUTHORISED_COMPONENT
h6000_q-000170_r+000867,19.603466839286803,19.603466839286803,0.0,0.0,0.0,CONTROLLED,sicily,WHOLE_LAND_SINGLE_AUTHORISED_COMPONENT
h6000_q-000170_r+000868,19.58420034811592,19.58420034811592,0.0,0.0,0.0,CONTROLLED,sicily,WHOLE_LAND_SINGLE_AUTHORISED_COMPONENT
h6000_q-000170_r+000869,19.5649364258461,19.5649364258461,0.0,0.0,0.0,CONTROLLED,sicily,WHOLE_LAND_SINGLE_AUTHORISED_COMPONENT
h6000_q-000170_r+000870,19.54567511807251,19.54567511807251,0.0,0.0,0.0,CONTROLLED,sicily,WHOLE_LAND_SINGLE_AUTHORISED_COMPONENT
h6000_q-000170_r+000871,19.526416470157624,19.526416470157624,0.0,0.0,0.0,CONTROLLED,sicily,WHOLE_LAND_SINGLE_AUTHORISED_COMPONENT
h6000_q-000170_r+000872,19.507160527427672,19.507160527427672,0.0,0.0,0.0,CONTROLLED,sicily,WHOLE_LAND_SINGLE_AUTHORISED_COMPONENT
h6000_q-000170_r+000873,19.48790733503723,19.48790733503723,0.0,0.0,0.0,CONTROLLED,sicily,WHOLE_LAND_SINGLE_AUTHORISED_COMPONENT
h6000_q-000170_r+000874,19.46865693806076,19.46865693806076,0.0,0.0,0.0,CONTROLLED,sicily,WHOLE_LAND_SINGLE_AUTHORISED_COMPONENT
h6000_q-000170_r+000875,19.449409381637572,19.449409381637572,0.0,0.0,0.0,CONTROLLED,sicily,WHOLE_LAND_SINGLE_AUTHORISED_COMPONENT
h6000_q-000170_r+000876,19.430164710479737,19.430164710479737,0.0,0.0,0.0,CONTROLLED,sicily,WHOLE_LAND_SINGLE_AUTHORISED_COMPONENT
h6000_q-000170_r+000877,19.41092296945572,19.41092296945572,0.0,0.0,0.0,CONTROLLED,sicily,WHOLE_LAND_SINGLE_AUTHORISED_COMPONENT
h6000_q-000170_r+000878,19.391684203357695,19.391684203357695,0.0,0.0,0.0,CONTROLLED,sicily,WHOLE_LAND_SINGLE_AUTHORISED_COMPONENT
h6000_q-000170_r+000879,19.372448456596373,19.372448456596373,0.0,0.0,0.0,CONTROLLED,sicily,WHOLE_LAND_SINGLE_AUTHORISED_COMPONENT
h6000_q-000170_r+000880,19.35321577383423,19.35321577383423,0.0,0.0,0.0,CONTROLLED,sicily,WHOLE_LAND_SINGLE_AUTHORISED_COMPONENT
h6000_q-000170_r+000881,19.333986199417115,19.333986199417115,0.0,0.0,0.0,CONTROLLED,sicily,WHOLE_LAND_SINGLE_AUTHORISED_COMPONENT
h6000_q-000170_r+000882,19.31475977763748,19.31475977763748,0.0,0.0,0.0,CONTROLLED,sicily,WHOLE_LAND_SINGLE_AUTHORISED_COMPONENT
h6000_q-000170_r+000883,15.881763365384606,15.881763365384606,0.0,0.0,0.0,CONTROLLED,sicily,WHOLE_LAND_SINGLE_AUTHORISED_COMPONENT
h6000_q-000171_r+000858,19.77697330770874,19.77697330770874,0.0,0.0,0.0,CONTROLLED,sicily,WHOLE_LAND_SINGLE_AUTHORISED_COMPONENT
h6000_q-000171_r+000859,19.75768575951767,19.75768575951767,0.0,0.0,0.0,CONTROLLED,sicily,WHOLE_LAND_SINGLE_AUTHORISED_COMPONENT
h6000_q-000171_r+000860,19.738400366340638,19.738400366340638,0.0,0.0,0.0,CONTROLLED,sicily,WHOLE_LAND_SINGLE_AUTHORISED_COMPONENT
h6000_q-000171_r+000861,19.719117174591066,19.719117174591066,0.0,0.0,0.0,CONTROLLED,sicily,WHOLE_LAND_SINGLE_AUTHORISED_COMPONENT
h6000_q-000171_r+000862,19.69983623055649,19.69983623055649,0.0,0.0,0.0,CONTROLLED,sicily,WHOLE_LAND_SINGLE_AUTHORISED_COMPONENT
h6000_q-000171_r+000863,19.940753581235885,19.940753581235885,0.0,0.0,0.0,CONTROLLED,sicily,WHOLE_LAND_SINGLE_AUTHORISED_COMPONENT
h6000_q-000171_r+000864,20.056716185812473,20.056716185812473,0.0,0.0,0.0,CONTROLLED,sicily,WHOLE_LAND_SINGLE_AUTHORISED_COMPONENT
h6000_q-000171_r+000865,19.642007346157072,19.642007346157072,0.0,0.0,0.0,CONTROLLED,sicily,WHOLE_LAND_SINGLE_AUTHORISED_COMPONENT
h6000_q-000171_r+000866,19.622735853878023,19.622735853878023,0.0,0.0,0.0,CONTROLLED,sicily,WHOLE_LAND_SINGLE_AUTHORISED_COMPONENT
h6000_q-000171_r+000867,19.60346683928871,19.60346683928871,0.0,0.0,0.0,CONTROLLED,sicily,WHOLE_LAND_SINGLE_AUTHORISED_COMPONENT
h6000_q-000171_r+000868,19.58420034811592,19.58420034811592,0.0,0.0,0.0,CONTROLLED,sicily,WHOLE_LAND_SINGLE_AUTHORISED_COMPONENT
h6000_q-000171_r+000869,19.564936425849915,19.564936425849915,0.0,0.0,0.0,CONTROLLED,sicily,WHOLE_LAND_SINGLE_AUTHORISED_COMPONENT
h6000_q-000171_r+000870,19.545675118074417,19.545675118074417,0.0,0.0,0.0,CONTROLLED,sicily,WHOLE_LAND_SINGLE_AUTHORISED_COMPONENT
h6000_q-000171_r+000871,19.526416470170975,19.526416470170975,0.0,0.0,0.0,CONTROLLED,sicily,WHOLE_LAND_SINGLE_AUTHORISED_COMPONENT
h6000_q-000171_r+000872,19.507160527435303,19.507160527435303,0.0,0.0,0.0,CONTROLLED,sicily,WHOLE_LAND_SINGLE_AUTHORISED_COMPONENT
h6000_q-000171_r+000873,19.487907335031508,19.487907335031508,0.0,0.0,0.0,CONTROLLED,sicily,WHOLE_LAND_SINGLE_AUTHORISED_COMPONENT
h6000_q-000171_r+000874,19.46865693805313,19.46865693805313,0.0,0.0,0.0,CONTROLLED,sicily,WHOLE_LAND_SINGLE_AUTHORISED_COMPONENT
h6000_q-000171_r+000875,19.44940938162422,19.44940938162422,0.0,0.0,0.0,CONTROLLED,sicily,WHOLE_LAND_SINGLE_AUTHORISED_COMPONENT
h6000_q-000171_r+000876,19.43016471047783,19.43016471047783,0.0,0.0,0.0,CONTROLLED,sicily,WHOLE_LAND_SINGLE_AUTHORISED_COMPONENT
h6000_q-000171_r+000877,19.41092296945572,19.41092296945572,0.0,0.0,0.0,CONTROLLED,sicily,WHOLE_LAND_SINGLE_AUTHORISED_COMPONENT
h6000_q-000171_r+000878,19.39168420336914,19.39168420336914,0.0,0.0,0.0,CONTROLLED,sicily,WHOLE_LAND_SINGLE_AUTHORISED_COMPONENT
h6000_q-000171_r+000879,19.37244845658493,19.37244845658493,0.0,0.0,0.0,CONTROLLED,sicily,WHOLE_LAND_SINGLE_AUTHORISED_COMPONENT
h6000_q-000171_r+000880,19.35321577384758,19.35321577384758,0.0,0.0,0.0,CONTROLLED,sicily,WHOLE_LAND_SINGLE_AUTHORISED_COMPONENT
h6000_q-000171_r+000881,19.333986199415207,19.333986199415207,0.0,0.0,0.0,CONTROLLED,sicily,WHOLE_LAND_SINGLE_AUTHORISED_COMPONENT
h6000_q-000171_r+000882,19.31475977763748,19.31475977763748,0.0,0.0,0.0,CONTROLLED,sicily,WHOLE_LAND_SINGLE_AUTHORISED_COMPONENT
h6000_q-000172_r+000858,14.745620878666113,14.745620878666113,0.0,0.0,0.0,CONTROLLED,sicily,WHOLE_LAND_SINGLE_AUTHORISED_COMPONENT
h6000_q-000172_r+000859,19.75768575951004,19.75768575951004,0.0,0.0,0.0,CONTROLLED,sicily,WHOLE_LAND_SINGLE_AUTHORISED_COMPONENT
h6000_q-000172_r+000860,19.73840036634445,19.73840036634445,0.0,0.0,0.0,CONTROLLED,sicily,WHOLE_LAND_SINGLE_AUTHORISED_COMPONENT
h6000_q-000172_r+000861,19.719117174589158,19.719117174589158,0.0,0.0,0.0,CONTROLLED,sicily,WHOLE_LAND_SINGLE_AUTHORISED_COMPONENT
h6000_q-000172_r+000862,19.699836230564117,19.699836230564117,0.0,0.0,0.0,CONTROLLED,sicily,WHOLE_LAND_SINGLE_AUTHORISED_COMPONENT
h6000_q-000172_r+000863,19.680557580429078,19.680557580429078,0.0,0.0,0.0,CONTROLLED,sicily,WHOLE_LAND_SINGLE_AUTHORISED_COMPONENT
h6000_q-000172_r+000864,19.66128127029419,19.66128127029419,0.0,0.0,0.0,CONTROLLED,sicily,WHOLE_LAND_SINGLE_AUTHORISED_COMPONENT
h6000_q-000172_r+000865,19.90169367595673,19.90169367595673,0.0,0.0,0.0,CONTROLLED,sicily,WHOLE_LAND_SINGLE_AUTHORISED_COMPONENT
h6000_q-000172_r+000866,20.017395530311582,20.017395530311582,0.0,0.0,0.0,CONTROLLED,sicily,WHOLE_LAND_SINGLE_AUTHORISED_COMPONENT
h6000_q-000172_r+000867,19.60346683928871,19.60346683928871,0.0,0.0,0.0,CONTROLLED,sicily,WHOLE_LAND_SINGLE_AUTHORISED_COMPONENT
h6000_q-000172_r+000868,19.58420034811592,19.58420034811592,0.0,0.0,0.0,CONTROLLED,sicily,WHOLE_LAND_SINGLE_AUTHORISED_COMPONENT
h6000_q-000172_r+000869,19.564936425849915,19.564936425849915,0.0,0.0,0.0,CONTROLLED,sicily,WHOLE_LAND_SINGLE_AUTHORISED_COMPONENT
h6000_q-000172_r+000870,19.54567511808014,19.54567511808014,0.0,0.0,0.0,CONTROLLED,sicily,WHOLE_LAND_SINGLE_AUTHORISED_COMPONENT
h6000_q-000172_r+000871,19.526416470165252,19.526416470165252,0.0,0.0,0.0,CONTROLLED,sicily,WHOLE_LAND_SINGLE_AUTHORISED_COMPONENT
h6000_q-000172_r+000872,19.50716052742386,19.50716052742386,0.0,0.0,0.0,CONTROLLED,sicily,WHOLE_LAND_SINGLE_AUTHORISED_COMPONENT
h6000_q-000172_r+000873,19.48790733503723,19.48790733503723,0.0,0.0,0.0,CONTROLLED,sicily,WHOLE_LAND_SINGLE_AUTHORISED_COMPONENT
h6000_q-000172_r+000874,19.468656938030243,19.468656938030243,0.0,0.0,0.0,CONTROLLED,sicily,WHOLE_LAND_SINGLE_AUTHORISED_COMPONENT
h6000_q-000172_r+000875,19.449409381628037,19.449409381628037,0.0,0.0,0.0,CONTROLLED,sicily,WHOLE_LAND_SINGLE_AUTHORISED_COMPONENT
h6000_q-000172_r+000876,19.430164710479737,19.430164710479737,0.0,0.0,0.0,CONTROLLED,sicily,WHOLE_LAND_SINGLE_AUTHORISED_COMPONENT
h6000_q-000172_r+000877,19.41092296946335,19.41092296946335,0.0,0.0,0.0,CONTROLLED,sicily,WHOLE_LAND_SINGLE_AUTHORISED_COMPONENT
h6000_q-000172_r+000878,19.391684203357695,19.391684203357695,0.0,0.0,0.0,CONTROLLED,sicily,WHOLE_LAND_SINGLE_AUTHORISED_COMPONENT
h6000_q-000172_r+000879,19.37244845658493,19.37244845658493,0.0,0.0,0.0,CONTROLLED,sicily,WHOLE_LAND_SINGLE_AUTHORISED_COMPONENT
h6000_q-000172_r+000880,19.35321577383423,19.35321577383423,0.0,0.0,0.0,CONTROLLED,sicily,WHOLE_LAND_SINGLE_AUTHORISED_COMPONENT
h6000_q-000172_r+000881,19.333986199417115,19.333986199417115,0.0,0.0,0.0,CONTROLLED,sicily,WHOLE_LAND_SINGLE_AUTHORISED_COMPONENT
h6000_q-000172_r+000882,16.1168262516962,16.116603377500702,0.0,0.00022287419549562036,1.3828665272864389e-05,CONTROLLED,sicily,WHOLE_LAND_SINGLE_AUTHORISED_COMPONENT
h6000_q-000173_r+000859,19.75768575951767,19.75768575951767,0.0,0.0,0.0,CONTROLLED,sicily,WHOLE_LAND_SINGLE_AUTHORISED_COMPONENT
h6000_q-000173_r+000860,19.73840036634445,19.73840036634445,0.0,0.0,0.0,CONTROLLED,sicily,WHOLE_LAND_SINGLE_AUTHORISED_COMPONENT
h6000_q-000173_r+000861,19.719117174591066,19.719117174591066,0.0,0.0,0.0,CONTROLLED,sicily,WHOLE_LAND_SINGLE_AUTHORISED_COMPONENT
h6000_q-000173_r+000862,19.69983623055649,19.69983623055649,0.0,0.0,0.0,CONTROLLED,sicily,WHOLE_LAND_SINGLE_AUTHORISED_COMPONENT
h6000_q-000173_r+000863,19.6805575804348,19.6805575804348,0.0,0.0,0.0,CONTROLLED,sicily,WHOLE_LAND_SINGLE_AUTHORISED_COMPONENT
h6000_q-000173_r+000864,19.661281270290374,19.661281270290374,0.0,0.0,0.0,CONTROLLED,sicily,WHOLE_LAND_SINGLE_AUTHORISED_COMPONENT
h6000_q-000173_r+000865,19.64200734614563,19.64200734614563,0.0,0.0,0.0,CONTROLLED,sicily,WHOLE_LAND_SINGLE_AUTHORISED_COMPONENT
h6000_q-000173_r+000866,19.622735853897094,19.622735853897094,0.0,0.0,0.0,CONTROLLED,sicily,WHOLE_LAND_SINGLE_AUTHORISED_COMPONENT
h6000_q-000173_r+000867,19.86264362665224,19.86264362665224,0.0,0.0,0.0,CONTROLLED,sicily,WHOLE_LAND_SINGLE_AUTHORISED_COMPONENT
h6000_q-000173_r+000868,19.97808498475218,19.97808498475218,0.0,0.0,0.0,CONTROLLED,sicily,WHOLE_LAND_SINGLE_AUTHORISED_COMPONENT
h6000_q-000173_r+000869,19.5649364258461,19.5649364258461,0.0,0.0,0.0,CONTROLLED,sicily,WHOLE_LAND_SINGLE_AUTHORISED_COMPONENT
h6000_q-000173_r+000870,19.545675118074417,19.545675118074417,0.0,0.0,0.0,CONTROLLED,sicily,WHOLE_LAND_SINGLE_AUTHORISED_COMPONENT
h6000_q-000173_r+000871,19.526416470157624,19.526416470157624,0.0,0.0,0.0,CONTROLLED,sicily,WHOLE_LAND_SINGLE_AUTHORISED_COMPONENT
h6000_q-000173_r+000872,19.507160527427672,19.507160527427672,0.0,0.0,0.0,CONTROLLED,sicily,WHOLE_LAND_SINGLE_AUTHORISED_COMPONENT
h6000_q-000173_r+000873,19.48790733504486,19.48790733504486,0.0,0.0,0.0,CONTROLLED,sicily,WHOLE_LAND_SINGLE_AUTHORISED_COMPONENT
h6000_q-000173_r+000874,19.46865693806076,19.46865693806076,0.0,0.0,0.0,CONTROLLED,sicily,WHOLE_LAND_SINGLE_AUTHORISED_COMPONENT
h6000_q-000173_r+000875,19.44940938162422,19.44940938162422,0.0,0.0,0.0,CONTROLLED,sicily,WHOLE_LAND_SINGLE_AUTHORISED_COMPONENT
h6000_q-000173_r+000876,19.430164710479737,19.430164710479737,0.0,0.0,0.0,CONTROLLED,sicily,WHOLE_LAND_SINGLE_AUTHORISED_COMPONENT
h6000_q-000173_r+000877,19.41092296945572,19.41092296945572,0.0,0.0,0.0,CONTROLLED,sicily,WHOLE_LAND_SINGLE_AUTHORISED_COMPONENT
h6000_q-000173_r+000878,19.391684203357695,19.391684203357695,0.0,0.0,0.0,CONTROLLED,sicily,WHOLE_LAND_SINGLE_AUTHORISED_COMPONENT
h6000_q-000173_r+000879,19.372448456596373,19.372448456596373,0.0,0.0,0.0,CONTROLLED,sicily,WHOLE_LAND_SINGLE_AUTHORISED_COMPONENT
h6000_q-000173_r+000880,19.35321577384758,19.35321577384758,0.0,0.0,0.0,CONTROLLED,sicily,WHOLE_LAND_SINGLE_AUTHORISED_COMPONENT
h6000_q-000173_r+000881,19.333986199417115,19.333986199417115,0.0,0.0,0.0,CONTROLLED,sicily,WHOLE_LAND_SINGLE_AUTHORISED_COMPONENT
h6000_q-000173_r+000882,15.546614839623683,15.546614839623683,0.0,0.0,0.0,CONTROLLED,sicily,WHOLE_LAND_SINGLE_AUTHORISED_COMPONENT
h6000_q-000174_r+000859,19.75768575951004,19.75768575951004,0.0,0.0,0.0,CONTROLLED,sicily,WHOLE_LAND_SINGLE_AUTHORISED_COMPONENT
h6000_q-000174_r+000860,19.738400366321564,19.738400366321564,0.0,0.0,0.0,CONTROLLED,sicily,WHOLE_LAND_SINGLE_AUTHORISED_COMPONENT
h6000_q-000174_r+000861,19.719117174589158,19.719117174589158,0.0,0.0,0.0,CONTROLLED,sicily,WHOLE_LAND_SINGLE_AUTHORISED_COMPONENT
h6000_q-000174_r+000862,19.69983623055649,19.69983623055649,0.0,0.0,0.0,CONTROLLED,sicily,WHOLE_LAND_SINGLE_AUTHORISED_COMPONENT
h6000_q-000174_r+000863,19.680557580429078,19.680557580429078,0.0,0.0,0.0,CONTROLLED,sicily,WHOLE_LAND_SINGLE_AUTHORISED_COMPONENT
h6000_q-000174_r+000864,19.66128127029419,19.66128127029419,0.0,0.0,0.0,CONTROLLED,sicily,WHOLE_LAND_SINGLE_AUTHORISED_COMPONENT
h6000_q-000174_r+000865,19.642007346157072,19.642007346157072,0.0,0.0,0.0,CONTROLLED,sicily,WHOLE_LAND_SINGLE_AUTHORISED_COMPONENT
h6000_q-000174_r+000866,19.622735853878023,19.622735853878023,0.0,0.0,0.0,CONTROLLED,sicily,WHOLE_LAND_SINGLE_AUTHORISED_COMPONENT
h6000_q-000174_r+000867,19.603466839286803,19.603466839286803,0.0,0.0,0.0,CONTROLLED,sicily,WHOLE_LAND_SINGLE_AUTHORISED_COMPONENT
h6000_q-000174_r+000868,19.584200348110198,19.584200348110198,0.0,0.0,0.0,CONTROLLED,sicily,WHOLE_LAND_SINGLE_AUTHORISED_COMPONENT
h6000_q-000174_r+000869,19.8236038042469,19.8236038042469,0.0,0.0,0.0,CONTROLLED,sicily,WHOLE_LAND_SINGLE_AUTHORISED_COMPONENT
h6000_q-000174_r+000870,19.93878492160559,19.93878492160559,0.0,0.0,0.0,CONTROLLED,sicily,WHOLE_LAND_SINGLE_AUTHORISED_COMPONENT
h6000_q-000174_r+000871,19.526416470170975,19.526416470170975,0.0,0.0,0.0,CONTROLLED,sicily,WHOLE_LAND_SINGLE_AUTHORISED_COMPONENT
h6000_q-000174_r+000872,19.50716052742386,19.50716052742386,0.0,0.0,0.0,CONTROLLED,sicily,WHOLE_LAND_SINGLE_AUTHORISED_COMPONENT
h6000_q-000174_r+000873,19.487907335031508,19.487907335031508,0.0,0.0,0.0,CONTROLLED,sicily,WHOLE_LAND_SINGLE_AUTHORISED_COMPONENT
h6000_q-000174_r+000874,19.46865693805313,19.46865693805313,0.0,0.0,0.0,CONTROLLED,sicily,WHOLE_LAND_SINGLE_AUTHORISED_COMPONENT
h6000_q-000174_r+000875,19.449409381637572,19.449409381637572,0.0,0.0,0.0,CONTROLLED,sicily,WHOLE_LAND_SINGLE_AUTHORISED_COMPONENT
h6000_q-000174_r+000876,19.43016471047783,19.43016471047783,0.0,0.0,0.0,CONTROLLED,sicily,WHOLE_LAND_SINGLE_AUTHORISED_COMPONENT
h6000_q-000174_r+000877,19.41092296946335,19.41092296946335,0.0,0.0,0.0,CONTROLLED,sicily,WHOLE_LAND_SINGLE_AUTHORISED_COMPONENT
h6000_q-000174_r+000878,19.39168420336914,19.39168420336914,0.0,0.0,0.0,CONTROLLED,sicily,WHOLE_LAND_SINGLE_AUTHORISED_COMPONENT
h6000_q-000174_r+000879,19.372448456615448,19.372448456615448,0.0,0.0,0.0,CONTROLLED,sicily,WHOLE_LAND_SINGLE_AUTHORISED_COMPONENT
h6000_q-000174_r+000880,19.353215773849488,19.353215773849488,0.0,0.0,0.0,CONTROLLED,sicily,WHOLE_LAND_SINGLE_AUTHORISED_COMPONENT
h6000_q-000174_r+000881,19.333986199415207,19.333986199415207,0.0,0.0,0.0,CONTROLLED,sicily,WHOLE_LAND_SINGLE_AUTHORISED_COMPONENT
h6000_q-000175_r+000859,11.709460625573277,11.709460625573277,0.0,0.0,0.0,CONTROLLED,sicily,WHOLE_LAND_SINGLE_AUTHORISED_COMPONENT
h6000_q-000175_r+000860,19.73840036634445,19.73840036634445,0.0,0.0,0.0,CONTROLLED,sicily,WHOLE_LAND_SINGLE_AUTHORISED_COMPONENT
h6000_q-000175_r+000861,19.71911717460251,19.71911717460251,0.0,0.0,0.0,CONTROLLED,sicily,WHOLE_LAND_SINGLE_AUTHORISED_COMPONENT
h6000_q-000175_r+000862,19.69983623056984,19.69983623056984,0.0,0.0,0.0,CONTROLLED,sicily,WHOLE_LAND_SINGLE_AUTHORISED_COMPONENT
h6000_q-000175_r+000863,19.6805575804348,19.6805575804348,0.0,0.0,0.0,CONTROLLED,sicily,WHOLE_LAND_SINGLE_AUTHORISED_COMPONENT
h6000_q-000175_r+000864,19.66128127029419,19.66128127029419,0.0,0.0,0.0,CONTROLLED,sicily,WHOLE_LAND_SINGLE_AUTHORISED_COMPONENT
h6000_q-000175_r+000865,19.64200734614563,19.64200734614563,0.0,0.0,0.0,CONTROLLED,sicily,WHOLE_LAND_SINGLE_AUTHORISED_COMPONENT
h6000_q-000175_r+000866,19.622735853897094,19.622735853897094,0.0,0.0,0.0,CONTROLLED,sicily,WHOLE_LAND_SINGLE_AUTHORISED_COMPONENT
h6000_q-000175_r+000867,19.60346683928871,19.60346683928871,0.0,0.0,0.0,CONTROLLED,sicily,WHOLE_LAND_SINGLE_AUTHORISED_COMPONENT
h6000_q-000175_r+000868,19.58420034811592,19.58420034811592,0.0,0.0,0.0,CONTROLLED,sicily,WHOLE_LAND_SINGLE_AUTHORISED_COMPONENT
h6000_q-000175_r+000869,19.564936425849915,19.564936425849915,0.0,0.0,0.0,CONTROLLED,sicily,WHOLE_LAND_SINGLE_AUTHORISED_COMPONENT
h6000_q-000175_r+000870,19.54567511807251,19.54567511807251,0.0,0.0,0.0,CONTROLLED,sicily,WHOLE_LAND_SINGLE_AUTHORISED_COMPONENT
h6000_q-000175_r+000871,19.78457457789755,19.78457457789755,0.0,0.0,0.0,CONTROLLED,sicily,WHOLE_LAND_SINGLE_AUTHORISED_COMPONENT
h6000_q-000175_r+000872,19.89949571180439,19.89949571180439,0.0,0.0,0.0,CONTROLLED,sicily,WHOLE_LAND_SINGLE_AUTHORISED_COMPONENT
h6000_q-000175_r+000873,19.48790733503723,19.48790733503723,0.0,0.0,0.0,CONTROLLED,sicily,WHOLE_LAND_SINGLE_AUTHORISED_COMPONENT
h6000_q-000175_r+000874,19.46865693806076,19.46865693806076,0.0,0.0,0.0,CONTROLLED,sicily,WHOLE_LAND_SINGLE_AUTHORISED_COMPONENT
h6000_q-000175_r+000875,19.449409381628037,19.449409381628037,0.0,0.0,0.0,CONTROLLED,sicily,WHOLE_LAND_SINGLE_AUTHORISED_COMPONENT
h6000_q-000175_r+000876,19.430164710479737,19.430164710479737,0.0,0.0,0.0,CONTROLLED,sicily,WHOLE_LAND_SINGLE_AUTHORISED_COMPONENT
h6000_q-000175_r+000877,19.41092296945572,19.41092296945572,0.0,0.0,0.0,CONTROLLED,sicily,WHOLE_LAND_SINGLE_AUTHORISED_COMPONENT
h6000_q-000175_r+000878,19.391684203357695,19.391684203357695,0.0,0.0,0.0,CONTROLLED,sicily,WHOLE_LAND_SINGLE_AUTHORISED_COMPONENT
h6000_q-000175_r+000879,19.372448456596373,19.372448456596373,0.0,0.0,0.0,CONTROLLED,sicily,WHOLE_LAND_SINGLE_AUTHORISED_COMPONENT
h6000_q-000175_r+000880,19.35321577383423,19.35321577383423,0.0,0.0,0.0,CONTROLLED,sicily,WHOLE_LAND_SINGLE_AUTHORISED_COMPONENT
h6000_q-000175_r+000881,18.885806873259217,18.885806873259217,0.0,0.0,0.0,CONTROLLED,sicily,WHOLE_LAND_SINGLE_AUTHORISED_COMPONENT
h6000_q-000176_r+000860,19.738400366340638,19.738400366340638,0.0,0.0,0.0,CONTROLLED,sicily,WHOLE_LAND_SINGLE_AUTHORISED_COMPONENT
h6000_q-000176_r+000861,19.719117174591066,19.719117174591066,0.0,0.0,0.0,CONTROLLED,sicily,WHOLE_LAND_SINGLE_AUTHORISED_COMPONENT
h6000_q-000176_r+000862,19.69983623055649,19.69983623055649,0.0,0.0,0.0,CONTROLLED,sicily,WHOLE_LAND_SINGLE_AUTHORISED_COMPONENT
h6000_q-000176_r+000863,19.68055758044052,19.68055758044052,0.0,0.0,0.0,CONTROLLED,sicily,WHOLE_LAND_SINGLE_AUTHORISED_COMPONENT
h6000_q-000176_r+000864,19.661281270269395,19.661281270269395,0.0,0.0,0.0,CONTROLLED,sicily,WHOLE_LAND_SINGLE_AUTHORISED_COMPONENT
h6000_q-000176_r+000865,19.642007346157072,19.642007346157072,0.0,0.0,0.0,CONTROLLED,sicily,WHOLE_LAND_SINGLE_AUTHORISED_COMPONENT
h6000_q-000176_r+000866,19.622735853897094,19.622735853897094,0.0,0.0,0.0,CONTROLLED,sicily,WHOLE_LAND_SINGLE_AUTHORISED_COMPONENT
h6000_q-000176_r+000867,19.603466839286803,19.603466839286803,0.0,0.0,0.0,CONTROLLED,sicily,WHOLE_LAND_SINGLE_AUTHORISED_COMPONENT
h6000_q-000176_r+000868,19.584200348110198,19.584200348110198,0.0,0.0,0.0,CONTROLLED,sicily,WHOLE_LAND_SINGLE_AUTHORISED_COMPONENT
h6000_q-000176_r+000869,19.5649364258461,19.5649364258461,0.0,0.0,0.0,CONTROLLED,sicily,WHOLE_LAND_SINGLE_AUTHORISED_COMPONENT
h6000_q-000176_r+000870,19.545675118074417,19.545675118074417,0.0,0.0,0.0,CONTROLLED,sicily,WHOLE_LAND_SINGLE_AUTHORISED_COMPONENT
h6000_q-000176_r+000871,19.526416470165252,19.526416470165252,0.0,0.0,0.0,CONTROLLED,sicily,WHOLE_LAND_SINGLE_AUTHORISED_COMPONENT
h6000_q-000176_r+000872,19.507160527435303,19.507160527435303,0.0,0.0,0.0,CONTROLLED,sicily,WHOLE_LAND_SINGLE_AUTHORISED_COMPONENT
h6000_q-000176_r+000873,19.745556315091612,19.745556315091612,0.0,0.0,0.0,CONTROLLED,sicily,WHOLE_LAND_SINGLE_AUTHORISED_COMPONENT
h6000_q-000176_r+000874,19.860217724576472,19.860217724576472,0.0,0.0,0.0,CONTROLLED,sicily,WHOLE_LAND_SINGLE_AUTHORISED_COMPONENT
h6000_q-000176_r+000875,19.44940938162422,19.44940938162422,0.0,0.0,0.0,CONTROLLED,sicily,WHOLE_LAND_SINGLE_AUTHORISED_COMPONENT
h6000_q-000176_r+000876,19.43016471047783,19.43016471047783,0.0,0.0,0.0,CONTROLLED,sicily,WHOLE_LAND_SINGLE_AUTHORISED_COMPONENT
h6000_q-000176_r+000877,19.41092296945572,19.41092296945572,0.0,0.0,0.0,CONTROLLED,sicily,WHOLE_LAND_SINGLE_AUTHORISED_COMPONENT
h6000_q-000176_r+000878,19.391684203357695,19.391684203357695,0.0,0.0,0.0,CONTROLLED,sicily,WHOLE_LAND_SINGLE_AUTHORISED_COMPONENT
h6000_q-000176_r+000879,19.37244845658493,19.37244845658493,0.0,0.0,0.0,CONTROLLED,sicily,WHOLE_LAND_SINGLE_AUTHORISED_COMPONENT
h6000_q-000176_r+000880,19.35321577384758,19.35321577384758,0.0,0.0,0.0,CONTROLLED,sicily,WHOLE_LAND_SINGLE_AUTHORISED_COMPONENT
h6000_q-000176_r+000881,19.05485855867391,19.05485855867391,0.0,0.0,0.0,CONTROLLED,sicily,WHOLE_LAND_SINGLE_AUTHORISED_COMPONENT
h6000_q-000177_r+000861,19.719117174589158,19.719117174589158,0.0,0.0,0.0,CONTROLLED,sicily,WHOLE_LAND_SINGLE_AUTHORISED_COMPONENT
h6000_q-000177_r+000862,19.699836230564117,19.699836230564117,0.0,0.0,0.0,CONTROLLED,sicily,WHOLE_LAND_SINGLE_AUTHORISED_COMPONENT
h6000_q-000177_r+000863,19.680557580429078,19.680557580429078,0.0,0.0,0.0,CONTROLLED,sicily,WHOLE_LAND_SINGLE_AUTHORISED_COMPONENT
h6000_q-000177_r+000864,19.66128127029419,19.66128127029419,0.0,0.0,0.0,CONTROLLED,sicily,WHOLE_LAND_SINGLE_AUTHORISED_COMPONENT
h6000_q-000177_r+000865,19.642007346147537,19.642007346147537,0.0,0.0,0.0,CONTROLLED,sicily,WHOLE_LAND_SINGLE_AUTHORISED_COMPONENT
h6000_q-000177_r+000866,19.622735853868484,19.622735853868484,0.0,0.0,0.0,CONTROLLED,sicily,WHOLE_LAND_SINGLE_AUTHORISED_COMPONENT
h6000_q-000177_r+000867,19.60346683928871,19.60346683928871,0.0,0.0,0.0,CONTROLLED,sicily,WHOLE_LAND_SINGLE_AUTHORISED_COMPONENT
h6000_q-000177_r+000868,19.584200348110198,19.584200348110198,0.0,0.0,0.0,CONTROLLED,sicily,WHOLE_LAND_SINGLE_AUTHORISED_COMPONENT
h6000_q-000177_r+000869,19.564936425849915,19.564936425849915,0.0,0.0,0.0,CONTROLLED,sicily,WHOLE_LAND_SINGLE_AUTHORISED_COMPONENT
h6000_q-000177_r+000870,19.54567511807251,19.54567511807251,0.0,0.0,0.0,CONTROLLED,sicily,WHOLE_LAND_SINGLE_AUTHORISED_COMPONENT
h6000_q-000177_r+000871,19.526416470170975,19.526416470170975,0.0,0.0,0.0,CONTROLLED,sicily,WHOLE_LAND_SINGLE_AUTHORISED_COMPONENT
h6000_q-000177_r+000872,19.50716052742386,19.50716052742386,0.0,0.0,0.0,CONTROLLED,sicily,WHOLE_LAND_SINGLE_AUTHORISED_COMPONENT
h6000_q-000177_r+000873,19.48790733504486,19.48790733504486,0.0,0.0,0.0,CONTROLLED,sicily,WHOLE_LAND_SINGLE_AUTHORISED_COMPONENT
h6000_q-000177_r+000874,19.468656938030243,19.468656938030243,0.0,0.0,0.0,CONTROLLED,sicily,WHOLE_LAND_SINGLE_AUTHORISED_COMPONENT
h6000_q-000177_r+000875,19.706549381866456,19.706549381866456,0.0,0.0,0.0,CONTROLLED,sicily,WHOLE_LAND_SINGLE_AUTHORISED_COMPONENT
h6000_q-000177_r+000876,19.820951327634333,19.820951327634333,0.0,0.0,0.0,CONTROLLED,sicily,WHOLE_LAND_SINGLE_AUTHORISED_COMPONENT
h6000_q-000177_r+000877,19.41092296946335,19.41092296946335,0.0,0.0,0.0,CONTROLLED,sicily,WHOLE_LAND_SINGLE_AUTHORISED_COMPONENT
h6000_q-000177_r+000878,19.391684203357695,19.391684203357695,0.0,0.0,0.0,CONTROLLED,sicily,WHOLE_LAND_SINGLE_AUTHORISED_COMPONENT
h6000_q-000177_r+000879,19.372448456615448,19.372448456615448,0.0,0.0,0.0,CONTROLLED,sicily,WHOLE_LAND_SINGLE_AUTHORISED_COMPONENT
h6000_q-000177_r+000880,19.353215773849488,19.353215773849488,0.0,0.0,0.0,CONTROLLED,sicily,WHOLE_LAND_SINGLE_AUTHORISED_COMPONENT
h6000_q-000177_r+000881,19.333986199417115,19.333986199417115,0.0,0.0,0.0,CONTROLLED,sicily,WHOLE_LAND_SINGLE_AUTHORISED_COMPONENT
h6000_q-000178_r+000861,11.347242645498888,11.347242645498888,0.0,0.0,0.0,CONTROLLED,sicily,WHOLE_LAND_SINGLE_AUTHORISED_COMPONENT
h6000_q-000178_r+000862,19.69983623055649,19.69983623055649,0.0,0.0,0.0,CONTROLLED,sicily,WHOLE_LAND_SINGLE_AUTHORISED_COMPONENT
h6000_q-000178_r+000863,19.6805575804348,19.6805575804348,0.0,0.0,0.0,CONTROLLED,sicily,WHOLE_LAND_SINGLE_AUTHORISED_COMPONENT
h6000_q-000178_r+000864,19.661281270290374,19.661281270290374,0.0,0.0,0.0,CONTROLLED,sicily,WHOLE_LAND_SINGLE_AUTHORISED_COMPONENT
h6000_q-000178_r+000865,19.64200734614563,19.64200734614563,0.0,0.0,0.0,CONTROLLED,sicily,WHOLE_LAND_SINGLE_AUTHORISED_COMPONENT
h6000_q-000178_r+000866,19.622735853897094,19.622735853897094,0.0,0.0,0.0,CONTROLLED,sicily,WHOLE_LAND_SINGLE_AUTHORISED_COMPONENT
h6000_q-000178_r+000867,19.60346683928871,19.60346683928871,0.0,0.0,0.0,CONTROLLED,sicily,WHOLE_LAND_SINGLE_AUTHORISED_COMPONENT
h6000_q-000178_r+000868,19.584200348121644,19.584200348121644,0.0,0.0,0.0,CONTROLLED,sicily,WHOLE_LAND_SINGLE_AUTHORISED_COMPONENT
h6000_q-000178_r+000869,19.5649364258461,19.5649364258461,0.0,0.0,0.0,CONTROLLED,sicily,WHOLE_LAND_SINGLE_AUTHORISED_COMPONENT
h6000_q-000178_r+000870,19.54567511807251,19.54567511807251,0.0,0.0,0.0,CONTROLLED,sicily,WHOLE_LAND_SINGLE_AUTHORISED_COMPONENT
h6000_q-000178_r+000871,19.526416470165252,19.526416470165252,0.0,0.0,0.0,CONTROLLED,sicily,WHOLE_LAND_SINGLE_AUTHORISED_COMPONENT
h6000_q-000178_r+000872,19.507160527435303,19.507160527435303,0.0,0.0,0.0,CONTROLLED,sicily,WHOLE_LAND_SINGLE_AUTHORISED_COMPONENT
h6000_q-000178_r+000873,19.48790733503723,19.48790733503723,0.0,0.0,0.0,CONTROLLED,sicily,WHOLE_LAND_SINGLE_AUTHORISED_COMPONENT
h6000_q-000178_r+000874,19.46865693806076,19.46865693806076,0.0,0.0,0.0,CONTROLLED,sicily,WHOLE_LAND_SINGLE_AUTHORISED_COMPONENT
h6000_q-000178_r+000875,19.449409381637572,19.449409381637572,0.0,0.0,0.0,CONTROLLED,sicily,WHOLE_LAND_SINGLE_AUTHORISED_COMPONENT
h6000_q-000178_r+000876,19.430164710479737,19.430164710479737,0.0,0.0,0.0,CONTROLLED,sicily,WHOLE_LAND_SINGLE_AUTHORISED_COMPONENT
h6000_q-000178_r+000877,19.667554142473698,19.667554142473698,0.0,0.0,0.0,CONTROLLED,sicily,WHOLE_LAND_SINGLE_AUTHORISED_COMPONENT
h6000_q-000178_r+000878,19.78169688687563,19.78169688687563,0.0,0.0,0.0,CONTROLLED,sicily,WHOLE_LAND_SINGLE_AUTHORISED_COMPONENT
h6000_q-000178_r+000879,19.372448456596373,19.372448456596373,0.0,0.0,0.0,CONTROLLED,sicily,WHOLE_LAND_SINGLE_AUTHORISED_COMPONENT
h6000_q-000178_r+000880,19.35321577384758,19.35321577384758,0.0,0.0,0.0,CONTROLLED,sicily,WHOLE_LAND_SINGLE_AUTHORISED_COMPONENT
h6000_q-000178_r+000881,19.333986199415207,19.333986199415207,0.0,0.0,0.0,CONTROLLED,sicily,WHOLE_LAND_SINGLE_AUTHORISED_COMPONENT
h6000_q-000179_r+000862,17.918220856807533,17.918220856807533,0.0,0.0,0.0,CONTROLLED,sicily,WHOLE_LAND_SINGLE_AUTHORISED_COMPONENT
h6000_q-000179_r+000863,19.680557580429078,19.680557580429078,0.0,0.0,0.0,CONTROLLED,sicily,WHOLE_LAND_SINGLE_AUTHORISED_COMPONENT
h6000_q-000179_r+000864,19.66128127029419,19.66128127029419,0.0,0.0,0.0,CONTROLLED,sicily,WHOLE_LAND_SINGLE_AUTHORISED_COMPONENT
h6000_q-000179_r+000865,19.642007346157072,19.642007346157072,0.0,0.0,0.0,CONTROLLED,sicily,WHOLE_LAND_SINGLE_AUTHORISED_COMPONENT
h6000_q-000179_r+000866,19.622735853878023,19.622735853878023,0.0,0.0,0.0,CONTROLLED,sicily,WHOLE_LAND_SINGLE_AUTHORISED_COMPONENT
h6000_q-000179_r+000867,19.603466839286803,19.603466839286803,0.0,0.0,0.0,CONTROLLED,sicily,WHOLE_LAND_SINGLE_AUTHORISED_COMPONENT
h6000_q-000179_r+000868,19.584200348110198,19.584200348110198,0.0,0.0,0.0,CONTROLLED,sicily,WHOLE_LAND_SINGLE_AUTHORISED_COMPONENT
h6000_q-000179_r+000869,19.564936425849915,19.564936425849915,0.0,0.0,0.0,CONTROLLED,sicily,WHOLE_LAND_SINGLE_AUTHORISED_COMPONENT
h6000_q-000179_r+000870,19.54567511808205,19.54567511808205,0.0,0.0,0.0,CONTROLLED,sicily,WHOLE_LAND_SINGLE_AUTHORISED_COMPONENT
h6000_q-000179_r+000871,19.526416470170975,19.526416470170975,0.0,0.0,0.0,CONTROLLED,sicily,WHOLE_LAND_SINGLE_AUTHORISED_COMPONENT
h6000_q-000179_r+000872,19.507160527435303,19.507160527435303,0.0,0.0,0.0,CONTROLLED,sicily,WHOLE_LAND_SINGLE_AUTHORISED_COMPONENT
h6000_q-000179_r+000873,19.48790733504486,19.48790733504486,0.0,0.0,0.0,CONTROLLED,sicily,WHOLE_LAND_SINGLE_AUTHORISED_COMPONENT
h6000_q-000179_r+000874,19.468656938030243,19.468656938030243,0.0,0.0,0.0,CONTROLLED,sicily,WHOLE_LAND_SINGLE_AUTHORISED_COMPONENT
h6000_q-000179_r+000875,19.44940938162422,19.44940938162422,0.0,0.0,0.0,CONTROLLED,sicily,WHOLE_LAND_SINGLE_AUTHORISED_COMPONENT
h6000_q-000179_r+000876,19.43016471047783,19.43016471047783,0.0,0.0,0.0,CONTROLLED,sicily,WHOLE_LAND_SINGLE_AUTHORISED_COMPONENT
h6000_q-000179_r+000877,19.41092296945572,19.41092296945572,0.0,0.0,0.0,CONTROLLED,sicily,WHOLE_LAND_SINGLE_AUTHORISED_COMPONENT
h6000_q-000179_r+000878,19.39168420336914,19.39168420336914,0.0,0.0,0.0,CONTROLLED,sicily,WHOLE_LAND_SINGLE_AUTHORISED_COMPONENT
h6000_q-000179_r+000879,19.62857095970297,19.62857095970297,0.0,0.0,0.0,CONTROLLED,sicily,WHOLE_LAND_SINGLE_AUTHORISED_COMPONENT
h6000_q-000179_r+000880,19.742454766625407,19.742454766625407,0.0,0.0,0.0,CONTROLLED,sicily,WHOLE_LAND_SINGLE_AUTHORISED_COMPONENT
h6000_q-000179_r+000881,19.333986199415207,19.333986199415207,0.0,0.0,0.0,CONTROLLED,sicily,WHOLE_LAND_SINGLE_AUTHORISED_COMPONENT
h6000_q-000180_r+000863,19.680557580429078,19.680557580429078,0.0,0.0,0.0,CONTROLLED,sicily,WHOLE_LAND_SINGLE_AUTHORISED_COMPONENT
h6000_q-000180_r+000864,19.66128127029419,19.66128127029419,0.0,0.0,0.0,CONTROLLED,sicily,WHOLE_LAND_SINGLE_AUTHORISED_COMPONENT
h6000_q-000180_r+000865,19.64200734614563,19.64200734614563,0.0,0.0,0.0,CONTROLLED,sicily,WHOLE_LAND_SINGLE_AUTHORISED_COMPONENT
h6000_q-000180_r+000866,19.622735853897094,19.622735853897094,0.0,0.0,0.0,CONTROLLED,sicily,WHOLE_LAND_SINGLE_AUTHORISED_COMPONENT
h6000_q-000180_r+000867,19.60346683928871,19.60346683928871,0.0,0.0,0.0,CONTROLLED,sicily,WHOLE_LAND_SINGLE_AUTHORISED_COMPONENT
h6000_q-000180_r+000868,19.58420034811592,19.58420034811592,0.0,0.0,0.0,CONTROLLED,sicily,WHOLE_LAND_SINGLE_AUTHORISED_COMPONENT
h6000_q-000180_r+000869,19.564936425849915,19.564936425849915,0.0,0.0,0.0,CONTROLLED,sicily,WHOLE_LAND_SINGLE_AUTHORISED_COMPONENT
h6000_q-000180_r+000870,19.54567511807251,19.54567511807251,0.0,0.0,0.0,CONTROLLED,sicily,WHOLE_LAND_SINGLE_AUTHORISED_COMPONENT
h6000_q-000180_r+000871,19.526416470157624,19.526416470157624,0.0,0.0,0.0,CONTROLLED,sicily,WHOLE_LAND_SINGLE_AUTHORISED_COMPONENT
h6000_q-000180_r+000872,19.50716052741623,19.50716052741623,0.0,0.0,0.0,CONTROLLED,sicily,WHOLE_LAND_SINGLE_AUTHORISED_COMPONENT
h6000_q-000180_r+000873,19.48790733503723,19.48790733503723,0.0,0.0,0.0,CONTROLLED,sicily,WHOLE_LAND_SINGLE_AUTHORISED_COMPONENT
h6000_q-000180_r+000874,19.468656938030243,19.468656938030243,0.0,0.0,0.0,CONTROLLED,sicily,WHOLE_LAND_SINGLE_AUTHORISED_COMPONENT
h6000_q-000180_r+000875,19.449409381637572,19.449409381637572,0.0,0.0,0.0,CONTROLLED,sicily,WHOLE_LAND_SINGLE_AUTHORISED_COMPONENT
h6000_q-000180_r+000876,19.430164710479737,19.430164710479737,0.0,0.0,0.0,CONTROLLED,sicily,WHOLE_LAND_SINGLE_AUTHORISED_COMPONENT
h6000_q-000180_r+000877,19.41092296946335,19.41092296946335,0.0,0.0,0.0,CONTROLLED,sicily,WHOLE_LAND_SINGLE_AUTHORISED_COMPONENT
h6000_q-000180_r+000878,19.391684203357695,19.391684203357695,0.0,0.0,0.0,CONTROLLED,sicily,WHOLE_LAND_SINGLE_AUTHORISED_COMPONENT
h6000_q-000180_r+000879,19.37244845658493,19.37244845658493,0.0,0.0,0.0,CONTROLLED,sicily,WHOLE_LAND_SINGLE_AUTHORISED_COMPONENT
h6000_q-000180_r+000880,19.35321577383423,19.35321577383423,0.0,0.0,0.0,CONTROLLED,sicily,WHOLE_LAND_SINGLE_AUTHORISED_COMPONENT
h6000_q-000180_r+000881,19.589600194642067,19.589600194642067,0.0,0.0,0.0,CONTROLLED,sicily,WHOLE_LAND_SINGLE_AUTHORISED_COMPONENT
h6000_q-000181_r+000863,19.6805575804348,19.6805575804348,0.0,0.0,0.0,CONTROLLED,sicily,WHOLE_LAND_SINGLE_AUTHORISED_COMPONENT
h6000_q-000181_r+000864,19.661281270290374,19.661281270290374,0.0,0.0,0.0,CONTROLLED,sicily,WHOLE_LAND_SINGLE_AUTHORISED_COMPONENT
h6000_q-000181_r+000865,19.64200734614563,19.64200734614563,0.0,0.0,0.0,CONTROLLED,sicily,WHOLE_LAND_SINGLE_AUTHORISED_COMPONENT
h6000_q-000181_r+000866,19.622735853897094,19.622735853897094,0.0,0.0,0.0,CONTROLLED,sicily,WHOLE_LAND_SINGLE_AUTHORISED_COMPONENT
h6000_q-000181_r+000867,19.603466839286803,19.603466839286803,0.0,0.0,0.0,CONTROLLED,sicily,WHOLE_LAND_SINGLE_AUTHORISED_COMPONENT
h6000_q-000181_r+000868,19.584200348110198,19.584200348110198,0.0,0.0,0.0,CONTROLLED,sicily,WHOLE_LAND_SINGLE_AUTHORISED_COMPONENT
h6000_q-000181_r+000869,19.5649364258461,19.5649364258461,0.0,0.0,0.0,CONTROLLED,sicily,WHOLE_LAND_SINGLE_AUTHORISED_COMPONENT
h6000_q-000181_r+000870,19.545675118074417,19.545675118074417,0.0,0.0,0.0,CONTROLLED,sicily,WHOLE_LAND_SINGLE_AUTHORISED_COMPONENT
h6000_q-000181_r+000871,19.526416470165252,19.526416470165252,0.0,0.0,0.0,CONTROLLED,sicily,WHOLE_LAND_SINGLE_AUTHORISED_COMPONENT
h6000_q-000181_r+000872,19.507160527435303,19.507160527435303,0.0,0.0,0.0,CONTROLLED,sicily,WHOLE_LAND_SINGLE_AUTHORISED_COMPONENT
h6000_q-000181_r+000873,19.487907335031508,19.487907335031508,0.0,0.0,0.0,CONTROLLED,sicily,WHOLE_LAND_SINGLE_AUTHORISED_COMPONENT
h6000_q-000181_r+000874,19.468656938083647,19.468656938083647,0.0,0.0,0.0,CONTROLLED,sicily,WHOLE_LAND_SINGLE_AUTHORISED_COMPONENT
h6000_q-000181_r+000875,19.44940938162422,19.44940938162422,0.0,0.0,0.0,CONTROLLED,sicily,WHOLE_LAND_SINGLE_AUTHORISED_COMPONENT
h6000_q-000181_r+000876,19.430164710479737,19.430164710479737,0.0,0.0,0.0,CONTROLLED,sicily,WHOLE_LAND_SINGLE_AUTHORISED_COMPONENT
h6000_q-000181_r+000877,19.41092296945572,19.41092296945572,0.0,0.0,0.0,CONTROLLED,sicily,WHOLE_LAND_SINGLE_AUTHORISED_COMPONENT
h6000_q-000181_r+000878,19.39168420336914,19.39168420336914,0.0,0.0,0.0,CONTROLLED,sicily,WHOLE_LAND_SINGLE_AUTHORISED_COMPONENT
h6000_q-000181_r+000879,19.372448456596373,19.372448456596373,0.0,0.0,0.0,CONTROLLED,sicily,WHOLE_LAND_SINGLE_AUTHORISED_COMPONENT
h6000_q-000181_r+000880,19.35321577384758,19.35321577384758,0.0,0.0,0.0,CONTROLLED,sicily,WHOLE_LAND_SINGLE_AUTHORISED_COMPONENT
h6000_q-000181_r+000881,19.333986199417115,19.333986199417115,0.0,0.0,0.0,CONTROLLED,sicily,WHOLE_LAND_SINGLE_AUTHORISED_COMPONENT
h6000_q-000181_r+000882,14.921924613748205,14.919622651668696,0.0,0.002301962079508696,0.00015426710287678308,CONTROLLED,sicily,WHOLE_LAND_SINGLE_AUTHORISED_COMPONENT
h6000_q-000182_r+000863,19.50172240130818,19.50172240130818,0.0,0.0,0.0,CONTROLLED,sicily,WHOLE_LAND_SINGLE_AUTHORISED_COMPONENT
h6000_q-000182_r+000864,19.66128127029419,19.66128127029419,0.0,0.0,0.0,CONTROLLED,sicily,WHOLE_LAND_SINGLE_AUTHORISED_COMPONENT
h6000_q-000182_r+000865,19.642007346157072,19.642007346157072,0.0,0.0,0.0,CONTROLLED,sicily,WHOLE_LAND_SINGLE_AUTHORISED_COMPONENT
h6000_q-000182_r+000866,19.622735853878023,19.622735853878023,0.0,0.0,0.0,CONTROLLED,sicily,WHOLE_LAND_SINGLE_AUTHORISED_COMPONENT
h6000_q-000182_r+000867,19.603466839286803,19.603466839286803,0.0,0.0,0.0,CONTROLLED,sicily,WHOLE_LAND_SINGLE_AUTHORISED_COMPONENT
h6000_q-000182_r+000868,19.584200348110198,19.584200348110198,0.0,0.0,0.0,CONTROLLED,sicily,WHOLE_LAND_SINGLE_AUTHORISED_COMPONENT
h6000_q-000182_r+000869,19.564936425849915,19.564936425849915,0.0,0.0,0.0,CONTROLLED,sicily,WHOLE_LAND_SINGLE_AUTHORISED_COMPONENT
h6000_q-000182_r+000870,19.54567511807251,19.54567511807251,0.0,0.0,0.0,CONTROLLED,sicily,WHOLE_LAND_SINGLE_AUTHORISED_COMPONENT
h6000_q-000182_r+000871,19.526416470170975,19.526416470170975,0.0,0.0,0.0,CONTROLLED,sicily,WHOLE_LAND_SINGLE_AUTHORISED_COMPONENT
h6000_q-000182_r+000872,19.50716052742386,19.50716052742386,0.0,0.0,0.0,CONTROLLED,sicily,WHOLE_LAND_SINGLE_AUTHORISED_COMPONENT
h6000_q-000182_r+000873,19.48790733504486,19.48790733504486,0.0,0.0,0.0,CONTROLLED,sicily,WHOLE_LAND_SINGLE_AUTHORISED_COMPONENT
h6000_q-000182_r+000874,19.468656938030243,19.468656938030243,0.0,0.0,0.0,CONTROLLED,sicily,WHOLE_LAND_SINGLE_AUTHORISED_COMPONENT
h6000_q-000182_r+000875,19.449409381628037,19.449409381628037,0.0,0.0,0.0,CONTROLLED,sicily,WHOLE_LAND_SINGLE_AUTHORISED_COMPONENT
h6000_q-000182_r+000876,19.43016471047783,19.43016471047783,0.0,0.0,0.0,CONTROLLED,sicily,WHOLE_LAND_SINGLE_AUTHORISED_COMPONENT
h6000_q-000182_r+000877,19.41092296946335,19.41092296946335,0.0,0.0,0.0,CONTROLLED,sicily,WHOLE_LAND_SINGLE_AUTHORISED_COMPONENT
h6000_q-000182_r+000878,19.39168420336914,19.39168420336914,0.0,0.0,0.0,CONTROLLED,sicily,WHOLE_LAND_SINGLE_AUTHORISED_COMPONENT
h6000_q-000182_r+000879,19.37244845658493,19.37244845658493,0.0,0.0,0.0,CONTROLLED,sicily,WHOLE_LAND_SINGLE_AUTHORISED_COMPONENT
h6000_q-000182_r+000880,19.35321577383423,19.35321577383423,0.0,0.0,0.0,CONTROLLED,sicily,WHOLE_LAND_SINGLE_AUTHORISED_COMPONENT
h6000_q-000182_r+000881,19.333986199415207,19.333986199415207,0.0,0.0,0.0,CONTROLLED,sicily,WHOLE_LAND_SINGLE_AUTHORISED_COMPONENT
h6000_q-000182_r+000882,11.661306413304192,11.661306413304192,0.0,0.0,0.0,CONTROLLED,sicily,WHOLE_LAND_SINGLE_AUTHORISED_COMPONENT
h6000_q-000183_r+000864,19.66128127029419,19.66128127029419,0.0,0.0,0.0,CONTROLLED,sicily,WHOLE_LAND_SINGLE_AUTHORISED_COMPONENT
h6000_q-000183_r+000865,19.64200734614563,19.64200734614563,0.0,0.0,0.0,CONTROLLED,sicily,WHOLE_LAND_SINGLE_AUTHORISED_COMPONENT
h6000_q-000183_r+000866,19.622735853897094,19.622735853897094,0.0,0.0,0.0,CONTROLLED,sicily,WHOLE_LAND_SINGLE_AUTHORISED_COMPONENT
h6000_q-000183_r+000867,19.60346683928871,19.60346683928871,0.0,0.0,0.0,CONTROLLED,sicily,WHOLE_LAND_SINGLE_AUTHORISED_COMPONENT
h6000_q-000183_r+000868,19.58420034811592,19.58420034811592,0.0,0.0,0.0,CONTROLLED,sicily,WHOLE_LAND_SINGLE_AUTHORISED_COMPONENT
h6000_q-000183_r+000869,19.564936425849915,19.564936425849915,0.0,0.0,0.0,CONTROLLED,sicily,WHOLE_LAND_SINGLE_AUTHORISED_COMPONENT
h6000_q-000183_r+000870,19.54567511807251,19.54567511807251,0.0,0.0,0.0,CONTROLLED,sicily,WHOLE_LAND_SINGLE_AUTHORISED_COMPONENT
h6000_q-000183_r+000871,19.526416470165252,19.526416470165252,0.0,0.0,0.0,CONTROLLED,sicily,WHOLE_LAND_SINGLE_AUTHORISED_COMPONENT
h6000_q-000183_r+000872,19.507160527435303,19.507160527435303,0.0,0.0,0.0,CONTROLLED,sicily,WHOLE_LAND_SINGLE_AUTHORISED_COMPONENT
h6000_q-000183_r+000873,19.48790733503723,19.48790733503723,0.0,0.0,0.0,CONTROLLED,sicily,WHOLE_LAND_SINGLE_AUTHORISED_COMPONENT
h6000_q-000183_r+000874,19.46865693806076,19.46865693806076,0.0,0.0,0.0,CONTROLLED,sicily,WHOLE_LAND_SINGLE_AUTHORISED_COMPONENT
h6000_q-000183_r+000875,19.449409381637572,19.449409381637572,0.0,0.0,0.0,CONTROLLED,sicily,WHOLE_LAND_SINGLE_AUTHORISED_COMPONENT
h6000_q-000183_r+000876,19.430164710479737,19.430164710479737,0.0,0.0,0.0,CONTROLLED,sicily,WHOLE_LAND_SINGLE_AUTHORISED_COMPONENT
h6000_q-000183_r+000877,19.41092296945572,19.41092296945572,0.0,0.0,0.0,CONTROLLED,sicily,WHOLE_LAND_SINGLE_AUTHORISED_COMPONENT
h6000_q-000183_r+000878,19.39168420334625,19.39168420334625,0.0,0.0,0.0,CONTROLLED,sicily,WHOLE_LAND_SINGLE_AUTHORISED_COMPONENT
h6000_q-000183_r+000879,19.372448456596373,19.372448456596373,0.0,0.0,0.0,CONTROLLED,sicily,WHOLE_LAND_SINGLE_AUTHORISED_COMPONENT
h6000_q-000183_r+000880,19.35321577383423,19.35321577383423,0.0,0.0,0.0,CONTROLLED,sicily,WHOLE_LAND_SINGLE_AUTHORISED_COMPONENT
h6000_q-000183_r+000881,14.181087319306851,14.181087319306851,0.0,0.0,0.0,CONTROLLED,sicily,WHOLE_LAND_SINGLE_AUTHORISED_COMPONENT
h6000_q-000184_r+000864,14.933089243999518,14.933089243999518,0.0,0.0,0.0,CONTROLLED,sicily,WHOLE_LAND_SINGLE_AUTHORISED_COMPONENT
h6000_q-000184_r+000865,19.64200734614563,19.64200734614563,0.0,0.0,0.0,CONTROLLED,sicily,WHOLE_LAND_SINGLE_AUTHORISED_COMPONENT
h6000_q-000184_r+000866,19.622735853897094,19.622735853897094,0.0,0.0,0.0,CONTROLLED,sicily,WHOLE_LAND_SINGLE_AUTHORISED_COMPONENT
h6000_q-000184_r+000867,19.603466839286803,19.603466839286803,0.0,0.0,0.0,CONTROLLED,sicily,WHOLE_LAND_SINGLE_AUTHORISED_COMPONENT
h6000_q-000184_r+000868,19.584200348110198,19.584200348110198,0.0,0.0,0.0,CONTROLLED,sicily,WHOLE_LAND_SINGLE_AUTHORISED_COMPONENT
h6000_q-000184_r+000869,19.5649364258461,19.5649364258461,0.0,0.0,0.0,CONTROLLED,sicily,WHOLE_LAND_SINGLE_AUTHORISED_COMPONENT
h6000_q-000184_r+000870,19.545675118074417,19.545675118074417,0.0,0.0,0.0,CONTROLLED,sicily,WHOLE_LAND_SINGLE_AUTHORISED_COMPONENT
h6000_q-000184_r+000871,19.526416470165252,19.526416470165252,0.0,0.0,0.0,CONTROLLED,sicily,WHOLE_LAND_SINGLE_AUTHORISED_COMPONENT
h6000_q-000184_r+000872,19.507160527435303,19.507160527435303,0.0,0.0,0.0,CONTROLLED,sicily,WHOLE_LAND_SINGLE_AUTHORISED_COMPONENT
h6000_q-000184_r+000873,19.48790733504486,19.48790733504486,0.0,0.0,0.0,CONTROLLED,sicily,WHOLE_LAND_SINGLE_AUTHORISED_COMPONENT
h6000_q-000184_r+000874,19.468656938030243,19.468656938030243,0.0,0.0,0.0,CONTROLLED,sicily,WHOLE_LAND_SINGLE_AUTHORISED_COMPONENT
h6000_q-000184_r+000875,19.44940938162422,19.44940938162422,0.0,0.0,0.0,CONTROLLED,sicily,WHOLE_LAND_SINGLE_AUTHORISED_COMPONENT
h6000_q-000184_r+000876,19.43016471047783,19.43016471047783,0.0,0.0,0.0,CONTROLLED,sicily,WHOLE_LAND_SINGLE_AUTHORISED_COMPONENT
h6000_q-000184_r+000877,19.41092296945572,19.41092296945572,0.0,0.0,0.0,CONTROLLED,sicily,WHOLE_LAND_SINGLE_AUTHORISED_COMPONENT
h6000_q-000184_r+000878,19.39168420336914,19.39168420336914,0.0,0.0,0.0,CONTROLLED,sicily,WHOLE_LAND_SINGLE_AUTHORISED_COMPONENT
h6000_q-000184_r+000879,19.372448456615448,19.372448456615448,0.0,0.0,0.0,CONTROLLED,sicily,WHOLE_LAND_SINGLE_AUTHORISED_COMPONENT
h6000_q-000184_r+000880,19.330976166009606,19.330976166009606,0.0,0.0,0.0,CONTROLLED,sicily,WHOLE_LAND_SINGLE_AUTHORISED_COMPONENT
h6000_q-000185_r+000865,19.64200734614563,19.64200734614563,0.0,0.0,0.0,CONTROLLED,sicily,WHOLE_LAND_SINGLE_AUTHORISED_COMPONENT
h6000_q-000185_r+000866,19.622735853897094,19.622735853897094,0.0,0.0,0.0,CONTROLLED,sicily,WHOLE_LAND_SINGLE_AUTHORISED_COMPONENT
h6000_q-000185_r+000867,19.603466839286803,19.603466839286803,0.0,0.0,0.0,CONTROLLED,sicily,WHOLE_LAND_SINGLE_AUTHORISED_COMPONENT
h6000_q-000185_r+000868,19.584200348110198,19.584200348110198,0.0,0.0,0.0,CONTROLLED,sicily,WHOLE_LAND_SINGLE_AUTHORISED_COMPONENT
h6000_q-000185_r+000869,19.564936425849915,19.564936425849915,0.0,0.0,0.0,CONTROLLED,sicily,WHOLE_LAND_SINGLE_AUTHORISED_COMPONENT
h6000_q-000185_r+000870,19.54567511807251,19.54567511807251,0.0,0.0,0.0,CONTROLLED,sicily,WHOLE_LAND_SINGLE_AUTHORISED_COMPONENT
h6000_q-000185_r+000871,19.526416470170975,19.526416470170975,0.0,0.0,0.0,CONTROLLED,sicily,WHOLE_LAND_SINGLE_AUTHORISED_COMPONENT
h6000_q-000185_r+000872,19.50716052742386,19.50716052742386,0.0,0.0,0.0,CONTROLLED,sicily,WHOLE_LAND_SINGLE_AUTHORISED_COMPONENT
h6000_q-000185_r+000873,19.48790733504486,19.48790733504486,0.0,0.0,0.0,CONTROLLED,sicily,WHOLE_LAND_SINGLE_AUTHORISED_COMPONENT
h6000_q-000185_r+000874,19.468656938030243,19.468656938030243,0.0,0.0,0.0,CONTROLLED,sicily,WHOLE_LAND_SINGLE_AUTHORISED_COMPONENT
h6000_q-000185_r+000875,19.449409381637572,19.449409381637572,0.0,0.0,0.0,CONTROLLED,sicily,WHOLE_LAND_SINGLE_AUTHORISED_COMPONENT
h6000_q-000185_r+000876,19.430164710479737,19.430164710479737,0.0,0.0,0.0,CONTROLLED,sicily,WHOLE_LAND_SINGLE_AUTHORISED_COMPONENT
h6000_q-000185_r+000877,19.41092296946335,19.41092296946335,0.0,0.0,0.0,CONTROLLED,sicily,WHOLE_LAND_SINGLE_AUTHORISED_COMPONENT
h6000_q-000185_r+000878,19.391684203357695,19.391684203357695,0.0,0.0,0.0,CONTROLLED,sicily,WHOLE_LAND_SINGLE_AUTHORISED_COMPONENT
h6000_q-000185_r+000879,19.37244845658493,19.37244845658493,0.0,0.0,0.0,CONTROLLED,sicily,WHOLE_LAND_SINGLE_AUTHORISED_COMPONENT
h6000_q-000185_r+000880,18.861068270252122,18.86106824666616,0.0,2.3585960152558982e-08,1.2505103006153162e-09,CONTROLLED,sicily,WHOLE_LAND_SINGLE_AUTHORISED_COMPONENT
h6000_q-000186_r+000865,12.829195416500502,12.829195416500502,0.0,0.0,0.0,CONTROLLED,sicily,WHOLE_LAND_SINGLE_AUTHORISED_COMPONENT
h6000_q-000186_r+000866,19.622735853897094,19.622735853897094,0.0,0.0,0.0,CONTROLLED,sicily,WHOLE_LAND_SINGLE_AUTHORISED_COMPONENT
h6000_q-000186_r+000867,19.603466839286803,19.603466839286803,0.0,0.0,0.0,CONTROLLED,sicily,WHOLE_LAND_SINGLE_AUTHORISED_COMPONENT
h6000_q-000186_r+000868,19.584200348110198,19.584200348110198,0.0,0.0,0.0,CONTROLLED,sicily,WHOLE_LAND_SINGLE_AUTHORISED_COMPONENT
h6000_q-000186_r+000869,19.564936425849915,19.564936425849915,0.0,0.0,0.0,CONTROLLED,sicily,WHOLE_LAND_SINGLE_AUTHORISED_COMPONENT
h6000_q-000186_r+000870,19.54567511807251,19.54567511807251,0.0,0.0,0.0,CONTROLLED,sicily,WHOLE_LAND_SINGLE_AUTHORISED_COMPONENT
h6000_q-000186_r+000871,19.526416470165252,19.526416470165252,0.0,0.0,0.0,CONTROLLED,sicily,WHOLE_LAND_SINGLE_AUTHORISED_COMPONENT
h6000_q-000186_r+000872,19.507160527435303,19.507160527435303,0.0,0.0,0.0,CONTROLLED,sicily,WHOLE_LAND_SINGLE_AUTHORISED_COMPONENT
h6000_q-000186_r+000873,19.48790733503723,19.48790733503723,0.0,0.0,0.0,CONTROLLED,sicily,WHOLE_LAND_SINGLE_AUTHORISED_COMPONENT
h6000_q-000186_r+000874,19.46865693806076,19.46865693806076,0.0,0.0,0.0,CONTROLLED,sicily,WHOLE_LAND_SINGLE_AUTHORISED_COMPONENT
h6000_q-000186_r+000875,19.449409381637572,19.449409381637572,0.0,0.0,0.0,CONTROLLED,sicily,WHOLE_LAND_SINGLE_AUTHORISED_COMPONENT
h6000_q-000186_r+000876,19.430164710479737,19.430164710479737,0.0,0.0,0.0,CONTROLLED,sicily,WHOLE_LAND_SINGLE_AUTHORISED_COMPONENT
h6000_q-000186_r+000877,19.41092296945572,19.41092296945572,0.0,0.0,0.0,CONTROLLED,sicily,WHOLE_LAND_SINGLE_AUTHORISED_COMPONENT
h6000_q-000186_r+000878,19.39168420336914,19.39168420336914,0.0,0.0,0.0,CONTROLLED,sicily,WHOLE_LAND_SINGLE_AUTHORISED_COMPONENT
h6000_q-000186_r+000879,19.372448456596373,19.372448456596373,0.0,0.0,0.0,CONTROLLED,sicily,WHOLE_LAND_SINGLE_AUTHORISED_COMPONENT
h6000_q-000186_r+000880,19.35321577384758,19.35321577384758,0.0,0.0,0.0,CONTROLLED,sicily,WHOLE_LAND_SINGLE_AUTHORISED_COMPONENT
h6000_q-000187_r+000866,15.906113198696529,15.906113198696529,0.0,0.0,0.0,CONTROLLED,sicily,WHOLE_LAND_SINGLE_AUTHORISED_COMPONENT
h6000_q-000187_r+000867,19.603466839286803,19.603466839286803,0.0,0.0,0.0,CONTROLLED,sicily,WHOLE_LAND_SINGLE_AUTHORISED_COMPONENT
h6000_q-000187_r+000868,19.584200348110198,19.584200348110198,0.0,0.0,0.0,CONTROLLED,sicily,WHOLE_LAND_SINGLE_AUTHORISED_COMPONENT
h6000_q-000187_r+000869,19.564936425849915,19.564936425849915,0.0,0.0,0.0,CONTROLLED,sicily,WHOLE_LAND_SINGLE_AUTHORISED_COMPONENT
h6000_q-000187_r+000870,19.54567511807251,19.54567511807251,0.0,0.0,0.0,CONTROLLED,sicily,WHOLE_LAND_SINGLE_AUTHORISED_COMPONENT
h6000_q-000187_r+000871,19.526416470165252,19.526416470165252,0.0,0.0,0.0,CONTROLLED,sicily,WHOLE_LAND_SINGLE_AUTHORISED_COMPONENT
h6000_q-000187_r+000872,19.507160527435303,19.507160527435303,0.0,0.0,0.0,CONTROLLED,sicily,WHOLE_LAND_SINGLE_AUTHORISED_COMPONENT
h6000_q-000187_r+000873,19.48790733504486,19.48790733504486,0.0,0.0,0.0,CONTROLLED,sicily,WHOLE_LAND_SINGLE_AUTHORISED_COMPONENT
h6000_q-000187_r+000874,19.468656938030243,19.468656938030243,0.0,0.0,0.0,CONTROLLED,sicily,WHOLE_LAND_SINGLE_AUTHORISED_COMPONENT
h6000_q-000187_r+000875,19.44940938162422,19.44940938162422,0.0,0.0,0.0,CONTROLLED,sicily,WHOLE_LAND_SINGLE_AUTHORISED_COMPONENT
h6000_q-000187_r+000876,19.43016471047783,19.43016471047783,0.0,0.0,0.0,CONTROLLED,sicily,WHOLE_LAND_SINGLE_AUTHORISED_COMPONENT
h6000_q-000187_r+000877,19.41092296945572,19.41092296945572,0.0,0.0,0.0,CONTROLLED,sicily,WHOLE_LAND_SINGLE_AUTHORISED_COMPONENT
h6000_q-000187_r+000878,19.39168420336914,19.39168420336914,0.0,0.0,0.0,CONTROLLED,sicily,WHOLE_LAND_SINGLE_AUTHORISED_COMPONENT
h6000_q-000187_r+000879,19.37244845658493,19.37244845658493,0.0,0.0,0.0,CONTROLLED,sicily,WHOLE_LAND_SINGLE_AUTHORISED_COMPONENT
h6000_q-000187_r+000880,19.35321577383423,19.35321577383423,0.0,0.0,0.0,CONTROLLED,sicily,WHOLE_LAND_SINGLE_AUTHORISED_COMPONENT
h6000_q-000187_r+000881,13.846530872523768,13.84650882161096,0.0,2.205091280839406e-05,1.5925225611673303e-06,CONTROLLED,sicily,WHOLE_LAND_SINGLE_AUTHORISED_COMPONENT
h6000_q-000188_r+000867,18.605458482967414,18.605458482967414,0.0,0.0,0.0,CONTROLLED,sicily,WHOLE_LAND_SINGLE_AUTHORISED_COMPONENT
h6000_q-000188_r+000868,19.58420034811592,19.58420034811592,0.0,0.0,0.0,CONTROLLED,sicily,WHOLE_LAND_SINGLE_AUTHORISED_COMPONENT
h6000_q-000188_r+000869,19.564936425849915,19.564936425849915,0.0,0.0,0.0,CONTROLLED,sicily,WHOLE_LAND_SINGLE_AUTHORISED_COMPONENT
h6000_q-000188_r+000870,19.54567511807251,19.54567511807251,0.0,0.0,0.0,CONTROLLED,sicily,WHOLE_LAND_SINGLE_AUTHORISED_COMPONENT
h6000_q-000188_r+000871,19.526416470165252,19.526416470165252,0.0,0.0,0.0,CONTROLLED,sicily,WHOLE_LAND_SINGLE_AUTHORISED_COMPONENT
h6000_q-000188_r+000872,19.507160527435303,19.507160527435303,0.0,0.0,0.0,CONTROLLED,sicily,WHOLE_LAND_SINGLE_AUTHORISED_COMPONENT
h6000_q-000188_r+000873,19.48790733504486,19.48790733504486,0.0,0.0,0.0,CONTROLLED,sicily,WHOLE_LAND_SINGLE_AUTHORISED_COMPONENT
h6000_q-000188_r+000874,19.468656938030243,19.468656938030243,0.0,0.0,0.0,CONTROLLED,sicily,WHOLE_LAND_SINGLE_AUTHORISED_COMPONENT
h6000_q-000188_r+000875,19.449409381637572,19.449409381637572,0.0,0.0,0.0,CONTROLLED,sicily,WHOLE_LAND_SINGLE_AUTHORISED_COMPONENT
h6000_q-000188_r+000876,19.430164710479737,19.430164710479737,0.0,0.0,0.0,CONTROLLED,sicily,WHOLE_LAND_SINGLE_AUTHORISED_COMPONENT
h6000_q-000188_r+000877,19.41092296946335,19.41092296946335,0.0,0.0,0.0,CONTROLLED,sicily,WHOLE_LAND_SINGLE_AUTHORISED_COMPONENT
h6000_q-000188_r+000878,19.391684203357695,19.391684203357695,0.0,0.0,0.0,CONTROLLED,sicily,WHOLE_LAND_SINGLE_AUTHORISED_COMPONENT
h6000_q-000188_r+000879,19.37244845658493,19.37244845658493,0.0,0.0,0.0,CONTROLLED,sicily,WHOLE_LAND_SINGLE_AUTHORISED_COMPONENT
h6000_q-000188_r+000880,19.35321577383423,19.35321577383423,0.0,0.0,0.0,CONTROLLED,sicily,WHOLE_LAND_SINGLE_AUTHORISED_COMPONENT
h6000_q-000188_r+000881,19.333986199417115,19.333986199417115,0.0,0.0,0.0,CONTROLLED,sicily,WHOLE_LAND_SINGLE_AUTHORISED_COMPONENT
h6000_q-000189_r+000868,19.584200348110198,19.584200348110198,0.0,0.0,0.0,CONTROLLED,sicily,WHOLE_LAND_SINGLE_AUTHORISED_COMPONENT
h6000_q-000189_r+000869,19.5649364258461,19.5649364258461,0.0,0.0,0.0,CONTROLLED,sicily,WHOLE_LAND_SINGLE_AUTHORISED_COMPONENT
h6000_q-000189_r+000870,19.545675118074417,19.545675118074417,0.0,0.0,0.0,CONTROLLED,sicily,WHOLE_LAND_SINGLE_AUTHORISED_COMPONENT
h6000_q-000189_r+000871,19.526416470165252,19.526416470165252,0.0,0.0,0.0,CONTROLLED,sicily,WHOLE_LAND_SINGLE_AUTHORISED_COMPONENT
h6000_q-000189_r+000872,19.507160527435303,19.507160527435303,0.0,0.0,0.0,CONTROLLED,sicily,WHOLE_LAND_SINGLE_AUTHORISED_COMPONENT
h6000_q-000189_r+000873,19.48790733504486,19.48790733504486,0.0,0.0,0.0,CONTROLLED,sicily,WHOLE_LAND_SINGLE_AUTHORISED_COMPONENT
h6000_q-000189_r+000874,19.468656938030243,19.468656938030243,0.0,0.0,0.0,CONTROLLED,sicily,WHOLE_LAND_SINGLE_AUTHORISED_COMPONENT
h6000_q-000189_r+000875,19.449409381637572,19.449409381637572,0.0,0.0,0.0,CONTROLLED,sicily,WHOLE_LAND_SINGLE_AUTHORISED_COMPONENT
h6000_q-000189_r+000876,19.430164710479737,19.430164710479737,0.0,0.0,0.0,CONTROLLED,sicily,WHOLE_LAND_SINGLE_AUTHORISED_COMPONENT
h6000_q-000189_r+000877,19.41092296945572,19.41092296945572,0.0,0.0,0.0,CONTROLLED,sicily,WHOLE_LAND_SINGLE_AUTHORISED_COMPONENT
h6000_q-000189_r+000878,19.39168420336914,19.39168420336914,0.0,0.0,0.0,CONTROLLED,sicily,WHOLE_LAND_SINGLE_AUTHORISED_COMPONENT
h6000_q-000189_r+000879,19.372448456596373,19.372448456596373,0.0,0.0,0.0,CONTROLLED,sicily,WHOLE_LAND_SINGLE_AUTHORISED_COMPONENT
h6000_q-000189_r+000880,19.35321577384758,19.35321577384758,0.0,0.0,0.0,CONTROLLED,sicily,WHOLE_LAND_SINGLE_AUTHORISED_COMPONENT
h6000_q-000189_r+000881,19.333986199417115,19.333986199417115,0.0,0.0,0.0,CONTROLLED,sicily,WHOLE_LAND_SINGLE_AUTHORISED_COMPONENT
h6000_q-000189_r+000882,13.110673609184811,13.109350525874316,0.0,0.0013230833104969063,0.00010091650131309861,CONTROLLED,sicily,WHOLE_LAND_SINGLE_AUTHORISED_COMPONENT
h6000_q-000190_r+000868,16.97307390959155,16.97307390959155,0.0,0.0,0.0,CONTROLLED,sicily,WHOLE_LAND_SINGLE_AUTHORISED_COMPONENT
h6000_q-000190_r+000869,19.564936425849915,19.564936425849915,0.0,0.0,0.0,CONTROLLED,sicily,WHOLE_LAND_SINGLE_AUTHORISED_COMPONENT
h6000_q-000190_r+000870,19.54567511807251,19.54567511807251,0.0,0.0,0.0,CONTROLLED,sicily,WHOLE_LAND_SINGLE_AUTHORISED_COMPONENT
h6000_q-000190_r+000871,19.526416470170975,19.526416470170975,0.0,0.0,0.0,CONTROLLED,sicily,WHOLE_LAND_SINGLE_AUTHORISED_COMPONENT
h6000_q-000190_r+000872,19.50716052742386,19.50716052742386,0.0,0.0,0.0,CONTROLLED,sicily,WHOLE_LAND_SINGLE_AUTHORISED_COMPONENT
h6000_q-000190_r+000873,19.48790733504486,19.48790733504486,0.0,0.0,0.0,CONTROLLED,sicily,WHOLE_LAND_SINGLE_AUTHORISED_COMPONENT
h6000_q-000190_r+000874,19.468656938030243,19.468656938030243,0.0,0.0,0.0,CONTROLLED,sicily,WHOLE_LAND_SINGLE_AUTHORISED_COMPONENT
h6000_q-000190_r+000875,19.449409381637572,19.449409381637572,0.0,0.0,0.0,CONTROLLED,sicily,WHOLE_LAND_SINGLE_AUTHORISED_COMPONENT
h6000_q-000190_r+000876,19.430164710479737,19.430164710479737,0.0,0.0,0.0,CONTROLLED,sicily,WHOLE_LAND_SINGLE_AUTHORISED_COMPONENT
h6000_q-000190_r+000877,19.41092296945572,19.41092296945572,0.0,0.0,0.0,CONTROLLED,sicily,WHOLE_LAND_SINGLE_AUTHORISED_COMPONENT
h6000_q-000190_r+000878,19.39168420336914,19.39168420336914,0.0,0.0,0.0,CONTROLLED,sicily,WHOLE_LAND_SINGLE_AUTHORISED_COMPONENT
h6000_q-000190_r+000879,19.37244845658493,19.37244845658493,0.0,0.0,0.0,CONTROLLED,sicily,WHOLE_LAND_SINGLE_AUTHORISED_COMPONENT
h6000_q-000190_r+000880,19.35321577383423,19.35321577383423,0.0,0.0,0.0,CONTROLLED,sicily,WHOLE_LAND_SINGLE_AUTHORISED_COMPONENT
h6000_q-000190_r+000881,19.333986199415207,19.333986199415207,0.0,0.0,0.0,CONTROLLED,sicily,WHOLE_LAND_SINGLE_AUTHORISED_COMPONENT
h6000_q-000190_r+000882,19.314759777629853,19.314759777629853,0.0,0.0,0.0,CONTROLLED,sicily,WHOLE_LAND_SINGLE_AUTHORISED_COMPONENT
h6000_q-000191_r+000868,13.72184433196988,13.72184433196988,0.0,0.0,0.0,CONTROLLED,sicily,WHOLE_LAND_SINGLE_AUTHORISED_COMPONENT
h6000_q-000191_r+000869,19.5649364258461,19.5649364258461,0.0,0.0,0.0,CONTROLLED,sicily,WHOLE_LAND_SINGLE_AUTHORISED_COMPONENT
h6000_q-000191_r+000870,19.54567511807251,19.54567511807251,0.0,0.0,0.0,CONTROLLED,sicily,WHOLE_LAND_SINGLE_AUTHORISED_COMPONENT
h6000_q-000191_r+000871,19.526416470165252,19.526416470165252,0.0,0.0,0.0,CONTROLLED,sicily,WHOLE_LAND_SINGLE_AUTHORISED_COMPONENT
h6000_q-000191_r+000872,19.507160527435303,19.507160527435303,0.0,0.0,0.0,CONTROLLED,sicily,WHOLE_LAND_SINGLE_AUTHORISED_COMPONENT
h6000_q-000191_r+000873,19.48790733503723,19.48790733503723,0.0,0.0,0.0,CONTROLLED,sicily,WHOLE_LAND_SINGLE_AUTHORISED_COMPONENT
h6000_q-000191_r+000874,19.46865693806076,19.46865693806076,0.0,0.0,0.0,CONTROLLED,sicily,WHOLE_LAND_SINGLE_AUTHORISED_COMPONENT
h6000_q-000191_r+000875,19.449409381637572,19.449409381637572,0.0,0.0,0.0,CONTROLLED,sicily,WHOLE_LAND_SINGLE_AUTHORISED_COMPONENT
h6000_q-000191_r+000876,19.430164710479737,19.430164710479737,0.0,0.0,0.0,CONTROLLED,sicily,WHOLE_LAND_SINGLE_AUTHORISED_COMPONENT
h6000_q-000191_r+000877,19.41092296945572,19.41092296945572,0.0,0.0,0.0,CONTROLLED,sicily,WHOLE_LAND_SINGLE_AUTHORISED_COMPONENT
h6000_q-000191_r+000878,19.39168420336914,19.39168420336914,0.0,0.0,0.0,CONTROLLED,sicily,WHOLE_LAND_SINGLE_AUTHORISED_COMPONENT
h6000_q-000191_r+000879,19.37244845658493,19.37244845658493,0.0,0.0,0.0,CONTROLLED,sicily,WHOLE_LAND_SINGLE_AUTHORISED_COMPONENT
h6000_q-000191_r+000880,19.35321577383423,19.35321577383423,0.0,0.0,0.0,CONTROLLED,sicily,WHOLE_LAND_SINGLE_AUTHORISED_COMPONENT
h6000_q-000191_r+000881,19.333986199417115,19.333986199417115,0.0,0.0,0.0,CONTROLLED,sicily,WHOLE_LAND_SINGLE_AUTHORISED_COMPONENT
h6000_q-000191_r+000882,19.31475977763748,19.31475977763748,0.0,0.0,0.0,CONTROLLED,sicily,WHOLE_LAND_SINGLE_AUTHORISED_COMPONENT
h6000_q-000191_r+000883,19.295536552667617,19.295536552667617,0.0,0.0,0.0,CONTROLLED,sicily,WHOLE_LAND_SINGLE_AUTHORISED_COMPONENT
h6000_q-000191_r+000884,11.802967323532291,11.801755549704882,0.0,0.0012117738274084403,0.00010266687979322399,CONTROLLED,sicily,WHOLE_LAND_SINGLE_AUTHORISED_COMPONENT
h6000_q-000192_r+000868,14.417316331788356,14.416245990019814,0.0,0.0010703417685423047,7.424001415453004e-05,CONTROLLED,sicily,WHOLE_LAND_SINGLE_AUTHORISED_COMPONENT
h6000_q-000192_r+000869,19.564936425849915,19.564936425849915,0.0,0.0,0.0,CONTROLLED,sicily,WHOLE_LAND_SINGLE_AUTHORISED_COMPONENT
h6000_q-000192_r+000870,19.545675118074417,19.545675118074417,0.0,0.0,0.0,CONTROLLED,sicily,WHOLE_LAND_SINGLE_AUTHORISED_COMPONENT
h6000_q-000192_r+000871,19.526416470170975,19.526416470170975,0.0,0.0,0.0,CONTROLLED,sicily,WHOLE_LAND_SINGLE_AUTHORISED_COMPONENT
h6000_q-000192_r+000872,19.507160527435303,19.507160527435303,0.0,0.0,0.0,CONTROLLED,sicily,WHOLE_LAND_SINGLE_AUTHORISED_COMPONENT
h6000_q-000192_r+000873,19.48790733504486,19.48790733504486,0.0,0.0,0.0,CONTROLLED,sicily,WHOLE_LAND_SINGLE_AUTHORISED_COMPONENT
h6000_q-000192_r+000874,19.468656938030243,19.468656938030243,0.0,0.0,0.0,CONTROLLED,sicily,WHOLE_LAND_SINGLE_AUTHORISED_COMPONENT
h6000_q-000192_r+000875,19.44940938162422,19.44940938162422,0.0,0.0,0.0,CONTROLLED,sicily,WHOLE_LAND_SINGLE_AUTHORISED_COMPONENT
h6000_q-000192_r+000876,19.43016471047783,19.43016471047783,0.0,0.0,0.0,CONTROLLED,sicily,WHOLE_LAND_SINGLE_AUTHORISED_COMPONENT
h6000_q-000192_r+000877,19.41092296945572,19.41092296945572,0.0,0.0,0.0,CONTROLLED,sicily,WHOLE_LAND_SINGLE_AUTHORISED_COMPONENT
h6000_q-000192_r+000878,19.39168420336914,19.39168420336914,0.0,0.0,0.0,CONTROLLED,sicily,WHOLE_LAND_SINGLE_AUTHORISED_COMPONENT
h6000_q-000192_r+000879,19.37244845658493,19.37244845658493,0.0,0.0,0.0,CONTROLLED,sicily,WHOLE_LAND_SINGLE_AUTHORISED_COMPONENT
h6000_q-000192_r+000880,19.35321577383423,19.35321577383423,0.0,0.0,0.0,CONTROLLED,sicily,WHOLE_LAND_SINGLE_AUTHORISED_COMPONENT
h6000_q-000192_r+000881,19.333986199417115,19.333986199417115,0.0,0.0,0.0,CONTROLLED,sicily,WHOLE_LAND_SINGLE_AUTHORISED_COMPONENT
h6000_q-000192_r+000882,19.31475977763748,19.31475977763748,0.0,0.0,0.0,CONTROLLED,sicily,WHOLE_LAND_SINGLE_AUTHORISED_COMPONENT
h6000_q-000192_r+000883,19.295536552669525,19.295536552669525,0.0,0.0,0.0,CONTROLLED,sicily,WHOLE_LAND_SINGLE_AUTHORISED_COMPONENT
h6000_q-000192_r+000884,9.94339986825081,9.94339986825081,0.0,0.0,0.0,CONTROLLED,sicily,WHOLE_LAND_SINGLE_AUTHORISED_COMPONENT
h6000_q-000193_r+000869,19.301090802307144,19.301090802307144,0.0,0.0,0.0,CONTROLLED,sicily,WHOLE_LAND_SINGLE_AUTHORISED_COMPONENT
h6000_q-000193_r+000870,19.54567511808014,19.54567511808014,0.0,0.0,0.0,CONTROLLED,sicily,WHOLE_LAND_SINGLE_AUTHORISED_COMPONENT
h6000_q-000193_r+000871,19.526416470157624,19.526416470157624,0.0,0.0,0.0,CONTROLLED,sicily,WHOLE_LAND_SINGLE_AUTHORISED_COMPONENT
h6000_q-000193_r+000872,19.50716052742386,19.50716052742386,0.0,0.0,0.0,CONTROLLED,sicily,WHOLE_LAND_SINGLE_AUTHORISED_COMPONENT
h6000_q-000193_r+000873,19.48790733503723,19.48790733503723,0.0,0.0,0.0,CONTROLLED,sicily,WHOLE_LAND_SINGLE_AUTHORISED_COMPONENT
h6000_q-000193_r+000874,19.468656938030243,19.468656938030243,0.0,0.0,0.0,CONTROLLED,sicily,WHOLE_LAND_SINGLE_AUTHORISED_COMPONENT
h6000_q-000193_r+000875,19.449409381637572,19.449409381637572,0.0,0.0,0.0,CONTROLLED,sicily,WHOLE_LAND_SINGLE_AUTHORISED_COMPONENT
h6000_q-000193_r+000876,19.430164710479737,19.430164710479737,0.0,0.0,0.0,CONTROLLED,sicily,WHOLE_LAND_SINGLE_AUTHORISED_COMPONENT
h6000_q-000193_r+000877,19.41092296946335,19.41092296946335,0.0,0.0,0.0,CONTROLLED,sicily,WHOLE_LAND_SINGLE_AUTHORISED_COMPONENT
h6000_q-000193_r+000878,19.391684203357695,19.391684203357695,0.0,0.0,0.0,CONTROLLED,sicily,WHOLE_LAND_SINGLE_AUTHORISED_COMPONENT
h6000_q-000193_r+000879,19.37244845658493,19.37244845658493,0.0,0.0,0.0,CONTROLLED,sicily,WHOLE_LAND_SINGLE_AUTHORISED_COMPONENT
h6000_q-000193_r+000880,19.35321577383423,19.35321577383423,0.0,0.0,0.0,CONTROLLED,sicily,WHOLE_LAND_SINGLE_AUTHORISED_COMPONENT
h6000_q-000193_r+000881,19.333986199417115,19.333986199417115,0.0,0.0,0.0,CONTROLLED,sicily,WHOLE_LAND_SINGLE_AUTHORISED_COMPONENT
h6000_q-000193_r+000882,19.31475977763748,19.31475977763748,0.0,0.0,0.0,CONTROLLED,sicily,WHOLE_LAND_SINGLE_AUTHORISED_COMPONENT
h6000_q-000193_r+000883,19.295536552669525,19.295536552669525,0.0,0.0,0.0,CONTROLLED,sicily,WHOLE_LAND_SINGLE_AUTHORISED_COMPONENT
h6000_q-000194_r+000870,19.545675118074417,19.545675118074417,0.0,0.0,0.0,CONTROLLED,sicily,WHOLE_LAND_SINGLE_AUTHORISED_COMPONENT
h6000_q-000194_r+000871,19.526416470165252,19.526416470165252,0.0,0.0,0.0,CONTROLLED,sicily,WHOLE_LAND_SINGLE_AUTHORISED_COMPONENT
h6000_q-000194_r+000872,19.507160527427672,19.507160527427672,0.0,0.0,0.0,CONTROLLED,sicily,WHOLE_LAND_SINGLE_AUTHORISED_COMPONENT
h6000_q-000194_r+000873,19.487907335031508,19.487907335031508,0.0,0.0,0.0,CONTROLLED,sicily,WHOLE_LAND_SINGLE_AUTHORISED_COMPONENT
h6000_q-000194_r+000874,19.46865693806076,19.46865693806076,0.0,0.0,0.0,CONTROLLED,sicily,WHOLE_LAND_SINGLE_AUTHORISED_COMPONENT
h6000_q-000194_r+000875,19.44940938162422,19.44940938162422,0.0,0.0,0.0,CONTROLLED,sicily,WHOLE_LAND_SINGLE_AUTHORISED_COMPONENT
h6000_q-000194_r+000876,19.430164710479737,19.430164710479737,0.0,0.0,0.0,CONTROLLED,sicily,WHOLE_LAND_SINGLE_AUTHORISED_COMPONENT
h6000_q-000194_r+000877,19.41092296945572,19.41092296945572,0.0,0.0,0.0,CONTROLLED,sicily,WHOLE_LAND_SINGLE_AUTHORISED_COMPONENT
h6000_q-000194_r+000878,19.39168420336914,19.39168420336914,0.0,0.0,0.0,CONTROLLED,sicily,WHOLE_LAND_SINGLE_AUTHORISED_COMPONENT
h6000_q-000194_r+000879,19.372448456596373,19.372448456596373,0.0,0.0,0.0,CONTROLLED,sicily,WHOLE_LAND_SINGLE_AUTHORISED_COMPONENT
h6000_q-000194_r+000880,19.35321577384758,19.35321577384758,0.0,0.0,0.0,CONTROLLED,sicily,WHOLE_LAND_SINGLE_AUTHORISED_COMPONENT
h6000_q-000194_r+000881,19.333986199417115,19.333986199417115,0.0,0.0,0.0,CONTROLLED,sicily,WHOLE_LAND_SINGLE_AUTHORISED_COMPONENT
h6000_q-000194_r+000882,19.31475977763748,19.31475977763748,0.0,0.0,0.0,CONTROLLED,sicily,WHOLE_LAND_SINGLE_AUTHORISED_COMPONENT
h6000_q-000194_r+000883,19.295536552669525,19.295536552669525,0.0,0.0,0.0,CONTROLLED,sicily,WHOLE_LAND_SINGLE_AUTHORISED_COMPONENT
h6000_q-000194_r+000884,18.14840755393093,18.14840755393093,0.0,0.0,0.0,CONTROLLED,sicily,WHOLE_LAND_SINGLE_AUTHORISED_COMPONENT
h6000_q-000195_r+000870,14.83311475783236,14.83311475783236,0.0,0.0,0.0,CONTROLLED,sicily,WHOLE_LAND_SINGLE_AUTHORISED_COMPONENT
h6000_q-000195_r+000871,19.526416470170975,19.526416470170975,0.0,0.0,0.0,CONTROLLED,sicily,WHOLE_LAND_SINGLE_AUTHORISED_COMPONENT
h6000_q-000195_r+000872,19.50716052742386,19.50716052742386,0.0,0.0,0.0,CONTROLLED,sicily,WHOLE_LAND_SINGLE_AUTHORISED_COMPONENT
h6000_q-000195_r+000873,19.48790733504486,19.48790733504486,0.0,0.0,0.0,CONTROLLED,sicily,WHOLE_LAND_SINGLE_AUTHORISED_COMPONENT
h6000_q-000195_r+000874,19.46865693805313,19.46865693805313,0.0,0.0,0.0,CONTROLLED,sicily,WHOLE_LAND_SINGLE_AUTHORISED_COMPONENT
h6000_q-000195_r+000875,19.449409381628037,19.449409381628037,0.0,0.0,0.0,CONTROLLED,sicily,WHOLE_LAND_SINGLE_AUTHORISED_COMPONENT
h6000_q-000195_r+000876,19.43016471047783,19.43016471047783,0.0,0.0,0.0,CONTROLLED,sicily,WHOLE_LAND_SINGLE_AUTHORISED_COMPONENT
h6000_q-000195_r+000877,19.41092296946335,19.41092296946335,0.0,0.0,0.0,CONTROLLED,sicily,WHOLE_LAND_SINGLE_AUTHORISED_COMPONENT
h6000_q-000195_r+000878,19.39168420336914,19.39168420336914,0.0,0.0,0.0,CONTROLLED,sicily,WHOLE_LAND_SINGLE_AUTHORISED_COMPONENT
h6000_q-000195_r+000879,19.37244845658493,19.37244845658493,0.0,0.0,0.0,CONTROLLED,sicily,WHOLE_LAND_SINGLE_AUTHORISED_COMPONENT
h6000_q-000195_r+000880,19.35321577383423,19.35321577383423,0.0,0.0,0.0,CONTROLLED,sicily,WHOLE_LAND_SINGLE_AUTHORISED_COMPONENT
h6000_q-000195_r+000881,19.333986199415207,19.333986199415207,0.0,0.0,0.0,CONTROLLED,sicily,WHOLE_LAND_SINGLE_AUTHORISED_COMPONENT
h6000_q-000195_r+000882,19.314759777629853,19.314759777629853,0.0,0.0,0.0,CONTROLLED,sicily,WHOLE_LAND_SINGLE_AUTHORISED_COMPONENT
h6000_q-000195_r+000883,19.295536552669525,19.295536552669525,0.0,0.0,0.0,CONTROLLED,sicily,WHOLE_LAND_SINGLE_AUTHORISED_COMPONENT
h6000_q-000195_r+000884,19.276316568592073,19.276316568592073,0.0,0.0,0.0,CONTROLLED,sicily,WHOLE_LAND_SINGLE_AUTHORISED_COMPONENT
h6000_q-000195_r+000885,19.00480970978813,19.00480970978813,0.0,0.0,0.0,CONTROLLED,sicily,WHOLE_LAND_SINGLE_AUTHORISED_COMPONENT
h6000_q-000195_r+000886,9.873544551270568,9.873544551270568,0.0,0.0,0.0,CONTROLLED,sicily,WHOLE_LAND_SINGLE_AUTHORISED_COMPONENT
h6000_q-000196_r+000870,11.820203777266556,11.820203777266556,0.0,0.0,0.0,CONTROLLED,sicily,WHOLE_LAND_SINGLE_AUTHORISED_COMPONENT
h6000_q-000196_r+000871,19.526416470165252,19.526416470165252,0.0,0.0,0.0,CONTROLLED,sicily,WHOLE_LAND_SINGLE_AUTHORISED_COMPONENT
h6000_q-000196_r+000872,19.507160527435303,19.507160527435303,0.0,0.0,0.0,CONTROLLED,sicily,WHOLE_LAND_SINGLE_AUTHORISED_COMPONENT
h6000_q-000196_r+000873,19.48790733503723,19.48790733503723,0.0,0.0,0.0,CONTROLLED,sicily,WHOLE_LAND_SINGLE_AUTHORISED_COMPONENT
h6000_q-000196_r+000874,19.46865693806076,19.46865693806076,0.0,0.0,0.0,CONTROLLED,sicily,WHOLE_LAND_SINGLE_AUTHORISED_COMPONENT
h6000_q-000196_r+000875,19.449409381637572,19.449409381637572,0.0,0.0,0.0,CONTROLLED,sicily,WHOLE_LAND_SINGLE_AUTHORISED_COMPONENT
h6000_q-000196_r+000876,19.430164710479737,19.430164710479737,0.0,0.0,0.0,CONTROLLED,sicily,WHOLE_LAND_SINGLE_AUTHORISED_COMPONENT
h6000_q-000196_r+000877,19.41092296945572,19.41092296945572,0.0,0.0,0.0,CONTROLLED,sicily,WHOLE_LAND_SINGLE_AUTHORISED_COMPONENT
h6000_q-000196_r+000878,19.391684203357695,19.391684203357695,0.0,0.0,0.0,CONTROLLED,sicily,WHOLE_LAND_SINGLE_AUTHORISED_COMPONENT
h6000_q-000196_r+000879,19.372448456596373,19.372448456596373,0.0,0.0,0.0,CONTROLLED,sicily,WHOLE_LAND_SINGLE_AUTHORISED_COMPONENT
h6000_q-000196_r+000880,19.35321577383423,19.35321577383423,0.0,0.0,0.0,CONTROLLED,sicily,WHOLE_LAND_SINGLE_AUTHORISED_COMPONENT
h6000_q-000196_r+000881,19.333986199417115,19.333986199417115,0.0,0.0,0.0,CONTROLLED,sicily,WHOLE_LAND_SINGLE_AUTHORISED_COMPONENT
h6000_q-000196_r+000882,19.31475977763748,19.31475977763748,0.0,0.0,0.0,CONTROLLED,sicily,WHOLE_LAND_SINGLE_AUTHORISED_COMPONENT
h6000_q-000196_r+000883,19.295536552667617,19.295536552667617,0.0,0.0,0.0,CONTROLLED,sicily,WHOLE_LAND_SINGLE_AUTHORISED_COMPONENT
h6000_q-000196_r+000884,19.27631656857872,19.27631656857872,0.0,0.0,0.0,CONTROLLED,sicily,WHOLE_LAND_SINGLE_AUTHORISED_COMPONENT
h6000_q-000196_r+000885,19.257099869426728,19.257099869426728,0.0,0.0,0.0,CONTROLLED,sicily,WHOLE_LAND_SINGLE_AUTHORISED_COMPONENT
h6000_q-000196_r+000886,19.237886499118805,19.237886499118805,0.0,0.0,0.0,CONTROLLED,sicily,WHOLE_LAND_SINGLE_AUTHORISED_COMPONENT
h6000_q-000197_r+000870,10.29450287493395,10.29450287493395,0.0,0.0,0.0,CONTROLLED,sicily,WHOLE_LAND_SINGLE_AUTHORISED_COMPONENT
h6000_q-000197_r+000871,19.526416470165252,19.526416470165252,0.0,0.0,0.0,CONTROLLED,sicily,WHOLE_LAND_SINGLE_AUTHORISED_COMPONENT
h6000_q-000197_r+000872,19.507160527435303,19.507160527435303,0.0,0.0,0.0,CONTROLLED,sicily,WHOLE_LAND_SINGLE_AUTHORISED_COMPONENT
h6000_q-000197_r+000873,19.48790733504486,19.48790733504486,0.0,0.0,0.0,CONTROLLED,sicily,WHOLE_LAND_SINGLE_AUTHORISED_COMPONENT
h6000_q-000197_r+000874,19.468656938030243,19.468656938030243,0.0,0.0,0.0,CONTROLLED,sicily,WHOLE_LAND_SINGLE_AUTHORISED_COMPONENT
h6000_q-000197_r+000875,19.44940938162422,19.44940938162422,0.0,0.0,0.0,CONTROLLED,sicily,WHOLE_LAND_SINGLE_AUTHORISED_COMPONENT
h6000_q-000197_r+000876,19.43016471047783,19.43016471047783,0.0,0.0,0.0,CONTROLLED,sicily,WHOLE_LAND_SINGLE_AUTHORISED_COMPONENT
h6000_q-000197_r+000877,19.41092296945572,19.41092296945572,0.0,0.0,0.0,CONTROLLED,sicily,WHOLE_LAND_SINGLE_AUTHORISED_COMPONENT
h6000_q-000197_r+000878,19.391684203357695,19.391684203357695,0.0,0.0,0.0,CONTROLLED,sicily,WHOLE_LAND_SINGLE_AUTHORISED_COMPONENT
h6000_q-000197_r+000879,19.372448456615448,19.372448456615448,0.0,0.0,0.0,CONTROLLED,sicily,WHOLE_LAND_SINGLE_AUTHORISED_COMPONENT
h6000_q-000197_r+000880,19.35321577384758,19.35321577384758,0.0,0.0,0.0,CONTROLLED,sicily,WHOLE_LAND_SINGLE_AUTHORISED_COMPONENT
h6000_q-000197_r+000881,19.333986199415207,19.333986199415207,0.0,0.0,0.0,CONTROLLED,sicily,WHOLE_LAND_SINGLE_AUTHORISED_COMPONENT
h6000_q-000197_r+000882,19.31475977763748,19.31475977763748,0.0,0.0,0.0,CONTROLLED,sicily,WHOLE_LAND_SINGLE_AUTHORISED_COMPONENT
h6000_q-000197_r+000883,19.295536552669525,19.295536552669525,0.0,0.0,0.0,CONTROLLED,sicily,WHOLE_LAND_SINGLE_AUTHORISED_COMPONENT
h6000_q-000197_r+000884,19.276316568592073,19.276316568592073,0.0,0.0,0.0,CONTROLLED,sicily,WHOLE_LAND_SINGLE_AUTHORISED_COMPONENT
h6000_q-000197_r+000885,19.257099869441987,19.257099869441987,0.0,0.0,0.0,CONTROLLED,sicily,WHOLE_LAND_SINGLE_AUTHORISED_COMPONENT
h6000_q-000197_r+000886,19.157306118921124,19.157306118921124,0.0,0.0,0.0,CONTROLLED,sicily,WHOLE_LAND_SINGLE_AUTHORISED_COMPONENT
h6000_q-000197_r+000887,10.240029286791211,10.239889052350527,0.0,0.00014023444068431853,1.3694730430625753e-05,CONTROLLED,sicily,WHOLE_LAND_SINGLE_AUTHORISED_COMPONENT
h6000_q-000198_r+000870,11.51282817497719,11.51282817497719,0.0,0.0,0.0,CONTROLLED,sicily,WHOLE_LAND_SINGLE_AUTHORISED_COMPONENT
h6000_q-000198_r+000871,19.526416470170975,19.526416470170975,0.0,0.0,0.0,CONTROLLED,sicily,WHOLE_LAND_SINGLE_AUTHORISED_COMPONENT
h6000_q-000198_r+000872,19.50716052742386,19.50716052742386,0.0,0.0,0.0,CONTROLLED,sicily,WHOLE_LAND_SINGLE_AUTHORISED_COMPONENT
h6000_q-000198_r+000873,19.48790733504486,19.48790733504486,0.0,0.0,0.0,CONTROLLED,sicily,WHOLE_LAND_SINGLE_AUTHORISED_COMPONENT
h6000_q-000198_r+000874,19.468656938030243,19.468656938030243,0.0,0.0,0.0,CONTROLLED,sicily,WHOLE_LAND_SINGLE_AUTHORISED_COMPONENT
h6000_q-000198_r+000875,19.449409381637572,19.449409381637572,0.0,0.0,0.0,CONTROLLED,sicily,WHOLE_LAND_SINGLE_AUTHORISED_COMPONENT
h6000_q-000198_r+000876,19.430164710479737,19.430164710479737,0.0,0.0,0.0,CONTROLLED,sicily,WHOLE_LAND_SINGLE_AUTHORISED_COMPONENT
h6000_q-000198_r+000877,19.41092296946335,19.41092296946335,0.0,0.0,0.0,CONTROLLED,sicily,WHOLE_LAND_SINGLE_AUTHORISED_COMPONENT
h6000_q-000198_r+000878,19.391684203357695,19.391684203357695,0.0,0.0,0.0,CONTROLLED,sicily,WHOLE_LAND_SINGLE_AUTHORISED_COMPONENT
h6000_q-000198_r+000879,19.37244845658493,19.37244845658493,0.0,0.0,0.0,CONTROLLED,sicily,WHOLE_LAND_SINGLE_AUTHORISED_COMPONENT
h6000_q-000198_r+000880,19.353215773849488,19.353215773849488,0.0,0.0,0.0,CONTROLLED,sicily,WHOLE_LAND_SINGLE_AUTHORISED_COMPONENT
h6000_q-000198_r+000881,19.333986199415207,19.333986199415207,0.0,0.0,0.0,CONTROLLED,sicily,WHOLE_LAND_SINGLE_AUTHORISED_COMPONENT
h6000_q-000198_r+000882,19.314759777629853,19.314759777629853,0.0,0.0,0.0,CONTROLLED,sicily,WHOLE_LAND_SINGLE_AUTHORISED_COMPONENT
h6000_q-000198_r+000883,19.295536552667617,19.295536552667617,0.0,0.0,0.0,CONTROLLED,sicily,WHOLE_LAND_SINGLE_AUTHORISED_COMPONENT
h6000_q-000198_r+000884,19.276316568592073,19.276316568592073,0.0,0.0,0.0,CONTROLLED,sicily,WHOLE_LAND_SINGLE_AUTHORISED_COMPONENT
h6000_q-000198_r+000885,19.257099869426728,19.257099869426728,0.0,0.0,0.0,CONTROLLED,sicily,WHOLE_LAND_SINGLE_AUTHORISED_COMPONENT
h6000_q-000198_r+000886,10.322162496980125,10.322162496980125,0.0,0.0,0.0,CONTROLLED,sicily,WHOLE_LAND_SINGLE_AUTHORISED_COMPONENT
h6000_q-000199_r+000870,16.94426670776163,16.94426670776163,0.0,0.0,0.0,CONTROLLED,sicily,WHOLE_LAND_SINGLE_AUTHORISED_COMPONENT
h6000_q-000199_r+000871,19.526416470165252,19.526416470165252,0.0,0.0,0.0,CONTROLLED,sicily,WHOLE_LAND_SINGLE_AUTHORISED_COMPONENT
h6000_q-000199_r+000872,19.507160527435303,19.507160527435303,0.0,0.0,0.0,CONTROLLED,sicily,WHOLE_LAND_SINGLE_AUTHORISED_COMPONENT
h6000_q-000199_r+000873,19.48790733503723,19.48790733503723,0.0,0.0,0.0,CONTROLLED,sicily,WHOLE_LAND_SINGLE_AUTHORISED_COMPONENT
h6000_q-000199_r+000874,19.46865693806076,19.46865693806076,0.0,0.0,0.0,CONTROLLED,sicily,WHOLE_LAND_SINGLE_AUTHORISED_COMPONENT
h6000_q-000199_r+000875,19.449409381637572,19.449409381637572,0.0,0.0,0.0,CONTROLLED,sicily,WHOLE_LAND_SINGLE_AUTHORISED_COMPONENT
h6000_q-000199_r+000876,19.430164710479737,19.430164710479737,0.0,0.0,0.0,CONTROLLED,sicily,WHOLE_LAND_SINGLE_AUTHORISED_COMPONENT
h6000_q-000199_r+000877,19.41092296945572,19.41092296945572,0.0,0.0,0.0,CONTROLLED,sicily,WHOLE_LAND_SINGLE_AUTHORISED_COMPONENT
h6000_q-000199_r+000878,19.39168420336914,19.39168420336914,0.0,0.0,0.0,CONTROLLED,sicily,WHOLE_LAND_SINGLE_AUTHORISED_COMPONENT
h6000_q-000199_r+000879,19.372448456596373,19.372448456596373,0.0,0.0,0.0,CONTROLLED,sicily,WHOLE_LAND_SINGLE_AUTHORISED_COMPONENT
h6000_q-000199_r+000880,19.35321577384758,19.35321577384758,0.0,0.0,0.0,CONTROLLED,sicily,WHOLE_LAND_SINGLE_AUTHORISED_COMPONENT
h6000_q-000199_r+000881,19.333986199417115,19.333986199417115,0.0,0.0,0.0,CONTROLLED,sicily,WHOLE_LAND_SINGLE_AUTHORISED_COMPONENT
h6000_q-000199_r+000882,19.314759777633668,19.314759777633668,0.0,0.0,0.0,CONTROLLED,sicily,WHOLE_LAND_SINGLE_AUTHORISED_COMPONENT
h6000_q-000199_r+000883,18.04302273337275,18.04302273337275,0.0,0.0,0.0,CONTROLLED,sicily,WHOLE_LAND_SINGLE_AUTHORISED_COMPONENT
h6000_q-000199_r+000884,18.341557599963757,18.341557599963757,0.0,0.0,0.0,CONTROLLED,sicily,WHOLE_LAND_SINGLE_AUTHORISED_COMPONENT
h6000_q-000199_r+000885,19.257099869441987,19.257099869441987,0.0,0.0,0.0,CONTROLLED,sicily,WHOLE_LAND_SINGLE_AUTHORISED_COMPONENT
h6000_q-000199_r+000886,14.032303529166006,14.032303529166006,0.0,0.0,0.0,CONTROLLED,sicily,WHOLE_LAND_SINGLE_AUTHORISED_COMPONENT
h6000_q-000200_r+000870,16.02170716519302,16.02170716519302,0.0,0.0,0.0,CONTROLLED,sicily,WHOLE_LAND_SINGLE_AUTHORISED_COMPONENT
h6000_q-000200_r+000871,19.526416470165252,19.526416470165252,0.0,0.0,0.0,CONTROLLED,sicily,WHOLE_LAND_SINGLE_AUTHORISED_COMPONENT
h6000_q-000200_r+000872,19.507160527435303,19.507160527435303,0.0,0.0,0.0,CONTROLLED,sicily,WHOLE_LAND_SINGLE_AUTHORISED_COMPONENT
h6000_q-000200_r+000873,19.48790733504486,19.48790733504486,0.0,0.0,0.0,CONTROLLED,sicily,WHOLE_LAND_SINGLE_AUTHORISED_COMPONENT
h6000_q-000200_r+000874,19.468656938030243,19.468656938030243,0.0,0.0,0.0,CONTROLLED,sicily,WHOLE_LAND_SINGLE_AUTHORISED_COMPONENT
h6000_q-000200_r+000875,19.44940938162422,19.44940938162422,0.0,0.0,0.0,CONTROLLED,sicily,WHOLE_LAND_SINGLE_AUTHORISED_COMPONENT
h6000_q-000200_r+000876,19.43016471047783,19.43016471047783,0.0,0.0,0.0,CONTROLLED,sicily,WHOLE_LAND_SINGLE_AUTHORISED_COMPONENT
h6000_q-000200_r+000877,19.41092296945572,19.41092296945572,0.0,0.0,0.0,CONTROLLED,sicily,WHOLE_LAND_SINGLE_AUTHORISED_COMPONENT
h6000_q-000200_r+000878,19.39168420336914,19.39168420336914,0.0,0.0,0.0,CONTROLLED,sicily,WHOLE_LAND_SINGLE_AUTHORISED_COMPONENT
h6000_q-000200_r+000879,19.37244845658493,19.37244845658493,0.0,0.0,0.0,CONTROLLED,sicily,WHOLE_LAND_SINGLE_AUTHORISED_COMPONENT
h6000_q-000200_r+000880,19.35321577383423,19.35321577383423,0.0,0.0,0.0,CONTROLLED,sicily,WHOLE_LAND_SINGLE_AUTHORISED_COMPONENT
h6000_q-000200_r+000881,19.333986199415207,19.333986199415207,0.0,0.0,0.0,CONTROLLED,sicily,WHOLE_LAND_SINGLE_AUTHORISED_COMPONENT
h6000_q-000200_r+000882,18.13626446381566,18.13626446381566,0.0,0.0,0.0,CONTROLLED,sicily,WHOLE_LAND_SINGLE_AUTHORISED_COMPONENT
h6000_q-000200_r+000885,11.443288895914478,11.441667885855908,0.0,0.0016210100585687178,0.00014165595864205232,CONTROLLED,sicily,WHOLE_LAND_SINGLE_AUTHORISED_COMPONENT
h6000_q-000200_r+000886,13.355267823886908,13.354326125471514,0.0,0.0009416984153939411,7.051138380839073e-05,CONTROLLED,sicily,WHOLE_LAND_SINGLE_AUTHORISED_COMPONENT
h6000_q-000201_r+000871,17.303488613797793,17.303488613797793,0.0,0.0,0.0,CONTROLLED,sicily,WHOLE_LAND_SINGLE_AUTHORISED_COMPONENT
h6000_q-000201_r+000872,19.507160527435303,19.507160527435303,0.0,0.0,0.0,CONTROLLED,sicily,WHOLE_LAND_SINGLE_AUTHORISED_COMPONENT
h6000_q-000201_r+000873,19.48790733504486,19.48790733504486,0.0,0.0,0.0,CONTROLLED,sicily,WHOLE_LAND_SINGLE_AUTHORISED_COMPONENT
h6000_q-000201_r+000874,19.468656938030243,19.468656938030243,0.0,0.0,0.0,CONTROLLED,sicily,WHOLE_LAND_SINGLE_AUTHORISED_COMPONENT
h6000_q-000201_r+000875,19.449409381637572,19.449409381637572,0.0,0.0,0.0,CONTROLLED,sicily,WHOLE_LAND_SINGLE_AUTHORISED_COMPONENT
h6000_q-000201_r+000876,19.430164710479737,19.430164710479737,0.0,0.0,0.0,CONTROLLED,sicily,WHOLE_LAND_SINGLE_AUTHORISED_COMPONENT
h6000_q-000201_r+000877,19.41092296946335,19.41092296946335,0.0,0.0,0.0,CONTROLLED,sicily,WHOLE_LAND_SINGLE_AUTHORISED_COMPONENT
h6000_q-000201_r+000878,19.391684203357695,19.391684203357695,0.0,0.0,0.0,CONTROLLED,sicily,WHOLE_LAND_SINGLE_AUTHORISED_COMPONENT
h6000_q-000201_r+000879,19.37244845658493,19.37244845658493,0.0,0.0,0.0,CONTROLLED,sicily,WHOLE_LAND_SINGLE_AUTHORISED_COMPONENT
h6000_q-000201_r+000880,19.35321577383423,19.35321577383423,0.0,0.0,0.0,CONTROLLED,sicily,WHOLE_LAND_SINGLE_AUTHORISED_COMPONENT
h6000_q-000201_r+000881,19.333986199417115,19.333986199417115,0.0,0.0,0.0,CONTROLLED,sicily,WHOLE_LAND_SINGLE_AUTHORISED_COMPONENT
h6000_q-000201_r+000882,11.759694274317578,11.759694274317578,0.0,0.0,0.0,CONTROLLED,sicily,WHOLE_LAND_SINGLE_AUTHORISED_COMPONENT
h6000_q-000202_r+000872,17.67752993987803,17.67752993987803,0.0,0.0,0.0,CONTROLLED,sicily,WHOLE_LAND_SINGLE_AUTHORISED_COMPONENT
h6000_q-000202_r+000873,19.48790733504486,19.48790733504486,0.0,0.0,0.0,CONTROLLED,sicily,WHOLE_LAND_SINGLE_AUTHORISED_COMPONENT
h6000_q-000202_r+000874,19.468656938030243,19.468656938030243,0.0,0.0,0.0,CONTROLLED,sicily,WHOLE_LAND_SINGLE_AUTHORISED_COMPONENT
h6000_q-000202_r+000875,19.449409381637572,19.449409381637572,0.0,0.0,0.0,CONTROLLED,sicily,WHOLE_LAND_SINGLE_AUTHORISED_COMPONENT
h6000_q-000202_r+000876,19.430164710479737,19.430164710479737,0.0,0.0,0.0,CONTROLLED,sicily,WHOLE_LAND_SINGLE_AUTHORISED_COMPONENT
h6000_q-000202_r+000877,19.41092296945572,19.41092296945572,0.0,0.0,0.0,CONTROLLED,sicily,WHOLE_LAND_SINGLE_AUTHORISED_COMPONENT
h6000_q-000202_r+000878,19.39168420336914,19.39168420336914,0.0,0.0,0.0,CONTROLLED,sicily,WHOLE_LAND_SINGLE_AUTHORISED_COMPONENT
h6000_q-000202_r+000879,19.372448456596373,19.372448456596373,0.0,0.0,0.0,CONTROLLED,sicily,WHOLE_LAND_SINGLE_AUTHORISED_COMPONENT
h6000_q-000202_r+000880,19.35321577384758,19.35321577384758,0.0,0.0,0.0,CONTROLLED,sicily,WHOLE_LAND_SINGLE_AUTHORISED_COMPONENT
h6000_q-000202_r+000881,19.333986199417115,19.333986199417115,0.0,0.0,0.0,CONTROLLED,sicily,WHOLE_LAND_SINGLE_AUTHORISED_COMPONENT
h6000_q-000202_r+000882,13.071288817916559,13.071288817916559,0.0,0.0,0.0,CONTROLLED,sicily,WHOLE_LAND_SINGLE_AUTHORISED_COMPONENT
h6000_q-000203_r+000873,19.48790733504486,19.48790733504486,0.0,0.0,0.0,CONTROLLED,sicily,WHOLE_LAND_SINGLE_AUTHORISED_COMPONENT
h6000_q-000203_r+000874,19.468656938030243,19.468656938030243,0.0,0.0,0.0,CONTROLLED,sicily,WHOLE_LAND_SINGLE_AUTHORISED_COMPONENT
h6000_q-000203_r+000875,19.449409381637572,19.449409381637572,0.0,0.0,0.0,CONTROLLED,sicily,WHOLE_LAND_SINGLE_AUTHORISED_COMPONENT
h6000_q-000203_r+000876,19.430164710479737,19.430164710479737,0.0,0.0,0.0,CONTROLLED,sicily,WHOLE_LAND_SINGLE_AUTHORISED_COMPONENT
h6000_q-000203_r+000877,19.41092296945572,19.41092296945572,0.0,0.0,0.0,CONTROLLED,sicily,WHOLE_LAND_SINGLE_AUTHORISED_COMPONENT
h6000_q-000203_r+000878,19.39168420336914,19.39168420336914,0.0,0.0,0.0,CONTROLLED,sicily,WHOLE_LAND_SINGLE_AUTHORISED_COMPONENT
h6000_q-000203_r+000879,19.37244845658493,19.37244845658493,0.0,0.0,0.0,CONTROLLED,sicily,WHOLE_LAND_SINGLE_AUTHORISED_COMPONENT
h6000_q-000203_r+000880,19.35321577383423,19.35321577383423,0.0,0.0,0.0,CONTROLLED,sicily,WHOLE_LAND_SINGLE_AUTHORISED_COMPONENT
h6000_q-000203_r+000881,19.333986199415207,19.333986199415207,0.0,0.0,0.0,CONTROLLED,sicily,WHOLE_LAND_SINGLE_AUTHORISED_COMPONENT
h6000_q-000203_r+000882,19.314759777629853,19.314759777629853,0.0,0.0,0.0,CONTROLLED,sicily,WHOLE_LAND_SINGLE_AUTHORISED_COMPONENT
h6000_q-000204_r+000873,19.48790733503723,19.48790733503723,0.0,0.0,0.0,CONTROLLED,sicily,WHOLE_LAND_SINGLE_AUTHORISED_COMPONENT
h6000_q-000204_r+000874,19.46865693806076,19.46865693806076,0.0,0.0,0.0,CONTROLLED,sicily,WHOLE_LAND_SINGLE_AUTHORISED_COMPONENT
h6000_q-000204_r+000875,19.449409381637572,19.449409381637572,0.0,0.0,0.0,CONTROLLED,sicily,WHOLE_LAND_SINGLE_AUTHORISED_COMPONENT
h6000_q-000204_r+000876,19.430164710479737,19.430164710479737,0.0,0.0,0.0,CONTROLLED,sicily,WHOLE_LAND_SINGLE_AUTHORISED_COMPONENT
h6000_q-000204_r+000877,19.41092296945572,19.41092296945572,0.0,0.0,0.0,CONTROLLED,sicily,WHOLE_LAND_SINGLE_AUTHORISED_COMPONENT
h6000_q-000204_r+000878,19.39168420336914,19.39168420336914,0.0,0.0,0.0,CONTROLLED,sicily,WHOLE_LAND_SINGLE_AUTHORISED_COMPONENT
h6000_q-000204_r+000879,19.37244845658493,19.37244845658493,0.0,0.0,0.0,CONTROLLED,sicily,WHOLE_LAND_SINGLE_AUTHORISED_COMPONENT
h6000_q-000204_r+000880,19.35321577383423,19.35321577383423,0.0,0.0,0.0,CONTROLLED,sicily,WHOLE_LAND_SINGLE_AUTHORISED_COMPONENT
h6000_q-000204_r+000881,19.333986199417115,19.333986199417115,0.0,0.0,0.0,CONTROLLED,sicily,WHOLE_LAND_SINGLE_AUTHORISED_COMPONENT
h6000_q-000204_r+000882,19.31475977763748,19.31475977763748,0.0,0.0,0.0,CONTROLLED,sicily,WHOLE_LAND_SINGLE_AUTHORISED_COMPONENT
h6000_q-000204_r+000883,18.73414430168738,18.729612263281666,0.0,0.004532038405716419,0.00024191328585572064,CONTROLLED,sicily,WHOLE_LAND_SINGLE_AUTHORISED_COMPONENT
h6000_q-000205_r+000874,19.468656938030243,19.468656938030243,0.0,0.0,0.0,CONTROLLED,sicily,WHOLE_LAND_SINGLE_AUTHORISED_COMPONENT
h6000_q-000205_r+000875,19.44940938162422,19.44940938162422,0.0,0.0,0.0,CONTROLLED,sicily,WHOLE_LAND_SINGLE_AUTHORISED_COMPONENT
h6000_q-000205_r+000876,19.43016471047783,19.43016471047783,0.0,0.0,0.0,CONTROLLED,sicily,WHOLE_LAND_SINGLE_AUTHORISED_COMPONENT
h6000_q-000205_r+000877,19.41092296945572,19.41092296945572,0.0,0.0,0.0,CONTROLLED,sicily,WHOLE_LAND_SINGLE_AUTHORISED_COMPONENT
h6000_q-000205_r+000878,19.39168420336914,19.39168420336914,0.0,0.0,0.0,CONTROLLED,sicily,WHOLE_LAND_SINGLE_AUTHORISED_COMPONENT
h6000_q-000205_r+000879,19.37244845658493,19.37244845658493,0.0,0.0,0.0,CONTROLLED,sicily,WHOLE_LAND_SINGLE_AUTHORISED_COMPONENT
h6000_q-000205_r+000880,19.35321577383423,19.35321577383423,0.0,0.0,0.0,CONTROLLED,sicily,WHOLE_LAND_SINGLE_AUTHORISED_COMPONENT
h6000_q-000205_r+000881,19.333986199417115,19.333986199417115,0.0,0.0,0.0,CONTROLLED,sicily,WHOLE_LAND_SINGLE_AUTHORISED_COMPONENT
h6000_q-000205_r+000882,19.31475977763748,19.31475977763748,0.0,0.0,0.0,CONTROLLED,sicily,WHOLE_LAND_SINGLE_AUTHORISED_COMPONENT
h6000_q-000205_r+000883,19.295536552669525,19.295536552669525,0.0,0.0,0.0,CONTROLLED,sicily,WHOLE_LAND_SINGLE_AUTHORISED_COMPONENT
h6000_q-000205_r+000884,18.251086089915393,18.250922424653595,0.0,0.00016366526179760693,8.967425883111685e-06,CONTROLLED,sicily,WHOLE_LAND_SINGLE_AUTHORISED_COMPONENT
h6000_q-000206_r+000875,17.414873919263535,17.41435576399772,0.0,0.000518155265815556,2.97536042016587e-05,CONTROLLED,sicily,WHOLE_LAND_SINGLE_AUTHORISED_COMPONENT
h6000_q-000206_r+000876,19.430164710479737,19.430164710479737,0.0,0.0,0.0,CONTROLLED,sicily,WHOLE_LAND_SINGLE_AUTHORISED_COMPONENT
h6000_q-000206_r+000877,19.41092296946335,19.41092296946335,0.0,0.0,0.0,CONTROLLED,sicily,WHOLE_LAND_SINGLE_AUTHORISED_COMPONENT
h6000_q-000206_r+000878,19.391684203357695,19.391684203357695,0.0,0.0,0.0,CONTROLLED,sicily,WHOLE_LAND_SINGLE_AUTHORISED_COMPONENT
h6000_q-000206_r+000879,19.37244845658493,19.37244845658493,0.0,0.0,0.0,CONTROLLED,sicily,WHOLE_LAND_SINGLE_AUTHORISED_COMPONENT
h6000_q-000206_r+000880,19.35321577383423,19.35321577383423,0.0,0.0,0.0,CONTROLLED,sicily,WHOLE_LAND_SINGLE_AUTHORISED_COMPONENT
h6000_q-000206_r+000881,19.333986199417115,19.333986199417115,0.0,0.0,0.0,CONTROLLED,sicily,WHOLE_LAND_SINGLE_AUTHORISED_COMPONENT
h6000_q-000206_r+000882,19.31475977763748,19.31475977763748,0.0,0.0,0.0,CONTROLLED,sicily,WHOLE_LAND_SINGLE_AUTHORISED_COMPONENT
h6000_q-000206_r+000883,19.295536552669525,19.295536552669525,0.0,0.0,0.0,CONTROLLED,sicily,WHOLE_LAND_SINGLE_AUTHORISED_COMPONENT
h6000_q-000206_r+000884,17.070505861738987,17.070505861738987,0.0,0.0,0.0,CONTROLLED,sicily,WHOLE_LAND_SINGLE_AUTHORISED_COMPONENT
h6000_q-000206_r+000885,16.202034544054726,16.199492318525362,0.0,0.0025422255293624475,0.00015690779589747926,CONTROLLED,sicily,WHOLE_LAND_SINGLE_AUTHORISED_COMPONENT
h6000_q-000207_r+000876,13.083669781090197,13.082954689002188,0.0,0.000715092088011559,5.465531460027218e-05,CONTROLLED,sicily,WHOLE_LAND_SINGLE_AUTHORISED_COMPONENT
h6000_q-000207_r+000877,13.129493941369283,13.094969974907253,0.0,0.03452396646203101,0.00262949711665966,CONTROLLED,sicily,WHOLE_LAND_SINGLE_AUTHORISED_COMPONENT
h6000_q-000207_r+000878,18.388975107054048,18.388975107054048,0.0,0.0,0.0,CONTROLLED,sicily,WHOLE_LAND_SINGLE_AUTHORISED_COMPONENT
h6000_q-000207_r+000879,19.372448456596373,19.372448456596373,0.0,0.0,0.0,CONTROLLED,sicily,WHOLE_LAND_SINGLE_AUTHORISED_COMPONENT
h6000_q-000207_r+000880,19.35321577384758,19.35321577384758,0.0,0.0,0.0,CONTROLLED,sicily,WHOLE_LAND_SINGLE_AUTHORISED_COMPONENT
h6000_q-000207_r+000881,19.333986199417115,19.333986199417115,0.0,0.0,0.0,CONTROLLED,sicily,WHOLE_LAND_SINGLE_AUTHORISED_COMPONENT
h6000_q-000207_r+000882,19.31475977763748,19.31475977763748,0.0,0.0,0.0,CONTROLLED,sicily,WHOLE_LAND_SINGLE_AUTHORISED_COMPONENT
h6000_q-000207_r+000883,16.242400613592167,16.242400613592167,0.0,0.0,0.0,CONTROLLED,sicily,WHOLE_LAND_SINGLE_AUTHORISED_COMPONENT
h6000_q-000207_r+000884,11.202403271811395,11.202348723694358,0.0,5.4548117035999897e-05,4.869322743741899e-06,CONTROLLED,sicily,WHOLE_LAND_SINGLE_AUTHORISED_COMPONENT
h6000_q-000208_r+000879,13.268969049470849,13.186795858549,0.0,0.08217319092184736,0.006192884361662169,CONTROLLED,sicily,WHOLE_LAND_SINGLE_AUTHORISED_COMPONENT
h6000_q-000208_r+000880,14.908717417867102,14.908717417867102,0.0,0.0,0.0,CONTROLLED,sicily,WHOLE_LAND_SINGLE_AUTHORISED_COMPONENT
h6000_q-000208_r+000881,19.07827529766058,19.07827529766058,0.0,0.0,0.0,CONTROLLED,sicily,WHOLE_LAND_SINGLE_AUTHORISED_COMPONENT
h6000_q-000208_r+000882,19.051166528740833,19.051166528740833,0.0,0.0,0.0,CONTROLLED,sicily,WHOLE_LAND_SINGLE_AUTHORISED_COMPONENT
h6000_q-000208_r+000883,12.210921715570802,12.210921715570802,0.0,0.0,0.0,CONTROLLED,sicily,WHOLE_LAND_SINGLE_AUTHORISED_COMPONENT
h6000_q-000279_r+000913,9.670774651414506,0.0,9.670774651414506,0.0,0.0,CONTROLLED,sardinia,WHOLE_LAND_SINGLE_AUTHORISED_COMPONENT
h6000_q-000280_r+000913,18.72054141314316,0.0,18.72054141314316,0.0,0.0,CONTROLLED,sardinia,WHOLE_LAND_SINGLE_AUTHORISED_COMPONENT
h6000_q-000280_r+000914,18.136794751770548,0.0,18.136794751770548,0.0,0.0,CONTROLLED,sardinia,WHOLE_LAND_SINGLE_AUTHORISED_COMPONENT
h6000_q-000280_r+000915,10.483294305898486,0.0,10.48304051935997,0.00025378653851681153,2.4208662955691045e-05,CONTROLLED,sardinia,WHOLE_LAND_SINGLE_AUTHORISED_COMPONENT
h6000_q-000281_r+000913,18.72054141314316,0.0,18.72054141314316,0.0,0.0,CONTROLLED,sardinia,WHOLE_LAND_SINGLE_AUTHORISED_COMPONENT
h6000_q-000281_r+000914,18.7014386603775,0.0,18.7014386603775,0.0,0.0,CONTROLLED,sardinia,WHOLE_LAND_SINGLE_AUTHORISED_COMPONENT
h6000_q-000281_r+000915,18.682340465442657,0.0,18.682340465442657,0.0,0.0,CONTROLLED,sardinia,WHOLE_LAND_SINGLE_AUTHORISED_COMPONENT
h6000_q-000281_r+000916,18.663246869058607,0.0,18.663246869058607,0.0,0.0,CONTROLLED,sardinia,WHOLE_LAND_SINGLE_AUTHORISED_COMPONENT
h6000_q-000281_r+000917,18.644157912073137,0.0,18.644157912073137,0.0,0.0,CONTROLLED,sardinia,WHOLE_LAND_SINGLE_AUTHORISED_COMPONENT
h6000_q-000281_r+000918,11.72254824309119,0.0,11.72254824309119,0.0,0.0,CONTROLLED,sardinia,WHOLE_LAND_SINGLE_AUTHORISED_COMPONENT
h6000_q-000282_r+000913,14.239911180374715,0.0,14.239911180374715,0.0,0.0,CONTROLLED,sardinia,WHOLE_LAND_SINGLE_AUTHORISED_COMPONENT
h6000_q-000282_r+000914,18.70143866038704,0.0,18.70143866038704,0.0,0.0,CONTROLLED,sardinia,WHOLE_LAND_SINGLE_AUTHORISED_COMPONENT
h6000_q-000282_r+000915,18.682340465442657,0.0,18.682340465442657,0.0,0.0,CONTROLLED,sardinia,WHOLE_LAND_SINGLE_AUTHORISED_COMPONENT
h6000_q-000282_r+000916,18.663246869068146,0.0,18.663246869068146,0.0,0.0,CONTROLLED,sardinia,WHOLE_LAND_SINGLE_AUTHORISED_COMPONENT
h6000_q-000282_r+000917,18.64415791207123,0.0,18.64415791207123,0.0,0.0,CONTROLLED,sardinia,WHOLE_LAND_SINGLE_AUTHORISED_COMPONENT
h6000_q-000282_r+000918,18.62507363510513,0.0,18.62507363510513,0.0,0.0,CONTROLLED,sardinia,WHOLE_LAND_SINGLE_AUTHORISED_COMPONENT
h6000_q-000282_r+000919,18.60599407871628,0.0,18.60599407871628,0.0,0.0,CONTROLLED,sardinia,WHOLE_LAND_SINGLE_AUTHORISED_COMPONENT
h6000_q-000282_r+000920,17.769776981307174,0.0,17.769776981307174,0.0,0.0,CONTROLLED,sardinia,WHOLE_LAND_SINGLE_AUTHORISED_COMPONENT
h6000_q-000282_r+000921,15.79117447382749,0.0,15.79117447382749,0.0,0.0,CONTROLLED,sardinia,WHOLE_LAND_SINGLE_AUTHORISED_COMPONENT
h6000_q-000283_r+000914,18.424663109582056,0.0,18.424663109582056,0.0,0.0,CONTROLLED,sardinia,WHOLE_LAND_SINGLE_AUTHORISED_COMPONENT
h6000_q-000283_r+000915,18.682340465457916,0.0,18.682340465457916,0.0,0.0,CONTROLLED,sardinia,WHOLE_LAND_SINGLE_AUTHORISED_COMPONENT
h6000_q-000283_r+000916,18.663246869058607,0.0,18.663246869058607,0.0,0.0,CONTROLLED,sardinia,WHOLE_LAND_SINGLE_AUTHORISED_COMPONENT
h6000_q-000283_r+000917,18.64415791207123,0.0,18.64415791207123,0.0,0.0,CONTROLLED,sardinia,WHOLE_LAND_SINGLE_AUTHORISED_COMPONENT
h6000_q-000283_r+000918,18.625073635108947,0.0,18.625073635108947,0.0,0.0,CONTROLLED,sardinia,WHOLE_LAND_SINGLE_AUTHORISED_COMPONENT
h6000_q-000283_r+000919,18.605994078708648,0.0,18.605994078708648,0.0,0.0,CONTROLLED,sardinia,WHOLE_LAND_SINGLE_AUTHORISED_COMPONENT
h6000_q-000283_r+000920,18.586919283254623,0.0,18.586919283254623,0.0,0.0,CONTROLLED,sardinia,WHOLE_LAND_SINGLE_AUTHORISED_COMPONENT
h6000_q-000283_r+000921,18.567849289258955,0.0,18.567849289258955,0.0,0.0,CONTROLLED,sardinia,WHOLE_LAND_SINGLE_AUTHORISED_COMPONENT
h6000_q-000283_r+000922,18.54878413679123,0.0,18.54878413679123,0.0,0.0,CONTROLLED,sardinia,WHOLE_LAND_SINGLE_AUTHORISED_COMPONENT
h6000_q-000283_r+000923,14.524607090933733,0.0,14.524607090933733,0.0,0.0,CONTROLLED,sardinia,WHOLE_LAND_SINGLE_AUTHORISED_COMPONENT
h6000_q-000283_r+000924,9.30886879989346,0.0,9.307827637248653,0.0010411626448067835,0.00011184631206948577,CONTROLLED,sardinia,WHOLE_LAND_SINGLE_AUTHORISED_COMPONENT
h6000_q-000284_r+000915,18.682340465446472,0.0,18.682340465446472,0.0,0.0,CONTROLLED,sardinia,WHOLE_LAND_SINGLE_AUTHORISED_COMPONENT
h6000_q-000284_r+000916,18.663246869068146,0.0,18.663246869068146,0.0,0.0,CONTROLLED,sardinia,WHOLE_LAND_SINGLE_AUTHORISED_COMPONENT
h6000_q-000284_r+000917,18.644157912073137,0.0,18.644157912073137,0.0,0.0,CONTROLLED,sardinia,WHOLE_LAND_SINGLE_AUTHORISED_COMPONENT
h6000_q-000284_r+000918,18.62507363510513,0.0,18.62507363510513,0.0,0.0,CONTROLLED,sardinia,WHOLE_LAND_SINGLE_AUTHORISED_COMPONENT
h6000_q-000284_r+000919,18.605994078708648,0.0,18.605994078708648,0.0,0.0,CONTROLLED,sardinia,WHOLE_LAND_SINGLE_AUTHORISED_COMPONENT
h6000_q-000284_r+000920,18.586919283252715,0.0,18.586919283252715,0.0,0.0,CONTROLLED,sardinia,WHOLE_LAND_SINGLE_AUTHORISED_COMPONENT
h6000_q-000284_r+000921,18.56784928927231,0.0,18.56784928927231,0.0,0.0,CONTROLLED,sardinia,WHOLE_LAND_SINGLE_AUTHORISED_COMPONENT
h6000_q-000284_r+000922,18.54878413680458,0.0,18.54878413680458,0.0,0.0,CONTROLLED,sardinia,WHOLE_LAND_SINGLE_AUTHORISED_COMPONENT
h6000_q-000284_r+000923,18.529723866077422,0.0,18.529723866077422,0.0,0.0,CONTROLLED,sardinia,WHOLE_LAND_SINGLE_AUTHORISED_COMPONENT
h6000_q-000284_r+000924,18.510668517189025,0.0,18.510668517189025,0.0,0.0,CONTROLLED,sardinia,WHOLE_LAND_SINGLE_AUTHORISED_COMPONENT
h6000_q-000284_r+000925,18.491618129951476,0.0,18.491618129951476,0.0,0.0,CONTROLLED,sardinia,WHOLE_LAND_SINGLE_AUTHORISED_COMPONENT
h6000_q-000284_r+000926,11.071186436082398,0.0,11.071186436082398,0.0,0.0,CONTROLLED,sardinia,WHOLE_LAND_SINGLE_AUTHORISED_COMPONENT
h6000_q-000285_r+000915,17.591045808314455,0.0,17.591045808314455,0.0,0.0,CONTROLLED,sardinia,WHOLE_LAND_SINGLE_AUTHORISED_COMPONENT
h6000_q-000285_r+000916,18.663246869068146,0.0,18.663246869068146,0.0,0.0,CONTROLLED,sardinia,WHOLE_LAND_SINGLE_AUTHORISED_COMPONENT
h6000_q-000285_r+000917,18.644157912088396,0.0,18.644157912088396,0.0,0.0,CONTROLLED,sardinia,WHOLE_LAND_SINGLE_AUTHORISED_COMPONENT
h6000_q-000285_r+000918,18.62507363508606,0.0,18.62507363508606,0.0,0.0,CONTROLLED,sardinia,WHOLE_LAND_SINGLE_AUTHORISED_COMPONENT
h6000_q-000285_r+000919,18.60599407871628,0.0,18.60599407871628,0.0,0.0,CONTROLLED,sardinia,WHOLE_LAND_SINGLE_AUTHORISED_COMPONENT
h6000_q-000285_r+000920,18.586919283254623,0.0,18.586919283254623,0.0,0.0,CONTROLLED,sardinia,WHOLE_LAND_SINGLE_AUTHORISED_COMPONENT
h6000_q-000285_r+000921,18.56784928927231,0.0,18.56784928927231,0.0,0.0,CONTROLLED,sardinia,WHOLE_LAND_SINGLE_AUTHORISED_COMPONENT
h6000_q-000285_r+000922,18.54878413679123,0.0,18.54878413679123,0.0,0.0,CONTROLLED,sardinia,WHOLE_LAND_SINGLE_AUTHORISED_COMPONENT
h6000_q-000285_r+000923,18.529723866069794,0.0,18.529723866069794,0.0,0.0,CONTROLLED,sardinia,WHOLE_LAND_SINGLE_AUTHORISED_COMPONENT
h6000_q-000285_r+000924,18.51066851717949,0.0,18.51066851717949,0.0,0.0,CONTROLLED,sardinia,WHOLE_LAND_SINGLE_AUTHORISED_COMPONENT
h6000_q-000285_r+000925,18.491618129947664,0.0,18.491618129947664,0.0,0.0,CONTROLLED,sardinia,WHOLE_LAND_SINGLE_AUTHORISED_COMPONENT
h6000_q-000285_r+000926,18.472572744308472,0.0,18.472572744308472,0.0,0.0,CONTROLLED,sardinia,WHOLE_LAND_SINGLE_AUTHORISED_COMPONENT
h6000_q-000285_r+000927,18.434457899406215,0.0,18.434457899406215,0.0,0.0,CONTROLLED,sardinia,WHOLE_LAND_SINGLE_AUTHORISED_COMPONENT
h6000_q-000285_r+000928,15.739635870390376,0.0,15.73411096754055,0.005524902849826031,0.0003510184667117716,CONTROLLED,sardinia,WHOLE_LAND_SINGLE_AUTHORISED_COMPONENT
h6000_q-000285_r+000929,9.20887974225623,0.0,9.205950930634248,0.002928811621982546,0.00031804211847216176,CONTROLLED,sardinia,WHOLE_LAND_SINGLE_AUTHORISED_COMPONENT
h6000_q-000286_r+000915,13.139379349080153,0.0,13.139379349080153,0.0,0.0,CONTROLLED,sardinia,WHOLE_LAND_SINGLE_AUTHORISED_COMPONENT
h6000_q-000286_r+000916,18.663246869058607,0.0,18.663246869058607,0.0,0.0,CONTROLLED,sardinia,WHOLE_LAND_SINGLE_AUTHORISED_COMPONENT
h6000_q-000286_r+000917,18.644157912073137,0.0,18.644157912073137,0.0,0.0,CONTROLLED,sardinia,WHOLE_LAND_SINGLE_AUTHORISED_COMPONENT
h6000_q-000286_r+000918,18.625073635108947,0.0,18.625073635108947,0.0,0.0,CONTROLLED,sardinia,WHOLE_LAND_SINGLE_AUTHORISED_COMPONENT
h6000_q-000286_r+000919,18.60599407871437,0.0,18.60599407871437,0.0,0.0,CONTROLLED,sardinia,WHOLE_LAND_SINGLE_AUTHORISED_COMPONENT
h6000_q-000286_r+000920,18.586919283260347,0.0,18.586919283260347,0.0,0.0,CONTROLLED,sardinia,WHOLE_LAND_SINGLE_AUTHORISED_COMPONENT
h6000_q-000286_r+000921,18.567849289258955,0.0,18.567849289258955,0.0,0.0,CONTROLLED,sardinia,WHOLE_LAND_SINGLE_AUTHORISED_COMPONENT
h6000_q-000286_r+000922,18.54878413680458,0.0,18.54878413680458,0.0,0.0,CONTROLLED,sardinia,WHOLE_LAND_SINGLE_AUTHORISED_COMPONENT
h6000_q-000286_r+000923,18.529723866069794,0.0,18.529723866069794,0.0,0.0,CONTROLLED,sardinia,WHOLE_LAND_SINGLE_AUTHORISED_COMPONENT
h6000_q-000286_r+000924,18.510668517189025,0.0,18.510668517189025,0.0,0.0,CONTROLLED,sardinia,WHOLE_LAND_SINGLE_AUTHORISED_COMPONENT
h6000_q-000286_r+000925,18.491618129951476,0.0,18.491618129951476,0.0,0.0,CONTROLLED,sardinia,WHOLE_LAND_SINGLE_AUTHORISED_COMPONENT
h6000_q-000286_r+000926,18.472572744321823,0.0,18.472572744321823,0.0,0.0,CONTROLLED,sardinia,WHOLE_LAND_SINGLE_AUTHORISED_COMPONENT
h6000_q-000286_r+000927,18.453532399915694,0.0,18.453532399915694,0.0,0.0,CONTROLLED,sardinia,WHOLE_LAND_SINGLE_AUTHORISED_COMPONENT
h6000_q-000286_r+000928,18.43449713650894,0.0,18.43449713650894,0.0,0.0,CONTROLLED,sardinia,WHOLE_LAND_SINGLE_AUTHORISED_COMPONENT
h6000_q-000286_r+000929,18.41546699349594,0.0,18.41546699349594,0.0,0.0,CONTROLLED,sardinia,WHOLE_LAND_SINGLE_AUTHORISED_COMPONENT
h6000_q-000286_r+000930,17.16938810004819,0.0,17.16938810004819,0.0,0.0,CONTROLLED,sardinia,WHOLE_LAND_SINGLE_AUTHORISED_COMPONENT
h6000_q-000287_r+000915,13.792347106159419,0.0,13.792347106159419,0.0,0.0,CONTROLLED,sardinia,WHOLE_LAND_SINGLE_AUTHORISED_COMPONENT
h6000_q-000287_r+000916,18.663246869068146,0.0,18.663246869068146,0.0,0.0,CONTROLLED,sardinia,WHOLE_LAND_SINGLE_AUTHORISED_COMPONENT
h6000_q-000287_r+000917,18.64415791207123,0.0,18.64415791207123,0.0,0.0,CONTROLLED,sardinia,WHOLE_LAND_SINGLE_AUTHORISED_COMPONENT
h6000_q-000287_r+000918,18.62507363510513,0.0,18.62507363510513,0.0,0.0,CONTROLLED,sardinia,WHOLE_LAND_SINGLE_AUTHORISED_COMPONENT
h6000_q-000287_r+000919,18.60599407871628,0.0,18.60599407871628,0.0,0.0,CONTROLLED,sardinia,WHOLE_LAND_SINGLE_AUTHORISED_COMPONENT
h6000_q-000287_r+000920,18.586919283252715,0.0,18.586919283252715,0.0,0.0,CONTROLLED,sardinia,WHOLE_LAND_SINGLE_AUTHORISED_COMPONENT
h6000_q-000287_r+000921,18.56784928926468,0.0,18.56784928926468,0.0,0.0,CONTROLLED,sardinia,WHOLE_LAND_SINGLE_AUTHORISED_COMPONENT
h6000_q-000287_r+000922,18.54878413679123,0.0,18.54878413679123,0.0,0.0,CONTROLLED,sardinia,WHOLE_LAND_SINGLE_AUTHORISED_COMPONENT
h6000_q-000287_r+000923,18.529723866077422,0.0,18.529723866077422,0.0,0.0,CONTROLLED,sardinia,WHOLE_LAND_SINGLE_AUTHORISED_COMPONENT
h6000_q-000287_r+000924,18.51066851717949,0.0,18.51066851717949,0.0,0.0,CONTROLLED,sardinia,WHOLE_LAND_SINGLE_AUTHORISED_COMPONENT
h6000_q-000287_r+000925,18.491618129951476,0.0,18.491618129951476,0.0,0.0,CONTROLLED,sardinia,WHOLE_LAND_SINGLE_AUTHORISED_COMPONENT
h6000_q-000287_r+000926,18.472572744308472,0.0,18.472572744308472,0.0,0.0,CONTROLLED,sardinia,WHOLE_LAND_SINGLE_AUTHORISED_COMPONENT
h6000_q-000287_r+000927,18.45353239993286,0.0,18.45353239993286,0.0,0.0,CONTROLLED,sardinia,WHOLE_LAND_SINGLE_AUTHORISED_COMPONENT
h6000_q-000287_r+000928,18.4344971365242,0.0,18.4344971365242,0.0,0.0,CONTROLLED,sardinia,WHOLE_LAND_SINGLE_AUTHORISED_COMPONENT
h6000_q-000287_r+000929,18.41546699348259,0.0,18.41546699348259,0.0,0.0,CONTROLLED,sardinia,WHOLE_LAND_SINGLE_AUTHORISED_COMPONENT
h6000_q-000287_r+000930,18.39644201039505,0.0,18.39644201039505,0.0,0.0,CONTROLLED,sardinia,WHOLE_LAND_SINGLE_AUTHORISED_COMPONENT
h6000_q-000287_r+000931,18.377422226467132,0.0,18.377422226467132,0.0,0.0,CONTROLLED,sardinia,WHOLE_LAND_SINGLE_AUTHORISED_COMPONENT
h6000_q-000287_r+000932,18.35840768096924,0.0,18.35840768096924,0.0,0.0,CONTROLLED,sardinia,WHOLE_LAND_SINGLE_AUTHORISED_COMPONENT
h6000_q-000287_r+000933,12.915724109208258,0.0,12.914930796916035,0.0007933122922241455,6.142220796266111e-05,CONTROLLED,sardinia,WHOLE_LAND_SINGLE_AUTHORISED_COMPONENT
h6000_q-000288_r+000906,9.777960817390552,0.0,9.777960817390552,0.0,0.0,CONTROLLED,sardinia,WHOLE_LAND_SINGLE_AUTHORISED_COMPONENT
h6000_q-000288_r+000907,15.218192308160551,0.0,15.218192308160551,0.0,0.0,CONTROLLED,sardinia,WHOLE_LAND_SINGLE_AUTHORISED_COMPONENT
h6000_q-000288_r+000908,18.816122106052397,0.0,18.816122106052397,0.0,0.0,CONTROLLED,sardinia,WHOLE_LAND_SINGLE_AUTHORISED_COMPONENT
h6000_q-000288_r+000909,18.796997180904388,0.0,18.796997180904388,0.0,0.0,CONTROLLED,sardinia,WHOLE_LAND_SINGLE_AUTHORISED_COMPONENT
h6000_q-000288_r+000910,18.77787660777283,0.0,18.77787660777283,0.0,0.0,CONTROLLED,sardinia,WHOLE_LAND_SINGLE_AUTHORISED_COMPONENT
h6000_q-000288_r+000915,18.682340465457916,0.0,18.682340465457916,0.0,0.0,CONTROLLED,sardinia,WHOLE_LAND_SINGLE_AUTHORISED_COMPONENT
h6000_q-000288_r+000916,18.663246869058607,0.0,18.663246869058607,0.0,0.0,CONTROLLED,sardinia,WHOLE_LAND_SINGLE_AUTHORISED_COMPONENT
h6000_q-000288_r+000917,18.64415791207123,0.0,18.64415791207123,0.0,0.0,CONTROLLED,sardinia,WHOLE_LAND_SINGLE_AUTHORISED_COMPONENT
h6000_q-000288_r+000918,18.625073635108947,0.0,18.625073635108947,0.0,0.0,CONTROLLED,sardinia,WHOLE_LAND_SINGLE_AUTHORISED_COMPONENT
h6000_q-000288_r+000919,18.605994078708648,0.0,18.605994078708648,0.0,0.0,CONTROLLED,sardinia,WHOLE_LAND_SINGLE_AUTHORISED_COMPONENT
h6000_q-000288_r+000920,18.586919283254623,0.0,18.586919283254623,0.0,0.0,CONTROLLED,sardinia,WHOLE_LAND_SINGLE_AUTHORISED_COMPONENT
h6000_q-000288_r+000921,18.567849289258955,0.0,18.567849289258955,0.0,0.0,CONTROLLED,sardinia,WHOLE_LAND_SINGLE_AUTHORISED_COMPONENT
h6000_q-000288_r+000922,18.54878413679123,0.0,18.54878413679123,0.0,0.0,CONTROLLED,sardinia,WHOLE_LAND_SINGLE_AUTHORISED_COMPONENT
h6000_q-000288_r+000923,18.52972386606598,0.0,18.52972386606598,0.0,0.0,CONTROLLED,sardinia,WHOLE_LAND_SINGLE_AUTHORISED_COMPONENT
h6000_q-000288_r+000924,18.510668517183305,0.0,18.510668517183305,0.0,0.0,CONTROLLED,sardinia,WHOLE_LAND_SINGLE_AUTHORISED_COMPONENT
h6000_q-000288_r+000925,18.491618129947664,0.0,18.491618129947664,0.0,0.0,CONTROLLED,sardinia,WHOLE_LAND_SINGLE_AUTHORISED_COMPONENT
h6000_q-000288_r+000926,18.472572744321823,0.0,18.472572744321823,0.0,0.0,CONTROLLED,sardinia,WHOLE_LAND_SINGLE_AUTHORISED_COMPONENT
h6000_q-000288_r+000927,18.45353239993286,0.0,18.45353239993286,0.0,0.0,CONTROLLED,sardinia,WHOLE_LAND_SINGLE_AUTHORISED_COMPONENT
h6000_q-000288_r+000928,18.43449713650894,0.0,18.43449713650894,0.0,0.0,CONTROLLED,sardinia,WHOLE_LAND_SINGLE_AUTHORISED_COMPONENT
h6000_q-000288_r+000929,18.41546699349594,0.0,18.41546699349594,0.0,0.0,CONTROLLED,sardinia,WHOLE_LAND_SINGLE_AUTHORISED_COMPONENT
h6000_q-000288_r+000930,18.39644201040268,0.0,18.39644201040268,0.0,0.0,CONTROLLED,sardinia,WHOLE_LAND_SINGLE_AUTHORISED_COMPONENT
h6000_q-000288_r+000931,18.37742222646904,0.0,18.37742222646904,0.0,0.0,CONTROLLED,sardinia,WHOLE_LAND_SINGLE_AUTHORISED_COMPONENT
h6000_q-000288_r+000932,18.35840768096924,0.0,18.35840768096924,0.0,0.0,CONTROLLED,sardinia,WHOLE_LAND_SINGLE_AUTHORISED_COMPONENT
h6000_q-000288_r+000933,18.339398413021087,0.0,18.339398413021087,0.0,0.0,CONTROLLED,sardinia,WHOLE_LAND_SINGLE_AUTHORISED_COMPONENT
h6000_q-000288_r+000934,18.32039446162033,0.0,18.32039446162033,0.0,0.0,CONTROLLED,sardinia,WHOLE_LAND_SINGLE_AUTHORISED_COMPONENT
h6000_q-000288_r+000935,14.866317838913043,0.0,14.866317838913043,0.0,0.0,CONTROLLED,sardinia,WHOLE_LAND_SINGLE_AUTHORISED_COMPONENT
h6000_q-000289_r+000906,17.976793243044217,0.0,17.940979972841017,0.0358132702032011,0.0019921945877114863,CONTROLLED,sardinia,WHOLE_LAND_SINGLE_AUTHORISED_COMPONENT
h6000_q-000289_r+000907,18.835251341636656,0.0,18.835251341636656,0.0,0.0,CONTROLLED,sardinia,WHOLE_LAND_SINGLE_AUTHORISED_COMPONENT
h6000_q-000289_r+000908,18.816122106052397,0.0,18.816122106052397,0.0,0.0,CONTROLLED,sardinia,WHOLE_LAND_SINGLE_AUTHORISED_COMPONENT
h6000_q-000289_r+000909,18.796997180904388,0.0,18.796997180904388,0.0,0.0,CONTROLLED,sardinia,WHOLE_LAND_SINGLE_AUTHORISED_COMPONENT
h6000_q-000289_r+000910,18.77787660777283,0.0,18.77787660777283,0.0,0.0,CONTROLLED,sardinia,WHOLE_LAND_SINGLE_AUTHORISED_COMPONENT
h6000_q-000289_r+000911,18.758760427906036,0.0,18.758760427906036,0.0,0.0,CONTROLLED,sardinia,WHOLE_LAND_SINGLE_AUTHORISED_COMPONENT
h6000_q-000289_r+000912,14.308533966021018,0.0,14.308533966021018,0.0,0.0,CONTROLLED,sardinia,WHOLE_LAND_SINGLE_AUTHORISED_COMPONENT
h6000_q-000289_r+000914,11.561424023288513,0.0,11.561424023288513,0.0,0.0,CONTROLLED,sardinia,WHOLE_LAND_SINGLE_AUTHORISED_COMPONENT
h6000_q-000289_r+000915,17.27019561793591,0.0,17.27019561793591,0.0,0.0,CONTROLLED,sardinia,WHOLE_LAND_SINGLE_AUTHORISED_COMPONENT
h6000_q-000289_r+000916,18.663246869068146,0.0,18.663246869068146,0.0,0.0,CONTROLLED,sardinia,WHOLE_LAND_SINGLE_AUTHORISED_COMPONENT
h6000_q-000289_r+000917,18.644157912073137,0.0,18.644157912073137,0.0,0.0,CONTROLLED,sardinia,WHOLE_LAND_SINGLE_AUTHORISED_COMPONENT
h6000_q-000289_r+000918,18.62507363510513,0.0,18.62507363510513,0.0,0.0,CONTROLLED,sardinia,WHOLE_LAND_SINGLE_AUTHORISED_COMPONENT
h6000_q-000289_r+000919,18.605994078708648,0.0,18.605994078708648,0.0,0.0,CONTROLLED,sardinia,WHOLE_LAND_SINGLE_AUTHORISED_COMPONENT
h6000_q-000289_r+000920,18.586919283252715,0.0,18.586919283252715,0.0,0.0,CONTROLLED,sardinia,WHOLE_LAND_SINGLE_AUTHORISED_COMPONENT
h6000_q-000289_r+000921,18.56784928927231,0.0,18.56784928927231,0.0,0.0,CONTROLLED,sardinia,WHOLE_LAND_SINGLE_AUTHORISED_COMPONENT
h6000_q-000289_r+000922,18.54878413680458,0.0,18.54878413680458,0.0,0.0,CONTROLLED,sardinia,WHOLE_LAND_SINGLE_AUTHORISED_COMPONENT
h6000_q-000289_r+000923,18.529723866077422,0.0,18.529723866077422,0.0,0.0,CONTROLLED,sardinia,WHOLE_LAND_SINGLE_AUTHORISED_COMPONENT
h6000_q-000289_r+000924,18.510668517189025,0.0,18.510668517189025,0.0,0.0,CONTROLLED,sardinia,WHOLE_LAND_SINGLE_AUTHORISED_COMPONENT
h6000_q-000289_r+000925,18.49161812995529,0.0,18.49161812995529,0.0,0.0,CONTROLLED,sardinia,WHOLE_LAND_SINGLE_AUTHORISED_COMPONENT
h6000_q-000289_r+000926,18.472572744308472,0.0,18.472572744308472,0.0,0.0,CONTROLLED,sardinia,WHOLE_LAND_SINGLE_AUTHORISED_COMPONENT
h6000_q-000289_r+000927,18.453532399915694,0.0,18.453532399915694,0.0,0.0,CONTROLLED,sardinia,WHOLE_LAND_SINGLE_AUTHORISED_COMPONENT
h6000_q-000289_r+000928,18.4344971365242,0.0,18.4344971365242,0.0,0.0,CONTROLLED,sardinia,WHOLE_LAND_SINGLE_AUTHORISED_COMPONENT
h6000_q-000289_r+000929,18.41546699349594,0.0,18.41546699349594,0.0,0.0,CONTROLLED,sardinia,WHOLE_LAND_SINGLE_AUTHORISED_COMPONENT
h6000_q-000289_r+000930,18.39644201039505,0.0,18.39644201039505,0.0,0.0,CONTROLLED,sardinia,WHOLE_LAND_SINGLE_AUTHORISED_COMPONENT
h6000_q-000289_r+000931,18.377422226467132,0.0,18.377422226467132,0.0,0.0,CONTROLLED,sardinia,WHOLE_LAND_SINGLE_AUTHORISED_COMPONENT
h6000_q-000289_r+000932,18.358407680971144,0.0,18.358407680971144,0.0,0.0,CONTROLLED,sardinia,WHOLE_LAND_SINGLE_AUTHORISED_COMPONENT
h6000_q-000289_r+000933,18.33939841300392,0.0,18.33939841300392,0.0,0.0,CONTROLLED,sardinia,WHOLE_LAND_SINGLE_AUTHORISED_COMPONENT
h6000_q-000289_r+000934,18.32039446162033,0.0,18.32039446162033,0.0,0.0,CONTROLLED,sardinia,WHOLE_LAND_SINGLE_AUTHORISED_COMPONENT
h6000_q-000289_r+000935,18.301395865756987,0.0,18.301395865756987,0.0,0.0,CONTROLLED,sardinia,WHOLE_LAND_SINGLE_AUTHORISED_COMPONENT
h6000_q-000289_r+000936,18.282402664100648,0.0,18.282402664100648,0.0,0.0,CONTROLLED,sardinia,WHOLE_LAND_SINGLE_AUTHORISED_COMPONENT
h6000_q-000289_r+000937,18.138261407655826,0.0,18.138261407655826,0.0,0.0,CONTROLLED,sardinia,WHOLE_LAND_SINGLE_AUTHORISED_COMPONENT
h6000_q-000289_r+000938,16.202838393145953,0.0,16.202838393145953,0.0,0.0,CONTROLLED,sardinia,WHOLE_LAND_SINGLE_AUTHORISED_COMPONENT
h6000_q-000290_r+000907,18.835251341648103,0.0,18.835251341648103,0.0,0.0,CONTROLLED,sardinia,WHOLE_LAND_SINGLE_AUTHORISED_COMPONENT
h6000_q-000290_r+000908,18.81612210607338,0.0,18.81612210607338,0.0,0.0,CONTROLLED,sardinia,WHOLE_LAND_SINGLE_AUTHORISED_COMPONENT
h6000_q-000290_r+000909,18.796997180906295,0.0,18.796997180906295,0.0,0.0,CONTROLLED,sardinia,WHOLE_LAND_SINGLE_AUTHORISED_COMPONENT
h6000_q-000290_r+000910,18.77787660777283,0.0,18.77787660777283,0.0,0.0,CONTROLLED,sardinia,WHOLE_LAND_SINGLE_AUTHORISED_COMPONENT
h6000_q-000290_r+000911,18.758760427906036,0.0,18.758760427906036,0.0,0.0,CONTROLLED,sardinia,WHOLE_LAND_SINGLE_AUTHORISED_COMPONENT
h6000_q-000290_r+000912,18.739648682662963,0.0,18.739648682662963,0.0,0.0,CONTROLLED,sardinia,WHOLE_LAND_SINGLE_AUTHORISED_COMPONENT
h6000_q-000290_r+000913,18.72054141314316,0.0,18.72054141314316,0.0,0.0,CONTROLLED,sardinia,WHOLE_LAND_SINGLE_AUTHORISED_COMPONENT
h6000_q-000290_r+000914,18.7014386603775,0.0,18.7014386603775,0.0,0.0,CONTROLLED,sardinia,WHOLE_LAND_SINGLE_AUTHORISED_COMPONENT
h6000_q-000290_r+000915,18.682340465442657,0.0,18.682340465442657,0.0,0.0,CONTROLLED,sardinia,WHOLE_LAND_SINGLE_AUTHORISED_COMPONENT
h6000_q-000290_r+000916,18.663246869068146,0.0,18.663246869068146,0.0,0.0,CONTROLLED,sardinia,WHOLE_LAND_SINGLE_AUTHORISED_COMPONENT
h6000_q-000290_r+000917,18.64415791207123,0.0,18.64415791207123,0.0,0.0,CONTROLLED,sardinia,WHOLE_LAND_SINGLE_AUTHORISED_COMPONENT
h6000_q-000290_r+000918,18.625073635108947,0.0,18.625073635108947,0.0,0.0,CONTROLLED,sardinia,WHOLE_LAND_SINGLE_AUTHORISED_COMPONENT
h6000_q-000290_r+000919,18.60599407871628,0.0,18.60599407871628,0.0,0.0,CONTROLLED,sardinia,WHOLE_LAND_SINGLE_AUTHORISED_COMPONENT
h6000_q-000290_r+000920,18.586919283254623,0.0,18.586919283254623,0.0,0.0,CONTROLLED,sardinia,WHOLE_LAND_SINGLE_AUTHORISED_COMPONENT
h6000_q-000290_r+000921,18.56784928927231,0.0,18.56784928927231,0.0,0.0,CONTROLLED,sardinia,WHOLE_LAND_SINGLE_AUTHORISED_COMPONENT
h6000_q-000290_r+000922,18.54878413679123,0.0,18.54878413679123,0.0,0.0,CONTROLLED,sardinia,WHOLE_LAND_SINGLE_AUTHORISED_COMPONENT
h6000_q-000290_r+000923,18.529723866069794,0.0,18.529723866069794,0.0,0.0,CONTROLLED,sardinia,WHOLE_LAND_SINGLE_AUTHORISED_COMPONENT
h6000_q-000290_r+000924,18.51066851717949,0.0,18.51066851717949,0.0,0.0,CONTROLLED,sardinia,WHOLE_LAND_SINGLE_AUTHORISED_COMPONENT
h6000_q-000290_r+000925,18.491618129947664,0.0,18.491618129947664,0.0,0.0,CONTROLLED,sardinia,WHOLE_LAND_SINGLE_AUTHORISED_COMPONENT
h6000_q-000290_r+000926,18.472572744308472,0.0,18.472572744308472,0.0,0.0,CONTROLLED,sardinia,WHOLE_LAND_SINGLE_AUTHORISED_COMPONENT
h6000_q-000290_r+000927,18.453532399936677,0.0,18.453532399936677,0.0,0.0,CONTROLLED,sardinia,WHOLE_LAND_SINGLE_AUTHORISED_COMPONENT
h6000_q-000290_r+000928,18.43449713651085,0.0,18.43449713651085,0.0,0.0,CONTROLLED,sardinia,WHOLE_LAND_SINGLE_AUTHORISED_COMPONENT
h6000_q-000290_r+000929,18.41546699348259,0.0,18.41546699348259,0.0,0.0,CONTROLLED,sardinia,WHOLE_LAND_SINGLE_AUTHORISED_COMPONENT
h6000_q-000290_r+000930,18.39644201040268,0.0,18.39644201040268,0.0,0.0,CONTROLLED,sardinia,WHOLE_LAND_SINGLE_AUTHORISED_COMPONENT
h6000_q-000290_r+000931,18.377422226467132,0.0,18.377422226467132,0.0,0.0,CONTROLLED,sardinia,WHOLE_LAND_SINGLE_AUTHORISED_COMPONENT
h6000_q-000290_r+000932,18.35840768096924,0.0,18.35840768096924,0.0,0.0,CONTROLLED,sardinia,WHOLE_LAND_SINGLE_AUTHORISED_COMPONENT
h6000_q-000290_r+000933,18.339398413021087,0.0,18.339398413021087,0.0,0.0,CONTROLLED,sardinia,WHOLE_LAND_SINGLE_AUTHORISED_COMPONENT
h6000_q-000290_r+000934,18.320394461639403,0.0,18.320394461639403,0.0,0.0,CONTROLLED,sardinia,WHOLE_LAND_SINGLE_AUTHORISED_COMPONENT
h6000_q-000290_r+000935,18.30139586574173,0.0,18.30139586574173,0.0,0.0,CONTROLLED,sardinia,WHOLE_LAND_SINGLE_AUTHORISED_COMPONENT
h6000_q-000290_r+000936,18.282402664100648,0.0,18.282402664100648,0.0,0.0,CONTROLLED,sardinia,WHOLE_LAND_SINGLE_AUTHORISED_COMPONENT
h6000_q-000290_r+000937,18.263414895519258,0.0,18.263414895519258,0.0,0.0,CONTROLLED,sardinia,WHOLE_LAND_SINGLE_AUTHORISED_COMPONENT
h6000_q-000290_r+000938,18.24443259854889,0.0,18.24443259854889,0.0,0.0,CONTROLLED,sardinia,WHOLE_LAND_SINGLE_AUTHORISED_COMPONENT
h6000_q-000290_r+000939,18.17319771153971,0.0,18.17319771153971,0.0,0.0,CONTROLLED,sardinia,WHOLE_LAND_SINGLE_AUTHORISED_COMPONENT
h6000_q-000291_r+000907,17.5646792498635,0.0,17.564023950959342,0.0006552989041570109,3.730776377041462e-05,CONTROLLED,sardinia,WHOLE_LAND_SINGLE_AUTHORISED_COMPONENT
h6000_q-000291_r+000908,18.816122106052397,0.0,18.816122106052397,0.0,0.0,CONTROLLED,sardinia,WHOLE_LAND_SINGLE_AUTHORISED_COMPONENT
h6000_q-000291_r+000909,18.796997180904388,0.0,18.796997180904388,0.0,0.0,CONTROLLED,sardinia,WHOLE_LAND_SINGLE_AUTHORISED_COMPONENT
h6000_q-000291_r+000910,18.77787660777092,0.0,18.77787660777092,0.0,0.0,CONTROLLED,sardinia,WHOLE_LAND_SINGLE_AUTHORISED_COMPONENT
h6000_q-000291_r+000911,18.75876042790222,0.0,18.75876042790222,0.0,0.0,CONTROLLED,sardinia,WHOLE_LAND_SINGLE_AUTHORISED_COMPONENT
h6000_q-000291_r+000912,18.739648682662963,0.0,18.739648682662963,0.0,0.0,CONTROLLED,sardinia,WHOLE_LAND_SINGLE_AUTHORISED_COMPONENT
h6000_q-000291_r+000913,18.72054141314316,0.0,18.72054141314316,0.0,0.0,CONTROLLED,sardinia,WHOLE_LAND_SINGLE_AUTHORISED_COMPONENT
h6000_q-000291_r+000914,18.7014386603775,0.0,18.7014386603775,0.0,0.0,CONTROLLED,sardinia,WHOLE_LAND_SINGLE_AUTHORISED_COMPONENT
h6000_q-000291_r+000915,18.682340465442657,0.0,18.682340465442657,0.0,0.0,CONTROLLED,sardinia,WHOLE_LAND_SINGLE_AUTHORISED_COMPONENT
h6000_q-000291_r+000916,18.663246869068146,0.0,18.663246869068146,0.0,0.0,CONTROLLED,sardinia,WHOLE_LAND_SINGLE_AUTHORISED_COMPONENT
h6000_q-000291_r+000917,18.64415791207123,0.0,18.64415791207123,0.0,0.0,CONTROLLED,sardinia,WHOLE_LAND_SINGLE_AUTHORISED_COMPONENT
h6000_q-000291_r+000918,18.625073635108947,0.0,18.625073635108947,0.0,0.0,CONTROLLED,sardinia,WHOLE_LAND_SINGLE_AUTHORISED_COMPONENT
h6000_q-000291_r+000919,18.605994078708648,0.0,18.605994078708648,0.0,0.0,CONTROLLED,sardinia,WHOLE_LAND_SINGLE_AUTHORISED_COMPONENT
h6000_q-000291_r+000920,18.586919283252715,0.0,18.586919283252715,0.0,0.0,CONTROLLED,sardinia,WHOLE_LAND_SINGLE_AUTHORISED_COMPONENT
h6000_q-000291_r+000921,18.567849289258955,0.0,18.567849289258955,0.0,0.0,CONTROLLED,sardinia,WHOLE_LAND_SINGLE_AUTHORISED_COMPONENT
h6000_q-000291_r+000922,18.54878413680458,0.0,18.54878413680458,0.0,0.0,CONTROLLED,sardinia,WHOLE_LAND_SINGLE_AUTHORISED_COMPONENT
h6000_q-000291_r+000923,18.529723866069794,0.0,18.529723866069794,0.0,0.0,CONTROLLED,sardinia,WHOLE_LAND_SINGLE_AUTHORISED_COMPONENT
h6000_q-000291_r+000924,18.510668517189025,0.0,18.510668517189025,0.0,0.0,CONTROLLED,sardinia,WHOLE_LAND_SINGLE_AUTHORISED_COMPONENT
h6000_q-000291_r+000925,18.491618129951476,0.0,18.491618129951476,0.0,0.0,CONTROLLED,sardinia,WHOLE_LAND_SINGLE_AUTHORISED_COMPONENT
h6000_q-000291_r+000926,18.472572744321823,0.0,18.472572744321823,0.0,0.0,CONTROLLED,sardinia,WHOLE_LAND_SINGLE_AUTHORISED_COMPONENT
h6000_q-000291_r+000927,18.453532399915694,0.0,18.453532399915694,0.0,0.0,CONTROLLED,sardinia,WHOLE_LAND_SINGLE_AUTHORISED_COMPONENT
h6000_q-000291_r+000928,18.43449713650894,0.0,18.43449713650894,0.0,0.0,CONTROLLED,sardinia,WHOLE_LAND_SINGLE_AUTHORISED_COMPONENT
h6000_q-000291_r+000929,18.415466993488312,0.0,18.415466993488312,0.0,0.0,CONTROLLED,sardinia,WHOLE_LAND_SINGLE_AUTHORISED_COMPONENT
h6000_q-000291_r+000930,18.396442010400772,0.0,18.396442010400772,0.0,0.0,CONTROLLED,sardinia,WHOLE_LAND_SINGLE_AUTHORISED_COMPONENT
h6000_q-000291_r+000931,18.37742222646904,0.0,18.37742222646904,0.0,0.0,CONTROLLED,sardinia,WHOLE_LAND_SINGLE_AUTHORISED_COMPONENT
h6000_q-000291_r+000932,18.358407680971144,0.0,18.358407680971144,0.0,0.0,CONTROLLED,sardinia,WHOLE_LAND_SINGLE_AUTHORISED_COMPONENT
h6000_q-000291_r+000933,18.339398413021087,0.0,18.339398413021087,0.0,0.0,CONTROLLED,sardinia,WHOLE_LAND_SINGLE_AUTHORISED_COMPONENT
h6000_q-000291_r+000934,18.32039446162033,0.0,18.32039446162033,0.0,0.0,CONTROLLED,sardinia,WHOLE_LAND_SINGLE_AUTHORISED_COMPONENT
h6000_q-000291_r+000935,18.301395865756987,0.0,18.301395865756987,0.0,0.0,CONTROLLED,sardinia,WHOLE_LAND_SINGLE_AUTHORISED_COMPONENT
h6000_q-000291_r+000936,18.282402664110183,0.0,18.282402664110183,0.0,0.0,CONTROLLED,sardinia,WHOLE_LAND_SINGLE_AUTHORISED_COMPONENT
h6000_q-000291_r+000937,18.263414895513534,0.0,18.263414895513534,0.0,0.0,CONTROLLED,sardinia,WHOLE_LAND_SINGLE_AUTHORISED_COMPONENT
h6000_q-000291_r+000938,18.24443259854889,0.0,18.24443259854889,0.0,0.0,CONTROLLED,sardinia,WHOLE_LAND_SINGLE_AUTHORISED_COMPONENT
h6000_q-000291_r+000939,18.225455811656953,0.0,18.225455811656953,0.0,0.0,CONTROLLED,sardinia,WHOLE_LAND_SINGLE_AUTHORISED_COMPONENT
h6000_q-000291_r+000940,16.627453622081124,0.0,16.627453622081124,0.0,0.0,CONTROLLED,sardinia,WHOLE_LAND_SINGLE_AUTHORISED_COMPONENT
h6000_q-000292_r+000907,16.547953574297992,0.0,16.546855106923,0.0010984673749897629,6.638085912302076e-05,CONTROLLED,sardinia,WHOLE_LAND_SINGLE_AUTHORISED_COMPONENT
h6000_q-000292_r+000908,18.81612210607338,0.0,18.81612210607338,0.0,0.0,CONTROLLED,sardinia,WHOLE_LAND_SINGLE_AUTHORISED_COMPONENT
h6000_q-000292_r+000909,18.796997180904388,0.0,18.796997180904388,0.0,0.0,CONTROLLED,sardinia,WHOLE_LAND_SINGLE_AUTHORISED_COMPONENT
h6000_q-000292_r+000910,18.77787660777283,0.0,18.77787660777283,0.0,0.0,CONTROLLED,sardinia,WHOLE_LAND_SINGLE_AUTHORISED_COMPONENT
h6000_q-000292_r+000911,18.758760427906036,0.0,18.758760427906036,0.0,0.0,CONTROLLED,sardinia,WHOLE_LAND_SINGLE_AUTHORISED_COMPONENT
h6000_q-000292_r+000912,18.739648682661056,0.0,18.739648682661056,0.0,0.0,CONTROLLED,sardinia,WHOLE_LAND_SINGLE_AUTHORISED_COMPONENT
h6000_q-000292_r+000913,18.7205414131279,0.0,18.7205414131279,0.0,0.0,CONTROLLED,sardinia,WHOLE_LAND_SINGLE_AUTHORISED_COMPONENT
h6000_q-000292_r+000914,18.7014386603775,0.0,18.7014386603775,0.0,0.0,CONTROLLED,sardinia,WHOLE_LAND_SINGLE_AUTHORISED_COMPONENT
h6000_q-000292_r+000915,18.682340465442657,0.0,18.682340465442657,0.0,0.0,CONTROLLED,sardinia,WHOLE_LAND_SINGLE_AUTHORISED_COMPONENT
h6000_q-000292_r+000916,18.663246869068146,0.0,18.663246869068146,0.0,0.0,CONTROLLED,sardinia,WHOLE_LAND_SINGLE_AUTHORISED_COMPONENT
h6000_q-000292_r+000917,18.64415791207123,0.0,18.64415791207123,0.0,0.0,CONTROLLED,sardinia,WHOLE_LAND_SINGLE_AUTHORISED_COMPONENT
h6000_q-000292_r+000918,18.625073635108947,0.0,18.625073635108947,0.0,0.0,CONTROLLED,sardinia,WHOLE_LAND_SINGLE_AUTHORISED_COMPONENT
h6000_q-000292_r+000919,18.605994078708648,0.0,18.605994078708648,0.0,0.0,CONTROLLED,sardinia,WHOLE_LAND_SINGLE_AUTHORISED_COMPONENT
h6000_q-000292_r+000920,18.586919283252715,0.0,18.586919283252715,0.0,0.0,CONTROLLED,sardinia,WHOLE_LAND_SINGLE_AUTHORISED_COMPONENT
h6000_q-000292_r+000921,18.56784928927231,0.0,18.56784928927231,0.0,0.0,CONTROLLED,sardinia,WHOLE_LAND_SINGLE_AUTHORISED_COMPONENT
h6000_q-000292_r+000922,18.54878413679123,0.0,18.54878413679123,0.0,0.0,CONTROLLED,sardinia,WHOLE_LAND_SINGLE_AUTHORISED_COMPONENT
h6000_q-000292_r+000923,18.529723866077422,0.0,18.529723866077422,0.0,0.0,CONTROLLED,sardinia,WHOLE_LAND_SINGLE_AUTHORISED_COMPONENT
h6000_q-000292_r+000924,18.51066851717949,0.0,18.51066851717949,0.0,0.0,CONTROLLED,sardinia,WHOLE_LAND_SINGLE_AUTHORISED_COMPONENT
h6000_q-000292_r+000925,18.491618129951476,0.0,18.491618129951476,0.0,0.0,CONTROLLED,sardinia,WHOLE_LAND_SINGLE_AUTHORISED_COMPONENT
h6000_q-000292_r+000926,18.472572744308472,0.0,18.472572744308472,0.0,0.0,CONTROLLED,sardinia,WHOLE_LAND_SINGLE_AUTHORISED_COMPONENT
h6000_q-000292_r+000927,18.45353239993286,0.0,18.45353239993286,0.0,0.0,CONTROLLED,sardinia,WHOLE_LAND_SINGLE_AUTHORISED_COMPONENT
h6000_q-000292_r+000928,18.4344971365242,0.0,18.4344971365242,0.0,0.0,CONTROLLED,sardinia,WHOLE_LAND_SINGLE_AUTHORISED_COMPONENT
h6000_q-000292_r+000929,18.41546699348259,0.0,18.41546699348259,0.0,0.0,CONTROLLED,sardinia,WHOLE_LAND_SINGLE_AUTHORISED_COMPONENT
h6000_q-000292_r+000930,18.39644201039505,0.0,18.39644201039505,0.0,0.0,CONTROLLED,sardinia,WHOLE_LAND_SINGLE_AUTHORISED_COMPONENT
h6000_q-000292_r+000931,18.377422226476668,0.0,18.377422226476668,0.0,0.0,CONTROLLED,sardinia,WHOLE_LAND_SINGLE_AUTHORISED_COMPONENT
h6000_q-000292_r+000932,18.358407680957793,0.0,18.358407680957793,0.0,0.0,CONTROLLED,sardinia,WHOLE_LAND_SINGLE_AUTHORISED_COMPONENT
h6000_q-000292_r+000933,18.33939841300392,0.0,18.33939841300392,0.0,0.0,CONTROLLED,sardinia,WHOLE_LAND_SINGLE_AUTHORISED_COMPONENT
h6000_q-000292_r+000934,18.320394461639403,0.0,18.320394461639403,0.0,0.0,CONTROLLED,sardinia,WHOLE_LAND_SINGLE_AUTHORISED_COMPONENT
h6000_q-000292_r+000935,18.301395865756987,0.0,18.301395865756987,0.0,0.0,CONTROLLED,sardinia,WHOLE_LAND_SINGLE_AUTHORISED_COMPONENT
h6000_q-000292_r+000936,18.282402664100648,0.0,18.282402664100648,0.0,0.0,CONTROLLED,sardinia,WHOLE_LAND_SINGLE_AUTHORISED_COMPONENT
h6000_q-000292_r+000937,18.263414895519258,0.0,18.263414895519258,0.0,0.0,CONTROLLED,sardinia,WHOLE_LAND_SINGLE_AUTHORISED_COMPONENT
h6000_q-000292_r+000938,18.24443259856415,0.0,18.24443259856415,0.0,0.0,CONTROLLED,sardinia,WHOLE_LAND_SINGLE_AUTHORISED_COMPONENT
h6000_q-000292_r+000939,18.225455811655046,0.0,18.225455811655046,0.0,0.0,CONTROLLED,sardinia,WHOLE_LAND_SINGLE_AUTHORISED_COMPONENT
h6000_q-000292_r+000940,18.206484573348998,0.0,18.206484573348998,0.0,0.0,CONTROLLED,sardinia,WHOLE_LAND_SINGLE_AUTHORISED_COMPONENT
h6000_q-000292_r+000941,17.759912289740235,0.0,17.759912289740235,0.0,0.0,CONTROLLED,sardinia,WHOLE_LAND_SINGLE_AUTHORISED_COMPONENT
h6000_q-000293_r+000906,10.61223478479934,0.0,10.61223478479934,0.0,0.0,CONTROLLED,sardinia,WHOLE_LAND_SINGLE_AUTHORISED_COMPONENT
h6000_q-000293_r+000907,18.835251341648103,0.0,18.835251341648103,0.0,0.0,CONTROLLED,sardinia,WHOLE_LAND_SINGLE_AUTHORISED_COMPONENT
h6000_q-000293_r+000908,18.816122106052397,0.0,18.816122106052397,0.0,0.0,CONTROLLED,sardinia,WHOLE_LAND_SINGLE_AUTHORISED_COMPONENT
h6000_q-000293_r+000909,18.796997180906295,0.0,18.796997180906295,0.0,0.0,CONTROLLED,sardinia,WHOLE_LAND_SINGLE_AUTHORISED_COMPONENT
h6000_q-000293_r+000910,18.77787660777092,0.0,18.77787660777092,0.0,0.0,CONTROLLED,sardinia,WHOLE_LAND_SINGLE_AUTHORISED_COMPONENT
h6000_q-000293_r+000911,18.758760427906036,0.0,18.758760427906036,0.0,0.0,CONTROLLED,sardinia,WHOLE_LAND_SINGLE_AUTHORISED_COMPONENT
h6000_q-000293_r+000912,18.739648682662963,0.0,18.739648682662963,0.0,0.0,CONTROLLED,sardinia,WHOLE_LAND_SINGLE_AUTHORISED_COMPONENT
h6000_q-000293_r+000913,18.72054141314316,0.0,18.72054141314316,0.0,0.0,CONTROLLED,sardinia,WHOLE_LAND_SINGLE_AUTHORISED_COMPONENT
h6000_q-000293_r+000914,18.70143866038704,0.0,18.70143866038704,0.0,0.0,CONTROLLED,sardinia,WHOLE_LAND_SINGLE_AUTHORISED_COMPONENT
h6000_q-000293_r+000915,18.682340465457916,0.0,18.682340465457916,0.0,0.0,CONTROLLED,sardinia,WHOLE_LAND_SINGLE_AUTHORISED_COMPONENT
h6000_q-000293_r+000916,18.663246869068146,0.0,18.663246869068146,0.0,0.0,CONTROLLED,sardinia,WHOLE_LAND_SINGLE_AUTHORISED_COMPONENT
h6000_q-000293_r+000917,18.64415791207123,0.0,18.64415791207123,0.0,0.0,CONTROLLED,sardinia,WHOLE_LAND_SINGLE_AUTHORISED_COMPONENT
h6000_q-000293_r+000918,18.625073635108947,0.0,18.625073635108947,0.0,0.0,CONTROLLED,sardinia,WHOLE_LAND_SINGLE_AUTHORISED_COMPONENT
h6000_q-000293_r+000919,18.605994078708648,0.0,18.605994078708648,0.0,0.0,CONTROLLED,sardinia,WHOLE_LAND_SINGLE_AUTHORISED_COMPONENT
h6000_q-000293_r+000920,18.586919283252715,0.0,18.586919283252715,0.0,0.0,CONTROLLED,sardinia,WHOLE_LAND_SINGLE_AUTHORISED_COMPONENT
h6000_q-000293_r+000921,18.56784928927231,0.0,18.56784928927231,0.0,0.0,CONTROLLED,sardinia,WHOLE_LAND_SINGLE_AUTHORISED_COMPONENT
h6000_q-000293_r+000922,18.54878413679123,0.0,18.54878413679123,0.0,0.0,CONTROLLED,sardinia,WHOLE_LAND_SINGLE_AUTHORISED_COMPONENT
h6000_q-000293_r+000923,18.529723866069794,0.0,18.529723866069794,0.0,0.0,CONTROLLED,sardinia,WHOLE_LAND_SINGLE_AUTHORISED_COMPONENT
h6000_q-000293_r+000924,18.510668517189025,0.0,18.510668517189025,0.0,0.0,CONTROLLED,sardinia,WHOLE_LAND_SINGLE_AUTHORISED_COMPONENT
h6000_q-000293_r+000925,18.491618129947664,0.0,18.491618129947664,0.0,0.0,CONTROLLED,sardinia,WHOLE_LAND_SINGLE_AUTHORISED_COMPONENT
h6000_q-000293_r+000926,18.472572744321823,0.0,18.472572744321823,0.0,0.0,CONTROLLED,sardinia,WHOLE_LAND_SINGLE_AUTHORISED_COMPONENT
h6000_q-000293_r+000927,18.45353239993286,0.0,18.45353239993286,0.0,0.0,CONTROLLED,sardinia,WHOLE_LAND_SINGLE_AUTHORISED_COMPONENT
h6000_q-000293_r+000928,18.43449713650894,0.0,18.43449713650894,0.0,0.0,CONTROLLED,sardinia,WHOLE_LAND_SINGLE_AUTHORISED_COMPONENT
h6000_q-000293_r+000929,18.41546699349594,0.0,18.41546699349594,0.0,0.0,CONTROLLED,sardinia,WHOLE_LAND_SINGLE_AUTHORISED_COMPONENT
h6000_q-000293_r+000930,18.39644201040268,0.0,18.39644201040268,0.0,0.0,CONTROLLED,sardinia,WHOLE_LAND_SINGLE_AUTHORISED_COMPONENT
h6000_q-000293_r+000931,18.37742222646904,0.0,18.37742222646904,0.0,0.0,CONTROLLED,sardinia,WHOLE_LAND_SINGLE_AUTHORISED_COMPONENT
h6000_q-000293_r+000932,18.35840768096924,0.0,18.35840768096924,0.0,0.0,CONTROLLED,sardinia,WHOLE_LAND_SINGLE_AUTHORISED_COMPONENT
h6000_q-000293_r+000933,18.339398413007736,0.0,18.339398413007736,0.0,0.0,CONTROLLED,sardinia,WHOLE_LAND_SINGLE_AUTHORISED_COMPONENT
h6000_q-000293_r+000934,18.320394461629867,0.0,18.320394461629867,0.0,0.0,CONTROLLED,sardinia,WHOLE_LAND_SINGLE_AUTHORISED_COMPONENT
h6000_q-000293_r+000935,18.30139586574173,0.0,18.30139586574173,0.0,0.0,CONTROLLED,sardinia,WHOLE_LAND_SINGLE_AUTHORISED_COMPONENT
h6000_q-000293_r+000936,18.282402664110183,0.0,18.282402664110183,0.0,0.0,CONTROLLED,sardinia,WHOLE_LAND_SINGLE_AUTHORISED_COMPONENT
h6000_q-000293_r+000937,18.263414895519258,0.0,18.263414895519258,0.0,0.0,CONTROLLED,sardinia,WHOLE_LAND_SINGLE_AUTHORISED_COMPONENT
h6000_q-000293_r+000938,18.24443259854889,0.0,18.24443259854889,0.0,0.0,CONTROLLED,sardinia,WHOLE_LAND_SINGLE_AUTHORISED_COMPONENT
h6000_q-000293_r+000939,18.225455811656953,0.0,18.225455811656953,0.0,0.0,CONTROLLED,sardinia,WHOLE_LAND_SINGLE_AUTHORISED_COMPONENT
h6000_q-000293_r+000940,18.20648457334328,0.0,18.20648457334328,0.0,0.0,CONTROLLED,sardinia,WHOLE_LAND_SINGLE_AUTHORISED_COMPONENT
h6000_q-000293_r+000941,18.18751892184639,0.0,18.18751892184639,0.0,0.0,CONTROLLED,sardinia,WHOLE_LAND_SINGLE_AUTHORISED_COMPONENT
h6000_q-000293_r+000942,18.16855889545059,0.0,18.16855889545059,0.0,0.0,CONTROLLED,sardinia,WHOLE_LAND_SINGLE_AUTHORISED_COMPONENT
h6000_q-000293_r+000943,10.971442088327288,0.0,10.970751654234832,0.0006904340924568241,6.293011318825527e-05,CONTROLLED,sardinia,WHOLE_LAND_SINGLE_AUTHORISED_COMPONENT
h6000_q-000293_r+000947,10.740181043329459,0.0,10.740181043329459,0.0,0.0,CONTROLLED,sardinia,WHOLE_LAND_SINGLE_AUTHORISED_COMPONENT
h6000_q-000293_r+000948,14.955650385221412,0.0,14.955155557279205,0.0004948279422077322,3.3086353950658125e-05,CONTROLLED,sardinia,WHOLE_LAND_SINGLE_AUTHORISED_COMPONENT
h6000_q-000293_r+000949,12.281454948273035,0.0,12.273655803717114,0.007799144555918503,0.0006350342519487224,CONTROLLED,sardinia,WHOLE_LAND_SINGLE_AUTHORISED_COMPONENT
h6000_q-000293_r+000950,10.407013606125798,0.0,10.405338814198338,0.0016747919274601156,0.00016092915709020464,CONTROLLED,sardinia,WHOLE_LAND_SINGLE_AUTHORISED_COMPONENT
h6000_q-000294_r+000908,18.45872045953737,0.0,18.45872045953737,0.0,0.0,CONTROLLED,sardinia,WHOLE_LAND_SINGLE_AUTHORISED_COMPONENT
h6000_q-000294_r+000909,18.79699718088722,0.0,18.79699718088722,0.0,0.0,CONTROLLED,sardinia,WHOLE_LAND_SINGLE_AUTHORISED_COMPONENT
h6000_q-000294_r+000910,18.77787660777283,0.0,18.77787660777283,0.0,0.0,CONTROLLED,sardinia,WHOLE_LAND_SINGLE_AUTHORISED_COMPONENT
h6000_q-000294_r+000911,18.75876042790222,0.0,18.75876042790222,0.0,0.0,CONTROLLED,sardinia,WHOLE_LAND_SINGLE_AUTHORISED_COMPONENT
h6000_q-000294_r+000912,18.739648682661056,0.0,18.739648682661056,0.0,0.0,CONTROLLED,sardinia,WHOLE_LAND_SINGLE_AUTHORISED_COMPONENT
h6000_q-000294_r+000913,18.72054141314316,0.0,18.72054141314316,0.0,0.0,CONTROLLED,sardinia,WHOLE_LAND_SINGLE_AUTHORISED_COMPONENT
h6000_q-000294_r+000914,18.7014386603775,0.0,18.7014386603775,0.0,0.0,CONTROLLED,sardinia,WHOLE_LAND_SINGLE_AUTHORISED_COMPONENT
h6000_q-000294_r+000915,18.682340465442657,0.0,18.682340465442657,0.0,0.0,CONTROLLED,sardinia,WHOLE_LAND_SINGLE_AUTHORISED_COMPONENT
h6000_q-000294_r+000916,18.663246869058607,0.0,18.663246869058607,0.0,0.0,CONTROLLED,sardinia,WHOLE_LAND_SINGLE_AUTHORISED_COMPONENT
h6000_q-000294_r+000917,18.644157912073137,0.0,18.644157912073137,0.0,0.0,CONTROLLED,sardinia,WHOLE_LAND_SINGLE_AUTHORISED_COMPONENT
h6000_q-000294_r+000918,18.625073635108947,0.0,18.625073635108947,0.0,0.0,CONTROLLED,sardinia,WHOLE_LAND_SINGLE_AUTHORISED_COMPONENT
h6000_q-000294_r+000919,18.605994078708648,0.0,18.605994078708648,0.0,0.0,CONTROLLED,sardinia,WHOLE_LAND_SINGLE_AUTHORISED_COMPONENT
h6000_q-000294_r+000920,18.586919283252715,0.0,18.586919283252715,0.0,0.0,CONTROLLED,sardinia,WHOLE_LAND_SINGLE_AUTHORISED_COMPONENT
h6000_q-000294_r+000921,18.56784928927231,0.0,18.56784928927231,0.0,0.0,CONTROLLED,sardinia,WHOLE_LAND_SINGLE_AUTHORISED_COMPONENT
h6000_q-000294_r+000922,18.54878413679123,0.0,18.54878413679123,0.0,0.0,CONTROLLED,sardinia,WHOLE_LAND_SINGLE_AUTHORISED_COMPONENT
h6000_q-000294_r+000923,18.529723866069794,0.0,18.529723866069794,0.0,0.0,CONTROLLED,sardinia,WHOLE_LAND_SINGLE_AUTHORISED_COMPONENT
h6000_q-000294_r+000924,18.510668517189025,0.0,18.510668517189025,0.0,0.0,CONTROLLED,sardinia,WHOLE_LAND_SINGLE_AUTHORISED_COMPONENT
h6000_q-000294_r+000925,18.491618129951476,0.0,18.491618129951476,0.0,0.0,CONTROLLED,sardinia,WHOLE_LAND_SINGLE_AUTHORISED_COMPONENT
h6000_q-000294_r+000926,18.472572744308472,0.0,18.472572744308472,0.0,0.0,CONTROLLED,sardinia,WHOLE_LAND_SINGLE_AUTHORISED_COMPONENT
h6000_q-000294_r+000927,18.453532399915694,0.0,18.453532399915694,0.0,0.0,CONTROLLED,sardinia,WHOLE_LAND_SINGLE_AUTHORISED_COMPONENT
h6000_q-000294_r+000928,18.4344971365242,0.0,18.4344971365242,0.0,0.0,CONTROLLED,sardinia,WHOLE_LAND_SINGLE_AUTHORISED_COMPONENT
h6000_q-000294_r+000929,18.41546699349594,0.0,18.41546699349594,0.0,0.0,CONTROLLED,sardinia,WHOLE_LAND_SINGLE_AUTHORISED_COMPONENT
h6000_q-000294_r+000930,18.39644201039505,0.0,18.39644201039505,0.0,0.0,CONTROLLED,sardinia,WHOLE_LAND_SINGLE_AUTHORISED_COMPONENT
h6000_q-000294_r+000931,18.377422226467132,0.0,18.377422226467132,0.0,0.0,CONTROLLED,sardinia,WHOLE_LAND_SINGLE_AUTHORISED_COMPONENT
h6000_q-000294_r+000932,18.358407680971144,0.0,18.358407680971144,0.0,0.0,CONTROLLED,sardinia,WHOLE_LAND_SINGLE_AUTHORISED_COMPONENT
h6000_q-000294_r+000933,18.33939841300392,0.0,18.33939841300392,0.0,0.0,CONTROLLED,sardinia,WHOLE_LAND_SINGLE_AUTHORISED_COMPONENT
h6000_q-000294_r+000934,18.32039446162033,0.0,18.32039446162033,0.0,0.0,CONTROLLED,sardinia,WHOLE_LAND_SINGLE_AUTHORISED_COMPONENT
h6000_q-000294_r+000935,18.30139586574936,0.0,18.30139586574936,0.0,0.0,CONTROLLED,sardinia,WHOLE_LAND_SINGLE_AUTHORISED_COMPONENT
h6000_q-000294_r+000936,18.282402664100648,0.0,18.282402664100648,0.0,0.0,CONTROLLED,sardinia,WHOLE_LAND_SINGLE_AUTHORISED_COMPONENT
h6000_q-000294_r+000937,18.263414895513534,0.0,18.263414895513534,0.0,0.0,CONTROLLED,sardinia,WHOLE_LAND_SINGLE_AUTHORISED_COMPONENT
h6000_q-000294_r+000938,18.24443259856415,0.0,18.24443259856415,0.0,0.0,CONTROLLED,sardinia,WHOLE_LAND_SINGLE_AUTHORISED_COMPONENT
h6000_q-000294_r+000939,18.225455811656953,0.0,18.225455811656953,0.0,0.0,CONTROLLED,sardinia,WHOLE_LAND_SINGLE_AUTHORISED_COMPONENT
h6000_q-000294_r+000940,18.206484573348998,0.0,18.206484573348998,0.0,0.0,CONTROLLED,sardinia,WHOLE_LAND_SINGLE_AUTHORISED_COMPONENT
h6000_q-000294_r+000941,18.187518921844482,0.0,18.187518921844482,0.0,0.0,CONTROLLED,sardinia,WHOLE_LAND_SINGLE_AUTHORISED_COMPONENT
h6000_q-000294_r+000942,18.168558895442963,0.0,18.168558895442963,0.0,0.0,CONTROLLED,sardinia,WHOLE_LAND_SINGLE_AUTHORISED_COMPONENT
h6000_q-000294_r+000943,18.14960453211975,0.0,18.14960453211975,0.0,0.0,CONTROLLED,sardinia,WHOLE_LAND_SINGLE_AUTHORISED_COMPONENT
h6000_q-000294_r+000944,18.13065586995697,0.0,18.13065586995697,0.0,0.0,CONTROLLED,sardinia,WHOLE_LAND_SINGLE_AUTHORISED_COMPONENT
h6000_q-000294_r+000945,18.077254083848626,0.0,18.077254083848626,0.0,0.0,CONTROLLED,sardinia,WHOLE_LAND_SINGLE_AUTHORISED_COMPONENT
h6000_q-000294_r+000946,18.09277580050659,0.0,18.09277580050659,0.0,0.0,CONTROLLED,sardinia,WHOLE_LAND_SINGLE_AUTHORISED_COMPONENT
h6000_q-000294_r+000947,18.073844468688964,0.0,18.073844468688964,0.0,0.0,CONTROLLED,sardinia,WHOLE_LAND_SINGLE_AUTHORISED_COMPONENT
h6000_q-000294_r+000948,18.054918988990785,0.0,18.054918988990785,0.0,0.0,CONTROLLED,sardinia,WHOLE_LAND_SINGLE_AUTHORISED_COMPONENT
h6000_q-000294_r+000949,18.03599939891434,0.0,18.03599939891434,0.0,0.0,CONTROLLED,sardinia,WHOLE_LAND_SINGLE_AUTHORISED_COMPONENT
h6000_q-000294_r+000950,18.017085735818863,0.0,18.017085735818863,0.0,0.0,CONTROLLED,sardinia,WHOLE_LAND_SINGLE_AUTHORISED_COMPONENT
h6000_q-000294_r+000951,17.9981780369339,0.0,17.9981780369339,0.0,0.0,CONTROLLED,sardinia,WHOLE_LAND_SINGLE_AUTHORISED_COMPONENT
h6000_q-000295_r+000909,18.240880884330608,0.0,18.240880884330608,0.0,0.0,CONTROLLED,sardinia,WHOLE_LAND_SINGLE_AUTHORISED_COMPONENT
h6000_q-000295_r+000910,18.77787660777664,0.0,18.77787660777664,0.0,0.0,CONTROLLED,sardinia,WHOLE_LAND_SINGLE_AUTHORISED_COMPONENT
h6000_q-000295_r+000911,18.758760427907944,0.0,18.758760427907944,0.0,0.0,CONTROLLED,sardinia,WHOLE_LAND_SINGLE_AUTHORISED_COMPONENT
h6000_q-000295_r+000912,18.739648682662963,0.0,18.739648682662963,0.0,0.0,CONTROLLED,sardinia,WHOLE_LAND_SINGLE_AUTHORISED_COMPONENT
h6000_q-000295_r+000913,18.7205414131279,0.0,18.7205414131279,0.0,0.0,CONTROLLED,sardinia,WHOLE_LAND_SINGLE_AUTHORISED_COMPONENT
h6000_q-000295_r+000914,18.70143866038704,0.0,18.70143866038704,0.0,0.0,CONTROLLED,sardinia,WHOLE_LAND_SINGLE_AUTHORISED_COMPONENT
h6000_q-000295_r+000915,18.682340465442657,0.0,18.682340465442657,0.0,0.0,CONTROLLED,sardinia,WHOLE_LAND_SINGLE_AUTHORISED_COMPONENT
h6000_q-000295_r+000916,18.663246869068146,0.0,18.663246869068146,0.0,0.0,CONTROLLED,sardinia,WHOLE_LAND_SINGLE_AUTHORISED_COMPONENT
h6000_q-000295_r+000917,18.64415791207123,0.0,18.64415791207123,0.0,0.0,CONTROLLED,sardinia,WHOLE_LAND_SINGLE_AUTHORISED_COMPONENT
h6000_q-000295_r+000918,18.62507363510513,0.0,18.62507363510513,0.0,0.0,CONTROLLED,sardinia,WHOLE_LAND_SINGLE_AUTHORISED_COMPONENT
h6000_q-000295_r+000919,18.60599407871628,0.0,18.60599407871628,0.0,0.0,CONTROLLED,sardinia,WHOLE_LAND_SINGLE_AUTHORISED_COMPONENT
h6000_q-000295_r+000920,18.586919283252715,0.0,18.586919283252715,0.0,0.0,CONTROLLED,sardinia,WHOLE_LAND_SINGLE_AUTHORISED_COMPONENT
h6000_q-000295_r+000921,18.56784928927231,0.0,18.56784928927231,0.0,0.0,CONTROLLED,sardinia,WHOLE_LAND_SINGLE_AUTHORISED_COMPONENT
h6000_q-000295_r+000922,18.54878413679123,0.0,18.54878413679123,0.0,0.0,CONTROLLED,sardinia,WHOLE_LAND_SINGLE_AUTHORISED_COMPONENT
h6000_q-000295_r+000923,18.529723866069794,0.0,18.529723866069794,0.0,0.0,CONTROLLED,sardinia,WHOLE_LAND_SINGLE_AUTHORISED_COMPONENT
h6000_q-000295_r+000924,18.510668517189025,0.0,18.510668517189025,0.0,0.0,CONTROLLED,sardinia,WHOLE_LAND_SINGLE_AUTHORISED_COMPONENT
h6000_q-000295_r+000925,18.491618129951476,0.0,18.491618129951476,0.0,0.0,CONTROLLED,sardinia,WHOLE_LAND_SINGLE_AUTHORISED_COMPONENT
h6000_q-000295_r+000926,18.472572744308472,0.0,18.472572744308472,0.0,0.0,CONTROLLED,sardinia,WHOLE_LAND_SINGLE_AUTHORISED_COMPONENT
h6000_q-000295_r+000927,18.45353239993286,0.0,18.45353239993286,0.0,0.0,CONTROLLED,sardinia,WHOLE_LAND_SINGLE_AUTHORISED_COMPONENT
h6000_q-000295_r+000928,18.43449713650894,0.0,18.43449713650894,0.0,0.0,CONTROLLED,sardinia,WHOLE_LAND_SINGLE_AUTHORISED_COMPONENT
h6000_q-000295_r+000929,18.41546699348259,0.0,18.41546699348259,0.0,0.0,CONTROLLED,sardinia,WHOLE_LAND_SINGLE_AUTHORISED_COMPONENT
h6000_q-000295_r+000930,18.39644201040268,0.0,18.39644201040268,0.0,0.0,CONTROLLED,sardinia,WHOLE_LAND_SINGLE_AUTHORISED_COMPONENT
h6000_q-000295_r+000931,18.377422226467132,0.0,18.377422226467132,0.0,0.0,CONTROLLED,sardinia,WHOLE_LAND_SINGLE_AUTHORISED_COMPONENT
h6000_q-000295_r+000932,18.35840768096924,0.0,18.35840768096924,0.0,0.0,CONTROLLED,sardinia,WHOLE_LAND_SINGLE_AUTHORISED_COMPONENT
h6000_q-000295_r+000933,18.339398413021087,0.0,18.339398413021087,0.0,0.0,CONTROLLED,sardinia,WHOLE_LAND_SINGLE_AUTHORISED_COMPONENT
h6000_q-000295_r+000934,18.320394461639403,0.0,18.320394461639403,0.0,0.0,CONTROLLED,sardinia,WHOLE_LAND_SINGLE_AUTHORISED_COMPONENT
h6000_q-000295_r+000935,18.30139586574173,0.0,18.30139586574173,0.0,0.0,CONTROLLED,sardinia,WHOLE_LAND_SINGLE_AUTHORISED_COMPONENT
h6000_q-000295_r+000936,18.282402664100648,0.0,18.282402664100648,0.0,0.0,CONTROLLED,sardinia,WHOLE_LAND_SINGLE_AUTHORISED_COMPONENT
h6000_q-000295_r+000937,18.263414895513534,0.0,18.263414895513534,0.0,0.0,CONTROLLED,sardinia,WHOLE_LAND_SINGLE_AUTHORISED_COMPONENT
h6000_q-000295_r+000938,18.244432598560334,0.0,18.244432598560334,0.0,0.0,CONTROLLED,sardinia,WHOLE_LAND_SINGLE_AUTHORISED_COMPONENT
h6000_q-000295_r+000939,18.225455811655046,0.0,18.225455811655046,0.0,0.0,CONTROLLED,sardinia,WHOLE_LAND_SINGLE_AUTHORISED_COMPONENT
h6000_q-000295_r+000940,18.20648457334328,0.0,18.20648457334328,0.0,0.0,CONTROLLED,sardinia,WHOLE_LAND_SINGLE_AUTHORISED_COMPONENT
h6000_q-000295_r+000941,18.187518921844482,0.0,18.187518921844482,0.0,0.0,CONTROLLED,sardinia,WHOLE_LAND_SINGLE_AUTHORISED_COMPONENT
h6000_q-000295_r+000942,18.16855889545059,0.0,18.16855889545059,0.0,0.0,CONTROLLED,sardinia,WHOLE_LAND_SINGLE_AUTHORISED_COMPONENT
h6000_q-000295_r+000943,18.149604532115937,0.0,18.149604532115937,0.0,0.0,CONTROLLED,sardinia,WHOLE_LAND_SINGLE_AUTHORISED_COMPONENT
h6000_q-000295_r+000944,18.130655869955064,0.0,18.130655869955064,0.0,0.0,CONTROLLED,sardinia,WHOLE_LAND_SINGLE_AUTHORISED_COMPONENT
h6000_q-000295_r+000945,18.111712946798324,0.0,18.111712946798324,0.0,0.0,CONTROLLED,sardinia,WHOLE_LAND_SINGLE_AUTHORISED_COMPONENT
h6000_q-000295_r+000946,18.09277580050659,0.0,18.09277580050659,0.0,0.0,CONTROLLED,sardinia,WHOLE_LAND_SINGLE_AUTHORISED_COMPONENT
h6000_q-000295_r+000947,18.073844468688964,0.0,18.073844468688964,0.0,0.0,CONTROLLED,sardinia,WHOLE_LAND_SINGLE_AUTHORISED_COMPONENT
h6000_q-000295_r+000948,18.054918988994597,0.0,18.054918988994597,0.0,0.0,CONTROLLED,sardinia,WHOLE_LAND_SINGLE_AUTHORISED_COMPONENT
h6000_q-000295_r+000949,18.035999398929597,0.0,18.035999398929597,0.0,0.0,CONTROLLED,sardinia,WHOLE_LAND_SINGLE_AUTHORISED_COMPONENT
h6000_q-000295_r+000950,18.017085735824583,0.0,18.017085735824583,0.0,0.0,CONTROLLED,sardinia,WHOLE_LAND_SINGLE_AUTHORISED_COMPONENT
h6000_q-000295_r+000951,17.998178036909103,0.0,17.998178036909103,0.0,0.0,CONTROLLED,sardinia,WHOLE_LAND_SINGLE_AUTHORISED_COMPONENT
h6000_q-000295_r+000952,17.979276339559554,0.0,17.979276339559554,0.0,0.0,CONTROLLED,sardinia,WHOLE_LAND_SINGLE_AUTHORISED_COMPONENT
h6000_q-000296_r+000910,14.058190952042803,0.0,14.058190952042803,0.0,0.0,CONTROLLED,sardinia,WHOLE_LAND_SINGLE_AUTHORISED_COMPONENT
h6000_q-000296_r+000911,18.75876042790222,0.0,18.75876042790222,0.0,0.0,CONTROLLED,sardinia,WHOLE_LAND_SINGLE_AUTHORISED_COMPONENT
h6000_q-000296_r+000912,18.739648682645797,0.0,18.739648682645797,0.0,0.0,CONTROLLED,sardinia,WHOLE_LAND_SINGLE_AUTHORISED_COMPONENT
h6000_q-000296_r+000913,18.72054141314316,0.0,18.72054141314316,0.0,0.0,CONTROLLED,sardinia,WHOLE_LAND_SINGLE_AUTHORISED_COMPONENT
h6000_q-000296_r+000914,18.7014386603775,0.0,18.7014386603775,0.0,0.0,CONTROLLED,sardinia,WHOLE_LAND_SINGLE_AUTHORISED_COMPONENT
h6000_q-000296_r+000915,18.682340465457916,0.0,18.682340465457916,0.0,0.0,CONTROLLED,sardinia,WHOLE_LAND_SINGLE_AUTHORISED_COMPONENT
h6000_q-000296_r+000916,18.663246869058607,0.0,18.663246869058607,0.0,0.0,CONTROLLED,sardinia,WHOLE_LAND_SINGLE_AUTHORISED_COMPONENT
h6000_q-000296_r+000917,18.64415791207123,0.0,18.64415791207123,0.0,0.0,CONTROLLED,sardinia,WHOLE_LAND_SINGLE_AUTHORISED_COMPONENT
h6000_q-000296_r+000918,18.625073635108947,0.0,18.625073635108947,0.0,0.0,CONTROLLED,sardinia,WHOLE_LAND_SINGLE_AUTHORISED_COMPONENT
h6000_q-000296_r+000919,18.605994078708648,0.0,18.605994078708648,0.0,0.0,CONTROLLED,sardinia,WHOLE_LAND_SINGLE_AUTHORISED_COMPONENT
h6000_q-000296_r+000920,18.586919283254623,0.0,18.586919283254623,0.0,0.0,CONTROLLED,sardinia,WHOLE_LAND_SINGLE_AUTHORISED_COMPONENT
h6000_q-000296_r+000921,18.567849289258955,0.0,18.567849289258955,0.0,0.0,CONTROLLED,sardinia,WHOLE_LAND_SINGLE_AUTHORISED_COMPONENT
h6000_q-000296_r+000922,18.54878413679123,0.0,18.54878413679123,0.0,0.0,CONTROLLED,sardinia,WHOLE_LAND_SINGLE_AUTHORISED_COMPONENT
h6000_q-000296_r+000923,18.529723866069794,0.0,18.529723866069794,0.0,0.0,CONTROLLED,sardinia,WHOLE_LAND_SINGLE_AUTHORISED_COMPONENT
h6000_q-000296_r+000924,18.510668517189025,0.0,18.510668517189025,0.0,0.0,CONTROLLED,sardinia,WHOLE_LAND_SINGLE_AUTHORISED_COMPONENT
h6000_q-000296_r+000925,18.491618129951476,0.0,18.491618129951476,0.0,0.0,CONTROLLED,sardinia,WHOLE_LAND_SINGLE_AUTHORISED_COMPONENT
h6000_q-000296_r+000926,18.472572744308472,0.0,18.472572744308472,0.0,0.0,CONTROLLED,sardinia,WHOLE_LAND_SINGLE_AUTHORISED_COMPONENT
h6000_q-000296_r+000927,18.45353239993286,0.0,18.45353239993286,0.0,0.0,CONTROLLED,sardinia,WHOLE_LAND_SINGLE_AUTHORISED_COMPONENT
h6000_q-000296_r+000928,18.43449713650894,0.0,18.43449713650894,0.0,0.0,CONTROLLED,sardinia,WHOLE_LAND_SINGLE_AUTHORISED_COMPONENT
h6000_q-000296_r+000929,18.41546699349594,0.0,18.41546699349594,0.0,0.0,CONTROLLED,sardinia,WHOLE_LAND_SINGLE_AUTHORISED_COMPONENT
h6000_q-000296_r+000930,18.39644201039505,0.0,18.39644201039505,0.0,0.0,CONTROLLED,sardinia,WHOLE_LAND_SINGLE_AUTHORISED_COMPONENT
h6000_q-000296_r+000931,18.37742222646904,0.0,18.37742222646904,0.0,0.0,CONTROLLED,sardinia,WHOLE_LAND_SINGLE_AUTHORISED_COMPONENT
h6000_q-000296_r+000932,18.358407680971144,0.0,18.358407680971144,0.0,0.0,CONTROLLED,sardinia,WHOLE_LAND_SINGLE_AUTHORISED_COMPONENT
h6000_q-000296_r+000933,18.339398413021087,0.0,18.339398413021087,0.0,0.0,CONTROLLED,sardinia,WHOLE_LAND_SINGLE_AUTHORISED_COMPONENT
h6000_q-000296_r+000934,18.32039446162033,0.0,18.32039446162033,0.0,0.0,CONTROLLED,sardinia,WHOLE_LAND_SINGLE_AUTHORISED_COMPONENT
h6000_q-000296_r+000935,18.301395865756987,0.0,18.301395865756987,0.0,0.0,CONTROLLED,sardinia,WHOLE_LAND_SINGLE_AUTHORISED_COMPONENT
h6000_q-000296_r+000936,18.282402664110183,0.0,18.282402664110183,0.0,0.0,CONTROLLED,sardinia,WHOLE_LAND_SINGLE_AUTHORISED_COMPONENT
h6000_q-000296_r+000937,18.263414895513534,0.0,18.263414895513534,0.0,0.0,CONTROLLED,sardinia,WHOLE_LAND_SINGLE_AUTHORISED_COMPONENT
h6000_q-000296_r+000938,18.24443259854889,0.0,18.24443259854889,0.0,0.0,CONTROLLED,sardinia,WHOLE_LAND_SINGLE_AUTHORISED_COMPONENT
h6000_q-000296_r+000939,18.225455811655046,0.0,18.225455811655046,0.0,0.0,CONTROLLED,sardinia,WHOLE_LAND_SINGLE_AUTHORISED_COMPONENT
h6000_q-000296_r+000940,18.206484573358537,0.0,18.206484573358537,0.0,0.0,CONTROLLED,sardinia,WHOLE_LAND_SINGLE_AUTHORISED_COMPONENT
h6000_q-000296_r+000941,18.18751892184639,0.0,18.18751892184639,0.0,0.0,CONTROLLED,sardinia,WHOLE_LAND_SINGLE_AUTHORISED_COMPONENT
h6000_q-000296_r+000942,18.168558895442963,0.0,18.168558895442963,0.0,0.0,CONTROLLED,sardinia,WHOLE_LAND_SINGLE_AUTHORISED_COMPONENT
h6000_q-000296_r+000943,18.149604532115937,0.0,18.149604532115937,0.0,0.0,CONTROLLED,sardinia,WHOLE_LAND_SINGLE_AUTHORISED_COMPONENT
h6000_q-000296_r+000944,18.13065586995697,0.0,18.13065586995697,0.0,0.0,CONTROLLED,sardinia,WHOLE_LAND_SINGLE_AUTHORISED_COMPONENT
h6000_q-000296_r+000945,18.111712946792604,0.0,18.111712946792604,0.0,0.0,CONTROLLED,sardinia,WHOLE_LAND_SINGLE_AUTHORISED_COMPONENT
h6000_q-000296_r+000946,18.092775800508498,0.0,18.092775800508498,0.0,0.0,CONTROLLED,sardinia,WHOLE_LAND_SINGLE_AUTHORISED_COMPONENT
h6000_q-000296_r+000947,18.073844468698503,0.0,18.073844468698503,0.0,0.0,CONTROLLED,sardinia,WHOLE_LAND_SINGLE_AUTHORISED_COMPONENT
h6000_q-000296_r+000948,18.054918988994597,0.0,18.054918988994597,0.0,0.0,CONTROLLED,sardinia,WHOLE_LAND_SINGLE_AUTHORISED_COMPONENT
h6000_q-000296_r+000949,18.035999398929597,0.0,18.035999398929597,0.0,0.0,CONTROLLED,sardinia,WHOLE_LAND_SINGLE_AUTHORISED_COMPONENT
h6000_q-000296_r+000950,18.017085735809328,0.0,18.017085735809328,0.0,0.0,CONTROLLED,sardinia,WHOLE_LAND_SINGLE_AUTHORISED_COMPONENT
h6000_q-000296_r+000951,17.9981780369339,0.0,17.9981780369339,0.0,0.0,CONTROLLED,sardinia,WHOLE_LAND_SINGLE_AUTHORISED_COMPONENT
h6000_q-000296_r+000952,17.979276339551927,0.0,17.979276339551927,0.0,0.0,CONTROLLED,sardinia,WHOLE_LAND_SINGLE_AUTHORISED_COMPONENT
h6000_q-000296_r+000953,17.79437341553408,0.0,17.79437341553408,0.0,0.0,CONTROLLED,sardinia,WHOLE_LAND_SINGLE_AUTHORISED_COMPONENT
h6000_q-000297_r+000911,18.758760427906036,0.0,18.758760427906036,0.0,0.0,CONTROLLED,sardinia,WHOLE_LAND_SINGLE_AUTHORISED_COMPONENT
h6000_q-000297_r+000912,18.739648682661056,0.0,18.739648682661056,0.0,0.0,CONTROLLED,sardinia,WHOLE_LAND_SINGLE_AUTHORISED_COMPONENT
h6000_q-000297_r+000913,18.7205414131279,0.0,18.7205414131279,0.0,0.0,CONTROLLED,sardinia,WHOLE_LAND_SINGLE_AUTHORISED_COMPONENT
h6000_q-000297_r+000914,18.7014386603775,0.0,18.7014386603775,0.0,0.0,CONTROLLED,sardinia,WHOLE_LAND_SINGLE_AUTHORISED_COMPONENT
h6000_q-000297_r+000915,18.682340465446472,0.0,18.682340465446472,0.0,0.0,CONTROLLED,sardinia,WHOLE_LAND_SINGLE_AUTHORISED_COMPONENT
h6000_q-000297_r+000916,18.663246869068146,0.0,18.663246869068146,0.0,0.0,CONTROLLED,sardinia,WHOLE_LAND_SINGLE_AUTHORISED_COMPONENT
h6000_q-000297_r+000917,18.644157912073137,0.0,18.644157912073137,0.0,0.0,CONTROLLED,sardinia,WHOLE_LAND_SINGLE_AUTHORISED_COMPONENT
h6000_q-000297_r+000918,18.62507363510513,0.0,18.62507363510513,0.0,0.0,CONTROLLED,sardinia,WHOLE_LAND_SINGLE_AUTHORISED_COMPONENT
h6000_q-000297_r+000919,18.605994078708648,0.0,18.605994078708648,0.0,0.0,CONTROLLED,sardinia,WHOLE_LAND_SINGLE_AUTHORISED_COMPONENT
h6000_q-000297_r+000920,18.586919283252715,0.0,18.586919283252715,0.0,0.0,CONTROLLED,sardinia,WHOLE_LAND_SINGLE_AUTHORISED_COMPONENT
h6000_q-000297_r+000921,18.56784928927231,0.0,18.56784928927231,0.0,0.0,CONTROLLED,sardinia,WHOLE_LAND_SINGLE_AUTHORISED_COMPONENT
h6000_q-000297_r+000922,18.54878413680458,0.0,18.54878413680458,0.0,0.0,CONTROLLED,sardinia,WHOLE_LAND_SINGLE_AUTHORISED_COMPONENT
h6000_q-000297_r+000923,18.529723866077422,0.0,18.529723866077422,0.0,0.0,CONTROLLED,sardinia,WHOLE_LAND_SINGLE_AUTHORISED_COMPONENT
h6000_q-000297_r+000924,18.510668517189025,0.0,18.510668517189025,0.0,0.0,CONTROLLED,sardinia,WHOLE_LAND_SINGLE_AUTHORISED_COMPONENT
h6000_q-000297_r+000925,18.491618129951476,0.0,18.491618129951476,0.0,0.0,CONTROLLED,sardinia,WHOLE_LAND_SINGLE_AUTHORISED_COMPONENT
h6000_q-000297_r+000926,18.472572744308472,0.0,18.472572744308472,0.0,0.0,CONTROLLED,sardinia,WHOLE_LAND_SINGLE_AUTHORISED_COMPONENT
h6000_q-000297_r+000927,18.45353239993286,0.0,18.45353239993286,0.0,0.0,CONTROLLED,sardinia,WHOLE_LAND_SINGLE_AUTHORISED_COMPONENT
h6000_q-000297_r+000928,18.43449713650894,0.0,18.43449713650894,0.0,0.0,CONTROLLED,sardinia,WHOLE_LAND_SINGLE_AUTHORISED_COMPONENT
h6000_q-000297_r+000929,18.41546699349594,0.0,18.41546699349594,0.0,0.0,CONTROLLED,sardinia,WHOLE_LAND_SINGLE_AUTHORISED_COMPONENT
h6000_q-000297_r+000930,18.39644201039505,0.0,18.39644201039505,0.0,0.0,CONTROLLED,sardinia,WHOLE_LAND_SINGLE_AUTHORISED_COMPONENT
h6000_q-000297_r+000931,18.377422226467132,0.0,18.377422226467132,0.0,0.0,CONTROLLED,sardinia,WHOLE_LAND_SINGLE_AUTHORISED_COMPONENT
h6000_q-000297_r+000932,18.35840768096924,0.0,18.35840768096924,0.0,0.0,CONTROLLED,sardinia,WHOLE_LAND_SINGLE_AUTHORISED_COMPONENT
h6000_q-000297_r+000933,18.33939841300392,0.0,18.33939841300392,0.0,0.0,CONTROLLED,sardinia,WHOLE_LAND_SINGLE_AUTHORISED_COMPONENT
h6000_q-000297_r+000934,18.320394461639403,0.0,18.320394461639403,0.0,0.0,CONTROLLED,sardinia,WHOLE_LAND_SINGLE_AUTHORISED_COMPONENT
h6000_q-000297_r+000935,18.301395865756987,0.0,18.301395865756987,0.0,0.0,CONTROLLED,sardinia,WHOLE_LAND_SINGLE_AUTHORISED_COMPONENT
h6000_q-000297_r+000936,18.282402664100648,0.0,18.282402664100648,0.0,0.0,CONTROLLED,sardinia,WHOLE_LAND_SINGLE_AUTHORISED_COMPONENT
h6000_q-000297_r+000937,18.263414895519258,0.0,18.263414895519258,0.0,0.0,CONTROLLED,sardinia,WHOLE_LAND_SINGLE_AUTHORISED_COMPONENT
h6000_q-000297_r+000938,18.24443259856415,0.0,18.24443259856415,0.0,0.0,CONTROLLED,sardinia,WHOLE_LAND_SINGLE_AUTHORISED_COMPONENT
h6000_q-000297_r+000939,18.225455811655046,0.0,18.225455811655046,0.0,0.0,CONTROLLED,sardinia,WHOLE_LAND_SINGLE_AUTHORISED_COMPONENT
h6000_q-000297_r+000940,18.206484573348998,0.0,18.206484573348998,0.0,0.0,CONTROLLED,sardinia,WHOLE_LAND_SINGLE_AUTHORISED_COMPONENT
h6000_q-000297_r+000941,18.18751892183876,0.0,18.18751892183876,0.0,0.0,CONTROLLED,sardinia,WHOLE_LAND_SINGLE_AUTHORISED_COMPONENT
h6000_q-000297_r+000942,18.16855889545059,0.0,18.16855889545059,0.0,0.0,CONTROLLED,sardinia,WHOLE_LAND_SINGLE_AUTHORISED_COMPONENT
h6000_q-000297_r+000943,18.14960453211975,0.0,18.14960453211975,0.0,0.0,CONTROLLED,sardinia,WHOLE_LAND_SINGLE_AUTHORISED_COMPONENT
h6000_q-000297_r+000944,18.130655869955064,0.0,18.130655869955064,0.0,0.0,CONTROLLED,sardinia,WHOLE_LAND_SINGLE_AUTHORISED_COMPONENT
h6000_q-000297_r+000945,18.111712946792604,0.0,18.111712946792604,0.0,0.0,CONTROLLED,sardinia,WHOLE_LAND_SINGLE_AUTHORISED_COMPONENT
h6000_q-000297_r+000946,18.09277580050659,0.0,18.09277580050659,0.0,0.0,CONTROLLED,sardinia,WHOLE_LAND_SINGLE_AUTHORISED_COMPONENT
h6000_q-000297_r+000947,18.073844468688964,0.0,18.073844468688964,0.0,0.0,CONTROLLED,sardinia,WHOLE_LAND_SINGLE_AUTHORISED_COMPONENT
h6000_q-000297_r+000948,18.054918988990785,0.0,18.054918988990785,0.0,0.0,CONTROLLED,sardinia,WHOLE_LAND_SINGLE_AUTHORISED_COMPONENT
h6000_q-000297_r+000949,18.035999398921966,0.0,18.035999398921966,0.0,0.0,CONTROLLED,sardinia,WHOLE_LAND_SINGLE_AUTHORISED_COMPONENT
h6000_q-000297_r+000950,18.017085735809328,0.0,18.017085735809328,0.0,0.0,CONTROLLED,sardinia,WHOLE_LAND_SINGLE_AUTHORISED_COMPONENT
h6000_q-000297_r+000951,17.9981780369339,0.0,17.9981780369339,0.0,0.0,CONTROLLED,sardinia,WHOLE_LAND_SINGLE_AUTHORISED_COMPONENT
h6000_q-000297_r+000952,17.979276339557646,0.0,17.979276339557646,0.0,0.0,CONTROLLED,sardinia,WHOLE_LAND_SINGLE_AUTHORISED_COMPONENT
h6000_q-000297_r+000953,17.960380680641173,0.0,17.960380680641173,0.0,0.0,CONTROLLED,sardinia,WHOLE_LAND_SINGLE_AUTHORISED_COMPONENT
h6000_q-000297_r+000954,17.94149109723282,0.0,17.94149109723282,0.0,0.0,CONTROLLED,sardinia,WHOLE_LAND_SINGLE_AUTHORISED_COMPONENT
h6000_q-000297_r+000955,15.943538376647377,0.0,15.943538376647377,0.0,0.0,CONTROLLED,sardinia,WHOLE_LAND_SINGLE_AUTHORISED_COMPONENT
h6000_q-000298_r+000910,10.04946660420583,0.0,0.4403309767504622,9.609135627455368,0.9561836469443884,UNRESOLVED,,MIXED_UNAUDITED_LAND_COMPONENT
h6000_q-000298_r+000911,12.74418937772828,0.0,12.741015273038297,0.0031741046899817884,0.00024906289414757503,CONTROLLED,sardinia,WHOLE_LAND_SINGLE_AUTHORISED_COMPONENT
h6000_q-000298_r+000912,18.739648682662963,0.0,18.739648682662963,0.0,0.0,CONTROLLED,sardinia,WHOLE_LAND_SINGLE_AUTHORISED_COMPONENT
h6000_q-000298_r+000913,18.72054141314316,0.0,18.72054141314316,0.0,0.0,CONTROLLED,sardinia,WHOLE_LAND_SINGLE_AUTHORISED_COMPONENT
h6000_q-000298_r+000914,18.70143866038704,0.0,18.70143866038704,0.0,0.0,CONTROLLED,sardinia,WHOLE_LAND_SINGLE_AUTHORISED_COMPONENT
h6000_q-000298_r+000915,18.682340465457916,0.0,18.682340465457916,0.0,0.0,CONTROLLED,sardinia,WHOLE_LAND_SINGLE_AUTHORISED_COMPONENT
h6000_q-000298_r+000916,18.663246869068146,0.0,18.663246869068146,0.0,0.0,CONTROLLED,sardinia,WHOLE_LAND_SINGLE_AUTHORISED_COMPONENT
h6000_q-000298_r+000917,18.644157912088396,0.0,18.644157912088396,0.0,0.0,CONTROLLED,sardinia,WHOLE_LAND_SINGLE_AUTHORISED_COMPONENT
h6000_q-000298_r+000918,18.625073635108947,0.0,18.625073635108947,0.0,0.0,CONTROLLED,sardinia,WHOLE_LAND_SINGLE_AUTHORISED_COMPONENT
h6000_q-000298_r+000919,18.60599407871628,0.0,18.60599407871628,0.0,0.0,CONTROLLED,sardinia,WHOLE_LAND_SINGLE_AUTHORISED_COMPONENT
h6000_q-000298_r+000920,18.586919283254623,0.0,18.586919283254623,0.0,0.0,CONTROLLED,sardinia,WHOLE_LAND_SINGLE_AUTHORISED_COMPONENT
h6000_q-000298_r+000921,18.56784928927231,0.0,18.56784928927231,0.0,0.0,CONTROLLED,sardinia,WHOLE_LAND_SINGLE_AUTHORISED_COMPONENT
h6000_q-000298_r+000922,18.54878413679123,0.0,18.54878413679123,0.0,0.0,CONTROLLED,sardinia,WHOLE_LAND_SINGLE_AUTHORISED_COMPONENT
h6000_q-000298_r+000923,18.529723866069794,0.0,18.529723866069794,0.0,0.0,CONTROLLED,sardinia,WHOLE_LAND_SINGLE_AUTHORISED_COMPONENT
h6000_q-000298_r+000924,18.51066851717949,0.0,18.51066851717949,0.0,0.0,CONTROLLED,sardinia,WHOLE_LAND_SINGLE_AUTHORISED_COMPONENT
h6000_q-000298_r+000925,18.491618129947664,0.0,18.491618129947664,0.0,0.0,CONTROLLED,sardinia,WHOLE_LAND_SINGLE_AUTHORISED_COMPONENT
h6000_q-000298_r+000926,18.472572744308472,0.0,18.472572744308472,0.0,0.0,CONTROLLED,sardinia,WHOLE_LAND_SINGLE_AUTHORISED_COMPONENT
h6000_q-000298_r+000927,18.45353239993286,0.0,18.45353239993286,0.0,0.0,CONTROLLED,sardinia,WHOLE_LAND_SINGLE_AUTHORISED_COMPONENT
h6000_q-000298_r+000928,18.43449713650894,0.0,18.43449713650894,0.0,0.0,CONTROLLED,sardinia,WHOLE_LAND_SINGLE_AUTHORISED_COMPONENT
h6000_q-000298_r+000929,18.41546699349594,0.0,18.41546699349594,0.0,0.0,CONTROLLED,sardinia,WHOLE_LAND_SINGLE_AUTHORISED_COMPONENT
h6000_q-000298_r+000930,18.39644201039505,0.0,18.39644201039505,0.0,0.0,CONTROLLED,sardinia,WHOLE_LAND_SINGLE_AUTHORISED_COMPONENT
h6000_q-000298_r+000931,18.377422226467132,0.0,18.377422226467132,0.0,0.0,CONTROLLED,sardinia,WHOLE_LAND_SINGLE_AUTHORISED_COMPONENT
h6000_q-000298_r+000932,18.35840768096924,0.0,18.35840768096924,0.0,0.0,CONTROLLED,sardinia,WHOLE_LAND_SINGLE_AUTHORISED_COMPONENT
h6000_q-000298_r+000933,18.339398413021087,0.0,18.339398413021087,0.0,0.0,CONTROLLED,sardinia,WHOLE_LAND_SINGLE_AUTHORISED_COMPONENT
h6000_q-000298_r+000934,18.32039446162033,0.0,18.32039446162033,0.0,0.0,CONTROLLED,sardinia,WHOLE_LAND_SINGLE_AUTHORISED_COMPONENT
h6000_q-000298_r+000935,18.30139586574173,0.0,18.30139586574173,0.0,0.0,CONTROLLED,sardinia,WHOLE_LAND_SINGLE_AUTHORISED_COMPONENT
h6000_q-000298_r+000936,18.282402664110183,0.0,18.282402664110183,0.0,0.0,CONTROLLED,sardinia,WHOLE_LAND_SINGLE_AUTHORISED_COMPONENT
h6000_q-000298_r+000937,18.263414895519258,0.0,18.263414895519258,0.0,0.0,CONTROLLED,sardinia,WHOLE_LAND_SINGLE_AUTHORISED_COMPONENT
h6000_q-000298_r+000938,18.24443259854889,0.0,18.24443259854889,0.0,0.0,CONTROLLED,sardinia,WHOLE_LAND_SINGLE_AUTHORISED_COMPONENT
h6000_q-000298_r+000939,18.225455811656953,0.0,18.225455811656953,0.0,0.0,CONTROLLED,sardinia,WHOLE_LAND_SINGLE_AUTHORISED_COMPONENT
h6000_q-000298_r+000940,18.20648457334328,0.0,18.20648457334328,0.0,0.0,CONTROLLED,sardinia,WHOLE_LAND_SINGLE_AUTHORISED_COMPONENT
h6000_q-000298_r+000941,18.18751892184639,0.0,18.18751892184639,0.0,0.0,CONTROLLED,sardinia,WHOLE_LAND_SINGLE_AUTHORISED_COMPONENT
h6000_q-000298_r+000942,18.16855889545059,0.0,18.16855889545059,0.0,0.0,CONTROLLED,sardinia,WHOLE_LAND_SINGLE_AUTHORISED_COMPONENT
h6000_q-000298_r+000943,18.149604532117845,0.0,18.149604532117845,0.0,0.0,CONTROLLED,sardinia,WHOLE_LAND_SINGLE_AUTHORISED_COMPONENT
h6000_q-000298_r+000944,18.130655869951248,0.0,18.130655869951248,0.0,0.0,CONTROLLED,sardinia,WHOLE_LAND_SINGLE_AUTHORISED_COMPONENT
h6000_q-000298_r+000945,18.111712946798324,0.0,18.111712946798324,0.0,0.0,CONTROLLED,sardinia,WHOLE_LAND_SINGLE_AUTHORISED_COMPONENT
h6000_q-000298_r+000946,18.092775800508498,0.0,18.092775800508498,0.0,0.0,CONTROLLED,sardinia,WHOLE_LAND_SINGLE_AUTHORISED_COMPONENT
h6000_q-000298_r+000947,18.073844468688964,0.0,18.073844468688964,0.0,0.0,CONTROLLED,sardinia,WHOLE_LAND_SINGLE_AUTHORISED_COMPONENT
h6000_q-000298_r+000948,18.054918988994597,0.0,18.054918988994597,0.0,0.0,CONTROLLED,sardinia,WHOLE_LAND_SINGLE_AUTHORISED_COMPONENT
h6000_q-000298_r+000949,18.035999398929597,0.0,18.035999398929597,0.0,0.0,CONTROLLED,sardinia,WHOLE_LAND_SINGLE_AUTHORISED_COMPONENT
h6000_q-000298_r+000950,18.017085735824583,0.0,18.017085735824583,0.0,0.0,CONTROLLED,sardinia,WHOLE_LAND_SINGLE_AUTHORISED_COMPONENT
h6000_q-000298_r+000951,17.998178036928177,0.0,17.998178036928177,0.0,0.0,CONTROLLED,sardinia,WHOLE_LAND_SINGLE_AUTHORISED_COMPONENT
h6000_q-000298_r+000952,17.979276339557646,0.0,17.979276339557646,0.0,0.0,CONTROLLED,sardinia,WHOLE_LAND_SINGLE_AUTHORISED_COMPONENT
h6000_q-000298_r+000953,17.960380680641173,0.0,17.960380680641173,0.0,0.0,CONTROLLED,sardinia,WHOLE_LAND_SINGLE_AUTHORISED_COMPONENT
h6000_q-000298_r+000954,17.941491097221373,0.0,17.941491097221373,0.0,0.0,CONTROLLED,sardinia,WHOLE_LAND_SINGLE_AUTHORISED_COMPONENT
h6000_q-000298_r+000955,17.92260762624359,0.0,17.92260762624359,0.0,0.0,CONTROLLED,sardinia,WHOLE_LAND_SINGLE_AUTHORISED_COMPONENT
h6000_q-000298_r+000956,16.85667581888799,0.0,16.85667581888799,0.0,0.0,CONTROLLED,sardinia,WHOLE_LAND_SINGLE_AUTHORISED_COMPONENT
h6000_q-000299_r+000912,12.59996914662675,0.0,12.59996914662675,0.0,0.0,CONTROLLED,sardinia,WHOLE_LAND_SINGLE_AUTHORISED_COMPONENT
h6000_q-000299_r+000913,18.72054141314316,0.0,18.72054141314316,0.0,0.0,CONTROLLED,sardinia,WHOLE_LAND_SINGLE_AUTHORISED_COMPONENT
h6000_q-000299_r+000914,18.7014386603775,0.0,18.7014386603775,0.0,0.0,CONTROLLED,sardinia,WHOLE_LAND_SINGLE_AUTHORISED_COMPONENT
h6000_q-000299_r+000915,18.682340465442657,0.0,18.682340465442657,0.0,0.0,CONTROLLED,sardinia,WHOLE_LAND_SINGLE_AUTHORISED_COMPONENT
h6000_q-000299_r+000916,18.663246869058607,0.0,18.663246869058607,0.0,0.0,CONTROLLED,sardinia,WHOLE_LAND_SINGLE_AUTHORISED_COMPONENT
h6000_q-000299_r+000917,18.644157912073137,0.0,18.644157912073137,0.0,0.0,CONTROLLED,sardinia,WHOLE_LAND_SINGLE_AUTHORISED_COMPONENT
h6000_q-000299_r+000918,18.62507363508606,0.0,18.62507363508606,0.0,0.0,CONTROLLED,sardinia,WHOLE_LAND_SINGLE_AUTHORISED_COMPONENT
h6000_q-000299_r+000919,18.60599407871437,0.0,18.60599407871437,0.0,0.0,CONTROLLED,sardinia,WHOLE_LAND_SINGLE_AUTHORISED_COMPONENT
h6000_q-000299_r+000920,18.586919283252715,0.0,18.586919283252715,0.0,0.0,CONTROLLED,sardinia,WHOLE_LAND_SINGLE_AUTHORISED_COMPONENT
h6000_q-000299_r+000921,18.567849289258955,0.0,18.567849289258955,0.0,0.0,CONTROLLED,sardinia,WHOLE_LAND_SINGLE_AUTHORISED_COMPONENT
h6000_q-000299_r+000922,18.54878413680458,0.0,18.54878413680458,0.0,0.0,CONTROLLED,sardinia,WHOLE_LAND_SINGLE_AUTHORISED_COMPONENT
h6000_q-000299_r+000923,18.529723866069794,0.0,18.529723866069794,0.0,0.0,CONTROLLED,sardinia,WHOLE_LAND_SINGLE_AUTHORISED_COMPONENT
h6000_q-000299_r+000924,18.510668517189025,0.0,18.510668517189025,0.0,0.0,CONTROLLED,sardinia,WHOLE_LAND_SINGLE_AUTHORISED_COMPONENT
h6000_q-000299_r+000925,18.491618129951476,0.0,18.491618129951476,0.0,0.0,CONTROLLED,sardinia,WHOLE_LAND_SINGLE_AUTHORISED_COMPONENT
h6000_q-000299_r+000926,18.472572744321823,0.0,18.472572744321823,0.0,0.0,CONTROLLED,sardinia,WHOLE_LAND_SINGLE_AUTHORISED_COMPONENT
h6000_q-000299_r+000927,18.453532399915694,0.0,18.453532399915694,0.0,0.0,CONTROLLED,sardinia,WHOLE_LAND_SINGLE_AUTHORISED_COMPONENT
h6000_q-000299_r+000928,18.43449713650894,0.0,18.43449713650894,0.0,0.0,CONTROLLED,sardinia,WHOLE_LAND_SINGLE_AUTHORISED_COMPONENT
h6000_q-000299_r+000929,18.41546699349594,0.0,18.41546699349594,0.0,0.0,CONTROLLED,sardinia,WHOLE_LAND_SINGLE_AUTHORISED_COMPONENT
h6000_q-000299_r+000930,18.39644201039505,0.0,18.39644201039505,0.0,0.0,CONTROLLED,sardinia,WHOLE_LAND_SINGLE_AUTHORISED_COMPONENT
h6000_q-000299_r+000931,18.377422226467132,0.0,18.377422226467132,0.0,0.0,CONTROLLED,sardinia,WHOLE_LAND_SINGLE_AUTHORISED_COMPONENT
h6000_q-000299_r+000932,18.35840768096924,0.0,18.35840768096924,0.0,0.0,CONTROLLED,sardinia,WHOLE_LAND_SINGLE_AUTHORISED_COMPONENT
h6000_q-000299_r+000933,18.339398413021087,0.0,18.339398413021087,0.0,0.0,CONTROLLED,sardinia,WHOLE_LAND_SINGLE_AUTHORISED_COMPONENT
h6000_q-000299_r+000934,18.32039446162033,0.0,18.32039446162033,0.0,0.0,CONTROLLED,sardinia,WHOLE_LAND_SINGLE_AUTHORISED_COMPONENT
h6000_q-000299_r+000935,18.301395865756987,0.0,18.301395865756987,0.0,0.0,CONTROLLED,sardinia,WHOLE_LAND_SINGLE_AUTHORISED_COMPONENT
h6000_q-000299_r+000936,18.282402664100648,0.0,18.282402664100648,0.0,0.0,CONTROLLED,sardinia,WHOLE_LAND_SINGLE_AUTHORISED_COMPONENT
h6000_q-000299_r+000937,18.263414895513534,0.0,18.263414895513534,0.0,0.0,CONTROLLED,sardinia,WHOLE_LAND_SINGLE_AUTHORISED_COMPONENT
h6000_q-000299_r+000938,18.24443259856415,0.0,18.24443259856415,0.0,0.0,CONTROLLED,sardinia,WHOLE_LAND_SINGLE_AUTHORISED_COMPONENT
h6000_q-000299_r+000939,18.225455811656953,0.0,18.225455811656953,0.0,0.0,CONTROLLED,sardinia,WHOLE_LAND_SINGLE_AUTHORISED_COMPONENT
h6000_q-000299_r+000940,18.206484573348998,0.0,18.206484573348998,0.0,0.0,CONTROLLED,sardinia,WHOLE_LAND_SINGLE_AUTHORISED_COMPONENT
h6000_q-000299_r+000941,18.187518921844482,0.0,18.187518921844482,0.0,0.0,CONTROLLED,sardinia,WHOLE_LAND_SINGLE_AUTHORISED_COMPONENT
h6000_q-000299_r+000942,18.168558895442963,0.0,18.168558895442963,0.0,0.0,CONTROLLED,sardinia,WHOLE_LAND_SINGLE_AUTHORISED_COMPONENT
h6000_q-000299_r+000943,18.14960453211975,0.0,18.14960453211975,0.0,0.0,CONTROLLED,sardinia,WHOLE_LAND_SINGLE_AUTHORISED_COMPONENT
h6000_q-000299_r+000944,18.13065586995697,0.0,18.13065586995697,0.0,0.0,CONTROLLED,sardinia,WHOLE_LAND_SINGLE_AUTHORISED_COMPONENT
h6000_q-000299_r+000945,18.111712946792604,0.0,18.111712946792604,0.0,0.0,CONTROLLED,sardinia,WHOLE_LAND_SINGLE_AUTHORISED_COMPONENT
h6000_q-000299_r+000946,18.09277580050087,0.0,18.09277580050087,0.0,0.0,CONTROLLED,sardinia,WHOLE_LAND_SINGLE_AUTHORISED_COMPONENT
h6000_q-000299_r+000947,18.073844468698503,0.0,18.073844468698503,0.0,0.0,CONTROLLED,sardinia,WHOLE_LAND_SINGLE_AUTHORISED_COMPONENT
h6000_q-000299_r+000948,18.054918988990785,0.0,18.054918988990785,0.0,0.0,CONTROLLED,sardinia,WHOLE_LAND_SINGLE_AUTHORISED_COMPONENT
h6000_q-000299_r+000949,18.035999398929597,0.0,18.035999398929597,0.0,0.0,CONTROLLED,sardinia,WHOLE_LAND_SINGLE_AUTHORISED_COMPONENT
h6000_q-000299_r+000950,18.017085735809328,0.0,18.017085735809328,0.0,0.0,CONTROLLED,sardinia,WHOLE_LAND_SINGLE_AUTHORISED_COMPONENT
h6000_q-000299_r+000951,17.9981780369339,0.0,17.9981780369339,0.0,0.0,CONTROLLED,sardinia,WHOLE_LAND_SINGLE_AUTHORISED_COMPONENT
h6000_q-000299_r+000952,17.979276339551927,0.0,17.979276339551927,0.0,0.0,CONTROLLED,sardinia,WHOLE_LAND_SINGLE_AUTHORISED_COMPONENT
h6000_q-000299_r+000953,17.96038068063927,0.0,17.96038068063927,0.0,0.0,CONTROLLED,sardinia,WHOLE_LAND_SINGLE_AUTHORISED_COMPONENT
h6000_q-000299_r+000954,17.941491097221373,0.0,17.941491097221373,0.0,0.0,CONTROLLED,sardinia,WHOLE_LAND_SINGLE_AUTHORISED_COMPONENT
h6000_q-000299_r+000955,17.92260762624359,0.0,17.92260762624359,0.0,0.0,CONTROLLED,sardinia,WHOLE_LAND_SINGLE_AUTHORISED_COMPONENT
h6000_q-000299_r+000956,17.903730304367066,0.0,17.903730304367066,0.0,0.0,CONTROLLED,sardinia,WHOLE_LAND_SINGLE_AUTHORISED_COMPONENT
h6000_q-000299_r+000957,17.88485916827774,0.0,17.88485916827774,0.0,0.0,CONTROLLED,sardinia,WHOLE_LAND_SINGLE_AUTHORISED_COMPONENT
h6000_q-000300_r+000913,11.783550478618123,0.0,11.783550478618123,0.0,0.0,CONTROLLED,sardinia,WHOLE_LAND_SINGLE_AUTHORISED_COMPONENT
h6000_q-000300_r+000914,18.927116785507202,0.0,18.927116785507202,0.0,0.0,CONTROLLED,sardinia,WHOLE_LAND_SINGLE_AUTHORISED_COMPONENT
h6000_q-000300_r+000915,18.682340465442657,0.0,18.682340465442657,0.0,0.0,CONTROLLED,sardinia,WHOLE_LAND_SINGLE_AUTHORISED_COMPONENT
h6000_q-000300_r+000916,18.663246869068146,0.0,18.663246869068146,0.0,0.0,CONTROLLED,sardinia,WHOLE_LAND_SINGLE_AUTHORISED_COMPONENT
h6000_q-000300_r+000917,18.64415791207123,0.0,18.64415791207123,0.0,0.0,CONTROLLED,sardinia,WHOLE_LAND_SINGLE_AUTHORISED_COMPONENT
h6000_q-000300_r+000918,18.62507363510513,0.0,18.62507363510513,0.0,0.0,CONTROLLED,sardinia,WHOLE_LAND_SINGLE_AUTHORISED_COMPONENT
h6000_q-000300_r+000919,18.60599407871628,0.0,18.60599407871628,0.0,0.0,CONTROLLED,sardinia,WHOLE_LAND_SINGLE_AUTHORISED_COMPONENT
h6000_q-000300_r+000920,18.586919283260347,0.0,18.586919283260347,0.0,0.0,CONTROLLED,sardinia,WHOLE_LAND_SINGLE_AUTHORISED_COMPONENT
h6000_q-000300_r+000921,18.56784928926468,0.0,18.56784928926468,0.0,0.0,CONTROLLED,sardinia,WHOLE_LAND_SINGLE_AUTHORISED_COMPONENT
h6000_q-000300_r+000922,18.54878413679123,0.0,18.54878413679123,0.0,0.0,CONTROLLED,sardinia,WHOLE_LAND_SINGLE_AUTHORISED_COMPONENT
h6000_q-000300_r+000923,18.529723866077422,0.0,18.529723866077422,0.0,0.0,CONTROLLED,sardinia,WHOLE_LAND_SINGLE_AUTHORISED_COMPONENT
h6000_q-000300_r+000924,18.51066851717949,0.0,18.51066851717949,0.0,0.0,CONTROLLED,sardinia,WHOLE_LAND_SINGLE_AUTHORISED_COMPONENT
h6000_q-000300_r+000925,18.491618129951476,0.0,18.491618129951476,0.0,0.0,CONTROLLED,sardinia,WHOLE_LAND_SINGLE_AUTHORISED_COMPONENT
h6000_q-000300_r+000926,18.472572744308472,0.0,18.472572744308472,0.0,0.0,CONTROLLED,sardinia,WHOLE_LAND_SINGLE_AUTHORISED_COMPONENT
h6000_q-000300_r+000927,18.45353239993286,0.0,18.45353239993286,0.0,0.0,CONTROLLED,sardinia,WHOLE_LAND_SINGLE_AUTHORISED_COMPONENT
h6000_q-000300_r+000928,18.4344971365242,0.0,18.4344971365242,0.0,0.0,CONTROLLED,sardinia,WHOLE_LAND_SINGLE_AUTHORISED_COMPONENT
h6000_q-000300_r+000929,18.41546699348259,0.0,18.41546699348259,0.0,0.0,CONTROLLED,sardinia,WHOLE_LAND_SINGLE_AUTHORISED_COMPONENT
h6000_q-000300_r+000930,18.39644201039505,0.0,18.39644201039505,0.0,0.0,CONTROLLED,sardinia,WHOLE_LAND_SINGLE_AUTHORISED_COMPONENT
h6000_q-000300_r+000931,18.377422226467132,0.0,18.377422226467132,0.0,0.0,CONTROLLED,sardinia,WHOLE_LAND_SINGLE_AUTHORISED_COMPONENT
h6000_q-000300_r+000932,18.35840768096924,0.0,18.35840768096924,0.0,0.0,CONTROLLED,sardinia,WHOLE_LAND_SINGLE_AUTHORISED_COMPONENT
h6000_q-000300_r+000933,18.339398413021087,0.0,18.339398413021087,0.0,0.0,CONTROLLED,sardinia,WHOLE_LAND_SINGLE_AUTHORISED_COMPONENT
h6000_q-000300_r+000934,18.32039446162033,0.0,18.32039446162033,0.0,0.0,CONTROLLED,sardinia,WHOLE_LAND_SINGLE_AUTHORISED_COMPONENT
h6000_q-000300_r+000935,18.301395865756987,0.0,18.301395865756987,0.0,0.0,CONTROLLED,sardinia,WHOLE_LAND_SINGLE_AUTHORISED_COMPONENT
h6000_q-000300_r+000936,18.282402664100648,0.0,18.282402664100648,0.0,0.0,CONTROLLED,sardinia,WHOLE_LAND_SINGLE_AUTHORISED_COMPONENT
h6000_q-000300_r+000937,18.263414895519258,0.0,18.263414895519258,0.0,0.0,CONTROLLED,sardinia,WHOLE_LAND_SINGLE_AUTHORISED_COMPONENT
h6000_q-000300_r+000938,18.24443259854889,0.0,18.24443259854889,0.0,0.0,CONTROLLED,sardinia,WHOLE_LAND_SINGLE_AUTHORISED_COMPONENT
h6000_q-000300_r+000939,18.225455811655046,0.0,18.225455811655046,0.0,0.0,CONTROLLED,sardinia,WHOLE_LAND_SINGLE_AUTHORISED_COMPONENT
h6000_q-000300_r+000940,18.20648457334328,0.0,18.20648457334328,0.0,0.0,CONTROLLED,sardinia,WHOLE_LAND_SINGLE_AUTHORISED_COMPONENT
h6000_q-000300_r+000941,18.187518921844482,0.0,18.187518921844482,0.0,0.0,CONTROLLED,sardinia,WHOLE_LAND_SINGLE_AUTHORISED_COMPONENT
h6000_q-000300_r+000942,18.16855889545059,0.0,18.16855889545059,0.0,0.0,CONTROLLED,sardinia,WHOLE_LAND_SINGLE_AUTHORISED_COMPONENT
h6000_q-000300_r+000943,18.149604532115937,0.0,18.149604532115937,0.0,0.0,CONTROLLED,sardinia,WHOLE_LAND_SINGLE_AUTHORISED_COMPONENT
h6000_q-000300_r+000944,18.130655869955064,0.0,18.130655869955064,0.0,0.0,CONTROLLED,sardinia,WHOLE_LAND_SINGLE_AUTHORISED_COMPONENT
h6000_q-000300_r+000945,18.111712946798324,0.0,18.111712946798324,0.0,0.0,CONTROLLED,sardinia,WHOLE_LAND_SINGLE_AUTHORISED_COMPONENT
h6000_q-000300_r+000946,18.09277580050659,0.0,18.09277580050659,0.0,0.0,CONTROLLED,sardinia,WHOLE_LAND_SINGLE_AUTHORISED_COMPONENT
h6000_q-000300_r+000947,18.07384446869278,0.0,18.07384446869278,0.0,0.0,CONTROLLED,sardinia,WHOLE_LAND_SINGLE_AUTHORISED_COMPONENT
h6000_q-000300_r+000948,18.05491898900032,0.0,18.05491898900032,0.0,0.0,CONTROLLED,sardinia,WHOLE_LAND_SINGLE_AUTHORISED_COMPONENT
h6000_q-000300_r+000949,18.035999398921966,0.0,18.035999398921966,0.0,0.0,CONTROLLED,sardinia,WHOLE_LAND_SINGLE_AUTHORISED_COMPONENT
h6000_q-000300_r+000950,18.017085735824583,0.0,18.017085735824583,0.0,0.0,CONTROLLED,sardinia,WHOLE_LAND_SINGLE_AUTHORISED_COMPONENT
h6000_q-000300_r+000951,17.9981780369339,0.0,17.9981780369339,0.0,0.0,CONTROLLED,sardinia,WHOLE_LAND_SINGLE_AUTHORISED_COMPONENT
h6000_q-000300_r+000952,17.979276339557646,0.0,17.979276339557646,0.0,0.0,CONTROLLED,sardinia,WHOLE_LAND_SINGLE_AUTHORISED_COMPONENT
h6000_q-000300_r+000953,17.960380680641173,0.0,17.960380680641173,0.0,0.0,CONTROLLED,sardinia,WHOLE_LAND_SINGLE_AUTHORISED_COMPONENT
h6000_q-000300_r+000954,17.94149109723282,0.0,17.94149109723282,0.0,0.0,CONTROLLED,sardinia,WHOLE_LAND_SINGLE_AUTHORISED_COMPONENT
h6000_q-000300_r+000955,17.922607626235962,0.0,17.922607626235962,0.0,0.0,CONTROLLED,sardinia,WHOLE_LAND_SINGLE_AUTHORISED_COMPONENT
h6000_q-000300_r+000956,17.903730304367066,0.0,17.903730304367066,0.0,0.0,CONTROLLED,sardinia,WHOLE_LAND_SINGLE_AUTHORISED_COMPONENT
h6000_q-000300_r+000957,17.88485916827774,0.0,17.88485916827774,0.0,0.0,CONTROLLED,sardinia,WHOLE_LAND_SINGLE_AUTHORISED_COMPONENT
h6000_q-000300_r+000958,17.86599425462723,0.0,17.86599425462723,0.0,0.0,CONTROLLED,sardinia,WHOLE_LAND_SINGLE_AUTHORISED_COMPONENT
h6000_q-000300_r+000959,10.124040027480675,0.0,10.123730796190058,0.0003092312906178413,3.054425800159467e-05,CONTROLLED,sardinia,WHOLE_LAND_SINGLE_AUTHORISED_COMPONENT
h6000_q-000301_r+000914,14.351677004216914,0.0,14.351677004216914,0.0,0.0,CONTROLLED,sardinia,WHOLE_LAND_SINGLE_AUTHORISED_COMPONENT
h6000_q-000301_r+000915,19.079637509674548,0.0,19.079637509674548,0.0,0.0,CONTROLLED,sardinia,WHOLE_LAND_SINGLE_AUTHORISED_COMPONENT
h6000_q-000301_r+000916,18.888464117935897,0.0,18.888464117935897,0.0,0.0,CONTROLLED,sardinia,WHOLE_LAND_SINGLE_AUTHORISED_COMPONENT
h6000_q-000301_r+000917,18.64415791207123,0.0,18.64415791207123,0.0,0.0,CONTROLLED,sardinia,WHOLE_LAND_SINGLE_AUTHORISED_COMPONENT
h6000_q-000301_r+000918,18.625073635108947,0.0,18.625073635108947,0.0,0.0,CONTROLLED,sardinia,WHOLE_LAND_SINGLE_AUTHORISED_COMPONENT
h6000_q-000301_r+000919,18.605994078708648,0.0,18.605994078708648,0.0,0.0,CONTROLLED,sardinia,WHOLE_LAND_SINGLE_AUTHORISED_COMPONENT
h6000_q-000301_r+000920,18.586919283254623,0.0,18.586919283254623,0.0,0.0,CONTROLLED,sardinia,WHOLE_LAND_SINGLE_AUTHORISED_COMPONENT
h6000_q-000301_r+000921,18.567849289258955,0.0,18.567849289258955,0.0,0.0,CONTROLLED,sardinia,WHOLE_LAND_SINGLE_AUTHORISED_COMPONENT
h6000_q-000301_r+000922,18.54878413679123,0.0,18.54878413679123,0.0,0.0,CONTROLLED,sardinia,WHOLE_LAND_SINGLE_AUTHORISED_COMPONENT
h6000_q-000301_r+000923,18.52972386606598,0.0,18.52972386606598,0.0,0.0,CONTROLLED,sardinia,WHOLE_LAND_SINGLE_AUTHORISED_COMPONENT
h6000_q-000301_r+000924,18.510668517189025,0.0,18.510668517189025,0.0,0.0,CONTROLLED,sardinia,WHOLE_LAND_SINGLE_AUTHORISED_COMPONENT
h6000_q-000301_r+000925,18.491618129947664,0.0,18.491618129947664,0.0,0.0,CONTROLLED,sardinia,WHOLE_LAND_SINGLE_AUTHORISED_COMPONENT
h6000_q-000301_r+000926,18.472572744321823,0.0,18.472572744321823,0.0,0.0,CONTROLLED,sardinia,WHOLE_LAND_SINGLE_AUTHORISED_COMPONENT
h6000_q-000301_r+000927,18.45353239993286,0.0,18.45353239993286,0.0,0.0,CONTROLLED,sardinia,WHOLE_LAND_SINGLE_AUTHORISED_COMPONENT
h6000_q-000301_r+000928,18.43449713650894,0.0,18.43449713650894,0.0,0.0,CONTROLLED,sardinia,WHOLE_LAND_SINGLE_AUTHORISED_COMPONENT
h6000_q-000301_r+000929,18.41546699349594,0.0,18.41546699349594,0.0,0.0,CONTROLLED,sardinia,WHOLE_LAND_SINGLE_AUTHORISED_COMPONENT
h6000_q-000301_r+000930,18.39644201040268,0.0,18.39644201040268,0.0,0.0,CONTROLLED,sardinia,WHOLE_LAND_SINGLE_AUTHORISED_COMPONENT
h6000_q-000301_r+000931,18.37742222646904,0.0,18.37742222646904,0.0,0.0,CONTROLLED,sardinia,WHOLE_LAND_SINGLE_AUTHORISED_COMPONENT
h6000_q-000301_r+000932,18.35840768096924,0.0,18.35840768096924,0.0,0.0,CONTROLLED,sardinia,WHOLE_LAND_SINGLE_AUTHORISED_COMPONENT
h6000_q-000301_r+000933,18.339398413021087,0.0,18.339398413021087,0.0,0.0,CONTROLLED,sardinia,WHOLE_LAND_SINGLE_AUTHORISED_COMPONENT
h6000_q-000301_r+000934,18.32039446162033,0.0,18.32039446162033,0.0,0.0,CONTROLLED,sardinia,WHOLE_LAND_SINGLE_AUTHORISED_COMPONENT
h6000_q-000301_r+000935,18.301395865756987,0.0,18.301395865756987,0.0,0.0,CONTROLLED,sardinia,WHOLE_LAND_SINGLE_AUTHORISED_COMPONENT
h6000_q-000301_r+000936,18.282402664100648,0.0,18.282402664100648,0.0,0.0,CONTROLLED,sardinia,WHOLE_LAND_SINGLE_AUTHORISED_COMPONENT
h6000_q-000301_r+000937,18.263414895519258,0.0,18.263414895519258,0.0,0.0,CONTROLLED,sardinia,WHOLE_LAND_SINGLE_AUTHORISED_COMPONENT
h6000_q-000301_r+000938,18.24443259854889,0.0,18.24443259854889,0.0,0.0,CONTROLLED,sardinia,WHOLE_LAND_SINGLE_AUTHORISED_COMPONENT
h6000_q-000301_r+000939,18.225455811656953,0.0,18.225455811656953,0.0,0.0,CONTROLLED,sardinia,WHOLE_LAND_SINGLE_AUTHORISED_COMPONENT
h6000_q-000301_r+000940,18.206484573348998,0.0,18.206484573348998,0.0,0.0,CONTROLLED,sardinia,WHOLE_LAND_SINGLE_AUTHORISED_COMPONENT
h6000_q-000301_r+000941,18.18751892184639,0.0,18.18751892184639,0.0,0.0,CONTROLLED,sardinia,WHOLE_LAND_SINGLE_AUTHORISED_COMPONENT
h6000_q-000301_r+000942,18.168558895442963,0.0,18.168558895442963,0.0,0.0,CONTROLLED,sardinia,WHOLE_LAND_SINGLE_AUTHORISED_COMPONENT
h6000_q-000301_r+000943,18.149604532115937,0.0,18.149604532115937,0.0,0.0,CONTROLLED,sardinia,WHOLE_LAND_SINGLE_AUTHORISED_COMPONENT
h6000_q-000301_r+000944,18.13065586995697,0.0,18.13065586995697,0.0,0.0,CONTROLLED,sardinia,WHOLE_LAND_SINGLE_AUTHORISED_COMPONENT
h6000_q-000301_r+000945,18.111712946792604,0.0,18.111712946792604,0.0,0.0,CONTROLLED,sardinia,WHOLE_LAND_SINGLE_AUTHORISED_COMPONENT
h6000_q-000301_r+000946,18.092775800508498,0.0,18.092775800508498,0.0,0.0,CONTROLLED,sardinia,WHOLE_LAND_SINGLE_AUTHORISED_COMPONENT
h6000_q-000301_r+000947,18.073844468698503,0.0,18.073844468698503,0.0,0.0,CONTROLLED,sardinia,WHOLE_LAND_SINGLE_AUTHORISED_COMPONENT
h6000_q-000301_r+000948,18.054918988994597,0.0,18.054918988994597,0.0,0.0,CONTROLLED,sardinia,WHOLE_LAND_SINGLE_AUTHORISED_COMPONENT
h6000_q-000301_r+000949,18.035999398921966,0.0,18.035999398921966,0.0,0.0,CONTROLLED,sardinia,WHOLE_LAND_SINGLE_AUTHORISED_COMPONENT
h6000_q-000301_r+000950,18.017085735818863,0.0,18.017085735818863,0.0,0.0,CONTROLLED,sardinia,WHOLE_LAND_SINGLE_AUTHORISED_COMPONENT
h6000_q-000301_r+000951,17.998178036928177,0.0,17.998178036928177,0.0,0.0,CONTROLLED,sardinia,WHOLE_LAND_SINGLE_AUTHORISED_COMPONENT
h6000_q-000301_r+000952,17.979276339551927,0.0,17.979276339551927,0.0,0.0,CONTROLLED,sardinia,WHOLE_LAND_SINGLE_AUTHORISED_COMPONENT
h6000_q-000301_r+000953,17.960380680641173,0.0,17.960380680641173,0.0,0.0,CONTROLLED,sardinia,WHOLE_LAND_SINGLE_AUTHORISED_COMPONENT
h6000_q-000301_r+000954,17.941491097221373,0.0,17.941491097221373,0.0,0.0,CONTROLLED,sardinia,WHOLE_LAND_SINGLE_AUTHORISED_COMPONENT
h6000_q-000301_r+000955,17.92260762624359,0.0,17.92260762624359,0.0,0.0,CONTROLLED,sardinia,WHOLE_LAND_SINGLE_AUTHORISED_COMPONENT
h6000_q-000301_r+000956,17.90373030436516,0.0,17.90373030436516,0.0,0.0,CONTROLLED,sardinia,WHOLE_LAND_SINGLE_AUTHORISED_COMPONENT
h6000_q-000301_r+000957,17.884859168289186,0.0,17.884859168289186,0.0,0.0,CONTROLLED,sardinia,WHOLE_LAND_SINGLE_AUTHORISED_COMPONENT
h6000_q-000301_r+000958,17.86599425462723,0.0,17.86599425462723,0.0,0.0,CONTROLLED,sardinia,WHOLE_LAND_SINGLE_AUTHORISED_COMPONENT
h6000_q-000301_r+000959,17.847135599811555,0.0,17.847135599811555,0.0,0.0,CONTROLLED,sardinia,WHOLE_LAND_SINGLE_AUTHORISED_COMPONENT
h6000_q-000301_r+000960,17.828283240203856,0.0,17.828283240203856,0.0,0.0,CONTROLLED,sardinia,WHOLE_LAND_SINGLE_AUTHORISED_COMPONENT
h6000_q-000302_r+000915,11.703417272083964,0.0,11.690432965865488,0.012984306218476035,0.0011094457214173984,CONTROLLED,sardinia,WHOLE_LAND_SINGLE_AUTHORISED_COMPONENT
h6000_q-000302_r+000917,10.895634403519278,0.0,10.888225379664222,0.007409023855056148,0.000679999308040571,CONTROLLED,sardinia,WHOLE_LAND_SINGLE_AUTHORISED_COMPONENT
h6000_q-000302_r+000918,18.849830231660604,0.0,18.849830231660604,0.0,0.0,CONTROLLED,sardinia,WHOLE_LAND_SINGLE_AUTHORISED_COMPONENT
h6000_q-000302_r+000919,18.605994078708648,0.0,18.605994078708648,0.0,0.0,CONTROLLED,sardinia,WHOLE_LAND_SINGLE_AUTHORISED_COMPONENT
h6000_q-000302_r+000920,18.586919283252715,0.0,18.586919283252715,0.0,0.0,CONTROLLED,sardinia,WHOLE_LAND_SINGLE_AUTHORISED_COMPONENT
h6000_q-000302_r+000921,18.56784928927231,0.0,18.56784928927231,0.0,0.0,CONTROLLED,sardinia,WHOLE_LAND_SINGLE_AUTHORISED_COMPONENT
h6000_q-000302_r+000922,18.54878413680458,0.0,18.54878413680458,0.0,0.0,CONTROLLED,sardinia,WHOLE_LAND_SINGLE_AUTHORISED_COMPONENT
h6000_q-000302_r+000923,18.529723866077422,0.0,18.529723866077422,0.0,0.0,CONTROLLED,sardinia,WHOLE_LAND_SINGLE_AUTHORISED_COMPONENT
h6000_q-000302_r+000924,18.510668517183305,0.0,18.510668517183305,0.0,0.0,CONTROLLED,sardinia,WHOLE_LAND_SINGLE_AUTHORISED_COMPONENT
h6000_q-000302_r+000925,18.49161812995529,0.0,18.49161812995529,0.0,0.0,CONTROLLED,sardinia,WHOLE_LAND_SINGLE_AUTHORISED_COMPONENT
h6000_q-000302_r+000926,18.472572744308472,0.0,18.472572744308472,0.0,0.0,CONTROLLED,sardinia,WHOLE_LAND_SINGLE_AUTHORISED_COMPONENT
h6000_q-000302_r+000927,18.453532399915694,0.0,18.453532399915694,0.0,0.0,CONTROLLED,sardinia,WHOLE_LAND_SINGLE_AUTHORISED_COMPONENT
h6000_q-000302_r+000928,18.4344971365242,0.0,18.4344971365242,0.0,0.0,CONTROLLED,sardinia,WHOLE_LAND_SINGLE_AUTHORISED_COMPONENT
h6000_q-000302_r+000929,18.41546699349594,0.0,18.41546699349594,0.0,0.0,CONTROLLED,sardinia,WHOLE_LAND_SINGLE_AUTHORISED_COMPONENT
h6000_q-000302_r+000930,18.39644201039505,0.0,18.39644201039505,0.0,0.0,CONTROLLED,sardinia,WHOLE_LAND_SINGLE_AUTHORISED_COMPONENT
h6000_q-000302_r+000931,18.377422226467132,0.0,18.377422226467132,0.0,0.0,CONTROLLED,sardinia,WHOLE_LAND_SINGLE_AUTHORISED_COMPONENT
h6000_q-000302_r+000932,18.358407680971144,0.0,18.358407680971144,0.0,0.0,CONTROLLED,sardinia,WHOLE_LAND_SINGLE_AUTHORISED_COMPONENT
h6000_q-000302_r+000933,18.33939841300392,0.0,18.33939841300392,0.0,0.0,CONTROLLED,sardinia,WHOLE_LAND_SINGLE_AUTHORISED_COMPONENT
h6000_q-000302_r+000934,18.32039446162033,0.0,18.32039446162033,0.0,0.0,CONTROLLED,sardinia,WHOLE_LAND_SINGLE_AUTHORISED_COMPONENT
h6000_q-000302_r+000935,18.301395865756987,0.0,18.301395865756987,0.0,0.0,CONTROLLED,sardinia,WHOLE_LAND_SINGLE_AUTHORISED_COMPONENT
h6000_q-000302_r+000936,18.282402664100648,0.0,18.282402664100648,0.0,0.0,CONTROLLED,sardinia,WHOLE_LAND_SINGLE_AUTHORISED_COMPONENT
h6000_q-000302_r+000937,18.263414895519258,0.0,18.263414895519258,0.0,0.0,CONTROLLED,sardinia,WHOLE_LAND_SINGLE_AUTHORISED_COMPONENT
h6000_q-000302_r+000938,18.24443259854889,0.0,18.24443259854889,0.0,0.0,CONTROLLED,sardinia,WHOLE_LAND_SINGLE_AUTHORISED_COMPONENT
h6000_q-000302_r+000939,18.225455811656953,0.0,18.225455811656953,0.0,0.0,CONTROLLED,sardinia,WHOLE_LAND_SINGLE_AUTHORISED_COMPONENT
h6000_q-000302_r+000940,18.206484573348998,0.0,18.206484573348998,0.0,0.0,CONTROLLED,sardinia,WHOLE_LAND_SINGLE_AUTHORISED_COMPONENT
h6000_q-000302_r+000941,18.187518921844482,0.0,18.187518921844482,0.0,0.0,CONTROLLED,sardinia,WHOLE_LAND_SINGLE_AUTHORISED_COMPONENT
h6000_q-000302_r+000942,18.16855889545059,0.0,18.16855889545059,0.0,0.0,CONTROLLED,sardinia,WHOLE_LAND_SINGLE_AUTHORISED_COMPONENT
h6000_q-000302_r+000943,18.14960453211975,0.0,18.14960453211975,0.0,0.0,CONTROLLED,sardinia,WHOLE_LAND_SINGLE_AUTHORISED_COMPONENT
h6000_q-000302_r+000944,18.130655869955064,0.0,18.130655869955064,0.0,0.0,CONTROLLED,sardinia,WHOLE_LAND_SINGLE_AUTHORISED_COMPONENT
h6000_q-000302_r+000945,18.111712946792604,0.0,18.111712946792604,0.0,0.0,CONTROLLED,sardinia,WHOLE_LAND_SINGLE_AUTHORISED_COMPONENT
h6000_q-000302_r+000946,18.09277580050659,0.0,18.09277580050659,0.0,0.0,CONTROLLED,sardinia,WHOLE_LAND_SINGLE_AUTHORISED_COMPONENT
h6000_q-000302_r+000947,18.073844468688964,0.0,18.073844468688964,0.0,0.0,CONTROLLED,sardinia,WHOLE_LAND_SINGLE_AUTHORISED_COMPONENT
h6000_q-000302_r+000948,18.054918988990785,0.0,18.054918988990785,0.0,0.0,CONTROLLED,sardinia,WHOLE_LAND_SINGLE_AUTHORISED_COMPONENT
h6000_q-000302_r+000949,18.035999398921966,0.0,18.035999398921966,0.0,0.0,CONTROLLED,sardinia,WHOLE_LAND_SINGLE_AUTHORISED_COMPONENT
h6000_q-000302_r+000950,18.017085735809328,0.0,18.017085735809328,0.0,0.0,CONTROLLED,sardinia,WHOLE_LAND_SINGLE_AUTHORISED_COMPONENT
h6000_q-000302_r+000951,17.998178036914826,0.0,17.998178036914826,0.0,0.0,CONTROLLED,sardinia,WHOLE_LAND_SINGLE_AUTHORISED_COMPONENT
h6000_q-000302_r+000952,17.979276339559554,0.0,17.979276339559554,0.0,0.0,CONTROLLED,sardinia,WHOLE_LAND_SINGLE_AUTHORISED_COMPONENT
h6000_q-000302_r+000953,17.96038068063927,0.0,17.96038068063927,0.0,0.0,CONTROLLED,sardinia,WHOLE_LAND_SINGLE_AUTHORISED_COMPONENT
h6000_q-000302_r+000954,17.94149109723282,0.0,17.94149109723282,0.0,0.0,CONTROLLED,sardinia,WHOLE_LAND_SINGLE_AUTHORISED_COMPONENT
h6000_q-000302_r+000955,17.92260762624359,0.0,17.92260762624359,0.0,0.0,CONTROLLED,sardinia,WHOLE_LAND_SINGLE_AUTHORISED_COMPONENT
h6000_q-000302_r+000956,17.903730304367066,0.0,17.903730304367066,0.0,0.0,CONTROLLED,sardinia,WHOLE_LAND_SINGLE_AUTHORISED_COMPONENT
h6000_q-000302_r+000957,17.88485916827774,0.0,17.88485916827774,0.0,0.0,CONTROLLED,sardinia,WHOLE_LAND_SINGLE_AUTHORISED_COMPONENT
h6000_q-000302_r+000958,17.865994254621505,0.0,17.865994254621505,0.0,0.0,CONTROLLED,sardinia,WHOLE_LAND_SINGLE_AUTHORISED_COMPONENT
h6000_q-000302_r+000959,17.84713559980011,0.0,17.84713559980011,0.0,0.0,CONTROLLED,sardinia,WHOLE_LAND_SINGLE_AUTHORISED_COMPONENT
h6000_q-000302_r+000960,17.828283240203856,0.0,17.828283240203856,0.0,0.0,CONTROLLED,sardinia,WHOLE_LAND_SINGLE_AUTHORISED_COMPONENT
h6000_q-000302_r+000961,15.592645249386154,0.0,15.563084530362351,0.02956071902380325,0.0018958116824319457,CONTROLLED,sardinia,WHOLE_LAND_SINGLE_AUTHORISED_COMPONENT
h6000_q-000303_r+000918,9.983790892752877,0.0,9.945196232233812,0.038594660519065224,0.0038657320584589427,CONTROLLED,sardinia,WHOLE_LAND_SINGLE_AUTHORISED_COMPONENT
h6000_q-000303_r+000919,19.001667547726154,0.0,19.001667547726154,0.0,0.0,CONTROLLED,sardinia,WHOLE_LAND_SINGLE_AUTHORISED_COMPONENT
h6000_q-000303_r+000920,18.811215455337763,0.0,18.811215455337763,0.0,0.0,CONTROLLED,sardinia,WHOLE_LAND_SINGLE_AUTHORISED_COMPONENT
h6000_q-000303_r+000921,18.56784928927231,0.0,18.56784928927231,0.0,0.0,CONTROLLED,sardinia,WHOLE_LAND_SINGLE_AUTHORISED_COMPONENT
h6000_q-000303_r+000922,18.54878413679123,0.0,18.54878413679123,0.0,0.0,CONTROLLED,sardinia,WHOLE_LAND_SINGLE_AUTHORISED_COMPONENT
h6000_q-000303_r+000923,18.529723866069794,0.0,18.529723866069794,0.0,0.0,CONTROLLED,sardinia,WHOLE_LAND_SINGLE_AUTHORISED_COMPONENT
h6000_q-000303_r+000924,18.51066851717949,0.0,18.51066851717949,0.0,0.0,CONTROLLED,sardinia,WHOLE_LAND_SINGLE_AUTHORISED_COMPONENT
h6000_q-000303_r+000925,18.491618129947664,0.0,18.491618129947664,0.0,0.0,CONTROLLED,sardinia,WHOLE_LAND_SINGLE_AUTHORISED_COMPONENT
h6000_q-000303_r+000926,18.472572744308472,0.0,18.472572744308472,0.0,0.0,CONTROLLED,sardinia,WHOLE_LAND_SINGLE_AUTHORISED_COMPONENT
h6000_q-000303_r+000927,18.453532399936677,0.0,18.453532399936677,0.0,0.0,CONTROLLED,sardinia,WHOLE_LAND_SINGLE_AUTHORISED_COMPONENT
h6000_q-000303_r+000928,18.43449713650894,0.0,18.43449713650894,0.0,0.0,CONTROLLED,sardinia,WHOLE_LAND_SINGLE_AUTHORISED_COMPONENT
h6000_q-000303_r+000929,18.41546699348259,0.0,18.41546699348259,0.0,0.0,CONTROLLED,sardinia,WHOLE_LAND_SINGLE_AUTHORISED_COMPONENT
h6000_q-000303_r+000930,18.39644201040268,0.0,18.39644201040268,0.0,0.0,CONTROLLED,sardinia,WHOLE_LAND_SINGLE_AUTHORISED_COMPONENT
h6000_q-000303_r+000931,18.377422226467132,0.0,18.377422226467132,0.0,0.0,CONTROLLED,sardinia,WHOLE_LAND_SINGLE_AUTHORISED_COMPONENT
h6000_q-000303_r+000932,18.35840768096924,0.0,18.35840768096924,0.0,0.0,CONTROLLED,sardinia,WHOLE_LAND_SINGLE_AUTHORISED_COMPONENT
h6000_q-000303_r+000933,18.339398413021087,0.0,18.339398413021087,0.0,0.0,CONTROLLED,sardinia,WHOLE_LAND_SINGLE_AUTHORISED_COMPONENT
h6000_q-000303_r+000934,18.320394461639403,0.0,18.320394461639403,0.0,0.0,CONTROLLED,sardinia,WHOLE_LAND_SINGLE_AUTHORISED_COMPONENT
h6000_q-000303_r+000935,18.30139586574173,0.0,18.30139586574173,0.0,0.0,CONTROLLED,sardinia,WHOLE_LAND_SINGLE_AUTHORISED_COMPONENT
h6000_q-000303_r+000936,18.282402664100648,0.0,18.282402664100648,0.0,0.0,CONTROLLED,sardinia,WHOLE_LAND_SINGLE_AUTHORISED_COMPONENT
h6000_q-000303_r+000937,18.263414895519258,0.0,18.263414895519258,0.0,0.0,CONTROLLED,sardinia,WHOLE_LAND_SINGLE_AUTHORISED_COMPONENT
h6000_q-000303_r+000938,18.24443259854889,0.0,18.24443259854889,0.0,0.0,CONTROLLED,sardinia,WHOLE_LAND_SINGLE_AUTHORISED_COMPONENT
h6000_q-000303_r+000939,18.225455811656953,0.0,18.225455811656953,0.0,0.0,CONTROLLED,sardinia,WHOLE_LAND_SINGLE_AUTHORISED_COMPONENT
h6000_q-000303_r+000940,18.206484573348998,0.0,18.206484573348998,0.0,0.0,CONTROLLED,sardinia,WHOLE_LAND_SINGLE_AUTHORISED_COMPONENT
h6000_q-000303_r+000941,18.187518921844482,0.0,18.187518921844482,0.0,0.0,CONTROLLED,sardinia,WHOLE_LAND_SINGLE_AUTHORISED_COMPONENT
h6000_q-000303_r+000942,18.16855889545059,0.0,18.16855889545059,0.0,0.0,CONTROLLED,sardinia,WHOLE_LAND_SINGLE_AUTHORISED_COMPONENT
h6000_q-000303_r+000943,18.149604532115937,0.0,18.149604532115937,0.0,0.0,CONTROLLED,sardinia,WHOLE_LAND_SINGLE_AUTHORISED_COMPONENT
h6000_q-000303_r+000944,18.13065586995697,0.0,18.13065586995697,0.0,0.0,CONTROLLED,sardinia,WHOLE_LAND_SINGLE_AUTHORISED_COMPONENT
h6000_q-000303_r+000945,18.111712946798324,0.0,18.111712946798324,0.0,0.0,CONTROLLED,sardinia,WHOLE_LAND_SINGLE_AUTHORISED_COMPONENT
h6000_q-000303_r+000946,18.092775800508498,0.0,18.092775800508498,0.0,0.0,CONTROLLED,sardinia,WHOLE_LAND_SINGLE_AUTHORISED_COMPONENT
h6000_q-000303_r+000947,18.073844468688964,0.0,18.073844468688964,0.0,0.0,CONTROLLED,sardinia,WHOLE_LAND_SINGLE_AUTHORISED_COMPONENT
h6000_q-000303_r+000948,18.054918988994597,0.0,18.054918988994597,0.0,0.0,CONTROLLED,sardinia,WHOLE_LAND_SINGLE_AUTHORISED_COMPONENT
h6000_q-000303_r+000949,18.035999398929597,0.0,18.035999398929597,0.0,0.0,CONTROLLED,sardinia,WHOLE_LAND_SINGLE_AUTHORISED_COMPONENT
h6000_q-000303_r+000950,18.017085735824583,0.0,18.017085735824583,0.0,0.0,CONTROLLED,sardinia,WHOLE_LAND_SINGLE_AUTHORISED_COMPONENT
h6000_q-000303_r+000951,17.998178036928177,0.0,17.998178036928177,0.0,0.0,CONTROLLED,sardinia,WHOLE_LAND_SINGLE_AUTHORISED_COMPONENT
h6000_q-000303_r+000952,17.979276339557646,0.0,17.979276339557646,0.0,0.0,CONTROLLED,sardinia,WHOLE_LAND_SINGLE_AUTHORISED_COMPONENT
h6000_q-000303_r+000953,17.96038068065262,0.0,17.96038068065262,0.0,0.0,CONTROLLED,sardinia,WHOLE_LAND_SINGLE_AUTHORISED_COMPONENT
h6000_q-000303_r+000954,17.941491097219465,0.0,17.941491097219465,0.0,0.0,CONTROLLED,sardinia,WHOLE_LAND_SINGLE_AUTHORISED_COMPONENT
h6000_q-000303_r+000955,17.922607626235962,0.0,17.922607626235962,0.0,0.0,CONTROLLED,sardinia,WHOLE_LAND_SINGLE_AUTHORISED_COMPONENT
h6000_q-000303_r+000956,17.90373030436516,0.0,17.90373030436516,0.0,0.0,CONTROLLED,sardinia,WHOLE_LAND_SINGLE_AUTHORISED_COMPONENT
h6000_q-000303_r+000957,17.88485916827774,0.0,17.88485916827774,0.0,0.0,CONTROLLED,sardinia,WHOLE_LAND_SINGLE_AUTHORISED_COMPONENT
h6000_q-000303_r+000958,17.86599425462723,0.0,17.86599425462723,0.0,0.0,CONTROLLED,sardinia,WHOLE_LAND_SINGLE_AUTHORISED_COMPONENT
h6000_q-000303_r+000959,17.847135599811555,0.0,17.847135599811555,0.0,0.0,CONTROLLED,sardinia,WHOLE_LAND_SINGLE_AUTHORISED_COMPONENT
h6000_q-000303_r+000960,17.828283240200044,0.0,17.828283240200044,0.0,0.0,CONTROLLED,sardinia,WHOLE_LAND_SINGLE_AUTHORISED_COMPONENT
h6000_q-000303_r+000961,17.809437212057112,0.0,17.809437212057112,0.0,0.0,CONTROLLED,sardinia,WHOLE_LAND_SINGLE_AUTHORISED_COMPONENT
h6000_q-000303_r+000962,9.63766802827915,0.0,9.618631977788702,0.019036050490447202,0.0019751718397636258,CONTROLLED,sardinia,WHOLE_LAND_SINGLE_AUTHORISED_COMPONENT
h6000_q-000304_r+000920,11.208436367227007,0.0,11.208436367227007,0.0,0.0,CONTROLLED,sardinia,WHOLE_LAND_SINGLE_AUTHORISED_COMPONENT
h6000_q-000304_r+000921,18.63173772091116,0.0,18.63173772091116,0.0,0.0,CONTROLLED,sardinia,WHOLE_LAND_SINGLE_AUTHORISED_COMPONENT
h6000_q-000304_r+000922,18.772620116130113,0.0,18.772620116130113,0.0,0.0,CONTROLLED,sardinia,WHOLE_LAND_SINGLE_AUTHORISED_COMPONENT
h6000_q-000304_r+000923,18.529723866069794,0.0,18.529723866069794,0.0,0.0,CONTROLLED,sardinia,WHOLE_LAND_SINGLE_AUTHORISED_COMPONENT
h6000_q-000304_r+000924,18.510668517189025,0.0,18.510668517189025,0.0,0.0,CONTROLLED,sardinia,WHOLE_LAND_SINGLE_AUTHORISED_COMPONENT
h6000_q-000304_r+000925,18.491618129951476,0.0,18.491618129951476,0.0,0.0,CONTROLLED,sardinia,WHOLE_LAND_SINGLE_AUTHORISED_COMPONENT
h6000_q-000304_r+000926,18.472572744321823,0.0,18.472572744321823,0.0,0.0,CONTROLLED,sardinia,WHOLE_LAND_SINGLE_AUTHORISED_COMPONENT
h6000_q-000304_r+000927,18.453532399915694,0.0,18.453532399915694,0.0,0.0,CONTROLLED,sardinia,WHOLE_LAND_SINGLE_AUTHORISED_COMPONENT
h6000_q-000304_r+000928,18.43449713651085,0.0,18.43449713651085,0.0,0.0,CONTROLLED,sardinia,WHOLE_LAND_SINGLE_AUTHORISED_COMPONENT
h6000_q-000304_r+000929,18.415466993488312,0.0,18.415466993488312,0.0,0.0,CONTROLLED,sardinia,WHOLE_LAND_SINGLE_AUTHORISED_COMPONENT
h6000_q-000304_r+000930,18.39644201039505,0.0,18.39644201039505,0.0,0.0,CONTROLLED,sardinia,WHOLE_LAND_SINGLE_AUTHORISED_COMPONENT
h6000_q-000304_r+000931,18.37742222646904,0.0,18.37742222646904,0.0,0.0,CONTROLLED,sardinia,WHOLE_LAND_SINGLE_AUTHORISED_COMPONENT
h6000_q-000304_r+000932,18.358407680971144,0.0,18.358407680971144,0.0,0.0,CONTROLLED,sardinia,WHOLE_LAND_SINGLE_AUTHORISED_COMPONENT
h6000_q-000304_r+000933,18.339398413021087,0.0,18.339398413021087,0.0,0.0,CONTROLLED,sardinia,WHOLE_LAND_SINGLE_AUTHORISED_COMPONENT
h6000_q-000304_r+000934,18.32039446162033,0.0,18.32039446162033,0.0,0.0,CONTROLLED,sardinia,WHOLE_LAND_SINGLE_AUTHORISED_COMPONENT
h6000_q-000304_r+000935,18.301395865756987,0.0,18.301395865756987,0.0,0.0,CONTROLLED,sardinia,WHOLE_LAND_SINGLE_AUTHORISED_COMPONENT
h6000_q-000304_r+000936,18.282402664110183,0.0,18.282402664110183,0.0,0.0,CONTROLLED,sardinia,WHOLE_LAND_SINGLE_AUTHORISED_COMPONENT
h6000_q-000304_r+000937,18.263414895513534,0.0,18.263414895513534,0.0,0.0,CONTROLLED,sardinia,WHOLE_LAND_SINGLE_AUTHORISED_COMPONENT
h6000_q-000304_r+000938,18.24443259854889,0.0,18.24443259854889,0.0,0.0,CONTROLLED,sardinia,WHOLE_LAND_SINGLE_AUTHORISED_COMPONENT
h6000_q-000304_r+000939,18.225455811656953,0.0,18.225455811656953,0.0,0.0,CONTROLLED,sardinia,WHOLE_LAND_SINGLE_AUTHORISED_COMPONENT
h6000_q-000304_r+000940,18.206484573348998,0.0,18.206484573348998,0.0,0.0,CONTROLLED,sardinia,WHOLE_LAND_SINGLE_AUTHORISED_COMPONENT
h6000_q-000304_r+000941,18.187518921844482,0.0,18.187518921844482,0.0,0.0,CONTROLLED,sardinia,WHOLE_LAND_SINGLE_AUTHORISED_COMPONENT
h6000_q-000304_r+000942,18.16855889545059,0.0,18.16855889545059,0.0,0.0,CONTROLLED,sardinia,WHOLE_LAND_SINGLE_AUTHORISED_COMPONENT
h6000_q-000304_r+000943,18.149604532115937,0.0,18.149604532115937,0.0,0.0,CONTROLLED,sardinia,WHOLE_LAND_SINGLE_AUTHORISED_COMPONENT
h6000_q-000304_r+000944,18.13065586995697,0.0,18.13065586995697,0.0,0.0,CONTROLLED,sardinia,WHOLE_LAND_SINGLE_AUTHORISED_COMPONENT
h6000_q-000304_r+000945,18.111712946792604,0.0,18.111712946792604,0.0,0.0,CONTROLLED,sardinia,WHOLE_LAND_SINGLE_AUTHORISED_COMPONENT
h6000_q-000304_r+000946,18.09277580050659,0.0,18.09277580050659,0.0,0.0,CONTROLLED,sardinia,WHOLE_LAND_SINGLE_AUTHORISED_COMPONENT
h6000_q-000304_r+000947,18.073844468698503,0.0,18.073844468698503,0.0,0.0,CONTROLLED,sardinia,WHOLE_LAND_SINGLE_AUTHORISED_COMPONENT
h6000_q-000304_r+000948,18.054918988990785,0.0,18.054918988990785,0.0,0.0,CONTROLLED,sardinia,WHOLE_LAND_SINGLE_AUTHORISED_COMPONENT
h6000_q-000304_r+000949,18.035999398929597,0.0,18.035999398929597,0.0,0.0,CONTROLLED,sardinia,WHOLE_LAND_SINGLE_AUTHORISED_COMPONENT
h6000_q-000304_r+000950,18.017085735809328,0.0,18.017085735809328,0.0,0.0,CONTROLLED,sardinia,WHOLE_LAND_SINGLE_AUTHORISED_COMPONENT
h6000_q-000304_r+000951,17.9981780369339,0.0,17.9981780369339,0.0,0.0,CONTROLLED,sardinia,WHOLE_LAND_SINGLE_AUTHORISED_COMPONENT
h6000_q-000304_r+000952,17.979276339551927,0.0,17.979276339551927,0.0,0.0,CONTROLLED,sardinia,WHOLE_LAND_SINGLE_AUTHORISED_COMPONENT
h6000_q-000304_r+000953,17.96038068063927,0.0,17.96038068063927,0.0,0.0,CONTROLLED,sardinia,WHOLE_LAND_SINGLE_AUTHORISED_COMPONENT
h6000_q-000304_r+000954,17.941491097221373,0.0,17.941491097221373,0.0,0.0,CONTROLLED,sardinia,WHOLE_LAND_SINGLE_AUTHORISED_COMPONENT
h6000_q-000304_r+000955,17.922607626234054,0.0,17.922607626234054,0.0,0.0,CONTROLLED,sardinia,WHOLE_LAND_SINGLE_AUTHORISED_COMPONENT
h6000_q-000304_r+000956,17.903730304380417,0.0,17.903730304380417,0.0,0.0,CONTROLLED,sardinia,WHOLE_LAND_SINGLE_AUTHORISED_COMPONENT
h6000_q-000304_r+000957,17.884859168289186,0.0,17.884859168289186,0.0,0.0,CONTROLLED,sardinia,WHOLE_LAND_SINGLE_AUTHORISED_COMPONENT
h6000_q-000304_r+000958,17.865994254621505,0.0,17.865994254621505,0.0,0.0,CONTROLLED,sardinia,WHOLE_LAND_SINGLE_AUTHORISED_COMPONENT
h6000_q-000304_r+000959,17.847135599811555,0.0,17.847135599811555,0.0,0.0,CONTROLLED,sardinia,WHOLE_LAND_SINGLE_AUTHORISED_COMPONENT
h6000_q-000304_r+000960,17.828283240203856,0.0,17.828283240203856,0.0,0.0,CONTROLLED,sardinia,WHOLE_LAND_SINGLE_AUTHORISED_COMPONENT
h6000_q-000304_r+000961,17.80943721204376,0.0,17.80943721204376,0.0,0.0,CONTROLLED,sardinia,WHOLE_LAND_SINGLE_AUTHORISED_COMPONENT
h6000_q-000304_r+000962,13.963434634287458,0.0,13.947600214078706,0.015834420208752156,0.0011339917880856091,CONTROLLED,sardinia,WHOLE_LAND_SINGLE_AUTHORISED_COMPONENT
h6000_q-000304_r+000963,10.985202590759798,0.0,10.982595899901433,0.002606690858364105,0.00023729110472270424,CONTROLLED,sardinia,WHOLE_LAND_SINGLE_AUTHORISED_COMPONENT
h6000_q-000305_r+000922,13.025061279271009,0.0,13.025061279271009,0.0,0.0,CONTROLLED,sardinia,WHOLE_LAND_SINGLE_AUTHORISED_COMPONENT
h6000_q-000305_r+000923,11.31088069170659,0.0,11.31088069170659,0.0,0.0,CONTROLLED,sardinia,WHOLE_LAND_SINGLE_AUTHORISED_COMPONENT
h6000_q-000305_r+000924,12.77219834027098,0.0,12.77219834027098,0.0,0.0,CONTROLLED,sardinia,WHOLE_LAND_SINGLE_AUTHORISED_COMPONENT
h6000_q-000305_r+000925,17.428636755677633,0.0,17.428636755677633,0.0,0.0,CONTROLLED,sardinia,WHOLE_LAND_SINGLE_AUTHORISED_COMPONENT
h6000_q-000305_r+000926,18.472572744308472,0.0,18.472572744308472,0.0,0.0,CONTROLLED,sardinia,WHOLE_LAND_SINGLE_AUTHORISED_COMPONENT
h6000_q-000305_r+000927,18.45353239993286,0.0,18.45353239993286,0.0,0.0,CONTROLLED,sardinia,WHOLE_LAND_SINGLE_AUTHORISED_COMPONENT
h6000_q-000305_r+000928,18.4344971365242,0.0,18.4344971365242,0.0,0.0,CONTROLLED,sardinia,WHOLE_LAND_SINGLE_AUTHORISED_COMPONENT
h6000_q-000305_r+000929,18.41546699348259,0.0,18.41546699348259,0.0,0.0,CONTROLLED,sardinia,WHOLE_LAND_SINGLE_AUTHORISED_COMPONENT
h6000_q-000305_r+000930,18.396442010400772,0.0,18.396442010400772,0.0,0.0,CONTROLLED,sardinia,WHOLE_LAND_SINGLE_AUTHORISED_COMPONENT
h6000_q-000305_r+000931,18.377422226476668,0.0,18.377422226476668,0.0,0.0,CONTROLLED,sardinia,WHOLE_LAND_SINGLE_AUTHORISED_COMPONENT
h6000_q-000305_r+000932,18.35840768096924,0.0,18.35840768096924,0.0,0.0,CONTROLLED,sardinia,WHOLE_LAND_SINGLE_AUTHORISED_COMPONENT
h6000_q-000305_r+000933,18.33939841300392,0.0,18.33939841300392,0.0,0.0,CONTROLLED,sardinia,WHOLE_LAND_SINGLE_AUTHORISED_COMPONENT
h6000_q-000305_r+000934,18.320394461639403,0.0,18.320394461639403,0.0,0.0,CONTROLLED,sardinia,WHOLE_LAND_SINGLE_AUTHORISED_COMPONENT
h6000_q-000305_r+000935,18.301395865756987,0.0,18.301395865756987,0.0,0.0,CONTROLLED,sardinia,WHOLE_LAND_SINGLE_AUTHORISED_COMPONENT
h6000_q-000305_r+000936,18.282402664100648,0.0,18.282402664100648,0.0,0.0,CONTROLLED,sardinia,WHOLE_LAND_SINGLE_AUTHORISED_COMPONENT
h6000_q-000305_r+000937,18.263414895519258,0.0,18.263414895519258,0.0,0.0,CONTROLLED,sardinia,WHOLE_LAND_SINGLE_AUTHORISED_COMPONENT
h6000_q-000305_r+000938,18.24443259856415,0.0,18.24443259856415,0.0,0.0,CONTROLLED,sardinia,WHOLE_LAND_SINGLE_AUTHORISED_COMPONENT
h6000_q-000305_r+000939,18.225455811655046,0.0,18.225455811655046,0.0,0.0,CONTROLLED,sardinia,WHOLE_LAND_SINGLE_AUTHORISED_COMPONENT
h6000_q-000305_r+000940,18.206484573348998,0.0,18.206484573348998,0.0,0.0,CONTROLLED,sardinia,WHOLE_LAND_SINGLE_AUTHORISED_COMPONENT
h6000_q-000305_r+000941,18.187518921844482,0.0,18.187518921844482,0.0,0.0,CONTROLLED,sardinia,WHOLE_LAND_SINGLE_AUTHORISED_COMPONENT
h6000_q-000305_r+000942,18.16855889545059,0.0,18.16855889545059,0.0,0.0,CONTROLLED,sardinia,WHOLE_LAND_SINGLE_AUTHORISED_COMPONENT
h6000_q-000305_r+000943,18.149604532115937,0.0,18.149604532115937,0.0,0.0,CONTROLLED,sardinia,WHOLE_LAND_SINGLE_AUTHORISED_COMPONENT
h6000_q-000305_r+000944,18.13065586995697,0.0,18.13065586995697,0.0,0.0,CONTROLLED,sardinia,WHOLE_LAND_SINGLE_AUTHORISED_COMPONENT
h6000_q-000305_r+000945,18.111712946792604,0.0,18.111712946792604,0.0,0.0,CONTROLLED,sardinia,WHOLE_LAND_SINGLE_AUTHORISED_COMPONENT
h6000_q-000305_r+000946,18.09277580050659,0.0,18.09277580050659,0.0,0.0,CONTROLLED,sardinia,WHOLE_LAND_SINGLE_AUTHORISED_COMPONENT
h6000_q-000305_r+000947,18.073844468688964,0.0,18.073844468688964,0.0,0.0,CONTROLLED,sardinia,WHOLE_LAND_SINGLE_AUTHORISED_COMPONENT
h6000_q-000305_r+000948,18.054918988994597,0.0,18.054918988994597,0.0,0.0,CONTROLLED,sardinia,WHOLE_LAND_SINGLE_AUTHORISED_COMPONENT
h6000_q-000305_r+000949,18.035999398921966,0.0,18.035999398921966,0.0,0.0,CONTROLLED,sardinia,WHOLE_LAND_SINGLE_AUTHORISED_COMPONENT
h6000_q-000305_r+000950,18.017085735824583,0.0,18.017085735824583,0.0,0.0,CONTROLLED,sardinia,WHOLE_LAND_SINGLE_AUTHORISED_COMPONENT
h6000_q-000305_r+000951,17.9981780369339,0.0,17.9981780369339,0.0,0.0,CONTROLLED,sardinia,WHOLE_LAND_SINGLE_AUTHORISED_COMPONENT
h6000_q-000305_r+000952,17.979276339557646,0.0,17.979276339557646,0.0,0.0,CONTROLLED,sardinia,WHOLE_LAND_SINGLE_AUTHORISED_COMPONENT
h6000_q-000305_r+000953,17.960380680641173,0.0,17.960380680641173,0.0,0.0,CONTROLLED,sardinia,WHOLE_LAND_SINGLE_AUTHORISED_COMPONENT
h6000_q-000305_r+000954,17.94149109723282,0.0,17.94149109723282,0.0,0.0,CONTROLLED,sardinia,WHOLE_LAND_SINGLE_AUTHORISED_COMPONENT
h6000_q-000305_r+000955,17.922607626235962,0.0,17.922607626235962,0.0,0.0,CONTROLLED,sardinia,WHOLE_LAND_SINGLE_AUTHORISED_COMPONENT
h6000_q-000305_r+000956,17.903730304367066,0.0,17.903730304367066,0.0,0.0,CONTROLLED,sardinia,WHOLE_LAND_SINGLE_AUTHORISED_COMPONENT
h6000_q-000305_r+000957,17.88485916827011,0.0,17.88485916827011,0.0,0.0,CONTROLLED,sardinia,WHOLE_LAND_SINGLE_AUTHORISED_COMPONENT
h6000_q-000305_r+000958,17.86599425462532,0.0,17.86599425462532,0.0,0.0,CONTROLLED,sardinia,WHOLE_LAND_SINGLE_AUTHORISED_COMPONENT
h6000_q-000305_r+000959,17.84713559980011,0.0,17.84713559980011,0.0,0.0,CONTROLLED,sardinia,WHOLE_LAND_SINGLE_AUTHORISED_COMPONENT
h6000_q-000305_r+000960,17.828283240200044,0.0,17.828283240200044,0.0,0.0,CONTROLLED,sardinia,WHOLE_LAND_SINGLE_AUTHORISED_COMPONENT
h6000_q-000305_r+000961,17.80943721204376,0.0,17.80943721204376,0.0,0.0,CONTROLLED,sardinia,WHOLE_LAND_SINGLE_AUTHORISED_COMPONENT
h6000_q-000305_r+000962,16.938512504157426,0.0,16.875305124875606,0.06320737928182049,0.003731577921396978,CONTROLLED,sardinia,WHOLE_LAND_SINGLE_AUTHORISED_COMPONENT
h6000_q-000305_r+000963,15.931610109361907,0.0,15.895896260115883,0.03571384924602672,0.0022416974179552736,CONTROLLED,sardinia,WHOLE_LAND_SINGLE_AUTHORISED_COMPONENT
h6000_q-000305_r+000964,18.09457295880127,0.0,18.09457295880127,0.0,0.0,CONTROLLED,sardinia,WHOLE_LAND_SINGLE_AUTHORISED_COMPONENT
h6000_q-000305_r+000965,9.944355758792938,0.0,9.943249816389553,0.0011059424033844844,0.00011121307706701811,CONTROLLED,sardinia,WHOLE_LAND_SINGLE_AUTHORISED_COMPONENT
h6000_q-000306_r+000926,11.343668434861438,0.0,11.343668434861438,0.0,0.0,CONTROLLED,sardinia,WHOLE_LAND_SINGLE_AUTHORISED_COMPONENT
h6000_q-000306_r+000927,18.45353239993286,0.0,18.45353239993286,0.0,0.0,CONTROLLED,sardinia,WHOLE_LAND_SINGLE_AUTHORISED_COMPONENT
h6000_q-000306_r+000928,18.389540711616316,0.0,18.389540711616316,0.0,0.0,CONTROLLED,sardinia,WHOLE_LAND_SINGLE_AUTHORISED_COMPONENT
h6000_q-000306_r+000929,18.290415724251286,0.0,18.290415724251286,0.0,0.0,CONTROLLED,sardinia,WHOLE_LAND_SINGLE_AUTHORISED_COMPONENT
h6000_q-000306_r+000930,18.39644201040268,0.0,18.39644201040268,0.0,0.0,CONTROLLED,sardinia,WHOLE_LAND_SINGLE_AUTHORISED_COMPONENT
h6000_q-000306_r+000931,18.37742222646904,0.0,18.37742222646904,0.0,0.0,CONTROLLED,sardinia,WHOLE_LAND_SINGLE_AUTHORISED_COMPONENT
h6000_q-000306_r+000932,18.358407680957793,0.0,18.358407680957793,0.0,0.0,CONTROLLED,sardinia,WHOLE_LAND_SINGLE_AUTHORISED_COMPONENT
h6000_q-000306_r+000933,18.339398413007736,0.0,18.339398413007736,0.0,0.0,CONTROLLED,sardinia,WHOLE_LAND_SINGLE_AUTHORISED_COMPONENT
h6000_q-000306_r+000934,18.32039446162033,0.0,18.32039446162033,0.0,0.0,CONTROLLED,sardinia,WHOLE_LAND_SINGLE_AUTHORISED_COMPONENT
h6000_q-000306_r+000935,18.30139586574173,0.0,18.30139586574173,0.0,0.0,CONTROLLED,sardinia,WHOLE_LAND_SINGLE_AUTHORISED_COMPONENT
h6000_q-000306_r+000936,18.282402664110183,0.0,18.282402664110183,0.0,0.0,CONTROLLED,sardinia,WHOLE_LAND_SINGLE_AUTHORISED_COMPONENT
h6000_q-000306_r+000937,18.263414895519258,0.0,18.263414895519258,0.0,0.0,CONTROLLED,sardinia,WHOLE_LAND_SINGLE_AUTHORISED_COMPONENT
h6000_q-000306_r+000938,18.24443259854889,0.0,18.24443259854889,0.0,0.0,CONTROLLED,sardinia,WHOLE_LAND_SINGLE_AUTHORISED_COMPONENT
h6000_q-000306_r+000939,18.225455811656953,0.0,18.225455811656953,0.0,0.0,CONTROLLED,sardinia,WHOLE_LAND_SINGLE_AUTHORISED_COMPONENT
h6000_q-000306_r+000940,18.20648457334328,0.0,18.20648457334328,0.0,0.0,CONTROLLED,sardinia,WHOLE_LAND_SINGLE_AUTHORISED_COMPONENT
h6000_q-000306_r+000941,18.18751892184639,0.0,18.18751892184639,0.0,0.0,CONTROLLED,sardinia,WHOLE_LAND_SINGLE_AUTHORISED_COMPONENT
h6000_q-000306_r+000942,18.16855889545059,0.0,18.16855889545059,0.0,0.0,CONTROLLED,sardinia,WHOLE_LAND_SINGLE_AUTHORISED_COMPONENT
h6000_q-000306_r+000943,18.149604532115937,0.0,18.149604532115937,0.0,0.0,CONTROLLED,sardinia,WHOLE_LAND_SINGLE_AUTHORISED_COMPONENT
h6000_q-000306_r+000944,18.13065586995697,0.0,18.13065586995697,0.0,0.0,CONTROLLED,sardinia,WHOLE_LAND_SINGLE_AUTHORISED_COMPONENT
h6000_q-000306_r+000945,18.111712946792604,0.0,18.111712946792604,0.0,0.0,CONTROLLED,sardinia,WHOLE_LAND_SINGLE_AUTHORISED_COMPONENT
h6000_q-000306_r+000946,18.09277580050659,0.0,18.09277580050659,0.0,0.0,CONTROLLED,sardinia,WHOLE_LAND_SINGLE_AUTHORISED_COMPONENT
h6000_q-000306_r+000947,18.073844468688964,0.0,18.073844468688964,0.0,0.0,CONTROLLED,sardinia,WHOLE_LAND_SINGLE_AUTHORISED_COMPONENT
h6000_q-000306_r+000948,18.054918988994597,0.0,18.054918988994597,0.0,0.0,CONTROLLED,sardinia,WHOLE_LAND_SINGLE_AUTHORISED_COMPONENT
h6000_q-000306_r+000949,18.035999398929597,0.0,18.035999398929597,0.0,0.0,CONTROLLED,sardinia,WHOLE_LAND_SINGLE_AUTHORISED_COMPONENT
h6000_q-000306_r+000950,18.017085735809328,0.0,18.017085735809328,0.0,0.0,CONTROLLED,sardinia,WHOLE_LAND_SINGLE_AUTHORISED_COMPONENT
h6000_q-000306_r+000951,17.998178036928177,0.0,17.998178036928177,0.0,0.0,CONTROLLED,sardinia,WHOLE_LAND_SINGLE_AUTHORISED_COMPONENT
h6000_q-000306_r+000952,17.979276339551927,0.0,17.979276339551927,0.0,0.0,CONTROLLED,sardinia,WHOLE_LAND_SINGLE_AUTHORISED_COMPONENT
h6000_q-000306_r+000953,17.960380680641173,0.0,17.960380680641173,0.0,0.0,CONTROLLED,sardinia,WHOLE_LAND_SINGLE_AUTHORISED_COMPONENT
h6000_q-000306_r+000954,17.941491097221373,0.0,17.941491097221373,0.0,0.0,CONTROLLED,sardinia,WHOLE_LAND_SINGLE_AUTHORISED_COMPONENT
h6000_q-000306_r+000955,17.92260762624359,0.0,17.92260762624359,0.0,0.0,CONTROLLED,sardinia,WHOLE_LAND_SINGLE_AUTHORISED_COMPONENT
h6000_q-000306_r+000956,17.90373030436516,0.0,17.90373030436516,0.0,0.0,CONTROLLED,sardinia,WHOLE_LAND_SINGLE_AUTHORISED_COMPONENT
h6000_q-000306_r+000957,17.884859168289186,0.0,17.884859168289186,0.0,0.0,CONTROLLED,sardinia,WHOLE_LAND_SINGLE_AUTHORISED_COMPONENT
h6000_q-000306_r+000958,17.86599425462723,0.0,17.86599425462723,0.0,0.0,CONTROLLED,sardinia,WHOLE_LAND_SINGLE_AUTHORISED_COMPONENT
h6000_q-000306_r+000959,17.847135599819183,0.0,17.847135599819183,0.0,0.0,CONTROLLED,sardinia,WHOLE_LAND_SINGLE_AUTHORISED_COMPONENT
h6000_q-000306_r+000960,17.828283240200044,0.0,17.828283240200044,0.0,0.0,CONTROLLED,sardinia,WHOLE_LAND_SINGLE_AUTHORISED_COMPONENT
h6000_q-000306_r+000961,17.809437212057112,0.0,17.809437212057112,0.0,0.0,CONTROLLED,sardinia,WHOLE_LAND_SINGLE_AUTHORISED_COMPONENT
h6000_q-000306_r+000962,17.790597551584245,0.0,17.790597551584245,0.0,0.0,CONTROLLED,sardinia,WHOLE_LAND_SINGLE_AUTHORISED_COMPONENT
h6000_q-000306_r+000963,17.771764294746397,0.0,17.771764294746397,0.0,0.0,CONTROLLED,sardinia,WHOLE_LAND_SINGLE_AUTHORISED_COMPONENT
h6000_q-000306_r+000964,18.094572963846204,0.0,18.094572963846204,0.0,0.0,CONTROLLED,sardinia,WHOLE_LAND_SINGLE_AUTHORISED_COMPONENT
h6000_q-000306_r+000965,14.936450024993432,0.0,14.936450024993432,0.0,0.0,CONTROLLED,sardinia,WHOLE_LAND_SINGLE_AUTHORISED_COMPONENT
h6000_q-000307_r+000928,13.710365796139495,0.0,13.710365796139495,0.0,0.0,CONTROLLED,sardinia,WHOLE_LAND_SINGLE_AUTHORISED_COMPONENT
h6000_q-000307_r+000929,9.226778025949214,0.0,9.226778025949214,0.0,0.0,CONTROLLED,sardinia,WHOLE_LAND_SINGLE_AUTHORISED_COMPONENT
h6000_q-000307_r+000932,15.040568198723017,0.0,15.040568198723017,0.0,0.0,CONTROLLED,sardinia,WHOLE_LAND_SINGLE_AUTHORISED_COMPONENT
h6000_q-000307_r+000933,18.33559779722444,0.0,18.33559779722444,0.0,0.0,CONTROLLED,sardinia,WHOLE_LAND_SINGLE_AUTHORISED_COMPONENT
h6000_q-000307_r+000934,18.320394461629867,0.0,18.320394461629867,0.0,0.0,CONTROLLED,sardinia,WHOLE_LAND_SINGLE_AUTHORISED_COMPONENT
h6000_q-000307_r+000935,18.30139586574936,0.0,18.30139586574936,0.0,0.0,CONTROLLED,sardinia,WHOLE_LAND_SINGLE_AUTHORISED_COMPONENT
h6000_q-000307_r+000936,18.282402664100648,0.0,18.282402664100648,0.0,0.0,CONTROLLED,sardinia,WHOLE_LAND_SINGLE_AUTHORISED_COMPONENT
h6000_q-000307_r+000937,18.263414895513534,0.0,18.263414895513534,0.0,0.0,CONTROLLED,sardinia,WHOLE_LAND_SINGLE_AUTHORISED_COMPONENT
h6000_q-000307_r+000938,18.24443259856415,0.0,18.24443259856415,0.0,0.0,CONTROLLED,sardinia,WHOLE_LAND_SINGLE_AUTHORISED_COMPONENT
h6000_q-000307_r+000939,18.225455811656953,0.0,18.225455811656953,0.0,0.0,CONTROLLED,sardinia,WHOLE_LAND_SINGLE_AUTHORISED_COMPONENT
h6000_q-000307_r+000940,18.206484573348998,0.0,18.206484573348998,0.0,0.0,CONTROLLED,sardinia,WHOLE_LAND_SINGLE_AUTHORISED_COMPONENT
h6000_q-000307_r+000941,18.187518921844482,0.0,18.187518921844482,0.0,0.0,CONTROLLED,sardinia,WHOLE_LAND_SINGLE_AUTHORISED_COMPONENT
h6000_q-000307_r+000942,18.168558895442963,0.0,18.168558895442963,0.0,0.0,CONTROLLED,sardinia,WHOLE_LAND_SINGLE_AUTHORISED_COMPONENT
h6000_q-000307_r+000943,18.14960453211975,0.0,18.14960453211975,0.0,0.0,CONTROLLED,sardinia,WHOLE_LAND_SINGLE_AUTHORISED_COMPONENT
h6000_q-000307_r+000944,18.13065586995697,0.0,18.13065586995697,0.0,0.0,CONTROLLED,sardinia,WHOLE_LAND_SINGLE_AUTHORISED_COMPONENT
h6000_q-000307_r+000945,18.111712946792604,0.0,18.111712946792604,0.0,0.0,CONTROLLED,sardinia,WHOLE_LAND_SINGLE_AUTHORISED_COMPONENT
h6000_q-000307_r+000946,18.09277580050659,0.0,18.09277580050659,0.0,0.0,CONTROLLED,sardinia,WHOLE_LAND_SINGLE_AUTHORISED_COMPONENT
h6000_q-000307_r+000947,18.073844468688964,0.0,18.073844468688964,0.0,0.0,CONTROLLED,sardinia,WHOLE_LAND_SINGLE_AUTHORISED_COMPONENT
h6000_q-000307_r+000948,18.054918988994597,0.0,18.054918988994597,0.0,0.0,CONTROLLED,sardinia,WHOLE_LAND_SINGLE_AUTHORISED_COMPONENT
h6000_q-000307_r+000949,18.035999398929597,0.0,18.035999398929597,0.0,0.0,CONTROLLED,sardinia,WHOLE_LAND_SINGLE_AUTHORISED_COMPONENT
h6000_q-000307_r+000950,18.017085735809328,0.0,18.017085735809328,0.0,0.0,CONTROLLED,sardinia,WHOLE_LAND_SINGLE_AUTHORISED_COMPONENT
h6000_q-000307_r+000951,17.9981780369339,0.0,17.9981780369339,0.0,0.0,CONTROLLED,sardinia,WHOLE_LAND_SINGLE_AUTHORISED_COMPONENT
h6000_q-000307_r+000952,17.979276339557646,0.0,17.979276339557646,0.0,0.0,CONTROLLED,sardinia,WHOLE_LAND_SINGLE_AUTHORISED_COMPONENT
h6000_q-000307_r+000953,17.96038068063927,0.0,17.96038068063927,0.0,0.0,CONTROLLED,sardinia,WHOLE_LAND_SINGLE_AUTHORISED_COMPONENT
h6000_q-000307_r+000954,17.94149109723282,0.0,17.94149109723282,0.0,0.0,CONTROLLED,sardinia,WHOLE_LAND_SINGLE_AUTHORISED_COMPONENT
h6000_q-000307_r+000955,17.92260762624359,0.0,17.92260762624359,0.0,0.0,CONTROLLED,sardinia,WHOLE_LAND_SINGLE_AUTHORISED_COMPONENT
h6000_q-000307_r+000956,17.903730304367066,0.0,17.903730304367066,0.0,0.0,CONTROLLED,sardinia,WHOLE_LAND_SINGLE_AUTHORISED_COMPONENT
h6000_q-000307_r+000957,17.88485916827774,0.0,17.88485916827774,0.0,0.0,CONTROLLED,sardinia,WHOLE_LAND_SINGLE_AUTHORISED_COMPONENT
h6000_q-000307_r+000958,17.865994254621505,0.0,17.865994254621505,0.0,0.0,CONTROLLED,sardinia,WHOLE_LAND_SINGLE_AUTHORISED_COMPONENT
h6000_q-000307_r+000959,17.84713559980011,0.0,17.84713559980011,0.0,0.0,CONTROLLED,sardinia,WHOLE_LAND_SINGLE_AUTHORISED_COMPONENT
h6000_q-000307_r+000960,17.828283240203856,0.0,17.828283240203856,0.0,0.0,CONTROLLED,sardinia,WHOLE_LAND_SINGLE_AUTHORISED_COMPONENT
h6000_q-000307_r+000961,17.80943721204376,0.0,17.80943721204376,0.0,0.0,CONTROLLED,sardinia,WHOLE_LAND_SINGLE_AUTHORISED_COMPONENT
h6000_q-000307_r+000962,17.79059755158043,0.0,17.79059755158043,0.0,0.0,CONTROLLED,sardinia,WHOLE_LAND_SINGLE_AUTHORISED_COMPONENT
h6000_q-000307_r+000963,17.77176429475403,0.0,17.77176429475403,0.0,0.0,CONTROLLED,sardinia,WHOLE_LAND_SINGLE_AUTHORISED_COMPONENT
h6000_q-000307_r+000964,18.09457295880127,0.0,18.09457295880127,0.0,0.0,CONTROLLED,sardinia,WHOLE_LAND_SINGLE_AUTHORISED_COMPONENT
h6000_q-000307_r+000965,17.73411713601303,0.0,17.73411713601303,0.0,0.0,CONTROLLED,sardinia,WHOLE_LAND_SINGLE_AUTHORISED_COMPONENT
h6000_q-000307_r+000966,17.71530330566025,0.0,17.71530330566025,0.0,0.0,CONTROLLED,sardinia,WHOLE_LAND_SINGLE_AUTHORISED_COMPONENT
h6000_q-000307_r+000967,16.598083852134234,0.0,16.598083852134234,0.0,0.0,CONTROLLED,sardinia,WHOLE_LAND_SINGLE_AUTHORISED_COMPONENT
h6000_q-000307_r+000968,12.682768278485177,0.0,12.58910060561198,0.09366767287319737,0.007385428071889758,CONTROLLED,sardinia,WHOLE_LAND_SINGLE_AUTHORISED_COMPONENT
h6000_q-000308_r+000934,18.320394461639403,0.0,18.320394461639403,0.0,0.0,CONTROLLED,sardinia,WHOLE_LAND_SINGLE_AUTHORISED_COMPONENT
h6000_q-000308_r+000935,18.30139586574173,0.0,18.30139586574173,0.0,0.0,CONTROLLED,sardinia,WHOLE_LAND_SINGLE_AUTHORISED_COMPONENT
h6000_q-000308_r+000936,18.282402664100648,0.0,18.282402664100648,0.0,0.0,CONTROLLED,sardinia,WHOLE_LAND_SINGLE_AUTHORISED_COMPONENT
h6000_q-000308_r+000937,18.263414895513534,0.0,18.263414895513534,0.0,0.0,CONTROLLED,sardinia,WHOLE_LAND_SINGLE_AUTHORISED_COMPONENT
h6000_q-000308_r+000938,18.24443259854889,0.0,18.24443259854889,0.0,0.0,CONTROLLED,sardinia,WHOLE_LAND_SINGLE_AUTHORISED_COMPONENT
h6000_q-000308_r+000939,18.225455811655046,0.0,18.225455811655046,0.0,0.0,CONTROLLED,sardinia,WHOLE_LAND_SINGLE_AUTHORISED_COMPONENT
h6000_q-000308_r+000940,18.20648457334328,0.0,18.20648457334328,0.0,0.0,CONTROLLED,sardinia,WHOLE_LAND_SINGLE_AUTHORISED_COMPONENT
h6000_q-000308_r+000941,18.187518921844482,0.0,18.187518921844482,0.0,0.0,CONTROLLED,sardinia,WHOLE_LAND_SINGLE_AUTHORISED_COMPONENT
h6000_q-000308_r+000942,18.16855889545059,0.0,18.16855889545059,0.0,0.0,CONTROLLED,sardinia,WHOLE_LAND_SINGLE_AUTHORISED_COMPONENT
h6000_q-000308_r+000943,18.149604532115937,0.0,18.149604532115937,0.0,0.0,CONTROLLED,sardinia,WHOLE_LAND_SINGLE_AUTHORISED_COMPONENT
h6000_q-000308_r+000944,18.130655869955064,0.0,18.130655869955064,0.0,0.0,CONTROLLED,sardinia,WHOLE_LAND_SINGLE_AUTHORISED_COMPONENT
h6000_q-000308_r+000945,18.111712946798324,0.0,18.111712946798324,0.0,0.0,CONTROLLED,sardinia,WHOLE_LAND_SINGLE_AUTHORISED_COMPONENT
h6000_q-000308_r+000946,18.09277580050659,0.0,18.09277580050659,0.0,0.0,CONTROLLED,sardinia,WHOLE_LAND_SINGLE_AUTHORISED_COMPONENT
h6000_q-000308_r+000947,18.073844468688964,0.0,18.073844468688964,0.0,0.0,CONTROLLED,sardinia,WHOLE_LAND_SINGLE_AUTHORISED_COMPONENT
h6000_q-000308_r+000948,18.054918988994597,0.0,18.054918988994597,0.0,0.0,CONTROLLED,sardinia,WHOLE_LAND_SINGLE_AUTHORISED_COMPONENT
h6000_q-000308_r+000949,18.035999398929597,0.0,18.035999398929597,0.0,0.0,CONTROLLED,sardinia,WHOLE_LAND_SINGLE_AUTHORISED_COMPONENT
h6000_q-000308_r+000950,18.017085735809328,0.0,18.017085735809328,0.0,0.0,CONTROLLED,sardinia,WHOLE_LAND_SINGLE_AUTHORISED_COMPONENT
h6000_q-000308_r+000951,17.9981780369339,0.0,17.9981780369339,0.0,0.0,CONTROLLED,sardinia,WHOLE_LAND_SINGLE_AUTHORISED_COMPONENT
h6000_q-000308_r+000952,17.979276339557646,0.0,17.979276339557646,0.0,0.0,CONTROLLED,sardinia,WHOLE_LAND_SINGLE_AUTHORISED_COMPONENT
h6000_q-000308_r+000953,17.960380680641173,0.0,17.960380680641173,0.0,0.0,CONTROLLED,sardinia,WHOLE_LAND_SINGLE_AUTHORISED_COMPONENT
h6000_q-000308_r+000954,17.941491097221373,0.0,17.941491097221373,0.0,0.0,CONTROLLED,sardinia,WHOLE_LAND_SINGLE_AUTHORISED_COMPONENT
h6000_q-000308_r+000955,17.922607626235962,0.0,17.922607626235962,0.0,0.0,CONTROLLED,sardinia,WHOLE_LAND_SINGLE_AUTHORISED_COMPONENT
h6000_q-000308_r+000956,17.90373030436516,0.0,17.90373030436516,0.0,0.0,CONTROLLED,sardinia,WHOLE_LAND_SINGLE_AUTHORISED_COMPONENT
h6000_q-000308_r+000957,17.88485916827774,0.0,17.88485916827774,0.0,0.0,CONTROLLED,sardinia,WHOLE_LAND_SINGLE_AUTHORISED_COMPONENT
h6000_q-000308_r+000958,17.86599425462723,0.0,17.86599425462723,0.0,0.0,CONTROLLED,sardinia,WHOLE_LAND_SINGLE_AUTHORISED_COMPONENT
h6000_q-000308_r+000959,17.847135599811555,0.0,17.847135599811555,0.0,0.0,CONTROLLED,sardinia,WHOLE_LAND_SINGLE_AUTHORISED_COMPONENT
h6000_q-000308_r+000960,17.828283240200044,0.0,17.828283240200044,0.0,0.0,CONTROLLED,sardinia,WHOLE_LAND_SINGLE_AUTHORISED_COMPONENT
h6000_q-000308_r+000961,17.809437212057112,0.0,17.809437212057112,0.0,0.0,CONTROLLED,sardinia,WHOLE_LAND_SINGLE_AUTHORISED_COMPONENT
h6000_q-000308_r+000962,17.79059755159378,0.0,17.79059755159378,0.0,0.0,CONTROLLED,sardinia,WHOLE_LAND_SINGLE_AUTHORISED_COMPONENT
h6000_q-000308_r+000963,17.77176429475212,0.0,17.77176429475212,0.0,0.0,CONTROLLED,sardinia,WHOLE_LAND_SINGLE_AUTHORISED_COMPONENT
h6000_q-000308_r+000964,18.094572958812712,0.0,18.094572958812712,0.0,0.0,CONTROLLED,sardinia,WHOLE_LAND_SINGLE_AUTHORISED_COMPONENT
h6000_q-000308_r+000965,17.734117136003494,0.0,17.734117136003494,0.0,0.0,CONTROLLED,sardinia,WHOLE_LAND_SINGLE_AUTHORISED_COMPONENT
h6000_q-000308_r+000966,17.71530330566597,0.0,17.71530330566597,0.0,0.0,CONTROLLED,sardinia,WHOLE_LAND_SINGLE_AUTHORISED_COMPONENT
h6000_q-000308_r+000967,17.547910835536115,0.0,17.547910835536115,0.0,0.0,CONTROLLED,sardinia,WHOLE_LAND_SINGLE_AUTHORISED_COMPONENT
h6000_q-000308_r+000968,16.574948391691283,0.0,16.572452522354176,0.002495869337107055,0.0001505808210152973,CONTROLLED,sardinia,WHOLE_LAND_SINGLE_AUTHORISED_COMPONENT
h6000_q-000309_r+000934,13.546700366985455,0.0,13.546700366985455,0.0,0.0,CONTROLLED,sardinia,WHOLE_LAND_SINGLE_AUTHORISED_COMPONENT
h6000_q-000309_r+000935,18.301395865756987,0.0,18.301395865756987,0.0,0.0,CONTROLLED,sardinia,WHOLE_LAND_SINGLE_AUTHORISED_COMPONENT
h6000_q-000309_r+000936,18.282402664110183,0.0,18.282402664110183,0.0,0.0,CONTROLLED,sardinia,WHOLE_LAND_SINGLE_AUTHORISED_COMPONENT
h6000_q-000309_r+000937,18.263414895513534,0.0,18.263414895513534,0.0,0.0,CONTROLLED,sardinia,WHOLE_LAND_SINGLE_AUTHORISED_COMPONENT
h6000_q-000309_r+000938,18.244432598560334,0.0,18.244432598560334,0.0,0.0,CONTROLLED,sardinia,WHOLE_LAND_SINGLE_AUTHORISED_COMPONENT
h6000_q-000309_r+000939,18.225455811655046,0.0,18.225455811655046,0.0,0.0,CONTROLLED,sardinia,WHOLE_LAND_SINGLE_AUTHORISED_COMPONENT
h6000_q-000309_r+000940,18.206484573348998,0.0,18.206484573348998,0.0,0.0,CONTROLLED,sardinia,WHOLE_LAND_SINGLE_AUTHORISED_COMPONENT
h6000_q-000309_r+000941,18.18751892184639,0.0,18.18751892184639,0.0,0.0,CONTROLLED,sardinia,WHOLE_LAND_SINGLE_AUTHORISED_COMPONENT
h6000_q-000309_r+000942,18.168558895442963,0.0,18.168558895442963,0.0,0.0,CONTROLLED,sardinia,WHOLE_LAND_SINGLE_AUTHORISED_COMPONENT
h6000_q-000309_r+000943,18.149604532115937,0.0,18.149604532115937,0.0,0.0,CONTROLLED,sardinia,WHOLE_LAND_SINGLE_AUTHORISED_COMPONENT
h6000_q-000309_r+000944,18.13065586995697,0.0,18.13065586995697,0.0,0.0,CONTROLLED,sardinia,WHOLE_LAND_SINGLE_AUTHORISED_COMPONENT
h6000_q-000309_r+000945,18.111712946792604,0.0,18.111712946792604,0.0,0.0,CONTROLLED,sardinia,WHOLE_LAND_SINGLE_AUTHORISED_COMPONENT
h6000_q-000309_r+000946,18.092775800508498,0.0,18.092775800508498,0.0,0.0,CONTROLLED,sardinia,WHOLE_LAND_SINGLE_AUTHORISED_COMPONENT
h6000_q-000309_r+000947,18.073844468698503,0.0,18.073844468698503,0.0,0.0,CONTROLLED,sardinia,WHOLE_LAND_SINGLE_AUTHORISED_COMPONENT
h6000_q-000309_r+000948,18.054918988994597,0.0,18.054918988994597,0.0,0.0,CONTROLLED,sardinia,WHOLE_LAND_SINGLE_AUTHORISED_COMPONENT
h6000_q-000309_r+000949,18.035999398929597,0.0,18.035999398929597,0.0,0.0,CONTROLLED,sardinia,WHOLE_LAND_SINGLE_AUTHORISED_COMPONENT
h6000_q-000309_r+000950,18.017085735809328,0.0,18.017085735809328,0.0,0.0,CONTROLLED,sardinia,WHOLE_LAND_SINGLE_AUTHORISED_COMPONENT
h6000_q-000309_r+000951,17.9981780369339,0.0,17.9981780369339,0.0,0.0,CONTROLLED,sardinia,WHOLE_LAND_SINGLE_AUTHORISED_COMPONENT
h6000_q-000309_r+000952,17.979276339557646,0.0,17.979276339557646,0.0,0.0,CONTROLLED,sardinia,WHOLE_LAND_SINGLE_AUTHORISED_COMPONENT
h6000_q-000309_r+000953,17.960380680641173,0.0,17.960380680641173,0.0,0.0,CONTROLLED,sardinia,WHOLE_LAND_SINGLE_AUTHORISED_COMPONENT
h6000_q-000309_r+000954,17.941491097221373,0.0,17.941491097221373,0.0,0.0,CONTROLLED,sardinia,WHOLE_LAND_SINGLE_AUTHORISED_COMPONENT
h6000_q-000309_r+000955,17.92260762624359,0.0,17.92260762624359,0.0,0.0,CONTROLLED,sardinia,WHOLE_LAND_SINGLE_AUTHORISED_COMPONENT
h6000_q-000309_r+000956,17.903730304367066,0.0,17.903730304367066,0.0,0.0,CONTROLLED,sardinia,WHOLE_LAND_SINGLE_AUTHORISED_COMPONENT
h6000_q-000309_r+000957,17.884859168289186,0.0,17.884859168289186,0.0,0.0,CONTROLLED,sardinia,WHOLE_LAND_SINGLE_AUTHORISED_COMPONENT
h6000_q-000309_r+000958,17.865994254621505,0.0,17.865994254621505,0.0,0.0,CONTROLLED,sardinia,WHOLE_LAND_SINGLE_AUTHORISED_COMPONENT
h6000_q-000309_r+000959,17.847135599811555,0.0,17.847135599811555,0.0,0.0,CONTROLLED,sardinia,WHOLE_LAND_SINGLE_AUTHORISED_COMPONENT
h6000_q-000309_r+000960,17.828283240203856,0.0,17.828283240203856,0.0,0.0,CONTROLLED,sardinia,WHOLE_LAND_SINGLE_AUTHORISED_COMPONENT
h6000_q-000309_r+000961,17.80943721204376,0.0,17.80943721204376,0.0,0.0,CONTROLLED,sardinia,WHOLE_LAND_SINGLE_AUTHORISED_COMPONENT
h6000_q-000309_r+000962,17.790597551584245,0.0,17.790597551584245,0.0,0.0,CONTROLLED,sardinia,WHOLE_LAND_SINGLE_AUTHORISED_COMPONENT
h6000_q-000309_r+000963,17.77176429475403,0.0,17.77176429475403,0.0,0.0,CONTROLLED,sardinia,WHOLE_LAND_SINGLE_AUTHORISED_COMPONENT
h6000_q-000309_r+000964,18.094572964200974,0.0,18.094572964200974,0.0,0.0,CONTROLLED,sardinia,WHOLE_LAND_SINGLE_AUTHORISED_COMPONENT
h6000_q-000309_r+000965,17.734117136009218,0.0,17.734117136009218,0.0,0.0,CONTROLLED,sardinia,WHOLE_LAND_SINGLE_AUTHORISED_COMPONENT
h6000_q-000309_r+000966,17.715303305654526,0.0,17.715303305654526,0.0,0.0,CONTROLLED,sardinia,WHOLE_LAND_SINGLE_AUTHORISED_COMPONENT
h6000_q-000309_r+000967,17.696496022172926,0.0,17.696496022172926,0.0,0.0,CONTROLLED,sardinia,WHOLE_LAND_SINGLE_AUTHORISED_COMPONENT
h6000_q-000309_r+000968,12.827033285293648,0.0,12.825647382054562,0.0013859032390855718,0.00010804550111166601,CONTROLLED,sardinia,WHOLE_LAND_SINGLE_AUTHORISED_COMPONENT
h6000_q-000310_r+000934,16.094682148119517,0.0,16.094682148119517,0.0,0.0,CONTROLLED,sardinia,WHOLE_LAND_SINGLE_AUTHORISED_COMPONENT
h6000_q-000310_r+000935,18.301395865756987,0.0,18.301395865756987,0.0,0.0,CONTROLLED,sardinia,WHOLE_LAND_SINGLE_AUTHORISED_COMPONENT
h6000_q-000310_r+000936,18.282402664100648,0.0,18.282402664100648,0.0,0.0,CONTROLLED,sardinia,WHOLE_LAND_SINGLE_AUTHORISED_COMPONENT
h6000_q-000310_r+000937,18.263414895519258,0.0,18.263414895519258,0.0,0.0,CONTROLLED,sardinia,WHOLE_LAND_SINGLE_AUTHORISED_COMPONENT
h6000_q-000310_r+000938,18.24443259856415,0.0,18.24443259856415,0.0,0.0,CONTROLLED,sardinia,WHOLE_LAND_SINGLE_AUTHORISED_COMPONENT
h6000_q-000310_r+000939,18.225455811655046,0.0,18.225455811655046,0.0,0.0,CONTROLLED,sardinia,WHOLE_LAND_SINGLE_AUTHORISED_COMPONENT
h6000_q-000310_r+000940,18.206484573358537,0.0,18.206484573358537,0.0,0.0,CONTROLLED,sardinia,WHOLE_LAND_SINGLE_AUTHORISED_COMPONENT
h6000_q-000310_r+000941,18.18751892183876,0.0,18.18751892183876,0.0,0.0,CONTROLLED,sardinia,WHOLE_LAND_SINGLE_AUTHORISED_COMPONENT
h6000_q-000310_r+000942,18.16855889545059,0.0,18.16855889545059,0.0,0.0,CONTROLLED,sardinia,WHOLE_LAND_SINGLE_AUTHORISED_COMPONENT
h6000_q-000310_r+000943,18.14960453211975,0.0,18.14960453211975,0.0,0.0,CONTROLLED,sardinia,WHOLE_LAND_SINGLE_AUTHORISED_COMPONENT
h6000_q-000310_r+000944,18.130655869955064,0.0,18.130655869955064,0.0,0.0,CONTROLLED,sardinia,WHOLE_LAND_SINGLE_AUTHORISED_COMPONENT
h6000_q-000310_r+000945,18.111712946792604,0.0,18.111712946792604,0.0,0.0,CONTROLLED,sardinia,WHOLE_LAND_SINGLE_AUTHORISED_COMPONENT
h6000_q-000310_r+000946,18.09277580050659,0.0,18.09277580050659,0.0,0.0,CONTROLLED,sardinia,WHOLE_LAND_SINGLE_AUTHORISED_COMPONENT
h6000_q-000310_r+000947,18.073844468688964,0.0,18.073844468688964,0.0,0.0,CONTROLLED,sardinia,WHOLE_LAND_SINGLE_AUTHORISED_COMPONENT
h6000_q-000310_r+000948,18.054918988990785,0.0,18.054918988990785,0.0,0.0,CONTROLLED,sardinia,WHOLE_LAND_SINGLE_AUTHORISED_COMPONENT
h6000_q-000310_r+000949,18.035999398921966,0.0,18.035999398921966,0.0,0.0,CONTROLLED,sardinia,WHOLE_LAND_SINGLE_AUTHORISED_COMPONENT
h6000_q-000310_r+000950,18.017085735809328,0.0,18.017085735809328,0.0,0.0,CONTROLLED,sardinia,WHOLE_LAND_SINGLE_AUTHORISED_COMPONENT
h6000_q-000310_r+000951,17.9981780369339,0.0,17.9981780369339,0.0,0.0,CONTROLLED,sardinia,WHOLE_LAND_SINGLE_AUTHORISED_COMPONENT
h6000_q-000310_r+000952,17.979276339557646,0.0,17.979276339557646,0.0,0.0,CONTROLLED,sardinia,WHOLE_LAND_SINGLE_AUTHORISED_COMPONENT
h6000_q-000310_r+000953,17.960380680641173,0.0,17.960380680641173,0.0,0.0,CONTROLLED,sardinia,WHOLE_LAND_SINGLE_AUTHORISED_COMPONENT
h6000_q-000310_r+000954,17.941491097221373,0.0,17.941491097221373,0.0,0.0,CONTROLLED,sardinia,WHOLE_LAND_SINGLE_AUTHORISED_COMPONENT
h6000_q-000310_r+000955,17.92260762624359,0.0,17.92260762624359,0.0,0.0,CONTROLLED,sardinia,WHOLE_LAND_SINGLE_AUTHORISED_COMPONENT
h6000_q-000310_r+000956,17.903730304367066,0.0,17.903730304367066,0.0,0.0,CONTROLLED,sardinia,WHOLE_LAND_SINGLE_AUTHORISED_COMPONENT
h6000_q-000310_r+000957,17.88485916827774,0.0,17.88485916827774,0.0,0.0,CONTROLLED,sardinia,WHOLE_LAND_SINGLE_AUTHORISED_COMPONENT
h6000_q-000310_r+000958,17.86599425462723,0.0,17.86599425462723,0.0,0.0,CONTROLLED,sardinia,WHOLE_LAND_SINGLE_AUTHORISED_COMPONENT
h6000_q-000310_r+000959,17.84713559980011,0.0,17.84713559980011,0.0,0.0,CONTROLLED,sardinia,WHOLE_LAND_SINGLE_AUTHORISED_COMPONENT
h6000_q-000310_r+000960,17.828283240200044,0.0,17.828283240200044,0.0,0.0,CONTROLLED,sardinia,WHOLE_LAND_SINGLE_AUTHORISED_COMPONENT
h6000_q-000310_r+000961,17.80943721204376,0.0,17.80943721204376,0.0,0.0,CONTROLLED,sardinia,WHOLE_LAND_SINGLE_AUTHORISED_COMPONENT
h6000_q-000310_r+000962,17.79059755159378,0.0,17.79059755159378,0.0,0.0,CONTROLLED,sardinia,WHOLE_LAND_SINGLE_AUTHORISED_COMPONENT
h6000_q-000310_r+000963,17.771764294746397,0.0,17.771764294746397,0.0,0.0,CONTROLLED,sardinia,WHOLE_LAND_SINGLE_AUTHORISED_COMPONENT
h6000_q-000310_r+000964,18.09457295880127,0.0,18.09457295880127,0.0,0.0,CONTROLLED,sardinia,WHOLE_LAND_SINGLE_AUTHORISED_COMPONENT
h6000_q-000310_r+000965,17.734117136003494,0.0,17.734117136003494,0.0,0.0,CONTROLLED,sardinia,WHOLE_LAND_SINGLE_AUTHORISED_COMPONENT
h6000_q-000310_r+000966,17.71530330566025,0.0,17.71530330566025,0.0,0.0,CONTROLLED,sardinia,WHOLE_LAND_SINGLE_AUTHORISED_COMPONENT
h6000_q-000310_r+000967,17.696496022174834,0.0,17.696496022174834,0.0,0.0,CONTROLLED,sardinia,WHOLE_LAND_SINGLE_AUTHORISED_COMPONENT
h6000_q-000310_r+000968,17.67769532120514,0.0,17.67769532120514,0.0,0.0,CONTROLLED,sardinia,WHOLE_LAND_SINGLE_AUTHORISED_COMPONENT
h6000_q-000310_r+000969,15.001222125262608,0.0,15.001222125262608,0.0,0.0,CONTROLLED,sardinia,WHOLE_LAND_SINGLE_AUTHORISED_COMPONENT
h6000_q-000311_r+000934,11.15538467369538,0.0,11.151884614726962,0.0035000589684187435,0.00031375511206457564,CONTROLLED,sardinia,WHOLE_LAND_SINGLE_AUTHORISED_COMPONENT
h6000_q-000311_r+000935,18.69059177741909,0.0,18.69059177741909,0.0,0.0,CONTROLLED,sardinia,WHOLE_LAND_SINGLE_AUTHORISED_COMPONENT
h6000_q-000311_r+000936,18.503024107176305,0.0,18.503024107176305,0.0,0.0,CONTROLLED,sardinia,WHOLE_LAND_SINGLE_AUTHORISED_COMPONENT
h6000_q-000311_r+000937,18.263414895519258,0.0,18.263414895519258,0.0,0.0,CONTROLLED,sardinia,WHOLE_LAND_SINGLE_AUTHORISED_COMPONENT
h6000_q-000311_r+000938,18.24443259854889,0.0,18.24443259854889,0.0,0.0,CONTROLLED,sardinia,WHOLE_LAND_SINGLE_AUTHORISED_COMPONENT
h6000_q-000311_r+000939,18.225455811656953,0.0,18.225455811656953,0.0,0.0,CONTROLLED,sardinia,WHOLE_LAND_SINGLE_AUTHORISED_COMPONENT
h6000_q-000311_r+000940,18.20648457334328,0.0,18.20648457334328,0.0,0.0,CONTROLLED,sardinia,WHOLE_LAND_SINGLE_AUTHORISED_COMPONENT
h6000_q-000311_r+000941,18.18751892184639,0.0,18.18751892184639,0.0,0.0,CONTROLLED,sardinia,WHOLE_LAND_SINGLE_AUTHORISED_COMPONENT
h6000_q-000311_r+000942,18.16855889545059,0.0,18.16855889545059,0.0,0.0,CONTROLLED,sardinia,WHOLE_LAND_SINGLE_AUTHORISED_COMPONENT
h6000_q-000311_r+000943,18.149604532117845,0.0,18.149604532117845,0.0,0.0,CONTROLLED,sardinia,WHOLE_LAND_SINGLE_AUTHORISED_COMPONENT
h6000_q-000311_r+000944,18.13065586995697,0.0,18.13065586995697,0.0,0.0,CONTROLLED,sardinia,WHOLE_LAND_SINGLE_AUTHORISED_COMPONENT
h6000_q-000311_r+000945,18.111712946798324,0.0,18.111712946798324,0.0,0.0,CONTROLLED,sardinia,WHOLE_LAND_SINGLE_AUTHORISED_COMPONENT
h6000_q-000311_r+000946,18.092775800508498,0.0,18.092775800508498,0.0,0.0,CONTROLLED,sardinia,WHOLE_LAND_SINGLE_AUTHORISED_COMPONENT
h6000_q-000311_r+000947,18.073844468688964,0.0,18.073844468688964,0.0,0.0,CONTROLLED,sardinia,WHOLE_LAND_SINGLE_AUTHORISED_COMPONENT
h6000_q-000311_r+000948,18.054918988994597,0.0,18.054918988994597,0.0,0.0,CONTROLLED,sardinia,WHOLE_LAND_SINGLE_AUTHORISED_COMPONENT
h6000_q-000311_r+000949,18.035999398929597,0.0,18.035999398929597,0.0,0.0,CONTROLLED,sardinia,WHOLE_LAND_SINGLE_AUTHORISED_COMPONENT
h6000_q-000311_r+000950,18.017085735824583,0.0,18.017085735824583,0.0,0.0,CONTROLLED,sardinia,WHOLE_LAND_SINGLE_AUTHORISED_COMPONENT
h6000_q-000311_r+000951,17.998178036928177,0.0,17.998178036928177,0.0,0.0,CONTROLLED,sardinia,WHOLE_LAND_SINGLE_AUTHORISED_COMPONENT
h6000_q-000311_r+000952,17.979276339557646,0.0,17.979276339557646,0.0,0.0,CONTROLLED,sardinia,WHOLE_LAND_SINGLE_AUTHORISED_COMPONENT
h6000_q-000311_r+000953,17.960380680641173,0.0,17.960380680641173,0.0,0.0,CONTROLLED,sardinia,WHOLE_LAND_SINGLE_AUTHORISED_COMPONENT
h6000_q-000311_r+000954,17.941491097221373,0.0,17.941491097221373,0.0,0.0,CONTROLLED,sardinia,WHOLE_LAND_SINGLE_AUTHORISED_COMPONENT
h6000_q-000311_r+000955,17.92260762624359,0.0,17.92260762624359,0.0,0.0,CONTROLLED,sardinia,WHOLE_LAND_SINGLE_AUTHORISED_COMPONENT
h6000_q-000311_r+000956,17.903730304367066,0.0,17.903730304367066,0.0,0.0,CONTROLLED,sardinia,WHOLE_LAND_SINGLE_AUTHORISED_COMPONENT
h6000_q-000311_r+000957,17.88485916827774,0.0,17.88485916827774,0.0,0.0,CONTROLLED,sardinia,WHOLE_LAND_SINGLE_AUTHORISED_COMPONENT
h6000_q-000311_r+000958,17.86599425462723,0.0,17.86599425462723,0.0,0.0,CONTROLLED,sardinia,WHOLE_LAND_SINGLE_AUTHORISED_COMPONENT
h6000_q-000311_r+000959,17.847135599811555,0.0,17.847135599811555,0.0,0.0,CONTROLLED,sardinia,WHOLE_LAND_SINGLE_AUTHORISED_COMPONENT
h6000_q-000311_r+000960,17.828283240203856,0.0,17.828283240203856,0.0,0.0,CONTROLLED,sardinia,WHOLE_LAND_SINGLE_AUTHORISED_COMPONENT
h6000_q-000311_r+000961,17.809437212057112,0.0,17.809437212057112,0.0,0.0,CONTROLLED,sardinia,WHOLE_LAND_SINGLE_AUTHORISED_COMPONENT
h6000_q-000311_r+000962,17.790597551584245,0.0,17.790597551584245,0.0,0.0,CONTROLLED,sardinia,WHOLE_LAND_SINGLE_AUTHORISED_COMPONENT
h6000_q-000311_r+000963,17.771764294746397,0.0,17.771764294746397,0.0,0.0,CONTROLLED,sardinia,WHOLE_LAND_SINGLE_AUTHORISED_COMPONENT
h6000_q-000311_r+000964,18.094572958797457,0.0,18.094572958797457,0.0,0.0,CONTROLLED,sardinia,WHOLE_LAND_SINGLE_AUTHORISED_COMPONENT
h6000_q-000311_r+000965,17.73411713601303,0.0,17.73411713601303,0.0,0.0,CONTROLLED,sardinia,WHOLE_LAND_SINGLE_AUTHORISED_COMPONENT
h6000_q-000311_r+000966,17.71530330566597,0.0,17.71530330566597,0.0,0.0,CONTROLLED,sardinia,WHOLE_LAND_SINGLE_AUTHORISED_COMPONENT
h6000_q-000311_r+000967,17.696496022172926,0.0,17.696496022172926,0.0,0.0,CONTROLLED,sardinia,WHOLE_LAND_SINGLE_AUTHORISED_COMPONENT
h6000_q-000311_r+000968,17.67769532121277,0.0,17.67769532121277,0.0,0.0,CONTROLLED,sardinia,WHOLE_LAND_SINGLE_AUTHORISED_COMPONENT
h6000_q-000311_r+000969,17.658901238113405,0.0,17.658901238113405,0.0,0.0,CONTROLLED,sardinia,WHOLE_LAND_SINGLE_AUTHORISED_COMPONENT
h6000_q-000311_r+000970,8.862048956555649,0.0,8.219655720369408,0.6423932361862406,0.07248811638656474,UNRESOLVED,,MIXED_UNAUDITED_LAND_COMPONENT
h6000_q-000312_r+000936,12.090648013265653,0.0,12.089568797244786,0.001079216020867927,8.926039528103288e-05,CONTROLLED,sardinia,WHOLE_LAND_SINGLE_AUTHORISED_COMPONENT
h6000_q-000312_r+000937,18.02611630036629,0.0,18.02611630036629,0.0,0.0,CONTROLLED,sardinia,WHOLE_LAND_SINGLE_AUTHORISED_COMPONENT
h6000_q-000312_r+000938,10.660831594922698,0.0,10.660831594922698,0.0,0.0,CONTROLLED,sardinia,WHOLE_LAND_SINGLE_AUTHORISED_COMPONENT
h6000_q-000312_r+000939,9.783030661000542,0.0,9.775048505979916,0.00798215502062472,0.0008159184303127145,CONTROLLED,sardinia,WHOLE_LAND_SINGLE_AUTHORISED_COMPONENT
h6000_q-000312_r+000940,18.206484573348998,0.0,18.206484573348998,0.0,0.0,CONTROLLED,sardinia,WHOLE_LAND_SINGLE_AUTHORISED_COMPONENT
h6000_q-000312_r+000941,18.187518921844482,0.0,18.187518921844482,0.0,0.0,CONTROLLED,sardinia,WHOLE_LAND_SINGLE_AUTHORISED_COMPONENT
h6000_q-000312_r+000942,18.168558895442963,0.0,18.168558895442963,0.0,0.0,CONTROLLED,sardinia,WHOLE_LAND_SINGLE_AUTHORISED_COMPONENT
h6000_q-000312_r+000943,18.14960453211975,0.0,18.14960453211975,0.0,0.0,CONTROLLED,sardinia,WHOLE_LAND_SINGLE_AUTHORISED_COMPONENT
h6000_q-000312_r+000944,18.130655869951248,0.0,18.130655869951248,0.0,0.0,CONTROLLED,sardinia,WHOLE_LAND_SINGLE_AUTHORISED_COMPONENT
h6000_q-000312_r+000945,18.111712946792604,0.0,18.111712946792604,0.0,0.0,CONTROLLED,sardinia,WHOLE_LAND_SINGLE_AUTHORISED_COMPONENT
h6000_q-000312_r+000946,18.09277580050659,0.0,18.09277580050659,0.0,0.0,CONTROLLED,sardinia,WHOLE_LAND_SINGLE_AUTHORISED_COMPONENT
h6000_q-000312_r+000947,18.073844468698503,0.0,18.073844468698503,0.0,0.0,CONTROLLED,sardinia,WHOLE_LAND_SINGLE_AUTHORISED_COMPONENT
h6000_q-000312_r+000948,18.054918988990785,0.0,18.054918988990785,0.0,0.0,CONTROLLED,sardinia,WHOLE_LAND_SINGLE_AUTHORISED_COMPONENT
h6000_q-000312_r+000949,18.035999398929597,0.0,18.035999398929597,0.0,0.0,CONTROLLED,sardinia,WHOLE_LAND_SINGLE_AUTHORISED_COMPONENT
h6000_q-000312_r+000950,18.017085735809328,0.0,18.017085735809328,0.0,0.0,CONTROLLED,sardinia,WHOLE_LAND_SINGLE_AUTHORISED_COMPONENT
h6000_q-000312_r+000951,17.9981780369339,0.0,17.9981780369339,0.0,0.0,CONTROLLED,sardinia,WHOLE_LAND_SINGLE_AUTHORISED_COMPONENT
h6000_q-000312_r+000952,17.979276339551927,0.0,17.979276339551927,0.0,0.0,CONTROLLED,sardinia,WHOLE_LAND_SINGLE_AUTHORISED_COMPONENT
h6000_q-000312_r+000953,17.96038068063927,0.0,17.96038068063927,0.0,0.0,CONTROLLED,sardinia,WHOLE_LAND_SINGLE_AUTHORISED_COMPONENT
h6000_q-000312_r+000954,17.941491097221373,0.0,17.941491097221373,0.0,0.0,CONTROLLED,sardinia,WHOLE_LAND_SINGLE_AUTHORISED_COMPONENT
h6000_q-000312_r+000955,17.92260762624359,0.0,17.92260762624359,0.0,0.0,CONTROLLED,sardinia,WHOLE_LAND_SINGLE_AUTHORISED_COMPONENT
h6000_q-000312_r+000956,17.903730304367066,0.0,17.903730304367066,0.0,0.0,CONTROLLED,sardinia,WHOLE_LAND_SINGLE_AUTHORISED_COMPONENT
h6000_q-000312_r+000957,17.88485916827774,0.0,17.88485916827774,0.0,0.0,CONTROLLED,sardinia,WHOLE_LAND_SINGLE_AUTHORISED_COMPONENT
h6000_q-000312_r+000958,17.86599425462723,0.0,17.86599425462723,0.0,0.0,CONTROLLED,sardinia,WHOLE_LAND_SINGLE_AUTHORISED_COMPONENT
h6000_q-000312_r+000959,17.847135599811555,0.0,17.847135599811555,0.0,0.0,CONTROLLED,sardinia,WHOLE_LAND_SINGLE_AUTHORISED_COMPONENT
h6000_q-000312_r+000960,17.828283240203856,0.0,17.828283240203856,0.0,0.0,CONTROLLED,sardinia,WHOLE_LAND_SINGLE_AUTHORISED_COMPONENT
h6000_q-000312_r+000961,17.80943721204376,0.0,17.80943721204376,0.0,0.0,CONTROLLED,sardinia,WHOLE_LAND_SINGLE_AUTHORISED_COMPONENT
h6000_q-000312_r+000962,17.79059755159378,0.0,17.79059755159378,0.0,0.0,CONTROLLED,sardinia,WHOLE_LAND_SINGLE_AUTHORISED_COMPONENT
h6000_q-000312_r+000963,17.77176429475403,0.0,17.77176429475403,0.0,0.0,CONTROLLED,sardinia,WHOLE_LAND_SINGLE_AUTHORISED_COMPONENT
h6000_q-000312_r+000964,18.09457295880127,0.0,18.09457295880127,0.0,0.0,CONTROLLED,sardinia,WHOLE_LAND_SINGLE_AUTHORISED_COMPONENT
h6000_q-000312_r+000965,17.73411713601303,0.0,17.73411713601303,0.0,0.0,CONTROLLED,sardinia,WHOLE_LAND_SINGLE_AUTHORISED_COMPONENT
h6000_q-000312_r+000966,17.71530330566025,0.0,17.71530330566025,0.0,0.0,CONTROLLED,sardinia,WHOLE_LAND_SINGLE_AUTHORISED_COMPONENT
h6000_q-000312_r+000967,17.696496022171022,0.0,17.696496022171022,0.0,0.0,CONTROLLED,sardinia,WHOLE_LAND_SINGLE_AUTHORISED_COMPONENT
h6000_q-000312_r+000968,17.677695321210862,0.0,17.677695321210862,0.0,0.0,CONTROLLED,sardinia,WHOLE_LAND_SINGLE_AUTHORISED_COMPONENT
h6000_q-000312_r+000969,17.658901238119125,0.0,17.658901238119125,0.0,0.0,CONTROLLED,sardinia,WHOLE_LAND_SINGLE_AUTHORISED_COMPONENT
h6000_q-000312_r+000970,11.540691569598813,0.0,11.494931161116373,0.04576040848244005,0.0039651357292127,CONTROLLED,sardinia,WHOLE_LAND_SINGLE_AUTHORISED_COMPONENT
h6000_q-000313_r+000941,18.187518921844482,0.0,18.187518921844482,0.0,0.0,CONTROLLED,sardinia,WHOLE_LAND_SINGLE_AUTHORISED_COMPONENT
h6000_q-000313_r+000942,18.16855889545059,0.0,18.16855889545059,0.0,0.0,CONTROLLED,sardinia,WHOLE_LAND_SINGLE_AUTHORISED_COMPONENT
h6000_q-000313_r+000943,18.149604532115937,0.0,18.149604532115937,0.0,0.0,CONTROLLED,sardinia,WHOLE_LAND_SINGLE_AUTHORISED_COMPONENT
h6000_q-000313_r+000944,18.130655869955064,0.0,18.130655869955064,0.0,0.0,CONTROLLED,sardinia,WHOLE_LAND_SINGLE_AUTHORISED_COMPONENT
h6000_q-000313_r+000945,18.111712946798324,0.0,18.111712946798324,0.0,0.0,CONTROLLED,sardinia,WHOLE_LAND_SINGLE_AUTHORISED_COMPONENT
h6000_q-000313_r+000946,18.09277580050087,0.0,18.09277580050087,0.0,0.0,CONTROLLED,sardinia,WHOLE_LAND_SINGLE_AUTHORISED_COMPONENT
h6000_q-000313_r+000947,18.07384446869278,0.0,18.07384446869278,0.0,0.0,CONTROLLED,sardinia,WHOLE_LAND_SINGLE_AUTHORISED_COMPONENT
h6000_q-000313_r+000948,18.054918988994597,0.0,18.054918988994597,0.0,0.0,CONTROLLED,sardinia,WHOLE_LAND_SINGLE_AUTHORISED_COMPONENT
h6000_q-000313_r+000949,18.035999398921966,0.0,18.035999398921966,0.0,0.0,CONTROLLED,sardinia,WHOLE_LAND_SINGLE_AUTHORISED_COMPONENT
h6000_q-000313_r+000950,18.017085735824583,0.0,18.017085735824583,0.0,0.0,CONTROLLED,sardinia,WHOLE_LAND_SINGLE_AUTHORISED_COMPONENT
h6000_q-000313_r+000951,17.9981780369339,0.0,17.9981780369339,0.0,0.0,CONTROLLED,sardinia,WHOLE_LAND_SINGLE_AUTHORISED_COMPONENT
h6000_q-000313_r+000952,17.979276339557646,0.0,17.979276339557646,0.0,0.0,CONTROLLED,sardinia,WHOLE_LAND_SINGLE_AUTHORISED_COMPONENT
h6000_q-000313_r+000953,17.960380680641173,0.0,17.960380680641173,0.0,0.0,CONTROLLED,sardinia,WHOLE_LAND_SINGLE_AUTHORISED_COMPONENT
h6000_q-000313_r+000954,17.94149109723282,0.0,17.94149109723282,0.0,0.0,CONTROLLED,sardinia,WHOLE_LAND_SINGLE_AUTHORISED_COMPONENT
h6000_q-000313_r+000955,17.922607626235962,0.0,17.922607626235962,0.0,0.0,CONTROLLED,sardinia,WHOLE_LAND_SINGLE_AUTHORISED_COMPONENT
h6000_q-000313_r+000956,17.903730304367066,0.0,17.903730304367066,0.0,0.0,CONTROLLED,sardinia,WHOLE_LAND_SINGLE_AUTHORISED_COMPONENT
h6000_q-000313_r+000957,17.88485916827774,0.0,17.88485916827774,0.0,0.0,CONTROLLED,sardinia,WHOLE_LAND_SINGLE_AUTHORISED_COMPONENT
h6000_q-000313_r+000958,17.86599425462723,0.0,17.86599425462723,0.0,0.0,CONTROLLED,sardinia,WHOLE_LAND_SINGLE_AUTHORISED_COMPONENT
h6000_q-000313_r+000959,17.847135599811555,0.0,17.847135599811555,0.0,0.0,CONTROLLED,sardinia,WHOLE_LAND_SINGLE_AUTHORISED_COMPONENT
h6000_q-000313_r+000960,17.828283240203856,0.0,17.828283240203856,0.0,0.0,CONTROLLED,sardinia,WHOLE_LAND_SINGLE_AUTHORISED_COMPONENT
h6000_q-000313_r+000961,17.80943721204376,0.0,17.80943721204376,0.0,0.0,CONTROLLED,sardinia,WHOLE_LAND_SINGLE_AUTHORISED_COMPONENT
h6000_q-000313_r+000962,17.79059755159378,0.0,17.79059755159378,0.0,0.0,CONTROLLED,sardinia,WHOLE_LAND_SINGLE_AUTHORISED_COMPONENT
h6000_q-000313_r+000963,17.771764294746397,0.0,17.771764294746397,0.0,0.0,CONTROLLED,sardinia,WHOLE_LAND_SINGLE_AUTHORISED_COMPONENT
h6000_q-000313_r+000964,18.094572958797457,0.0,18.094572958797457,0.0,0.0,CONTROLLED,sardinia,WHOLE_LAND_SINGLE_AUTHORISED_COMPONENT
h6000_q-000313_r+000965,17.734117136003494,0.0,17.734117136003494,0.0,0.0,CONTROLLED,sardinia,WHOLE_LAND_SINGLE_AUTHORISED_COMPONENT
h6000_q-000313_r+000966,17.71530330566597,0.0,17.71530330566597,0.0,0.0,CONTROLLED,sardinia,WHOLE_LAND_SINGLE_AUTHORISED_COMPONENT
h6000_q-000313_r+000967,17.696496022171022,0.0,17.696496022171022,0.0,0.0,CONTROLLED,sardinia,WHOLE_LAND_SINGLE_AUTHORISED_COMPONENT
h6000_q-000313_r+000968,17.67769532121277,0.0,17.67769532121277,0.0,0.0,CONTROLLED,sardinia,WHOLE_LAND_SINGLE_AUTHORISED_COMPONENT
h6000_q-000313_r+000969,17.65890123810959,0.0,17.65890123810959,0.0,0.0,CONTROLLED,sardinia,WHOLE_LAND_SINGLE_AUTHORISED_COMPONENT
h6000_q-000313_r+000970,15.473226719666785,0.0,15.473226719666785,0.0,0.0,CONTROLLED,sardinia,WHOLE_LAND_SINGLE_AUTHORISED_COMPONENT
h6000_q-000314_r+000943,16.490156679467322,0.0,16.486960175620915,0.0031965038464069366,0.00019384314585604002,CONTROLLED,sardinia,WHOLE_LAND_SINGLE_AUTHORISED_COMPONENT
h6000_q-000314_r+000944,18.13065586995697,0.0,18.13065586995697,0.0,0.0,CONTROLLED,sardinia,WHOLE_LAND_SINGLE_AUTHORISED_COMPONENT
h6000_q-000314_r+000945,18.111712946792604,0.0,18.111712946792604,0.0,0.0,CONTROLLED,sardinia,WHOLE_LAND_SINGLE_AUTHORISED_COMPONENT
h6000_q-000314_r+000946,18.092775800508498,0.0,18.092775800508498,0.0,0.0,CONTROLLED,sardinia,WHOLE_LAND_SINGLE_AUTHORISED_COMPONENT
h6000_q-000314_r+000947,18.073844468698503,0.0,18.073844468698503,0.0,0.0,CONTROLLED,sardinia,WHOLE_LAND_SINGLE_AUTHORISED_COMPONENT
h6000_q-000314_r+000948,18.05491898900032,0.0,18.05491898900032,0.0,0.0,CONTROLLED,sardinia,WHOLE_LAND_SINGLE_AUTHORISED_COMPONENT
h6000_q-000314_r+000949,18.035999398921966,0.0,18.035999398921966,0.0,0.0,CONTROLLED,sardinia,WHOLE_LAND_SINGLE_AUTHORISED_COMPONENT
h6000_q-000314_r+000950,18.017085735809328,0.0,18.017085735809328,0.0,0.0,CONTROLLED,sardinia,WHOLE_LAND_SINGLE_AUTHORISED_COMPONENT
h6000_q-000314_r+000951,17.998178036928177,0.0,17.998178036928177,0.0,0.0,CONTROLLED,sardinia,WHOLE_LAND_SINGLE_AUTHORISED_COMPONENT
h6000_q-000314_r+000952,17.979276339551927,0.0,17.979276339551927,0.0,0.0,CONTROLLED,sardinia,WHOLE_LAND_SINGLE_AUTHORISED_COMPONENT
h6000_q-000314_r+000953,17.960380680641173,0.0,17.960380680641173,0.0,0.0,CONTROLLED,sardinia,WHOLE_LAND_SINGLE_AUTHORISED_COMPONENT
h6000_q-000314_r+000954,17.941491097221373,0.0,17.941491097221373,0.0,0.0,CONTROLLED,sardinia,WHOLE_LAND_SINGLE_AUTHORISED_COMPONENT
h6000_q-000314_r+000955,17.92260762624359,0.0,17.92260762624359,0.0,0.0,CONTROLLED,sardinia,WHOLE_LAND_SINGLE_AUTHORISED_COMPONENT
h6000_q-000314_r+000956,17.90373030436516,0.0,17.90373030436516,0.0,0.0,CONTROLLED,sardinia,WHOLE_LAND_SINGLE_AUTHORISED_COMPONENT
h6000_q-000314_r+000957,17.884859168289186,0.0,17.884859168289186,0.0,0.0,CONTROLLED,sardinia,WHOLE_LAND_SINGLE_AUTHORISED_COMPONENT
h6000_q-000314_r+000958,17.86599425462723,0.0,17.86599425462723,0.0,0.0,CONTROLLED,sardinia,WHOLE_LAND_SINGLE_AUTHORISED_COMPONENT
h6000_q-000314_r+000959,17.847135599811555,0.0,17.847135599811555,0.0,0.0,CONTROLLED,sardinia,WHOLE_LAND_SINGLE_AUTHORISED_COMPONENT
h6000_q-000314_r+000960,17.828283240203856,0.0,17.828283240203856,0.0,0.0,CONTROLLED,sardinia,WHOLE_LAND_SINGLE_AUTHORISED_COMPONENT
h6000_q-000314_r+000961,17.80943721204376,0.0,17.80943721204376,0.0,0.0,CONTROLLED,sardinia,WHOLE_LAND_SINGLE_AUTHORISED_COMPONENT
h6000_q-000314_r+000962,17.79059755159378,0.0,17.79059755159378,0.0,0.0,CONTROLLED,sardinia,WHOLE_LAND_SINGLE_AUTHORISED_COMPONENT
h6000_q-000314_r+000963,17.771764294746397,0.0,17.771764294746397,0.0,0.0,CONTROLLED,sardinia,WHOLE_LAND_SINGLE_AUTHORISED_COMPONENT
h6000_q-000314_r+000964,18.094572958797457,0.0,18.094572958797457,0.0,0.0,CONTROLLED,sardinia,WHOLE_LAND_SINGLE_AUTHORISED_COMPONENT
h6000_q-000314_r+000965,17.73411713601303,0.0,17.73411713601303,0.0,0.0,CONTROLLED,sardinia,WHOLE_LAND_SINGLE_AUTHORISED_COMPONENT
h6000_q-000314_r+000966,17.71530330566025,0.0,17.71530330566025,0.0,0.0,CONTROLLED,sardinia,WHOLE_LAND_SINGLE_AUTHORISED_COMPONENT
h6000_q-000314_r+000967,17.696496022172926,0.0,17.696496022172926,0.0,0.0,CONTROLLED,sardinia,WHOLE_LAND_SINGLE_AUTHORISED_COMPONENT
h6000_q-000314_r+000968,17.677695321210862,0.0,17.677695321210862,0.0,0.0,CONTROLLED,sardinia,WHOLE_LAND_SINGLE_AUTHORISED_COMPONENT
h6000_q-000314_r+000969,17.655548820603002,0.0,17.655548820603002,0.0,0.0,CONTROLLED,sardinia,WHOLE_LAND_SINGLE_AUTHORISED_COMPONENT
h6000_q-000314_r+000970,17.64011380832672,0.0,17.64011380832672,0.0,0.0,CONTROLLED,sardinia,WHOLE_LAND_SINGLE_AUTHORISED_COMPONENT
h6000_q-000314_r+000971,17.333870593329387,0.0,17.333870593329387,0.0,0.0,CONTROLLED,sardinia,WHOLE_LAND_SINGLE_AUTHORISED_COMPONENT
h6000_q-000315_r+000945,16.837952897682058,0.0,16.837952897682058,0.0,0.0,CONTROLLED,sardinia,WHOLE_LAND_SINGLE_AUTHORISED_COMPONENT
h6000_q-000315_r+000946,18.09277580050659,0.0,18.09277580050659,0.0,0.0,CONTROLLED,sardinia,WHOLE_LAND_SINGLE_AUTHORISED_COMPONENT
h6000_q-000315_r+000947,18.073844468688964,0.0,18.073844468688964,0.0,0.0,CONTROLLED,sardinia,WHOLE_LAND_SINGLE_AUTHORISED_COMPONENT
h6000_q-000315_r+000948,18.054918988990785,0.0,18.054918988990785,0.0,0.0,CONTROLLED,sardinia,WHOLE_LAND_SINGLE_AUTHORISED_COMPONENT
h6000_q-000315_r+000949,18.035999398921966,0.0,18.035999398921966,0.0,0.0,CONTROLLED,sardinia,WHOLE_LAND_SINGLE_AUTHORISED_COMPONENT
h6000_q-000315_r+000950,18.017085735818863,0.0,18.017085735818863,0.0,0.0,CONTROLLED,sardinia,WHOLE_LAND_SINGLE_AUTHORISED_COMPONENT
h6000_q-000315_r+000951,17.998178036914826,0.0,17.998178036914826,0.0,0.0,CONTROLLED,sardinia,WHOLE_LAND_SINGLE_AUTHORISED_COMPONENT
h6000_q-000315_r+000952,17.979276339557646,0.0,17.979276339557646,0.0,0.0,CONTROLLED,sardinia,WHOLE_LAND_SINGLE_AUTHORISED_COMPONENT
h6000_q-000315_r+000953,17.96038068063927,0.0,17.96038068063927,0.0,0.0,CONTROLLED,sardinia,WHOLE_LAND_SINGLE_AUTHORISED_COMPONENT
h6000_q-000315_r+000954,17.94149109723282,0.0,17.94149109723282,0.0,0.0,CONTROLLED,sardinia,WHOLE_LAND_SINGLE_AUTHORISED_COMPONENT
h6000_q-000315_r+000955,17.92260762624359,0.0,17.92260762624359,0.0,0.0,CONTROLLED,sardinia,WHOLE_LAND_SINGLE_AUTHORISED_COMPONENT
h6000_q-000315_r+000956,17.903730304367066,0.0,17.903730304367066,0.0,0.0,CONTROLLED,sardinia,WHOLE_LAND_SINGLE_AUTHORISED_COMPONENT
h6000_q-000315_r+000957,17.88485916827774,0.0,17.88485916827774,0.0,0.0,CONTROLLED,sardinia,WHOLE_LAND_SINGLE_AUTHORISED_COMPONENT
h6000_q-000315_r+000958,17.865994254621505,0.0,17.865994254621505,0.0,0.0,CONTROLLED,sardinia,WHOLE_LAND_SINGLE_AUTHORISED_COMPONENT
h6000_q-000315_r+000959,17.84713559980011,0.0,17.84713559980011,0.0,0.0,CONTROLLED,sardinia,WHOLE_LAND_SINGLE_AUTHORISED_COMPONENT
h6000_q-000315_r+000960,17.828283240203856,0.0,17.828283240203856,0.0,0.0,CONTROLLED,sardinia,WHOLE_LAND_SINGLE_AUTHORISED_COMPONENT
h6000_q-000315_r+000961,17.80943721204376,0.0,17.80943721204376,0.0,0.0,CONTROLLED,sardinia,WHOLE_LAND_SINGLE_AUTHORISED_COMPONENT
h6000_q-000315_r+000962,17.79059755159378,0.0,17.79059755159378,0.0,0.0,CONTROLLED,sardinia,WHOLE_LAND_SINGLE_AUTHORISED_COMPONENT
h6000_q-000315_r+000963,17.771764294746397,0.0,17.771764294746397,0.0,0.0,CONTROLLED,sardinia,WHOLE_LAND_SINGLE_AUTHORISED_COMPONENT
h6000_q-000315_r+000964,18.0945729608531,0.0,18.0945729608531,0.0,0.0,CONTROLLED,sardinia,WHOLE_LAND_SINGLE_AUTHORISED_COMPONENT
h6000_q-000315_r+000965,17.73411713601303,0.0,17.73411713601303,0.0,0.0,CONTROLLED,sardinia,WHOLE_LAND_SINGLE_AUTHORISED_COMPONENT
h6000_q-000315_r+000966,17.71530330566025,0.0,17.71530330566025,0.0,0.0,CONTROLLED,sardinia,WHOLE_LAND_SINGLE_AUTHORISED_COMPONENT
h6000_q-000315_r+000967,17.696496022171022,0.0,17.696496022171022,0.0,0.0,CONTROLLED,sardinia,WHOLE_LAND_SINGLE_AUTHORISED_COMPONENT
h6000_q-000315_r+000968,16.174180932363512,0.0,16.174180932363512,0.0,0.0,CONTROLLED,sardinia,WHOLE_LAND_SINGLE_AUTHORISED_COMPONENT
h6000_q-000315_r+000970,9.114448818563462,0.0,9.101814789189513,0.012634029373948578,0.001386153965582292,CONTROLLED,sardinia,WHOLE_LAND_SINGLE_AUTHORISED_COMPONENT
h6000_q-000315_r+000971,16.834239012409675,0.0,16.834239012409675,0.0,0.0,CONTROLLED,sardinia,WHOLE_LAND_SINGLE_AUTHORISED_COMPONENT
h6000_q-000316_r+000946,18.257003630840714,0.0,18.257003630840714,0.0,0.0,CONTROLLED,sardinia,WHOLE_LAND_SINGLE_AUTHORISED_COMPONENT
h6000_q-000316_r+000947,18.073844468688964,0.0,18.073844468688964,0.0,0.0,CONTROLLED,sardinia,WHOLE_LAND_SINGLE_AUTHORISED_COMPONENT
h6000_q-000316_r+000948,18.054918988994597,0.0,18.054918988994597,0.0,0.0,CONTROLLED,sardinia,WHOLE_LAND_SINGLE_AUTHORISED_COMPONENT
h6000_q-000316_r+000949,18.035999398929597,0.0,18.035999398929597,0.0,0.0,CONTROLLED,sardinia,WHOLE_LAND_SINGLE_AUTHORISED_COMPONENT
h6000_q-000316_r+000950,18.017085735824583,0.0,18.017085735824583,0.0,0.0,CONTROLLED,sardinia,WHOLE_LAND_SINGLE_AUTHORISED_COMPONENT
h6000_q-000316_r+000951,17.998178036928177,0.0,17.998178036928177,0.0,0.0,CONTROLLED,sardinia,WHOLE_LAND_SINGLE_AUTHORISED_COMPONENT
h6000_q-000316_r+000952,17.979276339559554,0.0,17.979276339559554,0.0,0.0,CONTROLLED,sardinia,WHOLE_LAND_SINGLE_AUTHORISED_COMPONENT
h6000_q-000316_r+000953,17.96038068065262,0.0,17.96038068065262,0.0,0.0,CONTROLLED,sardinia,WHOLE_LAND_SINGLE_AUTHORISED_COMPONENT
h6000_q-000316_r+000954,17.941491097221373,0.0,17.941491097221373,0.0,0.0,CONTROLLED,sardinia,WHOLE_LAND_SINGLE_AUTHORISED_COMPONENT
h6000_q-000316_r+000955,17.922607626235962,0.0,17.922607626235962,0.0,0.0,CONTROLLED,sardinia,WHOLE_LAND_SINGLE_AUTHORISED_COMPONENT
h6000_q-000316_r+000956,17.90373030436516,0.0,17.90373030436516,0.0,0.0,CONTROLLED,sardinia,WHOLE_LAND_SINGLE_AUTHORISED_COMPONENT
h6000_q-000316_r+000957,17.88485916827774,0.0,17.88485916827774,0.0,0.0,CONTROLLED,sardinia,WHOLE_LAND_SINGLE_AUTHORISED_COMPONENT
h6000_q-000316_r+000958,17.86599425462723,0.0,17.86599425462723,0.0,0.0,CONTROLLED,sardinia,WHOLE_LAND_SINGLE_AUTHORISED_COMPONENT
h6000_q-000316_r+000959,17.847135599811555,0.0,17.847135599811555,0.0,0.0,CONTROLLED,sardinia,WHOLE_LAND_SINGLE_AUTHORISED_COMPONENT
h6000_q-000316_r+000960,17.828283240200044,0.0,17.828283240200044,0.0,0.0,CONTROLLED,sardinia,WHOLE_LAND_SINGLE_AUTHORISED_COMPONENT
h6000_q-000316_r+000961,17.809437212057112,0.0,17.809437212057112,0.0,0.0,CONTROLLED,sardinia,WHOLE_LAND_SINGLE_AUTHORISED_COMPONENT
h6000_q-000316_r+000962,17.79059755159378,0.0,17.79059755159378,0.0,0.0,CONTROLLED,sardinia,WHOLE_LAND_SINGLE_AUTHORISED_COMPONENT
h6000_q-000316_r+000963,17.771764294746397,0.0,17.771764294746397,0.0,0.0,CONTROLLED,sardinia,WHOLE_LAND_SINGLE_AUTHORISED_COMPONENT
h6000_q-000316_r+000964,18.094572958797457,0.0,18.094572958797457,0.0,0.0,CONTROLLED,sardinia,WHOLE_LAND_SINGLE_AUTHORISED_COMPONENT
h6000_q-000316_r+000965,17.73411713601303,0.0,17.73411713601303,0.0,0.0,CONTROLLED,sardinia,WHOLE_LAND_SINGLE_AUTHORISED_COMPONENT
h6000_q-000316_r+000966,17.71530330566025,0.0,17.71530330566025,0.0,0.0,CONTROLLED,sardinia,WHOLE_LAND_SINGLE_AUTHORISED_COMPONENT
h6000_q-000316_r+000967,17.696496022171022,0.0,17.696496022171022,0.0,0.0,CONTROLLED,sardinia,WHOLE_LAND_SINGLE_AUTHORISED_COMPONENT
h6000_q-000316_r+000968,15.129824949605563,0.0,15.128747843729222,0.0010771058763414621,7.11909014102336e-05,CONTROLLED,sardinia,WHOLE_LAND_SINGLE_AUTHORISED_COMPONENT
h6000_q-000317_r+000946,10.653711141919196,0.0,10.641975175017674,0.01173596690152309,0.0011015848604478808,CONTROLLED,sardinia,WHOLE_LAND_SINGLE_AUTHORISED_COMPONENT
h6000_q-000317_r+000947,18.458201293421027,0.0,18.458201293421027,0.0,0.0,CONTROLLED,sardinia,WHOLE_LAND_SINGLE_AUTHORISED_COMPONENT
h6000_q-000317_r+000948,18.272795291665556,0.0,18.272795291665556,0.0,0.0,CONTROLLED,sardinia,WHOLE_LAND_SINGLE_AUTHORISED_COMPONENT
h6000_q-000317_r+000949,18.035999398929597,0.0,18.035999398929597,0.0,0.0,CONTROLLED,sardinia,WHOLE_LAND_SINGLE_AUTHORISED_COMPONENT
h6000_q-000317_r+000950,18.017085735809328,0.0,18.017085735809328,0.0,0.0,CONTROLLED,sardinia,WHOLE_LAND_SINGLE_AUTHORISED_COMPONENT
h6000_q-000317_r+000951,17.9981780369339,0.0,17.9981780369339,0.0,0.0,CONTROLLED,sardinia,WHOLE_LAND_SINGLE_AUTHORISED_COMPONENT
h6000_q-000317_r+000952,17.979276339551927,0.0,17.979276339551927,0.0,0.0,CONTROLLED,sardinia,WHOLE_LAND_SINGLE_AUTHORISED_COMPONENT
h6000_q-000317_r+000953,17.96038068063927,0.0,17.96038068063927,0.0,0.0,CONTROLLED,sardinia,WHOLE_LAND_SINGLE_AUTHORISED_COMPONENT
h6000_q-000317_r+000954,17.941491097219465,0.0,17.941491097219465,0.0,0.0,CONTROLLED,sardinia,WHOLE_LAND_SINGLE_AUTHORISED_COMPONENT
h6000_q-000317_r+000955,17.922607626234054,0.0,17.922607626234054,0.0,0.0,CONTROLLED,sardinia,WHOLE_LAND_SINGLE_AUTHORISED_COMPONENT
h6000_q-000317_r+000956,17.903730304367066,0.0,17.903730304367066,0.0,0.0,CONTROLLED,sardinia,WHOLE_LAND_SINGLE_AUTHORISED_COMPONENT
h6000_q-000317_r+000957,17.884859168289186,0.0,17.884859168289186,0.0,0.0,CONTROLLED,sardinia,WHOLE_LAND_SINGLE_AUTHORISED_COMPONENT
h6000_q-000317_r+000958,17.865994254621505,0.0,17.865994254621505,0.0,0.0,CONTROLLED,sardinia,WHOLE_LAND_SINGLE_AUTHORISED_COMPONENT
h6000_q-000317_r+000959,17.847135599811555,0.0,17.847135599811555,0.0,0.0,CONTROLLED,sardinia,WHOLE_LAND_SINGLE_AUTHORISED_COMPONENT
h6000_q-000317_r+000960,17.828283240203856,0.0,17.828283240203856,0.0,0.0,CONTROLLED,sardinia,WHOLE_LAND_SINGLE_AUTHORISED_COMPONENT
h6000_q-000317_r+000961,17.80943721204376,0.0,17.80943721204376,0.0,0.0,CONTROLLED,sardinia,WHOLE_LAND_SINGLE_AUTHORISED_COMPONENT
h6000_q-000317_r+000962,17.790597551584245,0.0,17.790597551584245,0.0,0.0,CONTROLLED,sardinia,WHOLE_LAND_SINGLE_AUTHORISED_COMPONENT
h6000_q-000317_r+000963,17.77176429475403,0.0,17.77176429475403,0.0,0.0,CONTROLLED,sardinia,WHOLE_LAND_SINGLE_AUTHORISED_COMPONENT
h6000_q-000317_r+000964,18.065694214067953,0.0,18.065694214067953,0.0,0.0,CONTROLLED,sardinia,WHOLE_LAND_SINGLE_AUTHORISED_COMPONENT
h6000_q-000317_r+000965,17.66037988883393,0.0,17.66037988883393,0.0,0.0,CONTROLLED,sardinia,WHOLE_LAND_SINGLE_AUTHORISED_COMPONENT
h6000_q-000317_r+000966,12.317827818632178,0.0,12.31295022463062,0.004877594001558842,0.00039597842033324267,CONTROLLED,sardinia,WHOLE_LAND_SINGLE_AUTHORISED_COMPONENT
h6000_q-000318_r+000948,12.762119869086217,0.0,12.762119869086217,0.0,0.0,CONTROLLED,sardinia,WHOLE_LAND_SINGLE_AUTHORISED_COMPONENT
h6000_q-000318_r+000949,18.419551413882733,0.0,18.419551413882733,0.0,0.0,CONTROLLED,sardinia,WHOLE_LAND_SINGLE_AUTHORISED_COMPONENT
h6000_q-000318_r+000950,18.23450548884487,0.0,18.23450548884487,0.0,0.0,CONTROLLED,sardinia,WHOLE_LAND_SINGLE_AUTHORISED_COMPONENT
h6000_q-000318_r+000951,17.9981780369339,0.0,17.9981780369339,0.0,0.0,CONTROLLED,sardinia,WHOLE_LAND_SINGLE_AUTHORISED_COMPONENT
h6000_q-000318_r+000952,17.979276339557646,0.0,17.979276339557646,0.0,0.0,CONTROLLED,sardinia,WHOLE_LAND_SINGLE_AUTHORISED_COMPONENT
h6000_q-000318_r+000953,17.960380680641173,0.0,17.960380680641173,0.0,0.0,CONTROLLED,sardinia,WHOLE_LAND_SINGLE_AUTHORISED_COMPONENT
h6000_q-000318_r+000954,17.94149109723282,0.0,17.94149109723282,0.0,0.0,CONTROLLED,sardinia,WHOLE_LAND_SINGLE_AUTHORISED_COMPONENT
h6000_q-000318_r+000955,17.922607626235962,0.0,17.922607626235962,0.0,0.0,CONTROLLED,sardinia,WHOLE_LAND_SINGLE_AUTHORISED_COMPONENT
h6000_q-000318_r+000956,17.903730304380417,0.0,17.903730304380417,0.0,0.0,CONTROLLED,sardinia,WHOLE_LAND_SINGLE_AUTHORISED_COMPONENT
h6000_q-000318_r+000957,17.88485916827011,0.0,17.88485916827011,0.0,0.0,CONTROLLED,sardinia,WHOLE_LAND_SINGLE_AUTHORISED_COMPONENT
h6000_q-000318_r+000958,17.86599425462723,0.0,17.86599425462723,0.0,0.0,CONTROLLED,sardinia,WHOLE_LAND_SINGLE_AUTHORISED_COMPONENT
h6000_q-000318_r+000959,17.84713559980011,0.0,17.84713559980011,0.0,0.0,CONTROLLED,sardinia,WHOLE_LAND_SINGLE_AUTHORISED_COMPONENT
h6000_q-000318_r+000960,17.828283240200044,0.0,17.828283240200044,0.0,0.0,CONTROLLED,sardinia,WHOLE_LAND_SINGLE_AUTHORISED_COMPONENT
h6000_q-000318_r+000961,17.80943721204376,0.0,17.80943721204376,0.0,0.0,CONTROLLED,sardinia,WHOLE_LAND_SINGLE_AUTHORISED_COMPONENT
h6000_q-000318_r+000962,15.265597200165978,0.0,15.265597200165978,0.0,0.0,CONTROLLED,sardinia,WHOLE_LAND_SINGLE_AUTHORISED_COMPONENT
h6000_q-000319_r+000950,18.017085735824583,0.0,18.017085735824583,0.0,0.0,CONTROLLED,sardinia,WHOLE_LAND_SINGLE_AUTHORISED_COMPONENT
h6000_q-000319_r+000951,18.380925746287822,0.0,18.380925746287822,0.0,0.0,CONTROLLED,sardinia,WHOLE_LAND_SINGLE_AUTHORISED_COMPONENT
h6000_q-000319_r+000952,18.196239830842735,0.0,18.196239830842735,0.0,0.0,CONTROLLED,sardinia,WHOLE_LAND_SINGLE_AUTHORISED_COMPONENT
h6000_q-000319_r+000953,17.960380680641173,0.0,17.960380680641173,0.0,0.0,CONTROLLED,sardinia,WHOLE_LAND_SINGLE_AUTHORISED_COMPONENT
h6000_q-000319_r+000954,17.941491097221373,0.0,17.941491097221373,0.0,0.0,CONTROLLED,sardinia,WHOLE_LAND_SINGLE_AUTHORISED_COMPONENT
h6000_q-000319_r+000955,17.92260762624359,0.0,17.92260762624359,0.0,0.0,CONTROLLED,sardinia,WHOLE_LAND_SINGLE_AUTHORISED_COMPONENT
h6000_q-000319_r+000956,17.90373030436516,0.0,17.90373030436516,0.0,0.0,CONTROLLED,sardinia,WHOLE_LAND_SINGLE_AUTHORISED_COMPONENT
h6000_q-000319_r+000957,17.884859168289186,0.0,17.884859168289186,0.0,0.0,CONTROLLED,sardinia,WHOLE_LAND_SINGLE_AUTHORISED_COMPONENT
h6000_q-000319_r+000958,17.86599425462532,0.0,17.86599425462532,0.0,0.0,CONTROLLED,sardinia,WHOLE_LAND_SINGLE_AUTHORISED_COMPONENT
h6000_q-000319_r+000959,17.847135599819183,0.0,17.847135599819183,0.0,0.0,CONTROLLED,sardinia,WHOLE_LAND_SINGLE_AUTHORISED_COMPONENT
h6000_q-000319_r+000960,17.828283240203856,0.0,17.828283240203856,0.0,0.0,CONTROLLED,sardinia,WHOLE_LAND_SINGLE_AUTHORISED_COMPONENT
h6000_q-000319_r+000961,17.809437212057112,0.0,17.809437212057112,0.0,0.0,CONTROLLED,sardinia,WHOLE_LAND_SINGLE_AUTHORISED_COMPONENT
h6000_q-000319_r+000962,13.218146070024632,0.0,13.216701299491158,0.001444770533474395,0.00010930205535788141,CONTROLLED,sardinia,WHOLE_LAND_SINGLE_AUTHORISED_COMPONENT
h6000_q-000320_r+000951,17.9981780369339,0.0,17.9981780369339,0.0,0.0,CONTROLLED,sardinia,WHOLE_LAND_SINGLE_AUTHORISED_COMPONENT
h6000_q-000320_r+000952,17.979276339551927,0.0,17.979276339551927,0.0,0.0,CONTROLLED,sardinia,WHOLE_LAND_SINGLE_AUTHORISED_COMPONENT
h6000_q-000320_r+000953,18.342324594914913,0.0,18.342324594914913,0.0,0.0,CONTROLLED,sardinia,WHOLE_LAND_SINGLE_AUTHORISED_COMPONENT
h6000_q-000320_r+000954,18.15799861826825,0.0,18.15799861826825,0.0,0.0,CONTROLLED,sardinia,WHOLE_LAND_SINGLE_AUTHORISED_COMPONENT
h6000_q-000320_r+000955,17.92260762624359,0.0,17.92260762624359,0.0,0.0,CONTROLLED,sardinia,WHOLE_LAND_SINGLE_AUTHORISED_COMPONENT
h6000_q-000320_r+000956,17.903730304367066,0.0,17.903730304367066,0.0,0.0,CONTROLLED,sardinia,WHOLE_LAND_SINGLE_AUTHORISED_COMPONENT
h6000_q-000320_r+000957,17.88485916827774,0.0,17.88485916827774,0.0,0.0,CONTROLLED,sardinia,WHOLE_LAND_SINGLE_AUTHORISED_COMPONENT
h6000_q-000320_r+000958,17.865994254621505,0.0,17.865994254621505,0.0,0.0,CONTROLLED,sardinia,WHOLE_LAND_SINGLE_AUTHORISED_COMPONENT
h6000_q-000320_r+000959,17.84713559980011,0.0,17.84713559980011,0.0,0.0,CONTROLLED,sardinia,WHOLE_LAND_SINGLE_AUTHORISED_COMPONENT
h6000_q-000320_r+000960,17.491588208898094,0.0,17.491588208898094,0.0,0.0,CONTROLLED,sardinia,WHOLE_LAND_SINGLE_AUTHORISED_COMPONENT
h6000_q-000320_r+000961,15.652671525387687,0.0,15.652671525387687,0.0,0.0,CONTROLLED,sardinia,WHOLE_LAND_SINGLE_AUTHORISED_COMPONENT
h6000_q-000321_r+000952,17.979276339557646,0.0,17.979276339557646,0.0,0.0,CONTROLLED,sardinia,WHOLE_LAND_SINGLE_AUTHORISED_COMPONENT
h6000_q-000321_r+000953,17.960380680641173,0.0,17.960380680641173,0.0,0.0,CONTROLLED,sardinia,WHOLE_LAND_SINGLE_AUTHORISED_COMPONENT
h6000_q-000321_r+000954,17.94149109723282,0.0,17.94149109723282,0.0,0.0,CONTROLLED,sardinia,WHOLE_LAND_SINGLE_AUTHORISED_COMPONENT
h6000_q-000321_r+000955,18.303748262201545,0.0,18.303748262201545,0.0,0.0,CONTROLLED,sardinia,WHOLE_LAND_SINGLE_AUTHORISED_COMPONENT
h6000_q-000321_r+000956,18.119782150131226,0.0,18.119782150131226,0.0,0.0,CONTROLLED,sardinia,WHOLE_LAND_SINGLE_AUTHORISED_COMPONENT
h6000_q-000321_r+000957,17.88485916827774,0.0,17.88485916827774,0.0,0.0,CONTROLLED,sardinia,WHOLE_LAND_SINGLE_AUTHORISED_COMPONENT
h6000_q-000321_r+000958,17.86599425462723,0.0,17.86599425462723,0.0,0.0,CONTROLLED,sardinia,WHOLE_LAND_SINGLE_AUTHORISED_COMPONENT
h6000_q-000321_r+000959,17.847135599811555,0.0,17.847135599811555,0.0,0.0,CONTROLLED,sardinia,WHOLE_LAND_SINGLE_AUTHORISED_COMPONENT
h6000_q-000322_r+000953,16.624303701052906,0.0,16.624303701052906,0.0,0.0,CONTROLLED,sardinia,WHOLE_LAND_SINGLE_AUTHORISED_COMPONENT
h6000_q-000322_r+000954,17.941491097221373,0.0,17.941491097221373,0.0,0.0,CONTROLLED,sardinia,WHOLE_LAND_SINGLE_AUTHORISED_COMPONENT
h6000_q-000322_r+000955,17.92260762624359,0.0,17.92260762624359,0.0,0.0,CONTROLLED,sardinia,WHOLE_LAND_SINGLE_AUTHORISED_COMPONENT
h6000_q-000322_r+000956,17.90373030436516,0.0,17.90373030436516,0.0,0.0,CONTROLLED,sardinia,WHOLE_LAND_SINGLE_AUTHORISED_COMPONENT
h6000_q-000322_r+000957,18.265197049060582,0.0,18.265197049060582,0.0,0.0,CONTROLLED,sardinia,WHOLE_LAND_SINGLE_AUTHORISED_COMPONENT
h6000_q-000322_r+000958,18.081590723730326,0.0,18.081590723730326,0.0,0.0,CONTROLLED,sardinia,WHOLE_LAND_SINGLE_AUTHORISED_COMPONENT
h6000_q-000322_r+000959,17.28893979531756,0.0,17.28893979531756,0.0,0.0,CONTROLLED,sardinia,WHOLE_LAND_SINGLE_AUTHORISED_COMPONENT
h6000_q-000323_r+000953,9.250345910266308,0.0,9.249043672781825,0.0013022374844834559,0.00014077716629366197,CONTROLLED,sardinia,WHOLE_LAND_SINGLE_AUTHORISED_COMPONENT
h6000_q-000323_r+000954,17.94149109723282,0.0,17.94149109723282,0.0,0.0,CONTROLLED,sardinia,WHOLE_LAND_SINGLE_AUTHORISED_COMPONENT
h6000_q-000323_r+000955,17.92260762624359,0.0,17.92260762624359,0.0,0.0,CONTROLLED,sardinia,WHOLE_LAND_SINGLE_AUTHORISED_COMPONENT
h6000_q-000323_r+000956,17.903730304367066,0.0,17.903730304367066,0.0,0.0,CONTROLLED,sardinia,WHOLE_LAND_SINGLE_AUTHORISED_COMPONENT
h6000_q-000323_r+000957,17.88485916827774,0.0,17.88485916827774,0.0,0.0,CONTROLLED,sardinia,WHOLE_LAND_SINGLE_AUTHORISED_COMPONENT
h6000_q-000323_r+000958,17.865994254621505,0.0,17.865994254621505,0.0,0.0,CONTROLLED,sardinia,WHOLE_LAND_SINGLE_AUTHORISED_COMPONENT
h6000_q-000323_r+000959,18.22667125465894,0.0,18.22667125465894,0.0,0.0,CONTROLLED,sardinia,WHOLE_LAND_SINGLE_AUTHORISED_COMPONENT
h6000_q-000324_r+000953,12.553653977014745,0.0,12.553653977014745,0.0,0.0,CONTROLLED,sardinia,WHOLE_LAND_SINGLE_AUTHORISED_COMPONENT
h6000_q-000324_r+000954,17.941491097219465,0.0,17.941491097219465,0.0,0.0,CONTROLLED,sardinia,WHOLE_LAND_SINGLE_AUTHORISED_COMPONENT
h6000_q-000324_r+000955,17.922607626226426,0.0,17.922607626226426,0.0,0.0,CONTROLLED,sardinia,WHOLE_LAND_SINGLE_AUTHORISED_COMPONENT
h6000_q-000324_r+000956,17.90373030436516,0.0,17.90373030436516,0.0,0.0,CONTROLLED,sardinia,WHOLE_LAND_SINGLE_AUTHORISED_COMPONENT
h6000_q-000324_r+000957,17.88485916827774,0.0,17.88485916827774,0.0,0.0,CONTROLLED,sardinia,WHOLE_LAND_SINGLE_AUTHORISED_COMPONENT
h6000_q-000324_r+000958,17.86599425462723,0.0,17.86599425462723,0.0,0.0,CONTROLLED,sardinia,WHOLE_LAND_SINGLE_AUTHORISED_COMPONENT
h6000_q-000324_r+000959,17.847135599811555,0.0,17.847135599811555,0.0,0.0,CONTROLLED,sardinia,WHOLE_LAND_SINGLE_AUTHORISED_COMPONENT
h6000_q-000324_r+000960,9.319996284708214,0.0,9.319996284708214,0.0,0.0,CONTROLLED,sardinia,WHOLE_LAND_SINGLE_AUTHORISED_COMPONENT
h6000_q-000325_r+000954,14.151934592214971,0.0,14.150786516127488,0.001148076087483205,8.112502781879487e-05,CONTROLLED,sardinia,WHOLE_LAND_SINGLE_AUTHORISED_COMPONENT
h6000_q-000325_r+000955,17.65631744498869,0.0,17.65631744498869,0.0,0.0,CONTROLLED,sardinia,WHOLE_LAND_SINGLE_AUTHORISED_COMPONENT
h6000_q-000325_r+000956,17.903730304380417,0.0,17.903730304380417,0.0,0.0,CONTROLLED,sardinia,WHOLE_LAND_SINGLE_AUTHORISED_COMPONENT
h6000_q-000325_r+000957,17.884859168281555,0.0,17.884859168281555,0.0,0.0,CONTROLLED,sardinia,WHOLE_LAND_SINGLE_AUTHORISED_COMPONENT
h6000_q-000325_r+000958,17.865994254621505,0.0,17.865994254621505,0.0,0.0,CONTROLLED,sardinia,WHOLE_LAND_SINGLE_AUTHORISED_COMPONENT
h6000_q-000325_r+000959,17.847135599811555,0.0,17.847135599811555,0.0,0.0,CONTROLLED,sardinia,WHOLE_LAND_SINGLE_AUTHORISED_COMPONENT
h6000_q-000325_r+000960,10.826678288467413,0.0,10.826678288467413,0.0,0.0,CONTROLLED,sardinia,WHOLE_LAND_SINGLE_AUTHORISED_COMPONENT
h6000_q-000326_r+000956,11.45980685338066,0.0,11.45980685338066,0.0,0.0,CONTROLLED,sardinia,WHOLE_LAND_SINGLE_AUTHORISED_COMPONENT
h6000_q-000326_r+000957,17.88485916827774,0.0,17.88485916827774,0.0,0.0,CONTROLLED,sardinia,WHOLE_LAND_SINGLE_AUTHORISED_COMPONENT
h6000_q-000326_r+000958,17.86599425462532,0.0,17.86599425462532,0.0,0.0,CONTROLLED,sardinia,WHOLE_LAND_SINGLE_AUTHORISED_COMPONENT
h6000_q-000326_r+000959,17.84713559980774,0.0,17.84713559980774,0.0,0.0,CONTROLLED,sardinia,WHOLE_LAND_SINGLE_AUTHORISED_COMPONENT
h6000_q-000326_r+000960,15.404352063717075,0.0,15.404352063717075,0.0,0.0,CONTROLLED,sardinia,WHOLE_LAND_SINGLE_AUTHORISED_COMPONENT
h6000_q-000327_r+000957,15.675142005877431,0.0,15.675142005877431,0.0,0.0,CONTROLLED,sardinia,WHOLE_LAND_SINGLE_AUTHORISED_COMPONENT
h6000_q-000327_r+000958,17.79465718037305,0.0,17.79465718037305,0.0,0.0,CONTROLLED,sardinia,WHOLE_LAND_SINGLE_AUTHORISED_COMPONENT
h6000_q-000327_r+000959,17.847135599811555,0.0,17.847135599811555,0.0,0.0,CONTROLLED,sardinia,WHOLE_LAND_SINGLE_AUTHORISED_COMPONENT
h6000_q-000327_r+000960,17.828283240200044,0.0,17.828283240200044,0.0,0.0,CONTROLLED,sardinia,WHOLE_LAND_SINGLE_AUTHORISED_COMPONENT
h6000_q-000328_r+000961,10.124672905582274,0.0,10.082129241394785,0.04254366418748943,0.004201979124089315,CONTROLLED,sardinia,WHOLE_LAND_SINGLE_AUTHORISED_COMPONENT
h6000_q-000329_r+000963,12.372663699523528,0.0,12.371997288697722,0.0006664108258057386,5.386154849027393e-05,CONTROLLED,sardinia,WHOLE_LAND_SINGLE_AUTHORISED_COMPONENT
