land_fragment_id,parent_hex_id,land_subject_or_component_id,canonical_water_type,is_terrestrial_hex,land_area_km2,land_fraction_of_hex,geometry_sha256,geometry_source,identity_algorithm_version
lfr_aea58c7d412191,h6000_q-000716_r+001239,hsub_great_britain_main_island,OCEAN,False,2.102842758,0.163605,7f2906526b6668b00f72ee4460c9537141a48b034683909168ebce19037fcd4d,"canonical hex polygon INTERSECT canonical OSM land component, unioned inside the hex (overlap-safe)",v1_sha1_hexid_pipe_subjectid
lfr_6d1279f7956528,h6000_q-000718_r+001240,hsub_great_britain_main_island,OCEAN,False,8.6074e-05,7.5e-05,064c02f70a7881b4b7482968721116d0f153a89de45ba9d13faf2a7d5f4e8841,"canonical hex polygon INTERSECT canonical OSM land component, unioned inside the hex (overlap-safe)",v1_sha1_hexid_pipe_subjectid
lfr_2ec4bda62d2f64,h6000_q-000716_r+001240,hsub_great_britain_main_island,OCEAN,False,4.928353059,0.382062,d6b1ae696ea071b139349fec27a4ffd4d4b3c49bdbca6eb9538edc338dcca7e9,"canonical hex polygon INTERSECT canonical OSM land component, unioned inside the hex (overlap-safe)",v1_sha1_hexid_pipe_subjectid
lfr_d60f9cb5a635d1,h6000_q-000715_r+001241,hsub_great_britain_main_island,OCEAN,False,4.329073616,0.336065,a6c5eb6a11286114f256e7220f3e8368a259a22560ecd983977c63515a706ccc,"canonical hex polygon INTERSECT canonical OSM land component, unioned inside the hex (overlap-safe)",v1_sha1_hexid_pipe_subjectid
lfr_582523c54ed5d9,h6000_q-000727_r+001242,hsub_great_britain_main_island,OCEAN,False,0.746505464,0.058286,0be3a49e66cf50fa8b6f65dfa44dde5a7b5f605923449929fba5fc8637e9efc2,"canonical hex polygon INTERSECT canonical OSM land component, unioned inside the hex (overlap-safe)",v1_sha1_hexid_pipe_subjectid
lfr_06e3e894be6710,h6000_q-000725_r+001242,hsub_great_britain_main_island,OCEAN,False,3.121407468,0.245772,6db415309c3b3c7a771411275ae0cfb45ae448aa4d4e9665f4e442cc09f2d2fe,"canonical hex polygon INTERSECT canonical OSM land component, unioned inside the hex (overlap-safe)",v1_sha1_hexid_pipe_subjectid
lfr_3423355cb7f415,h6000_q-000724_r+001242,hsub_great_britain_main_island,OCEAN,False,0.071283258,0.00554,13aa66f03091fb1e836feba07504bbca272118f1c1333cd3fc109fb1f40d6766,"canonical hex polygon INTERSECT canonical OSM land component, unioned inside the hex (overlap-safe)",v1_sha1_hexid_pipe_subjectid
lfr_bacff213aa7a15,h6000_q-000719_r+001242,hsub_great_britain_main_island,OCEAN,False,4.060918794,0.315528,7d02a4b13a5f8151b4393d2d3507b761f8d84c4a20ad2041386958fc1e7f7812,"canonical hex polygon INTERSECT canonical OSM land component, unioned inside the hex (overlap-safe)",v1_sha1_hexid_pipe_subjectid
lfr_ccf26b25d63a2d,h6000_q-000715_r+001242,hsub_great_britain_main_island,OCEAN,False,5.576108839,0.433547,02883467b638b831e7bde1b77804a9aef171d26ed3da7d109801abd7009c0c70,"canonical hex polygon INTERSECT canonical OSM land component, unioned inside the hex (overlap-safe)",v1_sha1_hexid_pipe_subjectid
lfr_e3f7ccf6e4358c,h6000_q-000728_r+001243,hsub_great_britain_main_island,OCEAN,False,0.111454544,0.009245,8d1d1ef01d7603124ec5ee46111ba60a4d7673542d43c47ceddbd212c4409163,"canonical hex polygon INTERSECT canonical OSM land component, unioned inside the hex (overlap-safe)",v1_sha1_hexid_pipe_subjectid
lfr_2c7887a83ff4f4,h6000_q-000724_r+001243,hsub_great_britain_main_island,OCEAN,False,1.708153176,0.13353,7eb5c393fba257cda1fef72d73c7652a966e63471334a1a4c09aa84f867fbbf7,"canonical hex polygon INTERSECT canonical OSM land component, unioned inside the hex (overlap-safe)",v1_sha1_hexid_pipe_subjectid
lfr_a0dc2f2c2fd4a5,h6000_q-000721_r+001243,hsub_great_britain_main_island,OCEAN,False,0.117335195,0.009132,1ad33e9338c7ca003dcae99c4daa03d06fd24b4654c6c3774e791e02477db2e5,"canonical hex polygon INTERSECT canonical OSM land component, unioned inside the hex (overlap-safe)",v1_sha1_hexid_pipe_subjectid
lfr_423bf34701eca6,h6000_q-000720_r+001243,hsub_great_britain_main_island,OCEAN,False,4.923909488,0.383043,92008a4c90bbc7c05a82b3882d29177ae068d130ca982213389cd45a06161ebc,"canonical hex polygon INTERSECT canonical OSM land component, unioned inside the hex (overlap-safe)",v1_sha1_hexid_pipe_subjectid
lfr_53665e7d72f54b,h6000_q-000715_r+001243,hsub_great_britain_main_island,OCEAN,False,0.033517402,0.002707,5330efb302ada6cd0c2feada3866314b9c7d6cf5ac7ee322cc53b342d8e32f3c,"canonical hex polygon INTERSECT canonical OSM land component, unioned inside the hex (overlap-safe)",v1_sha1_hexid_pipe_subjectid
lfr_4dcc27a32868b6,h6000_q-000728_r+001244,hsub_great_britain_main_island,OCEAN,False,1.872752011,0.145846,95b4c0c4df9031981dff99e399eb096dd0571f4bb5c9e7e2a974299af59543c5,"canonical hex polygon INTERSECT canonical OSM land component, unioned inside the hex (overlap-safe)",v1_sha1_hexid_pipe_subjectid
lfr_1ea679f81feccf,h6000_q-000723_r+001244,hsub_great_britain_main_island,OCEAN,False,3.344011289,0.260885,a930facf9cb1fafced22f9275d534279cc922e7ca015c8f74d04f1710326ef5c,"canonical hex polygon INTERSECT canonical OSM land component, unioned inside the hex (overlap-safe)",v1_sha1_hexid_pipe_subjectid
lfr_8ba7b4a57aebe5,h6000_q-000716_r+001244,hsub_great_britain_main_island,OCEAN,False,0.528117261,0.041155,094530d83b67a9189f549f2393b2a4d9b088fedaf269a22d8cfe40f3fdf3a3a9,"canonical hex polygon INTERSECT canonical OSM land component, unioned inside the hex (overlap-safe)",v1_sha1_hexid_pipe_subjectid
lfr_be52baaf1e8673,h6000_q-000716_r+001245,hsub_great_britain_main_island,OCEAN,False,0.301465643,0.023526,151894b1c773c229a0407c09bdf03d1a8ee75ee98c1fb4ef0b5860e6abd58e0b,"canonical hex polygon INTERSECT canonical OSM land component, unioned inside the hex (overlap-safe)",v1_sha1_hexid_pipe_subjectid
lfr_1bbc0b18660887,h6000_q-000715_r+001245,hsub_great_britain_main_island,OCEAN,False,0.436737487,0.034058,45232444fadae44a39451226f39e85ee4db71ccbde8b922c563e5d458188e977,"canonical hex polygon INTERSECT canonical OSM land component, unioned inside the hex (overlap-safe)",v1_sha1_hexid_pipe_subjectid
lfr_7db91eceaa33ee,h6000_q-000729_r+001246,hsub_great_britain_main_island,OCEAN,False,0.027283497,0.002129,79d4166c693bcd4c5cf2501790f6568ac95cd4aac7ea1cbbcea1c59270d3bb7c,"canonical hex polygon INTERSECT canonical OSM land component, unioned inside the hex (overlap-safe)",v1_sha1_hexid_pipe_subjectid
lfr_5365ef20e1b9d5,h6000_q-000715_r+001246,hsub_great_britain_main_island,OCEAN,False,1.478366894,0.115426,a50a2fd4b985ad137c4e0ffdc75bc58b466568d862fc3fa661d99e6ba42251d2,"canonical hex polygon INTERSECT canonical OSM land component, unioned inside the hex (overlap-safe)",v1_sha1_hexid_pipe_subjectid
lfr_4add98291053d3,h6000_q-000728_r+001247,hsub_great_britain_main_island,OCEAN,False,0.237231335,0.018598,1a306930d541a167de0e1e2e135cd337f6f3b1e5e03f00fa1b567f8785fe815c,"canonical hex polygon INTERSECT canonical OSM land component, unioned inside the hex (overlap-safe)",v1_sha1_hexid_pipe_subjectid
lfr_c0a1f12c139c87,h6000_q-000717_r+001247,hsub_great_britain_main_island,OCEAN,False,5.59356351,0.43725,c18c66d59dc52b2d19fd08fa48c9f58918527471c1e4dad9d92c11ee37b90b94,"canonical hex polygon INTERSECT canonical OSM land component, unioned inside the hex (overlap-safe)",v1_sha1_hexid_pipe_subjectid
lfr_a258b960132b98,h6000_q-000715_r+001247,hsub_great_britain_main_island,OCEAN,False,1.702627837,0.133863,0437b4db922544b54c12fa1a14e18dada425618302120c5eb4532eb433e4b0d9,"canonical hex polygon INTERSECT canonical OSM land component, unioned inside the hex (overlap-safe)",v1_sha1_hexid_pipe_subjectid
lfr_101fa91b416ed2,h6000_q-000727_r+001248,hsub_great_britain_main_island,OCEAN,False,1.563425647,0.122661,77d3aaca906a331dbdd35fde88f44be943f6de32bc1dcb1ac71b2b480728afda,"canonical hex polygon INTERSECT canonical OSM land component, unioned inside the hex (overlap-safe)",v1_sha1_hexid_pipe_subjectid
lfr_10870a9402a85f,h6000_q-000726_r+001248,hsub_great_britain_main_island,OCEAN,False,3.920688113,0.306849,5be6decba7cb8300386044a02f9c39e10c39ce769b3f8396299e02f7621466f6,"canonical hex polygon INTERSECT canonical OSM land component, unioned inside the hex (overlap-safe)",v1_sha1_hexid_pipe_subjectid
lfr_ac359fe475740e,h6000_q-000714_r+001248,hsub_great_britain_main_island,OCEAN,False,1.577677746,0.123741,ca031dafffd2b76a6f01e7642e16beb5f6dec8850a0e5af10d9f05f7b2b97844,"canonical hex polygon INTERSECT canonical OSM land component, unioned inside the hex (overlap-safe)",v1_sha1_hexid_pipe_subjectid
lfr_6940d491928a68,h6000_q-000713_r+001248,hsub_great_britain_main_island,OCEAN,False,3.000356175,0.234912,5e13d02cef075fd6f477a513338592f5f07921db4a0131037f773a35811bae50,"canonical hex polygon INTERSECT canonical OSM land component, unioned inside the hex (overlap-safe)",v1_sha1_hexid_pipe_subjectid
lfr_05cb64bd360392,h6000_q-000725_r+001249,hsub_great_britain_main_island,OCEAN,False,0.014141378,0.001957,15652186522ef120e9c2cf881f3d2d0e1251db0e08dda266aec20d112ab30031,"canonical hex polygon INTERSECT canonical OSM land component, unioned inside the hex (overlap-safe)",v1_sha1_hexid_pipe_subjectid
lfr_18d9f5f13edb03,h6000_q-000724_r+001249,hsub_great_britain_main_island,OCEAN,False,1.204159278,0.094872,9fdf774c3033fcbc4e76038519ac0b554bfc97aea0338c63a80b7813fb1cb43a,"canonical hex polygon INTERSECT canonical OSM land component, unioned inside the hex (overlap-safe)",v1_sha1_hexid_pipe_subjectid
lfr_51aef3f2006a51,h6000_q-000713_r+001249,hsub_great_britain_main_island,OCEAN,False,3.579321601,0.280571,76f4e5f58d90088d4b6a8b248a5eab015b91152835f08f21b51a35afa1181431,"canonical hex polygon INTERSECT canonical OSM land component, unioned inside the hex (overlap-safe)",v1_sha1_hexid_pipe_subjectid
lfr_9e77c7cb5fba2e,h6000_q-000723_r+001250,hsub_great_britain_main_island,OCEAN,False,2.137799874,0.168202,e0ccfb347f3dcc6572c0db9f21d40e8f7d605397b5435363eefd29b908d9779d,"canonical hex polygon INTERSECT canonical OSM land component, unioned inside the hex (overlap-safe)",v1_sha1_hexid_pipe_subjectid
lfr_b49aa3997d3fab,h6000_q-000700_r+001250,hsub_great_britain_main_island,OCEAN,False,0.947230288,0.074663,abfdbd17fe7d06f006b393bf245a164ceaf115d0c3c6f7cce55ce84b96be1731,"canonical hex polygon INTERSECT canonical OSM land component, unioned inside the hex (overlap-safe)",v1_sha1_hexid_pipe_subjectid
lfr_ddc938dd10ede8,h6000_q-000723_r+001251,hsub_great_britain_main_island,OCEAN,False,0.985117634,0.077459,02f18b9a48c2f8f32af54076d2c3d9a9bb5a41c8b8bc503cce96c47d7ade4451,"canonical hex polygon INTERSECT canonical OSM land component, unioned inside the hex (overlap-safe)",v1_sha1_hexid_pipe_subjectid
lfr_65f8f820557441,h6000_q-000712_r+001251,hsub_great_britain_main_island,OCEAN,False,1.967394491,0.155074,c8ac079e0438e03bcf6aa79895c67cbe81162a6b2824d868c3d50d118e566ed1,"canonical hex polygon INTERSECT canonical OSM land component, unioned inside the hex (overlap-safe)",v1_sha1_hexid_pipe_subjectid
lfr_db30071cf14d00,h6000_q-000711_r+001251,hsub_great_britain_main_island,OCEAN,False,0.588470131,0.046254,74fb78b66808d115e04e6aeb1da8117777203ea9ab03b0e52e0510ebdc392003,"canonical hex polygon INTERSECT canonical OSM land component, unioned inside the hex (overlap-safe)",v1_sha1_hexid_pipe_subjectid
lfr_41d447ddd5c8bb,h6000_q-000710_r+001251,hsub_great_britain_main_island,OCEAN,False,0.67940017,0.053577,90c1e24d580a9a47a8a067b8a48e1c9f5f7fe35e1f2405b59306847a90ebbb29,"canonical hex polygon INTERSECT canonical OSM land component, unioned inside the hex (overlap-safe)",v1_sha1_hexid_pipe_subjectid
lfr_8cf9e1df36df38,h6000_q-000709_r+001251,hsub_great_britain_main_island,OCEAN,False,0.000587474,6.4e-05,67aa79891fac87f7eb9c4368f2babe373627b67b576c394319ed63661e34628c,"canonical hex polygon INTERSECT canonical OSM land component, unioned inside the hex (overlap-safe)",v1_sha1_hexid_pipe_subjectid
lfr_977693b9e7987c,h6000_q-000704_r+001251,hsub_great_britain_main_island,OCEAN,False,1.298783594,0.102155,00ad3df8749133913a2c2e7b7376772df4cc277b16575dac1405e6be1ba242d1,"canonical hex polygon INTERSECT canonical OSM land component, unioned inside the hex (overlap-safe)",v1_sha1_hexid_pipe_subjectid
lfr_2a66e848a14820,h6000_q-000703_r+001251,hsub_great_britain_main_island,OCEAN,False,0.656359755,0.051674,4665be7ae6975800f34985b9013451382629ac3d6b3c3ef73e2b6931174894eb,"canonical hex polygon INTERSECT canonical OSM land component, unioned inside the hex (overlap-safe)",v1_sha1_hexid_pipe_subjectid
lfr_94d2b1357b5582,h6000_q-000702_r+001251,hsub_great_britain_main_island,OCEAN,False,1.64709846,0.132209,b6268fa6158f49e0de22dc844dbd73589e6a9636ca1b0e7397daaddd9b83cad1,"canonical hex polygon INTERSECT canonical OSM land component, unioned inside the hex (overlap-safe)",v1_sha1_hexid_pipe_subjectid
lfr_e148ba21f04523,h6000_q-000722_r+001252,hsub_great_britain_main_island,OCEAN,False,5.801746439,0.456993,4a78c6598a5c3d0909bde08c9f804d5d24b9a1a7cb173a8383f374319c54caf5,"canonical hex polygon INTERSECT canonical OSM land component, unioned inside the hex (overlap-safe)",v1_sha1_hexid_pipe_subjectid
lfr_1bd43ba461aa80,h6000_q-000707_r+001252,hsub_great_britain_main_island,OCEAN,False,0.017654723,0.00139,806a801999eb0e83653fce3c3bceecee5930ac19c29ae909523a4b22b05ca282,"canonical hex polygon INTERSECT canonical OSM land component, unioned inside the hex (overlap-safe)",v1_sha1_hexid_pipe_subjectid
lfr_ff663578b68b95,h6000_q-000705_r+001252,hsub_great_britain_main_island,OCEAN,False,4.15686984,0.327128,8a8ba48c347365c1dcdd8c2792bdcf5fad81dd145977de904b646052c4320d26,"canonical hex polygon INTERSECT canonical OSM land component, unioned inside the hex (overlap-safe)",v1_sha1_hexid_pipe_subjectid
lfr_eefc508fc0fe01,h6000_q-000703_r+001252,hsub_great_britain_main_island,OCEAN,False,1.023756718,0.082968,ada99906850cd15ce22a266d4c13f4815604809c1fec1c03a47f87ae53e6b628,"canonical hex polygon INTERSECT canonical OSM land component, unioned inside the hex (overlap-safe)",v1_sha1_hexid_pipe_subjectid
lfr_2302bf41af2c17,h6000_q-000723_r+001254,hsub_great_britain_main_island,OCEAN,False,0.068464543,0.008001,a3d30f21a9b52a737d817e7c190346586c4a724ff8696f582d69501876990c8d,"canonical hex polygon INTERSECT canonical OSM land component, unioned inside the hex (overlap-safe)",v1_sha1_hexid_pipe_subjectid
lfr_826724245a0a51,h6000_q-000722_r+001255,hsub_great_britain_main_island,OCEAN,False,1.09925456,0.087057,3c4281ef5a5b4afd59a89664e350d5616cf40e47c5e7f4b9717b3fc79cb3630b,"canonical hex polygon INTERSECT canonical OSM land component, unioned inside the hex (overlap-safe)",v1_sha1_hexid_pipe_subjectid
lfr_1cc80800b6c06b,h6000_q-000722_r+001256,hsub_great_britain_main_island,OCEAN,False,0.18280755,0.014631,a88863ef1abb58fde56866ec2dbf40fe134b5bd5162ef35153d280c618a33e3a,"canonical hex polygon INTERSECT canonical OSM land component, unioned inside the hex (overlap-safe)",v1_sha1_hexid_pipe_subjectid
lfr_8c13ad4ef25b6f,h6000_q-000722_r+001257,hsub_great_britain_main_island,OCEAN,False,5.561608131,0.442485,89587f567b5eb9cf06459dc35e89a419ff494ec764934c339518bb8a942cd060,"canonical hex polygon INTERSECT canonical OSM land component, unioned inside the hex (overlap-safe)",v1_sha1_hexid_pipe_subjectid
lfr_0955c10bf39bad,h6000_q-000723_r+001259,hsub_great_britain_main_island,OCEAN,False,1.652840974,0.132574,ba43ba0c89d0987bdb6cb889426c5099599e0cc3df8b062aab5bff35f442cdca,"canonical hex polygon INTERSECT canonical OSM land component, unioned inside the hex (overlap-safe)",v1_sha1_hexid_pipe_subjectid
lfr_073a58b145b3ae,h6000_q-000722_r+001259,hsub_great_britain_main_island,OCEAN,False,5.867510025,0.466607,58b4fea5b3344f7533f67439061c2dbcc56fab12ff87424bd56ae50b905735bc,"canonical hex polygon INTERSECT canonical OSM land component, unioned inside the hex (overlap-safe)",v1_sha1_hexid_pipe_subjectid
lfr_6eea84374f5f4c,h6000_q-000722_r+001260,hsub_great_britain_main_island,OCEAN,False,0.691634345,0.055747,ef3fbb52c4436c188ef392ff68e4d2430667745b4cb2103e7e718c51779f12a8,"canonical hex polygon INTERSECT canonical OSM land component, unioned inside the hex (overlap-safe)",v1_sha1_hexid_pipe_subjectid
lfr_372e1aca2e215e,h6000_q-000722_r+001261,hsub_great_britain_main_island,OCEAN,False,0.05492317,0.005705,c2462730d39e7570f363359f8f379f659401ee07a4f9465dec6016437e156da5,"canonical hex polygon INTERSECT canonical OSM land component, unioned inside the hex (overlap-safe)",v1_sha1_hexid_pipe_subjectid
lfr_ca7ce96c91a3a2,h6000_q-000721_r+001261,hsub_great_britain_main_island,OCEAN,False,0.128832365,0.010256,0f3fd9e33cfb8217c02198f5fc313877bc2bd06a0ebbedf535d364a5519e088e,"canonical hex polygon INTERSECT canonical OSM land component, unioned inside the hex (overlap-safe)",v1_sha1_hexid_pipe_subjectid
lfr_3ea0291fb1985d,h6000_q-000720_r+001261,hsub_great_britain_main_island,OCEAN,False,1.025942504,0.081616,4e49c273bc6c4bb36848fd0e600e9bbc02cc2788aae0942f2bb9f56b7e603c8d,"canonical hex polygon INTERSECT canonical OSM land component, unioned inside the hex (overlap-safe)",v1_sha1_hexid_pipe_subjectid
lfr_20262b98ffbed8,h6000_q-000720_r+001262,hsub_great_britain_main_island,OCEAN,False,0.055037852,0.004701,0aa39bc17ec466ea06cc4b96cb7ce0083394388929935e01ce0303ea3fbfe31a,"canonical hex polygon INTERSECT canonical OSM land component, unioned inside the hex (overlap-safe)",v1_sha1_hexid_pipe_subjectid
lfr_6b5cff5c45ee40,h6000_q-000720_r+001263,hsub_great_britain_main_island,OCEAN,False,2.615244107,0.217225,26b43e7bd6357a97a1da17769bddc87f28d59f4ff585e6cda1fb9804aef3f256,"canonical hex polygon INTERSECT canonical OSM land component, unioned inside the hex (overlap-safe)",v1_sha1_hexid_pipe_subjectid
lfr_69892bd5dae86f,h6000_q-000720_r+001264,hsub_great_britain_main_island,OCEAN,False,0.002444178,0.000564,f994062e5fa149b18305b28c3ee7e39588483ee74acb0c9b1ee8dde3c4e79438,"canonical hex polygon INTERSECT canonical OSM land component, unioned inside the hex (overlap-safe)",v1_sha1_hexid_pipe_subjectid
lfr_ba9613b2ac923d,h6000_q-000719_r+001264,hsub_great_britain_main_island,OCEAN,False,6.17321589,0.493371,feaac3670dd04eeee9a78b9bef23923877079ad3cf80eedb72c2c308a9bfe192,"canonical hex polygon INTERSECT canonical OSM land component, unioned inside the hex (overlap-safe)",v1_sha1_hexid_pipe_subjectid
lfr_adf1975a500010,h6000_q-000719_r+001265,hsub_great_britain_main_island,OCEAN,False,3.814134511,0.311041,de5c671e0510d734bc4ce680f45af99c379d1063fd760ad8fdca77af3acd250f,"canonical hex polygon INTERSECT canonical OSM land component, unioned inside the hex (overlap-safe)",v1_sha1_hexid_pipe_subjectid
lfr_a4f009ee560f65,h6000_q-000719_r+001266,hsub_great_britain_main_island,OCEAN,False,2.69336248,0.215593,f4a3acdbb303bc600e532722e14cf89f158c991378296a28b5c9b897dded9755,"canonical hex polygon INTERSECT canonical OSM land component, unioned inside the hex (overlap-safe)",v1_sha1_hexid_pipe_subjectid
lfr_9692a06f603bfa,h6000_q-000719_r+001268,hsub_great_britain_main_island,OCEAN,False,0.465848987,0.037379,beea2fdba1f367c5e0a9fb692b4cfa3d755e03c01c0b31025d3ab51f8b860a1d,"canonical hex polygon INTERSECT canonical OSM land component, unioned inside the hex (overlap-safe)",v1_sha1_hexid_pipe_subjectid
lfr_770ebe1d3c4be0,h6000_q-000720_r+001270,hsub_great_britain_main_island,OCEAN,False,0.975849656,0.078553,bea84be9c7cf56041956bc41ffe4be71f0e58cc7162968b084ad2bbb61ef0b9f,"canonical hex polygon INTERSECT canonical OSM land component, unioned inside the hex (overlap-safe)",v1_sha1_hexid_pipe_subjectid
lfr_dca169ef8057ed,h6000_q-000721_r+001272,hsub_great_britain_main_island,OCEAN,False,0.000381308,0.000371,f7f22eeced68bb14f3caffba9be2b5dfedf9d1fa105fb7cc8a878b4095ee9da5,"canonical hex polygon INTERSECT canonical OSM land component, unioned inside the hex (overlap-safe)",v1_sha1_hexid_pipe_subjectid
lfr_20ff0596579570,h6000_q-000721_r+001273,hsub_great_britain_main_island,OCEAN,False,1.736249132,0.140526,80f70d264affb80df92519d789070c8f1b3048540408c7b8c29aabaaa5b64ed3,"canonical hex polygon INTERSECT canonical OSM land component, unioned inside the hex (overlap-safe)",v1_sha1_hexid_pipe_subjectid
lfr_ab85e4fa5f1903,h6000_q-000718_r+001274,hsub_great_britain_main_island,OCEAN,False,5.620953535,0.454312,05c114a5d7a4d735115729e88b2b6bb424169b9220e2e6fb69ebc285628611ac,"canonical hex polygon INTERSECT canonical OSM land component, unioned inside the hex (overlap-safe)",v1_sha1_hexid_pipe_subjectid
lfr_d59bee63b8b05a,h6000_q-000722_r+001275,hsub_great_britain_main_island,OCEAN,False,0.025599927,0.00211,ef51997512fae49aae14523903812faa3c0e3fc60de29cf297a56017d02d2b06,"canonical hex polygon INTERSECT canonical OSM land component, unioned inside the hex (overlap-safe)",v1_sha1_hexid_pipe_subjectid
lfr_7d20cf407ae8aa,h6000_q-000721_r+001275,hsub_great_britain_main_island,OCEAN,False,5.911663928,0.478587,5f5edba83b58330fffef8fa81a5703303739d9ac19fac04c5b6c0e8c753f774b,"canonical hex polygon INTERSECT canonical OSM land component, unioned inside the hex (overlap-safe)",v1_sha1_hexid_pipe_subjectid
lfr_4ab65b1172c2d3,h6000_q-000720_r+001275,hsub_great_britain_main_island,OCEAN,False,3.818765785,0.309065,96bc692d5997b32eda8c9f346a1cc79e863a04db6ef159371dbbe90568622d94,"canonical hex polygon INTERSECT canonical OSM land component, unioned inside the hex (overlap-safe)",v1_sha1_hexid_pipe_subjectid
lfr_5eb84f94f86dba,h6000_q-000719_r+001275,hsub_great_britain_main_island,OCEAN,False,6.1804e-05,5e-06,cb10699bbb9bd01c5cd3fdd13145bbeafa3dbe4a4509bd66be10cdff1548f744,"canonical hex polygon INTERSECT canonical OSM land component, unioned inside the hex (overlap-safe)",v1_sha1_hexid_pipe_subjectid
lfr_1855abdbb78e55,h6000_q-000717_r+001275,hsub_great_britain_main_island,OCEAN,False,3.988661534,0.322818,e029852545ecbf5b5614200783038755e640549b3d0e1e00e370c459a7fe1aae,"canonical hex polygon INTERSECT canonical OSM land component, unioned inside the hex (overlap-safe)",v1_sha1_hexid_pipe_subjectid
lfr_d0b87be93a3601,h6000_q-000717_r+001276,hsub_great_britain_main_island,OCEAN,False,1.292501847,0.104718,2afb638addb3065f12f708738cce9e714a84418b7b4e33b0330f8603a7f3dca2,"canonical hex polygon INTERSECT canonical OSM land component, unioned inside the hex (overlap-safe)",v1_sha1_hexid_pipe_subjectid
lfr_db1b341289e909,h6000_q-000717_r+001277,hsub_great_britain_main_island,OCEAN,False,2.548388601,0.206846,ea412c7c9c8a4729b71e83c7ed1744c3b894577d2a76f967940f9c89be5d201b,"canonical hex polygon INTERSECT canonical OSM land component, unioned inside the hex (overlap-safe)",v1_sha1_hexid_pipe_subjectid
lfr_e9b770cb80b2b1,h6000_q-000718_r+001278,hsub_great_britain_main_island,OCEAN,False,0.116537073,0.009473,552de23e86d61ea105112876a2a4dcf75896758eab357a43a6e543942be5f8bf,"canonical hex polygon INTERSECT canonical OSM land component, unioned inside the hex (overlap-safe)",v1_sha1_hexid_pipe_subjectid
lfr_384a0657bc605c,h6000_q-000719_r+001279,hsub_great_britain_main_island,OCEAN,False,0.057681334,0.004694,f64a6a5e9fd152e0568024b475da2749755d4ca28520431b8c9454e9368e891b,"canonical hex polygon INTERSECT canonical OSM land component, unioned inside the hex (overlap-safe)",v1_sha1_hexid_pipe_subjectid
lfr_821c524b85334c,h6000_q-000719_r+001281,hsub_great_britain_main_island,OCEAN,False,1.025877497,0.083761,a133675187dc6472f608d8bd46b8387383e9ba83c17e9e7afc3ae8af5da2d66f,"canonical hex polygon INTERSECT canonical OSM land component, unioned inside the hex (overlap-safe)",v1_sha1_hexid_pipe_subjectid
lfr_51bfacdae57e8a,h6000_q-000717_r+001282,hsub_great_britain_main_island,OCEAN,False,1.037035569,0.086114,d46f574596167e506a6a4ea772877d0da974380fe2d213c98cf9cce0bca3321d,"canonical hex polygon INTERSECT canonical OSM land component, unioned inside the hex (overlap-safe)",v1_sha1_hexid_pipe_subjectid
lfr_806468b52ff321,h6000_q-000716_r+001282,hsub_great_britain_main_island,OCEAN,False,0.342854457,0.028223,fa7785bae76561bcd544f68ae7b053d5f96ebc0d85ba0bb47e4c472fabc73e81,"canonical hex polygon INTERSECT canonical OSM land component, unioned inside the hex (overlap-safe)",v1_sha1_hexid_pipe_subjectid
lfr_fe2200c3fc9e38,h6000_q-000726_r+001293,hsub_great_britain_main_island,OCEAN,False,1.286943212,0.106753,64e57ef4259cdbe403845f16faaa8fc1698e470ee1848706da21508a6213f58f,"canonical hex polygon INTERSECT canonical OSM land component, unioned inside the hex (overlap-safe)",v1_sha1_hexid_pipe_subjectid
lfr_b5a5b8bd5bfd31,h6000_q-000724_r+001293,hsub_great_britain_main_island,OCEAN,False,6.013527003,0.498139,d7417bc60ad7ebb09a34a5910b191df438b6b0ec54252b87896215d1a79045d8,"canonical hex polygon INTERSECT canonical OSM land component, unioned inside the hex (overlap-safe)",v1_sha1_hexid_pipe_subjectid
lfr_e40044a864d0de,h6000_q-000723_r+001293,hsub_great_britain_main_island,OCEAN,False,0.153282999,0.012694,973cc17f2468ee373f84e73ed2d18935b6dffd440bfe56cbe2616d035244a17f,"canonical hex polygon INTERSECT canonical OSM land component, unioned inside the hex (overlap-safe)",v1_sha1_hexid_pipe_subjectid
lfr_b41ed33e3174a2,h6000_q-000722_r+001293,hsub_great_britain_main_island,OCEAN,False,0.771027376,0.063892,ac83bef53a789203937f562e69c12f5a4fa65102b92fe57efc4713fdc273d234,"canonical hex polygon INTERSECT canonical OSM land component, unioned inside the hex (overlap-safe)",v1_sha1_hexid_pipe_subjectid
lfr_654259a8245ccc,h6000_q-000721_r+001293,hsub_great_britain_main_island,OCEAN,False,0.075930516,0.006293,e0410276ad06cab48135a9e0316e8a0882974d1e1d783a59efb047bcb3dff77a,"canonical hex polygon INTERSECT canonical OSM land component, unioned inside the hex (overlap-safe)",v1_sha1_hexid_pipe_subjectid
lfr_4b81450a8ba11b,h6000_q-000727_r+001294,hsub_great_britain_main_island,OCEAN,False,1.493394833,0.133406,28477a7820cd72387ffe288faa148e5203a00f8d970478c4a83cec67ddeab107,"canonical hex polygon INTERSECT canonical OSM land component, unioned inside the hex (overlap-safe)",v1_sha1_hexid_pipe_subjectid
lfr_1a4b605394b440,h6000_q-000741_r+001295,hsub_great_britain_main_island,OCEAN,False,1.206544816,0.100254,84880458b9af31fe32b65defbe16891541cd19a0a68be95b11eb1ea811ebda74,"canonical hex polygon INTERSECT canonical OSM land component, unioned inside the hex (overlap-safe)",v1_sha1_hexid_pipe_subjectid
lfr_47f27f4ff7d6e3,h6000_q-000740_r+001295,hsub_great_britain_main_island,OCEAN,False,4.38375767,0.364135,8007641225c14e2731fa189398e4457049cf71f23bdd3c2992f63d5be6315fc8,"canonical hex polygon INTERSECT canonical OSM land component, unioned inside the hex (overlap-safe)",v1_sha1_hexid_pipe_subjectid
lfr_c0ae05b15768ad,h6000_q-000738_r+001295,hsub_great_britain_main_island,OCEAN,False,0.205210719,0.017044,b49b49f662a28d07d036cf055e8730932c432172f3021fb22cd5bc7fb7e8d7ab,"canonical hex polygon INTERSECT canonical OSM land component, unioned inside the hex (overlap-safe)",v1_sha1_hexid_pipe_subjectid
lfr_27c2dac5539b83,h6000_q-000742_r+001296,hsub_great_britain_main_island,OCEAN,False,3.128630856,0.260062,7d2c0b99d6395a75f3c22724666ade9f5a68f5c363eab95f91ea47484cf8eb5d,"canonical hex polygon INTERSECT canonical OSM land component, unioned inside the hex (overlap-safe)",v1_sha1_hexid_pipe_subjectid
lfr_5d04c79ad83055,h6000_q-000738_r+001296,hsub_great_britain_main_island,OCEAN,False,1.834892656,0.152697,75c7f92e6f563750429a225e02a25e0e7bb65950ff390673cf223995fc1492a9,"canonical hex polygon INTERSECT canonical OSM land component, unioned inside the hex (overlap-safe)",v1_sha1_hexid_pipe_subjectid
lfr_cee5c3b0ba5b1e,h6000_q-000737_r+001296,hsub_great_britain_main_island,OCEAN,False,3.38056871,0.281133,630091174b2365b5ad2ae2c50d6feb2e717d108ccff5e1b0bc744247cf4997a1,"canonical hex polygon INTERSECT canonical OSM land component, unioned inside the hex (overlap-safe)",v1_sha1_hexid_pipe_subjectid
lfr_b1b3183b388b0b,h6000_q-000736_r+001296,hsub_great_britain_main_island,OCEAN,False,0.177962381,0.018431,a3214ac9de46246505cbd99f59ac6e97c6d3de35a588a860b1a8c3b65a0321f4,"canonical hex polygon INTERSECT canonical OSM land component, unioned inside the hex (overlap-safe)",v1_sha1_hexid_pipe_subjectid
lfr_8f4a7a2c084e4e,h6000_q-000727_r+001296,hsub_great_britain_main_island,OCEAN,False,4.933071491,0.419375,cb021ef2b04270dd9b186aa33ff85962ebff80fbc9988e2ce2f05adc47fc7e82,"canonical hex polygon INTERSECT canonical OSM land component, unioned inside the hex (overlap-safe)",v1_sha1_hexid_pipe_subjectid
lfr_c5dca50eba268c,h6000_q-000726_r+001296,hsub_great_britain_main_island,OCEAN,False,3.559158108,0.302124,0b44d2c59db07ad35659229c220f669a80711df1768706f583344bceb67eb123,"canonical hex polygon INTERSECT canonical OSM land component, unioned inside the hex (overlap-safe)",v1_sha1_hexid_pipe_subjectid
lfr_9cef106a54bc9a,h6000_q-000725_r+001296,hsub_great_britain_main_island,OCEAN,False,5.973079045,0.496428,b8cf44930f3bcd1657b24846b3474ebd06a7baf4f7a0b03e86443e79ed5b4f80,"canonical hex polygon INTERSECT canonical OSM land component, unioned inside the hex (overlap-safe)",v1_sha1_hexid_pipe_subjectid
lfr_22e6548e25e844,h6000_q-000743_r+001297,hsub_great_britain_main_island,OCEAN,False,4.014620051,0.335301,634315351e3c18fba5961f65deb706baa4928087af65f05d96747f212f45e7a6,"canonical hex polygon INTERSECT canonical OSM land component, unioned inside the hex (overlap-safe)",v1_sha1_hexid_pipe_subjectid
lfr_80d7b894df7ce7,h6000_q-000728_r+001297,hsub_great_britain_main_island,OCEAN,False,3.022030996,0.251652,9f2d7f63059e16f019af87e855ee79e7a11262c1a5b44a8c483e983fb4789a6a,"canonical hex polygon INTERSECT canonical OSM land component, unioned inside the hex (overlap-safe)",v1_sha1_hexid_pipe_subjectid
lfr_79972b827b282a,h6000_q-000727_r+001297,hsub_great_britain_main_island,OCEAN,False,0.236198275,0.019666,bfa723c291a66361338b86b8c2fe08a737e04cf9d607a39ff0ca984d2f698e02,"canonical hex polygon INTERSECT canonical OSM land component, unioned inside the hex (overlap-safe)",v1_sha1_hexid_pipe_subjectid
lfr_7aa6140b450b7d,h6000_q-000726_r+001297,hsub_great_britain_main_island,OCEAN,False,2.96380295,0.24676,06673738a0658d50edab91c4260d00b00be928acb6e537211b9e937a56b9ec85,"canonical hex polygon INTERSECT canonical OSM land component, unioned inside the hex (overlap-safe)",v1_sha1_hexid_pipe_subjectid
lfr_432e659c27b0d0,h6000_q-000745_r+001298,hsub_great_britain_main_island,OCEAN,False,5.160677846,0.430211,8167fe9c4e7dab4e4c3ca52b2e09215cdc5e27e12e96001bf5591ea5692bcd49,"canonical hex polygon INTERSECT canonical OSM land component, unioned inside the hex (overlap-safe)",v1_sha1_hexid_pipe_subjectid
lfr_336e38a80fa2c4,h6000_q-000744_r+001298,hsub_great_britain_main_island,OCEAN,False,2.393294797,0.200686,e2a1b459f14e6723a0b789923001e50ceff6a06bfa8e248e307cd185a12976da,"canonical hex polygon INTERSECT canonical OSM land component, unioned inside the hex (overlap-safe)",v1_sha1_hexid_pipe_subjectid
lfr_09ff57b466be18,h6000_q-000743_r+001298,hsub_great_britain_main_island,OCEAN,False,2.8327552,0.23605,a77a039f901c8dfc627850be648cd7554c1f547264b577ea6d5f4fb668d704da,"canonical hex polygon INTERSECT canonical OSM land component, unioned inside the hex (overlap-safe)",v1_sha1_hexid_pipe_subjectid
lfr_ec04bfc7d8779e,h6000_q-000741_r+001298,hsub_great_britain_main_island,OCEAN,False,5.7904973,0.482588,f02a0aeb8d72e67d3c53c6402c1044ebf6c2520439d1aabfda349102d0d78fa0,"canonical hex polygon INTERSECT canonical OSM land component, unioned inside the hex (overlap-safe)",v1_sha1_hexid_pipe_subjectid
lfr_7076e5710e1d6e,h6000_q-000736_r+001298,hsub_great_britain_main_island,OCEAN,False,4.899044923,0.408701,62d52ce2ea7c43061f89b3330af0181bbd8d7f0717b692adde81891ab70d6972,"canonical hex polygon INTERSECT canonical OSM land component, unioned inside the hex (overlap-safe)",v1_sha1_hexid_pipe_subjectid
lfr_de736e65025178,h6000_q-000730_r+001298,hsub_great_britain_main_island,OCEAN,False,1.620923014,0.135132,afecadee44afdd0e6f6953f01a2ef4b6dd962a1924d4c12f85eea32dfb46881d,"canonical hex polygon INTERSECT canonical OSM land component, unioned inside the hex (overlap-safe)",v1_sha1_hexid_pipe_subjectid
lfr_d9e8a5d8999f86,h6000_q-000747_r+001299,hsub_great_britain_main_island,OCEAN,False,1.186661284,0.111696,d64c7735294b74624d98e1899a787a925f5e688c72bce32f5016e252a3d6c210,"canonical hex polygon INTERSECT canonical OSM land component, unioned inside the hex (overlap-safe)",v1_sha1_hexid_pipe_subjectid
lfr_4f726d63bf44f7,h6000_q-000736_r+001299,hsub_great_britain_main_island,OCEAN,False,2.323182617,0.19397,411bbc1506e4e9ce827acb13335affdb7c298d333598b6f333ca2683b843b787,"canonical hex polygon INTERSECT canonical OSM land component, unioned inside the hex (overlap-safe)",v1_sha1_hexid_pipe_subjectid
lfr_0e20412fafcb43,h6000_q-000735_r+001299,hsub_great_britain_main_island,OCEAN,False,0.100910063,0.008427,56284949898c0843bf205e9a5d3c5b1e8b70cbbd674f70173865098934c5e09e,"canonical hex polygon INTERSECT canonical OSM land component, unioned inside the hex (overlap-safe)",v1_sha1_hexid_pipe_subjectid
lfr_4fe0de12d5dfb2,h6000_q-000733_r+001299,hsub_great_britain_main_island,OCEAN,False,0.362316056,0.030254,9a962f20c3ab8d1d10e18d1fca1d456fa43222f6e7ab0067c8c917af867dbea8,"canonical hex polygon INTERSECT canonical OSM land component, unioned inside the hex (overlap-safe)",v1_sha1_hexid_pipe_subjectid
lfr_08b9fea856b55b,h6000_q-000732_r+001299,hsub_great_britain_main_island,OCEAN,False,0.246852182,0.020614,aa751248b900528f410e765bb97eafba739040049cc91bddc938512b4e9fa542,"canonical hex polygon INTERSECT canonical OSM land component, unioned inside the hex (overlap-safe)",v1_sha1_hexid_pipe_subjectid
lfr_aae46e914ed924,h6000_q-000731_r+001299,hsub_great_britain_main_island,OCEAN,False,1.418412498,0.118379,b03649445182500913bb2a77b5c6123711b3faeeca0aad4479966f71d28db6f6,"canonical hex polygon INTERSECT canonical OSM land component, unioned inside the hex (overlap-safe)",v1_sha1_hexid_pipe_subjectid
lfr_aef775c2511aa7,h6000_q-000747_r+001300,hsub_great_britain_main_island,OCEAN,False,1.135013528,0.094789,0b80e4bd893bf573150addb8120507cf3cf87117eeb54843751b540e594af314,"canonical hex polygon INTERSECT canonical OSM land component, unioned inside the hex (overlap-safe)",v1_sha1_hexid_pipe_subjectid
lfr_8ff4a8ff32ae00,h6000_q-000732_r+001300,hsub_great_britain_main_island,OCEAN,False,3.759084987,0.31413,39b23a9027f6667617f718415255b93d9773c97587b00e90a3323f64ae7beb14,"canonical hex polygon INTERSECT canonical OSM land component, unioned inside the hex (overlap-safe)",v1_sha1_hexid_pipe_subjectid
lfr_54f75846d4d685,h6000_q-000746_r+001301,hsub_great_britain_main_island,OCEAN,False,2.574397846,0.216143,329a9e309a11212204c86d3552b8f16f399c03d4a388519d822c5df7889020a1,"canonical hex polygon INTERSECT canonical OSM land component, unioned inside the hex (overlap-safe)",v1_sha1_hexid_pipe_subjectid
lfr_d784a45bc717d6,h6000_q-000746_r+001302,hsub_great_britain_main_island,OCEAN,False,2.234990432,0.187395,cbcda4f2906947442e57f22c1d28ecbfd89c382eacfb6958762051f79f20b5a5,"canonical hex polygon INTERSECT canonical OSM land component, unioned inside the hex (overlap-safe)",v1_sha1_hexid_pipe_subjectid
lfr_7d152f6a517de4,h6000_q-000751_r+001304,hsub_great_britain_main_island,OCEAN,False,0.616038633,0.271099,12479097fe11c4151ccc8795168d252dea4780410858fbcaf5d85619e95cd605,"canonical hex polygon INTERSECT canonical OSM land component, unioned inside the hex (overlap-safe)",v1_sha1_hexid_pipe_subjectid
lfr_073f2058d845a7,h6000_q-000750_r+001304,hsub_great_britain_main_island,OCEAN,False,5.2591113,0.443961,ead8522ff147450328f0f1ad96a8ca39d87e83581f2d741a5305aef81262ab57,"canonical hex polygon INTERSECT canonical OSM land component, unioned inside the hex (overlap-safe)",v1_sha1_hexid_pipe_subjectid
lfr_174759806c35bf,h6000_q-000749_r+001304,hsub_great_britain_main_island,OCEAN,False,3.445166448,0.291794,1d105709c3423f5b1321f0fa89758bffdd826a0f80309f879ddea5f5698665ca,"canonical hex polygon INTERSECT canonical OSM land component, unioned inside the hex (overlap-safe)",v1_sha1_hexid_pipe_subjectid
lfr_2331199c2cd449,h6000_q-000748_r+001304,hsub_great_britain_main_island,OCEAN,False,5.922902652,0.499219,18be1f2eeb730f13ac920df89f9db16444401ad9d70a01795e5b216020f7ff6a,"canonical hex polygon INTERSECT canonical OSM land component, unioned inside the hex (overlap-safe)",v1_sha1_hexid_pipe_subjectid
lfr_0803dcba7caa31,h6000_q-000751_r+001305,hsub_great_britain_main_island,OCEAN,False,4.826840633,0.406383,bece20e5115c47a36aff0f3f212ac8f0e33861bf5034f351152bffb5d407299e,"canonical hex polygon INTERSECT canonical OSM land component, unioned inside the hex (overlap-safe)",v1_sha1_hexid_pipe_subjectid
lfr_474985836ca10b,h6000_q-000751_r+001306,hsub_great_britain_main_island,OCEAN,False,1.863678823,0.156842,615998b1a6e260954f5c0ac174b733614135f16b72bf6bd36f125e199d730b0e,"canonical hex polygon INTERSECT canonical OSM land component, unioned inside the hex (overlap-safe)",v1_sha1_hexid_pipe_subjectid
lfr_43c8317857f0ae,h6000_q-000750_r+001307,hsub_great_britain_main_island,OCEAN,False,2.848171413,0.240686,c0b4bd2c7ceb3b9f0a7bbc1d1d657dd3484324369a05fa119dc31f324547f4f2,"canonical hex polygon INTERSECT canonical OSM land component, unioned inside the hex (overlap-safe)",v1_sha1_hexid_pipe_subjectid
lfr_2f64448324780b,h6000_q-000749_r+001308,hsub_great_britain_main_island,OCEAN,False,0.064161567,0.005488,a4c79df141179778913a37092257e40ec63e03fb056c042e13d7152083591cef,"canonical hex polygon INTERSECT canonical OSM land component, unioned inside the hex (overlap-safe)",v1_sha1_hexid_pipe_subjectid
lfr_d8e496adb04f36,h6000_q-000749_r+001309,hsub_great_britain_main_island,OCEAN,False,3.198300744,0.271981,eee3bae2dfb46f0b671871f18c1b2ad6718dc70ad7842b99c8639ffe9149dc28,"canonical hex polygon INTERSECT canonical OSM land component, unioned inside the hex (overlap-safe)",v1_sha1_hexid_pipe_subjectid
lfr_59ea087770b7fd,h6000_q-000749_r+001310,hsub_great_britain_main_island,OCEAN,False,1.633477748,0.141076,cbb62bba7cbc55f23d088b22bff98d50fbfea57cb71b99311506e9371508a713,"canonical hex polygon INTERSECT canonical OSM land component, unioned inside the hex (overlap-safe)",v1_sha1_hexid_pipe_subjectid
lfr_1efabc8ae2a059,h6000_q-000748_r+001310,hsub_great_britain_main_island,OCEAN,False,0.563040831,0.04762,b5f04b082baf063383ed9917eb185cbdefaf19d9a9c2b289aef842ca80ba3c6f,"canonical hex polygon INTERSECT canonical OSM land component, unioned inside the hex (overlap-safe)",v1_sha1_hexid_pipe_subjectid
lfr_76a9ecda92f3b7,h6000_q-000746_r+001310,hsub_great_britain_main_island,OCEAN,False,2.014239642,0.170579,f0d18a7b695efa51d9a3369f58a68ad84a57d45b5f5232eb7d1a1aa4e8e2130c,"canonical hex polygon INTERSECT canonical OSM land component, unioned inside the hex (overlap-safe)",v1_sha1_hexid_pipe_subjectid
lfr_c49b728dd39c71,h6000_q-000745_r+001310,hsub_great_britain_main_island,OCEAN,False,3.404017994,0.288259,82ecde90c73b9487f93c2f8fec75bbf1514eae9d49edc9bea2e65a000d85cb5e,"canonical hex polygon INTERSECT canonical OSM land component, unioned inside the hex (overlap-safe)",v1_sha1_hexid_pipe_subjectid
lfr_5d35b70ba7365f,h6000_q-000745_r+001311,hsub_great_britain_main_island,OCEAN,False,1.12036506,0.09489,f1776f09b09fa2135cc5ca63526f6c3587cece6e81ac27d27ee3e0f6b730813d,"canonical hex polygon INTERSECT canonical OSM land component, unioned inside the hex (overlap-safe)",v1_sha1_hexid_pipe_subjectid
lfr_83fcc513f94d0a,h6000_q-000744_r+001313,hsub_great_britain_main_island,OCEAN,False,1.167578094,0.106218,158952b4df71fe0273810b141f11c959cbaf17d800907debd92475abcc7ca0dd,"canonical hex polygon INTERSECT canonical OSM land component, unioned inside the hex (overlap-safe)",v1_sha1_hexid_pipe_subjectid
lfr_c62e2d2a17e0b3,h6000_q-000743_r+001314,hsub_great_britain_main_island,OCEAN,False,0.500384351,0.04255,e8959fd965956b6da4d07b2f1284393246e90e38c79d57980a84ef6c5984d1a4,"canonical hex polygon INTERSECT canonical OSM land component, unioned inside the hex (overlap-safe)",v1_sha1_hexid_pipe_subjectid
lfr_585ca56e5e4104,h6000_q-000742_r+001314,hsub_great_britain_main_island,OCEAN,False,1.233663091,0.104923,49cd8f0c45723a48928804bc66de200ba640f0963bb816d084b31a73e73ccc44,"canonical hex polygon INTERSECT canonical OSM land component, unioned inside the hex (overlap-safe)",v1_sha1_hexid_pipe_subjectid
lfr_66d4c45c914d8f,h6000_q-000741_r+001314,hsub_great_britain_main_island,OCEAN,False,0.057783552,0.004911,5ad95e7739900994f6fad6098c2bb66d8a6978375f1f76c0555c95d78a16eda5,"canonical hex polygon INTERSECT canonical OSM land component, unioned inside the hex (overlap-safe)",v1_sha1_hexid_pipe_subjectid
lfr_3c288a7115e07e,h6000_q-000740_r+001315,hsub_great_britain_main_island,OCEAN,False,2.567282026,0.220531,526728a9efd87de58012dff7f28165973eb5ae1a3a827d3deb95af69ee0ca23b,"canonical hex polygon INTERSECT canonical OSM land component, unioned inside the hex (overlap-safe)",v1_sha1_hexid_pipe_subjectid
lfr_6fda3c8302e3bd,h6000_q-000740_r+001316,hsub_great_britain_main_island,OCEAN,False,0.075422493,0.006429,3eea67313201d6e6971544ab0ed8f2dd1df877b724dc011a332ff92abe25a062,"canonical hex polygon INTERSECT canonical OSM land component, unioned inside the hex (overlap-safe)",v1_sha1_hexid_pipe_subjectid
lfr_8a109cc09378a4,h6000_q-000738_r+001317,hsub_great_britain_main_island,OCEAN,False,3.968615026,0.338776,4c5ccbb5a791cc9be5a9df77c0186cbd4f77d6ca87e55a5a3710916258707738,"canonical hex polygon INTERSECT canonical OSM land component, unioned inside the hex (overlap-safe)",v1_sha1_hexid_pipe_subjectid
lfr_f291567099ec0d,h6000_q-000737_r+001319,hsub_great_britain_main_island,OCEAN,False,5.051488325,0.432365,cd8cb5fbec65cded3d70ac35dee1de69dfa339c978c7eb4c5d61ad25b3433c1c,"canonical hex polygon INTERSECT canonical OSM land component, unioned inside the hex (overlap-safe)",v1_sha1_hexid_pipe_subjectid
lfr_cd07822aa5dce2,h6000_q-000737_r+001320,hsub_great_britain_main_island,OCEAN,False,3.908807144,0.334997,c519f71aee87efb4bced2419eb6f03049faa9346eecd83a28cec1332b28b38ba,"canonical hex polygon INTERSECT canonical OSM land component, unioned inside the hex (overlap-safe)",v1_sha1_hexid_pipe_subjectid
lfr_42d6f078007568,h6000_q-000737_r+001321,hsub_great_britain_main_island,OCEAN,False,5.329517235,0.457383,9a987d497fdfc641ca6cf3ffa27a2a77b77be84c2ef1740596854e6e0d854fa9,"canonical hex polygon INTERSECT canonical OSM land component, unioned inside the hex (overlap-safe)",v1_sha1_hexid_pipe_subjectid
lfr_9d2eb47db87ac0,h6000_q-000738_r+001324,hsub_great_britain_main_island,OCEAN,False,2.081263716,0.179312,6fce8ea6ad8d7b3bdf6267f8080fce8f4cd62ec1b8a51ec236c88c75b255e9a5,"canonical hex polygon INTERSECT canonical OSM land component, unioned inside the hex (overlap-safe)",v1_sha1_hexid_pipe_subjectid
lfr_9aef24e7fa00f2,h6000_q-000738_r+001325,hsub_great_britain_main_island,OCEAN,False,5.421096038,0.467626,06d2cde6e94326d651fa8fed29f5c11681c7e2a1e572e7d1a0313c0503697800,"canonical hex polygon INTERSECT canonical OSM land component, unioned inside the hex (overlap-safe)",v1_sha1_hexid_pipe_subjectid
lfr_0f66995ce6486a,h6000_q-000739_r+001327,hsub_great_britain_main_island,OCEAN,False,2.158143243,0.186648,517fa7fa1e87694e4993d81cc282b96ba642f57121fc00f02ff41c12a04da1bf,"canonical hex polygon INTERSECT canonical OSM land component, unioned inside the hex (overlap-safe)",v1_sha1_hexid_pipe_subjectid
lfr_9efcee20ec3647,h6000_q-000740_r+001328,hsub_great_britain_main_island,OCEAN,False,1.290939277,0.111823,46982ecc01c51cd18d4bb683b5a033dec67533dda8e01fbecfce1e1be0b4f142,"canonical hex polygon INTERSECT canonical OSM land component, unioned inside the hex (overlap-safe)",v1_sha1_hexid_pipe_subjectid
lfr_80ceeda43a4cec,h6000_q-000741_r+001329,hsub_great_britain_main_island,OCEAN,False,0.553874581,0.048043,1e0c8a235368edc184da50056e2bfc3f88fa891b4a72e362e0bc94bb0af6f46f,"canonical hex polygon INTERSECT canonical OSM land component, unioned inside the hex (overlap-safe)",v1_sha1_hexid_pipe_subjectid
lfr_3468dd1fb60cbb,h6000_q-000742_r+001330,hsub_great_britain_main_island,OCEAN,False,0.358884015,0.031167,9b47cd866ca0f287bee193bf58e5c6c6bb663d9e4606123943fc27422717ec56,"canonical hex polygon INTERSECT canonical OSM land component, unioned inside the hex (overlap-safe)",v1_sha1_hexid_pipe_subjectid
lfr_efd4ca990806d4,h6000_q-000742_r+001331,hsub_great_britain_main_island,OCEAN,False,4.328911257,0.376314,af47ce8581cee4f71b6e239ce59602368108cc7e58aa0b531d1b620a179e1f25,"canonical hex polygon INTERSECT canonical OSM land component, unioned inside the hex (overlap-safe)",v1_sha1_hexid_pipe_subjectid
lfr_9d797a4ccc97e5,h6000_q-000742_r+001332,hsub_great_britain_main_island,OCEAN,False,5.369175805,0.46731,ba1eec2056c3191213bd83442c1e86422420c8492b66572bbe0d9eee25102c7a,"canonical hex polygon INTERSECT canonical OSM land component, unioned inside the hex (overlap-safe)",v1_sha1_hexid_pipe_subjectid
lfr_e09d4b743ada52,h6000_q-000742_r+001333,hsub_great_britain_main_island,OCEAN,False,3.556239634,0.309939,bc46e55c995fdf719def1140a64dee7fb38c12006a7cbbc2ed8713fc087c4414,"canonical hex polygon INTERSECT canonical OSM land component, unioned inside the hex (overlap-safe)",v1_sha1_hexid_pipe_subjectid
lfr_5ae99f2c8ce4a7,h6000_q-000756_r+001336,hsub_great_britain_main_island,OCEAN,False,1.9822913,0.173732,db683743a82b8b5562061cf8ccf28d23244a18c7fa4722ad231491f6de3d1ecd,"canonical hex polygon INTERSECT canonical OSM land component, unioned inside the hex (overlap-safe)",v1_sha1_hexid_pipe_subjectid
lfr_e76d05020cd0fc,h6000_q-000755_r+001336,hsub_great_britain_main_island,OCEAN,False,0.083617303,0.010264,d7473c39d7fd663d9a505b25c5d8605a8fe08b18369a6d55625aaf0021d3bb60,"canonical hex polygon INTERSECT canonical OSM land component, unioned inside the hex (overlap-safe)",v1_sha1_hexid_pipe_subjectid
lfr_54dfcf894546fd,h6000_q-000752_r+001336,hsub_great_britain_main_island,OCEAN,False,2.451105706,0.214569,7ee9810642e8a59c8f366bb17a718c9ad655fb9b8d2a1d4eb9fcde788ddb2839,"canonical hex polygon INTERSECT canonical OSM land component, unioned inside the hex (overlap-safe)",v1_sha1_hexid_pipe_subjectid
lfr_bac100649f2308,h6000_q-000745_r+001336,hsub_great_britain_main_island,OCEAN,False,0.158417938,0.013867,e3ef5af5d96df9a21c32b1a6d3e6b2e7b9e6ed89544e9d015b93536ba89ecc15,"canonical hex polygon INTERSECT canonical OSM land component, unioned inside the hex (overlap-safe)",v1_sha1_hexid_pipe_subjectid
lfr_84713e978ed6e9,h6000_q-000757_r+001337,hsub_great_britain_main_island,OCEAN,False,2.430503575,0.212916,71a436315babd4554bec56a947035a51d4f92dd09c189094a6c28b0c6404edac,"canonical hex polygon INTERSECT canonical OSM land component, unioned inside the hex (overlap-safe)",v1_sha1_hexid_pipe_subjectid
lfr_1f5e707d634d1a,h6000_q-000754_r+001337,hsub_great_britain_main_island,OCEAN,False,1.277239213,0.111937,a93042634d717462a78c48eb8553615b7a38da829c097d75cc18071f91ee5e9f,"canonical hex polygon INTERSECT canonical OSM land component, unioned inside the hex (overlap-safe)",v1_sha1_hexid_pipe_subjectid
lfr_6914642b1b1e63,h6000_q-000753_r+001337,hsub_great_britain_main_island,OCEAN,False,4.883521374,0.427963,4520e0a945231e1b7d6d7a117845fd1bb3ffd9b826d11b5161d0a28219743779,"canonical hex polygon INTERSECT canonical OSM land component, unioned inside the hex (overlap-safe)",v1_sha1_hexid_pipe_subjectid
lfr_093a08be0698a4,h6000_q-000746_r+001337,hsub_great_britain_main_island,OCEAN,False,0.054498036,0.004776,7b0a738712856077585583a2a887bc932d5dbe187fc7af93dc02f195df55aa4e,"canonical hex polygon INTERSECT canonical OSM land component, unioned inside the hex (overlap-safe)",v1_sha1_hexid_pipe_subjectid
lfr_ae1b724a9cb7f8,h6000_q-000757_r+001338,hsub_great_britain_main_island,OCEAN,False,2.848957698,0.250552,c7f16dceaa808159bc91e84288de253f54e4803617e077ff1b2f9dc049e8546f,"canonical hex polygon INTERSECT canonical OSM land component, unioned inside the hex (overlap-safe)",v1_sha1_hexid_pipe_subjectid
lfr_3d84cdc52d9d35,h6000_q-000752_r+001338,hsub_great_britain_main_island,OCEAN,False,1.636094249,0.143586,e3dedc89b3dc6367b78dc081a161c5ca6c030f3bb58e891719d60ae3cc8a60f0,"canonical hex polygon INTERSECT canonical OSM land component, unioned inside the hex (overlap-safe)",v1_sha1_hexid_pipe_subjectid
lfr_95ea3f43bd61de,h6000_q-000746_r+001338,hsub_great_britain_main_island,OCEAN,False,0.521473364,0.048149,32fd7ab7a6e63578de7d3f7df2fea48efb7cb3c43a898cf235fe362921ff7f0b,"canonical hex polygon INTERSECT canonical OSM land component, unioned inside the hex (overlap-safe)",v1_sha1_hexid_pipe_subjectid
lfr_596018934568cc,h6000_q-000757_r+001339,hsub_great_britain_main_island,OCEAN,False,2.950376273,0.259119,a0a8891e3810c18d8e3e7a28f37e5590bba52272bcbb3499b296eed1325b05ff,"canonical hex polygon INTERSECT canonical OSM land component, unioned inside the hex (overlap-safe)",v1_sha1_hexid_pipe_subjectid
lfr_1248e091116af3,h6000_q-000752_r+001339,hsub_great_britain_main_island,OCEAN,False,2.054031223,0.180498,f09a33ba9b5a3932be8b3198f657276f9a4c04828ca7bb94114999cfbcf79b86,"canonical hex polygon INTERSECT canonical OSM land component, unioned inside the hex (overlap-safe)",v1_sha1_hexid_pipe_subjectid
lfr_18ca5cd760b572,h6000_q-000757_r+001340,hsub_great_britain_main_island,OCEAN,False,0.409150562,0.035972,156d9bed4a74111eb17ce805baa77392911e0c66fc73585fc8e83ad8bc7e8c26,"canonical hex polygon INTERSECT canonical OSM land component, unioned inside the hex (overlap-safe)",v1_sha1_hexid_pipe_subjectid
lfr_4979e0badda5a4,h6000_q-000751_r+001340,hsub_great_britain_main_island,OCEAN,False,3.865658171,0.340131,25d6cad3bfc42858fb44fe7d044f3e5e75444958fc1011fd32906b5ac43b3b16,"canonical hex polygon INTERSECT canonical OSM land component, unioned inside the hex (overlap-safe)",v1_sha1_hexid_pipe_subjectid
lfr_9c212fa2bdc43e,h6000_q-000750_r+001340,hsub_great_britain_main_island,OCEAN,False,0.959877053,0.084452,4f8bbc766cff66b2d058e3b1cac72687a2c992bc49152186ac97491c0ba80d6c,"canonical hex polygon INTERSECT canonical OSM land component, unioned inside the hex (overlap-safe)",v1_sha1_hexid_pipe_subjectid
lfr_d0bfb3e8292aa4,h6000_q-000747_r+001340,hsub_great_britain_main_island,OCEAN,False,3.123508317,0.274697,e66228c503bb0e77bba16f985630f0e2bc98d99273175856923d47c28be13170,"canonical hex polygon INTERSECT canonical OSM land component, unioned inside the hex (overlap-safe)",v1_sha1_hexid_pipe_subjectid
lfr_9851b5e3e8196d,h6000_q-000757_r+001341,hsub_great_britain_main_island,OCEAN,False,0.027926447,0.002458,f646a98a6a2252998489c8d3730338be02c230545070d667a6a495a169ae0fe5,"canonical hex polygon INTERSECT canonical OSM land component, unioned inside the hex (overlap-safe)",v1_sha1_hexid_pipe_subjectid
lfr_a4a9b79d8f2a81,h6000_q-000756_r+001342,hsub_great_britain_main_island,OCEAN,False,1.430033713,0.126511,abca1ee0fc47c8f9fc556630f5b78ec59460e4724056463fff22d1b7bd52d200,"canonical hex polygon INTERSECT canonical OSM land component, unioned inside the hex (overlap-safe)",v1_sha1_hexid_pipe_subjectid
lfr_99ac0aa9a7837c,h6000_q-000755_r+001342,hsub_great_britain_main_island,OCEAN,False,3.104512797,0.273667,7caa10b3c13936ca49c8363ff24b054f0003fb5324468bbd36a1eb691b87c6a5,"canonical hex polygon INTERSECT canonical OSM land component, unioned inside the hex (overlap-safe)",v1_sha1_hexid_pipe_subjectid
lfr_9442208dacb5ac,h6000_q-000755_r+001343,hsub_great_britain_main_island,OCEAN,False,0.159019373,0.014035,acea175df92a3796fff4ccb68b9f4d62a888ac31b80e2b41a44465e078683ab6,"canonical hex polygon INTERSECT canonical OSM land component, unioned inside the hex (overlap-safe)",v1_sha1_hexid_pipe_subjectid
lfr_5f8b6a66ff1cd7,h6000_q-000754_r+001344,hsub_great_britain_main_island,OCEAN,False,4.145706003,0.366421,dbd153ce23ce0dc8eed0d9ffc3f40499011b2f45e7e872983c6c9e01f69baa32,"canonical hex polygon INTERSECT canonical OSM land component, unioned inside the hex (overlap-safe)",v1_sha1_hexid_pipe_subjectid
lfr_c8b2f09e6c60cc,h6000_q-000754_r+001345,hsub_great_britain_main_island,OCEAN,False,0.35866598,0.031741,070b584f43efbff38310fea298e3856b1398253224a3368cc61bee644dc2ecf6,"canonical hex polygon INTERSECT canonical OSM land component, unioned inside the hex (overlap-safe)",v1_sha1_hexid_pipe_subjectid
lfr_fe27c1d3332616,h6000_q-000754_r+001346,hsub_great_britain_main_island,OCEAN,False,0.065800732,0.005831,efb261e5738e92cf27684589a089a34b8bf107e8cb45508ba6c0e3f28235966f,"canonical hex polygon INTERSECT canonical OSM land component, unioned inside the hex (overlap-safe)",v1_sha1_hexid_pipe_subjectid
lfr_761c1adc274d32,h6000_q-000755_r+001348,hsub_great_britain_main_island,OCEAN,False,0.78472838,0.071042,6ae67ae3b52764f7c965b6bae62aed8f74cf8662ba293c0360908f5440b189be,"canonical hex polygon INTERSECT canonical OSM land component, unioned inside the hex (overlap-safe)",v1_sha1_hexid_pipe_subjectid
lfr_8d268cf86ef8d7,h6000_q-000751_r+001353,hsub_great_britain_main_island,OCEAN,False,2.093137705,0.187159,1ce95e34ef86b588982e3db6b3b58b8965b92b676e6f3e7a22d1b29099c8c108,"canonical hex polygon INTERSECT canonical OSM land component, unioned inside the hex (overlap-safe)",v1_sha1_hexid_pipe_subjectid
lfr_2f30414a5df934,h6000_q-000793_r+001403,hsub_great_britain_main_island,OCEAN,False,0.00211874,0.000203,a8f3a3c12c4b39ca3f6cc3d74e128ab92a45ed95b0bba15b3e0c28578de46b0b,"canonical hex polygon INTERSECT canonical OSM land component, unioned inside the hex (overlap-safe)",v1_sha1_hexid_pipe_subjectid
lfr_a5917b93ae133c,h6000_q-000792_r+001403,hsub_great_britain_main_island,OCEAN,False,1.570708977,0.150083,77433d285c91d335bc34e7d3c44f07d06b047a4a29f0872fc17c4b8a7d6499ea,"canonical hex polygon INTERSECT canonical OSM land component, unioned inside the hex (overlap-safe)",v1_sha1_hexid_pipe_subjectid
lfr_0037afc0a154d4,h6000_q-000794_r+001404,hsub_great_britain_main_island,OCEAN,False,3.074932116,0.294165,f91a65831e858a78e76a3f958260f8cb0172163437e7d420c9ed0e1477237b35,"canonical hex polygon INTERSECT canonical OSM land component, unioned inside the hex (overlap-safe)",v1_sha1_hexid_pipe_subjectid
lfr_ca1b2b1f99693d,h6000_q-000795_r+001405,hsub_great_britain_main_island,OCEAN,False,1.635925947,0.156667,9ab32b0a28670592740abd6279a31b3de1367dd83f8f76c9519c0ccc1f385bf5,"canonical hex polygon INTERSECT canonical OSM land component, unioned inside the hex (overlap-safe)",v1_sha1_hexid_pipe_subjectid
lfr_dc7b226d7b982f,h6000_q-000793_r+001405,hsub_great_britain_main_island,OCEAN,False,4.483891538,0.429349,7a6e84cde4f806a1c079a5f4c8d5eb2abe58d6ff401f76427d34af5570665529,"canonical hex polygon INTERSECT canonical OSM land component, unioned inside the hex (overlap-safe)",v1_sha1_hexid_pipe_subjectid
lfr_1eff76bda88a25,h6000_q-000785_r+001405,hsub_great_britain_main_island,OCEAN,False,2.053547429,0.196735,9d034b96b356d93e3f6f424592c89dc2f94db31f464eb5f92d80ff42375a35be,"canonical hex polygon INTERSECT canonical OSM land component, unioned inside the hex (overlap-safe)",v1_sha1_hexid_pipe_subjectid
lfr_585d501bbc2162,h6000_q-000783_r+001405,hsub_great_britain_main_island,OCEAN,False,0.024795205,0.002375,cdd98f430b092ccb996a7cd939ddc96a5889f8774473b35bca35f9fd2d202e23,"canonical hex polygon INTERSECT canonical OSM land component, unioned inside the hex (overlap-safe)",v1_sha1_hexid_pipe_subjectid
lfr_f472ce9a9d9974,h6000_q-000794_r+001406,hsub_great_britain_main_island,OCEAN,False,4.927539855,0.472469,d9f01e5cbf6a0679d0a2a0043e738f42e3a4711822a78d7f023ee638cc8dd9f8,"canonical hex polygon INTERSECT canonical OSM land component, unioned inside the hex (overlap-safe)",v1_sha1_hexid_pipe_subjectid
lfr_656308aa13374b,h6000_q-000787_r+001406,hsub_great_britain_main_island,OCEAN,False,2.512839377,0.241039,2b9910756b63dfd6bcecdbef1e5933498a47aeb7319a605e5781f64857168c39,"canonical hex polygon INTERSECT canonical OSM land component, unioned inside the hex (overlap-safe)",v1_sha1_hexid_pipe_subjectid
lfr_6142f0415955b0,h6000_q-000796_r+001407,hsub_great_britain_main_island,OCEAN,False,4.223388431,0.405596,c772040c8794815b31d8207b0273afda0af3c3c9a09e0ec57d1869667efe4241,"canonical hex polygon INTERSECT canonical OSM land component, unioned inside the hex (overlap-safe)",v1_sha1_hexid_pipe_subjectid
lfr_fd66b653355c3f,h6000_q-000784_r+001407,hsub_great_britain_main_island,OCEAN,False,0.208097686,0.019983,f47d85c3bf3e54168628f575f00b9b88371b6ff90e78e069160e01dea7fbc6b8,"canonical hex polygon INTERSECT canonical OSM land component, unioned inside the hex (overlap-safe)",v1_sha1_hexid_pipe_subjectid
lfr_0316bb2558f3d8,h6000_q-000797_r+001408,hsub_great_britain_main_island,OCEAN,False,2.840382189,0.273095,2e8a857154caac699afc5c546f845a419de7bd5c0aa069b3a1e5ea1ee67e7fd8,"canonical hex polygon INTERSECT canonical OSM land component, unioned inside the hex (overlap-safe)",v1_sha1_hexid_pipe_subjectid
lfr_a1861a4e5560fc,h6000_q-000795_r+001408,hsub_great_britain_main_island,OCEAN,False,0.098211899,0.009439,3bfc345fcc0940fb32b5a73330e2e1ea6fb9f9fb6de240d9f93ab49fa321bd5f,"canonical hex polygon INTERSECT canonical OSM land component, unioned inside the hex (overlap-safe)",v1_sha1_hexid_pipe_subjectid
lfr_23794e1869fd7a,h6000_q-000781_r+001408,hsub_great_britain_main_island,OCEAN,False,0.356941733,0.034341,a53edd3588c7dc0430c48634c7ed310304be7540c8ac28523d303908d27f4aa6,"canonical hex polygon INTERSECT canonical OSM land component, unioned inside the hex (overlap-safe)",v1_sha1_hexid_pipe_subjectid
lfr_3543b65ce148c7,h6000_q-000780_r+001408,hsub_great_britain_main_island,OCEAN,False,1.354112899,0.14467,41ddbd4385274d4e68cb9d2401ca38396724d654691126e6f09dfadd2b550147,"canonical hex polygon INTERSECT canonical OSM land component, unioned inside the hex (overlap-safe)",v1_sha1_hexid_pipe_subjectid
lfr_32e174c88bd43b,h6000_q-000779_r+001408,hsub_great_britain_main_island,OCEAN,False,1.859779735,0.178893,0a50adb7e6144672b70d0c33617d821f1159c74cfaa597dc5b30b6631b445bd7,"canonical hex polygon INTERSECT canonical OSM land component, unioned inside the hex (overlap-safe)",v1_sha1_hexid_pipe_subjectid
lfr_58a361bb2cb6a2,h6000_q-000798_r+001409,hsub_great_britain_main_island,OCEAN,False,3.826096549,0.36843,e3d733ebd815274a66dafdb2ee0a481abcd88c429821c0de2901be20873442e8,"canonical hex polygon INTERSECT canonical OSM land component, unioned inside the hex (overlap-safe)",v1_sha1_hexid_pipe_subjectid
lfr_94a0e0fccaf7e8,h6000_q-000796_r+001409,hsub_great_britain_main_island,OCEAN,False,1.724840675,0.166032,64eac0c6a7610944c52f0fe5e2f974fd689fe5ecf35eb999b3b2fd0f98fcb3ee,"canonical hex polygon INTERSECT canonical OSM land component, unioned inside the hex (overlap-safe)",v1_sha1_hexid_pipe_subjectid
lfr_4d4ebc4f5fbf46,h6000_q-000791_r+001409,hsub_great_britain_main_island,OCEAN,False,3.060152403,0.294715,4305369def066ce81bcb3d9509fce3f6b96221092d2cbaafb9fd31013a6cef1f,"canonical hex polygon INTERSECT canonical OSM land component, unioned inside the hex (overlap-safe)",v1_sha1_hexid_pipe_subjectid
lfr_8c5e4bbbf8a65e,h6000_q-000785_r+001409,hsub_great_britain_main_island,OCEAN,False,1.961707003,0.188908,90c096338b0d722b58e28a6cde02b3051f1ae4c7e3fb778f8aa3a327e166c0b6,"canonical hex polygon INTERSECT canonical OSM land component, unioned inside the hex (overlap-safe)",v1_sha1_hexid_pipe_subjectid
lfr_5a64c281fddcdc,h6000_q-000782_r+001409,hsub_great_britain_main_island,OCEAN,False,4.264246192,0.410612,1c2a4f97a46475c95a646613a79994d17bc776bb2fc57547eddf3093cc337c24,"canonical hex polygon INTERSECT canonical OSM land component, unioned inside the hex (overlap-safe)",v1_sha1_hexid_pipe_subjectid
lfr_f6d0303533965d,h6000_q-000780_r+001409,hsub_great_britain_main_island,OCEAN,False,4.084714046,0.393229,c738e85d492785d570af4a746bc91eed58d51b7ebf72557b32098cfc65cb5a6d,"canonical hex polygon INTERSECT canonical OSM land component, unioned inside the hex (overlap-safe)",v1_sha1_hexid_pipe_subjectid
lfr_e635e4b4dadf20,h6000_q-000800_r+001410,hsub_great_britain_main_island,OCEAN,False,0.022494087,0.00217,947b15d3787340c43bc445ba108a60023c01025c952e9c4e4235e7838cdf6c40,"canonical hex polygon INTERSECT canonical OSM land component, unioned inside the hex (overlap-safe)",v1_sha1_hexid_pipe_subjectid
lfr_a16771e0b9906d,h6000_q-000793_r+001410,hsub_great_britain_main_island,OCEAN,False,1.375298405,0.13264,a2fb84963b4b34c0d763d7f35dbb13fbbc527a3dd43b79853d0044ef21875097,"canonical hex polygon INTERSECT canonical OSM land component, unioned inside the hex (overlap-safe)",v1_sha1_hexid_pipe_subjectid
lfr_5057d0df9edc31,h6000_q-000786_r+001410,hsub_great_britain_main_island,OCEAN,False,4.366747903,0.420825,345e2d87fd6fa1fd040620b75437a863faeb75fa61d37b98022900ae571d151d,"canonical hex polygon INTERSECT canonical OSM land component, unioned inside the hex (overlap-safe)",v1_sha1_hexid_pipe_subjectid
lfr_5776ab8d351036,h6000_q-000801_r+001411,hsub_great_britain_main_island,OCEAN,False,1.49547594,0.144418,3d158a1f146e4abd470b89a13582675a09083b5df75f336c8fdefcfe972fc403,"canonical hex polygon INTERSECT canonical OSM land component, unioned inside the hex (overlap-safe)",v1_sha1_hexid_pipe_subjectid
lfr_fd4275320fff02,h6000_q-000796_r+001411,hsub_great_britain_main_island,OCEAN,False,2.899461185,0.279986,e5ef87982d5778ca56c0c39251d66ce4837962b988096fa72d095afefc373e70,"canonical hex polygon INTERSECT canonical OSM land component, unioned inside the hex (overlap-safe)",v1_sha1_hexid_pipe_subjectid
lfr_3bfdce0a8885de,h6000_q-000795_r+001411,hsub_great_britain_main_island,OCEAN,False,0.30861592,0.0298,338cf9b13048361c9ec5fa62ca44d2da3aa3f72963a9a96f81f0133e1f97cac0,"canonical hex polygon INTERSECT canonical OSM land component, unioned inside the hex (overlap-safe)",v1_sha1_hexid_pipe_subjectid
lfr_7d271425d21f2d,h6000_q-000787_r+001411,hsub_great_britain_main_island,OCEAN,False,0.26311255,0.025391,16060f2b38e6ca1e73b3cefa5be7ddbfcedefeb4c142ad4056a0795340337919,"canonical hex polygon INTERSECT canonical OSM land component, unioned inside the hex (overlap-safe)",v1_sha1_hexid_pipe_subjectid
lfr_1cfe389cd8fd9e,h6000_q-000786_r+001411,hsub_great_britain_main_island,OCEAN,False,1.715094523,0.165628,ac12fd00eb60b6237428aad9244e6b6d262d9642c97c8d80e739e5603493bdf2,"canonical hex polygon INTERSECT canonical OSM land component, unioned inside the hex (overlap-safe)",v1_sha1_hexid_pipe_subjectid
lfr_3fe8ad838c899c,h6000_q-000784_r+001411,hsub_great_britain_main_island,OCEAN,False,4.289948411,0.414552,fad77d6557458028dafd8272fe1d40fadce250ff98912b0de5cd00f5722d7db9,"canonical hex polygon INTERSECT canonical OSM land component, unioned inside the hex (overlap-safe)",v1_sha1_hexid_pipe_subjectid
lfr_2705962026870d,h6000_q-000802_r+001412,hsub_great_britain_main_island,OCEAN,False,0.28391327,0.02745,264fb9659eb9c8f005beaf44e725c25470a2f0ec81a28a98025389f81560d2d5,"canonical hex polygon INTERSECT canonical OSM land component, unioned inside the hex (overlap-safe)",v1_sha1_hexid_pipe_subjectid
lfr_3cae43dad14980,h6000_q-000788_r+001412,hsub_great_britain_main_island,OCEAN,False,4.423597895,0.427567,00d791d0d250aae0e2d0dba685cf573455a814ff6b3a8761d4a4e01609ff0a37,"canonical hex polygon INTERSECT canonical OSM land component, unioned inside the hex (overlap-safe)",v1_sha1_hexid_pipe_subjectid
lfr_6d43624d74eafa,h6000_q-000803_r+001413,hsub_great_britain_main_island,OCEAN,False,0.047466021,0.004596,4a119e8ca43c62ad8910141f6501213da79fb7fd97df3ac148566f2cc15ea0c3,"canonical hex polygon INTERSECT canonical OSM land component, unioned inside the hex (overlap-safe)",v1_sha1_hexid_pipe_subjectid
lfr_348be994321f95,h6000_q-000800_r+001414,hsub_great_britain_main_island,OCEAN,False,1.087203778,0.10537,c92d22b350f817b0431c829f0569816aa82c20350089291d6192dd6a0d703599,"canonical hex polygon INTERSECT canonical OSM land component, unioned inside the hex (overlap-safe)",v1_sha1_hexid_pipe_subjectid
lfr_e6bd354728fd1f,h6000_q-000804_r+001415,hsub_great_britain_main_island,OCEAN,False,1.551332504,0.150534,7a4dafd2dbeff8d85a1c9267435ecd533b79b533ac3270449bd0fd3755826730,"canonical hex polygon INTERSECT canonical OSM land component, unioned inside the hex (overlap-safe)",v1_sha1_hexid_pipe_subjectid
lfr_15dc1dd08cc834,h6000_q-000801_r+001415,hsub_great_britain_main_island,OCEAN,False,0.001479994,0.000144,b31a00d9302e1bdf81d22da0a91a9faa4d9c3b88b4594dc3c241755da1ab3429,"canonical hex polygon INTERSECT canonical OSM land component, unioned inside the hex (overlap-safe)",v1_sha1_hexid_pipe_subjectid
lfr_7ca690396361c2,h6000_q-000802_r+001416,hsub_great_britain_main_island,OCEAN,False,4.264338399,0.41435,43b172dad0829d689593ef9caf11aeb331094877509398be871695c3c4c85b27,"canonical hex polygon INTERSECT canonical OSM land component, unioned inside the hex (overlap-safe)",v1_sha1_hexid_pipe_subjectid
lfr_ba90d5e291b61e,h6000_q-000803_r+001418,hsub_great_britain_main_island,OCEAN,False,2.840617494,0.276742,f237bfa34c369a46099fe764e9f5f6137da421518292303ebc0e6fe272797cf2,"canonical hex polygon INTERSECT canonical OSM land component, unioned inside the hex (overlap-safe)",v1_sha1_hexid_pipe_subjectid
lfr_51faf2bf828136,h6000_q-000804_r+001422,hsub_great_britain_main_island,OCEAN,False,1.024635682,0.100346,1d98d4ddcab5c904032f6fe78e65a4d940b9c46972303470ac6aa6dd6b6865fb,"canonical hex polygon INTERSECT canonical OSM land component, unioned inside the hex (overlap-safe)",v1_sha1_hexid_pipe_subjectid
lfr_3742f727e00610,h6000_q-000804_r+001423,hsub_great_britain_main_island,OCEAN,False,0.052043577,0.005103,3259b510dfa6e13a4c70127f9d53f545fb3bca8bed7034c40c91ccf4f2b496d7,"canonical hex polygon INTERSECT canonical OSM land component, unioned inside the hex (overlap-safe)",v1_sha1_hexid_pipe_subjectid
lfr_610d43745f8ed7,h6000_q-000803_r+001425,hsub_great_britain_main_island,OCEAN,False,4.405342986,0.433124,7e2491d37455bbe80e86c4091a1e956993f3a31937f77fd138072250798f02e6,"canonical hex polygon INTERSECT canonical OSM land component, unioned inside the hex (overlap-safe)",v1_sha1_hexid_pipe_subjectid
lfr_202368cc5ee07c,h6000_q-000822_r+001428,hsub_great_britain_main_island,OCEAN,False,0.556924937,0.055004,5ec24c2a23b3951a8a3e1e6d3ed924a3c40ed1b79a349a9f530ba9444f82b103,"canonical hex polygon INTERSECT canonical OSM land component, unioned inside the hex (overlap-safe)",v1_sha1_hexid_pipe_subjectid
lfr_0a780b215cd333,h6000_q-000819_r+001428,hsub_great_britain_main_island,OCEAN,False,1.297680036,0.128186,4135fbdcb1609e3f741b989fc99a14b51a96155573d5186aba37f190689b8480,"canonical hex polygon INTERSECT canonical OSM land component, unioned inside the hex (overlap-safe)",v1_sha1_hexid_pipe_subjectid
lfr_9bd4f6b535a31c,h6000_q-000818_r+001428,hsub_great_britain_main_island,OCEAN,False,1.364918792,0.136396,d1dd5071da084ea3dcd10f47e3cdfad9cf6caf25c15f3b80197840d4359f20f1,"canonical hex polygon INTERSECT canonical OSM land component, unioned inside the hex (overlap-safe)",v1_sha1_hexid_pipe_subjectid
lfr_e486c9bed9f7ff,h6000_q-000804_r+001428,hsub_great_britain_main_island,OCEAN,False,2.089358435,0.206298,f5876b61d2a525fd54ab3f3accda5a59b37163d28f687f5e391a925caa3c664b,"canonical hex polygon INTERSECT canonical OSM land component, unioned inside the hex (overlap-safe)",v1_sha1_hexid_pipe_subjectid
lfr_e2b60dc0395dac,h6000_q-000823_r+001430,hsub_great_britain_main_island,OCEAN,False,0.956948208,0.094736,7ea7439dbca76a82216c44468e33c028741e484581cc6bd6dd6a511578894714,"canonical hex polygon INTERSECT canonical OSM land component, unioned inside the hex (overlap-safe)",v1_sha1_hexid_pipe_subjectid
lfr_e850ec9238d16f,h6000_q-000817_r+001430,hsub_great_britain_main_island,OCEAN,False,0.061163149,0.006058,f1df3a0e229628acf1d4328340696c2f340d34f3e354fb82e9bb018b7f9e3d50,"canonical hex polygon INTERSECT canonical OSM land component, unioned inside the hex (overlap-safe)",v1_sha1_hexid_pipe_subjectid
lfr_287b31f1d14a3a,h6000_q-000804_r+001430,hsub_great_britain_main_island,OCEAN,False,4.66490126,0.461709,8f6842f6a06b51b94dfdd2e9c5d8f498a1d33f39ae0fa54fdc97f19dd555abad,"canonical hex polygon INTERSECT canonical OSM land component, unioned inside the hex (overlap-safe)",v1_sha1_hexid_pipe_subjectid
lfr_36c5b214cd89c9,h6000_q-000823_r+001433,hsub_great_britain_main_island,OCEAN,False,2.728061273,0.271176,ba60869bc80e210ae3ef148f514c35d57b3be2be0339a1d0680e1345cb2a61e6,"canonical hex polygon INTERSECT canonical OSM land component, unioned inside the hex (overlap-safe)",v1_sha1_hexid_pipe_subjectid
lfr_bdaf1f3b1eeae7,h6000_q-000819_r+001433,hsub_great_britain_main_island,OCEAN,False,0.568354684,0.056545,8fa0d8e16b0b983175a5f14ad1d2f67a6fdf213fb953b77a4be492f4fecba09e,"canonical hex polygon INTERSECT canonical OSM land component, unioned inside the hex (overlap-safe)",v1_sha1_hexid_pipe_subjectid
lfr_3f3aaa94a5bcaf,h6000_q-000804_r+001433,hsub_great_britain_main_island,OCEAN,False,4.092226273,0.40662,415f866b17628a1d1110f932b8528762f09471a7d55cc7aa033fc9888d0f2ff8,"canonical hex polygon INTERSECT canonical OSM land component, unioned inside the hex (overlap-safe)",v1_sha1_hexid_pipe_subjectid
lfr_233af0b3c1ab1f,h6000_q-000824_r+001435,hsub_great_britain_main_island,OCEAN,False,0.021718671,0.002165,411fd7a00f4ad7d3b0d6899c539949ffdfc7351e2683c6e67ac86dcc2a52c8cf,"canonical hex polygon INTERSECT canonical OSM land component, unioned inside the hex (overlap-safe)",v1_sha1_hexid_pipe_subjectid
lfr_9da3410c8d4fe8,h6000_q-000824_r+001436,hsub_great_britain_main_island,OCEAN,False,4.828270543,0.481841,14ccdb1556207cbb89bc95f2a626cde81024ed03b17c939c4ec1169e90737765,"canonical hex polygon INTERSECT canonical OSM land component, unioned inside the hex (overlap-safe)",v1_sha1_hexid_pipe_subjectid
lfr_df38f264583944,h6000_q-000820_r+001436,hsub_great_britain_main_island,OCEAN,False,2.895666914,0.289052,5e8ef60f3492f9aec4e1fd97c8962953d28d6085489e8fb826ca235e247836df,"canonical hex polygon INTERSECT canonical OSM land component, unioned inside the hex (overlap-safe)",v1_sha1_hexid_pipe_subjectid
lfr_288caf30bae5a8,h6000_q-000804_r+001436,hsub_great_britain_main_island,OCEAN,False,3.52634939,0.353837,2c98b36022ad1ba2773a8ff025136c17a2b9c7853c23a3f7bb445d412211a8a9,"canonical hex polygon INTERSECT canonical OSM land component, unioned inside the hex (overlap-safe)",v1_sha1_hexid_pipe_subjectid
lfr_f12b22325eb3df,h6000_q-000820_r+001437,hsub_great_britain_main_island,OCEAN,False,0.721694955,0.072116,8e65f37c73a99690e39419633949918b16319505ce225f1ec21384bb02b8e107,"canonical hex polygon INTERSECT canonical OSM land component, unioned inside the hex (overlap-safe)",v1_sha1_hexid_pipe_subjectid
lfr_ad90e628e706f1,h6000_q-000805_r+001437,hsub_great_britain_main_island,OCEAN,False,4.467929116,0.447368,70b03147552f6bec01ebb1ae35474c4e32cc3c46a3d8028933285e17184696f6,"canonical hex polygon INTERSECT canonical OSM land component, unioned inside the hex (overlap-safe)",v1_sha1_hexid_pipe_subjectid
lfr_b7aab9df5afb70,h6000_q-000825_r+001438,hsub_great_britain_main_island,OCEAN,False,4.658827641,0.466203,f4de37872a94708199d82053ff297b35350f8a646d73f610db7492531514a309,"canonical hex polygon INTERSECT canonical OSM land component, unioned inside the hex (overlap-safe)",v1_sha1_hexid_pipe_subjectid
lfr_a4b246f796776f,h6000_q-000820_r+001438,hsub_great_britain_main_island,OCEAN,False,0.044594963,0.004464,54262d051441c8ed6564c2f47cde740f9fb851d9d047e5ad0d2f9a73c628815d,"canonical hex polygon INTERSECT canonical OSM land component, unioned inside the hex (overlap-safe)",v1_sha1_hexid_pipe_subjectid
lfr_313d8f09d70e9f,h6000_q-000806_r+001438,hsub_great_britain_main_island,OCEAN,False,0.066833043,0.006683,701d2cd9fd614413820bf102b85adc0cd088df482e2c92fcd316baafec2f62ee,"canonical hex polygon INTERSECT canonical OSM land component, unioned inside the hex (overlap-safe)",v1_sha1_hexid_pipe_subjectid
lfr_29cb19793a613a,h6000_q-000809_r+001440,hsub_great_britain_main_island,OCEAN,False,0.064850055,0.006511,8bd7643da9997f1a291b5af5caf7f4e66a8efeac473e9a98edcfa946f02cfdd4,"canonical hex polygon INTERSECT canonical OSM land component, unioned inside the hex (overlap-safe)",v1_sha1_hexid_pipe_subjectid
lfr_b986d6e24dd3fe,h6000_q-000808_r+001440,hsub_great_britain_main_island,OCEAN,False,2.310918626,0.231951,831f1521c82fc0dafa964d159c4b5013b0612c6950873b6c5669936df0949d8a,"canonical hex polygon INTERSECT canonical OSM land component, unioned inside the hex (overlap-safe)",v1_sha1_hexid_pipe_subjectid
lfr_9c2a14dd1cc841,h6000_q-000826_r+001441,hsub_great_britain_main_island,OCEAN,False,2.060335672,0.206988,c1277a30a120dc87ed7ac1bfb8669a3cdef7867df7aff983849db52da644bff9,"canonical hex polygon INTERSECT canonical OSM land component, unioned inside the hex (overlap-safe)",v1_sha1_hexid_pipe_subjectid
lfr_4dd82238f75d56,h6000_q-000822_r+001441,hsub_great_britain_main_island,OCEAN,False,3.84986886,0.386812,584becbe3353f396775c61afb9ad71e62feeb16d6d709ec22d520d23826ae61e,"canonical hex polygon INTERSECT canonical OSM land component, unioned inside the hex (overlap-safe)",v1_sha1_hexid_pipe_subjectid
lfr_9001eaec1ad6c9,h6000_q-000810_r+001441,hsub_great_britain_main_island,OCEAN,False,3.108548217,0.321858,336192fb026310003b7393280131a0911be736803e5907683cde5f6ad3ba7387,"canonical hex polygon INTERSECT canonical OSM land component, unioned inside the hex (overlap-safe)",v1_sha1_hexid_pipe_subjectid
lfr_91cf02a2de6d01,h6000_q-000822_r+001442,hsub_great_britain_main_island,OCEAN,False,1.248221129,0.125586,ec26f6ec1042902aabb6fb437ce4eafd89c0060b5f4d6b49ba42d20f217ee873,"canonical hex polygon INTERSECT canonical OSM land component, unioned inside the hex (overlap-safe)",v1_sha1_hexid_pipe_subjectid
lfr_c2f4a5a4033694,h6000_q-000811_r+001442,hsub_great_britain_main_island,OCEAN,False,3.994682464,0.401956,b6bab41f646291a27abe213b9afdf5903a946a029d9db7c8bee4c2880c601bc4,"canonical hex polygon INTERSECT canonical OSM land component, unioned inside the hex (overlap-safe)",v1_sha1_hexid_pipe_subjectid
lfr_552f2f0dfc8b88,h6000_q-000827_r+001443,hsub_great_britain_main_island,OCEAN,False,0.161925937,0.016337,896615ab9d1a614913acf6ecedb1a820bbe4fa45ccf7b7c9ef9f828ab2337c1e,"canonical hex polygon INTERSECT canonical OSM land component, unioned inside the hex (overlap-safe)",v1_sha1_hexid_pipe_subjectid
lfr_6faa2067c9b901,h6000_q-000813_r+001443,hsub_great_britain_main_island,OCEAN,False,0.008722462,0.000879,d6e18ccfdb841bd181c7b75fc9dd5b860bd49d83329e3793f164466b6895cdd0,"canonical hex polygon INTERSECT canonical OSM land component, unioned inside the hex (overlap-safe)",v1_sha1_hexid_pipe_subjectid
lfr_adac4ffbdd4c79,h6000_q-000813_r+001444,hsub_great_britain_main_island,OCEAN,False,3.368932336,0.339773,29903505f32507cae004a5b397f3a1ab52169ee3b9d8374afda72f89f953362d,"canonical hex polygon INTERSECT canonical OSM land component, unioned inside the hex (overlap-safe)",v1_sha1_hexid_pipe_subjectid
lfr_102bf6bd5bd549,h6000_q-000822_r+001445,hsub_great_britain_main_island,OCEAN,False,1.606861926,0.162375,943789d7ede4ec8be264752b24aa6ddee3c0930ebf461f884ac840159f551bab,"canonical hex polygon INTERSECT canonical OSM land component, unioned inside the hex (overlap-safe)",v1_sha1_hexid_pipe_subjectid
lfr_9edb2f06ffbfa0,h6000_q-000813_r+001445,hsub_great_britain_main_island,OCEAN,False,2.549871299,0.276372,a9711251eca5ad3f116872045184ab04753201b5692b72593712212e042f4d05,"canonical hex polygon INTERSECT canonical OSM land component, unioned inside the hex (overlap-safe)",v1_sha1_hexid_pipe_subjectid
lfr_9ea1a4aa0a7b02,h6000_q-000829_r+001447,hsub_great_britain_main_island,OCEAN,False,0.527721744,0.053509,2cd85224a80a24e8afa326ce2f9b613217df87e650a66a0b43dd59cd04d32d69,"canonical hex polygon INTERSECT canonical OSM land component, unioned inside the hex (overlap-safe)",v1_sha1_hexid_pipe_subjectid
lfr_3aef5ac2de6264,h6000_q-000822_r+001447,hsub_great_britain_main_island,OCEAN,False,2.258984028,0.228761,d0820027ffff3444f5747a55edbbfc13b9db3db0f596bfa6139dad54b8be97ea,"canonical hex polygon INTERSECT canonical OSM land component, unioned inside the hex (overlap-safe)",v1_sha1_hexid_pipe_subjectid
lfr_422f648f10b23d,h6000_q-000814_r+001447,hsub_great_britain_main_island,OCEAN,False,4.297181912,0.442942,ed2d278fa6c4ca7a977e98f7c1f872bfcb2483a1389dbdd7c430106f49d01e3f,"canonical hex polygon INTERSECT canonical OSM land component, unioned inside the hex (overlap-safe)",v1_sha1_hexid_pipe_subjectid
lfr_fd87ed3a4b1754,h6000_q-000823_r+001448,hsub_great_britain_main_island,OCEAN,False,3.593042635,0.364308,0ee4c0c09b9946dfe7887fb1dddf7603319a7a43d21b6c7f6f4dee00f6c08795,"canonical hex polygon INTERSECT canonical OSM land component, unioned inside the hex (overlap-safe)",v1_sha1_hexid_pipe_subjectid
lfr_e438778f2f5635,h6000_q-000821_r+001448,hsub_great_britain_main_island,OCEAN,False,2.281051315,0.231411,bf3d4af9edb0d9c1745811106a9ad1add21f368109c43f74534d94934dbdcd1b,"canonical hex polygon INTERSECT canonical OSM land component, unioned inside the hex (overlap-safe)",v1_sha1_hexid_pipe_subjectid
lfr_7eba0f4de1865d,h6000_q-000820_r+001448,hsub_great_britain_main_island,OCEAN,False,0.036200112,0.003672,50bfff893bc7eafe5db2abcdad4eae8f5f821fd6b2901c8ed2dbfda689b941e3,"canonical hex polygon INTERSECT canonical OSM land component, unioned inside the hex (overlap-safe)",v1_sha1_hexid_pipe_subjectid
lfr_16fa5eaf8677ff,h6000_q-000815_r+001448,hsub_great_britain_main_island,OCEAN,False,1.682099955,0.170595,198ded07792c907316e31ba49ce6e75d01c5439b51e32a1275bfbc98f3662887,"canonical hex polygon INTERSECT canonical OSM land component, unioned inside the hex (overlap-safe)",v1_sha1_hexid_pipe_subjectid
lfr_e8b454673f692e,h6000_q-000830_r+001449,hsub_great_britain_main_island,OCEAN,False,0.103934711,0.010938,79f3d7e2bd7181ccc5e72b780cf3d4e777b871f6a37d6b48101101bcd1da2fc4,"canonical hex polygon INTERSECT canonical OSM land component, unioned inside the hex (overlap-safe)",v1_sha1_hexid_pipe_subjectid
lfr_1a8385691380e2,h6000_q-000824_r+001449,hsub_great_britain_main_island,OCEAN,False,2.713224011,0.275796,a78e359f1b84530cb6ffa3b7f335f2175a30ee981d6fe1b7d3628cf816fb604f,"canonical hex polygon INTERSECT canonical OSM land component, unioned inside the hex (overlap-safe)",v1_sha1_hexid_pipe_subjectid
lfr_181bc0c1c60cb7,h6000_q-000823_r+001449,hsub_great_britain_main_island,OCEAN,False,2.895404489,0.300229,f1bdd54020e1fd4ff92399b3415fb926d855532f078eb5dbd5d9aac587a445fb,"canonical hex polygon INTERSECT canonical OSM land component, unioned inside the hex (overlap-safe)",v1_sha1_hexid_pipe_subjectid
lfr_f0e52d66c8883e,h6000_q-000821_r+001449,hsub_great_britain_main_island,OCEAN,False,2.98517361,0.320767,9073026025a34303d6bb860e0852352f99583c29f0d4f6819b1883c30b338b20,"canonical hex polygon INTERSECT canonical OSM land component, unioned inside the hex (overlap-safe)",v1_sha1_hexid_pipe_subjectid
lfr_05cad176dfe3cc,h6000_q-000818_r+001449,hsub_great_britain_main_island,OCEAN,False,0.058237997,0.153653,99a4e01462fbcf21148eb2302b99252f485bd5110f0ff8da284c4eebc5f633aa,"canonical hex polygon INTERSECT canonical OSM land component, unioned inside the hex (overlap-safe)",v1_sha1_hexid_pipe_subjectid
lfr_d93437f59b59d2,h6000_q-000817_r+001449,hsub_great_britain_main_island,OCEAN,False,0.746020339,0.075805,4b1187cb98fc0f1e807a5697868a2958e37715e52acfd75b8f37636bff15143c,"canonical hex polygon INTERSECT canonical OSM land component, unioned inside the hex (overlap-safe)",v1_sha1_hexid_pipe_subjectid
lfr_dbd78c2b679239,h6000_q-000830_r+001450,hsub_great_britain_main_island,OCEAN,False,0.711952557,0.075962,251eb5148a2f4d14b286eaad6ae51f98b4cd78e6e35969b811c31f26c091be21,"canonical hex polygon INTERSECT canonical OSM land component, unioned inside the hex (overlap-safe)",v1_sha1_hexid_pipe_subjectid
lfr_30a6e2344e9ee8,h6000_q-000825_r+001450,hsub_great_britain_main_island,OCEAN,False,1.959705765,0.200173,d4c375bc13061b88e5b76b49cd345de2c18910e41f936d5a63d188c71353f209,"canonical hex polygon INTERSECT canonical OSM land component, unioned inside the hex (overlap-safe)",v1_sha1_hexid_pipe_subjectid
lfr_61a7cdfdb4fa28,h6000_q-000824_r+001450,hsub_great_britain_main_island,OCEAN,False,3.009282724,0.310578,0cd3fe619cf35c79681ffe41823988aefdc2208186fa7016f140657b4e0143da,"canonical hex polygon INTERSECT canonical OSM land component, unioned inside the hex (overlap-safe)",v1_sha1_hexid_pipe_subjectid
lfr_195372beecde4a,h6000_q-000819_r+001450,hsub_great_britain_main_island,OCEAN,False,0.485436715,0.203164,363b58a3b1623517fa785167ed5c6f3a8086b09c07bd60026b4a264a3a6b4e4b,"canonical hex polygon INTERSECT canonical OSM land component, unioned inside the hex (overlap-safe)",v1_sha1_hexid_pipe_subjectid
lfr_11e479e9a2e8a6,h6000_q-000817_r+001450,hsub_great_britain_main_island,OCEAN,False,2.613720377,0.265831,0d3bc5d24a678062213bc399496a2945036235bbf7c3ddf087ef9b83109616b5,"canonical hex polygon INTERSECT canonical OSM land component, unioned inside the hex (overlap-safe)",v1_sha1_hexid_pipe_subjectid
lfr_ed1d08d066e833,h6000_q-000816_r+001450,hsub_great_britain_main_island,OCEAN,False,2.293364067,0.23322,23dc4e38a750beda7174362eb175c7f1791716f11f1f68283d99f2b2c91ea07f,"canonical hex polygon INTERSECT canonical OSM land component, unioned inside the hex (overlap-safe)",v1_sha1_hexid_pipe_subjectid
lfr_a58b8e0a57b23b,h6000_q-000831_r+001451,hsub_great_britain_main_island,OCEAN,False,4.33111407,0.451625,ea0d62ca71ee1698ec9ed44be917d46ea8951f1be5e6389e5a834a79ce05ea67,"canonical hex polygon INTERSECT canonical OSM land component, unioned inside the hex (overlap-safe)",v1_sha1_hexid_pipe_subjectid
lfr_aadf7e977946de,h6000_q-000830_r+001451,hsub_great_britain_main_island,OCEAN,False,3.93479419,0.405028,89bac63f782b1d304db8d4c7e4e35c44ff1824bc6f0b5f81fe0323d531716ff2,"canonical hex polygon INTERSECT canonical OSM land component, unioned inside the hex (overlap-safe)",v1_sha1_hexid_pipe_subjectid
lfr_8c0c20a7ffa1f1,h6000_q-000826_r+001451,hsub_great_britain_main_island,OCEAN,False,4.406140109,0.448636,2a834fd9dd815da7480547bad692f50ceb20912ee70147d63abcbf0683f155b4,"canonical hex polygon INTERSECT canonical OSM land component, unioned inside the hex (overlap-safe)",v1_sha1_hexid_pipe_subjectid
lfr_88a983ab932634,h6000_q-000825_r+001451,hsub_great_britain_main_island,OCEAN,False,1.833910918,0.187437,b9b91977690e47304e4d9342dc017f8854aafb5548cbac61d6777273fe5a15ad,"canonical hex polygon INTERSECT canonical OSM land component, unioned inside the hex (overlap-safe)",v1_sha1_hexid_pipe_subjectid
lfr_5114787e07dfec,h6000_q-000817_r+001451,hsub_great_britain_main_island,OCEAN,False,1.376571264,0.140176,80a51d5070f914739597498647fcae66c99bcf2232d1556299024844e27494b0,"canonical hex polygon INTERSECT canonical OSM land component, unioned inside the hex (overlap-safe)",v1_sha1_hexid_pipe_subjectid
lfr_8d3f91766238c1,h6000_q-000832_r+001452,hsub_great_britain_main_island,OCEAN,False,0.002229354,0.133121,178fd2451a66ec01bb9ec04c96725c368578aeccd8bda42a6af54f57fafd4e43,"canonical hex polygon INTERSECT canonical OSM land component, unioned inside the hex (overlap-safe)",v1_sha1_hexid_pipe_subjectid
lfr_1917e90719cceb,h6000_q-000817_r+001452,hsub_great_britain_main_island,OCEAN,False,0.143246733,0.014608,c42b1be176a5242c211f871c05d73500d47fca729c78675b5e76ad075b32924c,"canonical hex polygon INTERSECT canonical OSM land component, unioned inside the hex (overlap-safe)",v1_sha1_hexid_pipe_subjectid
lfr_962aa4ddb01f5f,h6000_q-000811_r+001452,hsub_great_britain_main_island,OCEAN,False,4.415582653,0.450194,81f50826078e5f00b5b7a61335271082375c5c4cedb655dbe6a1ff9a71a96b90,"canonical hex polygon INTERSECT canonical OSM land component, unioned inside the hex (overlap-safe)",v1_sha1_hexid_pipe_subjectid
lfr_0358cf89c07752,h6000_q-000833_r+001453,hsub_great_britain_main_island,OCEAN,False,0.017989356,0.00353,537310259ed46da6fb680824ebfc88bc63c1f30c6035a5bf116405c103b75aa2,"canonical hex polygon INTERSECT canonical OSM land component, unioned inside the hex (overlap-safe)",v1_sha1_hexid_pipe_subjectid
lfr_6395a577f556c5,h6000_q-000827_r+001453,hsub_great_britain_main_island,OCEAN,False,0.833320703,0.085051,6eac5a502bd640399736612658249768a2009395dbaaa8e7a46dedd845bc645f,"canonical hex polygon INTERSECT canonical OSM land component, unioned inside the hex (overlap-safe)",v1_sha1_hexid_pipe_subjectid
lfr_1f3d4e929cfbbe,h6000_q-000826_r+001453,hsub_great_britain_main_island,OCEAN,False,0.283469108,0.028952,ac3bf1a964551cf5a6d39901723429fe58f7487f7faf287e111aac37315de671,"canonical hex polygon INTERSECT canonical OSM land component, unioned inside the hex (overlap-safe)",v1_sha1_hexid_pipe_subjectid
lfr_daf9009de364e9,h6000_q-000817_r+001453,hsub_great_britain_main_island,OCEAN,False,0.497882507,0.050814,5025e54175ef826eda121da0948de2b0fda98b6a4390711a3a5b43378e50d66e,"canonical hex polygon INTERSECT canonical OSM land component, unioned inside the hex (overlap-safe)",v1_sha1_hexid_pipe_subjectid
lfr_24b1f6dd4e564f,h6000_q-000816_r+001453,hsub_great_britain_main_island,OCEAN,False,4.657462405,0.475373,c2c8953cf6815b1d3d23d971536eefd92a83a9f3d6a93cec0bf9590d5d6430d0,"canonical hex polygon INTERSECT canonical OSM land component, unioned inside the hex (overlap-safe)",v1_sha1_hexid_pipe_subjectid
lfr_12330d14b2eab6,h6000_q-000815_r+001453,hsub_great_britain_main_island,OCEAN,False,4.665317979,0.476185,6bf4b22358a94733960d24d5789064b6450a433cb83a8282222266eb9400b9f6,"canonical hex polygon INTERSECT canonical OSM land component, unioned inside the hex (overlap-safe)",v1_sha1_hexid_pipe_subjectid
lfr_7929b7e3c18a6b,h6000_q-000814_r+001453,hsub_great_britain_main_island,OCEAN,False,0.222777155,0.034038,7c1719ef6923686f27ffec5838eb63da4b7528c9efd00116e272c9bf72b2bd0d,"canonical hex polygon INTERSECT canonical OSM land component, unioned inside the hex (overlap-safe)",v1_sha1_hexid_pipe_subjectid
lfr_e8686bf4d724ee,h6000_q-000813_r+001453,hsub_great_britain_main_island,OCEAN,False,3.914777684,0.399813,e302e7e0aac272915b294badb63aa57b5faa866d55765e3771acebcb2abe500d,"canonical hex polygon INTERSECT canonical OSM land component, unioned inside the hex (overlap-safe)",v1_sha1_hexid_pipe_subjectid
lfr_18ee23d79fe84b,h6000_q-000833_r+001454,hsub_great_britain_main_island,OCEAN,False,0.577655659,0.059036,6b455cecaa7dc2e93f9f638f19a3e9ffc12b65292ca82dcb9c677aad71d23ecd,"canonical hex polygon INTERSECT canonical OSM land component, unioned inside the hex (overlap-safe)",v1_sha1_hexid_pipe_subjectid
lfr_05835c276e12be,h6000_q-000828_r+001454,hsub_great_britain_main_island,OCEAN,False,4.098769821,0.420842,e5cde2786de0c6c5b608591c24bf219aebe327db67441376c1576709df35bf29,"canonical hex polygon INTERSECT canonical OSM land component, unioned inside the hex (overlap-safe)",v1_sha1_hexid_pipe_subjectid
lfr_8818390d3ee54e,h6000_q-000818_r+001454,hsub_great_britain_main_island,OCEAN,False,3.76704951,0.385194,c31955a458cecd5168f6d4e6c7799f780810de55078b8c97d9b04caaf45a7569,"canonical hex polygon INTERSECT canonical OSM land component, unioned inside the hex (overlap-safe)",v1_sha1_hexid_pipe_subjectid
lfr_b5988d6dd2fcc2,h6000_q-000817_r+001454,hsub_great_britain_main_island,OCEAN,False,2.471906397,0.252797,fdf509f571bffe931f87bf2ef9323c9a40bb466bb736472ef8e84b62e132014c,"canonical hex polygon INTERSECT canonical OSM land component, unioned inside the hex (overlap-safe)",v1_sha1_hexid_pipe_subjectid
lfr_d2b76e902b8d10,h6000_q-000816_r+001454,hsub_great_britain_main_island,OCEAN,False,4.314531929,0.441236,eeecd783023cc6e4758502c064ce378aa09183f645847e2a7202bdadc6904548,"canonical hex polygon INTERSECT canonical OSM land component, unioned inside the hex (overlap-safe)",v1_sha1_hexid_pipe_subjectid
lfr_900a964f796879,h6000_q-000815_r+001454,hsub_great_britain_main_island,OCEAN,False,0.059697631,0.006226,67a7e7d3a0baa12c2737c93b4cfc7f8dbb01efec34fc5573417b37e0c42adf0c,"canonical hex polygon INTERSECT canonical OSM land component, unioned inside the hex (overlap-safe)",v1_sha1_hexid_pipe_subjectid
lfr_542fa0587681f8,h6000_q-000833_r+001455,hsub_great_britain_main_island,OCEAN,False,1.178237664,0.131432,a72bf454bd3289ad23955d0761a40fafdcc05cf0676d74202c959bcaaccb1f09,"canonical hex polygon INTERSECT canonical OSM land component, unioned inside the hex (overlap-safe)",v1_sha1_hexid_pipe_subjectid
lfr_b36715752cd674,h6000_q-000828_r+001455,hsub_great_britain_main_island,OCEAN,False,4.709110845,0.494949,ab591df6139731580cd3fe85303dfe64e69fc8fd0a909cdf9ca3213f9d76678d,"canonical hex polygon INTERSECT canonical OSM land component, unioned inside the hex (overlap-safe)",v1_sha1_hexid_pipe_subjectid
lfr_e4b5abbe35df64,h6000_q-000827_r+001455,hsub_great_britain_main_island,OCEAN,False,2.620123724,0.272399,6a572729d3a2f3582df71147a48d039c8678ed408ed508220b65a32178309207,"canonical hex polygon INTERSECT canonical OSM land component, unioned inside the hex (overlap-safe)",v1_sha1_hexid_pipe_subjectid
lfr_c3e8080719c001,h6000_q-000818_r+001455,hsub_great_britain_main_island,OCEAN,False,2.265447205,0.231938,90321665f6b6f49a927469049b6597b2159f76345a297567a60bfa776bc82608,"canonical hex polygon INTERSECT canonical OSM land component, unioned inside the hex (overlap-safe)",v1_sha1_hexid_pipe_subjectid
lfr_60a185759578d4,h6000_q-000833_r+001456,hsub_great_britain_main_island,OCEAN,False,1.346056325,0.179518,57efc5ce16b59ac0a841f76953e27ae6e2dd5a750994dac1e5025b186fa040c7,"canonical hex polygon INTERSECT canonical OSM land component, unioned inside the hex (overlap-safe)",v1_sha1_hexid_pipe_subjectid
lfr_253cb9fcecf42a,h6000_q-000827_r+001456,hsub_great_britain_main_island,OCEAN,False,3.991291413,0.409152,93d0f8ebc885d80dde06d3b75d3cc33e69c54ce0335a82f0c52b6b5be08727fb,"canonical hex polygon INTERSECT canonical OSM land component, unioned inside the hex (overlap-safe)",v1_sha1_hexid_pipe_subjectid
lfr_04f9db7fcfa229,h6000_q-000819_r+001456,hsub_great_britain_main_island,OCEAN,False,4.461193939,0.457282,75b5067577ad27acaa327e06ca997bdeb1724ad53b40970e5d6930ce12b47048,"canonical hex polygon INTERSECT canonical OSM land component, unioned inside the hex (overlap-safe)",v1_sha1_hexid_pipe_subjectid
lfr_dc5d2469546f80,h6000_q-000833_r+001457,hsub_great_britain_main_island,OCEAN,False,2.277436313,0.240048,beb08e81c61394632885668baa1132ed78a6190e83fb4452b4b6e8f92190a111,"canonical hex polygon INTERSECT canonical OSM land component, unioned inside the hex (overlap-safe)",v1_sha1_hexid_pipe_subjectid
lfr_52793a748b3d58,h6000_q-000827_r+001457,hsub_great_britain_main_island,OCEAN,False,3.834590751,0.393716,1267e979a2eb6077fadaa52311e1e775198728eab2411bd9e8649ab41629ae27,"canonical hex polygon INTERSECT canonical OSM land component, unioned inside the hex (overlap-safe)",v1_sha1_hexid_pipe_subjectid
lfr_cb311d8bbeaeb9,h6000_q-000833_r+001458,hsub_great_britain_main_island,OCEAN,False,1.781717283,0.183261,4bd064b13316eac677b199bbcb0fc62447e05b12c26676f36399741ae14af7c7,"canonical hex polygon INTERSECT canonical OSM land component, unioned inside the hex (overlap-safe)",v1_sha1_hexid_pipe_subjectid
lfr_d884b6c34bb0b8,h6000_q-000833_r+001459,hsub_great_britain_main_island,OCEAN,False,1.402182174,0.152169,1569b64f68403192df77a1f7d2dad3110ae203c75d54a5a94486fa06c6cbc802,"canonical hex polygon INTERSECT canonical OSM land component, unioned inside the hex (overlap-safe)",v1_sha1_hexid_pipe_subjectid
lfr_eae8dd5dd3070c,h6000_q-000834_r+001460,hsub_great_britain_main_island,OCEAN,False,2.28127817,0.257835,f5bc7ab1c2e3a9697f17cd95f6c95d253c3b6d0f614d12908d41152cae1089d9,"canonical hex polygon INTERSECT canonical OSM land component, unioned inside the hex (overlap-safe)",v1_sha1_hexid_pipe_subjectid
lfr_75a515b250d761,h6000_q-000826_r+001460,hsub_great_britain_main_island,OCEAN,False,4.176442857,0.430354,8c76f495ec26a57afe7d19e52fcca41bb401739a5cd6ca42e30c521007409dda,"canonical hex polygon INTERSECT canonical OSM land component, unioned inside the hex (overlap-safe)",v1_sha1_hexid_pipe_subjectid
lfr_989dcb80acf1de,h6000_q-000825_r+001461,hsub_great_britain_main_island,OCEAN,False,4.196858394,0.433059,216c89922308df537c14f1e95a5b8f34f9c4fd6cb65a9c240db08117a693724d,"canonical hex polygon INTERSECT canonical OSM land component, unioned inside the hex (overlap-safe)",v1_sha1_hexid_pipe_subjectid
lfr_45e7ce6fe0653b,h6000_q-000835_r+001463,hsub_great_britain_main_island,OCEAN,False,0.145226945,0.233972,88bc3e05f08170b427d4e4dc80241f1d5993bdf73e253fc0391d384c6f07e96c,"canonical hex polygon INTERSECT canonical OSM land component, unioned inside the hex (overlap-safe)",v1_sha1_hexid_pipe_subjectid
lfr_252a3711341a61,h6000_q-000836_r+001464,hsub_great_britain_main_island,OCEAN,False,0.879169945,0.345777,49185ee80334d6459c9f790bb1be878ca9d0367d5fcd4eef45a484771175f994,"canonical hex polygon INTERSECT canonical OSM land component, unioned inside the hex (overlap-safe)",v1_sha1_hexid_pipe_subjectid
lfr_6cb49aa63d24a1,h6000_q-000835_r+001464,hsub_great_britain_main_island,OCEAN,False,2.733841364,0.288144,873c0120a97ff01c27910ed98584ce4ca9dd0d3c16414b565389d235c1ae2553,"canonical hex polygon INTERSECT canonical OSM land component, unioned inside the hex (overlap-safe)",v1_sha1_hexid_pipe_subjectid
lfr_ef395a0be10439,h6000_q-000837_r+001468,hsub_great_britain_main_island,OCEAN,False,3.867933995,0.403006,7f28fc4f67f44d1067559aff47dff0626cec73bb192b1fb1994bb9e950521a95,"canonical hex polygon INTERSECT canonical OSM land component, unioned inside the hex (overlap-safe)",v1_sha1_hexid_pipe_subjectid
lfr_063f8976ebae13,h6000_q-000837_r+001472,hsub_great_britain_main_island,OCEAN,False,4.273595259,0.459745,77859feea5346eda5897d7de643e87a893704040a3576b908b9720e7fa662db9,"canonical hex polygon INTERSECT canonical OSM land component, unioned inside the hex (overlap-safe)",v1_sha1_hexid_pipe_subjectid
lfr_fa9d95ad8757ae,h6000_q-000838_r+001473,hsub_great_britain_main_island,OCEAN,False,1.18922146,0.124877,beb0fa92ab679827a27d3d2c00401d535026e67739b11c68ce66a26467d0bec1,"canonical hex polygon INTERSECT canonical OSM land component, unioned inside the hex (overlap-safe)",v1_sha1_hexid_pipe_subjectid
lfr_947140ee790117,h6000_q-000837_r+001473,hsub_great_britain_main_island,OCEAN,False,2.105295104,0.220835,647c2bfeb5f82f6b5adc27a9d145256ceae0a4fffc5b97bf604000ac2f194e7f,"canonical hex polygon INTERSECT canonical OSM land component, unioned inside the hex (overlap-safe)",v1_sha1_hexid_pipe_subjectid
lfr_af052e1de95a60,h6000_q-000693_r+001247,hsub_great_britain_main_island,OCEAN,False,0.018527594,0.001633,3195509b4d369b7f2dbbb34980447b439102502f3c48a1339ae10298a1bfecfd,"canonical hex polygon INTERSECT canonical OSM land component, unioned inside the hex (overlap-safe)",v1_sha1_hexid_pipe_subjectid
lfr_ecbe3fc001bc3f,h6000_q-000692_r+001247,hsub_great_britain_main_island,OCEAN,False,0.006789747,0.000915,01ace7e7ab4ebf337f2af6ab7ac612913376d5c3a36a3a2298c14d6a13453531,"canonical hex polygon INTERSECT canonical OSM land component, unioned inside the hex (overlap-safe)",v1_sha1_hexid_pipe_subjectid
lfr_8c0d52a02da86d,h6000_q-000695_r+001248,hsub_great_britain_main_island,OCEAN,False,6.283141858,0.492173,3758608f153631cc28afc54460184caea4693e09404d71af6de86cc2cbb256eb,"canonical hex polygon INTERSECT canonical OSM land component, unioned inside the hex (overlap-safe)",v1_sha1_hexid_pipe_subjectid
lfr_2acad1c49a9f42,h6000_q-000692_r+001248,hsub_great_britain_main_island,OCEAN,False,5.379713546,0.422118,c1d238df82107c80da7beefe88db78212c0bdc3ed5916c313807010dcb90ad2a,"canonical hex polygon INTERSECT canonical OSM land component, unioned inside the hex (overlap-safe)",v1_sha1_hexid_pipe_subjectid
lfr_ef19a41b852cde,h6000_q-000692_r+001249,hsub_great_britain_main_island,OCEAN,False,1.665932631,0.130547,9ce54ba3800ede6bec00ac1a6153912b6e62b520e55ac236c1d8e5f3f6aa9a0e,"canonical hex polygon INTERSECT canonical OSM land component, unioned inside the hex (overlap-safe)",v1_sha1_hexid_pipe_subjectid
lfr_2b889759c2f5c4,h6000_q-000698_r+001250,hsub_great_britain_main_island,OCEAN,False,0.519966425,0.041045,6c12078720f59c1f75d7c7736212876e0f63dd7198e5c5465e091a903286ccc6,"canonical hex polygon INTERSECT canonical OSM land component, unioned inside the hex (overlap-safe)",v1_sha1_hexid_pipe_subjectid
lfr_b4ec99ff2016a6,h6000_q-000692_r+001251,hsub_great_britain_main_island,OCEAN,False,1.323839679,0.104142,a62899c17bbd159de927353a365aaf31d4f1af9b4c36316ae57ae53f73b5e0f5,"canonical hex polygon INTERSECT canonical OSM land component, unioned inside the hex (overlap-safe)",v1_sha1_hexid_pipe_subjectid
lfr_e301eebd2249fa,h6000_q-000691_r+001252,hsub_great_britain_main_island,OCEAN,False,0.984222922,0.077509,dfae003f413b44e9450fa09bf3bc968fe2789312e21523c6db68724b7a95378c,"canonical hex polygon INTERSECT canonical OSM land component, unioned inside the hex (overlap-safe)",v1_sha1_hexid_pipe_subjectid
lfr_1ce61d8f791327,h6000_q-000691_r+001253,hsub_great_britain_main_island,OCEAN,False,0.079511209,0.00629,c15dbdc099ee2409d68cd06b63d48ce57818a8ba17031060e7f2d12fd4c467c8,"canonical hex polygon INTERSECT canonical OSM land component, unioned inside the hex (overlap-safe)",v1_sha1_hexid_pipe_subjectid
lfr_47cb1453409613,h6000_q-000692_r+001254,hsub_great_britain_main_island,OCEAN,False,4.551800871,0.359274,8d505fd01631493d7835f30723222bc34885f8309dc26ce21f911b9b4c05bb1e,"canonical hex polygon INTERSECT canonical OSM land component, unioned inside the hex (overlap-safe)",v1_sha1_hexid_pipe_subjectid
lfr_031e36bb0fdb0b,h6000_q-000693_r+001255,hsub_great_britain_main_island,OCEAN,False,0.102311579,0.008077,cb54f78669bf479f7f6ad3a249f2af2f2ff2aad138a5c191510b875b584bea43,"canonical hex polygon INTERSECT canonical OSM land component, unioned inside the hex (overlap-safe)",v1_sha1_hexid_pipe_subjectid
lfr_77bd474b8955fd,h6000_q-000693_r+001256,hsub_great_britain_main_island,OCEAN,False,5.348882989,0.423909,917e1cc3ee014d1cd45307503715a601d7cf76afd0cf8b3b4115b03d64cf8157,"canonical hex polygon INTERSECT canonical OSM land component, unioned inside the hex (overlap-safe)",v1_sha1_hexid_pipe_subjectid
lfr_91a519822d40fe,h6000_q-000694_r+001258,hsub_great_britain_main_island,OCEAN,False,5.425980508,0.430004,60730fd1193d9ea3a8361621b314fd2e3a8d3b4f1c564acca25d212d949ac8d8,"canonical hex polygon INTERSECT canonical OSM land component, unioned inside the hex (overlap-safe)",v1_sha1_hexid_pipe_subjectid
lfr_48cbe7e80891a8,h6000_q-000675_r+001258,hsub_great_britain_main_island,OCEAN,False,0.723717061,0.057351,ca8ed22ccdbf1c286252415b2bf233a5d08b2b531c88bc6ae24060690c579c0a,"canonical hex polygon INTERSECT canonical OSM land component, unioned inside the hex (overlap-safe)",v1_sha1_hexid_pipe_subjectid
lfr_a1d76f08737e63,h6000_q-000674_r+001258,hsub_great_britain_main_island,OCEAN,False,1.64483699,0.130371,43e4aa540740b313e08ca2ed9ccbae29f15bc1329016b1479582cf5c9b675f41,"canonical hex polygon INTERSECT canonical OSM land component, unioned inside the hex (overlap-safe)",v1_sha1_hexid_pipe_subjectid
lfr_67251051112d92,h6000_q-000694_r+001259,hsub_great_britain_main_island,OCEAN,False,3.376241216,0.267952,da512f7329187e28bf9831b8533588620303e7e83d8f670f33db940a1c743fb9,"canonical hex polygon INTERSECT canonical OSM land component, unioned inside the hex (overlap-safe)",v1_sha1_hexid_pipe_subjectid
lfr_556c4cf88b415d,h6000_q-000674_r+001259,hsub_great_britain_main_island,OCEAN,False,1.118247826,0.088723,fc49bf833b1254b3605f9a2bd4579cc9e2e872827f099474eadde043bb7438c5,"canonical hex polygon INTERSECT canonical OSM land component, unioned inside the hex (overlap-safe)",v1_sha1_hexid_pipe_subjectid
lfr_8fcaf3e682fa9b,h6000_q-000694_r+001260,hsub_great_britain_main_island,OCEAN,False,3.400444841,0.270198,2f281f9c7137b0b0b6cb01260c18444d1838369f8f09f687306be3708e9e5250,"canonical hex polygon INTERSECT canonical OSM land component, unioned inside the hex (overlap-safe)",v1_sha1_hexid_pipe_subjectid
lfr_6648dba0b5b364,h6000_q-000676_r+001260,hsub_great_britain_main_island,OCEAN,False,2.733082175,0.217543,02193db800dc704ae8f94f8324502d755f28545204d3c987d12c8be98b9d1524,"canonical hex polygon INTERSECT canonical OSM land component, unioned inside the hex (overlap-safe)",v1_sha1_hexid_pipe_subjectid
lfr_115746fb9cbcff,h6000_q-000675_r+001260,hsub_great_britain_main_island,OCEAN,False,0.969644936,0.088848,d26b4d97af08572ed0939b3777ad532744044739dff493bbd5f6f0abc8d0c2ca,"canonical hex polygon INTERSECT canonical OSM land component, unioned inside the hex (overlap-safe)",v1_sha1_hexid_pipe_subjectid
lfr_32220cd878e513,h6000_q-000669_r+001260,hsub_great_britain_main_island,OCEAN,False,0.035362554,0.002811,fd9a308071aed08b5e2bf3bb1c792169c8b5545703436a3193b871371f81eb4e,"canonical hex polygon INTERSECT canonical OSM land component, unioned inside the hex (overlap-safe)",v1_sha1_hexid_pipe_subjectid
lfr_a2d1c32af786fd,h6000_q-000668_r+001260,hsub_great_britain_main_island,OCEAN,False,4.236152117,0.336634,cf4117afbd0633724eb70b0176c4b2139b0a233dd2b411955c863285b09e9de5,"canonical hex polygon INTERSECT canonical OSM land component, unioned inside the hex (overlap-safe)",v1_sha1_hexid_pipe_subjectid
lfr_9572b1608929db,h6000_q-000667_r+001260,hsub_great_britain_main_island,OCEAN,False,1.29775695,0.103143,09c0febcb2e6e8f7580d5645526d6c453b9649e2465bc1086973fd98d999701c,"canonical hex polygon INTERSECT canonical OSM land component, unioned inside the hex (overlap-safe)",v1_sha1_hexid_pipe_subjectid
lfr_850df53af3e4d4,h6000_q-000666_r+001260,hsub_great_britain_main_island,OCEAN,False,0.01147146,0.000912,cdab7a99f63cd7e5f5a6eb7b515aaaf2c0d53fe52c723524004efbd0faa24f58,"canonical hex polygon INTERSECT canonical OSM land component, unioned inside the hex (overlap-safe)",v1_sha1_hexid_pipe_subjectid
lfr_77fdf249a70d73,h6000_q-000694_r+001261,hsub_great_britain_main_island,OCEAN,False,3.336944273,0.265457,09c557981e60f8bbf9dfaca1e43e334da762a1d3bb475d2db63160b706d6b5ff,"canonical hex polygon INTERSECT canonical OSM land component, unioned inside the hex (overlap-safe)",v1_sha1_hexid_pipe_subjectid
lfr_bff2b85ab761ae,h6000_q-000693_r+001261,hsub_great_britain_main_island,OCEAN,False,4.933925728,0.392591,df49e0617021b100e6b709f198bb9f686de8adbfd2df594ceb8e18736731420e,"canonical hex polygon INTERSECT canonical OSM land component, unioned inside the hex (overlap-safe)",v1_sha1_hexid_pipe_subjectid
lfr_ecf56fbaf9e426,h6000_q-000678_r+001261,hsub_great_britain_main_island,OCEAN,False,0.335839771,0.026727,8f0eb65cab75f7fcc0d017ec081bc0f4cee6899ec1d9d77e97e2b097559692ea,"canonical hex polygon INTERSECT canonical OSM land component, unioned inside the hex (overlap-safe)",v1_sha1_hexid_pipe_subjectid
lfr_355b02b53cb283,h6000_q-000673_r+001261,hsub_great_britain_main_island,OCEAN,False,0.630729933,0.050381,771fa7aab827d8f319d55197f6ad7e258078c0eb2537dff38eccd61a92435d91,"canonical hex polygon INTERSECT canonical OSM land component, unioned inside the hex (overlap-safe)",v1_sha1_hexid_pipe_subjectid
lfr_59e2bd7dec26b1,h6000_q-000672_r+001261,hsub_great_britain_main_island,OCEAN,False,2.344073517,0.186675,674c6803e57f6786ce06d07486711af75fd5f3dc9a96bce2c26f1e7028035571,"canonical hex polygon INTERSECT canonical OSM land component, unioned inside the hex (overlap-safe)",v1_sha1_hexid_pipe_subjectid
lfr_862ad562594327,h6000_q-000671_r+001261,hsub_great_britain_main_island,OCEAN,False,2.546178991,0.202608,4872c7a60b2e4fbdf793cecb5267fab1cc3a2190bd6b99585e6e2a25efc0cb2d,"canonical hex polygon INTERSECT canonical OSM land component, unioned inside the hex (overlap-safe)",v1_sha1_hexid_pipe_subjectid
lfr_3571f4dab55134,h6000_q-000692_r+001262,hsub_great_britain_main_island,OCEAN,False,4.315755911,0.347325,1fe84fa720c2a4dfd491b38ca0f57f5ffa4433ef5e81b0f3c423e38fba375bf4,"canonical hex polygon INTERSECT canonical OSM land component, unioned inside the hex (overlap-safe)",v1_sha1_hexid_pipe_subjectid
lfr_59dc4cd0c7cfb5,h6000_q-000679_r+001262,hsub_great_britain_main_island,OCEAN,False,4.069883558,0.324226,d60a1864f023c473aa404f3f7193063c311ccf947c29b4cdae605f658ef5a519,"canonical hex polygon INTERSECT canonical OSM land component, unioned inside the hex (overlap-safe)",v1_sha1_hexid_pipe_subjectid
lfr_e67532a9a8c1e7,h6000_q-000667_r+001262,hsub_great_britain_main_island,OCEAN,False,5.526322178,0.440263,aa1c28affe2f13a621e6f03a4771a63af07beefb3d97cc92c91bccd27a2a68f8,"canonical hex polygon INTERSECT canonical OSM land component, unioned inside the hex (overlap-safe)",v1_sha1_hexid_pipe_subjectid
lfr_e83487b40a9ec6,h6000_q-000692_r+001263,hsub_great_britain_main_island,OCEAN,False,5.676993775,0.453635,ffee8abde28f95d117758bcfb4650d04088319409af51bbbcb8aa8588b15b3d1,"canonical hex polygon INTERSECT canonical OSM land component, unioned inside the hex (overlap-safe)",v1_sha1_hexid_pipe_subjectid
lfr_dec1c09bcfa56c,h6000_q-000691_r+001263,hsub_great_britain_main_island,OCEAN,False,0.703725605,0.056145,656cae31d87fbbbaf5268a91f7fc57d156016961c8e2bf2476259da0db54a130,"canonical hex polygon INTERSECT canonical OSM land component, unioned inside the hex (overlap-safe)",v1_sha1_hexid_pipe_subjectid
lfr_37cd5a9d4916f3,h6000_q-000690_r+001263,hsub_great_britain_main_island,OCEAN,False,0.077140551,0.006156,810c1f8b98f071c4a2ff3fb648208f5ddb91aa60370891cd53d06267b6e294e1,"canonical hex polygon INTERSECT canonical OSM land component, unioned inside the hex (overlap-safe)",v1_sha1_hexid_pipe_subjectid
lfr_d1ed165a6ee182,h6000_q-000689_r+001263,hsub_great_britain_main_island,OCEAN,False,0.083097399,0.006631,67610b2d03ca18170134f7217d48b6607a124dafb8815c7b50f5344d3304c1a7,"canonical hex polygon INTERSECT canonical OSM land component, unioned inside the hex (overlap-safe)",v1_sha1_hexid_pipe_subjectid
lfr_64aa04ec5f1653,h6000_q-000681_r+001263,hsub_great_britain_main_island,OCEAN,False,3.280048725,0.261644,bd9adb46444de1483ab4e50cbd63078069680b34452f18bd5a17bae7ad4be56e,"canonical hex polygon INTERSECT canonical OSM land component, unioned inside the hex (overlap-safe)",v1_sha1_hexid_pipe_subjectid
lfr_36d7db3245294c,h6000_q-000689_r+001264,hsub_great_britain_main_island,OCEAN,False,5.20002077,0.415284,60770351d53c8c8e117239248d3177a6d8bd6079a27a284c03d7dc4b7185609e,"canonical hex polygon INTERSECT canonical OSM land component, unioned inside the hex (overlap-safe)",v1_sha1_hexid_pipe_subjectid
lfr_d987e6c18ca9b0,h6000_q-000688_r+001264,hsub_great_britain_main_island,OCEAN,False,4.874911327,0.389338,dd6fe99bcd5b854d4161c99a40c6f5dfffe6a8c2e4338ec88038b61eb45959a1,"canonical hex polygon INTERSECT canonical OSM land component, unioned inside the hex (overlap-safe)",v1_sha1_hexid_pipe_subjectid
lfr_72e23dd3dc4411,h6000_q-000687_r+001264,hsub_great_britain_main_island,OCEAN,False,1.094850412,0.087449,1538507b495a917bd9f9a6e8865789114111c116339b8fbd66e88e68c56d5024,"canonical hex polygon INTERSECT canonical OSM land component, unioned inside the hex (overlap-safe)",v1_sha1_hexid_pipe_subjectid
lfr_ab2a407d978008,h6000_q-000683_r+001264,hsub_great_britain_main_island,OCEAN,False,3.28408976,0.262297,89e1411dd957732278e522b2d9bdb41753010b79af97ebd79ab82df3a9253df2,"canonical hex polygon INTERSECT canonical OSM land component, unioned inside the hex (overlap-safe)",v1_sha1_hexid_pipe_subjectid
lfr_8370689dc5385d,h6000_q-000669_r+001264,hsub_great_britain_main_island,OCEAN,False,1.038691968,0.232024,56745aa4e33b742ca5edada5f9e2bf65a3bd6aff463b136e6aca03b4f84fcc90,"canonical hex polygon INTERSECT canonical OSM land component, unioned inside the hex (overlap-safe)",v1_sha1_hexid_pipe_subjectid
lfr_4d303e88e44890,h6000_q-000668_r+001264,hsub_great_britain_main_island,OCEAN,False,4.211418289,0.390989,12aead59b6c6bbeef2a484b57fc94a2f44b810832e8915d9b7b9c957efe7c962,"canonical hex polygon INTERSECT canonical OSM land component, unioned inside the hex (overlap-safe)",v1_sha1_hexid_pipe_subjectid
lfr_164d4dd3765555,h6000_q-000667_r+001264,hsub_great_britain_main_island,OCEAN,False,0.731077535,0.058391,b26bbfb713243c192c5a5d96ead85ac6bd66daf0a5f94c6e0683eaac9ae12b69,"canonical hex polygon INTERSECT canonical OSM land component, unioned inside the hex (overlap-safe)",v1_sha1_hexid_pipe_subjectid
lfr_6bfd955a1cf587,h6000_q-000661_r+001264,hsub_great_britain_main_island,OCEAN,False,0.28080987,0.036312,e99e4439a1a754b1688b5524dab4b5655fa91478a3cd2f04d6df83a95471329c,"canonical hex polygon INTERSECT canonical OSM land component, unioned inside the hex (overlap-safe)",v1_sha1_hexid_pipe_subjectid
lfr_9d677530452234,h6000_q-000686_r+001265,hsub_great_britain_main_island,OCEAN,False,4.609593781,0.387859,6c8066462601686fe6044738608aa96f76f0b0886df97c8d1a1e1366597fff3d,"canonical hex polygon INTERSECT canonical OSM land component, unioned inside the hex (overlap-safe)",v1_sha1_hexid_pipe_subjectid
lfr_d1bf226b39b576,h6000_q-000664_r+001265,hsub_great_britain_main_island,OCEAN,False,2.27315725,0.190438,71294214cecd9524d685b57c39afc43c8c2e4f58f04b08f5e6ddf966cd6bad7a,"canonical hex polygon INTERSECT canonical OSM land component, unioned inside the hex (overlap-safe)",v1_sha1_hexid_pipe_subjectid
lfr_86c5f5e1c58a44,h6000_q-000663_r+001265,hsub_great_britain_main_island,OCEAN,False,4.188505602,0.354189,f3f42276520c1c6cebbb7cc4df91b74a9df125e26c935bc0d8d0e3fc69a53d80,"canonical hex polygon INTERSECT canonical OSM land component, unioned inside the hex (overlap-safe)",v1_sha1_hexid_pipe_subjectid
lfr_8363bca12ba5f0,h6000_q-000661_r+001265,hsub_great_britain_main_island,OCEAN,False,3.536573117,0.294029,3b6544b70474a4bad7a15e678ba44bb81ff59297cf7f18f0d581b097bc81e88a,"canonical hex polygon INTERSECT canonical OSM land component, unioned inside the hex (overlap-safe)",v1_sha1_hexid_pipe_subjectid
lfr_757cf46481ea7b,h6000_q-000648_r+001265,hsub_great_britain_main_island,OCEAN,False,0.186015754,0.016658,db8ee3fc17a87a6b49932022abe8e1cf03be71f5b30cac710b1a72e00f446501,"canonical hex polygon INTERSECT canonical OSM land component, unioned inside the hex (overlap-safe)",v1_sha1_hexid_pipe_subjectid
lfr_2f005f820cca0f,h6000_q-000647_r+001265,hsub_great_britain_main_island,OCEAN,False,4.662774525,0.386575,4b6ad1ee6b33dd2dc7c9174a8e66f2cd64e521557d233140fcfa470cdc8f7207,"canonical hex polygon INTERSECT canonical OSM land component, unioned inside the hex (overlap-safe)",v1_sha1_hexid_pipe_subjectid
lfr_75ca6350a268aa,h6000_q-000629_r+001265,hsub_great_britain_main_island,OCEAN,False,0.039990343,0.003198,5e2bf6c1f4276429c20d3025dc9a623e7ad07c831531d139846e8fbb0202ab71,"canonical hex polygon INTERSECT canonical OSM land component, unioned inside the hex (overlap-safe)",v1_sha1_hexid_pipe_subjectid
lfr_b295c4679150a9,h6000_q-000628_r+001265,hsub_great_britain_main_island,OCEAN,False,2.11009879,0.176602,a97fdc40dbfb1017ce005f934b49b331776e44989eeb85d61bf95d185ab13d8a,"canonical hex polygon INTERSECT canonical OSM land component, unioned inside the hex (overlap-safe)",v1_sha1_hexid_pipe_subjectid
lfr_fe2f82487b9910,h6000_q-000660_r+001266,hsub_great_britain_main_island,OCEAN,False,3.975489864,0.318312,37016ff519c1135a828acbd32fb059bb8541d898cdf1bb8c197ec8922b9bd82d,"canonical hex polygon INTERSECT canonical OSM land component, unioned inside the hex (overlap-safe)",v1_sha1_hexid_pipe_subjectid
lfr_cd842515b0057c,h6000_q-000659_r+001266,hsub_great_britain_main_island,OCEAN,False,0.54011799,0.043245,48c4622d04ffca4b96a53ef5e6a6f58dbb06126f4eb3bc16095b6cd7e1ff58fd,"canonical hex polygon INTERSECT canonical OSM land component, unioned inside the hex (overlap-safe)",v1_sha1_hexid_pipe_subjectid
lfr_17a4cd24173443,h6000_q-000654_r+001266,hsub_great_britain_main_island,OCEAN,False,0.004532741,0.000363,304ab0684c011a50a48720d48e80ad0284b779598a60fe42fab58dc500e4f986,"canonical hex polygon INTERSECT canonical OSM land component, unioned inside the hex (overlap-safe)",v1_sha1_hexid_pipe_subjectid
lfr_faa402cb9ae94e,h6000_q-000649_r+001266,hsub_great_britain_main_island,OCEAN,False,4.456942854,0.356843,0a1916853eb0d50890966b5b03a042920c7d384f32a14e70cdbeb872709a9c84,"canonical hex polygon INTERSECT canonical OSM land component, unioned inside the hex (overlap-safe)",v1_sha1_hexid_pipe_subjectid
lfr_3034307c3ef30f,h6000_q-000647_r+001266,hsub_great_britain_main_island,OCEAN,False,4.358846296,0.350579,120c6b4c9151c4ad2531ac3d4fdb0f4cdaaed4ec1be5081ed17db324ed4a4aef,"canonical hex polygon INTERSECT canonical OSM land component, unioned inside the hex (overlap-safe)",v1_sha1_hexid_pipe_subjectid
lfr_2c837124f558b3,h6000_q-000631_r+001266,hsub_great_britain_main_island,OCEAN,False,3.10359644,0.248504,e91698974532b0ae50e6c61fa8e3837a5dc375c13c6547488fbe6c4eb55ecfb6,"canonical hex polygon INTERSECT canonical OSM land component, unioned inside the hex (overlap-safe)",v1_sha1_hexid_pipe_subjectid
lfr_42998b6f0c6d88,h6000_q-000658_r+001267,hsub_great_britain_main_island,OCEAN,False,1.098331634,0.088045,7851ccaf65b718521d4b5d541475a41ccf1618b7421e9cbdab8b8ef5786cb9c3,"canonical hex polygon INTERSECT canonical OSM land component, unioned inside the hex (overlap-safe)",v1_sha1_hexid_pipe_subjectid
lfr_c4ccbf64e8a42b,h6000_q-000656_r+001267,hsub_great_britain_main_island,OCEAN,False,0.819184083,0.065671,c660e7fa1b1be2ce50e70d2b27292a22c7f0413b40d433a9a65e79fa992c3c8e,"canonical hex polygon INTERSECT canonical OSM land component, unioned inside the hex (overlap-safe)",v1_sha1_hexid_pipe_subjectid
lfr_8d94434e3aa13c,h6000_q-000654_r+001267,hsub_great_britain_main_island,OCEAN,False,1.498879702,0.498123,d8b9c911bffa7752f2a14c73354a3925e312d683e717f208911aac949e10d55e,"canonical hex polygon INTERSECT canonical OSM land component, unioned inside the hex (overlap-safe)",v1_sha1_hexid_pipe_subjectid
lfr_dcd16dbfd0978a,h6000_q-000651_r+001267,hsub_great_britain_main_island,OCEAN,False,0.00073269,0.249098,7bd3d13fd9d7bfa1a3578af2f93a2a727f8c6fd3c07c08ecd3139b8dd0208aec,"canonical hex polygon INTERSECT canonical OSM land component, unioned inside the hex (overlap-safe)",v1_sha1_hexid_pipe_subjectid
lfr_4c1bb5e5e85609,h6000_q-000645_r+001267,hsub_great_britain_main_island,OCEAN,False,4.708178006,0.377443,c1b06d4091380c3b8a0be8619f742b0e6abfd8462b967708e557ba9d72f50807,"canonical hex polygon INTERSECT canonical OSM land component, unioned inside the hex (overlap-safe)",v1_sha1_hexid_pipe_subjectid
lfr_90138d0d935763,h6000_q-000644_r+001267,hsub_great_britain_main_island,OCEAN,False,1.461269904,0.11716,e26242dc03ad7c8f98b8a86d7f8b2da44561c5ddf054758b558be33daa6af194,"canonical hex polygon INTERSECT canonical OSM land component, unioned inside the hex (overlap-safe)",v1_sha1_hexid_pipe_subjectid
lfr_bad3a2974bf958,h6000_q-000643_r+001267,hsub_great_britain_main_island,OCEAN,False,0.283063203,0.0227,0d84ee114da64f397264ec3a87c4666564f36ffbf27875a0b862abbff9d5845a,"canonical hex polygon INTERSECT canonical OSM land component, unioned inside the hex (overlap-safe)",v1_sha1_hexid_pipe_subjectid
lfr_836b1992daa450,h6000_q-000642_r+001267,hsub_great_britain_main_island,OCEAN,False,0.330101057,0.026472,ec626f20e9a32e100d96c224e6e73c0771ac409a831da70feb48c0c85202d801,"canonical hex polygon INTERSECT canonical OSM land component, unioned inside the hex (overlap-safe)",v1_sha1_hexid_pipe_subjectid
lfr_b0a2c75f11893d,h6000_q-000641_r+001267,hsub_great_britain_main_island,OCEAN,False,0.00317517,0.000255,79c03d709165a45c80863153c35396bb5c6a97377d1e4fa60a39385dbc8afb42,"canonical hex polygon INTERSECT canonical OSM land component, unioned inside the hex (overlap-safe)",v1_sha1_hexid_pipe_subjectid
lfr_19a62f62395cd7,h6000_q-000634_r+001267,hsub_great_britain_main_island,OCEAN,False,2.325793369,0.188483,52bfdae65baec05bfacfbe6805d03390e96240614eb8bb02bf82dcf5c1404a0d,"canonical hex polygon INTERSECT canonical OSM land component, unioned inside the hex (overlap-safe)",v1_sha1_hexid_pipe_subjectid
lfr_87cd764a718708,h6000_q-000627_r+001267,hsub_great_britain_main_island,OCEAN,False,1.031745415,0.082706,0e2853703f9f5c7ec39e8064a41ec4cf2d3099e30624ba006b214d58d9e7c1f8,"canonical hex polygon INTERSECT canonical OSM land component, unioned inside the hex (overlap-safe)",v1_sha1_hexid_pipe_subjectid
lfr_f42e57275e571e,h6000_q-000658_r+001268,hsub_great_britain_main_island,OCEAN,False,0.520479977,0.044599,cf4caaf34f41518d3817dc99694abc83739b44dd29ee3a80a79eb63e90625a32,"canonical hex polygon INTERSECT canonical OSM land component, unioned inside the hex (overlap-safe)",v1_sha1_hexid_pipe_subjectid
lfr_04fa91067ae777,h6000_q-000657_r+001268,hsub_great_britain_main_island,OCEAN,False,5.361991537,0.430375,d3fe84a43e4594cb83a9b1026d9493f9780e9b6e1cf871ac90dab9ff480e8bd4,"canonical hex polygon INTERSECT canonical OSM land component, unioned inside the hex (overlap-safe)",v1_sha1_hexid_pipe_subjectid
lfr_e92d5e8ee32cf4,h6000_q-000655_r+001268,hsub_great_britain_main_island,OCEAN,False,4.929808791,0.407592,0ae2ca431051862cd4e37a0f8ba7438d1d5e894226ab615f39c94383e75c3e46,"canonical hex polygon INTERSECT canonical OSM land component, unioned inside the hex (overlap-safe)",v1_sha1_hexid_pipe_subjectid
lfr_b0f4631821d164,h6000_q-000653_r+001268,hsub_great_britain_main_island,OCEAN,False,0.486579444,0.178046,c79f9bea5065a9ee2a74594f7eb38de8b0575d27efeb82bba73026f6b17697c9,"canonical hex polygon INTERSECT canonical OSM land component, unioned inside the hex (overlap-safe)",v1_sha1_hexid_pipe_subjectid
lfr_2b94232aa10edc,h6000_q-000651_r+001268,hsub_great_britain_main_island,OCEAN,False,5.451778856,0.437529,28a61790268f89fa6417718b8c01c2eecf237ea7366283f9d361cbd3fe58c60b,"canonical hex polygon INTERSECT canonical OSM land component, unioned inside the hex (overlap-safe)",v1_sha1_hexid_pipe_subjectid
lfr_a37fc82353f5a4,h6000_q-000640_r+001268,hsub_great_britain_main_island,OCEAN,False,4.775964489,0.383351,2b86991d712fedc10dd64d409b37bcd57c831890801922c6808e4a7764aed776,"canonical hex polygon INTERSECT canonical OSM land component, unioned inside the hex (overlap-safe)",v1_sha1_hexid_pipe_subjectid
lfr_b4350ef45cf587,h6000_q-000639_r+001268,hsub_great_britain_main_island,OCEAN,False,1.451174151,0.116507,67d3353859cf517a136ab846ab49b18b6b197bf51830064072ff9d1c14b7c3f6,"canonical hex polygon INTERSECT canonical OSM land component, unioned inside the hex (overlap-safe)",v1_sha1_hexid_pipe_subjectid
lfr_9d9fcd9125a2a9,h6000_q-000638_r+001268,hsub_great_britain_main_island,OCEAN,False,1.336406734,0.107285,d9de306dbd35a1103d119c4a45b7fa8e7a78b112018a0cdef0347b5aed9bb76e,"canonical hex polygon INTERSECT canonical OSM land component, unioned inside the hex (overlap-safe)",v1_sha1_hexid_pipe_subjectid
lfr_474a7e8a4c5060,h6000_q-000637_r+001268,hsub_great_britain_main_island,OCEAN,False,3.430922742,0.275406,f873fc7c479467afcba19c2e0354fa17fbb8185c377a3c9e5a8c58d8a8a1fdcd,"canonical hex polygon INTERSECT canonical OSM land component, unioned inside the hex (overlap-safe)",v1_sha1_hexid_pipe_subjectid
lfr_20e19a683cfb4f,h6000_q-000627_r+001268,hsub_great_britain_main_island,OCEAN,False,4.36692502,0.35052,345e05eb03c2e2b363142ee6ed3a79159f8cdfe6268db3aa3db67212d778d9a5,"canonical hex polygon INTERSECT canonical OSM land component, unioned inside the hex (overlap-safe)",v1_sha1_hexid_pipe_subjectid
lfr_a5e957da1d3132,h6000_q-000626_r+001268,hsub_great_britain_main_island,OCEAN,False,0.165420521,0.013283,3d0f5ef2b4bb5964c52533e1add6c5651ddc0127fbdf4fe7c8ec2d3c241e3416,"canonical hex polygon INTERSECT canonical OSM land component, unioned inside the hex (overlap-safe)",v1_sha1_hexid_pipe_subjectid
lfr_ccbbbc9dba0463,h6000_q-000659_r+001269,hsub_great_britain_main_island,OCEAN,False,4.996997122,0.401543,8dc137d4d19adc3760481d79c5c589fba33db42976dbe9f4beb956ff729f45ba,"canonical hex polygon INTERSECT canonical OSM land component, unioned inside the hex (overlap-safe)",v1_sha1_hexid_pipe_subjectid
lfr_5a081c9eec6021,h6000_q-000625_r+001269,hsub_great_britain_main_island,OCEAN,False,6.202160065,0.498424,51a4694af9df9a95264294ea55e93ce6d5b7e89edce10972837454192fa531b9,"canonical hex polygon INTERSECT canonical OSM land component, unioned inside the hex (overlap-safe)",v1_sha1_hexid_pipe_subjectid
lfr_4b3260bff53bfe,h6000_q-000624_r+001269,hsub_great_britain_main_island,OCEAN,False,3.242409994,0.260603,7c048c4df4a58c1d91f29b75505e29820a854a8902c1dc45b22d27d3b05dddd4,"canonical hex polygon INTERSECT canonical OSM land component, unioned inside the hex (overlap-safe)",v1_sha1_hexid_pipe_subjectid
lfr_56305ddb5db507,h6000_q-000623_r+001269,hsub_great_britain_main_island,OCEAN,False,0.388446064,0.031218,4d25621872187615e2d29eda2275b4f015631fc7f493c05ae3225606334400c5,"canonical hex polygon INTERSECT canonical OSM land component, unioned inside the hex (overlap-safe)",v1_sha1_hexid_pipe_subjectid
lfr_0a0cf359c6ba13,h6000_q-000622_r+001270,hsub_great_britain_main_island,OCEAN,False,0.3433068,0.027626,360bd17c98db4f200ab723b73971d4e31be8b2ea641d76b9193cc0bd51bfc84e,"canonical hex polygon INTERSECT canonical OSM land component, unioned inside the hex (overlap-safe)",v1_sha1_hexid_pipe_subjectid
lfr_3f73713b31e68e,h6000_q-000622_r+001271,hsub_great_britain_main_island,OCEAN,False,3.567148906,0.287403,10cbe8b21be2b7c67bbcb0eed630aaf795336f3443dbe67f18379af19eed93da,"canonical hex polygon INTERSECT canonical OSM land component, unioned inside the hex (overlap-safe)",v1_sha1_hexid_pipe_subjectid
lfr_7072c1d6b06302,h6000_q-000619_r+001271,hsub_great_britain_main_island,OCEAN,False,0.630974051,0.05085,d8df85467b300bdd494378f9d217486af22d334cdd3b0d307cab000b4858ae08,"canonical hex polygon INTERSECT canonical OSM land component, unioned inside the hex (overlap-safe)",v1_sha1_hexid_pipe_subjectid
lfr_b71b636c8097fe,h6000_q-000618_r+001271,hsub_great_britain_main_island,OCEAN,False,2.686953901,0.216513,05f21c39343967dc78a9c0062b47e4756659c155af8b6186c3867d09d045fb38,"canonical hex polygon INTERSECT canonical OSM land component, unioned inside the hex (overlap-safe)",v1_sha1_hexid_pipe_subjectid
lfr_1b3f137b413ab6,h6000_q-000617_r+001271,hsub_great_britain_main_island,OCEAN,False,0.347199421,0.027976,80e08a579da01c9f5b58ecf560921e7739040bfc27ac7b41a6466cd08988be3f,"canonical hex polygon INTERSECT canonical OSM land component, unioned inside the hex (overlap-safe)",v1_sha1_hexid_pipe_subjectid
lfr_5fdff1b483a3b5,h6000_q-000619_r+001275,hsub_great_britain_main_island,OCEAN,False,5.549871152,0.449349,d0cd81d7e5842a4479427a73a56a8a2704ab465972f371755dc6ea25b5f099c8,"canonical hex polygon INTERSECT canonical OSM land component, unioned inside the hex (overlap-safe)",v1_sha1_hexid_pipe_subjectid
lfr_2bd42523f9617e,h6000_q-000618_r+001276,hsub_great_britain_main_island,OCEAN,False,1.344083112,0.108991,7d4e4201504bc8b6628988812be6dd00deed5a73e7044e9d97ba0e6a582b2855,"canonical hex polygon INTERSECT canonical OSM land component, unioned inside the hex (overlap-safe)",v1_sha1_hexid_pipe_subjectid
lfr_2fd1f0d41eb2a0,h6000_q-000616_r+001277,hsub_great_britain_main_island,OCEAN,False,1.848901476,0.150095,4e9559515b1b357d62b46546b2e35730a627d57c6f785cbed2fe62d715d376aa,"canonical hex polygon INTERSECT canonical OSM land component, unioned inside the hex (overlap-safe)",v1_sha1_hexid_pipe_subjectid
lfr_681c0378785c9b,h6000_q-000615_r+001278,hsub_great_britain_main_island,OCEAN,False,5.940279812,0.482821,115cce1db918bec143914c23f80943e2840fd83e6dd9f10edfa69404af631d25,"canonical hex polygon INTERSECT canonical OSM land component, unioned inside the hex (overlap-safe)",v1_sha1_hexid_pipe_subjectid
lfr_948c5daa32981f,h6000_q-000614_r+001278,hsub_great_britain_main_island,OCEAN,False,0.055766643,0.005848,dad3c4f9a177a08696a7decb79b71c4941f53017b41f777c978faacbbcd37e04,"canonical hex polygon INTERSECT canonical OSM land component, unioned inside the hex (overlap-safe)",v1_sha1_hexid_pipe_subjectid
lfr_63b9edb94e68fd,h6000_q-000614_r+001279,hsub_great_britain_main_island,OCEAN,False,4.863757204,0.395824,3543963f6c3e80e06ccdb3e66f412717bc65fba8aae9da191942c007e81984b6,"canonical hex polygon INTERSECT canonical OSM land component, unioned inside the hex (overlap-safe)",v1_sha1_hexid_pipe_subjectid
lfr_b96f1c87f96e97,h6000_q-000614_r+001280,hsub_great_britain_main_island,OCEAN,False,5.9179857,0.482136,9b88448d909d593f883ddf968a2c6a2404ab49f8e69bdca247f18ed90e35e609,"canonical hex polygon INTERSECT canonical OSM land component, unioned inside the hex (overlap-safe)",v1_sha1_hexid_pipe_subjectid
lfr_b2222e53342662,h6000_q-000704_r+001281,hsub_great_britain_main_island,OCEAN,False,4.259128742,0.347318,957370187dcd163515acaf317ba140afc21bbd7c68083c976aea5f22a0cb908d,"canonical hex polygon INTERSECT canonical OSM land component, unioned inside the hex (overlap-safe)",v1_sha1_hexid_pipe_subjectid
lfr_cf177fd7f8ff4b,h6000_q-000703_r+001281,hsub_great_britain_main_island,OCEAN,False,0.779619634,0.063551,9c0f16389cecf7fad499e27bbb3d98a088acc59f5502fde86f7865632f8a039a,"canonical hex polygon INTERSECT canonical OSM land component, unioned inside the hex (overlap-safe)",v1_sha1_hexid_pipe_subjectid
lfr_79e964130e71dc,h6000_q-000702_r+001281,hsub_great_britain_main_island,OCEAN,False,0.182606982,0.014885,7fa0a5c94fbb30ac33ffe0e6f246b82be740b24097e969499dcefcfa80e5bb65,"canonical hex polygon INTERSECT canonical OSM land component, unioned inside the hex (overlap-safe)",v1_sha1_hexid_pipe_subjectid
lfr_718f7f89f25f7b,h6000_q-000701_r+001281,hsub_great_britain_main_island,OCEAN,False,1.55273368,0.126592,be891b98977a718b078df5dbb98e48b1a674e562bea1921f94b6f35a072c5231,"canonical hex polygon INTERSECT canonical OSM land component, unioned inside the hex (overlap-safe)",v1_sha1_hexid_pipe_subjectid
lfr_2d14bb1c813f89,h6000_q-000614_r+001281,hsub_great_britain_main_island,OCEAN,False,0.611006976,0.049836,f45a903d7025b12407e7410d12d040ee2658eb6311b843c79b9ef72cb8db2a44,"canonical hex polygon INTERSECT canonical OSM land component, unioned inside the hex (overlap-safe)",v1_sha1_hexid_pipe_subjectid
lfr_f5e84da76eb47a,h6000_q-000715_r+001282,hsub_great_britain_main_island,OCEAN,False,2.749174521,0.224561,bc11dfedcf37caa7cc7e143e17ef3d31738545cbd79f084ae22042b80dd66d0d,"canonical hex polygon INTERSECT canonical OSM land component, unioned inside the hex (overlap-safe)",v1_sha1_hexid_pipe_subjectid
lfr_162e1ff70ce359,h6000_q-000709_r+001282,hsub_great_britain_main_island,OCEAN,False,5.789168921,0.472658,b61da387ed88f1832727d1f62ef8d407a999a1e71b06a396fb91609960cae266,"canonical hex polygon INTERSECT canonical OSM land component, unioned inside the hex (overlap-safe)",v1_sha1_hexid_pipe_subjectid
lfr_5da0598530a986,h6000_q-000708_r+001282,hsub_great_britain_main_island,OCEAN,False,3.613237595,0.294981,69f1da2ad66757323c4118e2febe14888a834c76e72f6d60a002f9e3ffe57f84,"canonical hex polygon INTERSECT canonical OSM land component, unioned inside the hex (overlap-safe)",v1_sha1_hexid_pipe_subjectid
lfr_f5c353df29e788,h6000_q-000706_r+001282,hsub_great_britain_main_island,OCEAN,False,4.866385911,0.397307,de21b8c2188cec000e4cc8bdd48d608905eaa3fc24ca0282d25895307024110f,"canonical hex polygon INTERSECT canonical OSM land component, unioned inside the hex (overlap-safe)",v1_sha1_hexid_pipe_subjectid
lfr_ad19f624c2eeee,h6000_q-000705_r+001282,hsub_great_britain_main_island,OCEAN,False,0.063168519,0.005155,89567d73db12b64afc60bb07f9331b8943e37a4da97ccf82a05540f5edb18287,"canonical hex polygon INTERSECT canonical OSM land component, unioned inside the hex (overlap-safe)",v1_sha1_hexid_pipe_subjectid
lfr_c3fed0ebf5ed7b,h6000_q-000699_r+001282,hsub_great_britain_main_island,OCEAN,False,0.222376659,0.018148,a5187ba332274f94309f7bc29e7ef5dd25cce5692db9f6700ef62289c284fe21,"canonical hex polygon INTERSECT canonical OSM land component, unioned inside the hex (overlap-safe)",v1_sha1_hexid_pipe_subjectid
lfr_95cf855e4da344,h6000_q-000697_r+001282,hsub_great_britain_main_island,OCEAN,False,3.867065544,0.329404,bc12795e0d54728599411ac8b1b5a50a540e01458987835579054417f9c287b2,"canonical hex polygon INTERSECT canonical OSM land component, unioned inside the hex (overlap-safe)",v1_sha1_hexid_pipe_subjectid
lfr_92023580d0c8e5,h6000_q-000712_r+001283,hsub_great_britain_main_island,OCEAN,False,0.483791365,0.039541,9a7c359f744aababf8ad1b66aa41ef197f56129a5f366833cb57d6f42975edef,"canonical hex polygon INTERSECT canonical OSM land component, unioned inside the hex (overlap-safe)",v1_sha1_hexid_pipe_subjectid
lfr_9d27a4cf089a37,h6000_q-000698_r+001283,hsub_great_britain_main_island,OCEAN,False,0.09793577,0.008011,2789b32f9fb87b8cd6c5a2e3580c1182f4aa90e8da2eb0da119b5b532f02bbe9,"canonical hex polygon INTERSECT canonical OSM land component, unioned inside the hex (overlap-safe)",v1_sha1_hexid_pipe_subjectid
lfr_0c9cc12b713e52,h6000_q-000698_r+001284,hsub_great_britain_main_island,OCEAN,False,5.795999041,0.474527,10d399a0a7db82419a14b1e81f8d2245d06259ec3db2570f8cb2202250f972b4,"canonical hex polygon INTERSECT canonical OSM land component, unioned inside the hex (overlap-safe)",v1_sha1_hexid_pipe_subjectid
lfr_9bdb6afab3e5f5,h6000_q-000616_r+001284,hsub_great_britain_main_island,OCEAN,False,0.848789683,0.069483,7dba6f969e6f7d4a41a1d28080e0d6caad504fceebe91945087ace19796adeff,"canonical hex polygon INTERSECT canonical OSM land component, unioned inside the hex (overlap-safe)",v1_sha1_hexid_pipe_subjectid
lfr_d311c7dcda2fad,h6000_q-000699_r+001285,hsub_great_britain_main_island,OCEAN,False,0.289841284,0.023772,deca24137c3d1a95898c51d494ce9338598703e2e910c45027828b39279909a3,"canonical hex polygon INTERSECT canonical OSM land component, unioned inside the hex (overlap-safe)",v1_sha1_hexid_pipe_subjectid
lfr_e467170286e7d8,h6000_q-000617_r+001285,hsub_great_britain_main_island,OCEAN,False,5.24957528,0.430349,9a24f52381ce1097265be7dcec1c55a4bc48b3efe92ba716d0ca3118686e811d,"canonical hex polygon INTERSECT canonical OSM land component, unioned inside the hex (overlap-safe)",v1_sha1_hexid_pipe_subjectid
lfr_2fdd4a6c8fe9eb,h6000_q-000616_r+001285,hsub_great_britain_main_island,OCEAN,False,0.229121462,0.018791,bd57fecffc57e3eaa406223862a262faadef1ca88a38b3fee21ede16626e1b5e,"canonical hex polygon INTERSECT canonical OSM land component, unioned inside the hex (overlap-safe)",v1_sha1_hexid_pipe_subjectid
lfr_6da929bec4de70,h6000_q-000699_r+001286,hsub_great_britain_main_island,OCEAN,False,0.171294878,0.014051,04a89996ad9c5d7e5bba5a16c2322e4035870cf24f4427c8316dc74abcfac2c5,"canonical hex polygon INTERSECT canonical OSM land component, unioned inside the hex (overlap-safe)",v1_sha1_hexid_pipe_subjectid
lfr_659cbd6cac502f,h6000_q-000616_r+001286,hsub_great_britain_main_island,OCEAN,False,1.523974496,0.125116,828554d96b55ae1ba7f8557204bd17d8bd1d557d3ab62f6ece4d196ae951664c,"canonical hex polygon INTERSECT canonical OSM land component, unioned inside the hex (overlap-safe)",v1_sha1_hexid_pipe_subjectid
lfr_d64eb3a628a123,h6000_q-000707_r+001287,hsub_great_britain_main_island,OCEAN,False,0.590374058,0.048541,0660304a45e3342c84f6e4a4df21debfd2d3b333f6f00585342c729df8030dcb,"canonical hex polygon INTERSECT canonical OSM land component, unioned inside the hex (overlap-safe)",v1_sha1_hexid_pipe_subjectid
lfr_214453fbe877bf,h6000_q-000706_r+001287,hsub_great_britain_main_island,OCEAN,False,1.559546413,0.128229,eb1c19bf61a414177dead393a2ec1bf8f67967e8f04dca15529c99b393df97b2,"canonical hex polygon INTERSECT canonical OSM land component, unioned inside the hex (overlap-safe)",v1_sha1_hexid_pipe_subjectid
lfr_f9fb85e23648db,h6000_q-000705_r+001287,hsub_great_britain_main_island,OCEAN,False,0.393000798,0.032308,a2a9f06e184a0619a9bcc33a2a7c1bab58d3d871cae88e7ef15eac7eb760b227,"canonical hex polygon INTERSECT canonical OSM land component, unioned inside the hex (overlap-safe)",v1_sha1_hexid_pipe_subjectid
lfr_b38ad647931efb,h6000_q-000704_r+001287,hsub_great_britain_main_island,OCEAN,False,0.071603758,0.005889,04db1029c49eda91e9ebac27211d37deccc3aa9341bead41714dd53d581bb2ae,"canonical hex polygon INTERSECT canonical OSM land component, unioned inside the hex (overlap-safe)",v1_sha1_hexid_pipe_subjectid
lfr_9caf1dd28afc4e,h6000_q-000699_r+001287,hsub_great_britain_main_island,OCEAN,False,0.841176731,0.069819,80277b4eadbdc9cf2a4844c73d287c4796c0304161e475557b4d2063e1cde51e,"canonical hex polygon INTERSECT canonical OSM land component, unioned inside the hex (overlap-safe)",v1_sha1_hexid_pipe_subjectid
lfr_65a0dc562831fc,h6000_q-000624_r+001287,hsub_great_britain_main_island,OCEAN,False,3.44301462,0.282862,c682fe5283828c5dc60c319329ea3292bec9dfd5dd2606ed4979b3128e9adc21,"canonical hex polygon INTERSECT canonical OSM land component, unioned inside the hex (overlap-safe)",v1_sha1_hexid_pipe_subjectid
lfr_fb149b18335f61,h6000_q-000623_r+001287,hsub_great_britain_main_island,OCEAN,False,5.461192972,0.448704,41a9d55c0c9ddb06a2df64e5cda0768aaae40d7d5f232ce9597ce6eb6f322cbb,"canonical hex polygon INTERSECT canonical OSM land component, unioned inside the hex (overlap-safe)",v1_sha1_hexid_pipe_subjectid
lfr_5019f1308a6a73,h6000_q-000710_r+001288,hsub_great_britain_main_island,OCEAN,False,4.692521927,0.386261,131c06d5582e0abf674cbdf040d7ad958561ac6accbe00099f83d0b4b64d6cda,"canonical hex polygon INTERSECT canonical OSM land component, unioned inside the hex (overlap-safe)",v1_sha1_hexid_pipe_subjectid
lfr_fa9b5150dfcb06,h6000_q-000703_r+001288,hsub_great_britain_main_island,OCEAN,False,4.21901395,0.352186,56091099178ff666684f328868bc9531f0c820ff9efcd31911e6262694bfaeff,"canonical hex polygon INTERSECT canonical OSM land component, unioned inside the hex (overlap-safe)",v1_sha1_hexid_pipe_subjectid
lfr_7701df9246f17a,h6000_q-000699_r+001288,hsub_great_britain_main_island,OCEAN,False,2.03079155,0.167042,a06fcef807867f2fda39433a40ed5c98934c206d8f1ff639fe93104aa6541990,"canonical hex polygon INTERSECT canonical OSM land component, unioned inside the hex (overlap-safe)",v1_sha1_hexid_pipe_subjectid
lfr_5f8e28c29ae0b0,h6000_q-000698_r+001288,hsub_great_britain_main_island,OCEAN,False,5.514824232,0.453706,c581195a02295219f9add3fdab0732e4a4b7931d16432005b54159e5b5d0a36c,"canonical hex polygon INTERSECT canonical OSM land component, unioned inside the hex (overlap-safe)",v1_sha1_hexid_pipe_subjectid
lfr_4c007af48114e3,h6000_q-000633_r+001288,hsub_great_britain_main_island,OCEAN,False,1.752356944,0.260781,876723feac0e0603ea0c5ee9db4e765cbb29b37ec6ef4c8da8f1d56692dcb61d,"canonical hex polygon INTERSECT canonical OSM land component, unioned inside the hex (overlap-safe)",v1_sha1_hexid_pipe_subjectid
lfr_f8349ed1be3eff,h6000_q-000632_r+001288,hsub_great_britain_main_island,OCEAN,False,1.654552578,0.189897,87c3dd4d3789ac9fa51c59ca7cefde144d20985141f2c02dcbf7b7ef2688f66a,"canonical hex polygon INTERSECT canonical OSM land component, unioned inside the hex (overlap-safe)",v1_sha1_hexid_pipe_subjectid
lfr_de70e9fe0ffb61,h6000_q-000620_r+001288,hsub_great_britain_main_island,OCEAN,False,0.000958967,7.9e-05,80ae5b2c30e2ba7094dd7357b3b4eff80e2db693d3c7502bbf60af2572c38700,"canonical hex polygon INTERSECT canonical OSM land component, unioned inside the hex (overlap-safe)",v1_sha1_hexid_pipe_subjectid
lfr_4c0a45a2fca480,h6000_q-000619_r+001288,hsub_great_britain_main_island,OCEAN,False,0.292140888,0.024024,e17f3a68928c028f3fca25a262095a362a4453fb75fe1b60ad6898081c2beef3,"canonical hex polygon INTERSECT canonical OSM land component, unioned inside the hex (overlap-safe)",v1_sha1_hexid_pipe_subjectid
lfr_111d1b213e3231,h6000_q-000618_r+001288,hsub_great_britain_main_island,OCEAN,False,2.152556809,0.177057,5c3048d6503dac02b8c9243ddf6f67617728c2fc63a18de80ab881fbb7966995,"canonical hex polygon INTERSECT canonical OSM land component, unioned inside the hex (overlap-safe)",v1_sha1_hexid_pipe_subjectid
lfr_df1a5473f25219,h6000_q-000617_r+001288,hsub_great_britain_main_island,OCEAN,False,0.005389422,0.000462,0ee32efcc489d6121ea06c479968b4a5a031504348b47216feb06fc3a2e3abfd,"canonical hex polygon INTERSECT canonical OSM land component, unioned inside the hex (overlap-safe)",v1_sha1_hexid_pipe_subjectid
lfr_769d9f64e7663a,h6000_q-000703_r+001289,hsub_great_britain_main_island,OCEAN,False,2.121203248,0.174791,2f2ea4807fbe7eba643450d551af9f879d5613eb22a601c9b5be0f4d6bacf21c,"canonical hex polygon INTERSECT canonical OSM land component, unioned inside the hex (overlap-safe)",v1_sha1_hexid_pipe_subjectid
lfr_84f905898b04e9,h6000_q-000698_r+001289,hsub_great_britain_main_island,OCEAN,False,4.13591368,0.340716,0223946d4879d93227d0817cfa172aafad46c9f294bef5c64f2eaadd2b44b771,"canonical hex polygon INTERSECT canonical OSM land component, unioned inside the hex (overlap-safe)",v1_sha1_hexid_pipe_subjectid
lfr_3e6b9ecee3e7a8,h6000_q-000632_r+001289,hsub_great_britain_main_island,OCEAN,False,2.78542229,0.331921,fcea08f447ad0c181182a91ab75e82013584e558246c2901bf169c2cd3f5e6e6,"canonical hex polygon INTERSECT canonical OSM land component, unioned inside the hex (overlap-safe)",v1_sha1_hexid_pipe_subjectid
lfr_3248dba8a353ea,h6000_q-000631_r+001289,hsub_great_britain_main_island,OCEAN,False,1.702404581,0.41015,f3f4cd74bea2b8bba3515f140291b5d1571cfab209a5a8c2a533c3cc158f770b,"canonical hex polygon INTERSECT canonical OSM land component, unioned inside the hex (overlap-safe)",v1_sha1_hexid_pipe_subjectid
lfr_f8a5d4cf815562,h6000_q-000714_r+001290,hsub_great_britain_main_island,OCEAN,False,0.0155195,0.001281,8fd22067f739424c9e0dc4a1bf50132ff1db23b465b3db2ce548dfda24c80a57,"canonical hex polygon INTERSECT canonical OSM land component, unioned inside the hex (overlap-safe)",v1_sha1_hexid_pipe_subjectid
lfr_8a1c7ddc38ab3a,h6000_q-000713_r+001290,hsub_great_britain_main_island,OCEAN,False,0.178912045,0.014764,a8b4dfac6658344c1320c9327612b053e0d74ca20a372d35899b9dfc054e0b6c,"canonical hex polygon INTERSECT canonical OSM land component, unioned inside the hex (overlap-safe)",v1_sha1_hexid_pipe_subjectid
lfr_a23b964496eed4,h6000_q-000703_r+001290,hsub_great_britain_main_island,OCEAN,False,1.658387961,0.136849,0ed7e9db1e53c3ed73000e30810a288a4ade32bc987434f7e6828b6d7b15b41f,"canonical hex polygon INTERSECT canonical OSM land component, unioned inside the hex (overlap-safe)",v1_sha1_hexid_pipe_subjectid
lfr_df4b811700d7a4,h6000_q-000698_r+001290,hsub_great_britain_main_island,OCEAN,False,2.815847236,0.232237,24df86161ec2ed561e872ac7cd21b5930c1fe8b624c938210988de38472777e4,"canonical hex polygon INTERSECT canonical OSM land component, unioned inside the hex (overlap-safe)",v1_sha1_hexid_pipe_subjectid
lfr_899c5e707916e3,h6000_q-000715_r+001291,hsub_great_britain_main_island,OCEAN,False,2.010403071,0.166115,ff1880a9b329b08f3a5d25ef2cddd958915dd771c45627eba0644223c5ba4f17,"canonical hex polygon INTERSECT canonical OSM land component, unioned inside the hex (overlap-safe)",v1_sha1_hexid_pipe_subjectid
lfr_e1df00834d81bf,h6000_q-000703_r+001291,hsub_great_britain_main_island,OCEAN,False,3.353274171,0.277101,aeb329ab3f69024dcfbea0078b0d917f32efd5ea39e39a7991b1b3509fc4b976,"canonical hex polygon INTERSECT canonical OSM land component, unioned inside the hex (overlap-safe)",v1_sha1_hexid_pipe_subjectid
lfr_6a3477f2474814,h6000_q-000698_r+001291,hsub_great_britain_main_island,OCEAN,False,0.195853149,0.016745,5e1dd2d39c7fc447772a29b16993a5602b497b9636dc9e854866eae3e99dc208,"canonical hex polygon INTERSECT canonical OSM land component, unioned inside the hex (overlap-safe)",v1_sha1_hexid_pipe_subjectid
lfr_b5f8134569d067,h6000_q-000635_r+001291,hsub_great_britain_main_island,OCEAN,False,3.647186088,0.301161,d405f0c246bda8e9321c4bc59d471079408499bb6b2f5bea56bf03ac27a1d9b6,"canonical hex polygon INTERSECT canonical OSM land component, unioned inside the hex (overlap-safe)",v1_sha1_hexid_pipe_subjectid
lfr_f47f979b268021,h6000_q-000634_r+001291,hsub_great_britain_main_island,OCEAN,False,1.792287434,0.147991,6478cbba3601057f5f33a223276444ce4a52778bd3fd3230e61a6735c1282cba,"canonical hex polygon INTERSECT canonical OSM land component, unioned inside the hex (overlap-safe)",v1_sha1_hexid_pipe_subjectid
lfr_92389c1a389cc2,h6000_q-000633_r+001291,hsub_great_britain_main_island,OCEAN,False,0.609436958,0.050314,13e6945f48c4ab336c30227161350c99c51fc6d1bbc7699cba41b08d548ba0e0,"canonical hex polygon INTERSECT canonical OSM land component, unioned inside the hex (overlap-safe)",v1_sha1_hexid_pipe_subjectid
lfr_f82259ac5c6571,h6000_q-000716_r+001292,hsub_great_britain_main_island,OCEAN,False,1.402287935,0.116004,90ef0a96c7889ab6cb33673bd8b8035f26c631410bec3d6f21ba0b0075dfc073,"canonical hex polygon INTERSECT canonical OSM land component, unioned inside the hex (overlap-safe)",v1_sha1_hexid_pipe_subjectid
lfr_71865a0bf095e3,h6000_q-000702_r+001292,hsub_great_britain_main_island,OCEAN,False,3.274716563,0.270952,3918be54b9e19d7f5dd71f46472971c7c1513e2cd410b05959988ccbda8459bc,"canonical hex polygon INTERSECT canonical OSM land component, unioned inside the hex (overlap-safe)",v1_sha1_hexid_pipe_subjectid
lfr_cd18e4cbc3377d,h6000_q-000700_r+001292,hsub_great_britain_main_island,OCEAN,False,0.238353119,0.019728,8dd9d047bf80effe0b8f4a34d9275cdf23aab0310b0945d3717c745df689f7b8,"canonical hex polygon INTERSECT canonical OSM land component, unioned inside the hex (overlap-safe)",v1_sha1_hexid_pipe_subjectid
lfr_a18f77bdb0bb8a,h6000_q-000633_r+001292,hsub_great_britain_main_island,OCEAN,False,0.297730307,0.024642,0a303e0faa9491f135f3217b0c28a56cb9b3db3ed994409e2d8caa5c3ddf7840,"canonical hex polygon INTERSECT canonical OSM land component, unioned inside the hex (overlap-safe)",v1_sha1_hexid_pipe_subjectid
lfr_7e18140804f151,h6000_q-000632_r+001292,hsub_great_britain_main_island,OCEAN,False,2.102262312,0.173952,f5a828e05908b9adfe86eb90aaa76a1c70ae7c21069f64212789811d4c51bf38,"canonical hex polygon INTERSECT canonical OSM land component, unioned inside the hex (overlap-safe)",v1_sha1_hexid_pipe_subjectid
lfr_cfbea9da8e9493,h6000_q-000631_r+001292,hsub_great_britain_main_island,OCEAN,False,1.198302106,0.099147,48bc3e911742116894414053d0b2ee819021939d0a754e6ffe39d8d8ebdcd2ba,"canonical hex polygon INTERSECT canonical OSM land component, unioned inside the hex (overlap-safe)",v1_sha1_hexid_pipe_subjectid
lfr_88dd96156d1791,h6000_q-000717_r+001293,hsub_great_britain_main_island,OCEAN,False,0.133985021,0.0111,eb90f794634b31323dfb88cd15d699fb290f312a1c86f6795814a9adbb07888f,"canonical hex polygon INTERSECT canonical OSM land component, unioned inside the hex (overlap-safe)",v1_sha1_hexid_pipe_subjectid
lfr_42c353fbfb7cd6,h6000_q-000699_r+001293,hsub_great_britain_main_island,OCEAN,False,4.196956297,0.348862,f4e3c5cf42fc97a803d0072b95a2763ae01d4945f7aa81fc5b51e8460ff5dd88,"canonical hex polygon INTERSECT canonical OSM land component, unioned inside the hex (overlap-safe)",v1_sha1_hexid_pipe_subjectid
lfr_f73988530eecbe,h6000_q-000631_r+001293,hsub_great_britain_main_island,OCEAN,False,5.105018945,0.487965,46f0a45ccfc31f0dae568be8558e0910b22e7519d6025383012494b08a992ba8,"canonical hex polygon INTERSECT canonical OSM land component, unioned inside the hex (overlap-safe)",v1_sha1_hexid_pipe_subjectid
lfr_099c459f17e439,h6000_q-000721_r+001294,hsub_great_britain_main_island,OCEAN,False,3.957797265,0.33017,890f9d9d7aca8742a0db57c48ce8c6e3f6aaf32e8a35d050dd8795a338eba809,"canonical hex polygon INTERSECT canonical OSM land component, unioned inside the hex (overlap-safe)",v1_sha1_hexid_pipe_subjectid
lfr_efd12610c52049,h6000_q-000718_r+001294,hsub_great_britain_main_island,OCEAN,False,0.250621836,0.020789,126bd0f04a4bbcc1631f057a932b35c7265c2f8b79004da740cc202c8380fb50,"canonical hex polygon INTERSECT canonical OSM land component, unioned inside the hex (overlap-safe)",v1_sha1_hexid_pipe_subjectid
lfr_a8bec0b50be76d,h6000_q-000698_r+001294,hsub_great_britain_main_island,OCEAN,False,4.917276067,0.407869,fb8ede80213f96a21b0cf09e893993ef88631528230a891bb20926a1546b7f66,"canonical hex polygon INTERSECT canonical OSM land component, unioned inside the hex (overlap-safe)",v1_sha1_hexid_pipe_subjectid
lfr_1e73f0e51ad709,h6000_q-000697_r+001294,hsub_great_britain_main_island,OCEAN,False,0.715729987,0.059414,fe1637e081e1551a87e7b821b0a89d24d54c3757cc1a7d10a70f6c874f6527f3,"canonical hex polygon INTERSECT canonical OSM land component, unioned inside the hex (overlap-safe)",v1_sha1_hexid_pipe_subjectid
lfr_4a404ee5810228,h6000_q-000721_r+001295,hsub_great_britain_main_island,OCEAN,False,3.863288105,0.320862,f77bc606fcbdb22abbc925f2e27627caf7f187cd727a76de4262a7657b2f42e3,"canonical hex polygon INTERSECT canonical OSM land component, unioned inside the hex (overlap-safe)",v1_sha1_hexid_pipe_subjectid
lfr_f455f426087e90,h6000_q-000720_r+001295,hsub_great_britain_main_island,OCEAN,False,2.448960345,0.203414,42ef08147048f4825762e79ae01914207caad8914fa7b15f396c90fe6c091a7e,"canonical hex polygon INTERSECT canonical OSM land component, unioned inside the hex (overlap-safe)",v1_sha1_hexid_pipe_subjectid
lfr_5c3c46fb073295,h6000_q-000719_r+001295,hsub_great_britain_main_island,OCEAN,False,2.96156131,0.245969,ca1ccb5e6d483ad27dfe8bc01b57abf1e688a03e8f8d2db346d64b36558f83b2,"canonical hex polygon INTERSECT canonical OSM land component, unioned inside the hex (overlap-safe)",v1_sha1_hexid_pipe_subjectid
lfr_ba281538c499a9,h6000_q-000697_r+001295,hsub_great_britain_main_island,OCEAN,False,4.5930485,0.381701,7a3fa7de25006a6b6fccf9499f59a8654e122f897a57a18d4443434e6781e86a,"canonical hex polygon INTERSECT canonical OSM land component, unioned inside the hex (overlap-safe)",v1_sha1_hexid_pipe_subjectid
lfr_a854994663a2f5,h6000_q-000697_r+001296,hsub_great_britain_main_island,OCEAN,False,5.641462393,0.469047,a5bb85e8a6e65a30f6486a3cfb98aa3dc29ae80ee427c3deee6e3c01bad0621b,"canonical hex polygon INTERSECT canonical OSM land component, unioned inside the hex (overlap-safe)",v1_sha1_hexid_pipe_subjectid
lfr_442c722fdca5bb,h6000_q-000696_r+001296,hsub_great_britain_main_island,OCEAN,False,4.822751804,0.40086,b374d05ef3b763acc1670319353ae1df13fe27c3a4be57843421d0728d29cc55,"canonical hex polygon INTERSECT canonical OSM land component, unioned inside the hex (overlap-safe)",v1_sha1_hexid_pipe_subjectid
lfr_2f1f774fbc2e7f,h6000_q-000697_r+001297,hsub_great_britain_main_island,OCEAN,False,4.964982586,0.413339,d640b26d6edc5c006379177180e1bdb059b479610d9a8bd65eea859f6a834abe,"canonical hex polygon INTERSECT canonical OSM land component, unioned inside the hex (overlap-safe)",v1_sha1_hexid_pipe_subjectid
lfr_c4311ed2abe61d,h6000_q-000696_r+001297,hsub_great_britain_main_island,OCEAN,False,5.869183448,0.488446,5d52dea14d663b489d27e2b694105f118567058c41f97e0232dbbe10c2e6e5d0,"canonical hex polygon INTERSECT canonical OSM land component, unioned inside the hex (overlap-safe)",v1_sha1_hexid_pipe_subjectid
lfr_5414c4d74d6a95,h6000_q-000631_r+001297,hsub_great_britain_main_island,OCEAN,False,5.561159472,0.462931,45d313727ea7f6ecba67f85cd9a80744085be9a9c7eff920ce5e3658056b9a1b,"canonical hex polygon INTERSECT canonical OSM land component, unioned inside the hex (overlap-safe)",v1_sha1_hexid_pipe_subjectid
lfr_08b32b3585c427,h6000_q-000631_r+001298,hsub_great_britain_main_island,OCEAN,False,0.373455538,0.031117,0a16cd423d9a80ec2df2ee40fc7ba5ca83215a1c91f624991b352a1354db39bb,"canonical hex polygon INTERSECT canonical OSM land component, unioned inside the hex (overlap-safe)",v1_sha1_hexid_pipe_subjectid
lfr_f65562114f3ddf,h6000_q-000636_r+001299,hsub_great_britain_main_island,OCEAN,False,4.677092993,0.476392,026775265313d44d3452ff2ce0c5e846481d130f26aa64431b42624797510667,"canonical hex polygon INTERSECT canonical OSM land component, unioned inside the hex (overlap-safe)",v1_sha1_hexid_pipe_subjectid
lfr_2728514e41b1ed,h6000_q-000635_r+001299,hsub_great_britain_main_island,OCEAN,False,1.85346683,0.259314,04de0aeba99777c70c355b8c1bc038eb1209c266a3575e17e4218f1448cf7694,"canonical hex polygon INTERSECT canonical OSM land component, unioned inside the hex (overlap-safe)",v1_sha1_hexid_pipe_subjectid
lfr_00dca131e0291f,h6000_q-000634_r+001299,hsub_great_britain_main_island,OCEAN,False,4.794216982,0.401835,1dda864888b208d4fb607625e22f5732de775930f432055beeee383e39fce805,"canonical hex polygon INTERSECT canonical OSM land component, unioned inside the hex (overlap-safe)",v1_sha1_hexid_pipe_subjectid
lfr_f5cdac3d562101,h6000_q-000634_r+001300,hsub_great_britain_main_island,OCEAN,False,4.976638704,0.438286,923d5d8815b18c0673ba997d62854511fda30a66a6c110cc2e56ecd179d863df,"canonical hex polygon INTERSECT canonical OSM land component, unioned inside the hex (overlap-safe)",v1_sha1_hexid_pipe_subjectid
lfr_ae532b62850fab,h6000_q-000633_r+001300,hsub_great_britain_main_island,OCEAN,False,4.081368699,0.340896,1bd9aada02d2a1ccfeffe5f58f1ced204b8020208cabecb33425b5c6cb777389,"canonical hex polygon INTERSECT canonical OSM land component, unioned inside the hex (overlap-safe)",v1_sha1_hexid_pipe_subjectid
lfr_effce40a2e7e06,h6000_q-000632_r+001301,hsub_great_britain_main_island,OCEAN,False,1.506359325,0.126491,eafaf14972536def298df73a1140a5f8b6819c671d88af6ea1e2d42799993090,"canonical hex polygon INTERSECT canonical OSM land component, unioned inside the hex (overlap-safe)",v1_sha1_hexid_pipe_subjectid
lfr_4a92517bfbe581,h6000_q-000629_r+001301,hsub_great_britain_main_island,OCEAN,False,2.668330994,0.22332,58b156b829776a9920a2a42b55c7a37367d059e7b9de67aa4033ac036d00b5b8,"canonical hex polygon INTERSECT canonical OSM land component, unioned inside the hex (overlap-safe)",v1_sha1_hexid_pipe_subjectid
lfr_2586ecbb441ae3,h6000_q-000628_r+001302,hsub_great_britain_main_island,OCEAN,False,1.695354386,0.142069,f2fe5770d7a720e8eb81e2d98ea77e8ec21f5201150771eb91ec2291b6775e97,"canonical hex polygon INTERSECT canonical OSM land component, unioned inside the hex (overlap-safe)",v1_sha1_hexid_pipe_subjectid
lfr_f8b2c8d1f49053,h6000_q-000628_r+001303,hsub_great_britain_main_island,OCEAN,False,4.100027822,0.344438,53d64c28afdc51366a666bed623a81361aa00658c503cb03c18c5494e7d9cbad,"canonical hex polygon INTERSECT canonical OSM land component, unioned inside the hex (overlap-safe)",v1_sha1_hexid_pipe_subjectid
lfr_eeb1192cd65351,h6000_q-000628_r+001304,hsub_great_britain_main_island,OCEAN,False,3.098635719,0.269833,d6e3336169040aa9696bdb532ba1a62e9f3dcff5d473a3c33ab0ff7f6627d646,"canonical hex polygon INTERSECT canonical OSM land component, unioned inside the hex (overlap-safe)",v1_sha1_hexid_pipe_subjectid
lfr_ca5a70d77b3667,h6000_q-000629_r+001305,hsub_great_britain_main_island,OCEAN,False,1.098026692,0.166743,3e6b7ced9b39a335e711c3259db44d6f1ec5ba875431fb5916a9c81457bbd21b,"canonical hex polygon INTERSECT canonical OSM land component, unioned inside the hex (overlap-safe)",v1_sha1_hexid_pipe_subjectid
lfr_754919b4c028ce,h6000_q-000629_r+001306,hsub_great_britain_main_island,OCEAN,False,0.884007408,0.074453,038ef4f8e7bdf58040a510ef4f49d76b333c47d7cbf72a7bdd9ae2c7e897208c,"canonical hex polygon INTERSECT canonical OSM land component, unioned inside the hex (overlap-safe)",v1_sha1_hexid_pipe_subjectid
lfr_ca0267964972c3,h6000_q-000632_r+001307,hsub_great_britain_main_island,OCEAN,False,3.986372308,0.336259,7996f1cf2675e40f8581156f6bd663b46c1999ea8069cafae0b3fc92789cdab3,"canonical hex polygon INTERSECT canonical OSM land component, unioned inside the hex (overlap-safe)",v1_sha1_hexid_pipe_subjectid
lfr_118a25cf0e1270,h6000_q-000630_r+001307,hsub_great_britain_main_island,OCEAN,False,5.844495213,0.492691,1bbe3897579818c90a13bb22c6d8b15776ffd173a73ce42f056b77cdbef2d210,"canonical hex polygon INTERSECT canonical OSM land component, unioned inside the hex (overlap-safe)",v1_sha1_hexid_pipe_subjectid
lfr_6b51e30ea9cbbf,h6000_q-000628_r+001307,hsub_great_britain_main_island,OCEAN,False,0.769825526,0.064924,e370e5a91948f836b07513987d322347d2405bbd6bf2bcd00518d9e8893bca91,"canonical hex polygon INTERSECT canonical OSM land component, unioned inside the hex (overlap-safe)",v1_sha1_hexid_pipe_subjectid
lfr_6ead731a8d56da,h6000_q-000628_r+001308,hsub_great_britain_main_island,OCEAN,False,3.005413414,0.253949,5d3173b6839689c34eba7b4694e96666da8d16a8d6f9ba75be6ad418c16f7ed0,"canonical hex polygon INTERSECT canonical OSM land component, unioned inside the hex (overlap-safe)",v1_sha1_hexid_pipe_subjectid
lfr_750108f7174965,h6000_q-000627_r+001311,hsub_great_britain_main_island,OCEAN,False,1.917897809,0.237137,55271a8210e6e11ac6a3b2a9b3dc646c1fdd1281edad13ab67190036614daf0e,"canonical hex polygon INTERSECT canonical OSM land component, unioned inside the hex (overlap-safe)",v1_sha1_hexid_pipe_subjectid
lfr_ec7bfefb7c8046,h6000_q-000627_r+001314,hsub_great_britain_main_island,OCEAN,False,2.564050919,0.218119,b0ab7335a4e22a44a4cfbd8cf4e868c1ef7f67ad455286cd95fbec035301aaa3,"canonical hex polygon INTERSECT canonical OSM land component, unioned inside the hex (overlap-safe)",v1_sha1_hexid_pipe_subjectid
lfr_f1517a23b90867,h6000_q-000627_r+001315,hsub_great_britain_main_island,OCEAN,False,0.403818817,0.034402,4dcdb32ecb0bd3175cb4e1fe143140e868384576a2b91f84413aff7a10beeed1,"canonical hex polygon INTERSECT canonical OSM land component, unioned inside the hex (overlap-safe)",v1_sha1_hexid_pipe_subjectid
lfr_d9d5bec2f6d589,h6000_q-000628_r+001317,hsub_great_britain_main_island,OCEAN,False,1.964475507,0.167751,a37c01d7bbbd9f5778084368ef702163b64f03c7b838e238316d1345a645ffdd,"canonical hex polygon INTERSECT canonical OSM land component, unioned inside the hex (overlap-safe)",v1_sha1_hexid_pipe_subjectid
lfr_3c2f7f5ea0558e,h6000_q-000629_r+001321,hsub_great_britain_main_island,OCEAN,False,4.99208955,0.428516,d792b65987ab5367d44c533ca99fd15d94aa20ad5b0e21f27843daa954ebd4f9,"canonical hex polygon INTERSECT canonical OSM land component, unioned inside the hex (overlap-safe)",v1_sha1_hexid_pipe_subjectid
lfr_4781bafc400897,h6000_q-000629_r+001322,hsub_great_britain_main_island,OCEAN,False,3.447075163,0.296284,683cd9701100ce30d248f786df852825e3f03fe8898535af53603130ebd55831,"canonical hex polygon INTERSECT canonical OSM land component, unioned inside the hex (overlap-safe)",v1_sha1_hexid_pipe_subjectid
lfr_76ee45dbb57a11,h6000_q-000629_r+001323,hsub_great_britain_main_island,OCEAN,False,0.936704465,0.080608,64e8b1beb571633f5b600c6209438d9da57eef0113800eb95eaa46446b61f9f8,"canonical hex polygon INTERSECT canonical OSM land component, unioned inside the hex (overlap-safe)",v1_sha1_hexid_pipe_subjectid
lfr_9285cbe92a4745,h6000_q-000630_r+001325,hsub_great_britain_main_island,OCEAN,False,4.859445491,0.424551,63850bf01f383b8ef04146a9737d63cee43283d81e792b91447287c5f9dea655,"canonical hex polygon INTERSECT canonical OSM land component, unioned inside the hex (overlap-safe)",v1_sha1_hexid_pipe_subjectid
lfr_e857808dcedb69,h6000_q-000630_r+001326,hsub_great_britain_main_island,OCEAN,False,1.151301479,0.100709,5017f02fa0efce2420b6a76b14c5002deebaf084d8982ca9eb143db9d0692e02,"canonical hex polygon INTERSECT canonical OSM land component, unioned inside the hex (overlap-safe)",v1_sha1_hexid_pipe_subjectid
lfr_118e78bb5e3627,h6000_q-000631_r+001327,hsub_great_britain_main_island,OCEAN,False,4.318557691,0.373486,dfa607b6d5b1b6f0f2e4d7bab8e74c6584bbba67fe82358fdb570e7d28311c38,"canonical hex polygon INTERSECT canonical OSM land component, unioned inside the hex (overlap-safe)",v1_sha1_hexid_pipe_subjectid
lfr_6f36fb1b9edbab,h6000_q-000632_r+001329,hsub_great_britain_main_island,OCEAN,False,2.284841875,0.198135,33027e71abc4a79e51f9ac176279cb34221d5631e42861200c2af282f963e951,"canonical hex polygon INTERSECT canonical OSM land component, unioned inside the hex (overlap-safe)",v1_sha1_hexid_pipe_subjectid
lfr_06b2eae82416a5,h6000_q-000633_r+001331,hsub_great_britain_main_island,OCEAN,False,2.97789854,0.258876,56299a7147e98834f298d771d53e30686b10defb8fd9e389f1ecc2dc5c5473c3,"canonical hex polygon INTERSECT canonical OSM land component, unioned inside the hex (overlap-safe)",v1_sha1_hexid_pipe_subjectid
lfr_adf1b5cee052d6,h6000_q-000635_r+001334,hsub_great_britain_main_island,OCEAN,False,0.230702932,0.020129,6a175028d679154225b7f3ab4d8c2e668cae3f5a9659f23e8c1a164fc86048a9,"canonical hex polygon INTERSECT canonical OSM land component, unioned inside the hex (overlap-safe)",v1_sha1_hexid_pipe_subjectid
lfr_6aa807e4a45d42,h6000_q-000636_r+001335,hsub_great_britain_main_island,OCEAN,False,0.242750019,0.021206,4c0b18a3e8c7de5fdc333626ede997eedb79a28d11c5e33c6cb76c09c4b9a364,"canonical hex polygon INTERSECT canonical OSM land component, unioned inside the hex (overlap-safe)",v1_sha1_hexid_pipe_subjectid
lfr_47e30d8bda402c,h6000_q-000639_r+001337,hsub_great_britain_main_island,OCEAN,False,2.918070374,0.255579,9cea1ae96289298b7994b3f399e80b6ed37187a6327f7d985f810b5ad084737e,"canonical hex polygon INTERSECT canonical OSM land component, unioned inside the hex (overlap-safe)",v1_sha1_hexid_pipe_subjectid
lfr_e6e856fa449300,h6000_q-000665_r+001338,hsub_great_britain_main_island,OCEAN,False,3.833727255,0.351028,4f79c28b6322a630dce04371dfb8c2ce089dca722c848c01f747d8bc807d4bba,"canonical hex polygon INTERSECT canonical OSM land component, unioned inside the hex (overlap-safe)",v1_sha1_hexid_pipe_subjectid
lfr_1557a24cfcf272,h6000_q-000664_r+001338,hsub_great_britain_main_island,OCEAN,False,0.000303202,0.003179,6599f9ece1d6392c90bfe79f7947451af3f205b86fef91b4eaf72cd919c4f439,"canonical hex polygon INTERSECT canonical OSM land component, unioned inside the hex (overlap-safe)",v1_sha1_hexid_pipe_subjectid
lfr_3ad2391201a4e4,h6000_q-000663_r+001338,hsub_great_britain_main_island,OCEAN,False,0.158899282,0.01393,b1b12eef157ccaa0a521bebded61d54932ad8e902c0e35e646ae08315681908a,"canonical hex polygon INTERSECT canonical OSM land component, unioned inside the hex (overlap-safe)",v1_sha1_hexid_pipe_subjectid
lfr_55fa5b9276bdd7,h6000_q-000662_r+001338,hsub_great_britain_main_island,OCEAN,False,1.885979676,0.165394,7218e6690690f86528003d33ee18aa08ef129267ab73178ae477c059689b1215,"canonical hex polygon INTERSECT canonical OSM land component, unioned inside the hex (overlap-safe)",v1_sha1_hexid_pipe_subjectid
lfr_05fb567214ede2,h6000_q-000666_r+001339,hsub_great_britain_main_island,OCEAN,False,4.22423158,0.373269,63d6d40596326cb84664f2183c7cee4e48d9359f0aad3aae7cb3cef6a7459c06,"canonical hex polygon INTERSECT canonical OSM land component, unioned inside the hex (overlap-safe)",v1_sha1_hexid_pipe_subjectid
lfr_c54dc81d44eb85,h6000_q-000642_r+001339,hsub_great_britain_main_island,OCEAN,False,2.439391752,0.214204,e58b453bdfccfcc9cdc6d7b77752c5276e94ab9b361d80dd85419ebc11a1ec0f,"canonical hex polygon INTERSECT canonical OSM land component, unioned inside the hex (overlap-safe)",v1_sha1_hexid_pipe_subjectid
lfr_ac16d1cc7dbcda,h6000_q-000667_r+001340,hsub_great_britain_main_island,OCEAN,False,1.509402237,0.135924,7dfc795135b4242f616187b67b59178234fc8d77bc13a0629a5fabc3e6ec04dd,"canonical hex polygon INTERSECT canonical OSM land component, unioned inside the hex (overlap-safe)",v1_sha1_hexid_pipe_subjectid
lfr_ea26f6be753605,h6000_q-000662_r+001340,hsub_great_britain_main_island,OCEAN,False,0.31627272,0.027809,f6b65d63b30354959ffba850611be607dc86684673fb7da2aec89d8b7f361971,"canonical hex polygon INTERSECT canonical OSM land component, unioned inside the hex (overlap-safe)",v1_sha1_hexid_pipe_subjectid
lfr_226d2c7bfe77da,h6000_q-000643_r+001340,hsub_great_britain_main_island,OCEAN,False,0.095163732,0.008367,05783a7e23d9430adf3e52eb13154a3a00dc551951ddbff4946006af9e4b8a62,"canonical hex polygon INTERSECT canonical OSM land component, unioned inside the hex (overlap-safe)",v1_sha1_hexid_pipe_subjectid
lfr_82d1526cdde0cd,h6000_q-000669_r+001341,hsub_great_britain_main_island,OCEAN,False,1.112976389,0.178892,1669a228e07e73e06aca66837d3ee5202ce7c9d8fe952669d938b9502eea28b1,"canonical hex polygon INTERSECT canonical OSM land component, unioned inside the hex (overlap-safe)",v1_sha1_hexid_pipe_subjectid
lfr_068744ecdc5ffe,h6000_q-000662_r+001341,hsub_great_britain_main_island,OCEAN,False,1.739680586,0.153199,c00b6cdd78bfb228a0caee1ff70a93f0e18f2224f0845a43705d2bb58d9e90f7,"canonical hex polygon INTERSECT canonical OSM land component, unioned inside the hex (overlap-safe)",v1_sha1_hexid_pipe_subjectid
lfr_96943307f89834,h6000_q-000645_r+001341,hsub_great_britain_main_island,OCEAN,False,1.298208584,0.114285,9b4346b22a6981d26338ccf9df3814373564e4e93338b786399fd8d3ec730638,"canonical hex polygon INTERSECT canonical OSM land component, unioned inside the hex (overlap-safe)",v1_sha1_hexid_pipe_subjectid
lfr_27da4c0700d6bf,h6000_q-000669_r+001342,hsub_great_britain_main_island,OCEAN,False,0.664548099,0.063403,64fab82af31dc3170a6552ec96a7aba49d43336e51a6542d0e738324bf145a47,"canonical hex polygon INTERSECT canonical OSM land component, unioned inside the hex (overlap-safe)",v1_sha1_hexid_pipe_subjectid
lfr_83d2b9814069ca,h6000_q-000662_r+001342,hsub_great_britain_main_island,OCEAN,False,4.08923816,0.360537,f8bc024b9f26d9c31e5583f8a98cdeac53b27da9bf062f98c2030b6107d250af,"canonical hex polygon INTERSECT canonical OSM land component, unioned inside the hex (overlap-safe)",v1_sha1_hexid_pipe_subjectid
lfr_2985c7d9a9b1fe,h6000_q-000649_r+001342,hsub_great_britain_main_island,OCEAN,False,5.451898207,0.480622,d68c1f5c753c342cafb10695346cb0a49ba57005971612835d5a041ccfc6afaf,"canonical hex polygon INTERSECT canonical OSM land component, unioned inside the hex (overlap-safe)",v1_sha1_hexid_pipe_subjectid
lfr_7fdb14619e8d37,h6000_q-000648_r+001342,hsub_great_britain_main_island,OCEAN,False,3.773843842,0.332666,c6875827b39497e70c7558dfed7b64474a221831737daddd4568a3cbfadd9f43,"canonical hex polygon INTERSECT canonical OSM land component, unioned inside the hex (overlap-safe)",v1_sha1_hexid_pipe_subjectid
lfr_498ff997a3d224,h6000_q-000647_r+001342,hsub_great_britain_main_island,OCEAN,False,0.869357995,0.076626,d8bcf125b8f83699abb609795bfa0311247c4ae6e737158884a718c8745be364,"canonical hex polygon INTERSECT canonical OSM land component, unioned inside the hex (overlap-safe)",v1_sha1_hexid_pipe_subjectid
lfr_19547263c8aed4,h6000_q-000669_r+001343,hsub_great_britain_main_island,OCEAN,False,1.573230738,0.139298,b2ff6efe4ab74cdf31da04d49ee5b8a7188a0900bed3c9b5efe555de423d4970,"canonical hex polygon INTERSECT canonical OSM land component, unioned inside the hex (overlap-safe)",v1_sha1_hexid_pipe_subjectid
lfr_70198963762911,h6000_q-000662_r+001343,hsub_great_britain_main_island,OCEAN,False,1.79708855,0.158622,0a28cad1b07b05f29afa4a1c8ddf6a1ababfd19e42a03d511bb12819c99ecd59,"canonical hex polygon INTERSECT canonical OSM land component, unioned inside the hex (overlap-safe)",v1_sha1_hexid_pipe_subjectid
lfr_01628d038cbf7a,h6000_q-000661_r+001343,hsub_great_britain_main_island,OCEAN,False,4.865713633,0.445831,481605392fe55bdd5303fdf59411f4f13ee4a1c99184c3f152c22e2432a443e8,"canonical hex polygon INTERSECT canonical OSM land component, unioned inside the hex (overlap-safe)",v1_sha1_hexid_pipe_subjectid
lfr_4f9609246599eb,h6000_q-000660_r+001343,hsub_great_britain_main_island,OCEAN,False,5.02574967,0.446503,cc2d939f914c89de6abe1a6fc291212294d20a7e78d09bab94ef49c43b598803,"canonical hex polygon INTERSECT canonical OSM land component, unioned inside the hex (overlap-safe)",v1_sha1_hexid_pipe_subjectid
lfr_924574664116c8,h6000_q-000656_r+001343,hsub_great_britain_main_island,OCEAN,False,4.963074608,0.464913,a2c862ec27e74d5a8b92173dc65ea7434511be5166897efed745253750a3efd8,"canonical hex polygon INTERSECT canonical OSM land component, unioned inside the hex (overlap-safe)",v1_sha1_hexid_pipe_subjectid
lfr_8b63e83054f604,h6000_q-000655_r+001343,hsub_great_britain_main_island,OCEAN,False,0.150186117,0.347916,461552a9b236033b9979b3163dfce5061100b7e5d58e3e863616f684aa4a20a4,"canonical hex polygon INTERSECT canonical OSM land component, unioned inside the hex (overlap-safe)",v1_sha1_hexid_pipe_subjectid
lfr_574741a1c267c0,h6000_q-000654_r+001343,hsub_great_britain_main_island,OCEAN,False,0.484484575,0.093057,cdfd9c927b0951250e525cd0423c9159170303aef5824ca3983a6a0a546079da,"canonical hex polygon INTERSECT canonical OSM land component, unioned inside the hex (overlap-safe)",v1_sha1_hexid_pipe_subjectid
lfr_01bea099946352,h6000_q-000653_r+001343,hsub_great_britain_main_island,OCEAN,False,1.211600594,0.190456,2b09c290052e295dd616c951047e32993ad982adedf5cdd8fe68ee6e087c524c,"canonical hex polygon INTERSECT canonical OSM land component, unioned inside the hex (overlap-safe)",v1_sha1_hexid_pipe_subjectid
lfr_c6ca4612c2eaa0,h6000_q-000652_r+001343,hsub_great_britain_main_island,OCEAN,False,1.458868089,0.14302,dcc024bd93484cf0af2d2fbc1c0def41410158056760556cf4f46af7029fcb52,"canonical hex polygon INTERSECT canonical OSM land component, unioned inside the hex (overlap-safe)",v1_sha1_hexid_pipe_subjectid
lfr_13978d0884b562,h6000_q-000669_r+001344,hsub_great_britain_main_island,OCEAN,False,3.142026244,0.280286,cdd19919ff907cf249842dffd90e41a65837d3e645044648ebbf2ff7e7584008,"canonical hex polygon INTERSECT canonical OSM land component, unioned inside the hex (overlap-safe)",v1_sha1_hexid_pipe_subjectid
lfr_65c28010bf9154,h6000_q-000668_r+001345,hsub_great_britain_main_island,OCEAN,False,0.633652708,0.056125,86660acfbe5e0b6e3ee0953e0aa35b77f2acdab9b94fb9b771b49856e1f183fe,"canonical hex polygon INTERSECT canonical OSM land component, unioned inside the hex (overlap-safe)",v1_sha1_hexid_pipe_subjectid
lfr_514a3602bfb4d6,h6000_q-000668_r+001346,hsub_great_britain_main_island,OCEAN,False,4.208939439,0.373568,cf28d130b288acca6a8d8c0834153920d5a27ab9ab44304bb72c31568d2fdad4,"canonical hex polygon INTERSECT canonical OSM land component, unioned inside the hex (overlap-safe)",v1_sha1_hexid_pipe_subjectid
lfr_5dc44fbcc66f80,h6000_q-000667_r+001347,hsub_great_britain_main_island,OCEAN,False,1.040027351,0.092337,c30475374e441f564a0424fd2c15d438db8718be032fe426fc99407b6deaa759,"canonical hex polygon INTERSECT canonical OSM land component, unioned inside the hex (overlap-safe)",v1_sha1_hexid_pipe_subjectid
lfr_c57bc783949ac8,h6000_q-000668_r+001349,hsub_great_britain_main_island,OCEAN,False,5.266790824,0.468679,d31f340fb8e8c23aae66d4eeb19d0202bdca4ffb502fb05ab244748f0b5dcdf8,"canonical hex polygon INTERSECT canonical OSM land component, unioned inside the hex (overlap-safe)",v1_sha1_hexid_pipe_subjectid
lfr_961dd791a54e7b,h6000_q-000668_r+001350,hsub_great_britain_main_island,OCEAN,False,0.308398001,0.027482,3457daf3790b080abbeb9210b9f0c30a9738f32e4b225f4d6a6d814136ee8eee,"canonical hex polygon INTERSECT canonical OSM land component, unioned inside the hex (overlap-safe)",v1_sha1_hexid_pipe_subjectid
lfr_1992e7299f7649,h6000_q-000734_r+001353,hsub_great_britain_main_island,OCEAN,False,4.443884241,0.410724,3f61d82c0ba42537c6fa3c7a771660083def381a890f1e32612d13cf19cd3632,"canonical hex polygon INTERSECT canonical OSM land component, unioned inside the hex (overlap-safe)",v1_sha1_hexid_pipe_subjectid
lfr_38583163640f71,h6000_q-000670_r+001353,hsub_great_britain_main_island,OCEAN,False,0.850599433,0.07607,f97ac53a749e74b556b06aa9eb3e99ed09e7eb7bad4e8788c97b9391ad1c066d,"canonical hex polygon INTERSECT canonical OSM land component, unioned inside the hex (overlap-safe)",v1_sha1_hexid_pipe_subjectid
lfr_975ab1ced5f6bf,h6000_q-000750_r+001354,hsub_great_britain_main_island,OCEAN,False,0.755387773,0.067629,d0ac646182b55384b094b5d804c9514950bf993a196d123203c1dd854b595062,"canonical hex polygon INTERSECT canonical OSM land component, unioned inside the hex (overlap-safe)",v1_sha1_hexid_pipe_subjectid
lfr_9a8a915ef3c46b,h6000_q-000736_r+001354,hsub_great_britain_main_island,OCEAN,False,4.719743094,0.422632,4bfed71a8049ce3aae39c9d527a371d9713e59156b388a5d4ee6e5e4876fb523,"canonical hex polygon INTERSECT canonical OSM land component, unioned inside the hex (overlap-safe)",v1_sha1_hexid_pipe_subjectid
lfr_30f49c7d6230ba,h6000_q-000735_r+001354,hsub_great_britain_main_island,OCEAN,False,0.344047161,0.030826,59f0155e5e43df0d451a6c26abfd17b2cc7ce2871b749fce30544b88489482ed,"canonical hex polygon INTERSECT canonical OSM land component, unioned inside the hex (overlap-safe)",v1_sha1_hexid_pipe_subjectid
lfr_41fd173cbc046d,h6000_q-000671_r+001354,hsub_great_britain_main_island,OCEAN,False,2.642357136,0.236626,9a87dd1edfba0eecc025b29e6d7e9a331d259fa87ab9835d98a10de92e32f8aa,"canonical hex polygon INTERSECT canonical OSM land component, unioned inside the hex (overlap-safe)",v1_sha1_hexid_pipe_subjectid
lfr_c4e7c11b6195d5,h6000_q-000749_r+001355,hsub_great_britain_main_island,OCEAN,False,3.526792513,0.316324,76ba08e194953ef3851c5d1fb042d94fc9edd509a64ac149e66e2cd23f72ce31,"canonical hex polygon INTERSECT canonical OSM land component, unioned inside the hex (overlap-safe)",v1_sha1_hexid_pipe_subjectid
lfr_c6a7134cfca1c3,h6000_q-000746_r+001355,hsub_great_britain_main_island,OCEAN,False,0.007511737,0.000673,923a38207f965dffb87b8018d093e27d55f9edbb9bd26fd95dfdaf9450d7f38c,"canonical hex polygon INTERSECT canonical OSM land component, unioned inside the hex (overlap-safe)",v1_sha1_hexid_pipe_subjectid
lfr_23734265ada8a7,h6000_q-000745_r+001355,hsub_great_britain_main_island,OCEAN,False,0.040888777,0.003664,429b31aff344349a3fe573612c2ede8434bf86bada7b84d2453f0d1d01f46f75,"canonical hex polygon INTERSECT canonical OSM land component, unioned inside the hex (overlap-safe)",v1_sha1_hexid_pipe_subjectid
lfr_fc043ad2846948,h6000_q-000744_r+001355,hsub_great_britain_main_island,OCEAN,False,0.283533395,0.025422,498f52318918e4c2722cd6d87c39c2d51e885648093fb456266e1b992a8625ff,"canonical hex polygon INTERSECT canonical OSM land component, unioned inside the hex (overlap-safe)",v1_sha1_hexid_pipe_subjectid
lfr_f3530a4ca65a7e,h6000_q-000743_r+001355,hsub_great_britain_main_island,OCEAN,False,5.219026873,0.46793,d3d86da4e9869f823cd48d76644157471d1a4b1decec50c487c378f80b443f5f,"canonical hex polygon INTERSECT canonical OSM land component, unioned inside the hex (overlap-safe)",v1_sha1_hexid_pipe_subjectid
lfr_debce1d68a373d,h6000_q-000737_r+001355,hsub_great_britain_main_island,OCEAN,False,0.718232067,0.064387,a6de68e8350bcef6b9d6731e1dd639fc5085fa2031e24c29360a07f02ebae0c6,"canonical hex polygon INTERSECT canonical OSM land component, unioned inside the hex (overlap-safe)",v1_sha1_hexid_pipe_subjectid
lfr_484a1ee5f8f7d1,h6000_q-000731_r+001355,hsub_great_britain_main_island,OCEAN,False,0.051820199,0.004645,3e530b3811504edc08aeac3f0bb2204e05e656309b21fb39f3aaaf5c66080aca,"canonical hex polygon INTERSECT canonical OSM land component, unioned inside the hex (overlap-safe)",v1_sha1_hexid_pipe_subjectid
lfr_bf0f4f6a5cc5da,h6000_q-000730_r+001355,hsub_great_britain_main_island,OCEAN,False,0.871289352,0.081085,de6f4ea96d7ad1808cd56c5d025e1f0f6d45baf4bcd229eb435a9055728a3232,"canonical hex polygon INTERSECT canonical OSM land component, unioned inside the hex (overlap-safe)",v1_sha1_hexid_pipe_subjectid
lfr_70add04f9a28ef,h6000_q-000729_r+001355,hsub_great_britain_main_island,OCEAN,False,4.516091748,0.404913,7cc0918455d97cfd43676d232f5df7d4b4035e14dfc9973b6c41d3fdbaf853c0,"canonical hex polygon INTERSECT canonical OSM land component, unioned inside the hex (overlap-safe)",v1_sha1_hexid_pipe_subjectid
lfr_40f302190fafc0,h6000_q-000672_r+001355,hsub_great_britain_main_island,OCEAN,False,3.304028155,0.296272,8e27c6e9f9d3a931aed430bc09857eac994e2be2cd4cfa2eb56d37a5f642a06f,"canonical hex polygon INTERSECT canonical OSM land component, unioned inside the hex (overlap-safe)",v1_sha1_hexid_pipe_subjectid
lfr_3cb3fc6a990f4d,h6000_q-000750_r+001356,hsub_great_britain_main_island,OCEAN,False,2.101733163,0.188716,ae735816666488dbf8696ed3559a70b5a99a0e0b38075ee95b2b4edf8f49f745,"canonical hex polygon INTERSECT canonical OSM land component, unioned inside the hex (overlap-safe)",v1_sha1_hexid_pipe_subjectid
lfr_a9683edc13fcf1,h6000_q-000749_r+001356,hsub_great_britain_main_island,OCEAN,False,2.375233927,0.213275,dadba8a173d9cd69acc4b9b92a1d90d2433e7ba9990491cb5e1a349136828631,"canonical hex polygon INTERSECT canonical OSM land component, unioned inside the hex (overlap-safe)",v1_sha1_hexid_pipe_subjectid
lfr_6aab290f50e654,h6000_q-000748_r+001356,hsub_great_britain_main_island,OCEAN,False,0.547904465,0.04917,f506a8a9e284e18149651189cdea0d8194e08fc27737e6e48942d18f5f3954b7,"canonical hex polygon INTERSECT canonical OSM land component, unioned inside the hex (overlap-safe)",v1_sha1_hexid_pipe_subjectid
lfr_228287aaa29da9,h6000_q-000743_r+001356,hsub_great_britain_main_island,OCEAN,False,4.9395e-05,4e-06,ec3c35e373364edae43950e28e1e3147da2e018d54b4a34f32edbc51bfd5aa5d,"canonical hex polygon INTERSECT canonical OSM land component, unioned inside the hex (overlap-safe)",v1_sha1_hexid_pipe_subjectid
lfr_58c1511a13797d,h6000_q-000742_r+001356,hsub_great_britain_main_island,OCEAN,False,3.268602909,0.29341,6aefcb86ea0f6a4a7640c783fd3ccf8c116dbae434617eda26a1fc404f4772b3,"canonical hex polygon INTERSECT canonical OSM land component, unioned inside the hex (overlap-safe)",v1_sha1_hexid_pipe_subjectid
lfr_c75a380b2de030,h6000_q-000739_r+001356,hsub_great_britain_main_island,OCEAN,False,2.270143165,0.203798,6a56af70fb2a3a2a92c0d679864a2609da42f5a82a7076e93971f31b086f59b6,"canonical hex polygon INTERSECT canonical OSM land component, unioned inside the hex (overlap-safe)",v1_sha1_hexid_pipe_subjectid
lfr_ce7d2de6d7e593,h6000_q-000737_r+001356,hsub_great_britain_main_island,OCEAN,False,0.337097929,0.030282,180ee80e617c2f48ddef8f6e30958aae18422a4f6e2f7b4e98fe3439da6ac2ce,"canonical hex polygon INTERSECT canonical OSM land component, unioned inside the hex (overlap-safe)",v1_sha1_hexid_pipe_subjectid
lfr_8d5048be360379,h6000_q-000732_r+001356,hsub_great_britain_main_island,OCEAN,False,2.393913728,0.215048,116612c1896e974dfa5041ab031503f7134b11b2cac4d27cd1f385031034b38a,"canonical hex polygon INTERSECT canonical OSM land component, unioned inside the hex (overlap-safe)",v1_sha1_hexid_pipe_subjectid
lfr_dd9e3c67c223c2,h6000_q-000673_r+001356,hsub_great_britain_main_island,OCEAN,False,5.214272359,0.46818,fa4d025e24f8072561fad8d1230c69e145ce956b90509b8b19c635df079d9ec7,"canonical hex polygon INTERSECT canonical OSM land component, unioned inside the hex (overlap-safe)",v1_sha1_hexid_pipe_subjectid
lfr_6535cb44737d16,h6000_q-000741_r+001357,hsub_great_britain_main_island,OCEAN,False,0.151464255,0.013609,6356b1d1992ca867362a860bb56310417ad03e18394a34c58831c61b3114b3e0,"canonical hex polygon INTERSECT canonical OSM land component, unioned inside the hex (overlap-safe)",v1_sha1_hexid_pipe_subjectid
lfr_4e9d1441a54df4,h6000_q-000740_r+001357,hsub_great_britain_main_island,OCEAN,False,0.733770625,0.065942,c8dd7aa8b2a764552f13393e2967959fa06908c9b49f455f2043db107339f4f9,"canonical hex polygon INTERSECT canonical OSM land component, unioned inside the hex (overlap-safe)",v1_sha1_hexid_pipe_subjectid
lfr_4277330cb086a0,h6000_q-000738_r+001357,hsub_great_britain_main_island,OCEAN,False,1.602528588,0.148373,82dea1d482a9c6033281cdf5ed50c384a75d927e1b3c07436d46af548cb676cf,"canonical hex polygon INTERSECT canonical OSM land component, unioned inside the hex (overlap-safe)",v1_sha1_hexid_pipe_subjectid
lfr_b47ed128495c1d,h6000_q-000738_r+001359,hsub_great_britain_main_island,OCEAN,False,0.659384217,0.059419,47f48b8c5ade7bd90457bdd0f02f95839e01d5b8eb62a5c32ec78407a60ffe9e,"canonical hex polygon INTERSECT canonical OSM land component, unioned inside the hex (overlap-safe)",v1_sha1_hexid_pipe_subjectid
lfr_e6645fffdaf3bf,h6000_q-000737_r+001360,hsub_great_britain_main_island,OCEAN,False,0.579226619,0.052509,3535dc30f5e3e6c9a08c687334717ef1ea2e5859365e60cc3fd306091175c0ce,"canonical hex polygon INTERSECT canonical OSM land component, unioned inside the hex (overlap-safe)",v1_sha1_hexid_pipe_subjectid
lfr_68cfec8c4c1630,h6000_q-000677_r+001361,hsub_great_britain_main_island,OCEAN,False,0.576146012,0.052063,4480e5d257d0b6a99462d0760cc117676cf7f179dd9b302af0af9d0a93c87c8e,"canonical hex polygon INTERSECT canonical OSM land component, unioned inside the hex (overlap-safe)",v1_sha1_hexid_pipe_subjectid
lfr_a3b6a812019a61,h6000_q-000738_r+001362,hsub_great_britain_main_island,OCEAN,False,2.944317194,0.266484,9eecac560030bf66e0d6b5778fd9b7f153b11e9d934fd4721e04740e6c3780a5,"canonical hex polygon INTERSECT canonical OSM land component, unioned inside the hex (overlap-safe)",v1_sha1_hexid_pipe_subjectid
lfr_5b3959e0cc4d1c,h6000_q-000679_r+001362,hsub_great_britain_main_island,OCEAN,False,2.775011366,0.251062,8841f50b231a0b167939c51506b8667c539ad9875193f50adc72eaf0c0f23a01,"canonical hex polygon INTERSECT canonical OSM land component, unioned inside the hex (overlap-safe)",v1_sha1_hexid_pipe_subjectid
lfr_84edb9f84e5974,h6000_q-000678_r+001362,hsub_great_britain_main_island,OCEAN,False,0.011013819,0.000996,39eacc92bbbf32f4e753cf93dba3120c99b38562c82e3a295f203db1d303e01f,"canonical hex polygon INTERSECT canonical OSM land component, unioned inside the hex (overlap-safe)",v1_sha1_hexid_pipe_subjectid
lfr_0d1597bfa2d142,h6000_q-000739_r+001363,hsub_great_britain_main_island,OCEAN,False,2.912972539,0.264053,c8a337d9a63d44d8932c464b25bddf683254aabb3a0d7f5fc16abeada30f8185,"canonical hex polygon INTERSECT canonical OSM land component, unioned inside the hex (overlap-safe)",v1_sha1_hexid_pipe_subjectid
lfr_a4072bfcb0ac07,h6000_q-000681_r+001363,hsub_great_britain_main_island,OCEAN,False,2.66806046,0.251077,b46fd97278bba0eeb51afaa8cb9907c7ccbf4d9f928b80427c545e8e7c32962b,"canonical hex polygon INTERSECT canonical OSM land component, unioned inside the hex (overlap-safe)",v1_sha1_hexid_pipe_subjectid
lfr_349b4e036b9bd5,h6000_q-000680_r+001363,hsub_great_britain_main_island,OCEAN,False,0.049723347,0.004502,1ed413f545ce5fb5f6651f2906120df5be19f75d127879685d640b9055250556,"canonical hex polygon INTERSECT canonical OSM land component, unioned inside the hex (overlap-safe)",v1_sha1_hexid_pipe_subjectid
lfr_a2c26140c275ba,h6000_q-000740_r+001364,hsub_great_britain_main_island,OCEAN,False,0.314224623,0.028507,12f54e3e33c15686eb50c4fbd55677564ab9a5cb4c29399e24ceae03e7301a52,"canonical hex polygon INTERSECT canonical OSM land component, unioned inside the hex (overlap-safe)",v1_sha1_hexid_pipe_subjectid
lfr_c0a9de7f86d5c6,h6000_q-000682_r+001364,hsub_great_britain_main_island,OCEAN,False,0.605593642,0.054936,70b578619f7805209652e5dd88ed86bc29f5808f72ba35adaaff08783cee16cc,"canonical hex polygon INTERSECT canonical OSM land component, unioned inside the hex (overlap-safe)",v1_sha1_hexid_pipe_subjectid
lfr_d9a6f646caa7b7,h6000_q-000740_r+001365,hsub_great_britain_main_island,OCEAN,False,1.941288972,0.176349,5a5033a233cd544362b8ac5cac4e383869fcaa819930e610e894cfd5bca6e85d,"canonical hex polygon INTERSECT canonical OSM land component, unioned inside the hex (overlap-safe)",v1_sha1_hexid_pipe_subjectid
lfr_1e50a5385d3e70,h6000_q-000684_r+001365,hsub_great_britain_main_island,OCEAN,False,2.652893133,0.240939,af7bc40c7e5338c6ecd81dd9b946537a4aa5fcf3c861520aa733eee69ee39947,"canonical hex polygon INTERSECT canonical OSM land component, unioned inside the hex (overlap-safe)",v1_sha1_hexid_pipe_subjectid
lfr_827137a85d7f26,h6000_q-000740_r+001366,hsub_great_britain_main_island,OCEAN,False,2.248047016,0.204483,da980d4319464b95d10efe2fc0722d8f7f4d51dbc3d51e25d1f0dec018a2a8cb,"canonical hex polygon INTERSECT canonical OSM land component, unioned inside the hex (overlap-safe)",v1_sha1_hexid_pipe_subjectid
lfr_cb72221059b5c3,h6000_q-000684_r+001366,hsub_great_britain_main_island,OCEAN,False,0.508118043,0.046257,7d70d2f8fd3475927929b61b36fad9e611b9956d447c9fa22a190f63464f64d7,"canonical hex polygon INTERSECT canonical OSM land component, unioned inside the hex (overlap-safe)",v1_sha1_hexid_pipe_subjectid
lfr_ba796287c83adf,h6000_q-000681_r+001366,hsub_great_britain_main_island,OCEAN,False,1.430043204,0.130152,03998db73a536ed0560cbde4a3e1bde870ea80d92aa2ab7c3e9a3aff163fb66a,"canonical hex polygon INTERSECT canonical OSM land component, unioned inside the hex (overlap-safe)",v1_sha1_hexid_pipe_subjectid
lfr_aac44e333cb98e,h6000_q-000680_r+001366,hsub_great_britain_main_island,OCEAN,False,0.741162099,0.067433,b08616c4525a6fbe075ab2dd2c8fc36a951bfea5d4941a95f0aaabec86d5272e,"canonical hex polygon INTERSECT canonical OSM land component, unioned inside the hex (overlap-safe)",v1_sha1_hexid_pipe_subjectid
lfr_13e3418ea138cd,h6000_q-000740_r+001367,hsub_great_britain_main_island,OCEAN,False,2.079468529,0.189377,ff9433ff55e87c2aee9adeb547a0adf95714e89d95225c715553dabec3d30f2d,"canonical hex polygon INTERSECT canonical OSM land component, unioned inside the hex (overlap-safe)",v1_sha1_hexid_pipe_subjectid
lfr_269991c7227016,h6000_q-000687_r+001367,hsub_great_britain_main_island,OCEAN,False,1.743541584,0.158774,f48f0159cb1f9df0f04fa929d6c0428b1cea282cd8b6b0d10f3b79cd8bf84520,"canonical hex polygon INTERSECT canonical OSM land component, unioned inside the hex (overlap-safe)",v1_sha1_hexid_pipe_subjectid
lfr_dde53adbcec944,h6000_q-000686_r+001367,hsub_great_britain_main_island,OCEAN,False,3.240035864,0.295244,a55951ac0d4d73b24c931a52d1e281193a9b0f29e4368065f1fe5b7bcc5912a1,"canonical hex polygon INTERSECT canonical OSM land component, unioned inside the hex (overlap-safe)",v1_sha1_hexid_pipe_subjectid
lfr_fd342d19a02186,h6000_q-000683_r+001367,hsub_great_britain_main_island,OCEAN,False,4.839133649,0.44437,88b18fcf0ef94ff388c8f4f4b5704dcfb649627688440a09b0c37d85d16ee31c,"canonical hex polygon INTERSECT canonical OSM land component, unioned inside the hex (overlap-safe)",v1_sha1_hexid_pipe_subjectid
lfr_f41d53d627c4aa,h6000_q-000681_r+001367,hsub_great_britain_main_island,OCEAN,False,4.064329087,0.370205,e4536bc9f7173d906dabf8c985cf96be539f8d4c9724163cf357bd712e9c22fd,"canonical hex polygon INTERSECT canonical OSM land component, unioned inside the hex (overlap-safe)",v1_sha1_hexid_pipe_subjectid
lfr_11dce357b3e20f,h6000_q-000740_r+001368,hsub_great_britain_main_island,OCEAN,False,2.022410953,0.184444,108f30880234a165f5add37bf3f2e21ef1efcbd9cfe1a6a251e3d44ecdcd4e31,"canonical hex polygon INTERSECT canonical OSM land component, unioned inside the hex (overlap-safe)",v1_sha1_hexid_pipe_subjectid
lfr_08c18d385cf62c,h6000_q-000688_r+001368,hsub_great_britain_main_island,OCEAN,False,0.387582993,0.035341,1e3aaa19dadf34d295458bf05beea6b141e2eae0c966ba29acc666ee021d9983,"canonical hex polygon INTERSECT canonical OSM land component, unioned inside the hex (overlap-safe)",v1_sha1_hexid_pipe_subjectid
lfr_8127677a3997e3,h6000_q-000682_r+001368,hsub_great_britain_main_island,OCEAN,False,5.031518199,0.458873,c03ba45d40f51085cde2f79183e4602030fc9811f5c8f8998b825e619b2e6539,"canonical hex polygon INTERSECT canonical OSM land component, unioned inside the hex (overlap-safe)",v1_sha1_hexid_pipe_subjectid
lfr_d83fd70f4ce8bb,h6000_q-000740_r+001369,hsub_great_britain_main_island,OCEAN,False,1.310879963,0.119691,4511d36ce2a8ffcfcb4ce1140345103eca83ac2f7bd32558acc8d7fbad02b06a,"canonical hex polygon INTERSECT canonical OSM land component, unioned inside the hex (overlap-safe)",v1_sha1_hexid_pipe_subjectid
lfr_e1b707f612c71c,h6000_q-000692_r+001369,hsub_great_britain_main_island,OCEAN,False,5.23723333,0.478198,593d11a2986b2fb0b851102db4dcf75b742a3a8ec89b501cf66f44b4f4246c94,"canonical hex polygon INTERSECT canonical OSM land component, unioned inside the hex (overlap-safe)",v1_sha1_hexid_pipe_subjectid
lfr_5776392deaf5d5,h6000_q-000689_r+001369,hsub_great_britain_main_island,OCEAN,False,0.382770014,0.03496,5325ad488e0408cb9c70ef823787e1e311099bff15eaf1915bf1fc80409eec6f,"canonical hex polygon INTERSECT canonical OSM land component, unioned inside the hex (overlap-safe)",v1_sha1_hexid_pipe_subjectid
lfr_4713e9d3ac0b47,h6000_q-000683_r+001369,hsub_great_britain_main_island,OCEAN,False,3.652546866,0.333526,595a226db83f34fe2ec348bba06fd91a8fd75ed1b48d1eac4261830ba2c2afe9,"canonical hex polygon INTERSECT canonical OSM land component, unioned inside the hex (overlap-safe)",v1_sha1_hexid_pipe_subjectid
lfr_eaae1f160a82c1,h6000_q-000741_r+001370,hsub_great_britain_main_island,OCEAN,False,0.886779652,0.082746,3a54963a4d5f2b0ce9e2db7d116e2881bf426882b72b91f845ee0d9fea7ba518,"canonical hex polygon INTERSECT canonical OSM land component, unioned inside the hex (overlap-safe)",v1_sha1_hexid_pipe_subjectid
lfr_408715fa9d688f,h6000_q-000740_r+001370,hsub_great_britain_main_island,OCEAN,False,3.889245925,0.357022,9eb50513e9beaef98e86f0430ce0eebeb1afc2cb7b3a23cbfab7cc0fa8a4d827,"canonical hex polygon INTERSECT canonical OSM land component, unioned inside the hex (overlap-safe)",v1_sha1_hexid_pipe_subjectid
lfr_ff7e4dd5c3978f,h6000_q-000691_r+001370,hsub_great_britain_main_island,OCEAN,False,1.359469678,0.12437,1439755e7822ce89d517ccff4e9949e7c9262bae7b829987fa94592373302f17,"canonical hex polygon INTERSECT canonical OSM land component, unioned inside the hex (overlap-safe)",v1_sha1_hexid_pipe_subjectid
lfr_d46014d226ae48,h6000_q-000690_r+001370,hsub_great_britain_main_island,OCEAN,False,1.509069119,0.138076,579266d1462d08d1a0958a3e07c271b910c85173cb118c3b5dd80af1e4e49304,"canonical hex polygon INTERSECT canonical OSM land component, unioned inside the hex (overlap-safe)",v1_sha1_hexid_pipe_subjectid
lfr_44e2fe87dee814,h6000_q-000684_r+001370,hsub_great_britain_main_island,OCEAN,False,2.51715364,0.230149,ddaccf661d647a678a0c9ee8307fb7dd392750d119ab62f217f17895b9414500,"canonical hex polygon INTERSECT canonical OSM land component, unioned inside the hex (overlap-safe)",v1_sha1_hexid_pipe_subjectid
lfr_fd46c92cfe1c8e,h6000_q-000742_r+001371,hsub_great_britain_main_island,OCEAN,False,5.423561776,0.496735,2cc6ecf26d6fd1aedad92825a89c37d79066fb7c85dac52f47d1820c82a81390,"canonical hex polygon INTERSECT canonical OSM land component, unioned inside the hex (overlap-safe)",v1_sha1_hexid_pipe_subjectid
lfr_a23d19b69b7f60,h6000_q-000685_r+001371,hsub_great_britain_main_island,OCEAN,False,1.264351791,0.11939,c2d9fe283c09faeb856a858203e442d0aac707e0137bf39d06aa54c5358739d4,"canonical hex polygon INTERSECT canonical OSM land component, unioned inside the hex (overlap-safe)",v1_sha1_hexid_pipe_subjectid
lfr_46ef79d89ce9a8,h6000_q-000743_r+001372,hsub_great_britain_main_island,OCEAN,False,2.130342461,0.195344,bf9d5aebbd48c7bee55bd3c903335c17ffadc53933474d583ac988b2b4478ae9,"canonical hex polygon INTERSECT canonical OSM land component, unioned inside the hex (overlap-safe)",v1_sha1_hexid_pipe_subjectid
lfr_d7c65ceb18f5f3,h6000_q-000686_r+001372,hsub_great_britain_main_island,OCEAN,False,0.446526518,0.040929,dfe2dcb43ad1d34ff792f45ee5ae3f1a6298c35987e0fcabfeea46b38b47c407,"canonical hex polygon INTERSECT canonical OSM land component, unioned inside the hex (overlap-safe)",v1_sha1_hexid_pipe_subjectid
lfr_31319730a62677,h6000_q-000687_r+001373,hsub_great_britain_main_island,OCEAN,False,0.082505911,0.007572,06b95eb8f1b3eaa540175cb62737ac3ab7d1bf150f2c04df6eca56f72c597d5d,"canonical hex polygon INTERSECT canonical OSM land component, unioned inside the hex (overlap-safe)",v1_sha1_hexid_pipe_subjectid
lfr_20bb8493d7a225,h6000_q-000744_r+001374,hsub_great_britain_main_island,OCEAN,False,1.705141718,0.156757,df5552b5f61bfb1fd9b241690e7fc18b03660f80cc8bb7e88b21e760e04cafe8,"canonical hex polygon INTERSECT canonical OSM land component, unioned inside the hex (overlap-safe)",v1_sha1_hexid_pipe_subjectid
lfr_a984b23d79542e,h6000_q-000745_r+001376,hsub_great_britain_main_island,OCEAN,False,0.391678501,0.036105,ff23bb2e2b29a43bf0fe79ade6e09ef84904312838e313a3fe71642c413c3df0,"canonical hex polygon INTERSECT canonical OSM land component, unioned inside the hex (overlap-safe)",v1_sha1_hexid_pipe_subjectid
lfr_bbabbd937a2989,h6000_q-000745_r+001377,hsub_great_britain_main_island,OCEAN,False,4.43288514,0.40905,044f47b66d291824586bc98dbe66c3c82aba5720640f5ffd5344d0c642c19156,"canonical hex polygon INTERSECT canonical OSM land component, unioned inside the hex (overlap-safe)",v1_sha1_hexid_pipe_subjectid
lfr_facad08c58fefe,h6000_q-000691_r+001377,hsub_great_britain_main_island,OCEAN,False,0.056661209,0.005228,75cb7a9b9323c32758bd17d988b5faa5f96ec997e1a6c258fd23300565fb3f99,"canonical hex polygon INTERSECT canonical OSM land component, unioned inside the hex (overlap-safe)",v1_sha1_hexid_pipe_subjectid
lfr_32571baca5bcf4,h6000_q-000744_r+001378,hsub_great_britain_main_island,OCEAN,False,1.4432579,0.13332,d0641a47dd42bc6205afe3ac706dccf0f51015f4c5996da462be828c844446c6,"canonical hex polygon INTERSECT canonical OSM land component, unioned inside the hex (overlap-safe)",v1_sha1_hexid_pipe_subjectid
lfr_5f3951c39743d4,h6000_q-000743_r+001378,hsub_great_britain_main_island,OCEAN,False,4.357811575,0.402599,9eac9bfa1107d6e7f3a1aee50bcbf84358f99538107938c65d426580b3ca5398,"canonical hex polygon INTERSECT canonical OSM land component, unioned inside the hex (overlap-safe)",v1_sha1_hexid_pipe_subjectid
lfr_f4fa03d2de5905,h6000_q-000692_r+001378,hsub_great_britain_main_island,OCEAN,False,1.072700383,0.099118,8488f40232c77036565d8a2ef18bb79b0d2bdf2037846abd7f96e0a4b8227ac9,"canonical hex polygon INTERSECT canonical OSM land component, unioned inside the hex (overlap-safe)",v1_sha1_hexid_pipe_subjectid
lfr_741cc64ef60d8a,h6000_q-000743_r+001379,hsub_great_britain_main_island,OCEAN,False,2.398989866,0.222018,ec0eb7be75037aa60dac0e94eab4bcf3f4887d8b3969e173a4e32b6b37066fe7,"canonical hex polygon INTERSECT canonical OSM land component, unioned inside the hex (overlap-safe)",v1_sha1_hexid_pipe_subjectid
lfr_77de15f2b2a06c,h6000_q-000693_r+001379,hsub_great_britain_main_island,OCEAN,False,3.478651394,0.321876,e2d214fd8c65cc01289b8cf56ac6470f2f064800902b18a5044ee78b63ef0fe1,"canonical hex polygon INTERSECT canonical OSM land component, unioned inside the hex (overlap-safe)",v1_sha1_hexid_pipe_subjectid
lfr_792b5ff2cb36f2,h6000_q-000744_r+001380,hsub_great_britain_main_island,OCEAN,False,1.948116682,0.180536,a0dc5f5d25e91ff616c33064f8d4504157bb9aff869a57fa7e5b0a3257cef35b,"canonical hex polygon INTERSECT canonical OSM land component, unioned inside the hex (overlap-safe)",v1_sha1_hexid_pipe_subjectid
lfr_7f520f6a75e84c,h6000_q-000745_r+001381,hsub_great_britain_main_island,OCEAN,False,0.753666126,0.069928,34549327b69e53fc03d0be18b8b3d25063578ec8565e3bbd7f2f82574dea2c5a,"canonical hex polygon INTERSECT canonical OSM land component, unioned inside the hex (overlap-safe)",v1_sha1_hexid_pipe_subjectid
lfr_cc0d1ec81505f5,h6000_q-000694_r+001381,hsub_great_britain_main_island,OCEAN,False,0.000644962,6e-05,14d47a11642527aacf7ddb17594c0533db6945c8bc34052dc801e50ce17c79e2,"canonical hex polygon INTERSECT canonical OSM land component, unioned inside the hex (overlap-safe)",v1_sha1_hexid_pipe_subjectid
lfr_50d56332cd223c,h6000_q-000750_r+001382,hsub_great_britain_main_island,OCEAN,False,0.01796846,0.140823,6978b0212d07dd74d880b737ec5c507ceb471d58bc77d75fa73325667dac9b8c,"canonical hex polygon INTERSECT canonical OSM land component, unioned inside the hex (overlap-safe)",v1_sha1_hexid_pipe_subjectid
lfr_254f70205e9b69,h6000_q-000749_r+001382,hsub_great_britain_main_island,OCEAN,False,0.024311004,0.00226,5e82b8b27b2ecce7c2c8ccc8fd6b9f6a5dbeebf5ba4ac67406db23c673e001a5,"canonical hex polygon INTERSECT canonical OSM land component, unioned inside the hex (overlap-safe)",v1_sha1_hexid_pipe_subjectid
lfr_3726c7537b752d,h6000_q-000745_r+001382,hsub_great_britain_main_island,OCEAN,False,1.747137427,0.162281,a95f5e799847506f2b28399aa6b46a9ba8f4c8525e2858c5b4d555aeb4950354,"canonical hex polygon INTERSECT canonical OSM land component, unioned inside the hex (overlap-safe)",v1_sha1_hexid_pipe_subjectid
lfr_21600402ba1fb3,h6000_q-000751_r+001383,hsub_great_britain_main_island,OCEAN,False,0.861852633,0.142113,b269a439b09b34d6b8f653a026e57e3bd503f9649273a18ae422169940e1d600,"canonical hex polygon INTERSECT canonical OSM land component, unioned inside the hex (overlap-safe)",v1_sha1_hexid_pipe_subjectid
lfr_428aea945503be,h6000_q-000750_r+001383,hsub_great_britain_main_island,OCEAN,False,3.383420903,0.314837,ac17f5066d2efae2b0ba7b86f117aaab9ab8e53eb7ab72e39c0ff3a12b2a4c1c,"canonical hex polygon INTERSECT canonical OSM land component, unioned inside the hex (overlap-safe)",v1_sha1_hexid_pipe_subjectid
lfr_5f2cab2cd1cdb0,h6000_q-000745_r+001383,hsub_great_britain_main_island,OCEAN,False,0.385013599,0.035802,6513ed7f176cc841da9948dbfc658c26251b721aa2b7c402dc697d0e33943ddf,"canonical hex polygon INTERSECT canonical OSM land component, unioned inside the hex (overlap-safe)",v1_sha1_hexid_pipe_subjectid
lfr_187a188722eed1,h6000_q-000693_r+001384,hsub_great_britain_main_island,OCEAN,False,0.147455172,0.013763,e975eece3afd37f668cd9ccec19d60eb35ebbad452144614f81a2f5b36c62d48,"canonical hex polygon INTERSECT canonical OSM land component, unioned inside the hex (overlap-safe)",v1_sha1_hexid_pipe_subjectid
lfr_9be64eca9c4601,h6000_q-000753_r+001385,hsub_great_britain_main_island,OCEAN,False,1.292323471,0.439446,c79308853854e1990f0c924015c25d24aaf3154a48f36a6a528134c4070a2f48,"canonical hex polygon INTERSECT canonical OSM land component, unioned inside the hex (overlap-safe)",v1_sha1_hexid_pipe_subjectid
lfr_5673086c34208d,h6000_q-000748_r+001385,hsub_great_britain_main_island,OCEAN,False,0.152134515,0.0142,454509488f437aed517e36abcdd66ac67257529beabbbab5ae5e859434a475c9,"canonical hex polygon INTERSECT canonical OSM land component, unioned inside the hex (overlap-safe)",v1_sha1_hexid_pipe_subjectid
lfr_d960fa5741db63,h6000_q-000747_r+001385,hsub_great_britain_main_island,OCEAN,False,0.942554364,0.087968,4cab5d3dd7192dbd92c8eb813ef9bfe8d70e594e312c283a09c61dc53f6bdd77,"canonical hex polygon INTERSECT canonical OSM land component, unioned inside the hex (overlap-safe)",v1_sha1_hexid_pipe_subjectid
lfr_eb37a42df47ccb,h6000_q-000745_r+001385,hsub_great_britain_main_island,OCEAN,False,1.270875093,0.125569,3f33a6bd6e8ff8b5ec66aa038d7521db38dde748b132d484ccfd0ad578e90d5f,"canonical hex polygon INTERSECT canonical OSM land component, unioned inside the hex (overlap-safe)",v1_sha1_hexid_pipe_subjectid
lfr_fd628895b25df2,h6000_q-000695_r+001385,hsub_great_britain_main_island,OCEAN,False,4.6698307,0.435433,5a96c16da30d32112b6f046b4932a266f811e3fb4e3a9fa065d44a37a4d69eea,"canonical hex polygon INTERSECT canonical OSM land component, unioned inside the hex (overlap-safe)",v1_sha1_hexid_pipe_subjectid
lfr_db4783e738ac84,h6000_q-000694_r+001385,hsub_great_britain_main_island,OCEAN,False,0.150863394,0.014066,a7bac31d431893507fb515ae4851674f8249a31403860879d79e3afe56e95081,"canonical hex polygon INTERSECT canonical OSM land component, unioned inside the hex (overlap-safe)",v1_sha1_hexid_pipe_subjectid
lfr_4458b8b58fc0c0,h6000_q-000749_r+001386,hsub_great_britain_main_island,OCEAN,False,1.80854303,0.173458,e39a77c597ecfa1a6bdb73c6dc8797edd7b5eacc8e35bfd9bcc640a7765734be,"canonical hex polygon INTERSECT canonical OSM land component, unioned inside the hex (overlap-safe)",v1_sha1_hexid_pipe_subjectid
lfr_c1045365c41367,h6000_q-000747_r+001386,hsub_great_britain_main_island,OCEAN,False,3.345452904,0.31982,e1eb07dfca563aa2a888bc813d1702ce45fe98cb2a6f1188ef313c119c2edb35,"canonical hex polygon INTERSECT canonical OSM land component, unioned inside the hex (overlap-safe)",v1_sha1_hexid_pipe_subjectid
lfr_da6817022b966c,h6000_q-000746_r+001386,hsub_great_britain_main_island,OCEAN,False,1.261790028,0.119774,9960579d6ee08e1f82780578ae9f59f35b0c2ff2ffc564316a0201593c45393b,"canonical hex polygon INTERSECT canonical OSM land component, unioned inside the hex (overlap-safe)",v1_sha1_hexid_pipe_subjectid
lfr_69e7c888ff942a,h6000_q-000697_r+001386,hsub_great_britain_main_island,OCEAN,False,2.117892048,0.20057,923e4c0af318b71eba6dbb5694c28950948371b9e81264e75888932df2056d1b,"canonical hex polygon INTERSECT canonical OSM land component, unioned inside the hex (overlap-safe)",v1_sha1_hexid_pipe_subjectid
lfr_eeed5828466385,h6000_q-000754_r+001387,hsub_great_britain_main_island,OCEAN,False,5.000132,0.467725,c4c9c7ec772cdfc348e35de2f126664864dbe1a8b8ca64730c4898ae06eae54f,"canonical hex polygon INTERSECT canonical OSM land component, unioned inside the hex (overlap-safe)",v1_sha1_hexid_pipe_subjectid
lfr_a5135ba7821541,h6000_q-000750_r+001387,hsub_great_britain_main_island,OCEAN,False,5.285886967,0.494368,1553b94e77b796822d0014b4325bb455d2a425a6e7d2002db98701dfdf7c5be4,"canonical hex polygon INTERSECT canonical OSM land component, unioned inside the hex (overlap-safe)",v1_sha1_hexid_pipe_subjectid
lfr_f9dd82e6127f8d,h6000_q-000747_r+001387,hsub_great_britain_main_island,OCEAN,False,4.265867014,0.399149,321054cdbe76d3e84abca483c786f550a9580fca9a6bbfceed519721201d2416,"canonical hex polygon INTERSECT canonical OSM land component, unioned inside the hex (overlap-safe)",v1_sha1_hexid_pipe_subjectid
lfr_59d6ec2c3f348a,h6000_q-000754_r+001388,hsub_great_britain_main_island,OCEAN,False,4.631069415,0.438021,19e29dc090d23ebed1592da9ab454b661881b59d6fea81a117e05e895f6a1d4b,"canonical hex polygon INTERSECT canonical OSM land component, unioned inside the hex (overlap-safe)",v1_sha1_hexid_pipe_subjectid
lfr_42272ec263fcdf,h6000_q-000699_r+001388,hsub_great_britain_main_island,OCEAN,False,1.675771226,0.156884,3e46ff8d4c1d0ff40646e1bfae709f3e47a37126ea8dfc32b1339b2335af2e2d,"canonical hex polygon INTERSECT canonical OSM land component, unioned inside the hex (overlap-safe)",v1_sha1_hexid_pipe_subjectid
lfr_2b5780abcd9e21,h6000_q-000758_r+001389,hsub_great_britain_main_island,OCEAN,False,0.02528271,0.002372,6fa287cef5ac84bcdd221d29f01cf8b02e6029fedb552dd10eb2948d775b3bf8,"canonical hex polygon INTERSECT canonical OSM land component, unioned inside the hex (overlap-safe)",v1_sha1_hexid_pipe_subjectid
lfr_5e06b409d3f2ba,h6000_q-000701_r+001389,hsub_great_britain_main_island,OCEAN,False,3.369948512,0.315877,72d3e688474ed9add58b71d0383079912dcae3019085b08dbbcb39de2c7490d9,"canonical hex polygon INTERSECT canonical OSM land component, unioned inside the hex (overlap-safe)",v1_sha1_hexid_pipe_subjectid
lfr_c0493dbf85bc12,h6000_q-000702_r+001390,hsub_great_britain_main_island,OCEAN,False,2.544547407,0.239029,d3daf30525fdb5d8e91ac3067541a56e467bda79da48014002f283a8d99422e3,"canonical hex polygon INTERSECT canonical OSM land component, unioned inside the hex (overlap-safe)",v1_sha1_hexid_pipe_subjectid
lfr_610594c1abe6f1,h6000_q-000759_r+001391,hsub_great_britain_main_island,OCEAN,False,4.19015364,0.393904,0190e3e7fa698ca973206ffeba50d04b3e08ea40723090fc7ab4298399d28429,"canonical hex polygon INTERSECT canonical OSM land component, unioned inside the hex (overlap-safe)",v1_sha1_hexid_pipe_subjectid
lfr_23739ca140adcd,h6000_q-000703_r+001391,hsub_great_britain_main_island,OCEAN,False,3.858020658,0.362642,8bc80e0536c6964ba482813fcde73e85c3a3fc608ac752b8e0d91efca81ec748,"canonical hex polygon INTERSECT canonical OSM land component, unioned inside the hex (overlap-safe)",v1_sha1_hexid_pipe_subjectid
lfr_a73514cbbd5a83,h6000_q-000760_r+001392,hsub_great_britain_main_island,OCEAN,False,0.178156755,0.017103,fe55cd733743faa6869ef7e29e0cba41bb66816317403dc470f135f3078eb2c4,"canonical hex polygon INTERSECT canonical OSM land component, unioned inside the hex (overlap-safe)",v1_sha1_hexid_pipe_subjectid
lfr_5e9cf3979ccae8,h6000_q-000761_r+001393,hsub_great_britain_main_island,OCEAN,False,0.80449404,0.07704,2db55f167fbe7e9161c81fd390a43ae101532c261fe3319028963c10b19402a9,"canonical hex polygon INTERSECT canonical OSM land component, unioned inside the hex (overlap-safe)",v1_sha1_hexid_pipe_subjectid
lfr_ec2ff8aa32b11a,h6000_q-000762_r+001394,hsub_great_britain_main_island,OCEAN,False,0.36731625,0.03468,668192564ca92f16b05ae159433efed9f288b76e894165481dbe3abb30175b94,"canonical hex polygon INTERSECT canonical OSM land component, unioned inside the hex (overlap-safe)",v1_sha1_hexid_pipe_subjectid
lfr_aea5693cb13128,h6000_q-000705_r+001394,hsub_great_britain_main_island,OCEAN,False,0.099988017,0.009434,aecc056e4851889c27c2b06d4d8043cc3d6ccd0b6b7859341fa6be8c15a256f8,"canonical hex polygon INTERSECT canonical OSM land component, unioned inside the hex (overlap-safe)",v1_sha1_hexid_pipe_subjectid
lfr_5e20ef591baea2,h6000_q-000763_r+001395,hsub_great_britain_main_island,OCEAN,False,1.313152202,0.124137,38addd12b19e1c3f44a0eeba15c69931f4e5f63c10989229e732146c865338d2,"canonical hex polygon INTERSECT canonical OSM land component, unioned inside the hex (overlap-safe)",v1_sha1_hexid_pipe_subjectid
lfr_5ab9716df9faaf,h6000_q-000706_r+001395,hsub_great_britain_main_island,OCEAN,False,2.2536e-05,2e-06,06c4e435bd5bf59b9fefbed4dc14df93b253f8bb0fee00aa905075aed805b74d,"canonical hex polygon INTERSECT canonical OSM land component, unioned inside the hex (overlap-safe)",v1_sha1_hexid_pipe_subjectid
lfr_2753c59e762800,h6000_q-000764_r+001396,hsub_great_britain_main_island,OCEAN,False,2.842745826,0.269089,6c935e63482f12277f1963946e72bae8d47efa95f080abdbcbff9b3497c51917,"canonical hex polygon INTERSECT canonical OSM land component, unioned inside the hex (overlap-safe)",v1_sha1_hexid_pipe_subjectid
lfr_3a03a0256fa8c8,h6000_q-000765_r+001397,hsub_great_britain_main_island,OCEAN,False,3.957575591,0.375073,ce54c7d5a280cdad2de17f858170c197dbee162b00fe94cc252636cc7a0e60a8,"canonical hex polygon INTERSECT canonical OSM land component, unioned inside the hex (overlap-safe)",v1_sha1_hexid_pipe_subjectid
lfr_f1b4b9039992cc,h6000_q-000710_r+001398,hsub_great_britain_main_island,OCEAN,False,2.541190486,0.241002,70b9acf8cc2336749ab0cbee66f8e5150cb46b3a0cb2724a9984b9101e9abb30,"canonical hex polygon INTERSECT canonical OSM land component, unioned inside the hex (overlap-safe)",v1_sha1_hexid_pipe_subjectid
lfr_e401708bb8efc7,h6000_q-000767_r+001399,hsub_great_britain_main_island,OCEAN,False,2.76165118,0.262307,9f1440b873e211ac2cd9e9d4e597af597357a5226269f5de233fd20144609a5a,"canonical hex polygon INTERSECT canonical OSM land component, unioned inside the hex (overlap-safe)",v1_sha1_hexid_pipe_subjectid
lfr_bf2b628d3acbd1,h6000_q-000712_r+001399,hsub_great_britain_main_island,OCEAN,False,2.420429106,0.229888,093b56ab110a415e7df279d113dda9e830be6962915c0f0552b4c5a85f93c063,"canonical hex polygon INTERSECT canonical OSM land component, unioned inside the hex (overlap-safe)",v1_sha1_hexid_pipe_subjectid
lfr_04cf3a30771944,h6000_q-000767_r+001400,hsub_great_britain_main_island,OCEAN,False,2.238395794,0.212911,e8230bb53986a4a7ce761906231a06dc7af780c356968f181a0897d5e55b6380,"canonical hex polygon INTERSECT canonical OSM land component, unioned inside the hex (overlap-safe)",v1_sha1_hexid_pipe_subjectid
lfr_5a5fabce7cb752,h6000_q-000714_r+001400,hsub_great_britain_main_island,OCEAN,False,3.515406521,0.334346,977b3cc34f2baf7cc2b0e6d69700e632fc9f6a0d7b80390f589e51481ce64abb,"canonical hex polygon INTERSECT canonical OSM land component, unioned inside the hex (overlap-safe)",v1_sha1_hexid_pipe_subjectid
lfr_17bacf7a9719f2,h6000_q-000767_r+001401,hsub_great_britain_main_island,OCEAN,False,5.088188849,0.484677,32a5cab9c9b4a00cc5a3b5777403786a2c109eeb6972fee5fbf9feb82a73f807,"canonical hex polygon INTERSECT canonical OSM land component, unioned inside the hex (overlap-safe)",v1_sha1_hexid_pipe_subjectid
lfr_70b5ad845ff87d,h6000_q-000717_r+001401,hsub_great_britain_main_island,OCEAN,False,4.253536189,0.405052,e3bfbb654b6cf1474c5cb895583c5cfbb86a3613de94078b41edf0c31d65c68e,"canonical hex polygon INTERSECT canonical OSM land component, unioned inside the hex (overlap-safe)",v1_sha1_hexid_pipe_subjectid
lfr_ca06d5beda8cb1,h6000_q-000716_r+001401,hsub_great_britain_main_island,OCEAN,False,2.1843013,0.207981,fdb524bdd460315b25aeaddfa4fcfb606a766e97df235cbeb3d442d40921892a,"canonical hex polygon INTERSECT canonical OSM land component, unioned inside the hex (overlap-safe)",v1_sha1_hexid_pipe_subjectid
lfr_a1a28d887d8253,h6000_q-000715_r+001401,hsub_great_britain_main_island,OCEAN,False,0.070410567,0.006702,b3b76366f15855fa17ff2326c1b0b6cb8790b63d1a730ee03195487815fbb919,"canonical hex polygon INTERSECT canonical OSM land component, unioned inside the hex (overlap-safe)",v1_sha1_hexid_pipe_subjectid
lfr_8d35788e053639,h6000_q-000720_r+001402,hsub_great_britain_main_island,OCEAN,False,4.940144165,0.471096,bf8941004cc13ff394f575ed79eb1a1e94dd791d476ccabf39e9a5f2854ac5f9,"canonical hex polygon INTERSECT canonical OSM land component, unioned inside the hex (overlap-safe)",v1_sha1_hexid_pipe_subjectid
lfr_a9c3c4d527f82f,h6000_q-000719_r+001402,hsub_great_britain_main_island,OCEAN,False,0.170373207,0.016243,4fa2f36a9a38fddf8b5659557b3a1749d3e3f96111962b38c38e77b072e39491,"canonical hex polygon INTERSECT canonical OSM land component, unioned inside the hex (overlap-safe)",v1_sha1_hexid_pipe_subjectid
lfr_9de85f65dd531f,h6000_q-000718_r+001402,hsub_great_britain_main_island,OCEAN,False,6.1753e-05,6e-06,836d08221d70a9436a1e9597aebd811ebfeb119af276c89051677184b8159de8,"canonical hex polygon INTERSECT canonical OSM land component, unioned inside the hex (overlap-safe)",v1_sha1_hexid_pipe_subjectid
lfr_840d6791f62b9e,h6000_q-000768_r+001403,hsub_great_britain_main_island,OCEAN,False,2.523249022,0.241009,b575175ad8bed44db61c28a56e5f26475157df49454fb401d090b261a9b7b28e,"canonical hex polygon INTERSECT canonical OSM land component, unioned inside the hex (overlap-safe)",v1_sha1_hexid_pipe_subjectid
lfr_a5e5d59640557c,h6000_q-000723_r+001403,hsub_great_britain_main_island,OCEAN,False,4.960277103,0.476173,4259ab89dbb55d5bdf4149afe1aefe421ea74aaa791ce6306c6b4586374a5ac3,"canonical hex polygon INTERSECT canonical OSM land component, unioned inside the hex (overlap-safe)",v1_sha1_hexid_pipe_subjectid
lfr_3cd53062692232,h6000_q-000722_r+001403,hsub_great_britain_main_island,OCEAN,False,3.953699048,0.377506,eca30ea0223c08228fe7d0793a124102b99263305fb6dfac6b5e31087bca78be,"canonical hex polygon INTERSECT canonical OSM land component, unioned inside the hex (overlap-safe)",v1_sha1_hexid_pipe_subjectid
lfr_2f1c119a9a1940,h6000_q-000721_r+001403,hsub_great_britain_main_island,OCEAN,False,0.713069379,0.068076,579203e8249d956df494e6948cf2ffa218ff76a262675828393cb881f8619ebc,"canonical hex polygon INTERSECT canonical OSM land component, unioned inside the hex (overlap-safe)",v1_sha1_hexid_pipe_subjectid
lfr_fb626c46a01814,h6000_q-000723_r+001404,hsub_great_britain_main_island,OCEAN,False,0.064139614,0.00613,eda56452de82e0f5160dd944afff5596349b61a8686b515f871cad33564d0fcc,"canonical hex polygon INTERSECT canonical OSM land component, unioned inside the hex (overlap-safe)",v1_sha1_hexid_pipe_subjectid
lfr_2a3332f3ed81ea,h6000_q-000724_r+001405,hsub_great_britain_main_island,OCEAN,False,0.014940944,0.001431,8d1951815ee633e39ec2f7989ed25b4783dc5e37166b0a00fd07215317137e02,"canonical hex polygon INTERSECT canonical OSM land component, unioned inside the hex (overlap-safe)",v1_sha1_hexid_pipe_subjectid
lfr_9cb0cf5142fbad,h6000_q-000725_r+001406,hsub_great_britain_main_island,OCEAN,False,1.852804025,0.177591,837204401253dba5e64ea8654425ad9002aee5036d81779faf86a5b8ec4252b1,"canonical hex polygon INTERSECT canonical OSM land component, unioned inside the hex (overlap-safe)",v1_sha1_hexid_pipe_subjectid
lfr_7b5fb14acb2f5f,h6000_q-000768_r+001407,hsub_great_britain_main_island,OCEAN,False,4.228647392,0.405915,93e8f4d197691c3fd3db439707024d89be5e5a548a1250680889adee3a0d8675,"canonical hex polygon INTERSECT canonical OSM land component, unioned inside the hex (overlap-safe)",v1_sha1_hexid_pipe_subjectid
lfr_bf74ad2c9fb593,h6000_q-000778_r+001408,hsub_great_britain_main_island,OCEAN,False,2.534927968,0.243821,c03b7cd1e02be617d2b777742198073f27de127d6fb7cd7b5d798d52e6308303,"canonical hex polygon INTERSECT canonical OSM land component, unioned inside the hex (overlap-safe)",v1_sha1_hexid_pipe_subjectid
lfr_8fa16c5c4f056c,h6000_q-000777_r+001408,hsub_great_britain_main_island,OCEAN,False,0.000207371,2e-05,305379e5cf336665c610ce1406d5e12c7b4449b563a74592053c02c6c5f53098,"canonical hex polygon INTERSECT canonical OSM land component, unioned inside the hex (overlap-safe)",v1_sha1_hexid_pipe_subjectid
lfr_9745497e4a6774,h6000_q-000768_r+001408,hsub_great_britain_main_island,OCEAN,False,2.432158974,0.233804,3c1a1b7bc7da3bfe9fca529013af5a3b05bdd540d9e742979340026b1458fa1f,"canonical hex polygon INTERSECT canonical OSM land component, unioned inside the hex (overlap-safe)",v1_sha1_hexid_pipe_subjectid
lfr_bd878aea5b59eb,h6000_q-000728_r+001408,hsub_great_britain_main_island,OCEAN,False,5.148710179,0.494944,e86325619dccb7dabcfa13d58559c9a99df03f0defb80016005e35064585f9e5,"canonical hex polygon INTERSECT canonical OSM land component, unioned inside the hex (overlap-safe)",v1_sha1_hexid_pipe_subjectid
lfr_93fec30e93374c,h6000_q-000777_r+001409,hsub_great_britain_main_island,OCEAN,False,3.665359743,0.352994,abfcf879dfba82f7f4dc1356c37c0e57b75459e8ff1df845aea300e6c0d5b7f5,"canonical hex polygon INTERSECT canonical OSM land component, unioned inside the hex (overlap-safe)",v1_sha1_hexid_pipe_subjectid
lfr_466eaebb4b00b9,h6000_q-000776_r+001410,hsub_great_britain_main_island,OCEAN,False,2.259634735,0.217878,bab72a42c7c94d27cdc9933077c8368079cf3515d0c210790c343274a931db0b,"canonical hex polygon INTERSECT canonical OSM land component, unioned inside the hex (overlap-safe)",v1_sha1_hexid_pipe_subjectid
lfr_d1b491ddc25c9d,h6000_q-000769_r+001410,hsub_great_britain_main_island,OCEAN,False,0.712381688,0.068658,1c303a3b46022257acafd4a45db82defaafd4a609474e38097068b5da1b88d15,"canonical hex polygon INTERSECT canonical OSM land component, unioned inside the hex (overlap-safe)",v1_sha1_hexid_pipe_subjectid
lfr_dc6c1895222061,h6000_q-000729_r+001410,hsub_great_britain_main_island,OCEAN,False,0.532503689,0.051321,b9848bc371de821c6d8ba99641124169ffd2a52e574a06c9608d1d8cde7f2fbc,"canonical hex polygon INTERSECT canonical OSM land component, unioned inside the hex (overlap-safe)",v1_sha1_hexid_pipe_subjectid
lfr_6717f22e2d1d78,h6000_q-000776_r+001411,hsub_great_britain_main_island,OCEAN,False,1.454782702,0.163559,953e8f4871d52af051745a8c12a336d7fcb3b0bce89b1f0315f278b05362ae7a,"canonical hex polygon INTERSECT canonical OSM land component, unioned inside the hex (overlap-safe)",v1_sha1_hexid_pipe_subjectid
lfr_420ab1f74a76b7,h6000_q-000775_r+001411,hsub_great_britain_main_island,OCEAN,False,0.011303165,0.001092,2651a44ad0cf134f51c68c9ed09a4c672c1027ff1cd8f9263ca4b3e8bdbd00a3,"canonical hex polygon INTERSECT canonical OSM land component, unioned inside the hex (overlap-safe)",v1_sha1_hexid_pipe_subjectid
lfr_b31b15ab2a0e01,h6000_q-000769_r+001411,hsub_great_britain_main_island,OCEAN,False,2.258509645,0.217985,8c94ba07a615c5f057dbb9f7da8940c113490249ec58121a42d7825180c119d4,"canonical hex polygon INTERSECT canonical OSM land component, unioned inside the hex (overlap-safe)",v1_sha1_hexid_pipe_subjectid
lfr_a61c686106e984,h6000_q-000730_r+001411,hsub_great_britain_main_island,OCEAN,False,2.204426458,0.212745,76c4dc3b3bf622ca8084b042aed22bb24fb6b0dc6a45d378c1e3f6db9eb7f00d,"canonical hex polygon INTERSECT canonical OSM land component, unioned inside the hex (overlap-safe)",v1_sha1_hexid_pipe_subjectid
lfr_16c0ef7188c49d,h6000_q-000775_r+001412,hsub_great_britain_main_island,OCEAN,False,2.87201442,0.277686,290f76bac937827503ffd458a6d2a30b0434bb1bb7dbc3d12f5116c4cee022d1,"canonical hex polygon INTERSECT canonical OSM land component, unioned inside the hex (overlap-safe)",v1_sha1_hexid_pipe_subjectid
lfr_46fc932f7ecf12,h6000_q-000774_r+001412,hsub_great_britain_main_island,OCEAN,False,1.969649503,0.190462,cfbdf69f16728b9af6e0f2f2551587706f4c795e0e8f88475a9d7b8ce51359aa,"canonical hex polygon INTERSECT canonical OSM land component, unioned inside the hex (overlap-safe)",v1_sha1_hexid_pipe_subjectid
lfr_6c7121f1588b04,h6000_q-000773_r+001412,hsub_great_britain_main_island,OCEAN,False,3.158438749,0.305401,7c35365289cb73c3b378d8a765e4dd1f68c6ccc91f3d8a58d058e7f551be84db,"canonical hex polygon INTERSECT canonical OSM land component, unioned inside the hex (overlap-safe)",v1_sha1_hexid_pipe_subjectid
lfr_c01289972fa751,h6000_q-000769_r+001412,hsub_great_britain_main_island,OCEAN,False,4.368693136,0.422182,c119a68f704a9747a9a8d88ad6cc6bebc51bfd951ba44e034d075d32db60005d,"canonical hex polygon INTERSECT canonical OSM land component, unioned inside the hex (overlap-safe)",v1_sha1_hexid_pipe_subjectid
lfr_c74ea0e292f2f3,h6000_q-000731_r+001412,hsub_great_britain_main_island,OCEAN,False,4.10959054,0.397184,2ba5a47e8c487f14ed0499bf6ea7750bdc6fb0aba61a6c503c63a243647d2e3e,"canonical hex polygon INTERSECT canonical OSM land component, unioned inside the hex (overlap-safe)",v1_sha1_hexid_pipe_subjectid
lfr_4f889919b03ea9,h6000_q-000769_r+001413,hsub_great_britain_main_island,OCEAN,False,2.20491131,0.213316,0e64daee3c2d328c47a4df08c79a754095ed4e77db49a8e478d3ba07af68070d,"canonical hex polygon INTERSECT canonical OSM land component, unioned inside the hex (overlap-safe)",v1_sha1_hexid_pipe_subjectid
lfr_0e0316c2cc95c7,h6000_q-000768_r+001413,hsub_great_britain_main_island,OCEAN,False,1.678728851,0.162406,f6738c46a8bf114b42c40b2ccaba5e683045a3469b15b61f1bacf3c5a82a91a4,"canonical hex polygon INTERSECT canonical OSM land component, unioned inside the hex (overlap-safe)",v1_sha1_hexid_pipe_subjectid
lfr_e3e864ada07751,h6000_q-000773_r+001414,hsub_great_britain_main_island,OCEAN,False,1.12521464,0.109017,8ae703668c851803ec01ef9149668c714c104e1c412d7fef85f758ef6603c4c8,"canonical hex polygon INTERSECT canonical OSM land component, unioned inside the hex (overlap-safe)",v1_sha1_hexid_pipe_subjectid
lfr_5da41d2a9d02d6,h6000_q-000732_r+001414,hsub_great_britain_main_island,OCEAN,False,1.600028764,0.155048,fa9afaca1faf77585e3fa133ee7bce9b6a4e22626072a57e4a1b96adba98c0be,"canonical hex polygon INTERSECT canonical OSM land component, unioned inside the hex (overlap-safe)",v1_sha1_hexid_pipe_subjectid
lfr_c305491d56ac01,h6000_q-000773_r+001415,hsub_great_britain_main_island,OCEAN,False,0.033072544,0.003212,daa50ec3ab16083a543ae8ec9c385939acba289b92aa7441c1a6710113506e5c,"canonical hex polygon INTERSECT canonical OSM land component, unioned inside the hex (overlap-safe)",v1_sha1_hexid_pipe_subjectid
lfr_7c19b013d237c4,h6000_q-000772_r+001415,hsub_great_britain_main_island,OCEAN,False,0.004188347,0.000407,e98e4480d32b5b74ffa88b061631c569ac75aaccb6818ed2ea0264aa70a71f2a,"canonical hex polygon INTERSECT canonical OSM land component, unioned inside the hex (overlap-safe)",v1_sha1_hexid_pipe_subjectid
lfr_fec8c3c4113ccd,h6000_q-000768_r+001415,hsub_great_britain_main_island,OCEAN,False,1.639810396,0.159065,1090c82f0d336e2db090c077622576297f33bbe3b8088af23ab2d14a0e7cde28,"canonical hex polygon INTERSECT canonical OSM land component, unioned inside the hex (overlap-safe)",v1_sha1_hexid_pipe_subjectid
lfr_28ac1a09b9d0c6,h6000_q-000767_r+001415,hsub_great_britain_main_island,OCEAN,False,5.052020787,0.490221,566879d794dd3e1cc2b7f5c358b175c7ea1021c9fcea5ab4b24a900f45193daa,"canonical hex polygon INTERSECT canonical OSM land component, unioned inside the hex (overlap-safe)",v1_sha1_hexid_pipe_subjectid
lfr_2246dc57bde4f3,h6000_q-000766_r+001415,hsub_great_britain_main_island,OCEAN,False,0.655625129,0.063645,86184ec1e4a9c59bcf54d53db4d7c232c4300a6664a12417889f1714e4096fbb,"canonical hex polygon INTERSECT canonical OSM land component, unioned inside the hex (overlap-safe)",v1_sha1_hexid_pipe_subjectid
lfr_2b4d1c7acff73c,h6000_q-000765_r+001415,hsub_great_britain_main_island,OCEAN,False,2.584834232,0.337234,4d13de09c719b76960a5cd31ee89b18d56351d1fe86f533ac6f80699427bded7,"canonical hex polygon INTERSECT canonical OSM land component, unioned inside the hex (overlap-safe)",v1_sha1_hexid_pipe_subjectid
lfr_34c766417c490a,h6000_q-000774_r+001416,hsub_great_britain_main_island,OCEAN,False,4.887780512,0.475049,9b3ad97123ccafa8860909342b00e80b63b9cab053a3dccbff94634c67d3e015,"canonical hex polygon INTERSECT canonical OSM land component, unioned inside the hex (overlap-safe)",v1_sha1_hexid_pipe_subjectid
lfr_f4563cb1497b66,h6000_q-000772_r+001416,hsub_great_britain_main_island,OCEAN,False,4.491592938,0.436541,2d14269102e44e67a3a058869ff0c12ced705a616fab719f166446690d3af7ea,"canonical hex polygon INTERSECT canonical OSM land component, unioned inside the hex (overlap-safe)",v1_sha1_hexid_pipe_subjectid
lfr_03867f81d974ac,h6000_q-000733_r+001416,hsub_great_britain_main_island,OCEAN,False,0.639951862,0.062386,4ed9ce7f0cec6848ae1576f79b68f8f67fce9de68c3a2abee24c41e7999981e0,"canonical hex polygon INTERSECT canonical OSM land component, unioned inside the hex (overlap-safe)",v1_sha1_hexid_pipe_subjectid
lfr_b1a605e60097d7,h6000_q-000734_r+001417,hsub_great_britain_main_island,OCEAN,False,0.00099273,9.7e-05,d0aa805db9d548f233a67f6b2b680f79c46f538a1698d3d64cc4839117268e09,"canonical hex polygon INTERSECT canonical OSM land component, unioned inside the hex (overlap-safe)",v1_sha1_hexid_pipe_subjectid
lfr_8d335aa9dcc6bc,h6000_q-000735_r+001418,hsub_great_britain_main_island,OCEAN,False,0.137633376,0.013404,ab5ddec90afe0695355adf4399a23e771e4394bbe1c8971b203fc866c2dd066f,"canonical hex polygon INTERSECT canonical OSM land component, unioned inside the hex (overlap-safe)",v1_sha1_hexid_pipe_subjectid
lfr_139579b0308f69,h6000_q-000736_r+001419,hsub_great_britain_main_island,OCEAN,False,0.475764523,0.046406,bf265ae3a157e7576c019d8aa7a2d636a6b1a29d1c310525e9205aab500b7c07,"canonical hex polygon INTERSECT canonical OSM land component, unioned inside the hex (overlap-safe)",v1_sha1_hexid_pipe_subjectid
lfr_5e6b708d025b02,h6000_q-000737_r+001420,hsub_great_britain_main_island,OCEAN,False,1.595816527,0.156691,bab48f8fc12887ee84dd9be6c3e0c264b8bed5070082f13cc7ab73719d441aa6,"canonical hex polygon INTERSECT canonical OSM land component, unioned inside the hex (overlap-safe)",v1_sha1_hexid_pipe_subjectid
lfr_e4f03a7174c12f,h6000_q-000738_r+001421,hsub_great_britain_main_island,OCEAN,False,1.960319545,0.195719,7eeef6b97b34b70b02eff1392fcd6e2edd769666750543a4c27469d0ef928cef,"canonical hex polygon INTERSECT canonical OSM land component, unioned inside the hex (overlap-safe)",v1_sha1_hexid_pipe_subjectid
lfr_f401729ab4ec07,h6000_q-000739_r+001422,hsub_great_britain_main_island,OCEAN,False,3.880634923,0.381993,74019c64778a799e4baa576e0219bd5690fae79c78ea6f09155004fd462baea4,"canonical hex polygon INTERSECT canonical OSM land component, unioned inside the hex (overlap-safe)",v1_sha1_hexid_pipe_subjectid
lfr_d98267d2452f1d,h6000_q-000740_r+001424,hsub_great_britain_main_island,OCEAN,False,4.949984388,0.486506,9a5e57d5ee73525ec9f82f668fbbcc6eaeb6d27663f2df04d2c6e4e8ae888f8c,"canonical hex polygon INTERSECT canonical OSM land component, unioned inside the hex (overlap-safe)",v1_sha1_hexid_pipe_subjectid
lfr_355de29361d3d3,h6000_q-000743_r+001428,hsub_great_britain_main_island,OCEAN,False,5.050571721,0.498732,50b2df808ac14da992560e39d91c19cb129e41a3aa2b4c852ad6e4a8add5f592,"canonical hex polygon INTERSECT canonical OSM land component, unioned inside the hex (overlap-safe)",v1_sha1_hexid_pipe_subjectid
lfr_7cb78374dabdfe,h6000_q-000743_r+001429,hsub_great_britain_main_island,OCEAN,False,1.124237,0.123599,fb2cdb47131a1ca9747252958036a5025a1d032babbf8c37a8ed3aa80595c1ce,"canonical hex polygon INTERSECT canonical OSM land component, unioned inside the hex (overlap-safe)",v1_sha1_hexid_pipe_subjectid
lfr_3774bd63fe72a9,h6000_q-000744_r+001430,hsub_great_britain_main_island,OCEAN,False,0.095555473,0.009456,eb9cd2b441507e4c5e51265a75e76bd496aa8cc5660e551e94a3bbdcffaed6a1,"canonical hex polygon INTERSECT canonical OSM land component, unioned inside the hex (overlap-safe)",v1_sha1_hexid_pipe_subjectid
lfr_fbd59e43bde019,h6000_q-000745_r+001431,hsub_great_britain_main_island,OCEAN,False,1.450935085,0.143822,6f5fc4d374be6f6a320da2af22f3b45e1831ff2b968f9176ed6fd6b191f1525c,"canonical hex polygon INTERSECT canonical OSM land component, unioned inside the hex (overlap-safe)",v1_sha1_hexid_pipe_subjectid
lfr_e96f1c73db8bf0,h6000_q-000745_r+001432,hsub_great_britain_main_island,OCEAN,False,0.667152515,0.066242,28b3ed5844b69693cec6d85099783ce1ef6aa928ec1aa5112a1a01581f2fd69f,"canonical hex polygon INTERSECT canonical OSM land component, unioned inside the hex (overlap-safe)",v1_sha1_hexid_pipe_subjectid
lfr_a23ba5c7883ad0,h6000_q-000746_r+001434,hsub_great_britain_main_island,OCEAN,False,0.097525632,0.009705,1db516d7f215bc3cb129cdaf49f7c8b75d4b9b27bd25769863303a7f90d2a723,"canonical hex polygon INTERSECT canonical OSM land component, unioned inside the hex (overlap-safe)",v1_sha1_hexid_pipe_subjectid
lfr_a418a4f2756c67,h6000_q-000747_r+001435,hsub_great_britain_main_island,OCEAN,False,3.817124042,0.380396,6fcec54a2346fdeeffdef11891715e1eab96b966d94a58fac7757bd15d1a8918,"canonical hex polygon INTERSECT canonical OSM land component, unioned inside the hex (overlap-safe)",v1_sha1_hexid_pipe_subjectid
lfr_e8089b7ce62b8f,h6000_q-000749_r+001438,hsub_great_britain_main_island,OCEAN,False,1.263242157,0.126368,92a16c2e08a636023ea18be9f9cca8695b0314839e43c8501b45259708ead643,"canonical hex polygon INTERSECT canonical OSM land component, unioned inside the hex (overlap-safe)",v1_sha1_hexid_pipe_subjectid
lfr_3ffaf3bd03ecd6,h6000_q-000750_r+001439,hsub_great_britain_main_island,OCEAN,False,1.485632897,0.149327,42e7f7d2f67599d5be05b0f4a97cefdb1fb7134fd0c2798cfe027d0867df374a,"canonical hex polygon INTERSECT canonical OSM land component, unioned inside the hex (overlap-safe)",v1_sha1_hexid_pipe_subjectid
lfr_4e73b115eba36b,h6000_q-000752_r+001440,hsub_great_britain_main_island,OCEAN,False,4.101866631,0.411411,3e1a0af03c588a19e212e3fbad1ccc568d8706da5d99716dc7ee9244f51b81a7,"canonical hex polygon INTERSECT canonical OSM land component, unioned inside the hex (overlap-safe)",v1_sha1_hexid_pipe_subjectid
lfr_b5c75eb1c2cc97,h6000_q-000751_r+001440,hsub_great_britain_main_island,OCEAN,False,0.015242215,0.013533,ff634308fc70fddfc50c3d20f2b6e7676646a5d040d23de2cd13f3612dc55d20,"canonical hex polygon INTERSECT canonical OSM land component, unioned inside the hex (overlap-safe)",v1_sha1_hexid_pipe_subjectid
lfr_45366d831d5249,h6000_q-000754_r+001441,hsub_great_britain_main_island,OCEAN,False,3.431766103,0.367148,f59bd1997793f5272e24cc059e43108c7ade6795ca29ba1c03ccf564e573b4be,"canonical hex polygon INTERSECT canonical OSM land component, unioned inside the hex (overlap-safe)",v1_sha1_hexid_pipe_subjectid
lfr_6c161f8f6780b2,h6000_q-000753_r+001441,hsub_great_britain_main_island,OCEAN,False,0.181302875,0.018208,c165d5fe901ef4d536d5d41be2a27340387fc06486a68d455e517326d9d82843,"canonical hex polygon INTERSECT canonical OSM land component, unioned inside the hex (overlap-safe)",v1_sha1_hexid_pipe_subjectid
lfr_722fe7d076155a,h6000_q-000756_r+001443,hsub_great_britain_main_island,OCEAN,False,0.275560955,0.085899,b6ad4bfbaee6aa4a243e5d585552200cd21586bc6cc1910c0c80a581a67da2fb,"canonical hex polygon INTERSECT canonical OSM land component, unioned inside the hex (overlap-safe)",v1_sha1_hexid_pipe_subjectid
lfr_8778ee107b3df4,h6000_q-000759_r+001445,hsub_great_britain_main_island,OCEAN,False,3.008807489,0.30383,95e6c743bff1e91fa612b8cbf4cf7ed6434400004c860d3cc9e1c725bd2ef6ce,"canonical hex polygon INTERSECT canonical OSM land component, unioned inside the hex (overlap-safe)",v1_sha1_hexid_pipe_subjectid
lfr_ba841850b53990,h6000_q-000760_r+001446,hsub_great_britain_main_island,OCEAN,False,3.738377187,0.386629,e5786c0d9e9684ca53e00cc913f28941b5ae978e071806c9e47a6bd79f86d70b,"canonical hex polygon INTERSECT canonical OSM land component, unioned inside the hex (overlap-safe)",v1_sha1_hexid_pipe_subjectid
lfr_2dec277cef9fdb,h6000_q-000761_r+001447,hsub_great_britain_main_island,OCEAN,False,4.636171792,0.469454,dece23070ed23c7256d00aca615fcb7baab3983e50164d24bc5190afe634ffa1,"canonical hex polygon INTERSECT canonical OSM land component, unioned inside the hex (overlap-safe)",v1_sha1_hexid_pipe_subjectid
lfr_ff38164f14233c,h6000_q-000762_r+001448,hsub_great_britain_main_island,OCEAN,False,4.337767373,0.439978,1cd5a777fefe9234c66a6b1b2ae2ef18e50fb6049937451f6890749adfcd757c,"canonical hex polygon INTERSECT canonical OSM land component, unioned inside the hex (overlap-safe)",v1_sha1_hexid_pipe_subjectid
lfr_d72c7f9bad385f,h6000_q-000764_r+001450,hsub_great_britain_main_island,OCEAN,False,4.434776626,0.450821,385fc7e76f81fcfc328867e27a530d9a8190ab6c9b0f1c1f8502c89425042af6,"canonical hex polygon INTERSECT canonical OSM land component, unioned inside the hex (overlap-safe)",v1_sha1_hexid_pipe_subjectid
lfr_165aa906f6b80a,h6000_q-000763_r+001450,hsub_great_britain_main_island,OCEAN,False,0.000499818,5.1e-05,c8145d8db74a2e580d8497f2d627c2d36bcc4c40d05ce1ed6b6003813dc6c3dd,"canonical hex polygon INTERSECT canonical OSM land component, unioned inside the hex (overlap-safe)",v1_sha1_hexid_pipe_subjectid
lfr_9436ef66698ce3,h6000_q-000765_r+001451,hsub_great_britain_main_island,OCEAN,False,3.849934821,0.392979,977c407b854929a88688ff62db8081f0bcf263d6b86d12d949b079116ea63979,"canonical hex polygon INTERSECT canonical OSM land component, unioned inside the hex (overlap-safe)",v1_sha1_hexid_pipe_subjectid
lfr_b03444cd8823c1,h6000_q-000769_r+001452,hsub_great_britain_main_island,OCEAN,False,4.792620647,0.488528,58094bdcd141605501749dbbd77bdb76f19592f596bcf7c7cfd8f5fa45a632d0,"canonical hex polygon INTERSECT canonical OSM land component, unioned inside the hex (overlap-safe)",v1_sha1_hexid_pipe_subjectid
lfr_2b741f387d7ea9,h6000_q-000768_r+001452,hsub_great_britain_main_island,OCEAN,False,2.943877094,0.300037,0250961a5616c40f127117467804318532ec94328bcc949a965229808e37bef9,"canonical hex polygon INTERSECT canonical OSM land component, unioned inside the hex (overlap-safe)",v1_sha1_hexid_pipe_subjectid
lfr_b522296f76dda9,h6000_q-000767_r+001452,hsub_great_britain_main_island,OCEAN,False,3.381318038,0.344634,a072adcc96caade8161d45f4d4f6e8e6d6b6db0e2ee40e3055a8d9e851739c30,"canonical hex polygon INTERSECT canonical OSM land component, unioned inside the hex (overlap-safe)",v1_sha1_hexid_pipe_subjectid
lfr_f7386d8fc1a401,h6000_q-000766_r+001452,hsub_great_britain_main_island,OCEAN,False,0.02992543,0.003679,c7707c67655857ca71261d4b3df808047ec61ebca3b5f6535de604fdfdf20060,"canonical hex polygon INTERSECT canonical OSM land component, unioned inside the hex (overlap-safe)",v1_sha1_hexid_pipe_subjectid
lfr_8e637f3525d13f,h6000_q-000784_r+001453,hsub_great_britain_main_island,OCEAN,False,2.901949267,0.29617,850ec78d5290afa0ce921683383b8a4457ec8a309a4cf62fefbc290276801d14,"canonical hex polygon INTERSECT canonical OSM land component, unioned inside the hex (overlap-safe)",v1_sha1_hexid_pipe_subjectid
lfr_29b87c6e736197,h6000_q-000783_r+001453,hsub_great_britain_main_island,OCEAN,False,2.290693224,0.233768,ac04c57209031d38599c82d929a8035a7176b54315d01d83c518779a5268534f,"canonical hex polygon INTERSECT canonical OSM land component, unioned inside the hex (overlap-safe)",v1_sha1_hexid_pipe_subjectid
lfr_a514867ab99aa8,h6000_q-000788_r+001454,hsub_great_britain_main_island,OCEAN,False,3.592036466,0.378802,2031004f004a67f875d989b09795f2d34ce0ed779848f4308a7d202b617b6697,"canonical hex polygon INTERSECT canonical OSM land component, unioned inside the hex (overlap-safe)",v1_sha1_hexid_pipe_subjectid
lfr_ee997da7debe83,h6000_q-000787_r+001454,hsub_great_britain_main_island,OCEAN,False,4.5448832,0.464496,4726dd3165785a7d7bc3ec373277aae8918cf1e7c9242264e692705235426caf,"canonical hex polygon INTERSECT canonical OSM land component, unioned inside the hex (overlap-safe)",v1_sha1_hexid_pipe_subjectid
lfr_5f076111abdb53,h6000_q-000786_r+001454,hsub_great_britain_main_island,OCEAN,False,4.565578827,0.466624,507bd6009b074c23bff56bb91e22046ebb6103c495b57f8f09f960b8f6136cb4,"canonical hex polygon INTERSECT canonical OSM land component, unioned inside the hex (overlap-safe)",v1_sha1_hexid_pipe_subjectid
lfr_e13b3d2b6c1522,h6000_q-000785_r+001454,hsub_great_britain_main_island,OCEAN,False,0.149535203,0.015282,dd27248381a3ba6813f31e30963c3263759328722b048740416214311044def9,"canonical hex polygon INTERSECT canonical OSM land component, unioned inside the hex (overlap-safe)",v1_sha1_hexid_pipe_subjectid
lfr_ec7ad8b632791d,h6000_q-000782_r+001454,hsub_great_britain_main_island,OCEAN,False,0.491334325,0.0502,3ad53a6cfeeb1e975b219716f1b034f54efde11da83d9565b60faad9453174bb,"canonical hex polygon INTERSECT canonical OSM land component, unioned inside the hex (overlap-safe)",v1_sha1_hexid_pipe_subjectid
lfr_1ae64122696d7d,h6000_q-000781_r+001454,hsub_great_britain_main_island,OCEAN,False,3.573953464,0.365287,b2c8b60c8f8edfee6327dcf3b6c4f75097fa80256a18903573b59e14341736c3,"canonical hex polygon INTERSECT canonical OSM land component, unioned inside the hex (overlap-safe)",v1_sha1_hexid_pipe_subjectid
lfr_b0308810480436,h6000_q-000772_r+001454,hsub_great_britain_main_island,OCEAN,False,2.335187945,0.238653,b0997a68b07db1fa57f58fee6fd0e2d8f8569748622cd843fd5d2e8ae8791d1f,"canonical hex polygon INTERSECT canonical OSM land component, unioned inside the hex (overlap-safe)",v1_sha1_hexid_pipe_subjectid
lfr_eada586243329a,h6000_q-000793_r+001455,hsub_great_britain_main_island,OCEAN,False,3.265033406,0.33412,f51a17dfba4592072ec9d90031b4efac40406a750fb9bf33b914e42ec5a2074a,"canonical hex polygon INTERSECT canonical OSM land component, unioned inside the hex (overlap-safe)",v1_sha1_hexid_pipe_subjectid
lfr_eee79914ff4566,h6000_q-000792_r+001455,hsub_great_britain_main_island,OCEAN,False,0.713546288,0.073002,0ba13a563eab7cd4142f98784c3f65a23506383d9465e06de4828551dffeb49c,"canonical hex polygon INTERSECT canonical OSM land component, unioned inside the hex (overlap-safe)",v1_sha1_hexid_pipe_subjectid
lfr_ddddbeae8e5de3,h6000_q-000791_r+001455,hsub_great_britain_main_island,OCEAN,False,2.26146702,0.231598,eea93fb285130408951e399215fe4bc5534496d1ec331f9360d38f7e2231850d,"canonical hex polygon INTERSECT canonical OSM land component, unioned inside the hex (overlap-safe)",v1_sha1_hexid_pipe_subjectid
lfr_4ed2c3bd5a9774,h6000_q-000790_r+001455,hsub_great_britain_main_island,OCEAN,False,1.130665971,0.116523,eb22c3f26eabdbb63ba0478d535a3245f613f4c70e703643dd834a3ed64eb99b,"canonical hex polygon INTERSECT canonical OSM land component, unioned inside the hex (overlap-safe)",v1_sha1_hexid_pipe_subjectid
lfr_170bed7aa9f8d9,h6000_q-000781_r+001455,hsub_great_britain_main_island,OCEAN,False,3.659881881,0.374587,7ca4035a6fecc047d756428526758b1699417c90d61fe2fa5b03e1d312df3dfe,"canonical hex polygon INTERSECT canonical OSM land component, unioned inside the hex (overlap-safe)",v1_sha1_hexid_pipe_subjectid
lfr_f7b04943116258,h6000_q-000775_r+001455,hsub_great_britain_main_island,OCEAN,False,2.86716681,0.293409,f548701a1a2f5cfee5c5c8662b5f08b2eff3e2389a4ce480f10d1034e21a2166,"canonical hex polygon INTERSECT canonical OSM land component, unioned inside the hex (overlap-safe)",v1_sha1_hexid_pipe_subjectid
lfr_70c9f8452f1dc3,h6000_q-000774_r+001455,hsub_great_britain_main_island,OCEAN,False,1.682719161,0.173507,390f866d1c2f1f4669a15cc4168f1690af15e7d4f5e3da67d14f00362fe41a3a,"canonical hex polygon INTERSECT canonical OSM land component, unioned inside the hex (overlap-safe)",v1_sha1_hexid_pipe_subjectid
lfr_ef22c7da89982a,h6000_q-000797_r+001456,hsub_great_britain_main_island,OCEAN,False,4.530965656,0.464404,f61e140eb22f1ee5a2ebb4cdf79395d9080268b27e0fa2d841a03e9fe418cae2,"canonical hex polygon INTERSECT canonical OSM land component, unioned inside the hex (overlap-safe)",v1_sha1_hexid_pipe_subjectid
lfr_00a232d69a5a7c,h6000_q-000796_r+001456,hsub_great_britain_main_island,OCEAN,False,1.528770865,0.156734,3c658cb9af7cf47dd8656070aad17de493ada03493309e1cc37812a1d40ba796,"canonical hex polygon INTERSECT canonical OSM land component, unioned inside the hex (overlap-safe)",v1_sha1_hexid_pipe_subjectid
lfr_244cee06ab93e6,h6000_q-000795_r+001456,hsub_great_britain_main_island,OCEAN,False,0.63037266,0.064654,6987b835c955a65db2bfa6c266efc8fef32f05d4ca500bbb39150734cd2c05f4,"canonical hex polygon INTERSECT canonical OSM land component, unioned inside the hex (overlap-safe)",v1_sha1_hexid_pipe_subjectid
lfr_5c5012f363edd1,h6000_q-000794_r+001456,hsub_great_britain_main_island,OCEAN,False,1.558454315,0.159823,9832da76da4de384e448f1a545212ed203c7a028f4f20b4d29985609e60e55be,"canonical hex polygon INTERSECT canonical OSM land component, unioned inside the hex (overlap-safe)",v1_sha1_hexid_pipe_subjectid
lfr_c25247a71d1e4a,h6000_q-000793_r+001456,hsub_great_britain_main_island,OCEAN,False,4.643649801,0.476155,ac99aa279f487162d8f367861652b36f0c1a869f49b5922ca3b3c11a67dfa25b,"canonical hex polygon INTERSECT canonical OSM land component, unioned inside the hex (overlap-safe)",v1_sha1_hexid_pipe_subjectid
lfr_c4fa34be5517ed,h6000_q-000789_r+001456,hsub_great_britain_main_island,OCEAN,False,0.471388392,0.060894,a1642fbd9f0e741e7efde5f9adb3ef3e89605839418be815e8291ff427bbe8c0,"canonical hex polygon INTERSECT canonical OSM land component, unioned inside the hex (overlap-safe)",v1_sha1_hexid_pipe_subjectid
lfr_5735a7d24aae95,h6000_q-000781_r+001456,hsub_great_britain_main_island,OCEAN,False,4.684722917,0.48011,6db215260616becdaab38179d499ca52001e4d4ff7c77c3eead7e4a680a8894a,"canonical hex polygon INTERSECT canonical OSM land component, unioned inside the hex (overlap-safe)",v1_sha1_hexid_pipe_subjectid
lfr_db61296e12a942,h6000_q-000776_r+001456,hsub_great_britain_main_island,OCEAN,False,1.149542457,0.117797,970ca2da5838ca4add47919852de8dbb9f4b354955b1604d97f5a24b65304712,"canonical hex polygon INTERSECT canonical OSM land component, unioned inside the hex (overlap-safe)",v1_sha1_hexid_pipe_subjectid
lfr_47d582f6426371,h6000_q-000788_r+001457,hsub_great_britain_main_island,OCEAN,False,4.861408352,0.499271,d3122f618dcb43379252d83c0abc6af02369741c928354ba1df493f2535ae6dc,"canonical hex polygon INTERSECT canonical OSM land component, unioned inside the hex (overlap-safe)",v1_sha1_hexid_pipe_subjectid
lfr_40da611ad7eba7,h6000_q-000787_r+001457,hsub_great_britain_main_island,OCEAN,False,0.603054794,0.061969,78c8ebb47e70ee674d60c0051399a82281c6aaaa3e171f089c6ff48b93dab5b6,"canonical hex polygon INTERSECT canonical OSM land component, unioned inside the hex (overlap-safe)",v1_sha1_hexid_pipe_subjectid
lfr_ea2d30a2e769fc,h6000_q-000781_r+001457,hsub_great_britain_main_island,OCEAN,False,1.940074741,0.206983,93d3ae3e4dbc0bf381514c578a208526ecdeb1b2b7a4931efcbded6963e0515e,"canonical hex polygon INTERSECT canonical OSM land component, unioned inside the hex (overlap-safe)",v1_sha1_hexid_pipe_subjectid
lfr_0377f6a5ddf22a,h6000_q-000779_r+001457,hsub_great_britain_main_island,OCEAN,False,4.032555492,0.422104,b8882f8dafb56cb374010080c1ede60385f1e88515876b3ec6605804171a9c59,"canonical hex polygon INTERSECT canonical OSM land component, unioned inside the hex (overlap-safe)",v1_sha1_hexid_pipe_subjectid
lfr_e7ff85018e5d57,h6000_q-000778_r+001457,hsub_great_britain_main_island,OCEAN,False,3.560572031,0.366582,34dbcb11a3764aab91d87f3cdd87847f298f38cce8f76ec4cb601605c0d46741,"canonical hex polygon INTERSECT canonical OSM land component, unioned inside the hex (overlap-safe)",v1_sha1_hexid_pipe_subjectid
lfr_2c9c8bd7da5b44,h6000_q-000777_r+001457,hsub_great_britain_main_island,OCEAN,False,0.20065749,0.021076,cbbd0945468733fdd142f3c6a1623d88487c5819f7ef05e1ab20661e131cdd43,"canonical hex polygon INTERSECT canonical OSM land component, unioned inside the hex (overlap-safe)",v1_sha1_hexid_pipe_subjectid
lfr_14d418dcc47e15,h6000_q-000787_r+001459,hsub_great_britain_main_island,OCEAN,False,0.049107809,0.005057,f8d69f6410ea478bccdacfad5eab6b9aabdace2780a1427a7ff0cf87d336ff47,"canonical hex polygon INTERSECT canonical OSM land component, unioned inside the hex (overlap-safe)",v1_sha1_hexid_pipe_subjectid
lfr_9fcd984a61ba32,h6000_q-000787_r+001460,hsub_great_britain_main_island,OCEAN,False,2.207125671,0.22755,b33274ef04661f6d8ec064fd4a7e51a794ccb75b20c05ce93e82c3dd32b552cc,"canonical hex polygon INTERSECT canonical OSM land component, unioned inside the hex (overlap-safe)",v1_sha1_hexid_pipe_subjectid
lfr_52b63c06f269f4,h6000_q-000786_r+001461,hsub_great_britain_main_island,OCEAN,False,0.003033419,0.000313,7e9c80fe7d752235c26688b8e4af5f5c2002cfeeac226003b140034682f2519b,"canonical hex polygon INTERSECT canonical OSM land component, unioned inside the hex (overlap-safe)",v1_sha1_hexid_pipe_subjectid
lfr_50e5bce2df3f25,h6000_q-000786_r+001462,hsub_great_britain_main_island,OCEAN,False,0.53715901,0.055527,82f16c3dbdffc5cc2d1bf5233e4e12c450f518af77c1917f1034d43d500f7039,"canonical hex polygon INTERSECT canonical OSM land component, unioned inside the hex (overlap-safe)",v1_sha1_hexid_pipe_subjectid
lfr_6c0d157b06dedf,h6000_q-000783_r+001462,hsub_great_britain_main_island,OCEAN,False,4.659203103,0.494914,c6ac3a0c24a0d8ea6a738c43aff3d315a871c4374a7ee4b79ed268c8d3adb9d7,"canonical hex polygon INTERSECT canonical OSM land component, unioned inside the hex (overlap-safe)",v1_sha1_hexid_pipe_subjectid
lfr_fe8a3798c4921f,h6000_q-000782_r+001462,hsub_great_britain_main_island,OCEAN,False,0.107366333,0.011102,9aec826a90b298a3d04c242d10fcba22ee587e565c75355ebf18b33f354677cc,"canonical hex polygon INTERSECT canonical OSM land component, unioned inside the hex (overlap-safe)",v1_sha1_hexid_pipe_subjectid
lfr_761c7c3145570f,h6000_q-000781_r+001463,hsub_great_britain_main_island,OCEAN,False,0.627060715,0.064911,70f8b95670270b9499cbcd29dc8c78f8df3be902e7a7817f98589e80113cac7f,"canonical hex polygon INTERSECT canonical OSM land component, unioned inside the hex (overlap-safe)",v1_sha1_hexid_pipe_subjectid
lfr_c5c340fc018928,h6000_q-000781_r+001464,hsub_great_britain_main_island,OCEAN,False,3.880082152,0.402156,ac3e72fb169c29cf3558b89edbca0aaf1446137bc42a62aefa6b2518e252d9be,"canonical hex polygon INTERSECT canonical OSM land component, unioned inside the hex (overlap-safe)",v1_sha1_hexid_pipe_subjectid
lfr_67f4e49275dc26,h6000_q-000780_r+001465,hsub_great_britain_main_island,OCEAN,False,0.009258574,0.000961,cc9dc976751cd02a9317ae7fbb4437e130121011f2e31ce13759b6e2903e8db7,"canonical hex polygon INTERSECT canonical OSM land component, unioned inside the hex (overlap-safe)",v1_sha1_hexid_pipe_subjectid
lfr_500f46579f4e42,h6000_q-000781_r+001466,hsub_great_britain_main_island,OCEAN,False,0.297081421,0.031122,0f235ed47750926cf60ce04c5e04965a3d42d05b20e0f21f0b75491d8953df5d,"canonical hex polygon INTERSECT canonical OSM land component, unioned inside the hex (overlap-safe)",v1_sha1_hexid_pipe_subjectid
lfr_0e05f1bc2920df,h6000_q-000783_r+001467,hsub_great_britain_main_island,OCEAN,False,3.415463448,0.35523,1bf8289bbc79bbba802c9ce46bbeeebe3bad11173cf34fa0c5f27c01d600a597,"canonical hex polygon INTERSECT canonical OSM land component, unioned inside the hex (overlap-safe)",v1_sha1_hexid_pipe_subjectid
lfr_12a174e330143f,h6000_q-000785_r+001468,hsub_great_britain_main_island,OCEAN,False,0.029968066,0.003119,bd52a0259fd409c4d31b1252dd63847930353c5b9f5ef09bcc1a2c10d09c939d,"canonical hex polygon INTERSECT canonical OSM land component, unioned inside the hex (overlap-safe)",v1_sha1_hexid_pipe_subjectid
lfr_fc4e5dde5ea60f,h6000_q-000794_r+001469,hsub_great_britain_main_island,OCEAN,False,4.370805543,0.456031,8874d73430fe0d7dbebd43fcb5d1ecdbf67cdec6a193f1c6015eeab02c56090a,"canonical hex polygon INTERSECT canonical OSM land component, unioned inside the hex (overlap-safe)",v1_sha1_hexid_pipe_subjectid
lfr_695c4dbab2ee16,h6000_q-000787_r+001469,hsub_great_britain_main_island,OCEAN,False,4.005277797,0.418419,647fb99e539a023b5438d6ed3d047a430c465a70e566682a933b593477fdb3a1,"canonical hex polygon INTERSECT canonical OSM land component, unioned inside the hex (overlap-safe)",v1_sha1_hexid_pipe_subjectid
lfr_e05bccb162d5b6,h6000_q-000793_r+001470,hsub_great_britain_main_island,OCEAN,False,1.036059562,0.108178,2a4ccdf6e8a6c3adc368c42cbfe1b7ba0f46b75c7f5fe3cadd15ed7a8334ce4d,"canonical hex polygon INTERSECT canonical OSM land component, unioned inside the hex (overlap-safe)",v1_sha1_hexid_pipe_subjectid
lfr_f5c35711c5d86f,h6000_q-000787_r+001470,hsub_great_britain_main_island,OCEAN,False,3.501055522,0.38312,333480263c6f73eab382bb2edd5a4002cd58f31d49d6c86197a40965769a42c7,"canonical hex polygon INTERSECT canonical OSM land component, unioned inside the hex (overlap-safe)",v1_sha1_hexid_pipe_subjectid
lfr_a7d222ab1a66b3,h6000_q-000793_r+001471,hsub_great_britain_main_island,OCEAN,False,0.799850379,0.083703,38caf0fe73c96e6d1d924850270b8a4b6d6cb2d48d318ce762896ef2828a5cd3,"canonical hex polygon INTERSECT canonical OSM land component, unioned inside the hex (overlap-safe)",v1_sha1_hexid_pipe_subjectid
lfr_f776b62dcc15a9,h6000_q-000792_r+001471,hsub_great_britain_main_island,OCEAN,False,0.715934833,0.074857,b5839c361b4293d37cf9a425b1cbed07bf5d8bcf0f5131dc0590729756d68191,"canonical hex polygon INTERSECT canonical OSM land component, unioned inside the hex (overlap-safe)",v1_sha1_hexid_pipe_subjectid
lfr_bc32f12cd8810d,h6000_q-000791_r+001471,hsub_great_britain_main_island,OCEAN,False,3.930866335,0.411059,ebe171bf6f558a38904637a6691da430c35db24dd8b64f77f94339ce79e92f53,"canonical hex polygon INTERSECT canonical OSM land component, unioned inside the hex (overlap-safe)",v1_sha1_hexid_pipe_subjectid
lfr_db0000984beb84,h6000_q-000787_r+001471,hsub_great_britain_main_island,OCEAN,False,0.054489847,0.005699,016de446fa16c7d0c9ac6faa1562f4beb63f152481b9910cc93d30c2b9a78461,"canonical hex polygon INTERSECT canonical OSM land component, unioned inside the hex (overlap-safe)",v1_sha1_hexid_pipe_subjectid
lfr_c8ce9b175c5307,h6000_q-000793_r+001472,hsub_great_britain_main_island,OCEAN,False,4.722544365,0.494796,4f4d8b88cc39301104673f422a19e325c58d5703c72023b1e2391d40333320ef,"canonical hex polygon INTERSECT canonical OSM land component, unioned inside the hex (overlap-safe)",v1_sha1_hexid_pipe_subjectid
lfr_d256cb748c1c5e,h6000_q-000792_r+001472,hsub_great_britain_main_island,OCEAN,False,4.640562697,0.48623,1040ea2dda7a89c653218da14e6075a080b639cdbef7d1d04b86ecb709075d7c,"canonical hex polygon INTERSECT canonical OSM land component, unioned inside the hex (overlap-safe)",v1_sha1_hexid_pipe_subjectid
lfr_71576529fbe72c,h6000_q-000791_r+001472,hsub_great_britain_main_island,OCEAN,False,2.481284212,0.260454,4cc76698d0a02f5164bab4be03e0b02a698de7c6b08d87a6f9cd1dd129c0d83f,"canonical hex polygon INTERSECT canonical OSM land component, unioned inside the hex (overlap-safe)",v1_sha1_hexid_pipe_subjectid
lfr_e0a45aa555993d,h6000_q-000789_r+001472,hsub_great_britain_main_island,OCEAN,False,2.001099598,0.210252,835dbcfb23340f02c5311088508fedf071c92db321214c8dc88dcef64e1bcfb5,"canonical hex polygon INTERSECT canonical OSM land component, unioned inside the hex (overlap-safe)",v1_sha1_hexid_pipe_subjectid
lfr_f2968a8113a3e4,h6000_q-000788_r+001472,hsub_great_britain_main_island,OCEAN,False,0.69024004,0.075646,09bbae0e23abf031a376e2e83dfb2f0767d38ac8ef837d7e59ca373501fd784a,"canonical hex polygon INTERSECT canonical OSM land component, unioned inside the hex (overlap-safe)",v1_sha1_hexid_pipe_subjectid
lfr_3aaa9cf3821588,h6000_q-000787_r+001472,hsub_great_britain_main_island,OCEAN,False,0.169409476,0.017758,fae3c4284c9ebb9fc264840a183352a455b3343e3d22885506d7be9dd44d86b8,"canonical hex polygon INTERSECT canonical OSM land component, unioned inside the hex (overlap-safe)",v1_sha1_hexid_pipe_subjectid
lfr_0a0e8b0fb7464f,h6000_q-000787_r+001473,hsub_great_britain_main_island,OCEAN,False,4.404147758,0.461992,faa4b1a78546b78c37495fcb9cee57cfa509b208676e8f3ef344b7b1a3da4502,"canonical hex polygon INTERSECT canonical OSM land component, unioned inside the hex (overlap-safe)",v1_sha1_hexid_pipe_subjectid
lfr_7833a65db0623b,h6000_q-000843_r+001474,hsub_great_britain_main_island,OCEAN,False,1.195983086,0.135693,51086e0b0dcd89a8f300248b879a7f44540770bf992704f83c18701cc6dd8ea1,"canonical hex polygon INTERSECT canonical OSM land component, unioned inside the hex (overlap-safe)",v1_sha1_hexid_pipe_subjectid
lfr_2338f28318c614,h6000_q-000842_r+001474,hsub_great_britain_main_island,OCEAN,False,3.632812181,0.381679,2af9163b200d40ec34ac250f1816d742f16895cfa548eeacef5e398d8c1a0b7d,"canonical hex polygon INTERSECT canonical OSM land component, unioned inside the hex (overlap-safe)",v1_sha1_hexid_pipe_subjectid
lfr_18e67515d37e72,h6000_q-000846_r+001475,hsub_great_britain_main_island,OCEAN,False,0.224778139,0.13842,110f35a9a2b592120e71eb883ffaacd8d61fbb84eda9e945e95123cae91c2afe,"canonical hex polygon INTERSECT canonical OSM land component, unioned inside the hex (overlap-safe)",v1_sha1_hexid_pipe_subjectid
lfr_db68f47d8aa60c,h6000_q-000845_r+001475,hsub_great_britain_main_island,OCEAN,False,2.492498935,0.280589,9fcc553d220b4a1ec3ed9d88fe628dc59927845c8a200d49450bd614910af751,"canonical hex polygon INTERSECT canonical OSM land component, unioned inside the hex (overlap-safe)",v1_sha1_hexid_pipe_subjectid
lfr_755d1870e9ecd3,h6000_q-000841_r+001475,hsub_great_britain_main_island,OCEAN,False,2.405780723,0.253109,a2ff2ab1b366e5bade5efe9bf6ae325c1ee967fb239d275318caa01682725099,"canonical hex polygon INTERSECT canonical OSM land component, unioned inside the hex (overlap-safe)",v1_sha1_hexid_pipe_subjectid
lfr_021ff21ae6bbf6,h6000_q-000838_r+001475,hsub_great_britain_main_island,OCEAN,False,2.330657717,0.362673,070ca2afd11f9bb95e885ee4e24044cacc6e4f65dbb18ea75c10d044256adf71,"canonical hex polygon INTERSECT canonical OSM land component, unioned inside the hex (overlap-safe)",v1_sha1_hexid_pipe_subjectid
lfr_7a7f3de9a00910,h6000_q-000848_r+001476,hsub_great_britain_main_island,OCEAN,False,1.760346772,0.18546,b7b146c69645625962f4179b67ca45cd6cc66f5f347ddab4588efb3f34a62ae0,"canonical hex polygon INTERSECT canonical OSM land component, unioned inside the hex (overlap-safe)",v1_sha1_hexid_pipe_subjectid
lfr_bd4dd74336d28f,h6000_q-000839_r+001476,hsub_great_britain_main_island,OCEAN,False,0.069281671,0.304347,96b753bef48bd02a125e60dcf72f0366fe8d6963ca2d6c51608da1a105dee9ac,"canonical hex polygon INTERSECT canonical OSM land component, unioned inside the hex (overlap-safe)",v1_sha1_hexid_pipe_subjectid
lfr_2d16eade45b734,h6000_q-000849_r+001477,hsub_great_britain_main_island,OCEAN,False,3.946265465,0.416246,16449c3d4f0b1eff2484d0b1f718045aa810fcb629c162c16f84da1e32987023,"canonical hex polygon INTERSECT canonical OSM land component, unioned inside the hex (overlap-safe)",v1_sha1_hexid_pipe_subjectid
lfr_8b6969f97e50b1,h6000_q-000850_r+001478,hsub_great_britain_main_island,OCEAN,False,4.038959837,0.426582,ffd350553cb859fea455f74e728503529b8271bce0265f22f843aabbf6782c4e,"canonical hex polygon INTERSECT canonical OSM land component, unioned inside the hex (overlap-safe)",v1_sha1_hexid_pipe_subjectid
lfr_36aa4e82719dac,h6000_q-000841_r+001478,hsub_great_britain_main_island,OCEAN,False,4.127130052,0.435846,7c01bcfb3254df55b09c164ea2796e8ce95805d37670446e6e743f9e60c39e8b,"canonical hex polygon INTERSECT canonical OSM land component, unioned inside the hex (overlap-safe)",v1_sha1_hexid_pipe_subjectid
lfr_b03b6115ddf8c6,h6000_q-000839_r+001478,hsub_great_britain_main_island,OCEAN,False,0.009711601,0.058306,8db044323ff3c80c62ca484489fb5513960af1f63e198b1dc5780aa96d9f36ac,"canonical hex polygon INTERSECT canonical OSM land component, unioned inside the hex (overlap-safe)",v1_sha1_hexid_pipe_subjectid
lfr_2817b4013986db,h6000_q-000851_r+001479,hsub_great_britain_main_island,OCEAN,False,3.323870867,0.351495,7ec7d2d5d236d797171b7e70843a8f9ac6697c9cee7a76c7c3c3e0c5c1068ea5,"canonical hex polygon INTERSECT canonical OSM land component, unioned inside the hex (overlap-safe)",v1_sha1_hexid_pipe_subjectid
lfr_f1a5bb1e0e929f,h6000_q-000840_r+001479,hsub_great_britain_main_island,OCEAN,False,0.38942625,0.041586,80fc098b1b1403940e6ffca14150a45cdcd839a4ea37ffef6d611bff1d02dbd5,"canonical hex polygon INTERSECT canonical OSM land component, unioned inside the hex (overlap-safe)",v1_sha1_hexid_pipe_subjectid
lfr_75bca7e02bf339,h6000_q-000851_r+001480,hsub_great_britain_main_island,OCEAN,False,2.081910585,0.220815,cb6ce9af800983317aeb924f1a2af375196beb5194da42798e8f9992c420a062,"canonical hex polygon INTERSECT canonical OSM land component, unioned inside the hex (overlap-safe)",v1_sha1_hexid_pipe_subjectid
lfr_6c6ac4d84b4e05,h6000_q-000839_r+001480,hsub_great_britain_main_island,OCEAN,False,0.493825536,0.052275,a3919f4ecc67529536b6e5638dada096aa3d6aa84addd1ed8aa1c55a3a6ef812,"canonical hex polygon INTERSECT canonical OSM land component, unioned inside the hex (overlap-safe)",v1_sha1_hexid_pipe_subjectid
lfr_508d892c097d34,h6000_q-000855_r+001481,hsub_great_britain_main_island,OCEAN,False,2.986262707,0.316763,10d7a398e3d3502eabfe4bf7a5a53b71dde432ffd0a61f84446633f45a4bc224,"canonical hex polygon INTERSECT canonical OSM land component, unioned inside the hex (overlap-safe)",v1_sha1_hexid_pipe_subjectid
lfr_83a818879b89ef,h6000_q-000854_r+001481,hsub_great_britain_main_island,OCEAN,False,1.666527005,0.180115,fa59d588a16d2edae2f00f60abd334aefc436a33da6c1915feab62fec90345b5,"canonical hex polygon INTERSECT canonical OSM land component, unioned inside the hex (overlap-safe)",v1_sha1_hexid_pipe_subjectid
lfr_2d331c021c8d37,h6000_q-000853_r+001481,hsub_great_britain_main_island,OCEAN,False,1.272542397,0.135237,bb940ffef7dbcee613c7d177ca6aecb12056826169634b1c4c9f28e32081c85f,"canonical hex polygon INTERSECT canonical OSM land component, unioned inside the hex (overlap-safe)",v1_sha1_hexid_pipe_subjectid
lfr_f2bab647c2cb6c,h6000_q-000838_r+001481,hsub_great_britain_main_island,OCEAN,False,1.413937726,0.149856,9947f81801a0792f24e2e11a7ecac0c602eb4fb5b2b8586b1c5b88b717ca2313,"canonical hex polygon INTERSECT canonical OSM land component, unioned inside the hex (overlap-safe)",v1_sha1_hexid_pipe_subjectid
lfr_06763c0c9d1daf,h6000_q-000857_r+001482,hsub_great_britain_main_island,OCEAN,False,0.052737616,0.005601,0bfb4fc94e41434fd34e65301b2507fef98334a79ff919f17753d4318be6e1fd,"canonical hex polygon INTERSECT canonical OSM land component, unioned inside the hex (overlap-safe)",v1_sha1_hexid_pipe_subjectid
lfr_4c222395244b3a,h6000_q-000839_r+001482,hsub_great_britain_main_island,OCEAN,False,3.539097231,0.375883,12a64216733a5d4f4d85035b0f7702c4a0c9f9f096daad4d5067fcc531910b4e,"canonical hex polygon INTERSECT canonical OSM land component, unioned inside the hex (overlap-safe)",v1_sha1_hexid_pipe_subjectid
lfr_2160cd012de772,h6000_q-000857_r+001483,hsub_great_britain_main_island,OCEAN,False,1.845456323,0.198236,87f695fdbc2fc07cc1c45e01f5ae81826b4c775f22bf92cb7cc865190c8a61d8,"canonical hex polygon INTERSECT canonical OSM land component, unioned inside the hex (overlap-safe)",v1_sha1_hexid_pipe_subjectid
lfr_aa25fdf84be7b6,h6000_q-000857_r+001484,hsub_great_britain_main_island,OCEAN,False,0.73336027,0.080395,c159793414449d84376240fa9f28ee8a158ab655d1a09cb7144c1470e5b007ea,"canonical hex polygon INTERSECT canonical OSM land component, unioned inside the hex (overlap-safe)",v1_sha1_hexid_pipe_subjectid
lfr_d0246446c618cc,h6000_q-000839_r+001484,hsub_great_britain_main_island,OCEAN,False,4.265937388,0.455873,42ed70c61c85602bbbd47ee11a02d4ed2227c9f54bec5a5f5b31e5d45ad5678a,"canonical hex polygon INTERSECT canonical OSM land component, unioned inside the hex (overlap-safe)",v1_sha1_hexid_pipe_subjectid
lfr_a48460c18abfd6,h6000_q-000854_r+001485,hsub_great_britain_main_island,OCEAN,False,0.108659636,0.011767,1d7c75c2b4206695192bd9d11e9c7b4a6c78c87989706bf18a04ee6489bb0721,"canonical hex polygon INTERSECT canonical OSM land component, unioned inside the hex (overlap-safe)",v1_sha1_hexid_pipe_subjectid
lfr_f623ba701bb468,h6000_q-000853_r+001485,hsub_great_britain_main_island,OCEAN,False,1.958512334,0.209535,7528ea680f4b5e1e0ee8d40356a54ce710d71585296ce20afedc7eac5a26af38,"canonical hex polygon INTERSECT canonical OSM land component, unioned inside the hex (overlap-safe)",v1_sha1_hexid_pipe_subjectid
lfr_53bdb5d7855e65,h6000_q-000852_r+001485,hsub_great_britain_main_island,OCEAN,False,1.168731607,0.157369,26373b1bfda05f597e8c2d0fbc8bd1e031c1e733207f194967b0b2867cb3a0f9,"canonical hex polygon INTERSECT canonical OSM land component, unioned inside the hex (overlap-safe)",v1_sha1_hexid_pipe_subjectid
lfr_29272d4ddb6c24,h6000_q-000852_r+001486,hsub_great_britain_main_island,OCEAN,False,1.457438734,0.406346,7725d7c215416579e316688c0332fc4d47ac1bcd9a6a89b34f2b93fcc3474942,"canonical hex polygon INTERSECT canonical OSM land component, unioned inside the hex (overlap-safe)",v1_sha1_hexid_pipe_subjectid
lfr_137d6dbbb78e39,h6000_q-000852_r+001487,hsub_great_britain_main_island,OCEAN,False,2.845813657,0.30914,c2050054ad1e5e24b5d2f29d5f05535d5fce2578f75e61d022a706a18ab4ae7b,"canonical hex polygon INTERSECT canonical OSM land component, unioned inside the hex (overlap-safe)",v1_sha1_hexid_pipe_subjectid
lfr_d22a973d3aee42,h6000_q-000853_r+001488,hsub_great_britain_main_island,OCEAN,False,0.04454344,0.006265,db1d1afe41b5ec784318a7560afff9b2a925d8d5a64d83915220587268a3bde4,"canonical hex polygon INTERSECT canonical OSM land component, unioned inside the hex (overlap-safe)",v1_sha1_hexid_pipe_subjectid
lfr_c42ff2157662d2,h6000_q-000852_r+001489,hsub_great_britain_main_island,OCEAN,False,3.392338789,0.374656,b546d868aa365ba66235abad757b5de2e63ad66df6c3eefa94c53032a665fab6,"canonical hex polygon INTERSECT canonical OSM land component, unioned inside the hex (overlap-safe)",v1_sha1_hexid_pipe_subjectid
lfr_fd917cf62837ab,h6000_q-000854_r+001490,hsub_great_britain_main_island,OCEAN,False,4.045122184,0.481227,33b297fae0defdf4571250cef6eadced8a0cbd56dc16f9bd3c14c654293cbe67,"canonical hex polygon INTERSECT canonical OSM land component, unioned inside the hex (overlap-safe)",v1_sha1_hexid_pipe_subjectid
lfr_d0522d1058a71f,h6000_q-000855_r+001492,hsub_great_britain_main_island,OCEAN,False,0.18848768,0.024852,2806b6ecf7edb3e1cc572f8e1c31aeff9cc6fd0070701b6f4cbbe925d8fad004,"canonical hex polygon INTERSECT canonical OSM land component, unioned inside the hex (overlap-safe)",v1_sha1_hexid_pipe_subjectid
lfr_18439bcfbe5fba,h6000_q-000855_r+001493,hsub_great_britain_main_island,OCEAN,False,3.025566814,0.326037,18519a6d23e1a29950af6b3e82343a2b9fedae508d86d70b003a05d58fadf389,"canonical hex polygon INTERSECT canonical OSM land component, unioned inside the hex (overlap-safe)",v1_sha1_hexid_pipe_subjectid
lfr_587a597c9ed166,h6000_q-000852_r+001493,hsub_great_britain_main_island,OCEAN,False,3.05135802,0.328751,9569e22e0227d81f6346165b5974164c6faaa5016de069a5295999ca63adab1b,"canonical hex polygon INTERSECT canonical OSM land component, unioned inside the hex (overlap-safe)",v1_sha1_hexid_pipe_subjectid
lfr_fd78487df0642a,h6000_q-000855_r+001494,hsub_great_britain_main_island,OCEAN,False,2.712334938,0.292801,49863d0d63f8f4e007e7f1141808cd318344254ab22b033f2de24f83554780a1,"canonical hex polygon INTERSECT canonical OSM land component, unioned inside the hex (overlap-safe)",v1_sha1_hexid_pipe_subjectid
lfr_2b69902b773d07,h6000_q-000853_r+001494,hsub_great_britain_main_island,OCEAN,False,2.00946647,0.217152,79719f6f29957ce392d08524cf3aa471d56054e68973f11c6f1a38238a94270f,"canonical hex polygon INTERSECT canonical OSM land component, unioned inside the hex (overlap-safe)",v1_sha1_hexid_pipe_subjectid
lfr_d92f335b6d7538,h6000_q-000855_r+001495,hsub_great_britain_main_island,OCEAN,False,0.696699603,0.078935,a2497fa61e39fc45278b32e61d7bfd1e36db2cb587eb4662045cf3256fdfb9f5,"canonical hex polygon INTERSECT canonical OSM land component, unioned inside the hex (overlap-safe)",v1_sha1_hexid_pipe_subjectid
lfr_1c3b937ab9ecf4,h6000_q-000856_r+001496,hsub_great_britain_main_island,OCEAN,False,0.124113099,0.013428,affe704452644b4962af32426880111d5aebcb819116ef6103e2879a4485d74c,"canonical hex polygon INTERSECT canonical OSM land component, unioned inside the hex (overlap-safe)",v1_sha1_hexid_pipe_subjectid
lfr_6c6f2a628879ee,h6000_q-000856_r+001497,hsub_great_britain_main_island,OCEAN,False,0.068779282,0.008731,e3b619a0a18fe3dc9c615bd9b5c0c5a37abfc4a8e03fae6c8c1eea19ce667175,"canonical hex polygon INTERSECT canonical OSM land component, unioned inside the hex (overlap-safe)",v1_sha1_hexid_pipe_subjectid
lfr_69e1a863d0b641,h6000_q-000855_r+001498,hsub_great_britain_main_island,OCEAN,False,4.335146205,0.470282,6bd562475e5ac8bd9ae516f31bced1026c4eb17126f657f16388b0cdd1089866,"canonical hex polygon INTERSECT canonical OSM land component, unioned inside the hex (overlap-safe)",v1_sha1_hexid_pipe_subjectid
lfr_3da6ccae7758f4,h6000_q-000852_r+001498,hsub_great_britain_main_island,OCEAN,False,4.257940874,0.462316,4300cb56b6dd491a5e775951d7f3232676bf323cc47431f1c67d012e82baae0d,"canonical hex polygon INTERSECT canonical OSM land component, unioned inside the hex (overlap-safe)",v1_sha1_hexid_pipe_subjectid
lfr_4b76810b88e4c3,h6000_q-000855_r+001499,hsub_great_britain_main_island,OCEAN,False,1.107062328,0.12088,d2548d6316f9784576ae0c4bde383faf18df25b3a65c2485e89e33323a68d6aa,"canonical hex polygon INTERSECT canonical OSM land component, unioned inside the hex (overlap-safe)",v1_sha1_hexid_pipe_subjectid
lfr_41074cfecb04a2,h6000_q-000854_r+001499,hsub_great_britain_main_island,OCEAN,False,3.46674066,0.395133,40a8716e5ac4a1bce1a286a31a74b1cdc145d32681defef137da3d10e44601e4,"canonical hex polygon INTERSECT canonical OSM land component, unioned inside the hex (overlap-safe)",v1_sha1_hexid_pipe_subjectid
lfr_ccd358adc0b1f7,h6000_q-000856_r+001500,hsub_great_britain_main_island,OCEAN,False,0.386558704,0.051285,c4a213914c204b6fc514a11c3c54d3e41397f74fea721a31d915c95dfdd52241,"canonical hex polygon INTERSECT canonical OSM land component, unioned inside the hex (overlap-safe)",v1_sha1_hexid_pipe_subjectid
lfr_ead10f6890b9a3,h6000_q-000856_r+001501,hsub_great_britain_main_island,OCEAN,False,0.878141503,0.35382,8a48719aaba0b0d9dbfc0f880a3b57382c2a4102d188e34c0f39dc7b046f170d,"canonical hex polygon INTERSECT canonical OSM land component, unioned inside the hex (overlap-safe)",v1_sha1_hexid_pipe_subjectid
lfr_6202913a402f23,h6000_q-000856_r+001502,hsub_great_britain_main_island,OCEAN,False,0.597767709,0.376178,27a32bd3c291108cb809b05c1bda1e1ec89ce37d5045a09ff96e9419b13a5e5f,"canonical hex polygon INTERSECT canonical OSM land component, unioned inside the hex (overlap-safe)",v1_sha1_hexid_pipe_subjectid
lfr_c65013c63a44f6,h6000_q-000858_r+001504,hsub_great_britain_main_island,OCEAN,False,0.439968408,0.493338,482df836e2e7435020977c364ea06c6bf4012fec62b61a4e3b11d200d6a48a6c,"canonical hex polygon INTERSECT canonical OSM land component, unioned inside the hex (overlap-safe)",v1_sha1_hexid_pipe_subjectid
lfr_feae376bbe5b50,h6000_q-000857_r+001504,hsub_great_britain_main_island,OCEAN,False,0.081802645,0.239761,0ea839a03ce1f5b6ac87d2df8da9593455056a7e62a7441970af8669fa84d37f,"canonical hex polygon INTERSECT canonical OSM land component, unioned inside the hex (overlap-safe)",v1_sha1_hexid_pipe_subjectid
lfr_f42998bb7caf60,h6000_q-000856_r+001504,hsub_great_britain_main_island,OCEAN,False,2.227659121,0.249017,6c15ad87ac95d22c768a97f29c5b04ee5e39cf6a1a99a167142eed2da342f22d,"canonical hex polygon INTERSECT canonical OSM land component, unioned inside the hex (overlap-safe)",v1_sha1_hexid_pipe_subjectid
lfr_883e01690797f0,h6000_q-000859_r+001505,hsub_great_britain_main_island,OCEAN,False,1.64942235,0.205639,2fe0612e8300f79fcd6ee8efbe382554ebf31a68e4f93803ca071930ca4ada53,"canonical hex polygon INTERSECT canonical OSM land component, unioned inside the hex (overlap-safe)",v1_sha1_hexid_pipe_subjectid
lfr_ebf573fd47b3bd,h6000_q-000859_r+001506,hsub_great_britain_main_island,OCEAN,False,3.727100416,0.413326,757853e89d0e9d11b351cea23f38c8c0a3b48a13282277be5c064efad32333ea,"canonical hex polygon INTERSECT canonical OSM land component, unioned inside the hex (overlap-safe)",v1_sha1_hexid_pipe_subjectid
lfr_360bb77c27787d,h6000_q-000861_r+001507,hsub_great_britain_main_island,OCEAN,False,1.669758265,0.188744,1abfdd225fce239307b4894131c9b07d7932d620bb664135457ff27769f7c99d,"canonical hex polygon INTERSECT canonical OSM land component, unioned inside the hex (overlap-safe)",v1_sha1_hexid_pipe_subjectid
lfr_2fb17e008b2f6e,h6000_q-000860_r+001507,hsub_great_britain_main_island,OCEAN,False,1.318507234,0.144921,74c394b324c17ba44bd8051e6732dfd7cd152330a4dc281843149fbad85741eb,"canonical hex polygon INTERSECT canonical OSM land component, unioned inside the hex (overlap-safe)",v1_sha1_hexid_pipe_subjectid
lfr_4e7b63d7f57130,h6000_q-000859_r+001507,hsub_great_britain_main_island,OCEAN,False,1.417075649,0.159708,98cf5f0e211ca21453f82a2decac91685fd7542d8333784f4e3efdc70af85eed,"canonical hex polygon INTERSECT canonical OSM land component, unioned inside the hex (overlap-safe)",v1_sha1_hexid_pipe_subjectid
lfr_9175c4ec8c9f50,h6000_q-000858_r+001507,hsub_great_britain_main_island,OCEAN,False,3.214567769,0.366722,3b0074b7796d80522c13f771f110d5519ade38ef1495550b9907c8a766543628,"canonical hex polygon INTERSECT canonical OSM land component, unioned inside the hex (overlap-safe)",v1_sha1_hexid_pipe_subjectid
lfr_3263e179583984,h6000_q-000862_r+001508,hsub_great_britain_main_island,OCEAN,False,3.734906097,0.420198,0288129e12c9ef7be7c915f9acab99123893e1738d60fa53e8a62ff521328bba,"canonical hex polygon INTERSECT canonical OSM land component, unioned inside the hex (overlap-safe)",v1_sha1_hexid_pipe_subjectid
lfr_ad20f419fa21b7,h6000_q-000859_r+001508,hsub_great_britain_main_island,OCEAN,False,0.37464088,0.057823,8660cdcea0693103529cb1ac89ae2145ee7107d1b65f12b3dada46c0280d30a5,"canonical hex polygon INTERSECT canonical OSM land component, unioned inside the hex (overlap-safe)",v1_sha1_hexid_pipe_subjectid
lfr_cee17e219454d0,h6000_q-000863_r+001509,hsub_great_britain_main_island,OCEAN,False,0.283508303,0.032653,1ef251e7c721aa09428b5618cbb2287c5092ed0ca2f25c9b15c1913245a67387,"canonical hex polygon INTERSECT canonical OSM land component, unioned inside the hex (overlap-safe)",v1_sha1_hexid_pipe_subjectid
lfr_1d9f901b1cf896,h6000_q-000859_r+001509,hsub_great_britain_main_island,OCEAN,False,3.908636813,0.436639,9f636d9a6961252601253e466d99ca47f115c2e60540eff67ffb111faa05b199,"canonical hex polygon INTERSECT canonical OSM land component, unioned inside the hex (overlap-safe)",v1_sha1_hexid_pipe_subjectid
lfr_7076aac39cab9e,h6000_q-000856_r+001509,hsub_great_britain_main_island,OCEAN,False,3.370724684,0.372227,23b009883ab8fa9038ab96b200f97c5bd4865fb22d6329c76d1e1a3da888c759,"canonical hex polygon INTERSECT canonical OSM land component, unioned inside the hex (overlap-safe)",v1_sha1_hexid_pipe_subjectid
lfr_70dedabdc7e531,h6000_q-000863_r+001510,hsub_great_britain_main_island,OCEAN,False,4.342210738,0.478959,73ff684e6b5e6e0e78893b96aa49773bd4b274d71e02e7f4e26bc412e0edeee9,"canonical hex polygon INTERSECT canonical OSM land component, unioned inside the hex (overlap-safe)",v1_sha1_hexid_pipe_subjectid
lfr_f123038d25c14d,h6000_q-000864_r+001511,hsub_great_britain_main_island,OCEAN,False,3.988308196,0.440647,382119dee8897e7d12a6bd9699f93f5088220be4d8acc09c63e3c67e272cdc79,"canonical hex polygon INTERSECT canonical OSM land component, unioned inside the hex (overlap-safe)",v1_sha1_hexid_pipe_subjectid
lfr_daa8c77760d17a,h6000_q-000865_r+001512,hsub_great_britain_main_island,OCEAN,False,2.87469189,0.317978,55af1cf87082b797e738d8304c3f7b92cac3f8010d75fac654c2bbbdc989804d,"canonical hex polygon INTERSECT canonical OSM land component, unioned inside the hex (overlap-safe)",v1_sha1_hexid_pipe_subjectid
lfr_aaef15787ea724,h6000_q-000838_r+001513,hsub_great_britain_main_island,OCEAN,False,3.517542631,0.389502,baebd1130f79a02e60d8ee23fdef633a59b51e0477ee49473f04a44e75a7048e,"canonical hex polygon INTERSECT canonical OSM land component, unioned inside the hex (overlap-safe)",v1_sha1_hexid_pipe_subjectid
lfr_e33b9c5b680d54,h6000_q-000837_r+001513,hsub_great_britain_main_island,OCEAN,False,1.36474996,0.151136,30a54bb55fd6404058f31e2a239fbb6f8774c40171dfdb25eaa7a478fc636592,"canonical hex polygon INTERSECT canonical OSM land component, unioned inside the hex (overlap-safe)",v1_sha1_hexid_pipe_subjectid
lfr_aa503a3ba7983d,h6000_q-000836_r+001513,hsub_great_britain_main_island,OCEAN,False,2.004456952,0.222007,bd9b1a78b9e960a984c290d1651eeb7e7fbbe401d1600173605204be60a108a6,"canonical hex polygon INTERSECT canonical OSM land component, unioned inside the hex (overlap-safe)",v1_sha1_hexid_pipe_subjectid
lfr_7f8f1db41d850d,h6000_q-000834_r+001513,hsub_great_britain_main_island,OCEAN,False,3.045612496,0.337204,7b9c0052ca421f237f40e2ab29d46231b5b28c362b449329ba6ea9738e46638b,"canonical hex polygon INTERSECT canonical OSM land component, unioned inside the hex (overlap-safe)",v1_sha1_hexid_pipe_subjectid
lfr_9af0ff6df30ff5,h6000_q-000866_r+001514,hsub_great_britain_main_island,OCEAN,False,1.66813652,0.184984,3295a3cf32fbd7494d06a58f9c8b547ae1876d28f78d1fed9d1ed952d063fc47,"canonical hex polygon INTERSECT canonical OSM land component, unioned inside the hex (overlap-safe)",v1_sha1_hexid_pipe_subjectid
lfr_9e7b2e776b9bc7,h6000_q-000835_r+001514,hsub_great_britain_main_island,OCEAN,False,3.002876131,0.33312,db3bd94249b0da03ca8b128c4f87057123253c886c1bd34cc371c88763299109,"canonical hex polygon INTERSECT canonical OSM land component, unioned inside the hex (overlap-safe)",v1_sha1_hexid_pipe_subjectid
lfr_5df0262d329f89,h6000_q-000834_r+001514,hsub_great_britain_main_island,OCEAN,False,1.598835986,0.177256,8c9c3bb6f01c61d6e39adcf1d6bce005f72b54d82c09d22b9a8f7a1ef111987e,"canonical hex polygon INTERSECT canonical OSM land component, unioned inside the hex (overlap-safe)",v1_sha1_hexid_pipe_subjectid
lfr_aa71617595bde0,h6000_q-000863_r+001515,hsub_great_britain_main_island,OCEAN,False,2.533051997,0.283492,5b8ef960f123d0f096d24cfb21656c34eeddbe75591b47aad56022f1d23454ba,"canonical hex polygon INTERSECT canonical OSM land component, unioned inside the hex (overlap-safe)",v1_sha1_hexid_pipe_subjectid
lfr_4aca7bff01b2d5,h6000_q-000862_r+001515,hsub_great_britain_main_island,OCEAN,False,2.736469472,0.311291,6a4127dd05cde130378bbaa73a027175fd03fac814eaf5cefb997c09fcd6d4b1,"canonical hex polygon INTERSECT canonical OSM land component, unioned inside the hex (overlap-safe)",v1_sha1_hexid_pipe_subjectid
lfr_eaaf029e07535c,h6000_q-000861_r+001515,hsub_great_britain_main_island,OCEAN,False,1.754998533,0.195785,eff08b3d4b997014ffa6482fe75a42149b48f4522edfa16498af5df4091842a4,"canonical hex polygon INTERSECT canonical OSM land component, unioned inside the hex (overlap-safe)",v1_sha1_hexid_pipe_subjectid
lfr_87e1be31e4f94d,h6000_q-000835_r+001515,hsub_great_britain_main_island,OCEAN,False,2.183961781,0.242605,64a685744a18bca0f757b91c68653c6431663bd622b6241250a9312e4d856289,"canonical hex polygon INTERSECT canonical OSM land component, unioned inside the hex (overlap-safe)",v1_sha1_hexid_pipe_subjectid
lfr_647184b6e3c835,h6000_q-000834_r+001515,hsub_great_britain_main_island,OCEAN,False,0.084965821,0.009432,d14f32b9fb6887cde26ab3d46cf1b70587aaa242a0c043a5c7a6242d7e13e165,"canonical hex polygon INTERSECT canonical OSM land component, unioned inside the hex (overlap-safe)",v1_sha1_hexid_pipe_subjectid
lfr_88844dab67f530,h6000_q-000867_r+001516,hsub_great_britain_main_island,OCEAN,False,0.038103889,0.004356,93bcf3479549829665698c8c73a65042c0893ddac7ea4968d4c705f78558f4c0,"canonical hex polygon INTERSECT canonical OSM land component, unioned inside the hex (overlap-safe)",v1_sha1_hexid_pipe_subjectid
lfr_93bef84f62a3f5,h6000_q-000865_r+001516,hsub_great_britain_main_island,OCEAN,False,2.681536547,0.301535,1db78ff7547096a32a84003c5e8fc1c2d43cb8d306f7687eb2098836be954593,"canonical hex polygon INTERSECT canonical OSM land component, unioned inside the hex (overlap-safe)",v1_sha1_hexid_pipe_subjectid
lfr_c64366e5de16be,h6000_q-000864_r+001516,hsub_great_britain_main_island,OCEAN,False,1.688123175,0.188769,428c03749ac0322b20c49094b0b669f1d4ebd70880cbcd01275ad106d331d2be,"canonical hex polygon INTERSECT canonical OSM land component, unioned inside the hex (overlap-safe)",v1_sha1_hexid_pipe_subjectid
lfr_217d5a31ba6ec0,h6000_q-000835_r+001516,hsub_great_britain_main_island,OCEAN,False,3.173409686,0.353029,7d5af066f303ab9b20ad15b85ba903852b43e237f6188042685555d59ff53ace,"canonical hex polygon INTERSECT canonical OSM land component, unioned inside the hex (overlap-safe)",v1_sha1_hexid_pipe_subjectid
lfr_75a7bd803fc590,h6000_q-000834_r+001516,hsub_great_britain_main_island,OCEAN,False,0.476019341,0.052963,ba9dcf883252653157b50f245f38c494aa15a3ec7286607fba9594199e6cba95,"canonical hex polygon INTERSECT canonical OSM land component, unioned inside the hex (overlap-safe)",v1_sha1_hexid_pipe_subjectid
lfr_b30988c4fbccda,h6000_q-000866_r+001517,hsub_great_britain_main_island,OCEAN,False,0.109098156,0.012377,dab5198f91fb424e8338a4cae491d855ac2461eff4d252eade3f252fc61ef7f7,"canonical hex polygon INTERSECT canonical OSM land component, unioned inside the hex (overlap-safe)",v1_sha1_hexid_pipe_subjectid
lfr_2a4536ded538df,h6000_q-000865_r+001517,hsub_great_britain_main_island,OCEAN,False,2.809293091,0.312871,fcd6275f09ad3719dd302b4c22f6b1e85e871bbb5ecf7b7640ff366d7d0267b3,"canonical hex polygon INTERSECT canonical OSM land component, unioned inside the hex (overlap-safe)",v1_sha1_hexid_pipe_subjectid
lfr_22ac785e73f08f,h6000_q-000840_r+001517,hsub_great_britain_main_island,OCEAN,False,3.762561099,0.418899,97b8c863e80c69ae71519f29bc7240a710f8c9fcb9c014d99c4719b16e921c51,"canonical hex polygon INTERSECT canonical OSM land component, unioned inside the hex (overlap-safe)",v1_sha1_hexid_pipe_subjectid
lfr_42f7f4a53cec83,h6000_q-000834_r+001517,hsub_great_britain_main_island,OCEAN,False,1.362926046,0.151717,53adf2adb8e1d609b74e65e23608643180e696020183b9fcc578332b48a5fdb9,"canonical hex polygon INTERSECT canonical OSM land component, unioned inside the hex (overlap-safe)",v1_sha1_hexid_pipe_subjectid
lfr_723d308358c98b,h6000_q-000866_r+001518,hsub_great_britain_main_island,OCEAN,False,2.071746055,0.231104,1674462d576e7443677be3370d537eb0b1ed9fa475a671dc6505d9fe1ec4ca20,"canonical hex polygon INTERSECT canonical OSM land component, unioned inside the hex (overlap-safe)",v1_sha1_hexid_pipe_subjectid
lfr_c3e02b1e346fd1,h6000_q-000840_r+001518,hsub_great_britain_main_island,OCEAN,False,2.47252936,0.275766,72b06cc76715a3dc05d042da4945b9c684e740574686f3fb089ea200a3c7fa16,"canonical hex polygon INTERSECT canonical OSM land component, unioned inside the hex (overlap-safe)",v1_sha1_hexid_pipe_subjectid
lfr_179ac295d0ca84,h6000_q-000834_r+001518,hsub_great_britain_main_island,OCEAN,False,0.002690835,0.0003,b47c9d0ce31051fbce739ea689201760d4abd5391af03fbb46d70221351bf186,"canonical hex polygon INTERSECT canonical OSM land component, unioned inside the hex (overlap-safe)",v1_sha1_hexid_pipe_subjectid
lfr_5f23aac7a06854,h6000_q-000840_r+001519,hsub_great_britain_main_island,OCEAN,False,3.75982406,0.419946,34c6443e32e93a75bb72d49ea92bc729593bfeab4ed46baddf64502c2a39668c,"canonical hex polygon INTERSECT canonical OSM land component, unioned inside the hex (overlap-safe)",v1_sha1_hexid_pipe_subjectid
lfr_ef67315e272014,h6000_q-000834_r+001519,hsub_great_britain_main_island,OCEAN,False,0.257224111,0.028735,114a87dbd73f68a675639e41aea901ddbb5ee795e327b34d4cef0df55af0f495,"canonical hex polygon INTERSECT canonical OSM land component, unioned inside the hex (overlap-safe)",v1_sha1_hexid_pipe_subjectid
lfr_a6be2a542d1bef,h6000_q-000868_r+001520,hsub_great_britain_main_island,OCEAN,False,1.27834911,0.14298,79407db54d155c15df412b7ad04e0b2edbea117a6da58fdb158178010e3c2649,"canonical hex polygon INTERSECT canonical OSM land component, unioned inside the hex (overlap-safe)",v1_sha1_hexid_pipe_subjectid
lfr_e099c71f3e0e48,h6000_q-000839_r+001520,hsub_great_britain_main_island,OCEAN,False,2.545137321,0.284565,a3bfcbf43c711cadc08793c9ee8ca405b25d16086ca74496a74b2e3ac41da725,"canonical hex polygon INTERSECT canonical OSM land component, unioned inside the hex (overlap-safe)",v1_sha1_hexid_pipe_subjectid
lfr_eff0c0a61a18e8,h6000_q-000837_r+001520,hsub_great_britain_main_island,OCEAN,False,2.082884227,0.232859,be8080965170466f8a34eb49ad60a5b6b1f4148c94e78d12340dcb8bdd9851df,"canonical hex polygon INTERSECT canonical OSM land component, unioned inside the hex (overlap-safe)",v1_sha1_hexid_pipe_subjectid
lfr_6a9c6082cc6b63,h6000_q-000836_r+001520,hsub_great_britain_main_island,OCEAN,False,2.757985586,0.308283,c2bed1d22a071c27514e4bcb357b60e0fbe4fcef6272531c8cab17dcd6f959e3,"canonical hex polygon INTERSECT canonical OSM land component, unioned inside the hex (overlap-safe)",v1_sha1_hexid_pipe_subjectid
lfr_db09c1eb14aa8b,h6000_q-000868_r+001521,hsub_great_britain_main_island,OCEAN,False,2.332361649,0.261123,095a1ac677558fe9d08c6ddbfdcd79e89c42d9cc1b0b8c509f8317cb54a3885d,"canonical hex polygon INTERSECT canonical OSM land component, unioned inside the hex (overlap-safe)",v1_sha1_hexid_pipe_subjectid
lfr_29dd836ae1e18e,h6000_q-000837_r+001521,hsub_great_britain_main_island,OCEAN,False,0.973999229,0.109105,ac498b5261ed79a4d6aeb0562b19fc8adab77401c6bee3555d975bca7f3e3d24,"canonical hex polygon INTERSECT canonical OSM land component, unioned inside the hex (overlap-safe)",v1_sha1_hexid_pipe_subjectid
lfr_58194b737f2225,h6000_q-000835_r+001521,hsub_great_britain_main_island,OCEAN,False,4.26311676,0.477506,dea720984f31bd32f8a6d6878cfd054a2bfbd3b0955dc2aeb2e2d5df36503331,"canonical hex polygon INTERSECT canonical OSM land component, unioned inside the hex (overlap-safe)",v1_sha1_hexid_pipe_subjectid
lfr_d030af85c1c5d9,h6000_q-000868_r+001522,hsub_great_britain_main_island,OCEAN,False,0.197730141,0.022171,f1451cff7f6205abeef54dd6bac38dbc363d23ff08909d5051e5fb7b19421812,"canonical hex polygon INTERSECT canonical OSM land component, unioned inside the hex (overlap-safe)",v1_sha1_hexid_pipe_subjectid
lfr_4e7a95322e0810,h6000_q-000867_r+001522,hsub_great_britain_main_island,OCEAN,False,0.98219742,0.140143,2f27084832f4d647e18e15797b5d37cf054f48cb7c6ab1a8a658030934e4517a,"canonical hex polygon INTERSECT canonical OSM land component, unioned inside the hex (overlap-safe)",v1_sha1_hexid_pipe_subjectid
lfr_8df387c61f56f3,h6000_q-000837_r+001522,hsub_great_britain_main_island,OCEAN,False,3.491881314,0.391649,aa49a20178b1ac4483dfaa18ae4977c3c2d707eeae324afcfc07b9b7eec721ff,"canonical hex polygon INTERSECT canonical OSM land component, unioned inside the hex (overlap-safe)",v1_sha1_hexid_pipe_subjectid
lfr_6230f069f4a72c,h6000_q-000836_r+001522,hsub_great_britain_main_island,OCEAN,False,1.353490586,0.151759,4aed04b355dff71f859ec9bd39f280db3774562bbd8335f60a477e003345b9b4,"canonical hex polygon INTERSECT canonical OSM land component, unioned inside the hex (overlap-safe)",v1_sha1_hexid_pipe_subjectid
lfr_9d198a84526560,h6000_q-000870_r+001524,hsub_great_britain_main_island,OCEAN,False,1.763094204,0.198497,c3145318824f81c99f2613f9cb2ef39d6fcb72ebff23d554264542885bf63557,"canonical hex polygon INTERSECT canonical OSM land component, unioned inside the hex (overlap-safe)",v1_sha1_hexid_pipe_subjectid
lfr_df454136445c20,h6000_q-000867_r+001525,hsub_great_britain_main_island,OCEAN,False,1.431834923,0.161172,87b031d7b960198404ce9aeb31e9b9f1b96275642ebfbb30e0a58e2a29525410,"canonical hex polygon INTERSECT canonical OSM land component, unioned inside the hex (overlap-safe)",v1_sha1_hexid_pipe_subjectid
lfr_dce6446b2e19b6,h6000_q-000871_r+001526,hsub_great_britain_main_island,OCEAN,False,2.512997271,0.283659,45cb2da4eaf4b7d357a63631b5229edb9ea79a2914b46302571330babc7e3cba,"canonical hex polygon INTERSECT canonical OSM land component, unioned inside the hex (overlap-safe)",v1_sha1_hexid_pipe_subjectid
lfr_1fd40c7a04f5ac,h6000_q-000868_r+001526,hsub_great_britain_main_island,OCEAN,False,3.197380786,0.360582,4e00737c0df8733f684fdab574d3455bfaf83adcc8f76e2766cc9b0da4ab4ad2,"canonical hex polygon INTERSECT canonical OSM land component, unioned inside the hex (overlap-safe)",v1_sha1_hexid_pipe_subjectid
lfr_b43c678e5bd29c,h6000_q-000867_r+001526,hsub_great_britain_main_island,OCEAN,False,0.805609109,0.266103,a89628e79a9a4e5ccf93d3bcc05a81686e7c6fed49787af9a920aa82de9a6c23,"canonical hex polygon INTERSECT canonical OSM land component, unioned inside the hex (overlap-safe)",v1_sha1_hexid_pipe_subjectid
lfr_5118da3cf18d67,h6000_q-000868_r+001527,hsub_great_britain_main_island,OCEAN,False,0.653983958,0.323183,d0fadb7d3ace575319ae1cb82f366942df618a0d470b764a67f2d9c704ce0063,"canonical hex polygon INTERSECT canonical OSM land component, unioned inside the hex (overlap-safe)",v1_sha1_hexid_pipe_subjectid
lfr_2072f266e868ea,h6000_q-000840_r+001527,hsub_great_britain_main_island,OCEAN,False,1.707527881,0.192788,87903459fb0c3d02bd628d12230313195308c5754be396db9e6da82bd8a6a973,"canonical hex polygon INTERSECT canonical OSM land component, unioned inside the hex (overlap-safe)",v1_sha1_hexid_pipe_subjectid
lfr_106d0906787472,h6000_q-000838_r+001527,hsub_great_britain_main_island,OCEAN,False,0.149557486,0.016892,b5679650ef6baf46104f7d6c43b4bcdb9992cafae139e889d1b116e7090ffad1,"canonical hex polygon INTERSECT canonical OSM land component, unioned inside the hex (overlap-safe)",v1_sha1_hexid_pipe_subjectid
lfr_f7c4e9c4249d96,h6000_q-000872_r+001528,hsub_great_britain_main_island,OCEAN,False,0.47458913,0.054674,31211c9c2bad366cbd7829523c13d816d2be7887b70574b95610d064c1d18264,"canonical hex polygon INTERSECT canonical OSM land component, unioned inside the hex (overlap-safe)",v1_sha1_hexid_pipe_subjectid
lfr_2051b22d5935eb,h6000_q-000871_r+001528,hsub_great_britain_main_island,OCEAN,False,3.091142509,0.350442,b93d7cc5754049e84024229cd23a9ad9cf2d78a3c48dd3193f1974a8e3c169dc,"canonical hex polygon INTERSECT canonical OSM land component, unioned inside the hex (overlap-safe)",v1_sha1_hexid_pipe_subjectid
lfr_d6c0e2c0c83511,h6000_q-000869_r+001528,hsub_great_britain_main_island,OCEAN,False,2.147350443,0.243298,fb89c28065cdfd1aa7ff065acf9a3ca040daad52788052f117b160332b5b80e7,"canonical hex polygon INTERSECT canonical OSM land component, unioned inside the hex (overlap-safe)",v1_sha1_hexid_pipe_subjectid
lfr_48b5445e5b8a9c,h6000_q-000866_r+001528,hsub_great_britain_main_island,OCEAN,False,1.90785748,0.2156,759d78367217cf96eb71644ddea87b6adbc2e617ef66be5f8011c1a8eb64148c,"canonical hex polygon INTERSECT canonical OSM land component, unioned inside the hex (overlap-safe)",v1_sha1_hexid_pipe_subjectid
lfr_3f406ff4647dd3,h6000_q-000862_r+001528,hsub_great_britain_main_island,OCEAN,False,3.189486845,0.360705,c31fc46e188058826d25d277c90d0509897f89a538b5283055f1c96fe0f2ef88,"canonical hex polygon INTERSECT canonical OSM land component, unioned inside the hex (overlap-safe)",v1_sha1_hexid_pipe_subjectid
lfr_d3788ee82415b1,h6000_q-000867_r+001529,hsub_great_britain_main_island,OCEAN,False,0.101292594,0.011469,8fd1a3b25efbc845cc24704ec416a19cc2c6f5547a611b1ccc21e18d91e644e3,"canonical hex polygon INTERSECT canonical OSM land component, unioned inside the hex (overlap-safe)",v1_sha1_hexid_pipe_subjectid
lfr_83ca0d45f97640,h6000_q-000864_r+001529,hsub_great_britain_main_island,OCEAN,False,3.563714105,0.403339,e7a87745fcaea31e6fb2eceeed6916aab49a7a27212f8d2bec3a82edaeda3874,"canonical hex polygon INTERSECT canonical OSM land component, unioned inside the hex (overlap-safe)",v1_sha1_hexid_pipe_subjectid
lfr_46b94548b0e590,h6000_q-000870_r+001530,hsub_great_britain_main_island,OCEAN,False,0.202965569,0.023001,dd9bce6963f988fb5f224793cf8ab6295bbfd2434db87e1a348379710eae79f3,"canonical hex polygon INTERSECT canonical OSM land component, unioned inside the hex (overlap-safe)",v1_sha1_hexid_pipe_subjectid
lfr_6893fc8372265f,h6000_q-000868_r+001530,hsub_great_britain_main_island,OCEAN,False,1.530231537,0.173462,0e9a67004edcc6bb85020da8b68cc708a1e550abfcfb07f9a89064ad5e44f819,"canonical hex polygon INTERSECT canonical OSM land component, unioned inside the hex (overlap-safe)",v1_sha1_hexid_pipe_subjectid
lfr_93b74fffaf59b4,h6000_q-000866_r+001530,hsub_great_britain_main_island,OCEAN,False,0.011958919,0.001507,b9fa631ebbbb359d714741dd87b7b15d23acf40e7c445faaae9b9f9b597de991,"canonical hex polygon INTERSECT canonical OSM land component, unioned inside the hex (overlap-safe)",v1_sha1_hexid_pipe_subjectid
lfr_bc71c96cbfb080,h6000_q-000864_r+001530,hsub_great_britain_main_island,OCEAN,False,4.248956511,0.481604,017808df48e41b3cd553aead4033632cd6e9411b1a2d3459694ed505a532e63c,"canonical hex polygon INTERSECT canonical OSM land component, unioned inside the hex (overlap-safe)",v1_sha1_hexid_pipe_subjectid
lfr_e272abd03222ab,h6000_q-000863_r+001530,hsub_great_britain_main_island,OCEAN,False,2.642333191,0.29944,25407e82ac6e2e1241e9980b625c03ddc57e02a02786261e094b6168f1184cfb,"canonical hex polygon INTERSECT canonical OSM land component, unioned inside the hex (overlap-safe)",v1_sha1_hexid_pipe_subjectid
lfr_af9fe90de10f64,h6000_q-000862_r+001530,hsub_great_britain_main_island,OCEAN,False,3.417291358,0.387489,ae840e05e9fab7cbc0d4896478e31b7ed95d2094c5d20e9d3ba0ff65058a3bd1,"canonical hex polygon INTERSECT canonical OSM land component, unioned inside the hex (overlap-safe)",v1_sha1_hexid_pipe_subjectid
lfr_b256bf618408c4,h6000_q-000866_r+001531,hsub_great_britain_main_island,OCEAN,False,0.079699929,0.009043,155046e8cf670c66a87dbaa1f52e69102f8e119d8cc2a9c11f380b38192eb6b1,"canonical hex polygon INTERSECT canonical OSM land component, unioned inside the hex (overlap-safe)",v1_sha1_hexid_pipe_subjectid
lfr_e6363f0f9ee7b7,h6000_q-000865_r+001531,hsub_great_britain_main_island,OCEAN,False,1.240154189,0.14242,d62db3e677f6da7585042018bd35622f3fd592464639e66944f4a41992f9448a,"canonical hex polygon INTERSECT canonical OSM land component, unioned inside the hex (overlap-safe)",v1_sha1_hexid_pipe_subjectid
lfr_88dc6200dde182,h6000_q-000862_r+001531,hsub_great_britain_main_island,OCEAN,False,2.285035009,0.391164,840d5ad9089b6f890a2f3801c680d3720296d48beeceba3f3141fa17010e9fad,"canonical hex polygon INTERSECT canonical OSM land component, unioned inside the hex (overlap-safe)",v1_sha1_hexid_pipe_subjectid
lfr_d66e816c019511,h6000_q-000864_r+001532,hsub_great_britain_main_island,OCEAN,False,1.476089673,0.167886,756d6715b4b41204a75ead550b915cb1e356bc989da88aec0f368945f11d52d6,"canonical hex polygon INTERSECT canonical OSM land component, unioned inside the hex (overlap-safe)",v1_sha1_hexid_pipe_subjectid
lfr_8982bf80a936ba,h6000_q-000866_r+001533,hsub_great_britain_main_island,OCEAN,False,0.000497461,0.091695,8415bbbb3474473bdff9bbb01e2eb1569af60d1f20efc9f92c64ac3eb406695b,"canonical hex polygon INTERSECT canonical OSM land component, unioned inside the hex (overlap-safe)",v1_sha1_hexid_pipe_subjectid
lfr_6df6baf5133bb4,h6000_q-000867_r+001534,hsub_great_britain_main_island,OCEAN,False,0.318133645,0.286853,f27387b47bc68402d4a4898f715b52fd48b6dba046fec38f9fe986622d3e6a03,"canonical hex polygon INTERSECT canonical OSM land component, unioned inside the hex (overlap-safe)",v1_sha1_hexid_pipe_subjectid
lfr_0272fc0227b0e3,h6000_q-000870_r+001537,hsub_great_britain_main_island,OCEAN,False,0.671726113,0.07901,9559b8bfdef7aa0b61914fea05339f3aa6b47d789d683ea97f73163dd2af3a48,"canonical hex polygon INTERSECT canonical OSM land component, unioned inside the hex (overlap-safe)",v1_sha1_hexid_pipe_subjectid
lfr_30825c42ec2e3f,h6000_q-000868_r+001537,hsub_great_britain_main_island,OCEAN,False,0.337337595,0.040739,1fb33b2ec698a900894427a29ea574ca39519293b937d9bb3cf6e369651700c1,"canonical hex polygon INTERSECT canonical OSM land component, unioned inside the hex (overlap-safe)",v1_sha1_hexid_pipe_subjectid
lfr_b392c7f0dcb27f,h6000_q-000867_r+001537,hsub_great_britain_main_island,OCEAN,False,0.099791309,0.046219,38df30c46aa1bce3ef0d779a686c63eeeccaf229c28d4527e2046fe862a364a7,"canonical hex polygon INTERSECT canonical OSM land component, unioned inside the hex (overlap-safe)",v1_sha1_hexid_pipe_subjectid
lfr_9a31170b9e7662,h6000_q-000870_r+001538,hsub_great_britain_main_island,OCEAN,False,0.19766222,0.022833,5396a32a2fcecdfa3cdddb076108275fb9978312715357fff86df2659edc64df,"canonical hex polygon INTERSECT canonical OSM land component, unioned inside the hex (overlap-safe)",v1_sha1_hexid_pipe_subjectid
lfr_9b630f84a370f3,h6000_q-000868_r+001539,hsub_great_britain_main_island,OCEAN,False,0.795991558,0.132005,05d2360a2e8de2cd87adfb7e1e13b7ea2c626bcf23432d6274f0bc53a6faa071,"canonical hex polygon INTERSECT canonical OSM land component, unioned inside the hex (overlap-safe)",v1_sha1_hexid_pipe_subjectid
lfr_632394048a46c6,h6000_q-000869_r+001540,hsub_great_britain_main_island,OCEAN,False,0.186576562,0.022153,486f864d8e531853dda87dfe63d8bf630f9c78fb92daa63fa1c08b2a41ec724b,"canonical hex polygon INTERSECT canonical OSM land component, unioned inside the hex (overlap-safe)",v1_sha1_hexid_pipe_subjectid
lfr_93b89429e488f6,h6000_q-000870_r+001541,hsub_great_britain_main_island,OCEAN,False,0.519377463,0.060162,76a8c1b4a119765645e96fedd2fae7913d862b2c27db134eadc46e8115ce6909,"canonical hex polygon INTERSECT canonical OSM land component, unioned inside the hex (overlap-safe)",v1_sha1_hexid_pipe_subjectid
lfr_c7c5a4091ed87b,h6000_q-000871_r+001542,hsub_great_britain_main_island,OCEAN,False,0.251540262,0.029263,04d5a7aa9cb75c1bb3661b1b2ed6f8f73002b574016ef9bfdd6a3125c1d37b4b,"canonical hex polygon INTERSECT canonical OSM land component, unioned inside the hex (overlap-safe)",v1_sha1_hexid_pipe_subjectid
lfr_4d065d1f4fc628,h6000_q-000872_r+001543,hsub_great_britain_main_island,OCEAN,False,0.93886642,0.109467,656db1ac6be4f933e0964553dc4252b497992cba0d0b01a1e02c55da1180e41e,"canonical hex polygon INTERSECT canonical OSM land component, unioned inside the hex (overlap-safe)",v1_sha1_hexid_pipe_subjectid
lfr_02005fc4de27bd,h6000_q-000870_r+001543,hsub_great_britain_main_island,OCEAN,False,2.86501802,0.336081,40de666b3b5ac0bd6ef90a17e0b5f6880628d2c083813e4df50822fb294b7232,"canonical hex polygon INTERSECT canonical OSM land component, unioned inside the hex (overlap-safe)",v1_sha1_hexid_pipe_subjectid
lfr_049e70d18aec66,h6000_q-000872_r+001544,hsub_great_britain_main_island,OCEAN,False,1.445723723,0.169153,4bd077181927d36c49afb92a375f061eb529d4ca8732d722d806293030d584b1,"canonical hex polygon INTERSECT canonical OSM land component, unioned inside the hex (overlap-safe)",v1_sha1_hexid_pipe_subjectid
lfr_4f9ec0c3e07c89,h6000_q-000871_r+001544,hsub_great_britain_main_island,OCEAN,False,0.090020403,0.011474,db555f28b109a38dac85430825dfaeecd717afda70b3604e31062906bacf7c5b,"canonical hex polygon INTERSECT canonical OSM land component, unioned inside the hex (overlap-safe)",v1_sha1_hexid_pipe_subjectid
lfr_12145c3b2e5f58,h6000_q-000869_r+001544,hsub_great_britain_main_island,OCEAN,False,0.62621218,0.149993,8c1d81f65a59210be68d19cc3b2326e26ecba7cfea0d0c9f354403143498fad9,"canonical hex polygon INTERSECT canonical OSM land component, unioned inside the hex (overlap-safe)",v1_sha1_hexid_pipe_subjectid
lfr_00920b942f85cd,h6000_q-000868_r+001544,hsub_great_britain_main_island,OCEAN,False,0.678847217,0.080872,dddb27f870df9a0044f72f25f42d3064d2e02447a7121a87082a16d96ce3712d,"canonical hex polygon INTERSECT canonical OSM land component, unioned inside the hex (overlap-safe)",v1_sha1_hexid_pipe_subjectid
lfr_373ba3a5779471,h6000_q-000867_r+001544,hsub_great_britain_main_island,OCEAN,False,4.15474246,0.481091,595f799cfc372db3ab71ba5c271b25a2db5d55abb7dcc1412f5a4b80b91b1bd3,"canonical hex polygon INTERSECT canonical OSM land component, unioned inside the hex (overlap-safe)",v1_sha1_hexid_pipe_subjectid
lfr_400a4e47372b56,h6000_q-000868_r+001545,hsub_great_britain_main_island,OCEAN,False,1.714093178,0.246991,c65f8da55533390b29e7cf402184b252a454e90d0d9d5a5f8be5a0a3db19807e,"canonical hex polygon INTERSECT canonical OSM land component, unioned inside the hex (overlap-safe)",v1_sha1_hexid_pipe_subjectid
lfr_6584a7f60fbe98,h6000_q-000869_r+001546,hsub_great_britain_main_island,OCEAN,False,0.521457487,0.145347,6e31b10343a0b582017bd9c24a5185e3fcd89e6ecc2712568b40e75f4d5dad2d,"canonical hex polygon INTERSECT canonical OSM land component, unioned inside the hex (overlap-safe)",v1_sha1_hexid_pipe_subjectid
lfr_90c82c593b53de,h6000_q-000870_r+001547,hsub_great_britain_main_island,OCEAN,False,0.016765099,0.003316,65d235379c9e9e1ffdd48c28b467884fb45a4c18a26ec4997215cb5e81da0691,"canonical hex polygon INTERSECT canonical OSM land component, unioned inside the hex (overlap-safe)",v1_sha1_hexid_pipe_subjectid
lfr_53d37728460eff,h6000_q-000870_r+001548,hsub_great_britain_main_island,OCEAN,False,3.292694097,0.409933,00bb0d968ea23c79ec46cd4c0eecec8551720e869a27eabac6597b446aeaabb9,"canonical hex polygon INTERSECT canonical OSM land component, unioned inside the hex (overlap-safe)",v1_sha1_hexid_pipe_subjectid
lfr_49beed4067596e,h6000_q-000871_r+001550,hsub_great_britain_main_island,OCEAN,False,0.093268983,0.011009,89c9cb9987cfd6125020ab870783a82f60c72c12ffba6d03dc8ea391c7bb6cc5,"canonical hex polygon INTERSECT canonical OSM land component, unioned inside the hex (overlap-safe)",v1_sha1_hexid_pipe_subjectid
lfr_bad8c6a27c9f90,h6000_q-000870_r+001550,hsub_great_britain_main_island,OCEAN,False,2.855473815,0.373713,04fc120ffd5bf2774360c3be9965f32d10566cdd5a1e2d8efbfc6f5aa2e07024,"canonical hex polygon INTERSECT canonical OSM land component, unioned inside the hex (overlap-safe)",v1_sha1_hexid_pipe_subjectid
lfr_9c4987167cf4f3,h6000_q-000872_r+001553,hsub_great_britain_main_island,OCEAN,False,0.108582613,0.057969,ebb4efc16817d7aef39da738ec29f30a711c08c3ed61a956e442611ad970519a,"canonical hex polygon INTERSECT canonical OSM land component, unioned inside the hex (overlap-safe)",v1_sha1_hexid_pipe_subjectid
lfr_bdf853bd49e546,h6000_q-000864_r+001553,hsub_great_britain_main_island,OCEAN,False,3.311875002,0.421704,ad6999e002ba444e12126de97fb1d2dfe4d506c4e462e14f91542c818b8d2d79,"canonical hex polygon INTERSECT canonical OSM land component, unioned inside the hex (overlap-safe)",v1_sha1_hexid_pipe_subjectid
lfr_d9ee3ac5c8ccd4,h6000_q-000859_r+001553,hsub_great_britain_main_island,OCEAN,False,3.64028713,0.428265,ce03ebc9c558302a6b102fb7b8b19ec7f79fcd3781f712e062409729d12d620d,"canonical hex polygon INTERSECT canonical OSM land component, unioned inside the hex (overlap-safe)",v1_sha1_hexid_pipe_subjectid
lfr_de0ef72394c4b0,h6000_q-000872_r+001554,hsub_great_britain_main_island,OCEAN,False,3.82153597,0.448261,a772c3255a9e7879d49f164e6bd45fe0939c99f6254171a48f864b9926055d7c,"canonical hex polygon INTERSECT canonical OSM land component, unioned inside the hex (overlap-safe)",v1_sha1_hexid_pipe_subjectid
lfr_49be765d8301c8,h6000_q-000864_r+001554,hsub_great_britain_main_island,OCEAN,False,3.654125365,0.440327,533c552d9a96222f5fef6b478398cc17593141fc2eb68b8a729036b336ee2677,"canonical hex polygon INTERSECT canonical OSM land component, unioned inside the hex (overlap-safe)",v1_sha1_hexid_pipe_subjectid
lfr_07d595bf11fb54,h6000_q-000859_r+001554,hsub_great_britain_main_island,OCEAN,False,3.454539117,0.404868,1f358ebaa3ae0b06f4fda25cfe646086fc3e9bfc887314419e56f16ef756f93d,"canonical hex polygon INTERSECT canonical OSM land component, unioned inside the hex (overlap-safe)",v1_sha1_hexid_pipe_subjectid
lfr_79e152468efcb5,h6000_q-000872_r+001555,hsub_great_britain_main_island,OCEAN,False,3.772993318,0.442944,6e4fbc646dc430b96a5ae3ff22c45506dca7681c6f2d75ac630d7e99b022487e,"canonical hex polygon INTERSECT canonical OSM land component, unioned inside the hex (overlap-safe)",v1_sha1_hexid_pipe_subjectid
lfr_0d93fdee6f3aef,h6000_q-000863_r+001555,hsub_great_britain_main_island,OCEAN,False,3.232850885,0.38303,b6e56f4f426ff92f67a0b17966affb80cc03262aeebe02e056847d4449a32634,"canonical hex polygon INTERSECT canonical OSM land component, unioned inside the hex (overlap-safe)",v1_sha1_hexid_pipe_subjectid
lfr_c08af4a715d24f,h6000_q-000859_r+001555,hsub_great_britain_main_island,OCEAN,False,0.239904539,0.107718,2d72f26fc1f6066f69f530e33a17948e345b521168bfff3877164787431a6bc2,"canonical hex polygon INTERSECT canonical OSM land component, unioned inside the hex (overlap-safe)",v1_sha1_hexid_pipe_subjectid
lfr_fc9218ad9bc155,h6000_q-000856_r+001555,hsub_great_britain_main_island,OCEAN,False,3.922646965,0.462485,926eeba4aa40b0c2c8eea273f6b01f93123a0fdb880b47294b37c7fdf96d3696,"canonical hex polygon INTERSECT canonical OSM land component, unioned inside the hex (overlap-safe)",v1_sha1_hexid_pipe_subjectid
lfr_bde1a2978ff670,h6000_q-000872_r+001556,hsub_great_britain_main_island,OCEAN,False,0.123294024,0.014483,c3918850d21ec99c29f86470f3807908bb35fbbb7fcf17bb0afab81c03ff8fe9,"canonical hex polygon INTERSECT canonical OSM land component, unioned inside the hex (overlap-safe)",v1_sha1_hexid_pipe_subjectid
lfr_ef88d9190dd002,h6000_q-000865_r+001556,hsub_great_britain_main_island,OCEAN,False,3.940854594,0.48703,3653479062c81b14e906bb46571c456c2becd7fe3c66cdb5bb56c2dfba856c6e,"canonical hex polygon INTERSECT canonical OSM land component, unioned inside the hex (overlap-safe)",v1_sha1_hexid_pipe_subjectid
lfr_d8b406114ff118,h6000_q-000864_r+001556,hsub_great_britain_main_island,OCEAN,False,0.134592101,0.020584,9adbc4bdedf4205b9aa31f760fd9ccbb6073c82cc936e5f037b539ccaa6848ce,"canonical hex polygon INTERSECT canonical OSM land component, unioned inside the hex (overlap-safe)",v1_sha1_hexid_pipe_subjectid
lfr_00b61bd08eb707,h6000_q-000860_r+001556,hsub_great_britain_main_island,OCEAN,False,0.945509422,0.11894,66ffdd7389268b8a88b59fd3a7a98f0accd49ef57095baaee7a12e1385ba27c2,"canonical hex polygon INTERSECT canonical OSM land component, unioned inside the hex (overlap-safe)",v1_sha1_hexid_pipe_subjectid
lfr_a0e0635b09744c,h6000_q-000858_r+001556,hsub_great_britain_main_island,OCEAN,False,0.056325335,0.090294,701b42cfa2fb7da0959831559b1c7d370535e245a4386481ef3fd0ed12169c6a,"canonical hex polygon INTERSECT canonical OSM land component, unioned inside the hex (overlap-safe)",v1_sha1_hexid_pipe_subjectid
lfr_f4be15cc6b59ab,h6000_q-000856_r+001556,hsub_great_britain_main_island,OCEAN,False,1.105824703,0.131946,c7a7b1f2b63ee76da8f0d1217734a730f32cc9d851810fabd887ea7ed8144ee7,"canonical hex polygon INTERSECT canonical OSM land component, unioned inside the hex (overlap-safe)",v1_sha1_hexid_pipe_subjectid
lfr_af9488042fe6a2,h6000_q-000872_r+001557,hsub_great_britain_main_island,OCEAN,False,0.967789854,0.11486,7001765183697c31dd23409cb0629d46e0098994c59c520965bb5f21bab622e0,"canonical hex polygon INTERSECT canonical OSM land component, unioned inside the hex (overlap-safe)",v1_sha1_hexid_pipe_subjectid
lfr_5e227d3c6d093a,h6000_q-000866_r+001557,hsub_great_britain_main_island,OCEAN,False,0.410023692,0.048287,ef0d85f844e140119c98e0d137515f2bce25b2c1c92afbc7c0c0700d55ab28b1,"canonical hex polygon INTERSECT canonical OSM land component, unioned inside the hex (overlap-safe)",v1_sha1_hexid_pipe_subjectid
lfr_04043de545e1ef,h6000_q-000864_r+001557,hsub_great_britain_main_island,OCEAN,False,0.579396576,0.068153,678c65cb53bcd12b3d8b10a21254f70e9ec1e9e0d625a6df2c832ee4c568e900,"canonical hex polygon INTERSECT canonical OSM land component, unioned inside the hex (overlap-safe)",v1_sha1_hexid_pipe_subjectid
lfr_16b9494964f8e2,h6000_q-000863_r+001557,hsub_great_britain_main_island,OCEAN,False,3.339071756,0.392778,d01be26cbafa2a2494cbfe0170f18a82978fe42335db7a6c3427f8faa64252d6,"canonical hex polygon INTERSECT canonical OSM land component, unioned inside the hex (overlap-safe)",v1_sha1_hexid_pipe_subjectid
lfr_a49f89563f2695,h6000_q-000862_r+001557,hsub_great_britain_main_island,OCEAN,False,1.854552363,0.218137,30875c41bb2dd0fe09697b52f48586029cecc60f5f8bd804748ce9e607780512,"canonical hex polygon INTERSECT canonical OSM land component, unioned inside the hex (overlap-safe)",v1_sha1_hexid_pipe_subjectid
lfr_e4bbc43de6dad8,h6000_q-000855_r+001557,hsub_great_britain_main_island,OCEAN,False,0.181436646,0.021334,fd4cfe2562d6de00f7e493074576c366bb0e5a3d70393795bfbb252591d7d31f,"canonical hex polygon INTERSECT canonical OSM land component, unioned inside the hex (overlap-safe)",v1_sha1_hexid_pipe_subjectid
lfr_e7f4d9cd9f4adb,h6000_q-000854_r+001557,hsub_great_britain_main_island,OCEAN,False,0.516100338,0.064644,8c24c2a289a7fb81450cc2bf2ab8fa7ca758f85b7aedbc01dcae2be35089b778,"canonical hex polygon INTERSECT canonical OSM land component, unioned inside the hex (overlap-safe)",v1_sha1_hexid_pipe_subjectid
lfr_e10bbfd8ea737a,h6000_q-000869_r+001558,hsub_great_britain_main_island,OCEAN,False,3.555038282,0.42204,c5074ff2bf145c8aca93d2d1b479c2fbd52a6cf186995518f4048d4f1bbba98d,"canonical hex polygon INTERSECT canonical OSM land component, unioned inside the hex (overlap-safe)",v1_sha1_hexid_pipe_subjectid
lfr_9b348284806730,h6000_q-000868_r+001558,hsub_great_britain_main_island,OCEAN,False,0.810534071,0.095476,d8706c04d76487f356fc4093c01182c06a164cd599601edbb180f92f8b6451bb,"canonical hex polygon INTERSECT canonical OSM land component, unioned inside the hex (overlap-safe)",v1_sha1_hexid_pipe_subjectid
lfr_5bf67248c8a3c8,h6000_q-000867_r+001558,hsub_great_britain_main_island,OCEAN,False,0.079448452,0.011532,97d833c19b892fb3944904302a434f9d73dea6119d889b96cb2178553f254d65,"canonical hex polygon INTERSECT canonical OSM land component, unioned inside the hex (overlap-safe)",v1_sha1_hexid_pipe_subjectid
lfr_b40d3b2f72febe,h6000_q-000854_r+001558,hsub_great_britain_main_island,OCEAN,False,0.147313494,0.020677,63a9edafb132aed7ef8e7f5b22d618de5a4ea52b55b0d016a929b44accd2bb1c,"canonical hex polygon INTERSECT canonical OSM land component, unioned inside the hex (overlap-safe)",v1_sha1_hexid_pipe_subjectid
lfr_f2d84cb1fee222,h6000_q-000872_r+001559,hsub_great_britain_main_island,OCEAN,False,1.433248498,0.172147,6eb3ddc550ef92b63fa13e5e879c6755796b141a48c4a279301b3600f36be15f,"canonical hex polygon INTERSECT canonical OSM land component, unioned inside the hex (overlap-safe)",v1_sha1_hexid_pipe_subjectid
lfr_9a7a97273f4d33,h6000_q-000871_r+001559,hsub_great_britain_main_island,OCEAN,False,0.145896312,0.017202,25717c3463128cddb6f00ae4fc050db1cffa7ec5d13456fdde38974bd946dcbd,"canonical hex polygon INTERSECT canonical OSM land component, unioned inside the hex (overlap-safe)",v1_sha1_hexid_pipe_subjectid
lfr_85e1a41b19d55e,h6000_q-000870_r+001559,hsub_great_britain_main_island,OCEAN,False,0.02177315,0.005043,eb004e00ff12e255eaec1e39a0c9a32776cfa373a4256af8c1a58a9cfafc2f3f,"canonical hex polygon INTERSECT canonical OSM land component, unioned inside the hex (overlap-safe)",v1_sha1_hexid_pipe_subjectid
lfr_960ded457d97ee,h6000_q-000786_r+001475,hsub_great_britain_main_island,OCEAN,False,1.199935907,0.126236,830f299ac3135ddca492e14672424af5685f41af394a884383f26194202abbd2,"canonical hex polygon INTERSECT canonical OSM land component, unioned inside the hex (overlap-safe)",v1_sha1_hexid_pipe_subjectid
lfr_82065aceb0c04e,h6000_q-000785_r+001476,hsub_great_britain_main_island,OCEAN,False,0.515063173,0.054267,9cfae091b8336b5881a4413b246933c2e872e84e9ecfbd9cfc3944474a60a378,"canonical hex polygon INTERSECT canonical OSM land component, unioned inside the hex (overlap-safe)",v1_sha1_hexid_pipe_subjectid
lfr_495d3c5b534c96,h6000_q-000785_r+001477,hsub_great_britain_main_island,OCEAN,False,1.006196621,0.106225,c0d82186bd208968ab95debb78af0971b9a8a5b4f1f08bd95509b0b30d19c1bc,"canonical hex polygon INTERSECT canonical OSM land component, unioned inside the hex (overlap-safe)",v1_sha1_hexid_pipe_subjectid
lfr_890d76fe1d4096,h6000_q-000785_r+001478,hsub_great_britain_main_island,OCEAN,False,1.275442495,0.134719,1a1b8fc20af3aae941cbdcfea6769d443aebd260bcf9cf879a2626e06a04c0ef,"canonical hex polygon INTERSECT canonical OSM land component, unioned inside the hex (overlap-safe)",v1_sha1_hexid_pipe_subjectid
lfr_cdf239def72d7c,h6000_q-000786_r+001480,hsub_great_britain_main_island,OCEAN,False,0.974634336,0.103232,328f8bd29ec9f19e8ee8cbda96d7678cec668546ae70a08fd4ba1c90695cb063,"canonical hex polygon INTERSECT canonical OSM land component, unioned inside the hex (overlap-safe)",v1_sha1_hexid_pipe_subjectid
lfr_eb23cb33bf8946,h6000_q-000786_r+001482,hsub_great_britain_main_island,OCEAN,False,0.729957586,0.077493,1e4cf735747ab898a3755d8bfd062eb09ba129c6fb8947e714a6d0b75e868e8b,"canonical hex polygon INTERSECT canonical OSM land component, unioned inside the hex (overlap-safe)",v1_sha1_hexid_pipe_subjectid
lfr_415ee1962af1a6,h6000_q-000786_r+001484,hsub_great_britain_main_island,OCEAN,False,0.019654333,0.002094,99c34248355e2dba30b117aab28b4e921333825e9e037bd2717ed938c5f2a866,"canonical hex polygon INTERSECT canonical OSM land component, unioned inside the hex (overlap-safe)",v1_sha1_hexid_pipe_subjectid
lfr_2bed138f4cd6c6,h6000_q-000786_r+001485,hsub_great_britain_main_island,OCEAN,False,2.860400127,0.305049,41d20df0cf1887a6c34525762793a01f8eaeb7287131ed839390143b29e4ddd7,"canonical hex polygon INTERSECT canonical OSM land component, unioned inside the hex (overlap-safe)",v1_sha1_hexid_pipe_subjectid
lfr_6e1efeb39344a6,h6000_q-000785_r+001487,hsub_great_britain_main_island,OCEAN,False,0.006124089,0.000655,9f5254a7039e5f4941fb9447c05e51196d7e63e1993d76738e7ef239d8e10ed0,"canonical hex polygon INTERSECT canonical OSM land component, unioned inside the hex (overlap-safe)",v1_sha1_hexid_pipe_subjectid
lfr_238607f827030b,h6000_q-000785_r+001488,hsub_great_britain_main_island,OCEAN,False,0.432436957,0.046305,368434285ac3f6d7e19b8ec11dc5e7586e49b4b2d2a7ecf21c494295f533802f,"canonical hex polygon INTERSECT canonical OSM land component, unioned inside the hex (overlap-safe)",v1_sha1_hexid_pipe_subjectid
lfr_ceedb29ce9d078,h6000_q-000786_r+001491,hsub_great_britain_main_island,OCEAN,False,1.716679355,0.185766,a199b55f05fca0db3f6c83ed55997604ba8a4d21f0c76f1993e837c1c5730f2a,"canonical hex polygon INTERSECT canonical OSM land component, unioned inside the hex (overlap-safe)",v1_sha1_hexid_pipe_subjectid
lfr_42196bacd24438,h6000_q-000787_r+001494,hsub_great_britain_main_island,OCEAN,False,3.922330574,0.423367,30b210142d4eaed127721d5ee4930721ebc2bd9faf5e2f7bd72a50b0ac21414f,"canonical hex polygon INTERSECT canonical OSM land component, unioned inside the hex (overlap-safe)",v1_sha1_hexid_pipe_subjectid
lfr_111225d13001af,h6000_q-000787_r+001495,hsub_great_britain_main_island,OCEAN,False,4.529236846,0.489543,d6cafe87f0de54e53f660650497254787b45b24f70ef3fa8b6ae096e3ca9b9b1,"canonical hex polygon INTERSECT canonical OSM land component, unioned inside the hex (overlap-safe)",v1_sha1_hexid_pipe_subjectid
lfr_5748aec88fa6ec,h6000_q-000787_r+001497,hsub_great_britain_main_island,OCEAN,False,3.474443579,0.376552,48a8c25814a37e41bc34440536d78c3967a4b50c94443029700884485dd24291,"canonical hex polygon INTERSECT canonical OSM land component, unioned inside the hex (overlap-safe)",v1_sha1_hexid_pipe_subjectid
lfr_a80c1c3a5c56c5,h6000_q-000787_r+001498,hsub_great_britain_main_island,OCEAN,False,2.584939654,0.280532,3d210923316a8d8a7dd03adee1c558dc93ba9f93104d8bb09d76859192eca70f,"canonical hex polygon INTERSECT canonical OSM land component, unioned inside the hex (overlap-safe)",v1_sha1_hexid_pipe_subjectid
lfr_30713e349f7bf4,h6000_q-000787_r+001499,hsub_great_britain_main_island,OCEAN,False,0.025590015,0.00278,43ad8d9f57a8596eff5118f203679e92102b784b8c6711456be499e6e205524c,"canonical hex polygon INTERSECT canonical OSM land component, unioned inside the hex (overlap-safe)",v1_sha1_hexid_pipe_subjectid
lfr_05b4a6c684ea88,h6000_q-000789_r+001502,hsub_great_britain_main_island,OCEAN,False,2.620874298,0.285972,e80e4fee09bb1d86af42a7ad9ee6d16a349791f19c6b78984186971d2065cfdd,"canonical hex polygon INTERSECT canonical OSM land component, unioned inside the hex (overlap-safe)",v1_sha1_hexid_pipe_subjectid
lfr_5dc4e755ddebd7,h6000_q-000789_r+001503,hsub_great_britain_main_island,OCEAN,False,0.755408174,0.082549,af9e1c6291b0a6c8cc13968bdeadc344d4d334ddfae9293e4ae094227dcab114,"canonical hex polygon INTERSECT canonical OSM land component, unioned inside the hex (overlap-safe)",v1_sha1_hexid_pipe_subjectid
lfr_9c29667fdba240,h6000_q-000789_r+001504,hsub_great_britain_main_island,OCEAN,False,0.088445364,0.00968,05cbe2d567611d5cb4a6e9064f7d663a21a8b7cadc3727ef0786141d2d466d97,"canonical hex polygon INTERSECT canonical OSM land component, unioned inside the hex (overlap-safe)",v1_sha1_hexid_pipe_subjectid
lfr_f1ffda14677513,h6000_q-000789_r+001505,hsub_great_britain_main_island,OCEAN,False,0.000234717,2.6e-05,71ab98b6fa1c4e83e354c1692f8f1385a14c2c47d73be2d01bf640e609b7abbd,"canonical hex polygon INTERSECT canonical OSM land component, unioned inside the hex (overlap-safe)",v1_sha1_hexid_pipe_subjectid
lfr_b927e65300da50,h6000_q-000789_r+001506,hsub_great_britain_main_island,OCEAN,False,0.000945199,0.000104,981de044155f5a616f2272d7dbdb1e600a5367a25b437cf54556d0d584fe5903,"canonical hex polygon INTERSECT canonical OSM land component, unioned inside the hex (overlap-safe)",v1_sha1_hexid_pipe_subjectid
lfr_1983f9f2577a7d,h6000_q-000789_r+001507,hsub_great_britain_main_island,OCEAN,False,0.894730465,0.09832,3a790d81d4493c330a1ee4972d3b63775f20491eacf180756d793407881ba98c,"canonical hex polygon INTERSECT canonical OSM land component, unioned inside the hex (overlap-safe)",v1_sha1_hexid_pipe_subjectid
lfr_4c896c0c1fb582,h6000_q-000789_r+001508,hsub_great_britain_main_island,OCEAN,False,2.508768757,0.276554,2a438d573a1379f0fb3501cf6e31b6695cabf95aa55305258d600f848e6141b8,"canonical hex polygon INTERSECT canonical OSM land component, unioned inside the hex (overlap-safe)",v1_sha1_hexid_pipe_subjectid
lfr_ce578754aed348,h6000_q-000789_r+001509,hsub_great_britain_main_island,OCEAN,False,3.45600339,0.381067,16a91bc0c99b97cb9085224105fe2805802a9b4576218d3630119f0bc6978589,"canonical hex polygon INTERSECT canonical OSM land component, unioned inside the hex (overlap-safe)",v1_sha1_hexid_pipe_subjectid
lfr_743effe483759b,h6000_q-000789_r+001512,hsub_great_britain_main_island,OCEAN,False,3.612509338,0.402449,661200551d5322d7460f5a16c576bb220fa13d946dc72080c6eff7ed76cc5e52,"canonical hex polygon INTERSECT canonical OSM land component, unioned inside the hex (overlap-safe)",v1_sha1_hexid_pipe_subjectid
lfr_59babcffdd6a4b,h6000_q-000789_r+001513,hsub_great_britain_main_island,OCEAN,False,0.188498763,0.020886,04146610e23cdc7e3eead6388dfb6a7e593419d92975709ef9a3fc038261aaf0,"canonical hex polygon INTERSECT canonical OSM land component, unioned inside the hex (overlap-safe)",v1_sha1_hexid_pipe_subjectid
lfr_367733603cee8d,h6000_q-000790_r+001514,hsub_great_britain_main_island,OCEAN,False,2.296393205,0.254597,037a6dfff02d52a607e604c93ac27908d37759b067a345578fda31cc0f6fea08,"canonical hex polygon INTERSECT canonical OSM land component, unioned inside the hex (overlap-safe)",v1_sha1_hexid_pipe_subjectid
lfr_0672725a987af5,h6000_q-000791_r+001515,hsub_great_britain_main_island,OCEAN,False,4.493093607,0.499004,9447960ca7534352dfe61c35889d1d3f50db8d319483f0a7e8e72d6e47010a77,"canonical hex polygon INTERSECT canonical OSM land component, unioned inside the hex (overlap-safe)",v1_sha1_hexid_pipe_subjectid
lfr_6c20eab25417f3,h6000_q-000832_r+001517,hsub_great_britain_main_island,OCEAN,False,3.229133185,0.359479,f6cb161ce4b01ec65aa418c5eb1fbbd6a6ab5534ef368fb830c9e032c9a8253a,"canonical hex polygon INTERSECT canonical OSM land component, unioned inside the hex (overlap-safe)",v1_sha1_hexid_pipe_subjectid
lfr_95f73a967a2bd9,h6000_q-000831_r+001517,hsub_great_britain_main_island,OCEAN,False,1.907462718,0.212328,ac6e4487a8bc677729abafeb12cefa0c7dab8e04094195a028fc76514a51f463,"canonical hex polygon INTERSECT canonical OSM land component, unioned inside the hex (overlap-safe)",v1_sha1_hexid_pipe_subjectid
lfr_a229f15ae1df73,h6000_q-000830_r+001517,hsub_great_britain_main_island,OCEAN,False,4.310694309,0.479915,0fc0ee92f012827b164502d9713536b9bd7a7ae8a13a153decc9c9550aab274a,"canonical hex polygon INTERSECT canonical OSM land component, unioned inside the hex (overlap-safe)",v1_sha1_hexid_pipe_subjectid
lfr_8d2cd4c4f6dc84,h6000_q-000792_r+001517,hsub_great_britain_main_island,OCEAN,False,0.675560245,0.075238,720446ed46902d54a05ddd80675b7e44ec1c4eb2ff84654a1820e85e0a063d6a,"canonical hex polygon INTERSECT canonical OSM land component, unioned inside the hex (overlap-safe)",v1_sha1_hexid_pipe_subjectid
lfr_77f6ecbd8dd4e4,h6000_q-000830_r+001518,hsub_great_britain_main_island,OCEAN,False,0.753627644,0.084019,1a873e9c8903bf3c4696f2d7a034e7f74b526953d396ae0804bb2a4640edbf60,"canonical hex polygon INTERSECT canonical OSM land component, unioned inside the hex (overlap-safe)",v1_sha1_hexid_pipe_subjectid
lfr_3bfd08610d8889,h6000_q-000793_r+001518,hsub_great_britain_main_island,OCEAN,False,3.075067632,0.342804,5ab30b760b876088c08423aaa9b72241b6b013ec13cf57136b02b65ff1c2aeb5,"canonical hex polygon INTERSECT canonical OSM land component, unioned inside the hex (overlap-safe)",v1_sha1_hexid_pipe_subjectid
lfr_af35275fa9b99c,h6000_q-000829_r+001519,hsub_great_britain_main_island,OCEAN,False,1.696453279,0.189372,99b19150eae9df5b18d01b4b251294f6a8eb0f71a3272faa70290955d36a5920,"canonical hex polygon INTERSECT canonical OSM land component, unioned inside the hex (overlap-safe)",v1_sha1_hexid_pipe_subjectid
lfr_7745ec62cf4200,h6000_q-000794_r+001519,hsub_great_britain_main_island,OCEAN,False,0.062907363,0.007022,209b72d6d8f78e978d8f4103ea360870c6f93a850e54802772e2c98bcd536928,"canonical hex polygon INTERSECT canonical OSM land component, unioned inside the hex (overlap-safe)",v1_sha1_hexid_pipe_subjectid
lfr_edc498626a3aca,h6000_q-000834_r+001520,hsub_great_britain_main_island,OCEAN,False,1.631676396,0.182624,af39378c9b34800c477a5a35638a5b8211c2677a1c6a59dc3632edb6d55a6d95,"canonical hex polygon INTERSECT canonical OSM land component, unioned inside the hex (overlap-safe)",v1_sha1_hexid_pipe_subjectid
lfr_17e29cacec8d73,h6000_q-000829_r+001520,hsub_great_britain_main_island,OCEAN,False,0.081714085,0.009132,b4593c852d1e9870b96bad4bc79207b7e3d04d1f29e6297330e7e2ee6172e4e8,"canonical hex polygon INTERSECT canonical OSM land component, unioned inside the hex (overlap-safe)",v1_sha1_hexid_pipe_subjectid
lfr_d1d7e3408e1ed1,h6000_q-000828_r+001520,hsub_great_britain_main_island,OCEAN,False,1.686724742,0.188524,315b63ea7d2ccab71f5f5f3a2f5792870b6bfe57fc57d816cbe8bfb87a6f5ea4,"canonical hex polygon INTERSECT canonical OSM land component, unioned inside the hex (overlap-safe)",v1_sha1_hexid_pipe_subjectid
lfr_699e7e4500524f,h6000_q-000827_r+001520,hsub_great_britain_main_island,OCEAN,False,1.457842076,0.162948,419297549fa1ed6ad7a463759010def47e9f1a35211cd25fb3a3fd62bf3e1f46,"canonical hex polygon INTERSECT canonical OSM land component, unioned inside the hex (overlap-safe)",v1_sha1_hexid_pipe_subjectid
lfr_e2652df557be95,h6000_q-000826_r+001520,hsub_great_britain_main_island,OCEAN,False,1.872589695,0.209304,05138ed4fb3cd89e633546874395139881df85ae324161c04892c6bb1d32fad6,"canonical hex polygon INTERSECT canonical OSM land component, unioned inside the hex (overlap-safe)",v1_sha1_hexid_pipe_subjectid
lfr_9fb3978c38b086,h6000_q-000816_r+001520,hsub_great_britain_main_island,OCEAN,False,3.325314629,0.371711,a21a200700c10ba7ffb3c791c361264832f9ddfc925a8d9ea5433adf46d60c5e,"canonical hex polygon INTERSECT canonical OSM land component, unioned inside the hex (overlap-safe)",v1_sha1_hexid_pipe_subjectid
lfr_035ff11afa2699,h6000_q-000807_r+001520,hsub_great_britain_main_island,OCEAN,False,4.298660083,0.480536,5c71e1524d750457b007726e5a44a8476c4224ae47952cc981c25e0735b835cf,"canonical hex polygon INTERSECT canonical OSM land component, unioned inside the hex (overlap-safe)",v1_sha1_hexid_pipe_subjectid
lfr_202b4652de1c50,h6000_q-000795_r+001520,hsub_great_britain_main_island,OCEAN,False,0.068239022,0.007628,e6cd998e1c102ff938bd0fb92e796ab375994fe4d6f1237226ca29e11ae432da,"canonical hex polygon INTERSECT canonical OSM land component, unioned inside the hex (overlap-safe)",v1_sha1_hexid_pipe_subjectid
lfr_b87fecfc814e46,h6000_q-000834_r+001521,hsub_great_britain_main_island,OCEAN,False,1.923766709,0.215487,0ef3f62653772420ab81857979ec2dd31788b51bc023e52bc5a3f487969b1d47,"canonical hex polygon INTERSECT canonical OSM land component, unioned inside the hex (overlap-safe)",v1_sha1_hexid_pipe_subjectid
lfr_3da9421fe767ab,h6000_q-000819_r+001521,hsub_great_britain_main_island,OCEAN,False,1.08195658,0.121093,b043a24fe7e752a1ee84a13bf58880e4ec9e2f1fcfeeeabd0d0367c0416e46f9,"canonical hex polygon INTERSECT canonical OSM land component, unioned inside the hex (overlap-safe)",v1_sha1_hexid_pipe_subjectid
lfr_eda9b4293b3267,h6000_q-000815_r+001521,hsub_great_britain_main_island,OCEAN,False,2.576241391,0.288382,ce0a10522e3547308101988572ffd89fbbca207733bfcc25ab8f71a7770a976c,"canonical hex polygon INTERSECT canonical OSM land component, unioned inside the hex (overlap-safe)",v1_sha1_hexid_pipe_subjectid
lfr_2af6e7ae9fbc91,h6000_q-000811_r+001521,hsub_great_britain_main_island,OCEAN,False,1.885029308,0.211235,9ec8e457483e832f475e30ad8c7e8a492acea89286a91952d966529c3ed8846d,"canonical hex polygon INTERSECT canonical OSM land component, unioned inside the hex (overlap-safe)",v1_sha1_hexid_pipe_subjectid
lfr_58e755bd4b70d4,h6000_q-000810_r+001521,hsub_great_britain_main_island,OCEAN,False,1.680341719,0.188065,ea934cd70d9391c7eee5ae392db22144d8559818d96097a112013286da632d22,"canonical hex polygon INTERSECT canonical OSM land component, unioned inside the hex (overlap-safe)",v1_sha1_hexid_pipe_subjectid
lfr_d236d38ceb8e51,h6000_q-000809_r+001521,hsub_great_britain_main_island,OCEAN,False,0.200750877,0.022463,26ba272510ae99c9c1dfb320ef7b3fe763d7c4c02256a1eb08473dacd802fc06,"canonical hex polygon INTERSECT canonical OSM land component, unioned inside the hex (overlap-safe)",v1_sha1_hexid_pipe_subjectid
lfr_e7c02ad92295e2,h6000_q-000808_r+001521,hsub_great_britain_main_island,OCEAN,False,0.012879165,0.001441,fd67a55f16ef292c0653f00477baf1c5100ffd4e23b66ef6109c450f485e1965,"canonical hex polygon INTERSECT canonical OSM land component, unioned inside the hex (overlap-safe)",v1_sha1_hexid_pipe_subjectid
lfr_7487a8d9edd25b,h6000_q-000804_r+001521,hsub_great_britain_main_island,OCEAN,False,0.207536588,0.02323,3c705f6b25fa25152c9d5a48157210609e59909f40316153439ccf07ce54cfd2,"canonical hex polygon INTERSECT canonical OSM land component, unioned inside the hex (overlap-safe)",v1_sha1_hexid_pipe_subjectid
lfr_47965739a5ad1f,h6000_q-000803_r+001521,hsub_great_britain_main_island,OCEAN,False,2.976230929,0.33314,32bdaf702b40e3b952173b472f929f453b83b93d3404bf1d9327e7f27f02c553,"canonical hex polygon INTERSECT canonical OSM land component, unioned inside the hex (overlap-safe)",v1_sha1_hexid_pipe_subjectid
lfr_2bef028d0022e5,h6000_q-000802_r+001521,hsub_great_britain_main_island,OCEAN,False,0.274040438,0.030665,7b2daaebe5e50c5f056e2f816a9d1075dca21f72c170b7ddae43a5303a56ef50,"canonical hex polygon INTERSECT canonical OSM land component, unioned inside the hex (overlap-safe)",v1_sha1_hexid_pipe_subjectid
lfr_15e4dca55b05d6,h6000_q-000801_r+001521,hsub_great_britain_main_island,OCEAN,False,0.000362564,4.1e-05,9596cd913b31130f28f58e59cc3e97fb9bef46e9ee13a16e15f34eecbb3721f3,"canonical hex polygon INTERSECT canonical OSM land component, unioned inside the hex (overlap-safe)",v1_sha1_hexid_pipe_subjectid
lfr_406bd5313b74c1,h6000_q-000800_r+001521,hsub_great_britain_main_island,OCEAN,False,4.309674672,0.482454,ffc0c822e02e9c414c9f4dc90638195375887fc9971feba9ab5612a9928fe2bc,"canonical hex polygon INTERSECT canonical OSM land component, unioned inside the hex (overlap-safe)",v1_sha1_hexid_pipe_subjectid
lfr_216c9c4f0d2a60,h6000_q-000798_r+001521,hsub_great_britain_main_island,OCEAN,False,4.436850367,0.496679,d0a666b1f95309c3bd384b7585df8004d979b941cc1ef81f87f3b7c0c76fdf45,"canonical hex polygon INTERSECT canonical OSM land component, unioned inside the hex (overlap-safe)",v1_sha1_hexid_pipe_subjectid
lfr_5e41b85455a564,h6000_q-000834_r+001522,hsub_great_britain_main_island,OCEAN,False,3.021117671,0.338828,faf5ee931076dff6a55a7395b00efd41aea429c9c2bc6838608581aa455550f7,"canonical hex polygon INTERSECT canonical OSM land component, unioned inside the hex (overlap-safe)",v1_sha1_hexid_pipe_subjectid
lfr_219be84368f329,h6000_q-000826_r+001522,hsub_great_britain_main_island,OCEAN,False,0.000305274,3.4e-05,9cb8aa771b58c9674fd37d2ebc427e7a071cb2d235d68f989fb4bd02ef02dde8,"canonical hex polygon INTERSECT canonical OSM land component, unioned inside the hex (overlap-safe)",v1_sha1_hexid_pipe_subjectid
lfr_e885b0e34c97c8,h6000_q-000825_r+001522,hsub_great_britain_main_island,OCEAN,False,0.688164559,0.077127,fd40eb8ef938e7a4c47702ccc4215762bcf522b1cf1568fd6fd3193345639527,"canonical hex polygon INTERSECT canonical OSM land component, unioned inside the hex (overlap-safe)",v1_sha1_hexid_pipe_subjectid
lfr_0eeabd493f4764,h6000_q-000824_r+001522,hsub_great_britain_main_island,OCEAN,False,3.601666153,0.403716,ab11ea29cf6ae790be3cb6b5ea500f7146ac07849f36fa47fa951679db696f46,"canonical hex polygon INTERSECT canonical OSM land component, unioned inside the hex (overlap-safe)",v1_sha1_hexid_pipe_subjectid
lfr_14c96b2321c7eb,h6000_q-000821_r+001522,hsub_great_britain_main_island,OCEAN,False,0.042014828,0.004715,49fe35125f0d677629e7534372ecd7931c6e1747e9b913881ead6983809559d3,"canonical hex polygon INTERSECT canonical OSM land component, unioned inside the hex (overlap-safe)",v1_sha1_hexid_pipe_subjectid
lfr_3823147e3d4410,h6000_q-000814_r+001522,hsub_great_britain_main_island,OCEAN,False,0.200278999,0.023003,c25ed3032e926eb0cb529febac1c0923a50b06f655bb5e5f0aa8c04f500c9592,"canonical hex polygon INTERSECT canonical OSM land component, unioned inside the hex (overlap-safe)",v1_sha1_hexid_pipe_subjectid
lfr_4026e0e80a0f1b,h6000_q-000834_r+001523,hsub_great_britain_main_island,OCEAN,False,2.330087118,0.261675,74164f6d8b490ddbcd686f3948e9f28567eef73a67b1f6bee63a831bf1d938b4,"canonical hex polygon INTERSECT canonical OSM land component, unioned inside the hex (overlap-safe)",v1_sha1_hexid_pipe_subjectid
lfr_4bc6c1399ecbd9,h6000_q-000834_r+001524,hsub_great_britain_main_island,OCEAN,False,3.630157846,0.40827,c773299ac76633f875bddb2a166e5beedebefb318b6fc1177fa8a21b7f40263a,"canonical hex polygon INTERSECT canonical OSM land component, unioned inside the hex (overlap-safe)",v1_sha1_hexid_pipe_subjectid
lfr_dc2482b4535010,h6000_q-000836_r+001527,hsub_great_britain_main_island,OCEAN,False,0.630936536,0.088329,3ef34679a18064da964aec38032adf86f8114b44ac25f2f59dfcfd686272b61c,"canonical hex polygon INTERSECT canonical OSM land component, unioned inside the hex (overlap-safe)",v1_sha1_hexid_pipe_subjectid
lfr_5725c106ec1b57,h6000_q-000835_r+001527,hsub_great_britain_main_island,OCEAN,False,0.261972671,0.029572,690d84ad120c3d7f8320d19680eb263e7859c79bfff8faea5dd9eb20b3827cc0,"canonical hex polygon INTERSECT canonical OSM land component, unioned inside the hex (overlap-safe)",v1_sha1_hexid_pipe_subjectid
lfr_0f830fc6befa93,h6000_q-000838_r+001528,hsub_great_britain_main_island,OCEAN,False,0.505079972,0.0571,da8b0ad372ad2a96270afbc36db1e91ca3db03312c70595ab70383f98576c12c,"canonical hex polygon INTERSECT canonical OSM land component, unioned inside the hex (overlap-safe)",v1_sha1_hexid_pipe_subjectid
lfr_a0845996ca653d,h6000_q-000835_r+001528,hsub_great_britain_main_island,OCEAN,False,0.40107654,0.045326,d2208ef9f47d6d00269cf5cc1ebf530132c6523b22e57346ae47694da0e50a24,"canonical hex polygon INTERSECT canonical OSM land component, unioned inside the hex (overlap-safe)",v1_sha1_hexid_pipe_subjectid
lfr_efe266b8f2f1bc,h6000_q-000834_r+001528,hsub_great_britain_main_island,OCEAN,False,1.292164009,0.14604,59be4d394b50463e70cbbcc91ac519564c4d9e690f2065dd2acaf68e62557a6a,"canonical hex polygon INTERSECT canonical OSM land component, unioned inside the hex (overlap-safe)",v1_sha1_hexid_pipe_subjectid
lfr_882e2cd5acf974,h6000_q-000839_r+001530,hsub_great_britain_main_island,OCEAN,False,2.365854595,0.268193,b6b361dded7f432aa929ff4bddb582f640ea65d0d484791cbb2349daf9930b62,"canonical hex polygon INTERSECT canonical OSM land component, unioned inside the hex (overlap-safe)",v1_sha1_hexid_pipe_subjectid
lfr_24b6032e67743e,h6000_q-000839_r+001532,hsub_great_britain_main_island,OCEAN,False,0.259034461,0.029453,cdc798283fd2b89844ed37b15b24c2c05bf593fd92967674c41a3ea58a3d8829,"canonical hex polygon INTERSECT canonical OSM land component, unioned inside the hex (overlap-safe)",v1_sha1_hexid_pipe_subjectid
lfr_0b0a8bde2bbfbd,h6000_q-000838_r+001533,hsub_great_britain_main_island,OCEAN,False,0.548400429,0.062456,d8be1fdf9f28c6d515c440de9e6d59758da1c0895cc48afeb6b2444e244eb456,"canonical hex polygon INTERSECT canonical OSM land component, unioned inside the hex (overlap-safe)",v1_sha1_hexid_pipe_subjectid
lfr_29b701d9ad5678,h6000_q-000838_r+001534,hsub_great_britain_main_island,OCEAN,False,1.570357678,0.179028,6203539bc6d747050401a249ab2608a0737cc7dfaf9b6b44a30a9afdeceb95b1,"canonical hex polygon INTERSECT canonical OSM land component, unioned inside the hex (overlap-safe)",v1_sha1_hexid_pipe_subjectid
lfr_e859864d4ed617,h6000_q-000838_r+001535,hsub_great_britain_main_island,OCEAN,False,0.83260828,0.095076,9bbf79d64b62964c85d77040493eadadfb6822bee79c8ba0580a5088078f3f97,"canonical hex polygon INTERSECT canonical OSM land component, unioned inside the hex (overlap-safe)",v1_sha1_hexid_pipe_subjectid
lfr_ae36e1eb68acf8,h6000_q-000837_r+001536,hsub_great_britain_main_island,OCEAN,False,0.318745152,0.036448,600abeeb80c550373d50e60743d528b6a0b40409301e7daacdb52e44bf405d6f,"canonical hex polygon INTERSECT canonical OSM land component, unioned inside the hex (overlap-safe)",v1_sha1_hexid_pipe_subjectid
lfr_9cf11f0b5eb8fc,h6000_q-000837_r+001537,hsub_great_britain_main_island,OCEAN,False,3.716167017,0.425487,7849624c8d703016781b48d71ac6498b7cfe7c9af514d7a5800fe10fad389c02,"canonical hex polygon INTERSECT canonical OSM land component, unioned inside the hex (overlap-safe)",v1_sha1_hexid_pipe_subjectid
lfr_9fb656b2826793,h6000_q-000836_r+001538,hsub_great_britain_main_island,OCEAN,False,0.760258066,0.087174,14b2f82d3a1190921e71800acbde3261c67addb80b82d4957d69ced085daed88,"canonical hex polygon INTERSECT canonical OSM land component, unioned inside the hex (overlap-safe)",v1_sha1_hexid_pipe_subjectid
lfr_d9d30b8b84a9f4,h6000_q-000836_r+001539,hsub_great_britain_main_island,OCEAN,False,4.287826037,0.492291,0a0ca4e91251efa486e138eb936aac0a827c37f4e0462f8f94a74b3a86ab3f84,"canonical hex polygon INTERSECT canonical OSM land component, unioned inside the hex (overlap-safe)",v1_sha1_hexid_pipe_subjectid
lfr_db8dfdedb4033b,h6000_q-000835_r+001540,hsub_great_britain_main_island,OCEAN,False,1.517488464,0.17449,de085c1ee48c6f44229ccd695cf9ab67d229ff7fc5dd645efda22f92dc41df23,"canonical hex polygon INTERSECT canonical OSM land component, unioned inside the hex (overlap-safe)",v1_sha1_hexid_pipe_subjectid
lfr_58fad5c999b93a,h6000_q-000835_r+001541,hsub_great_britain_main_island,OCEAN,False,2.647675682,0.304817,6275f9ca8ddf7ac87a652103f64555806e249f7172cb1a84c9882c8a4891fce6,"canonical hex polygon INTERSECT canonical OSM land component, unioned inside the hex (overlap-safe)",v1_sha1_hexid_pipe_subjectid
lfr_a859f5490d45ef,h6000_q-000835_r+001542,hsub_great_britain_main_island,OCEAN,False,2.594134014,0.299071,0adde04f55a3f884296827e43fe3b8b15a838e0a51800d8ac4ea3653de84217b,"canonical hex polygon INTERSECT canonical OSM land component, unioned inside the hex (overlap-safe)",v1_sha1_hexid_pipe_subjectid
lfr_0f5d852ea9b239,h6000_q-000835_r+001543,hsub_great_britain_main_island,OCEAN,False,3.359172691,0.387794,2196cb43eabe3270b4d4b5cb4f512584660f49bd4fd3e93b71cbd9efc519e95c,"canonical hex polygon INTERSECT canonical OSM land component, unioned inside the hex (overlap-safe)",v1_sha1_hexid_pipe_subjectid
lfr_03b48b4c12a3d6,h6000_q-000833_r+001545,hsub_great_britain_main_island,OCEAN,False,0.776961742,0.089969,4bfdcd3c989a6d67ce025511cfd3c490220c56c17e0b0a6acc4ed4ec6fb47498,"canonical hex polygon INTERSECT canonical OSM land component, unioned inside the hex (overlap-safe)",v1_sha1_hexid_pipe_subjectid
lfr_701c7bc49f4731,h6000_q-000832_r+001546,hsub_great_britain_main_island,OCEAN,False,0.482396751,0.055928,caea918e983bc2cd672f842877968fb0bc6122e3a3ffd83b77a06bc45f821caa,"canonical hex polygon INTERSECT canonical OSM land component, unioned inside the hex (overlap-safe)",v1_sha1_hexid_pipe_subjectid
lfr_611bf308bd87c8,h6000_q-000832_r+001547,hsub_great_britain_main_island,OCEAN,False,1.522827539,0.176794,8ea3af17aafd23af880225e514f60fabd1e3442f9dfc5a7a4c5995c5722c94a7,"canonical hex polygon INTERSECT canonical OSM land component, unioned inside the hex (overlap-safe)",v1_sha1_hexid_pipe_subjectid
lfr_502e78e7cb810a,h6000_q-000832_r+001548,hsub_great_britain_main_island,OCEAN,False,4.044946896,0.470431,886ce46a54913e84f9ac25693efd7e9dd450f7b59b37c559020f5b44dcfdfe13,"canonical hex polygon INTERSECT canonical OSM land component, unioned inside the hex (overlap-safe)",v1_sha1_hexid_pipe_subjectid
lfr_5aec99dd744873,h6000_q-000832_r+001549,hsub_great_britain_main_island,OCEAN,False,3.57951559,0.416615,8373c680ab9038c5a5f69f370cf1d2336481a00a3c16de0eb6df259ce3442969,"canonical hex polygon INTERSECT canonical OSM land component, unioned inside the hex (overlap-safe)",v1_sha1_hexid_pipe_subjectid
lfr_d10c8b73604fb1,h6000_q-000832_r+001550,hsub_great_britain_main_island,OCEAN,False,1.538794077,0.180571,810e3da4ce8661b55299e6de433e5379133de5d0c5b4a7aa515f7c04b312073f,"canonical hex polygon INTERSECT canonical OSM land component, unioned inside the hex (overlap-safe)",v1_sha1_hexid_pipe_subjectid
lfr_7cb4fa5bea7e90,h6000_q-000832_r+001551,hsub_great_britain_main_island,OCEAN,False,0.288111459,0.033631,d1081488cadb65aff8dafe070df2b39cc337d5c03272d74b0559e4a63c60dba0,"canonical hex polygon INTERSECT canonical OSM land component, unioned inside the hex (overlap-safe)",v1_sha1_hexid_pipe_subjectid
lfr_cca18a798f65c2,h6000_q-000834_r+001553,hsub_great_britain_main_island,OCEAN,False,1.574764865,0.184207,05e96b3d134c0b79cc34172ecfed89b2ebd25483f17a97e732642ad55acc4a87,"canonical hex polygon INTERSECT canonical OSM land component, unioned inside the hex (overlap-safe)",v1_sha1_hexid_pipe_subjectid
lfr_b5910cd0da07ff,h6000_q-000833_r+001553,hsub_great_britain_main_island,OCEAN,False,0.979681672,0.11482,eefaaa3a23d8cc93bc9189a2503ae2dd79cf92ccf70bf7a2adf37d46c7be085f,"canonical hex polygon INTERSECT canonical OSM land component, unioned inside the hex (overlap-safe)",v1_sha1_hexid_pipe_subjectid
lfr_d0bf24b87405ef,h6000_q-000835_r+001554,hsub_great_britain_main_island,OCEAN,False,2.985778847,0.349896,6b4e4541780528a77ad5a98cfcff46137faa87f30b3b52c0edb50ed405ce7c38,"canonical hex polygon INTERSECT canonical OSM land component, unioned inside the hex (overlap-safe)",v1_sha1_hexid_pipe_subjectid
lfr_df5b31075f029b,h6000_q-000835_r+001555,hsub_great_britain_main_island,OCEAN,False,2.056032079,0.241355,ac2f29745e9681118772be9a8ea68482a99e1b81936c2554baf7f66a40f972f3,"canonical hex polygon INTERSECT canonical OSM land component, unioned inside the hex (overlap-safe)",v1_sha1_hexid_pipe_subjectid
lfr_3d5e5acbf020d6,h6000_q-000835_r+001556,hsub_great_britain_main_island,OCEAN,False,3.214252755,0.377777,1bf268cae947e1b582d08f79c5ede5a266cabf39f3b5a8a8a76f03eb3c43c00f,"canonical hex polygon INTERSECT canonical OSM land component, unioned inside the hex (overlap-safe)",v1_sha1_hexid_pipe_subjectid
lfr_1fa54439b6aedc,h6000_q-000852_r+001557,hsub_great_britain_main_island,OCEAN,False,0.792995743,0.093257,a56c7eeb58157eb36a68bdf3849658d96357e16ad448cc6c05d768cbff4f0f63,"canonical hex polygon INTERSECT canonical OSM land component, unioned inside the hex (overlap-safe)",v1_sha1_hexid_pipe_subjectid
lfr_5bba9225912a95,h6000_q-000851_r+001557,hsub_great_britain_main_island,OCEAN,False,0.015801883,0.001859,111a1c024ca8aee70a6e7f0c24182514d4c452e459ef6fe184af7ec56d7fe33f,"canonical hex polygon INTERSECT canonical OSM land component, unioned inside the hex (overlap-safe)",v1_sha1_hexid_pipe_subjectid
lfr_3c72dc1ad07b33,h6000_q-000850_r+001557,hsub_great_britain_main_island,OCEAN,False,0.004410878,0.000612,6fd42587bbd6be1a4516138a9a540161440bf912fc021b9610d964c86abbef57,"canonical hex polygon INTERSECT canonical OSM land component, unioned inside the hex (overlap-safe)",v1_sha1_hexid_pipe_subjectid
lfr_5af3f39ea99559,h6000_q-000849_r+001557,hsub_great_britain_main_island,OCEAN,False,0.771864942,0.090772,1b490e42e96333cc862e894d5d4e9e2965b7e54ef802bd8364da9f75009ce7ba,"canonical hex polygon INTERSECT canonical OSM land component, unioned inside the hex (overlap-safe)",v1_sha1_hexid_pipe_subjectid
lfr_c34ead399ef5a2,h6000_q-000835_r+001557,hsub_great_britain_main_island,OCEAN,False,0.743466814,0.087557,602141614d9f384d7a9a4945004e4a67da6e1e3f50aaf35bc21ecc5b647feb5d,"canonical hex polygon INTERSECT canonical OSM land component, unioned inside the hex (overlap-safe)",v1_sha1_hexid_pipe_subjectid
lfr_68e136a3fa7cb6,h6000_q-000853_r+001558,hsub_great_britain_main_island,OCEAN,False,0.001244687,0.000147,5154be89e3e425789529aee259348845f27a81973fb4245c28cd19e9c962e759,"canonical hex polygon INTERSECT canonical OSM land component, unioned inside the hex (overlap-safe)",v1_sha1_hexid_pipe_subjectid
lfr_5dc1c566843b2c,h6000_q-000848_r+001558,hsub_great_britain_main_island,OCEAN,False,1.824523018,0.214907,7fa0187bcf5cdb6d83cdf2facc8d1ece9d552da2776396ec7363d3a4eec6802e,"canonical hex polygon INTERSECT canonical OSM land component, unioned inside the hex (overlap-safe)",v1_sha1_hexid_pipe_subjectid
lfr_03ac786ed06118,h6000_q-000844_r+001558,hsub_great_britain_main_island,OCEAN,False,3.42723225,0.403736,866e9821e9e8d4f27543c5cbc6f1ba7676479ad49740e8dac160ced527dde05d,"canonical hex polygon INTERSECT canonical OSM land component, unioned inside the hex (overlap-safe)",v1_sha1_hexid_pipe_subjectid
lfr_9f61b5b1e7a8a1,h6000_q-000842_r+001558,hsub_great_britain_main_island,OCEAN,False,2.557585967,0.301253,e809dcb96e3efa2d16f1177a9034b7b9669510d372c7450218a4841aaa782e44,"canonical hex polygon INTERSECT canonical OSM land component, unioned inside the hex (overlap-safe)",v1_sha1_hexid_pipe_subjectid
lfr_49db3c2a0d7d98,h6000_q-000835_r+001558,hsub_great_britain_main_island,OCEAN,False,0.591975675,0.069766,4fdcc9905494b6453644c1e6f06c98a69db0db7613c3196b760c57e99b19f136,"canonical hex polygon INTERSECT canonical OSM land component, unioned inside the hex (overlap-safe)",v1_sha1_hexid_pipe_subjectid
lfr_76a5622200fcc8,h6000_q-000847_r+001559,hsub_great_britain_main_island,OCEAN,False,0.375572506,0.044295,5624eac0401478786d04d8881964c1355a9082106e7481091a2dd85aaf56fd94,"canonical hex polygon INTERSECT canonical OSM land component, unioned inside the hex (overlap-safe)",v1_sha1_hexid_pipe_subjectid
lfr_7be4eb5e6ddc06,h6000_q-000846_r+001559,hsub_great_britain_main_island,OCEAN,False,0.694035543,0.081855,bc7ff54d6f7931a388f8d63924dfdab355ddfc95aeecdfdd675d41fe63174e3f,"canonical hex polygon INTERSECT canonical OSM land component, unioned inside the hex (overlap-safe)",v1_sha1_hexid_pipe_subjectid
lfr_33012f02afdc88,h6000_q-000845_r+001559,hsub_great_britain_main_island,OCEAN,False,0.587283291,0.069757,4f78e2e7989e0cef4615e8ddfcf029019710a86fde970a876d4a5e9f8f6928e3,"canonical hex polygon INTERSECT canonical OSM land component, unioned inside the hex (overlap-safe)",v1_sha1_hexid_pipe_subjectid
lfr_b919869c4f0bf4,h6000_q-000843_r+001559,hsub_great_britain_main_island,OCEAN,False,0.494728324,0.058403,8fd8d4e607b0028d1d936ff0a0d19495fdff74fbabc5141dfea3ffdf87a2703e,"canonical hex polygon INTERSECT canonical OSM land component, unioned inside the hex (overlap-safe)",v1_sha1_hexid_pipe_subjectid
lfr_c4c981fd5dccdd,h6000_q-000842_r+001560,hsub_great_britain_main_island,OCEAN,False,3.918561774,0.463319,7e4987e13b3f602f2e5c82f30e4a9ffc252f3d0745e111a4e36b243aac03e5a4,"canonical hex polygon INTERSECT canonical OSM land component, unioned inside the hex (overlap-safe)",v1_sha1_hexid_pipe_subjectid
lfr_c25fcfc2a0b6c0,h6000_q-000841_r+001560,hsub_great_britain_main_island,OCEAN,False,2.469070841,0.291637,a51653bf718d93269e399fe120f8e3418279586011e4d0786f2f2d7ef26238a8,"canonical hex polygon INTERSECT canonical OSM land component, unioned inside the hex (overlap-safe)",v1_sha1_hexid_pipe_subjectid
lfr_0adc4345f09946,h6000_q-000840_r+001560,hsub_great_britain_main_island,OCEAN,False,3.685060394,0.435297,83ed6151aed104c4f6badf6194bec38149cc90edc9415185c1f834c4f28eb55a,"canonical hex polygon INTERSECT canonical OSM land component, unioned inside the hex (overlap-safe)",v1_sha1_hexid_pipe_subjectid
lfr_3fd87e1cb447eb,h6000_q-000839_r+001560,hsub_great_britain_main_island,OCEAN,False,3.255051462,0.384515,33ad01aaf941ecdc95dcbaaf340bb4f5d3d62442d4a2bf696e9a8d2bc6118c4a,"canonical hex polygon INTERSECT canonical OSM land component, unioned inside the hex (overlap-safe)",v1_sha1_hexid_pipe_subjectid
lfr_31b197cd41cc31,h6000_q-000838_r+001560,hsub_great_britain_main_island,OCEAN,False,0.427608346,0.05373,67bc1cfc6dfed9a8c3fd0791d00a1c5c4846bf2dab6dcf2184bf5bd3f1447ac2,"canonical hex polygon INTERSECT canonical OSM land component, unioned inside the hex (overlap-safe)",v1_sha1_hexid_pipe_subjectid
lfr_381bd2a2beb159,h6000_q-000837_r+001560,hsub_great_britain_main_island,OCEAN,False,1.257820459,0.148563,8ab497f3e1e5ccc9c77cebafb75c261ef17f812b19a6630c4a98148b17953d28,"canonical hex polygon INTERSECT canonical OSM land component, unioned inside the hex (overlap-safe)",v1_sha1_hexid_pipe_subjectid
lfr_a05fc24e0babbf,h6000_q-000836_r+001560,hsub_great_britain_main_island,OCEAN,False,0.30413771,0.035918,f1d87779edafc4add06e6efdd3d9d3e86ee16d4381b45e43d549fbf149d8a6ee,"canonical hex polygon INTERSECT canonical OSM land component, unioned inside the hex (overlap-safe)",v1_sha1_hexid_pipe_subjectid
lfr_1cbcabda18c4c4,h6000_q-000843_r+001561,hsub_great_britain_main_island,OCEAN,False,1.019908143,0.120613,e2d6ae5ec323f4ccf2a40bbc58aae8fabd37b30d160bcafe5e9a4322a597835d,"canonical hex polygon INTERSECT canonical OSM land component, unioned inside the hex (overlap-safe)",v1_sha1_hexid_pipe_subjectid
lfr_1e0007b0307f32,h6000_q-000827_r+001290,hsub_ireland_main_island,OCEAN,False,5.84544151,0.485208,a93b3e0f5c9b298295f7daa66b8019ba61b3b396295102b6b4c5ae665cd1c0e1,"canonical hex polygon INTERSECT canonical OSM land component, unioned inside the hex (overlap-safe)",v1_sha1_hexid_pipe_subjectid
lfr_d39a48b1f6c42a,h6000_q-000826_r+001290,hsub_ireland_main_island,OCEAN,False,5.362720129,0.443772,38638242b7d80249c615d80377b954e0487c76c24f443ef19e55f4a16545bfeb,"canonical hex polygon INTERSECT canonical OSM land component, unioned inside the hex (overlap-safe)",v1_sha1_hexid_pipe_subjectid
lfr_fab09397eaf428,h6000_q-000825_r+001290,hsub_ireland_main_island,OCEAN,False,0.764465624,0.063437,c53e1708f740c4304e5d0733b6ac54fd9c30d43d2ab880d27aa4dbf552f3ae3b,"canonical hex polygon INTERSECT canonical OSM land component, unioned inside the hex (overlap-safe)",v1_sha1_hexid_pipe_subjectid
lfr_a96a01cacf6635,h6000_q-000819_r+001290,hsub_ireland_main_island,OCEAN,False,1.262094557,0.124284,f21409f19c08f355c943d0f16a9485cd7eb269d2c4ba9a98f4424d645426e95b,"canonical hex polygon INTERSECT canonical OSM land component, unioned inside the hex (overlap-safe)",v1_sha1_hexid_pipe_subjectid
lfr_a3d5d80ce16e0a,h6000_q-000818_r+001290,hsub_ireland_main_island,OCEAN,False,0.340555755,0.035301,232067b9636963039eb6bb35613757967b498e3a6e82028ba4fbe2d5d4c2837e,"canonical hex polygon INTERSECT canonical OSM land component, unioned inside the hex (overlap-safe)",v1_sha1_hexid_pipe_subjectid
lfr_2b0857e3b827b6,h6000_q-000828_r+001291,hsub_ireland_main_island,OCEAN,False,1.989192824,0.164469,badeefe1d96f2050bdb8319633108cf5878a0dd7860e77ecb004b57a3e00049c,"canonical hex polygon INTERSECT canonical OSM land component, unioned inside the hex (overlap-safe)",v1_sha1_hexid_pipe_subjectid
lfr_4296e920d896d5,h6000_q-000825_r+001291,hsub_ireland_main_island,OCEAN,False,1.219960509,0.10082,ee812c4803c2ee8e3ff474d0f65c02a386862ff98b601cf535957be649723ae1,"canonical hex polygon INTERSECT canonical OSM land component, unioned inside the hex (overlap-safe)",v1_sha1_hexid_pipe_subjectid
lfr_98566fb0a5d56c,h6000_q-000824_r+001291,hsub_ireland_main_island,OCEAN,False,2.818124772,0.24952,2c0e596b3b5205f20bda10137ece3eccea39f0ad452479a8d9e7d95fba9e8e82,"canonical hex polygon INTERSECT canonical OSM land component, unioned inside the hex (overlap-safe)",v1_sha1_hexid_pipe_subjectid
lfr_3cf9481eb8b293,h6000_q-000823_r+001291,hsub_ireland_main_island,OCEAN,False,0.479936366,0.14867,0dbec19b1853f2c10671fba99163cd515c6a1d6b026e7ae1269abe27f7a01089,"canonical hex polygon INTERSECT canonical OSM land component, unioned inside the hex (overlap-safe)",v1_sha1_hexid_pipe_subjectid
lfr_94997df472c0a5,h6000_q-000820_r+001291,hsub_ireland_main_island,OCEAN,False,1.256423812,0.436877,bfa89a1be126949318884d65a8ea81d8e075ba50a2f85611fc212bb827838f5d,"canonical hex polygon INTERSECT canonical OSM land component, unioned inside the hex (overlap-safe)",v1_sha1_hexid_pipe_subjectid
lfr_f5ce99034ff667,h6000_q-000818_r+001291,hsub_ireland_main_island,OCEAN,False,5.81215165,0.486172,d47438218c3c2e7fb2d6ede34e56c6daa7b5eeef3912ed03f2d4b909f29a23e9,"canonical hex polygon INTERSECT canonical OSM land component, unioned inside the hex (overlap-safe)",v1_sha1_hexid_pipe_subjectid
lfr_831119b0404036,h6000_q-000816_r+001291,hsub_ireland_main_island,OCEAN,False,0.404940741,0.035809,626cad262feba276e64ab79c2ab16806fc69208414d91f5a3ae1c08b6277abde,"canonical hex polygon INTERSECT canonical OSM land component, unioned inside the hex (overlap-safe)",v1_sha1_hexid_pipe_subjectid
lfr_41aecbcd5fe948,h6000_q-000822_r+001292,hsub_ireland_main_island,OCEAN,False,4.069763388,0.42653,6d97b61ba11f8fa143f00b47bc3d22147190856a422a0382025c0deceaea4ca0,"canonical hex polygon INTERSECT canonical OSM land component, unioned inside the hex (overlap-safe)",v1_sha1_hexid_pipe_subjectid
lfr_318d03ab09a0f2,h6000_q-000821_r+001292,hsub_ireland_main_island,OCEAN,False,2.068177735,0.20361,85c07b72d8a139d342b01ff008e2fc770a0a8c04285500c2d9526898942be708,"canonical hex polygon INTERSECT canonical OSM land component, unioned inside the hex (overlap-safe)",v1_sha1_hexid_pipe_subjectid
lfr_983edd91fd04a7,h6000_q-000816_r+001292,hsub_ireland_main_island,OCEAN,False,3.892840283,0.334992,b813f117522413d9c6f99bb807ccc704368d636f6bb844ad5d81c1ff6dcfdfc2,"canonical hex polygon INTERSECT canonical OSM land component, unioned inside the hex (overlap-safe)",v1_sha1_hexid_pipe_subjectid
lfr_6b07b19b2a0d5b,h6000_q-000815_r+001292,hsub_ireland_main_island,OCEAN,False,0.072327998,0.020226,404af80f84a6c2f2ad09b238fcbdd1b067eb4e0a5e404bea336fda9165c41224,"canonical hex polygon INTERSECT canonical OSM land component, unioned inside the hex (overlap-safe)",v1_sha1_hexid_pipe_subjectid
lfr_d9762edc586eaa,h6000_q-000812_r+001292,hsub_ireland_main_island,OCEAN,False,0.264643621,0.022335,83dd0dec53befdacd4eedb9b1e31fc87cd0e32a9403f824d90ba4167e8c02405,"canonical hex polygon INTERSECT canonical OSM land component, unioned inside the hex (overlap-safe)",v1_sha1_hexid_pipe_subjectid
lfr_36b6bf26f61824,h6000_q-000829_r+001293,hsub_ireland_main_island,OCEAN,False,3.018274437,0.249965,a91ddc87567fbbceab9f2911c4c048aa755eea3000866f01ae4536f513976b67,"canonical hex polygon INTERSECT canonical OSM land component, unioned inside the hex (overlap-safe)",v1_sha1_hexid_pipe_subjectid
lfr_661297bdf6b215,h6000_q-000828_r+001293,hsub_ireland_main_island,OCEAN,False,4.459686169,0.369572,e21973c4c53d5e2fdbeb58f565cb0f466b17c60bca53c8af85549525a53da72f,"canonical hex polygon INTERSECT canonical OSM land component, unioned inside the hex (overlap-safe)",v1_sha1_hexid_pipe_subjectid
lfr_e520e7b838c3d8,h6000_q-000827_r+001293,hsub_ireland_main_island,OCEAN,False,0.259444034,0.0215,dab6d2ca298ae614ccb617f04a42fbd49205ad0d84d1b9d4f5147049eedb755a,"canonical hex polygon INTERSECT canonical OSM land component, unioned inside the hex (overlap-safe)",v1_sha1_hexid_pipe_subjectid
lfr_72a54ed6462d8c,h6000_q-000826_r+001293,hsub_ireland_main_island,OCEAN,False,3.374465206,0.295984,769ada14af030f4f812e41d40f1f2d8f98b45ceaa7cdf57f59736751059c1e1c,"canonical hex polygon INTERSECT canonical OSM land component, unioned inside the hex (overlap-safe)",v1_sha1_hexid_pipe_subjectid
lfr_f810349825ee3e,h6000_q-000815_r+001293,hsub_ireland_main_island,OCEAN,False,4.550374819,0.380381,388d1f5f8bef00192e5324ca19ca5833f83a85cab0b97fc345e1d601d2e94952,"canonical hex polygon INTERSECT canonical OSM land component, unioned inside the hex (overlap-safe)",v1_sha1_hexid_pipe_subjectid
lfr_85daf69bbb9b23,h6000_q-000814_r+001293,hsub_ireland_main_island,OCEAN,False,1.973348522,0.164998,6f5245592b6f82f2f7d17272730c1fb1c7cf767e52afb72ceb35d90456ed37ba,"canonical hex polygon INTERSECT canonical OSM land component, unioned inside the hex (overlap-safe)",v1_sha1_hexid_pipe_subjectid
lfr_620c042bfa11fe,h6000_q-000813_r+001293,hsub_ireland_main_island,OCEAN,False,2.81639979,0.233298,6ea09a3ba8b47150d1c3b815b014d752c15481bd7d49589283c2bfdc641f4cd9,"canonical hex polygon INTERSECT canonical OSM land component, unioned inside the hex (overlap-safe)",v1_sha1_hexid_pipe_subjectid
lfr_2d24ff5236facb,h6000_q-000811_r+001293,hsub_ireland_main_island,OCEAN,False,0.140378941,0.011629,e254056156b732ef04b10ecfef4310cd3cfbc17d854c7b4676cf1c60dade99c3,"canonical hex polygon INTERSECT canonical OSM land component, unioned inside the hex (overlap-safe)",v1_sha1_hexid_pipe_subjectid
lfr_b4ed5670c81d1b,h6000_q-000836_r+001294,hsub_ireland_main_island,OCEAN,False,0.052695264,0.009909,f4e8d096bf3d2f085162ca4a59b255a616ca79bc5949a1ace1a0de999902f9b1,"canonical hex polygon INTERSECT canonical OSM land component, unioned inside the hex (overlap-safe)",v1_sha1_hexid_pipe_subjectid
lfr_d702b9c157f02f,h6000_q-000835_r+001294,hsub_ireland_main_island,OCEAN,False,0.338368544,0.02822,7959f92b93a989249128dde271820ab61473fa38579a2b92b1f7c8c7bba72867,"canonical hex polygon INTERSECT canonical OSM land component, unioned inside the hex (overlap-safe)",v1_sha1_hexid_pipe_subjectid
lfr_b8d5f2e0c320fa,h6000_q-000833_r+001294,hsub_ireland_main_island,OCEAN,False,0.053701043,0.004456,b7ab09ad3910e0b7d5bd6f74d86dd4134221e06de1b5ee4ee0dd172c20e467ff,"canonical hex polygon INTERSECT canonical OSM land component, unioned inside the hex (overlap-safe)",v1_sha1_hexid_pipe_subjectid
lfr_5d62dc55b7d5ef,h6000_q-000829_r+001294,hsub_ireland_main_island,OCEAN,False,1.466337243,0.121547,ea3981cde314429154477d80b819156bdfb7cb05376b02ce0248fcc3af18c568,"canonical hex polygon INTERSECT canonical OSM land component, unioned inside the hex (overlap-safe)",v1_sha1_hexid_pipe_subjectid
lfr_66b3c439b357e2,h6000_q-000826_r+001294,hsub_ireland_main_island,OCEAN,False,2.918877798,0.246522,535deb0c27ba428639c94de539fe73942480cb07aa0cdae4797509561b3a8fef,"canonical hex polygon INTERSECT canonical OSM land component, unioned inside the hex (overlap-safe)",v1_sha1_hexid_pipe_subjectid
lfr_19bccbdb103317,h6000_q-000811_r+001294,hsub_ireland_main_island,OCEAN,False,0.06608089,0.005484,ef52a3a40e350584cbfe2e01505611e835217d1430356994181852e993bbfdf7,"canonical hex polygon INTERSECT canonical OSM land component, unioned inside the hex (overlap-safe)",v1_sha1_hexid_pipe_subjectid
lfr_0178ea073d27f5,h6000_q-000810_r+001294,hsub_ireland_main_island,OCEAN,False,1.610909878,0.133794,15059014d5cadef01b1ad95d008f7df0d43cda2bd36ed082023cbe0f5920e824,"canonical hex polygon INTERSECT canonical OSM land component, unioned inside the hex (overlap-safe)",v1_sha1_hexid_pipe_subjectid
lfr_bde721e3419b5b,h6000_q-000808_r+001294,hsub_ireland_main_island,OCEAN,False,0.428448861,0.035683,74d5ffb91f03f786b835a9d9d4e4be7c4ce36c6d20c65c92401e19a0f19cb1ac,"canonical hex polygon INTERSECT canonical OSM land component, unioned inside the hex (overlap-safe)",v1_sha1_hexid_pipe_subjectid
lfr_0a874e78d33c67,h6000_q-000836_r+001295,hsub_ireland_main_island,OCEAN,False,3.144714525,0.453449,c7b15fe4bfecb9e30d90aa3b7313db0c960a6bce607e19aebb0a865f2b0c78c7,"canonical hex polygon INTERSECT canonical OSM land component, unioned inside the hex (overlap-safe)",v1_sha1_hexid_pipe_subjectid
lfr_61510163cdab0a,h6000_q-000832_r+001295,hsub_ireland_main_island,OCEAN,False,1.408695738,0.117021,3741cffdadf7bc24b6e1eaaeadb3cb0e9307adc8ba103e94457f4a07268c2274,"canonical hex polygon INTERSECT canonical OSM land component, unioned inside the hex (overlap-safe)",v1_sha1_hexid_pipe_subjectid
lfr_00e3c2e566500f,h6000_q-000828_r+001295,hsub_ireland_main_island,OCEAN,False,3.906852176,0.324268,21e15da72b06af74224c11fb12e485f1f049e0bab6969b193d88358b58f96f80,"canonical hex polygon INTERSECT canonical OSM land component, unioned inside the hex (overlap-safe)",v1_sha1_hexid_pipe_subjectid
lfr_7764aae9bf50d5,h6000_q-000808_r+001295,hsub_ireland_main_island,OCEAN,False,0.005753417,0.00064,446fda75a096a5f8c194494ea66cfab18e3674ae40fde42bdbfce188837d7809,"canonical hex polygon INTERSECT canonical OSM land component, unioned inside the hex (overlap-safe)",v1_sha1_hexid_pipe_subjectid
lfr_de737195b9a4bf,h6000_q-000806_r+001295,hsub_ireland_main_island,OCEAN,False,1.343704165,0.111603,f82025e72d463084d9661cf377014ea87230cb3a8fff07dfa5c589c94ca0b498,"canonical hex polygon INTERSECT canonical OSM land component, unioned inside the hex (overlap-safe)",v1_sha1_hexid_pipe_subjectid
lfr_56aa0d2e2d4ce3,h6000_q-000836_r+001296,hsub_ireland_main_island,OCEAN,False,0.31746297,0.032614,f22c7eb5ae34ed0da22b84dc28df0d870ff0577d2c4b69158b58227890169614,"canonical hex polygon INTERSECT canonical OSM land component, unioned inside the hex (overlap-safe)",v1_sha1_hexid_pipe_subjectid
lfr_8c38da83987b7d,h6000_q-000835_r+001296,hsub_ireland_main_island,OCEAN,False,3.004277851,0.250531,8603b6762963050d6591369259cf147d1c376dea7ae67e5c499210731d78cac9,"canonical hex polygon INTERSECT canonical OSM land component, unioned inside the hex (overlap-safe)",v1_sha1_hexid_pipe_subjectid
lfr_7798b66dd8ac2b,h6000_q-000827_r+001296,hsub_ireland_main_island,OCEAN,False,3.66922907,0.304912,95fe32af191ffad6fc4c7b81144e84ff46bf8a3ea71beff8bd538622531efcb2,"canonical hex polygon INTERSECT canonical OSM land component, unioned inside the hex (overlap-safe)",v1_sha1_hexid_pipe_subjectid
lfr_84caa6ac0dd22f,h6000_q-000809_r+001296,hsub_ireland_main_island,OCEAN,False,3.678708522,0.305849,e780b6d2670467d9dfae6d238bcffd2df238950fabe868f501514e69bca4050f,"canonical hex polygon INTERSECT canonical OSM land component, unioned inside the hex (overlap-safe)",v1_sha1_hexid_pipe_subjectid
lfr_70a1bfbad968e6,h6000_q-000808_r+001296,hsub_ireland_main_island,OCEAN,False,4.453285128,0.370389,b2d8c380dcb63f3ec5a88b0cf14558f2b0e4ecb46a5e67bfaf7e1fbf9657f133,"canonical hex polygon INTERSECT canonical OSM land component, unioned inside the hex (overlap-safe)",v1_sha1_hexid_pipe_subjectid
lfr_b3a8390be3867f,h6000_q-000807_r+001296,hsub_ireland_main_island,OCEAN,False,5.139047416,0.427291,1785811546b2637efd6a4927541eecff7f94508afd942443ad3bc194b0401c34,"canonical hex polygon INTERSECT canonical OSM land component, unioned inside the hex (overlap-safe)",v1_sha1_hexid_pipe_subjectid
lfr_f853f5a9e60e64,h6000_q-000806_r+001296,hsub_ireland_main_island,OCEAN,False,0.651502568,0.054146,6e4570546e33d051f879afcab673da3137c78bc4e4e7301b85bf5a7a7fb0d595,"canonical hex polygon INTERSECT canonical OSM land component, unioned inside the hex (overlap-safe)",v1_sha1_hexid_pipe_subjectid
lfr_50b0894ca680c1,h6000_q-000836_r+001297,hsub_ireland_main_island,OCEAN,False,2.229829758,0.188505,862416205929faf3be7cedad7a144487e7a367f514221cf0ae2c29aad0119e69,"canonical hex polygon INTERSECT canonical OSM land component, unioned inside the hex (overlap-safe)",v1_sha1_hexid_pipe_subjectid
lfr_10d032137adbdf,h6000_q-000829_r+001297,hsub_ireland_main_island,OCEAN,False,2.232322499,0.192307,8d5447150317bb594d68886c180fae9a7cb2c22826d592a7fb49c4ff085bf075,"canonical hex polygon INTERSECT canonical OSM land component, unioned inside the hex (overlap-safe)",v1_sha1_hexid_pipe_subjectid
lfr_0dc2e5aa8e3ad8,h6000_q-000828_r+001297,hsub_ireland_main_island,OCEAN,False,0.953491812,0.079409,ac06d7450b2b0f19a7151e124a5953af48af15d7ed0ffa391f6a351535efa35f,"canonical hex polygon INTERSECT canonical OSM land component, unioned inside the hex (overlap-safe)",v1_sha1_hexid_pipe_subjectid
lfr_be572ec75f5dfd,h6000_q-000827_r+001297,hsub_ireland_main_island,OCEAN,False,0.010079788,0.00084,422fed826cbb22317eca04e43b271e2a2151e1c14444aa8fbd29533966de4939,"canonical hex polygon INTERSECT canonical OSM land component, unioned inside the hex (overlap-safe)",v1_sha1_hexid_pipe_subjectid
lfr_5f3ee07917cc2d,h6000_q-000826_r+001297,hsub_ireland_main_island,OCEAN,False,1.835138374,0.152682,52ca2e069ba98283b85e0651f47f0b0b1569c4dade2b419aa4c5ff3e33ec971c,"canonical hex polygon INTERSECT canonical OSM land component, unioned inside the hex (overlap-safe)",v1_sha1_hexid_pipe_subjectid
lfr_da2692bec1297f,h6000_q-000806_r+001297,hsub_ireland_main_island,OCEAN,False,0.753114787,0.062726,6e5875806158e2bdd503e8aed49c486bd0a999c58a282363701bb8131259dbdf,"canonical hex polygon INTERSECT canonical OSM land component, unioned inside the hex (overlap-safe)",v1_sha1_hexid_pipe_subjectid
lfr_8e866b8b55c3ef,h6000_q-000836_r+001298,hsub_ireland_main_island,OCEAN,False,0.032775335,0.002775,852a8a962e7edaf80265ccd9108e3c1e75abb45b70f059f3e83dfcce0f8222b1,"canonical hex polygon INTERSECT canonical OSM land component, unioned inside the hex (overlap-safe)",v1_sha1_hexid_pipe_subjectid
lfr_fdf8d2a172fd12,h6000_q-000835_r+001298,hsub_ireland_main_island,OCEAN,False,0.287883489,0.035099,13bce9f087d595b5513a6c7a39a4ecc113e208e4e312285164ab0d044fdee271,"canonical hex polygon INTERSECT canonical OSM land component, unioned inside the hex (overlap-safe)",v1_sha1_hexid_pipe_subjectid
lfr_fcc90f19ab740b,h6000_q-000827_r+001298,hsub_ireland_main_island,OCEAN,False,4.316137917,0.365975,1985bb8aa5e9176e754eab42a75b3faf86e06eec885503720bf9a5fd9ab30b73,"canonical hex polygon INTERSECT canonical OSM land component, unioned inside the hex (overlap-safe)",v1_sha1_hexid_pipe_subjectid
lfr_76ca0e5f573ec7,h6000_q-000825_r+001298,hsub_ireland_main_island,OCEAN,False,0.528220511,0.33312,399b0c27c95a07211131326904d3bb41e5687eb9ae30d120143079f9ef005b17,"canonical hex polygon INTERSECT canonical OSM land component, unioned inside the hex (overlap-safe)",v1_sha1_hexid_pipe_subjectid
lfr_46b863b7575283,h6000_q-000805_r+001298,hsub_ireland_main_island,OCEAN,False,2.453956798,0.20491,658fe335550b5936eec10c517e04755d8c3606114aba78dfb7b406f5a04eb7a2,"canonical hex polygon INTERSECT canonical OSM land component, unioned inside the hex (overlap-safe)",v1_sha1_hexid_pipe_subjectid
lfr_308c89f0cbefb7,h6000_q-000835_r+001299,hsub_ireland_main_island,OCEAN,False,3.271919004,0.29225,fa80a0efc0ee50d1dfc0fe252f983b20a4fbb0bf9deaf0f0681cee2cec48e0ea,"canonical hex polygon INTERSECT canonical OSM land component, unioned inside the hex (overlap-safe)",v1_sha1_hexid_pipe_subjectid
lfr_13ddb7f9fb3f83,h6000_q-000826_r+001299,hsub_ireland_main_island,OCEAN,False,4.401264635,0.369132,6a740c29bf986b59cbd783f85b63dc422d736fba10075c5921404408d268047c,"canonical hex polygon INTERSECT canonical OSM land component, unioned inside the hex (overlap-safe)",v1_sha1_hexid_pipe_subjectid
lfr_88f9a91c8ffae2,h6000_q-000804_r+001299,hsub_ireland_main_island,OCEAN,False,3.449367517,0.28795,71a1c8dbfd8e8097cf0711e1c874bc4ee58f72195cfe6ef3b1e401fe17582c4f,"canonical hex polygon INTERSECT canonical OSM land component, unioned inside the hex (overlap-safe)",v1_sha1_hexid_pipe_subjectid
lfr_1f6d44fa265f20,h6000_q-000839_r+001300,hsub_ireland_main_island,OCEAN,False,0.002253552,0.004654,6375894503125db67ef6dc62b2abb2ff321883b1b60a5cbe5c39575bb888e688,"canonical hex polygon INTERSECT canonical OSM land component, unioned inside the hex (overlap-safe)",v1_sha1_hexid_pipe_subjectid
lfr_bf22a12bf7d651,h6000_q-000838_r+001300,hsub_ireland_main_island,OCEAN,False,4.045553139,0.386253,b5818092ff4759b155267a141edc6acacb2d2c5b2c5e0771f046557aed52f570,"canonical hex polygon INTERSECT canonical OSM land component, unioned inside the hex (overlap-safe)",v1_sha1_hexid_pipe_subjectid
lfr_e744e09c7ac4ef,h6000_q-000837_r+001300,hsub_ireland_main_island,OCEAN,False,2.726741385,0.232784,6a0e578ff10abcdf3ee76ae488293b1f2065971ac1d0aefefd14a0e508c89b14,"canonical hex polygon INTERSECT canonical OSM land component, unioned inside the hex (overlap-safe)",v1_sha1_hexid_pipe_subjectid
lfr_c03dc436d149af,h6000_q-000835_r+001300,hsub_ireland_main_island,OCEAN,False,0.573209176,0.047876,43e204f4c3f1f3e16531a5a4266ab0980cd1ff3d2c7ebcc1ed7080e937d62423,"canonical hex polygon INTERSECT canonical OSM land component, unioned inside the hex (overlap-safe)",v1_sha1_hexid_pipe_subjectid
lfr_8add079ba1e2d4,h6000_q-000834_r+001300,hsub_ireland_main_island,OCEAN,False,5.060400251,0.425956,5ee232aa1a608fd822046e56bdfce3b8b710f7bd053363d8669748f7c4e5b9a6,"canonical hex polygon INTERSECT canonical OSM land component, unioned inside the hex (overlap-safe)",v1_sha1_hexid_pipe_subjectid
lfr_34ab8d006481f6,h6000_q-000804_r+001300,hsub_ireland_main_island,OCEAN,False,5.278586593,0.441095,950d153226a7bcc9ee51e3e8d78595bc6e8413b0a0c1e26aa594543c21cbd0f0,"canonical hex polygon INTERSECT canonical OSM land component, unioned inside the hex (overlap-safe)",v1_sha1_hexid_pipe_subjectid
lfr_0f0aa71e1b44f0,h6000_q-000842_r+001301,hsub_ireland_main_island,OCEAN,False,1.456840297,0.122465,ebe3fd4450a8859cf2e3637314cef1c65b0ff45d998f2698f81537617fb16eab,"canonical hex polygon INTERSECT canonical OSM land component, unioned inside the hex (overlap-safe)",v1_sha1_hexid_pipe_subjectid
lfr_06d1425bd3c7c5,h6000_q-000840_r+001301,hsub_ireland_main_island,OCEAN,False,2.161008822,0.185059,fa52d4f68c8dc842959e588040cac1256702ee98a2d2f8292799e0022f056791,"canonical hex polygon INTERSECT canonical OSM land component, unioned inside the hex (overlap-safe)",v1_sha1_hexid_pipe_subjectid
lfr_27296fb58ab747,h6000_q-000836_r+001301,hsub_ireland_main_island,OCEAN,False,5.633663128,0.490612,8c5f6660e4cedcd28b5112f00f79d9d4fdeca670b891d01fc8a95d9d75c998a2,"canonical hex polygon INTERSECT canonical OSM land component, unioned inside the hex (overlap-safe)",v1_sha1_hexid_pipe_subjectid
lfr_8d4547c123c796,h6000_q-000834_r+001301,hsub_ireland_main_island,OCEAN,False,0.124342434,0.043588,2bb55db1407986d0249e0a6f6105f5489a4656d5c01b71b98a2351374497cf34,"canonical hex polygon INTERSECT canonical OSM land component, unioned inside the hex (overlap-safe)",v1_sha1_hexid_pipe_subjectid
lfr_9a70677ec727fc,h6000_q-000833_r+001301,hsub_ireland_main_island,OCEAN,False,3.184171678,0.266688,d85cd7fa18ac25e05f6e776014315d95f1823ef5f90cc17c94d873f50c621570,"canonical hex polygon INTERSECT canonical OSM land component, unioned inside the hex (overlap-safe)",v1_sha1_hexid_pipe_subjectid
lfr_6fbe552effdf19,h6000_q-000804_r+001301,hsub_ireland_main_island,OCEAN,False,1.310066886,0.109633,38b481ccaace2643d92dce1103f34006622adb5cbe0f4535858bd175e0bbd90e,"canonical hex polygon INTERSECT canonical OSM land component, unioned inside the hex (overlap-safe)",v1_sha1_hexid_pipe_subjectid
lfr_ca4a179a45da21,h6000_q-000803_r+001301,hsub_ireland_main_island,OCEAN,False,0.340799529,0.02853,00c4b9492400d5adf4a91d269271208a23e8d86bc03f65a3a70d84edd2b0e864,"canonical hex polygon INTERSECT canonical OSM land component, unioned inside the hex (overlap-safe)",v1_sha1_hexid_pipe_subjectid
lfr_e3394a811a3867,h6000_q-000802_r+001301,hsub_ireland_main_island,OCEAN,False,1.52724356,0.127841,1b8ad899f823b4245ff2021f339835ae032be02901c3e282eabeb0b4e2a4a463,"canonical hex polygon INTERSECT canonical OSM land component, unioned inside the hex (overlap-safe)",v1_sha1_hexid_pipe_subjectid
lfr_4e89d549d284b3,h6000_q-000843_r+001302,hsub_ireland_main_island,OCEAN,False,3.631877398,0.304201,bbe5b1aead11d57a11d83c2f520cd301a348226d41b04c25247f7d2908a17c8d,"canonical hex polygon INTERSECT canonical OSM land component, unioned inside the hex (overlap-safe)",v1_sha1_hexid_pipe_subjectid
lfr_25669a8b1be995,h6000_q-000840_r+001302,hsub_ireland_main_island,OCEAN,False,3.245715784,0.271884,3695a2aeff0f913a7ad93c14480596a24a57d7208cc3d75b75b0efc194cac437,"canonical hex polygon INTERSECT canonical OSM land component, unioned inside the hex (overlap-safe)",v1_sha1_hexid_pipe_subjectid
lfr_8a9b595ed4bf65,h6000_q-000834_r+001302,hsub_ireland_main_island,OCEAN,False,3.515016678,0.358563,e43dc09d40043c67b16263d6b40a151d384fc47bde719e836f60e7310e3521ec,"canonical hex polygon INTERSECT canonical OSM land component, unioned inside the hex (overlap-safe)",v1_sha1_hexid_pipe_subjectid
lfr_4fbc86c5782def,h6000_q-000833_r+001302,hsub_ireland_main_island,OCEAN,False,0.839166419,0.113335,22cbc5d5e21c86e7ee94d9e2e11784a5f8defebb2b98cc77b0306a294b90ebdf,"canonical hex polygon INTERSECT canonical OSM land component, unioned inside the hex (overlap-safe)",v1_sha1_hexid_pipe_subjectid
lfr_5cd09ecbdc2bea,h6000_q-000801_r+001302,hsub_ireland_main_island,OCEAN,False,5.458844579,0.457416,3593e80bc920444005fdacb07a1f060b17d8aa6554c3fb97da39fc5720910897,"canonical hex polygon INTERSECT canonical OSM land component, unioned inside the hex (overlap-safe)",v1_sha1_hexid_pipe_subjectid
lfr_4b584c4634fd06,h6000_q-000800_r+001302,hsub_ireland_main_island,OCEAN,False,1.65190048,0.138439,c1c108ea1826c41dbefc1d96c20e90d251e2a940fb65b9f0846e5e14a3cf0802,"canonical hex polygon INTERSECT canonical OSM land component, unioned inside the hex (overlap-safe)",v1_sha1_hexid_pipe_subjectid
lfr_31f44814072d0d,h6000_q-000844_r+001303,hsub_ireland_main_island,OCEAN,False,2.815493227,0.239567,35f15f937565dccc4e5b1c2a85c476b6c83bb4c1870a144f3d7b6b2daf66784a,"canonical hex polygon INTERSECT canonical OSM land component, unioned inside the hex (overlap-safe)",v1_sha1_hexid_pipe_subjectid
lfr_b3428834870d23,h6000_q-000841_r+001303,hsub_ireland_main_island,OCEAN,False,3.219727948,0.270153,61dd15c16b10c391f008a7e16c1a8a1474ad8ea3e97a27a239f744fdf047136b,"canonical hex polygon INTERSECT canonical OSM land component, unioned inside the hex (overlap-safe)",v1_sha1_hexid_pipe_subjectid
lfr_52347f104356e5,h6000_q-000832_r+001303,hsub_ireland_main_island,OCEAN,False,5.180381477,0.440469,2a0f398ebd185d273942f50f8cc6f026a8f675a993f92dec7c21c7e6864aecab,"canonical hex polygon INTERSECT canonical OSM land component, unioned inside the hex (overlap-safe)",v1_sha1_hexid_pipe_subjectid
lfr_1fd18d44f3d6aa,h6000_q-000805_r+001303,hsub_ireland_main_island,OCEAN,False,0.199837143,0.082356,82ffe4dc1abe000e96ff5030e29b9866d5aad5eacb6b6446ff25e763e5e4e36a,"canonical hex polygon INTERSECT canonical OSM land component, unioned inside the hex (overlap-safe)",v1_sha1_hexid_pipe_subjectid
lfr_3bab8ec98f0f54,h6000_q-000800_r+001303,hsub_ireland_main_island,OCEAN,False,2.801478446,0.242761,abfc6d34e1f4085b388fd3663ea06d8d93a848c358d7edfceeb0c7a6365c5831,"canonical hex polygon INTERSECT canonical OSM land component, unioned inside the hex (overlap-safe)",v1_sha1_hexid_pipe_subjectid
lfr_2a1fa35f348193,h6000_q-000845_r+001304,hsub_ireland_main_island,OCEAN,False,2.64628488,0.228483,e7fe3067a19084e2c832402d4749addcacc0a820ccea182e8e8105881a54fb32,"canonical hex polygon INTERSECT canonical OSM land component, unioned inside the hex (overlap-safe)",v1_sha1_hexid_pipe_subjectid
lfr_efc6189e9b0d4a,h6000_q-000831_r+001304,hsub_ireland_main_island,OCEAN,False,4.905078944,0.449588,9a0f4edf379840ab48d77b19ee71540712e87cd026e948d022c2d0c0263ccdec,"canonical hex polygon INTERSECT canonical OSM land component, unioned inside the hex (overlap-safe)",v1_sha1_hexid_pipe_subjectid
lfr_bc3e67d1627581,h6000_q-000800_r+001304,hsub_ireland_main_island,OCEAN,False,5.84056144,0.490631,97c79f017c3714c03010bef3383e7eb11768581124bf4957d31c4448b9e84e3a,"canonical hex polygon INTERSECT canonical OSM land component, unioned inside the hex (overlap-safe)",v1_sha1_hexid_pipe_subjectid
lfr_312767b2c55c5e,h6000_q-000799_r+001304,hsub_ireland_main_island,OCEAN,False,2.935303058,0.246612,6360e476e163932d61d6624080316fad3f2b9ddd024cbcc48bc2578c508c76b4,"canonical hex polygon INTERSECT canonical OSM land component, unioned inside the hex (overlap-safe)",v1_sha1_hexid_pipe_subjectid
lfr_6b8023970e47f6,h6000_q-000798_r+001304,hsub_ireland_main_island,OCEAN,False,0.533184718,0.044804,c284d5dd449405159e58383d86b58e29f1eaebea788ecc41d3154ab4747beacd,"canonical hex polygon INTERSECT canonical OSM land component, unioned inside the hex (overlap-safe)",v1_sha1_hexid_pipe_subjectid
lfr_5f46d7a2fe589b,h6000_q-000798_r+001305,hsub_ireland_main_island,OCEAN,False,0.054877525,0.010718,0b91fabdcf286141e7765b9d2f52e821895e43f7b945a4d973f490da9f5a628f,"canonical hex polygon INTERSECT canonical OSM land component, unioned inside the hex (overlap-safe)",v1_sha1_hexid_pipe_subjectid
lfr_58102d8be5e7e4,h6000_q-000844_r+001306,hsub_ireland_main_island,OCEAN,False,0.544964968,0.445933,fd96540400af3564e39d39047926875b6fce2c764ea92c2ff1e7385298b042b9,"canonical hex polygon INTERSECT canonical OSM land component, unioned inside the hex (overlap-safe)",v1_sha1_hexid_pipe_subjectid
lfr_d4efd9f98cd14f,h6000_q-000799_r+001306,hsub_ireland_main_island,OCEAN,False,5.195033946,0.437481,c41bbba57148875a504db443dbd28a0f3d6373bdb4bb845a005d0d0c861b6b8a,"canonical hex polygon INTERSECT canonical OSM land component, unioned inside the hex (overlap-safe)",v1_sha1_hexid_pipe_subjectid
lfr_ad3183bc7f2c7d,h6000_q-000798_r+001306,hsub_ireland_main_island,OCEAN,False,0.175311068,0.014772,6e417b46a907b953843fa9e8dc06f8f7aa71f7d518329f20ecda0f7ee9346103,"canonical hex polygon INTERSECT canonical OSM land component, unioned inside the hex (overlap-safe)",v1_sha1_hexid_pipe_subjectid
lfr_e58af394dc0256,h6000_q-000796_r+001306,hsub_ireland_main_island,OCEAN,False,0.000201017,1.7e-05,fcedf34b8f6d3e3a8848338bcc54974ff73e21f785c6489cbe2c5d7c5c0d2e48,"canonical hex polygon INTERSECT canonical OSM land component, unioned inside the hex (overlap-safe)",v1_sha1_hexid_pipe_subjectid
lfr_2c99ae3602a705,h6000_q-000845_r+001307,hsub_ireland_main_island,OCEAN,False,1.783360175,0.188093,0f21d69a1b1308906f546c11f2c1f16ce9e35fff71faaca370420898bc703e29,"canonical hex polygon INTERSECT canonical OSM land component, unioned inside the hex (overlap-safe)",v1_sha1_hexid_pipe_subjectid
lfr_2163244376ecaf,h6000_q-000796_r+001307,hsub_ireland_main_island,OCEAN,False,0.008755821,0.000738,8d75d89cdc6afbe51c05b8d185a1c376b079edc97357dcc71eb9db15dd48bccf,"canonical hex polygon INTERSECT canonical OSM land component, unioned inside the hex (overlap-safe)",v1_sha1_hexid_pipe_subjectid
lfr_8c29b21d08cf19,h6000_q-000845_r+001308,hsub_ireland_main_island,OCEAN,False,0.572913137,0.048333,16fc5c7da758fa138ddb4cce10100fb4666e0bf1df1f16e14b4f1567e09eefc3,"canonical hex polygon INTERSECT canonical OSM land component, unioned inside the hex (overlap-safe)",v1_sha1_hexid_pipe_subjectid
lfr_b0ab0973d06c81,h6000_q-000795_r+001308,hsub_ireland_main_island,OCEAN,False,3.17175764,0.267834,5fc4c54cbc292d93811324f1377e0db5eefcc2b33810c1cd90ccb837f9d7b0f7,"canonical hex polygon INTERSECT canonical OSM land component, unioned inside the hex (overlap-safe)",v1_sha1_hexid_pipe_subjectid
lfr_c417777c299a54,h6000_q-000844_r+001309,hsub_ireland_main_island,OCEAN,False,2.015877861,0.170326,f8e8699124e708ebfe8d1a865cd7c1ffa8da3dd767b2bba343723cefdf47f545,"canonical hex polygon INTERSECT canonical OSM land component, unioned inside the hex (overlap-safe)",v1_sha1_hexid_pipe_subjectid
lfr_1bda52a1241e3e,h6000_q-000795_r+001309,hsub_ireland_main_island,OCEAN,False,3.690382306,0.311906,36863ef71795a809e9ad623f6ce4871dcefec1ee9150dc7c201d2f64effadb16,"canonical hex polygon INTERSECT canonical OSM land component, unioned inside the hex (overlap-safe)",v1_sha1_hexid_pipe_subjectid
lfr_5ba420e09ff5f4,h6000_q-000843_r+001310,hsub_ireland_main_island,OCEAN,False,1.29723781,0.109727,b1516e67a46c7df82655ca11f585c9e0656a066154216f0e75bba9b5194954aa,"canonical hex polygon INTERSECT canonical OSM land component, unioned inside the hex (overlap-safe)",v1_sha1_hexid_pipe_subjectid
lfr_845e9d59fc6b7f,h6000_q-000842_r+001310,hsub_ireland_main_island,OCEAN,False,4.748142308,0.401697,5d6b37e6e6c60d2b4d80a7240f1c8bd561dadc2f8963e44c77f4cf1cfd886763,"canonical hex polygon INTERSECT canonical OSM land component, unioned inside the hex (overlap-safe)",v1_sha1_hexid_pipe_subjectid
lfr_d139a452f70d07,h6000_q-000795_r+001310,hsub_ireland_main_island,OCEAN,False,2.424490753,0.205265,e8de47404b120f372db6e879a5d7e4e9d2ae01749b55577622315d2b60d8cc38,"canonical hex polygon INTERSECT canonical OSM land component, unioned inside the hex (overlap-safe)",v1_sha1_hexid_pipe_subjectid
lfr_2c6bf57e8ed3b7,h6000_q-000841_r+001311,hsub_ireland_main_island,OCEAN,False,0.384425807,0.032572,fdf36530b183cb359ea7960e13188c8f3c50378e1d9c3780649d38881f7f2b43,"canonical hex polygon INTERSECT canonical OSM land component, unioned inside the hex (overlap-safe)",v1_sha1_hexid_pipe_subjectid
lfr_476f02a1b1ffbf,h6000_q-000796_r+001311,hsub_ireland_main_island,OCEAN,False,0.582575888,0.049352,0e58223630595188307fb1c989b7efc2653a8445cdb9b6e15049535981475732,"canonical hex polygon INTERSECT canonical OSM land component, unioned inside the hex (overlap-safe)",v1_sha1_hexid_pipe_subjectid
lfr_7dc168c2f23d87,h6000_q-000795_r+001311,hsub_ireland_main_island,OCEAN,False,0.002645367,0.00128,a96be34e6ab45c40eaa0869de52d5e50d5799f13d266e04ef8bee8aaed686b23,"canonical hex polygon INTERSECT canonical OSM land component, unioned inside the hex (overlap-safe)",v1_sha1_hexid_pipe_subjectid
lfr_ebbb69e222cb49,h6000_q-000850_r+001312,hsub_ireland_main_island,OCEAN,False,2.734277447,0.232074,27db7fa463b960cdc1778016ed0f49cdb3b86c8bdbf1ee6cc2e1ef152222d07c,"canonical hex polygon INTERSECT canonical OSM land component, unioned inside the hex (overlap-safe)",v1_sha1_hexid_pipe_subjectid
lfr_7f6bc07a62a972,h6000_q-000849_r+001312,hsub_ireland_main_island,OCEAN,False,2.527593646,0.214541,9449aee39bcfb9cd3459a2fae2c7dc4b1661f75bb7b299affdd82b0864d9eb51,"canonical hex polygon INTERSECT canonical OSM land component, unioned inside the hex (overlap-safe)",v1_sha1_hexid_pipe_subjectid
lfr_bae67958367c52,h6000_q-000848_r+001312,hsub_ireland_main_island,OCEAN,False,0.557653822,0.047995,5288d8a40cb59bf8a2b572e4b83dcb77c9c7353ad1ab6026a3377449129dfade,"canonical hex polygon INTERSECT canonical OSM land component, unioned inside the hex (overlap-safe)",v1_sha1_hexid_pipe_subjectid
lfr_2dc04c261f8568,h6000_q-000847_r+001312,hsub_ireland_main_island,OCEAN,False,0.169719021,0.01441,9b07724d67a4ddaaa148fd49feccbdb795127f8f77bd78c9bc4239b3f53b66e2,"canonical hex polygon INTERSECT canonical OSM land component, unioned inside the hex (overlap-safe)",v1_sha1_hexid_pipe_subjectid
lfr_8028a6292534ea,h6000_q-000845_r+001312,hsub_ireland_main_island,OCEAN,False,0.389269836,0.03305,775a0837c31a3e17c5501cdaaa28dde280fb5af3a177e56ca4e89ab295a2ca9e,"canonical hex polygon INTERSECT canonical OSM land component, unioned inside the hex (overlap-safe)",v1_sha1_hexid_pipe_subjectid
lfr_1d3115e666da5b,h6000_q-000844_r+001312,hsub_ireland_main_island,OCEAN,False,0.016281513,0.001382,e0e4294d96946091ede8b19f7c3a216f52b206482e92713dd30061e06b233639,"canonical hex polygon INTERSECT canonical OSM land component, unioned inside the hex (overlap-safe)",v1_sha1_hexid_pipe_subjectid
lfr_b33c065ec9dc48,h6000_q-000841_r+001312,hsub_ireland_main_island,OCEAN,False,0.106821253,0.012987,92878ce8b2316c23de56794999d3c1d228489316b039c679021b0d6c3a6c9359,"canonical hex polygon INTERSECT canonical OSM land component, unioned inside the hex (overlap-safe)",v1_sha1_hexid_pipe_subjectid
lfr_4cc9ef02fe432b,h6000_q-000795_r+001312,hsub_ireland_main_island,OCEAN,False,1.438404838,0.122102,ab7a767ae2bf2ba9bbeba8d92f404b423fc78bbf790b966d50db49a585d3c8fb,"canonical hex polygon INTERSECT canonical OSM land component, unioned inside the hex (overlap-safe)",v1_sha1_hexid_pipe_subjectid
lfr_31219776c185b2,h6000_q-000851_r+001313,hsub_ireland_main_island,OCEAN,False,1.636954375,0.153999,d3f0d63589e1a11b017ed8872c1609bb7cc553757f0300a1657e2cda7e3dfa3b,"canonical hex polygon INTERSECT canonical OSM land component, unioned inside the hex (overlap-safe)",v1_sha1_hexid_pipe_subjectid
lfr_a479e61b849d1a,h6000_q-000843_r+001313,hsub_ireland_main_island,OCEAN,False,1.957534223,0.166372,9c033bdf31fd8cb5a4e07e2ec1eecf6d0fd6140928ba0dbe92a62dabdcdc54e0,"canonical hex polygon INTERSECT canonical OSM land component, unioned inside the hex (overlap-safe)",v1_sha1_hexid_pipe_subjectid
lfr_d6a24d6dbf764d,h6000_q-000842_r+001313,hsub_ireland_main_island,OCEAN,False,0.102132203,0.008682,fddb594ee562fa4127fe4fdf495993826e311bbec129c3eb0006f0714d713559,"canonical hex polygon INTERSECT canonical OSM land component, unioned inside the hex (overlap-safe)",v1_sha1_hexid_pipe_subjectid
lfr_299b016e7d3e51,h6000_q-000841_r+001313,hsub_ireland_main_island,OCEAN,False,4.3668901,0.370943,99be96fa684ca1e14496d17f9f4d3c20a4cf8ce123a705fc71938ae1813a1ab2,"canonical hex polygon INTERSECT canonical OSM land component, unioned inside the hex (overlap-safe)",v1_sha1_hexid_pipe_subjectid
lfr_e8b9b6a99f33a9,h6000_q-000840_r+001313,hsub_ireland_main_island,OCEAN,False,2.643895809,0.22456,80d20e05fbfe72b00c03859748342ff2bd2993891f2200fd02c7f0c4d9323e73,"canonical hex polygon INTERSECT canonical OSM land component, unioned inside the hex (overlap-safe)",v1_sha1_hexid_pipe_subjectid
lfr_d3c37acf718b86,h6000_q-000839_r+001313,hsub_ireland_main_island,OCEAN,False,5.570679311,0.473123,fed9e315771e16a3a90040482e174406fc8ca8bb0040b2eb411ce99ae6896439,"canonical hex polygon INTERSECT canonical OSM land component, unioned inside the hex (overlap-safe)",v1_sha1_hexid_pipe_subjectid
lfr_f3d0e67db47909,h6000_q-000794_r+001313,hsub_ireland_main_island,OCEAN,False,3.494769071,0.297005,3083c3d76da2506f10eee33349713357994827e73eb3549be2deb2471272b885,"canonical hex polygon INTERSECT canonical OSM land component, unioned inside the hex (overlap-safe)",v1_sha1_hexid_pipe_subjectid
lfr_d3b4541fff4a40,h6000_q-000793_r+001313,hsub_ireland_main_island,OCEAN,False,0.764604289,0.066225,1151f106ffa60139767a7d898ccc0c6aa88bccc5dd7922b1fa8d1fbd86bb2db5,"canonical hex polygon INTERSECT canonical OSM land component, unioned inside the hex (overlap-safe)",v1_sha1_hexid_pipe_subjectid
lfr_835b00eb2ac125,h6000_q-000792_r+001313,hsub_ireland_main_island,OCEAN,False,0.644270502,0.054766,27f35b3e15973d77dffd00dec1f06b31aa4dd07822b05dea9bb731d6fc2ab0ff,"canonical hex polygon INTERSECT canonical OSM land component, unioned inside the hex (overlap-safe)",v1_sha1_hexid_pipe_subjectid
lfr_737bb580aa063f,h6000_q-000791_r+001313,hsub_ireland_main_island,OCEAN,False,1.395959728,0.118648,3eb5dc68f8a5693a07a6292ac35595643054a7e970035f166e6cca4450d1375e,"canonical hex polygon INTERSECT canonical OSM land component, unioned inside the hex (overlap-safe)",v1_sha1_hexid_pipe_subjectid
lfr_7515d8bd675cb4,h6000_q-000790_r+001313,hsub_ireland_main_island,OCEAN,False,1.626541219,0.138245,c9a2637ee953fe380b8c9b56dd67cc3ed441f2ebc143399b0a947c4c0b06911c,"canonical hex polygon INTERSECT canonical OSM land component, unioned inside the hex (overlap-safe)",v1_sha1_hexid_pipe_subjectid
lfr_bceb2942bda048,h6000_q-000788_r+001313,hsub_ireland_main_island,OCEAN,False,2.357027994,0.200331,00c9073b6ab52267966682c31f401f8bf8c6c9d40d3bb1365d5672fe8a637da5,"canonical hex polygon INTERSECT canonical OSM land component, unioned inside the hex (overlap-safe)",v1_sha1_hexid_pipe_subjectid
lfr_5fa13465c2da43,h6000_q-000787_r+001313,hsub_ireland_main_island,OCEAN,False,1.270474225,0.107992,36590388316beb04dbe2ba86853aaff7524d9d1137d7cb2d1ef8445ebe3c612b,"canonical hex polygon INTERSECT canonical OSM land component, unioned inside the hex (overlap-safe)",v1_sha1_hexid_pipe_subjectid
lfr_6f4407261845d1,h6000_q-000785_r+001313,hsub_ireland_main_island,OCEAN,False,2.281440037,0.194142,ef000b05243512611169566b873f7e7ff907e459c79dd4b5528436aaab00fb39,"canonical hex polygon INTERSECT canonical OSM land component, unioned inside the hex (overlap-safe)",v1_sha1_hexid_pipe_subjectid
lfr_dd6fd3119cde26,h6000_q-000840_r+001314,hsub_ireland_main_island,OCEAN,False,3.921890428,0.333725,ad2f92a255869dbdaf83158868bf897af29c78d5fbe5aad64d9b7596e6ac7b13,"canonical hex polygon INTERSECT canonical OSM land component, unioned inside the hex (overlap-safe)",v1_sha1_hexid_pipe_subjectid
lfr_ba1c14c204293f,h6000_q-000839_r+001314,hsub_ireland_main_island,OCEAN,False,4.807506767,0.409029,6919f392a265336d3fcb12ceeb5b83aaeeb07b46563d5342654deba500994ac9,"canonical hex polygon INTERSECT canonical OSM land component, unioned inside the hex (overlap-safe)",v1_sha1_hexid_pipe_subjectid
lfr_5a68bd174c7d12,h6000_q-000789_r+001314,hsub_ireland_main_island,OCEAN,False,2.471989222,0.210285,b5e645453d0105bb23d230ba4ae235777ef99c82233fb82318f82900f2b7cebe,"canonical hex polygon INTERSECT canonical OSM land component, unioned inside the hex (overlap-safe)",v1_sha1_hexid_pipe_subjectid
lfr_b66395eddc79a1,h6000_q-000786_r+001314,hsub_ireland_main_island,OCEAN,False,0.056681779,0.004823,f8405299025eca84e0b11f3dd9609cb3a24df46e74675574c3759a1fbe002a50,"canonical hex polygon INTERSECT canonical OSM land component, unioned inside the hex (overlap-safe)",v1_sha1_hexid_pipe_subjectid
lfr_c679ad806fed48,h6000_q-000785_r+001314,hsub_ireland_main_island,OCEAN,False,3.929902699,0.334443,1966f256832326764cdf24b196974733cffd2fc028a3d1c6da3f6e863e7478d7,"canonical hex polygon INTERSECT canonical OSM land component, unioned inside the hex (overlap-safe)",v1_sha1_hexid_pipe_subjectid
lfr_292ba154cad4f8,h6000_q-000784_r+001314,hsub_ireland_main_island,OCEAN,False,0.024930163,0.002254,ad6cf7996bfcdee328ff3ffbb77047c33f4e0d13d78c7443202f7e9069659685,"canonical hex polygon INTERSECT canonical OSM land component, unioned inside the hex (overlap-safe)",v1_sha1_hexid_pipe_subjectid
lfr_476baf883b4954,h6000_q-000852_r+001315,hsub_ireland_main_island,OCEAN,False,0.773084201,0.06664,e495a5989123bd4948bafd29539ea5a2c98f2bed1a9543d4688c20f2bc5e68d6,"canonical hex polygon INTERSECT canonical OSM land component, unioned inside the hex (overlap-safe)",v1_sha1_hexid_pipe_subjectid
lfr_e8afe8fda040c7,h6000_q-000786_r+001315,hsub_ireland_main_island,OCEAN,False,1.068331751,0.091058,d2b7bb6f06624bb6a95f9774c92beaa57163e54e00ae2639dd542cbbbc54546d,"canonical hex polygon INTERSECT canonical OSM land component, unioned inside the hex (overlap-safe)",v1_sha1_hexid_pipe_subjectid
lfr_b98ec8a5054755,h6000_q-000784_r+001315,hsub_ireland_main_island,OCEAN,False,2.288271282,0.195415,b5584ab7a1fe4f88138364d0a776b21d4fb43573ab5395f42871901ac691ecc0,"canonical hex polygon INTERSECT canonical OSM land component, unioned inside the hex (overlap-safe)",v1_sha1_hexid_pipe_subjectid
lfr_82f00bca5a5a0f,h6000_q-000780_r+001315,hsub_ireland_main_island,OCEAN,False,5.581055688,0.475446,545d2094cb1406dc5aa88f84d10f4301388bd666df1ff773e12b9c668b5189f4,"canonical hex polygon INTERSECT canonical OSM land component, unioned inside the hex (overlap-safe)",v1_sha1_hexid_pipe_subjectid
lfr_ca6751de1220d3,h6000_q-000779_r+001315,hsub_ireland_main_island,OCEAN,False,5.512211893,0.469614,c6b3d4a496b5a4d2a159f8c7f28c47c0b28215304e317d97c8e8e9ce63dcf103,"canonical hex polygon INTERSECT canonical OSM land component, unioned inside the hex (overlap-safe)",v1_sha1_hexid_pipe_subjectid
lfr_262741b954c35d,h6000_q-000778_r+001315,hsub_ireland_main_island,OCEAN,False,2.413738935,0.205666,c5766c1ac501feba251df540115cdc3163897cf692cab1fb5549f10ef4904d64,"canonical hex polygon INTERSECT canonical OSM land component, unioned inside the hex (overlap-safe)",v1_sha1_hexid_pipe_subjectid
lfr_9332804152ad46,h6000_q-000777_r+001315,hsub_ireland_main_island,OCEAN,False,2.506232045,0.213548,3cb2814dc55ba6ad8912100fe034696c811a10b10ecc1f10b2305417c9e0376d,"canonical hex polygon INTERSECT canonical OSM land component, unioned inside the hex (overlap-safe)",v1_sha1_hexid_pipe_subjectid
lfr_f869c816a85dd2,h6000_q-000775_r+001315,hsub_ireland_main_island,OCEAN,False,0.848059525,0.072278,3cb196aa709e4bfa069972fc734bc59fc5a801b2358c537a7b23e65c27a24dcf,"canonical hex polygon INTERSECT canonical OSM land component, unioned inside the hex (overlap-safe)",v1_sha1_hexid_pipe_subjectid
lfr_db6375e45512c7,h6000_q-000851_r+001316,hsub_ireland_main_island,OCEAN,False,1.187971856,0.10251,d9234ffae17c0041659276e3cb91714d67b26036ab4e940b668fb4ade513a270,"canonical hex polygon INTERSECT canonical OSM land component, unioned inside the hex (overlap-safe)",v1_sha1_hexid_pipe_subjectid
lfr_5564cfc4902d64,h6000_q-000787_r+001316,hsub_ireland_main_island,OCEAN,False,1.038446539,0.088568,44bf7438c76855342f58d87af87edc5d35b73900c65a51e2d59ef3030fbff558,"canonical hex polygon INTERSECT canonical OSM land component, unioned inside the hex (overlap-safe)",v1_sha1_hexid_pipe_subjectid
lfr_4687849ac8f472,h6000_q-000784_r+001316,hsub_ireland_main_island,OCEAN,False,4.447869397,0.37957,17d86998674be4b2ee49d6c8239e396cb9cd821b4ab62dbb53aacf961ddfe93f,"canonical hex polygon INTERSECT canonical OSM land component, unioned inside the hex (overlap-safe)",v1_sha1_hexid_pipe_subjectid
lfr_05db2c56b4b1a6,h6000_q-000783_r+001316,hsub_ireland_main_island,OCEAN,False,4.19297136,0.37284,12c3cd1779e45d1770d170fad02cc3d3b612287e4f00c021d30c2a57fd737e53,"canonical hex polygon INTERSECT canonical OSM land component, unioned inside the hex (overlap-safe)",v1_sha1_hexid_pipe_subjectid
lfr_f0ffdf327f3422,h6000_q-000782_r+001316,hsub_ireland_main_island,OCEAN,False,4.261024437,0.363494,922cb0245a2bd843fb46fada20195c38ea2e38c047c7834dde3e1b4e78a5e992,"canonical hex polygon INTERSECT canonical OSM land component, unioned inside the hex (overlap-safe)",v1_sha1_hexid_pipe_subjectid
lfr_5c49c8748af6ac,h6000_q-000851_r+001317,hsub_ireland_main_island,OCEAN,False,1.421641936,0.122416,220d565d91f007335754f7e5bde16d953dee8c0ac8183eb3adbef8f1e5414d8b,"canonical hex polygon INTERSECT canonical OSM land component, unioned inside the hex (overlap-safe)",v1_sha1_hexid_pipe_subjectid
lfr_95bb23d363695f,h6000_q-000843_r+001317,hsub_ireland_main_island,OCEAN,False,3.896402747,0.332589,06f10869989cc752af29520048b0c72e2038a99743c3c98564e6069b05b202c0,"canonical hex polygon INTERSECT canonical OSM land component, unioned inside the hex (overlap-safe)",v1_sha1_hexid_pipe_subjectid
lfr_fe777ae39f8692,h6000_q-000842_r+001317,hsub_ireland_main_island,OCEAN,False,3.080942132,0.262977,fbba058066a8bb2c975ef09cdba1833b30742ebe020cbb66d476a948f918a833,"canonical hex polygon INTERSECT canonical OSM land component, unioned inside the hex (overlap-safe)",v1_sha1_hexid_pipe_subjectid
lfr_c94420b3bd9e23,h6000_q-000850_r+001318,hsub_ireland_main_island,OCEAN,False,1.282947014,0.109643,b0f909d1a8765a9969048567f221ee9b909b3d1f178e6734a16729df16f61949,"canonical hex polygon INTERSECT canonical OSM land component, unioned inside the hex (overlap-safe)",v1_sha1_hexid_pipe_subjectid
lfr_8aa60fb949893c,h6000_q-000847_r+001318,hsub_ireland_main_island,OCEAN,False,0.711354808,0.060811,b93f9d5e5bcbc25c1eedf058b274b6f3ae404b61e25baf1add6471e004fb9c8e,"canonical hex polygon INTERSECT canonical OSM land component, unioned inside the hex (overlap-safe)",v1_sha1_hexid_pipe_subjectid
lfr_50c3a08ec1cbaf,h6000_q-000846_r+001318,hsub_ireland_main_island,OCEAN,False,1.205120837,0.102999,54b469efdf9f1b1e13b9075a23bb282dbb5552e16c909289425e5fd9689f5bca,"canonical hex polygon INTERSECT canonical OSM land component, unioned inside the hex (overlap-safe)",v1_sha1_hexid_pipe_subjectid
lfr_ade93a44a7d22e,h6000_q-000842_r+001318,hsub_ireland_main_island,OCEAN,False,1.121339978,0.099804,20c4f01c96133f90195861db9cf008eba3edda4c4c1e179b3ac4fe4a6bc40307,"canonical hex polygon INTERSECT canonical OSM land component, unioned inside the hex (overlap-safe)",v1_sha1_hexid_pipe_subjectid
lfr_6ccdfff76b391f,h6000_q-000841_r+001318,hsub_ireland_main_island,OCEAN,False,3.903970406,0.333863,446f63f6ee9714583d6b17a4f3dced26fd855f47a7b9f8ebbdb2aaedea33bc8d,"canonical hex polygon INTERSECT canonical OSM land component, unioned inside the hex (overlap-safe)",v1_sha1_hexid_pipe_subjectid
lfr_1d3dfffc18a977,h6000_q-000777_r+001318,hsub_ireland_main_island,OCEAN,False,1.582613016,0.135274,c919327aceabc33409f2aff10151d86b330dcbf3ed8e213ce6b80371a3c67a8d,"canonical hex polygon INTERSECT canonical OSM land component, unioned inside the hex (overlap-safe)",v1_sha1_hexid_pipe_subjectid
lfr_9500bd5bb7b98d,h6000_q-000849_r+001319,hsub_ireland_main_island,OCEAN,False,0.484975026,0.041502,2e1d9facbdad0bceb583955388d94e051ee20da850ead5a391104c3f2782e8bc,"canonical hex polygon INTERSECT canonical OSM land component, unioned inside the hex (overlap-safe)",v1_sha1_hexid_pipe_subjectid
lfr_956b4d6107bc51,h6000_q-000848_r+001319,hsub_ireland_main_island,OCEAN,False,1.881948016,0.161046,03523b3615b9d86e63a3b2b8f229d2854f2df308d953800dfe1154e5148a6d11,"canonical hex polygon INTERSECT canonical OSM land component, unioned inside the hex (overlap-safe)",v1_sha1_hexid_pipe_subjectid
lfr_b1ce7588fa01b2,h6000_q-000846_r+001319,hsub_ireland_main_island,OCEAN,False,2.352949424,0.201594,8366e003d8da80ae6730a7b437266b7d5fdc50018cd785e733e71dc0d3b35c96,"canonical hex polygon INTERSECT canonical OSM land component, unioned inside the hex (overlap-safe)",v1_sha1_hexid_pipe_subjectid
lfr_851b938a216b56,h6000_q-000845_r+001319,hsub_ireland_main_island,OCEAN,False,1.572686391,0.134641,c7b58e0184898346d90805f97ea8a8953a33a3acbc94318ab5cd331a35065fc6,"canonical hex polygon INTERSECT canonical OSM land component, unioned inside the hex (overlap-safe)",v1_sha1_hexid_pipe_subjectid
lfr_48b669ff5409ae,h6000_q-000843_r+001319,hsub_ireland_main_island,OCEAN,False,2.053531664,0.176212,0e8e2291ca53ef671aa69cc4bcedb6917759cb1a25c62dac6c6f000f390764b9,"canonical hex polygon INTERSECT canonical OSM land component, unioned inside the hex (overlap-safe)",v1_sha1_hexid_pipe_subjectid
lfr_531d96553bbae7,h6000_q-000778_r+001319,hsub_ireland_main_island,OCEAN,False,2.575657745,0.220459,0133503cf8fdacb0473955caf1651d2bd9e14b1456118c4277539c231ecc0ce2,"canonical hex polygon INTERSECT canonical OSM land component, unioned inside the hex (overlap-safe)",v1_sha1_hexid_pipe_subjectid
lfr_0aa4c24764d30e,h6000_q-000846_r+001320,hsub_ireland_main_island,OCEAN,False,0.385825709,0.065752,993ed0d8c8aded421c4d23fb64fa9b3540698efdc8cf383284d9c76fb42d317d,"canonical hex polygon INTERSECT canonical OSM land component, unioned inside the hex (overlap-safe)",v1_sha1_hexid_pipe_subjectid
lfr_9a648010b4549e,h6000_q-000843_r+001320,hsub_ireland_main_island,OCEAN,False,0.847848777,0.072667,b6354f26a7a96d3fb85a05036ca0486e3fa0ee70ae056f9eeeb6a4219cb93629,"canonical hex polygon INTERSECT canonical OSM land component, unioned inside the hex (overlap-safe)",v1_sha1_hexid_pipe_subjectid
lfr_3c506052947a2f,h6000_q-000843_r+001321,hsub_ireland_main_island,OCEAN,False,5.815932634,0.499174,79a76c2098a59290d59f194c37aee186f5ec30987be6ba7269c0b54fc9150edd,"canonical hex polygon INTERSECT canonical OSM land component, unioned inside the hex (overlap-safe)",v1_sha1_hexid_pipe_subjectid
lfr_f2f18c7348e005,h6000_q-000778_r+001321,hsub_ireland_main_island,OCEAN,False,0.112640251,0.009666,5a9a60c1924294ac0fe0d5cc75583a8488d17cdc3e760d88d3001079b1d19a0e,"canonical hex polygon INTERSECT canonical OSM land component, unioned inside the hex (overlap-safe)",v1_sha1_hexid_pipe_subjectid
lfr_6129d3d07f2201,h6000_q-000845_r+001322,hsub_ireland_main_island,OCEAN,False,0.100462861,0.00864,c608edcbeecddc4d1675c2fe60f914caa624811089c5432538c90a3a31941d9a,"canonical hex polygon INTERSECT canonical OSM land component, unioned inside the hex (overlap-safe)",v1_sha1_hexid_pipe_subjectid
lfr_f2dfbdce6095df,h6000_q-000844_r+001322,hsub_ireland_main_island,OCEAN,False,1.40857547,0.121109,8a00ce7294fb2adb31537c670d14cae5fd518cebdf4fa26583caf12e6ca0f4b8,"canonical hex polygon INTERSECT canonical OSM land component, unioned inside the hex (overlap-safe)",v1_sha1_hexid_pipe_subjectid
lfr_fd1b574b75e608,h6000_q-000779_r+001322,hsub_ireland_main_island,OCEAN,False,5.069818673,0.435708,bc58beb6a889ed7f876303be2433554d9d449a92188de38b002bbe844b2b5c63,"canonical hex polygon INTERSECT canonical OSM land component, unioned inside the hex (overlap-safe)",v1_sha1_hexid_pipe_subjectid
lfr_615f0e08cb1096,h6000_q-000846_r+001323,hsub_ireland_main_island,OCEAN,False,4.112478965,0.353919,273c446340cf313050cc952452ff35626468e7e8f1337e5ba1e992b10f355d29,"canonical hex polygon INTERSECT canonical OSM land component, unioned inside the hex (overlap-safe)",v1_sha1_hexid_pipe_subjectid
lfr_7344b3fecf4651,h6000_q-000779_r+001323,hsub_ireland_main_island,OCEAN,False,1.946727824,0.167551,8e7c72649ccd8dfb4d61ddf73ef7b5487fd156f938581acd9c7456ae5ffb4f93,"canonical hex polygon INTERSECT canonical OSM land component, unioned inside the hex (overlap-safe)",v1_sha1_hexid_pipe_subjectid
lfr_0fc5707ea199e7,h6000_q-000846_r+001324,hsub_ireland_main_island,OCEAN,False,2.467339941,0.212492,65ba52b17b151c4a52d1424881ef7ab8204adc834462a1febb986655d8c7da90,"canonical hex polygon INTERSECT canonical OSM land component, unioned inside the hex (overlap-safe)",v1_sha1_hexid_pipe_subjectid
lfr_f5144076a00f5b,h6000_q-000845_r+001324,hsub_ireland_main_island,OCEAN,False,2.813727526,0.242333,6d07b178b17e21d97dc242a8c50e692df8dbedb4ccd3442e5bf8c9d8ec68bdba,"canonical hex polygon INTERSECT canonical OSM land component, unioned inside the hex (overlap-safe)",v1_sha1_hexid_pipe_subjectid
lfr_4e4781445ac314,h6000_q-000779_r+001324,hsub_ireland_main_island,OCEAN,False,2.968915114,0.255855,1453d3d605c998ae34011210014806a449d1aaeee8eae3f800647b0ee1d01a32,"canonical hex polygon INTERSECT canonical OSM land component, unioned inside the hex (overlap-safe)",v1_sha1_hexid_pipe_subjectid
lfr_519e8102a136db,h6000_q-000844_r+001325,hsub_ireland_main_island,OCEAN,False,0.041675171,0.004073,4d24656fd5dd0a3d5f1d4132e3c5777eae8154ee35c5265ea6c654655637877c,"canonical hex polygon INTERSECT canonical OSM land component, unioned inside the hex (overlap-safe)",v1_sha1_hexid_pipe_subjectid
lfr_c8f2274a5788a7,h6000_q-000779_r+001325,hsub_ireland_main_island,OCEAN,False,3.318940016,0.291476,b92d2ca84955d8bdfa548605eecea8e0e656dd2cbf18289646e57c1fab95e7c3,"canonical hex polygon INTERSECT canonical OSM land component, unioned inside the hex (overlap-safe)",v1_sha1_hexid_pipe_subjectid
lfr_305ff94ce6edf6,h6000_q-000843_r+001326,hsub_ireland_main_island,OCEAN,False,1.755430382,0.154146,3fdc91f2c56b074348cc3cadf6bbc6eca95f73b3f020ebabd47f2921ae4117b7,"canonical hex polygon INTERSECT canonical OSM land component, unioned inside the hex (overlap-safe)",v1_sha1_hexid_pipe_subjectid
lfr_8d99c58dd2cb2c,h6000_q-000779_r+001326,hsub_ireland_main_island,OCEAN,False,4.840059406,0.418215,91110fca24aa17ff0ddcc3ce922796d540bf797267f964b538a594228349a66d,"canonical hex polygon INTERSECT canonical OSM land component, unioned inside the hex (overlap-safe)",v1_sha1_hexid_pipe_subjectid
lfr_0127450746b519,h6000_q-000779_r+001327,hsub_ireland_main_island,OCEAN,False,5.587960635,0.483406,06fdef1a5505e07b2fe3b56af6855fef21db9ffad2145caf759edd1f0b3ce010,"canonical hex polygon INTERSECT canonical OSM land component, unioned inside the hex (overlap-safe)",v1_sha1_hexid_pipe_subjectid
lfr_fdc0a7cd4caf42,h6000_q-000848_r+001328,hsub_ireland_main_island,OCEAN,False,2.675785831,0.232774,7f5ba48bd9ff8806b7bb96918e4a04ce52e349b12077a8d85deb9f2d3eb8e100,"canonical hex polygon INTERSECT canonical OSM land component, unioned inside the hex (overlap-safe)",v1_sha1_hexid_pipe_subjectid
lfr_bc659f9b8b4758,h6000_q-000847_r+001328,hsub_ireland_main_island,OCEAN,False,1.438726238,0.124651,dc44f3261a2ffeeb90fc8fc34394c94d1e69044cb185758e58893620d63ef846,"canonical hex polygon INTERSECT canonical OSM land component, unioned inside the hex (overlap-safe)",v1_sha1_hexid_pipe_subjectid
lfr_1a8e0aabf1aa37,h6000_q-000846_r+001328,hsub_ireland_main_island,OCEAN,False,0.465458616,0.040338,8aca4887d05ea990e7fa3282a7fe57a3f9242bfb80e184215f986266066b2de8,"canonical hex polygon INTERSECT canonical OSM land component, unioned inside the hex (overlap-safe)",v1_sha1_hexid_pipe_subjectid
lfr_f65e211aafd13f,h6000_q-000844_r+001328,hsub_ireland_main_island,OCEAN,False,0.145214975,0.012573,d65636da09f7b3c449a39a4d0d8e8c15cb80fda405dac7418e8342ffa56b4b10,"canonical hex polygon INTERSECT canonical OSM land component, unioned inside the hex (overlap-safe)",v1_sha1_hexid_pipe_subjectid
lfr_70295ef58187cb,h6000_q-000779_r+001328,hsub_ireland_main_island,OCEAN,False,4.989484169,0.432148,8d8c7918d66dedd7b2bc2988c9676782947c6f5ffaf12c8e559b4a01702f448a,"canonical hex polygon INTERSECT canonical OSM land component, unioned inside the hex (overlap-safe)",v1_sha1_hexid_pipe_subjectid
lfr_22fa25e5002d3b,h6000_q-000845_r+001329,hsub_ireland_main_island,OCEAN,False,4.464416218,0.387262,071652f6b64c6898b7623503ea1f507985098275bb3562c0254d257db03ed88a,"canonical hex polygon INTERSECT canonical OSM land component, unioned inside the hex (overlap-safe)",v1_sha1_hexid_pipe_subjectid
lfr_b8b81ef1413461,h6000_q-000844_r+001329,hsub_ireland_main_island,OCEAN,False,0.156665898,0.013588,67123bb33a0bca18fd1905f973a83dd81d8b7a8744913776360e007af6bbe174,"canonical hex polygon INTERSECT canonical OSM land component, unioned inside the hex (overlap-safe)",v1_sha1_hexid_pipe_subjectid
lfr_34e44deeb09a5a,h6000_q-000843_r+001329,hsub_ireland_main_island,OCEAN,False,4.164832324,0.361033,b41e7d8333b7f30384578273e6174ddde7f4da3708df69669d459abe33a4b7fc,"canonical hex polygon INTERSECT canonical OSM land component, unioned inside the hex (overlap-safe)",v1_sha1_hexid_pipe_subjectid
lfr_3eb40f7e280a4c,h6000_q-000842_r+001329,hsub_ireland_main_island,OCEAN,False,2.109039064,0.182805,10eb01f2baa6bfbf47da0b392e1f1bd4b69712f1de85e672864c9d9bb6e77122,"canonical hex polygon INTERSECT canonical OSM land component, unioned inside the hex (overlap-safe)",v1_sha1_hexid_pipe_subjectid
lfr_3a02eb74488e38,h6000_q-000841_r+001329,hsub_ireland_main_island,OCEAN,False,2.940558524,0.25489,29eb37ca2611434a802e76457781a75fcb063ea5706cdd92b4a288651d839fbf,"canonical hex polygon INTERSECT canonical OSM land component, unioned inside the hex (overlap-safe)",v1_sha1_hexid_pipe_subjectid
lfr_febeb31ed13064,h6000_q-000840_r+001329,hsub_ireland_main_island,OCEAN,False,3.931672098,0.340832,8c1277a1b9f0fb65469fa3e9525372f981a9104229ae7aff37b900b8fcae5b25,"canonical hex polygon INTERSECT canonical OSM land component, unioned inside the hex (overlap-safe)",v1_sha1_hexid_pipe_subjectid
lfr_532b5c496a3fb6,h6000_q-000838_r+001329,hsub_ireland_main_island,OCEAN,False,4.357115543,0.377744,b11f0a7bc7e857c483e000da4656a65dfc7d381a2efb5ab9e245f3fd072bad98,"canonical hex polygon INTERSECT canonical OSM land component, unioned inside the hex (overlap-safe)",v1_sha1_hexid_pipe_subjectid
lfr_32fc3013038720,h6000_q-000837_r+001329,hsub_ireland_main_island,OCEAN,False,4.958273827,0.42994,49ec43676d0b7557a29c0824c5e8302123f5756b04d1f1eb5256b670a2c576f1,"canonical hex polygon INTERSECT canonical OSM land component, unioned inside the hex (overlap-safe)",v1_sha1_hexid_pipe_subjectid
lfr_83b7b80c916aeb,h6000_q-000848_r+001330,hsub_ireland_main_island,OCEAN,False,0.382381264,0.033183,9501fef293f4f664da63d1c57c98f3f228a340918bdb81d68f8d55d36a96e7bb,"canonical hex polygon INTERSECT canonical OSM land component, unioned inside the hex (overlap-safe)",v1_sha1_hexid_pipe_subjectid
lfr_008861ac71cd40,h6000_q-000844_r+001330,hsub_ireland_main_island,OCEAN,False,2.529814411,0.219745,617576fff5c4e12a777fa6481737f4a644efe431f722b43b5cb0d31a5adcee7f,"canonical hex polygon INTERSECT canonical OSM land component, unioned inside the hex (overlap-safe)",v1_sha1_hexid_pipe_subjectid
lfr_5ba518e935fbb1,h6000_q-000843_r+001330,hsub_ireland_main_island,OCEAN,False,0.568025648,0.049724,4da8a3eba8224f77742a89d9c9d78d286984ca08a091989f4c73d82567670dff,"canonical hex polygon INTERSECT canonical OSM land component, unioned inside the hex (overlap-safe)",v1_sha1_hexid_pipe_subjectid
lfr_cc7f5e2adfd060,h6000_q-000841_r+001330,hsub_ireland_main_island,OCEAN,False,1.349493862,0.130759,e57974ab433ba805b4e7ec0e9fffb928c2a53ee1201289856a708dfae63d7f2f,"canonical hex polygon INTERSECT canonical OSM land component, unioned inside the hex (overlap-safe)",v1_sha1_hexid_pipe_subjectid
lfr_2580a01077e916,h6000_q-000840_r+001330,hsub_ireland_main_island,OCEAN,False,5.727412076,0.497424,5b8c5c37df2ccfb8cd13e8044783599490ee2a5c226e1d3765103fba2a74c1c1,"canonical hex polygon INTERSECT canonical OSM land component, unioned inside the hex (overlap-safe)",v1_sha1_hexid_pipe_subjectid
lfr_f6bb3a1a545d74,h6000_q-000839_r+001330,hsub_ireland_main_island,OCEAN,False,4.34838598,0.377679,da60275e355cd9234f98b092cd68a1b7348b8b4709e796e3ac7f2ea4978fc110,"canonical hex polygon INTERSECT canonical OSM land component, unioned inside the hex (overlap-safe)",v1_sha1_hexid_pipe_subjectid
lfr_e7dff93b3c8edb,h6000_q-000838_r+001330,hsub_ireland_main_island,OCEAN,False,5.670865984,0.492309,8d0d356fb2c16f5d3216d5553becba09aea26af1948aa375dd930fb40c1afed7,"canonical hex polygon INTERSECT canonical OSM land component, unioned inside the hex (overlap-safe)",v1_sha1_hexid_pipe_subjectid
lfr_6c9c0439736038,h6000_q-000836_r+001330,hsub_ireland_main_island,OCEAN,False,1.304570969,0.113284,f8db2275f2d4b68f70ba21aeeaa8562f7828b317d185c9561d31063e46624766,"canonical hex polygon INTERSECT canonical OSM land component, unioned inside the hex (overlap-safe)",v1_sha1_hexid_pipe_subjectid
lfr_6d062b8bcd601f,h6000_q-000835_r+001330,hsub_ireland_main_island,OCEAN,False,5.400626355,0.468834,5987fe76612d9dad815f4f9e4f99269eecb450827b320cdc8ebf8c01bc068d79,"canonical hex polygon INTERSECT canonical OSM land component, unioned inside the hex (overlap-safe)",v1_sha1_hexid_pipe_subjectid
lfr_e5a17fa69ca4c8,h6000_q-000780_r+001330,hsub_ireland_main_island,OCEAN,False,1.511904988,0.131264,3a7ae7411969ec5dca49d2e595081f461a11c6c1800af9d61e1ed8c5162b3fa6,"canonical hex polygon INTERSECT canonical OSM land component, unioned inside the hex (overlap-safe)",v1_sha1_hexid_pipe_subjectid
lfr_deebe028f23372,h6000_q-000847_r+001331,hsub_ireland_main_island,OCEAN,False,2.912811173,0.253141,31d4692523b1627f6cda4a1d5cbc3f8f69f67f9431dc4bd61bb010b7cef63764,"canonical hex polygon INTERSECT canonical OSM land component, unioned inside the hex (overlap-safe)",v1_sha1_hexid_pipe_subjectid
lfr_fe31a9474c588c,h6000_q-000834_r+001331,hsub_ireland_main_island,OCEAN,False,1.207905869,0.107688,714594ca4877b6bf30dfb881017d246f3a656f3ec2baba9c0f96cae4f5a31ac3,"canonical hex polygon INTERSECT canonical OSM land component, unioned inside the hex (overlap-safe)",v1_sha1_hexid_pipe_subjectid
lfr_bae09a3b6e2896,h6000_q-000833_r+001331,hsub_ireland_main_island,OCEAN,False,0.9818265,0.1039,c2cf661ae3be1b1334957cde096c5219dcf69cdb7b4dcb8a56fea58a30bc8ab8,"canonical hex polygon INTERSECT canonical OSM land component, unioned inside the hex (overlap-safe)",v1_sha1_hexid_pipe_subjectid
lfr_e23fe6b637c68a,h6000_q-000781_r+001331,hsub_ireland_main_island,OCEAN,False,5.401625762,0.469631,4b5e8595c57e09d2eaf808cd99292c1e8844e7ca126db666f209ce136929b7ba,"canonical hex polygon INTERSECT canonical OSM land component, unioned inside the hex (overlap-safe)",v1_sha1_hexid_pipe_subjectid
lfr_6757e798f468b9,h6000_q-000846_r+001332,hsub_ireland_main_island,OCEAN,False,5.647341874,0.492577,2db5aa0216ed736fada92b3b941382bc9872cff3be774173823f2f1d389bcf38,"canonical hex polygon INTERSECT canonical OSM land component, unioned inside the hex (overlap-safe)",v1_sha1_hexid_pipe_subjectid
lfr_fe919db20ef2a4,h6000_q-000834_r+001332,hsub_ireland_main_island,OCEAN,False,0.139581346,0.156685,ecbf3c1a4df547d474818a0af72f89291dd18a8de84592ccf6b6a47599db0768,"canonical hex polygon INTERSECT canonical OSM land component, unioned inside the hex (overlap-safe)",v1_sha1_hexid_pipe_subjectid
lfr_191e32430b4e37,h6000_q-000832_r+001332,hsub_ireland_main_island,OCEAN,False,2.852997765,0.248254,27e21d0c1c36a080b0c4b318dc802628397e666c697dbafc18173f81442a58b6,"canonical hex polygon INTERSECT canonical OSM land component, unioned inside the hex (overlap-safe)",v1_sha1_hexid_pipe_subjectid
lfr_e0d26263315184,h6000_q-000831_r+001332,hsub_ireland_main_island,OCEAN,False,5.176178506,0.453399,2c282a827f4a51cb5a359c98f98dc23f9b800e0fb8044a692e2d4c6bb4d2cadd,"canonical hex polygon INTERSECT canonical OSM land component, unioned inside the hex (overlap-safe)",v1_sha1_hexid_pipe_subjectid
lfr_b66700e1dadfe6,h6000_q-000781_r+001332,hsub_ireland_main_island,OCEAN,False,2.533163837,0.22055,4b0a62a30677635fa74772df04ba82fba399df40b66a40799017462cced011cf,"canonical hex polygon INTERSECT canonical OSM land component, unioned inside the hex (overlap-safe)",v1_sha1_hexid_pipe_subjectid
lfr_ff2721c9ed85cf,h6000_q-000846_r+001333,hsub_ireland_main_island,OCEAN,False,1.494505134,0.130268,41f9668be9c25e13b5b3b04b439fb7b639684ddc7508426a30bdf5b6ab399d51,"canonical hex polygon INTERSECT canonical OSM land component, unioned inside the hex (overlap-safe)",v1_sha1_hexid_pipe_subjectid
lfr_657a855c24c85c,h6000_q-000833_r+001333,hsub_ireland_main_island,OCEAN,False,1.891811859,0.249477,f2907deac409684696705e42b7ff4b949a3e22131aa1b2aeefac95b3576f3da2,"canonical hex polygon INTERSECT canonical OSM land component, unioned inside the hex (overlap-safe)",v1_sha1_hexid_pipe_subjectid
lfr_b97990f07e6565,h6000_q-000831_r+001333,hsub_ireland_main_island,OCEAN,False,4.498478165,0.398085,4ff68cc4ad76ba7a084dae7e22737e7bcb04eeda79c30eb32b8557f782aa7a70,"canonical hex polygon INTERSECT canonical OSM land component, unioned inside the hex (overlap-safe)",v1_sha1_hexid_pipe_subjectid
lfr_7e49694bce9603,h6000_q-000781_r+001333,hsub_ireland_main_island,OCEAN,False,1.763145177,0.153722,c789a59d7c85738205b279cd0a79526b74383ef4ad2ea27657e26deaf1283370,"canonical hex polygon INTERSECT canonical OSM land component, unioned inside the hex (overlap-safe)",v1_sha1_hexid_pipe_subjectid
lfr_559e25d3d64a49,h6000_q-000846_r+001334,hsub_ireland_main_island,OCEAN,False,1.170814885,0.103171,03b4046b4dfdf14a0abd9bcb707c09cef29825a0ce3b62434ed277975eb5c863,"canonical hex polygon INTERSECT canonical OSM land component, unioned inside the hex (overlap-safe)",v1_sha1_hexid_pipe_subjectid
lfr_edc915bd32eebf,h6000_q-000781_r+001334,hsub_ireland_main_island,OCEAN,False,3.110160056,0.271497,e3bd0620251f4b289ffb93e90a306c8cf22f3fd66ecf1ff6c08e448c12ae186a,"canonical hex polygon INTERSECT canonical OSM land component, unioned inside the hex (overlap-safe)",v1_sha1_hexid_pipe_subjectid
lfr_6255298ece462e,h6000_q-000846_r+001335,hsub_ireland_main_island,OCEAN,False,0.765738409,0.068769,df3c46ea13e13416f092622b9c54e147d6677ca1591561a41b5228da6dc369f0,"canonical hex polygon INTERSECT canonical OSM land component, unioned inside the hex (overlap-safe)",v1_sha1_hexid_pipe_subjectid
lfr_cce831db8c4e5e,h6000_q-000845_r+001335,hsub_ireland_main_island,OCEAN,False,5.626094309,0.491521,27eb9d5fb5405b3eea57213608ef0ac92f7d80631076d105a1374b676acb1259,"canonical hex polygon INTERSECT canonical OSM land component, unioned inside the hex (overlap-safe)",v1_sha1_hexid_pipe_subjectid
lfr_53c8cd19b5948c,h6000_q-000844_r+001335,hsub_ireland_main_island,OCEAN,False,4.395231417,0.383986,40525390e75fe3719bacca19790189550258f09534881ab545018c74df02fc28,"canonical hex polygon INTERSECT canonical OSM land component, unioned inside the hex (overlap-safe)",v1_sha1_hexid_pipe_subjectid
lfr_0074a002fe3994,h6000_q-000835_r+001335,hsub_ireland_main_island,OCEAN,False,5.39229329,0.48511,c6e157590af814a8754bd4fd15c69b26bb9c93c1b2f5a09ab4220d08a58370f0,"canonical hex polygon INTERSECT canonical OSM land component, unioned inside the hex (overlap-safe)",v1_sha1_hexid_pipe_subjectid
lfr_6ec997df684fb2,h6000_q-000834_r+001335,hsub_ireland_main_island,OCEAN,False,2.547609204,0.225504,c5752c097abb751201f2a3d493e17193a9803ed6853703f4d3673537154b1506,"canonical hex polygon INTERSECT canonical OSM land component, unioned inside the hex (overlap-safe)",v1_sha1_hexid_pipe_subjectid
lfr_215cf1a0f6ad5b,h6000_q-000781_r+001335,hsub_ireland_main_island,OCEAN,False,0.306914527,0.026827,4dcc0d0234d3b7c741a24d431910e60f0fd636dfcc23c68551c3ef0f1898706a,"canonical hex polygon INTERSECT canonical OSM land component, unioned inside the hex (overlap-safe)",v1_sha1_hexid_pipe_subjectid
lfr_f8d5f8f89eae20,h6000_q-000845_r+001337,hsub_ireland_main_island,OCEAN,False,0.182567761,0.08981,245fc42b2d6607f630a4b881f69b7d535530aa64146bf0ac34076dbdf2c2195a,"canonical hex polygon INTERSECT canonical OSM land component, unioned inside the hex (overlap-safe)",v1_sha1_hexid_pipe_subjectid
lfr_f3d90b44cc61bf,h6000_q-000782_r+001337,hsub_ireland_main_island,OCEAN,False,2.33711008,0.204818,7f52ffce69977f75213fb054187cfbdffed24e2eff3ec86a30a543446de355b9,"canonical hex polygon INTERSECT canonical OSM land component, unioned inside the hex (overlap-safe)",v1_sha1_hexid_pipe_subjectid
lfr_2d17921e9d354e,h6000_q-000782_r+001338,hsub_ireland_main_island,OCEAN,False,2.498439255,0.21925,2059bcb10be4dbcaf0b136c47edd30b70bf56cc64ad9a78e1451f7d5b9c45645,"canonical hex polygon INTERSECT canonical OSM land component, unioned inside the hex (overlap-safe)",v1_sha1_hexid_pipe_subjectid
lfr_a0d92d4e24b7b0,h6000_q-000845_r+001339,hsub_ireland_main_island,OCEAN,False,0.926819822,0.081403,2e2dbbdc338a17f777212a32ccf1d9a44bfda68c182dbf3dc80ced679cc924dd,"canonical hex polygon INTERSECT canonical OSM land component, unioned inside the hex (overlap-safe)",v1_sha1_hexid_pipe_subjectid
lfr_3e54869bc9429a,h6000_q-000782_r+001339,hsub_ireland_main_island,OCEAN,False,5.267800288,0.462761,e541ff0103d6fd9e550f1bfbbf30c0bb73dbeb2f0c7c101622065ef54c707f2e,"canonical hex polygon INTERSECT canonical OSM land component, unioned inside the hex (overlap-safe)",v1_sha1_hexid_pipe_subjectid
lfr_cf9ed0a251acce,h6000_q-000845_r+001340,hsub_ireland_main_island,OCEAN,False,2.752039786,0.242324,f7539dd062f6b2502938e7d6cffa2a03eaf5bfb25baebd93e66c936768c3e352,"canonical hex polygon INTERSECT canonical OSM land component, unioned inside the hex (overlap-safe)",v1_sha1_hexid_pipe_subjectid
lfr_bbb09d6d647777,h6000_q-000782_r+001340,hsub_ireland_main_island,OCEAN,False,2.705287169,0.237991,72a9fc37103909225eb0e35dbc470bd982ec928c947fdf848b0e54e6e476e234,"canonical hex polygon INTERSECT canonical OSM land component, unioned inside the hex (overlap-safe)",v1_sha1_hexid_pipe_subjectid
lfr_f205cbf6f0cbaf,h6000_q-000846_r+001341,hsub_ireland_main_island,OCEAN,False,0.600915314,0.052955,c3c43d0a32aa9b0fdd030a3aa1ffa5e4888a34bed8b3042cc4a0d954647ae754,"canonical hex polygon INTERSECT canonical OSM land component, unioned inside the hex (overlap-safe)",v1_sha1_hexid_pipe_subjectid
lfr_631e1cd32f473f,h6000_q-000845_r+001341,hsub_ireland_main_island,OCEAN,False,0.518379854,0.045682,74a349515ac576fcfe39a89598287f18684c59bff231d46e930bf21de6cb1531,"canonical hex polygon INTERSECT canonical OSM land component, unioned inside the hex (overlap-safe)",v1_sha1_hexid_pipe_subjectid
lfr_a32cbe7582b01d,h6000_q-000782_r+001341,hsub_ireland_main_island,OCEAN,False,1.012218843,0.089255,02f933b21cde7d8d0024258850b4151210a5e8a5f60fbf42b457d07f29dc2fd1,"canonical hex polygon INTERSECT canonical OSM land component, unioned inside the hex (overlap-safe)",v1_sha1_hexid_pipe_subjectid
lfr_0051e741ea2cbb,h6000_q-000847_r+001342,hsub_ireland_main_island,OCEAN,False,1.341112725,0.118254,ad6cdd7a21b63a2f719864b59d88432138a95b1121331b574d9ebd5caaa96f9b,"canonical hex polygon INTERSECT canonical OSM land component, unioned inside the hex (overlap-safe)",v1_sha1_hexid_pipe_subjectid
lfr_55fe20a11dd372,h6000_q-000782_r+001342,hsub_ireland_main_island,OCEAN,False,0.045071226,0.003976,e91b33956fbcd3958c7c9a750ea77d56f0e224bcd869f7386cbe95354a3feda5,"canonical hex polygon INTERSECT canonical OSM land component, unioned inside the hex (overlap-safe)",v1_sha1_hexid_pipe_subjectid
lfr_c3c2f5ceb9480a,h6000_q-000847_r+001343,hsub_ireland_main_island,OCEAN,False,0.01178907,0.001281,c6bbbf1beab6b1f7483745c53eaeaff14d0c3a7159cf97834d904a993244de97,"canonical hex polygon INTERSECT canonical OSM land component, unioned inside the hex (overlap-safe)",v1_sha1_hexid_pipe_subjectid
lfr_85d4bbfc8d7e9e,h6000_q-000783_r+001343,hsub_ireland_main_island,OCEAN,False,3.926683144,0.346622,216d718f4b823de65457d6e86ab2e8baff22a9681a03a005a95dda78c90a2987,"canonical hex polygon INTERSECT canonical OSM land component, unioned inside the hex (overlap-safe)",v1_sha1_hexid_pipe_subjectid
lfr_5c944b2f6fafd9,h6000_q-000847_r+001344,hsub_ireland_main_island,OCEAN,False,0.477809274,0.042229,27d6d6cc8ef6b64d62fc04ee34fcda4643d7eee64d21028daa4f2afcab305c8d,"canonical hex polygon INTERSECT canonical OSM land component, unioned inside the hex (overlap-safe)",v1_sha1_hexid_pipe_subjectid
lfr_cdf7c790e8acaf,h6000_q-000784_r+001344,hsub_ireland_main_island,OCEAN,False,2.552209497,0.225639,9aae71c1b9603bb664d0c7dd44b59d01d130f2e024d38fbfbe90a49fcd6aa5e0,"canonical hex polygon INTERSECT canonical OSM land component, unioned inside the hex (overlap-safe)",v1_sha1_hexid_pipe_subjectid
lfr_d49280f193742a,h6000_q-000847_r+001345,hsub_ireland_main_island,OCEAN,False,3.022686372,0.270733,2690907c4170690ed9eb570d263d41efbd71569fe72cc9730b59a63ee6687ca9,"canonical hex polygon INTERSECT canonical OSM land component, unioned inside the hex (overlap-safe)",v1_sha1_hexid_pipe_subjectid
lfr_2a5b4d1a74ae38,h6000_q-000847_r+001346,hsub_ireland_main_island,OCEAN,False,2.588595121,0.22943,995479f3009f4aa8fb2dee9406659018903fe0ef063aa78dcf6f263e150bb7ea,"canonical hex polygon INTERSECT canonical OSM land component, unioned inside the hex (overlap-safe)",v1_sha1_hexid_pipe_subjectid
lfr_d2c31f9fa75826,h6000_q-000785_r+001346,hsub_ireland_main_island,OCEAN,False,5.006469191,0.443807,472e9b4bc125646c0a4bb40d6530e702c6a57a92e73c6e882a3d6692f1044bf3,"canonical hex polygon INTERSECT canonical OSM land component, unioned inside the hex (overlap-safe)",v1_sha1_hexid_pipe_subjectid
lfr_05ba1a7e2333db,h6000_q-000847_r+001347,hsub_ireland_main_island,OCEAN,False,1.847033094,0.163868,4c352e82b378e8b56bb9032634b103e65e33494e4f9b1f90053432eefca3e59b,"canonical hex polygon INTERSECT canonical OSM land component, unioned inside the hex (overlap-safe)",v1_sha1_hexid_pipe_subjectid
lfr_fd6de6fab2c27f,h6000_q-000785_r+001347,hsub_ireland_main_island,OCEAN,False,0.023744479,0.002107,8cee5d6d55020588c7017e81b70fb5b10a0ee0ce7fdfcfce8e9685e35477e650,"canonical hex polygon INTERSECT canonical OSM land component, unioned inside the hex (overlap-safe)",v1_sha1_hexid_pipe_subjectid
lfr_22c7b391c1a502,h6000_q-000847_r+001348,hsub_ireland_main_island,OCEAN,False,0.052879657,0.004698,2ef4209a683df6470faebef9055c19b2d683bf4ad6887fd5b175410e54f35758,"canonical hex polygon INTERSECT canonical OSM land component, unioned inside the hex (overlap-safe)",v1_sha1_hexid_pipe_subjectid
lfr_eca4f0ddf1b7e0,h6000_q-000786_r+001348,hsub_ireland_main_island,OCEAN,False,4.111006947,0.365335,fdcfbc03bb0f1d286122a9791badd61c1f92c03c45dccbde3ecc3fc3f867a184,"canonical hex polygon INTERSECT canonical OSM land component, unioned inside the hex (overlap-safe)",v1_sha1_hexid_pipe_subjectid
lfr_bdbd0811537233,h6000_q-000847_r+001349,hsub_ireland_main_island,OCEAN,False,2.02568159,0.180215,a7cc1cbcdffe09aa08231e8520747b740ef9bf9f3b0675989964703068c853ca,"canonical hex polygon INTERSECT canonical OSM land component, unioned inside the hex (overlap-safe)",v1_sha1_hexid_pipe_subjectid
lfr_a63c0109289913,h6000_q-000845_r+001349,hsub_ireland_main_island,OCEAN,False,2.356970096,0.214669,817b09a46c393681de8eb2377a762dceb0f5f78a9c722d2f5a76ecee4b53a14d,"canonical hex polygon INTERSECT canonical OSM land component, unioned inside the hex (overlap-safe)",v1_sha1_hexid_pipe_subjectid
lfr_59b12750bd111e,h6000_q-000844_r+001349,hsub_ireland_main_island,OCEAN,False,1.944209687,0.178683,6257c5fa7ca12da379c592fd6226e790c0705839540890421b04d12c675ca1f3,"canonical hex polygon INTERSECT canonical OSM land component, unioned inside the hex (overlap-safe)",v1_sha1_hexid_pipe_subjectid
lfr_4feef6b3a9f971,h6000_q-000844_r+001350,hsub_ireland_main_island,OCEAN,False,0.714607808,0.063637,9bdf2a2d64366088b1c790d3492391635fcf1e70d12c7c3771765326a7dbc9c8,"canonical hex polygon INTERSECT canonical OSM land component, unioned inside the hex (overlap-safe)",v1_sha1_hexid_pipe_subjectid
lfr_fd1717f08fc354,h6000_q-000843_r+001350,hsub_ireland_main_island,OCEAN,False,2.85687413,0.25659,052d8b70504303c99086f81d8073d10212118ca14656b2638a2494b586ad4888,"canonical hex polygon INTERSECT canonical OSM land component, unioned inside the hex (overlap-safe)",v1_sha1_hexid_pipe_subjectid
lfr_920cb8c5eb3038,h6000_q-000842_r+001350,hsub_ireland_main_island,OCEAN,False,4.82116113,0.430205,91e1e845b77166d15f67a4c01c87c0cb284c3df57e9578edd0417c2c3e8cec9c,"canonical hex polygon INTERSECT canonical OSM land component, unioned inside the hex (overlap-safe)",v1_sha1_hexid_pipe_subjectid
lfr_db3cc3d87ea35e,h6000_q-000842_r+001351,hsub_ireland_main_island,OCEAN,False,1.042800986,0.163874,7a6fd66330eb4245cbd6d8f8a85b33139b21e7c6a06efad31bce36c3573a0e6a,"canonical hex polygon INTERSECT canonical OSM land component, unioned inside the hex (overlap-safe)",v1_sha1_hexid_pipe_subjectid
lfr_75f9c62b2dd0a6,h6000_q-000788_r+001351,hsub_ireland_main_island,OCEAN,False,0.604256666,0.053891,0ce7340cc33807b8f81a05ae372736af9139fb407002cedde7929e622cc89b0c,"canonical hex polygon INTERSECT canonical OSM land component, unioned inside the hex (overlap-safe)",v1_sha1_hexid_pipe_subjectid
lfr_178909b08e679f,h6000_q-000855_r+001352,hsub_ireland_main_island,OCEAN,False,0.027521212,0.315956,0ce9f47947a32b723fe267972f667c3afeda339f3e6c5cc7add3b9f7eaaf5192,"canonical hex polygon INTERSECT canonical OSM land component, unioned inside the hex (overlap-safe)",v1_sha1_hexid_pipe_subjectid
lfr_3b94a5019baff8,h6000_q-000854_r+001352,hsub_ireland_main_island,OCEAN,False,1.579454472,0.141627,51d9151c3d00804ef384c3ec2bf9037e04de1cf14fff2689dc84ef319726d039,"canonical hex polygon INTERSECT canonical OSM land component, unioned inside the hex (overlap-safe)",v1_sha1_hexid_pipe_subjectid
lfr_2e29b181259b7d,h6000_q-000853_r+001352,hsub_ireland_main_island,OCEAN,False,4.286298686,0.384076,87e2cbb946ee132c6d61223c2bc5f1dc780de555f9f87f1cd0202a5a457ee4f6,"canonical hex polygon INTERSECT canonical OSM land component, unioned inside the hex (overlap-safe)",v1_sha1_hexid_pipe_subjectid
lfr_a97ac155f165ca,h6000_q-000851_r+001352,hsub_ireland_main_island,OCEAN,False,3.307425771,0.295729,37f78d6ac4a61c5834fd31ff4b8ad4abf027cc51211441b1f0fc77c4217852a9,"canonical hex polygon INTERSECT canonical OSM land component, unioned inside the hex (overlap-safe)",v1_sha1_hexid_pipe_subjectid
lfr_17a9fc5d9d63b8,h6000_q-000850_r+001352,hsub_ireland_main_island,OCEAN,False,1.849926037,0.165338,a2a024da5ec71601b5c525bac442a08a3531dc2a87cc83ff290065a112508c8e,"canonical hex polygon INTERSECT canonical OSM land component, unioned inside the hex (overlap-safe)",v1_sha1_hexid_pipe_subjectid
lfr_60f78f2f042cb7,h6000_q-000849_r+001352,hsub_ireland_main_island,OCEAN,False,1.000268956,0.089817,5e9168b01d3810dcf526ef6f3b3f36d1942c96deaddf85b75ac17348a71288ee,"canonical hex polygon INTERSECT canonical OSM land component, unioned inside the hex (overlap-safe)",v1_sha1_hexid_pipe_subjectid
lfr_1a0fa6917217b9,h6000_q-000848_r+001352,hsub_ireland_main_island,OCEAN,False,0.166620993,0.014896,fe905e20f208ef2776818a8b0877d94bfa88fac2d37c12e2c9c1c28f3e1c0a05,"canonical hex polygon INTERSECT canonical OSM land component, unioned inside the hex (overlap-safe)",v1_sha1_hexid_pipe_subjectid
lfr_6334debd32eba2,h6000_q-000847_r+001352,hsub_ireland_main_island,OCEAN,False,0.024190814,0.002163,a0317e8033cf89b324c563ac37533a2b932fb7462cfc1dc587b4449d81867f43,"canonical hex polygon INTERSECT canonical OSM land component, unioned inside the hex (overlap-safe)",v1_sha1_hexid_pipe_subjectid
lfr_c89e9cc995a068,h6000_q-000846_r+001352,hsub_ireland_main_island,OCEAN,False,0.00084717,7.6e-05,cc09379fae7f5e44d967749e29050ce4ccfa3e04b1c57586079f0996d60eff6c,"canonical hex polygon INTERSECT canonical OSM land component, unioned inside the hex (overlap-safe)",v1_sha1_hexid_pipe_subjectid
lfr_bbf40ac3c90282,h6000_q-000843_r+001352,hsub_ireland_main_island,OCEAN,False,2.381414782,0.332698,cf907c207e786530cbb95c8106b0934c3eb1666d9310e644de7beef18338b00c,"canonical hex polygon INTERSECT canonical OSM land component, unioned inside the hex (overlap-safe)",v1_sha1_hexid_pipe_subjectid
lfr_48f14100edab2a,h6000_q-000789_r+001352,hsub_ireland_main_island,OCEAN,False,1.597736615,0.142721,6111808402d2becb79ebd7945d5ce2e151d440f1bde21f4ee09d09db9b157850,"canonical hex polygon INTERSECT canonical OSM land component, unioned inside the hex (overlap-safe)",v1_sha1_hexid_pipe_subjectid
lfr_c902a248b14daf,h6000_q-000845_r+001353,hsub_ireland_main_island,OCEAN,False,4.284991725,0.383431,c5961eb2e4832769b49806e452bbabbf3696a3de41493c5cbfb0225bf1224f7b,"canonical hex polygon INTERSECT canonical OSM land component, unioned inside the hex (overlap-safe)",v1_sha1_hexid_pipe_subjectid
lfr_12a7d5d07e08b1,h6000_q-000844_r+001353,hsub_ireland_main_island,OCEAN,False,0.844037914,0.078187,0fc3f0b1a2b07949476b70d65d1f6ed769fe3dddf3f43146c1a585f83554099e,"canonical hex polygon INTERSECT canonical OSM land component, unioned inside the hex (overlap-safe)",v1_sha1_hexid_pipe_subjectid
lfr_b6351c7fda4f2e,h6000_q-000843_r+001353,hsub_ireland_main_island,OCEAN,False,4.693164732,0.421159,57fb23c1541cb88ccd7cd73bc4ce10fbae4fd8e58c906353bd706c875e8c9241,"canonical hex polygon INTERSECT canonical OSM land component, unioned inside the hex (overlap-safe)",v1_sha1_hexid_pipe_subjectid
lfr_3f3467fae162bf,h6000_q-000858_r+001354,hsub_ireland_main_island,OCEAN,False,0.13910033,0.06198,85fa3966cbabc4728cb8e84607315a701bd8e226f81efac94b3777b5e7905b98,"canonical hex polygon INTERSECT canonical OSM land component, unioned inside the hex (overlap-safe)",v1_sha1_hexid_pipe_subjectid
lfr_26ad2f70e4c71d,h6000_q-000790_r+001354,hsub_ireland_main_island,OCEAN,False,2.397527268,0.223978,549bf9b48f57b2c8a7b0fe694b16cf9aa6ef60f894bc609b07a010af21156047,"canonical hex polygon INTERSECT canonical OSM land component, unioned inside the hex (overlap-safe)",v1_sha1_hexid_pipe_subjectid
lfr_c56ba3b9a7f95e,h6000_q-000861_r+001355,hsub_ireland_main_island,OCEAN,False,3.042068457,0.357914,9c6b2fab03ce44549a5c43801053686414f2a0f1d96c434aa95553c4c1be0266,"canonical hex polygon INTERSECT canonical OSM land component, unioned inside the hex (overlap-safe)",v1_sha1_hexid_pipe_subjectid
lfr_0d695f13d7e5c7,h6000_q-000860_r+001355,hsub_ireland_main_island,OCEAN,False,3.270169021,0.487671,22db915cbaf93b25a0c13bd111504e51458b91c27e61b3801f13210d3743d84c,"canonical hex polygon INTERSECT canonical OSM land component, unioned inside the hex (overlap-safe)",v1_sha1_hexid_pipe_subjectid
lfr_7f73c2d3577b20,h6000_q-000858_r+001355,hsub_ireland_main_island,OCEAN,False,3.35028727,0.327088,d5b4e193ae30a16b01aa7276fe1a38009006f1299dbd4bfd3cc9f324485ea3fa,"canonical hex polygon INTERSECT canonical OSM land component, unioned inside the hex (overlap-safe)",v1_sha1_hexid_pipe_subjectid
lfr_5086c69a6df268,h6000_q-000792_r+001355,hsub_ireland_main_island,OCEAN,False,2.096820662,0.18797,0d722fbfe6362d9418be7af86f255aae3d2d421690c9c2436108ba6f5aa7abe0,"canonical hex polygon INTERSECT canonical OSM land component, unioned inside the hex (overlap-safe)",v1_sha1_hexid_pipe_subjectid
lfr_332e5ec4e60bf0,h6000_q-000791_r+001355,hsub_ireland_main_island,OCEAN,False,0.07484716,0.006709,8127551128cca77201b6e701f2300a232f9d937e0b3c74fdaf8da674337efa23,"canonical hex polygon INTERSECT canonical OSM land component, unioned inside the hex (overlap-safe)",v1_sha1_hexid_pipe_subjectid
lfr_f68631f670b04c,h6000_q-000862_r+001356,hsub_ireland_main_island,OCEAN,False,0.948067531,0.106762,93e7bc341ebec9fd03080d3695c4e417c01b1ac24fba573e1346da7d0461d657,"canonical hex polygon INTERSECT canonical OSM land component, unioned inside the hex (overlap-safe)",v1_sha1_hexid_pipe_subjectid
lfr_e8788fb38b3fb7,h6000_q-000858_r+001356,hsub_ireland_main_island,OCEAN,False,3.836199264,0.358965,555a94b739ea356e495147124172e83f0ed1c81e473658b9c1c7a4aa53a52ada,"canonical hex polygon INTERSECT canonical OSM land component, unioned inside the hex (overlap-safe)",v1_sha1_hexid_pipe_subjectid
lfr_7847cce84e9767,h6000_q-000857_r+001356,hsub_ireland_main_island,OCEAN,False,3.705845878,0.382387,6ace9a286a517d7cdef456367dfae9d27c9d42f66e52624c3c77879583a14291,"canonical hex polygon INTERSECT canonical OSM land component, unioned inside the hex (overlap-safe)",v1_sha1_hexid_pipe_subjectid
lfr_af47297f4c8320,h6000_q-000792_r+001356,hsub_ireland_main_island,OCEAN,False,0.014862409,0.001335,6c55c8803be73e5b1b72623dd2c09e9c4d9d5dc2a1c0a6fc554fa9d8e03bbec4,"canonical hex polygon INTERSECT canonical OSM land component, unioned inside the hex (overlap-safe)",v1_sha1_hexid_pipe_subjectid
lfr_ab47bbe4c78caa,h6000_q-000864_r+001357,hsub_ireland_main_island,OCEAN,False,0.680089708,0.0645,17a17445da7c4b4cd7f242d3e9f5e95e4923b837c615453cd3f5c5fbec2ef8a9,"canonical hex polygon INTERSECT canonical OSM land component, unioned inside the hex (overlap-safe)",v1_sha1_hexid_pipe_subjectid
lfr_1553990960bb48,h6000_q-000863_r+001357,hsub_ireland_main_island,OCEAN,False,1.589018311,0.201256,2876f4cd324e24a5248b8282909cff23ec3b7492b1c741bb8de3497f9edadc70,"canonical hex polygon INTERSECT canonical OSM land component, unioned inside the hex (overlap-safe)",v1_sha1_hexid_pipe_subjectid
lfr_344c2cec9e1ac5,h6000_q-000862_r+001357,hsub_ireland_main_island,OCEAN,False,3.040749043,0.357997,06404a2712c8c4b739e7a6a52290a39a0e045b568a169e036b9bb4d9bbbdcda6,"canonical hex polygon INTERSECT canonical OSM land component, unioned inside the hex (overlap-safe)",v1_sha1_hexid_pipe_subjectid
lfr_404a311b535501,h6000_q-000792_r+001357,hsub_ireland_main_island,OCEAN,False,1.7688311,0.159109,332b5bcb8b8fd0da93cbedd7165d9291265d7c82bd8de0f47b8b3501fae635a2,"canonical hex polygon INTERSECT canonical OSM land component, unioned inside the hex (overlap-safe)",v1_sha1_hexid_pipe_subjectid
lfr_96cb0cd8d96204,h6000_q-000868_r+001358,hsub_ireland_main_island,OCEAN,False,0.144756103,0.047786,4a43066a0c4d9dfb796422fc8e78fea90141891225c2b9f54ec814346c3e8d6e,"canonical hex polygon INTERSECT canonical OSM land component, unioned inside the hex (overlap-safe)",v1_sha1_hexid_pipe_subjectid
lfr_e77d105f7b98bf,h6000_q-000867_r+001358,hsub_ireland_main_island,OCEAN,False,0.899635359,0.132816,fbf1be610ddcc9cb40e80526a3b5b5ab2caf7bd683a3caa9f675dc85dd8bbecf,"canonical hex polygon INTERSECT canonical OSM land component, unioned inside the hex (overlap-safe)",v1_sha1_hexid_pipe_subjectid
lfr_42c9f16e44f8e9,h6000_q-000866_r+001358,hsub_ireland_main_island,OCEAN,False,0.140595045,0.026851,b10ac187a74c8a24f1517bf2efa1e1ea41b73363365705364384a5e6a993591f,"canonical hex polygon INTERSECT canonical OSM land component, unioned inside the hex (overlap-safe)",v1_sha1_hexid_pipe_subjectid
lfr_710fa71b98c781,h6000_q-000862_r+001358,hsub_ireland_main_island,OCEAN,False,4.328832407,0.407368,2f994d6622821b0f33c7f49fdc49418a32fb6b6284731aa484b5bab425cf3dfa,"canonical hex polygon INTERSECT canonical OSM land component, unioned inside the hex (overlap-safe)",v1_sha1_hexid_pipe_subjectid
lfr_3e0bf8ed3fe8f2,h6000_q-000861_r+001358,hsub_ireland_main_island,OCEAN,False,4.664577528,0.478125,ffac85f5e5490f20f24f7996582f7031938cef057b623b8ed4a748a0b652d24d,"canonical hex polygon INTERSECT canonical OSM land component, unioned inside the hex (overlap-safe)",v1_sha1_hexid_pipe_subjectid
lfr_88c5e9b3aa02a0,h6000_q-000792_r+001358,hsub_ireland_main_island,OCEAN,False,4.137788494,0.373604,09647cde890bf2c344184c1d313059f4bce17d755888ee67a45d7b4e3c7be35a,"canonical hex polygon INTERSECT canonical OSM land component, unioned inside the hex (overlap-safe)",v1_sha1_hexid_pipe_subjectid
lfr_2ef17be5c60aec,h6000_q-000791_r+001358,hsub_ireland_main_island,OCEAN,False,0.550876311,0.053145,afd293777b7f58a1525202feca714f278bcf0ab421ab7e63b784a4e903c20518,"canonical hex polygon INTERSECT canonical OSM land component, unioned inside the hex (overlap-safe)",v1_sha1_hexid_pipe_subjectid
lfr_2b98b0960712dc,h6000_q-000793_r+001359,hsub_ireland_main_island,OCEAN,False,4.459946193,0.402049,b0d4a28955cf65e3bcd482b913c67226de90fcf0c53081ec75634e741423c9e2,"canonical hex polygon INTERSECT canonical OSM land component, unioned inside the hex (overlap-safe)",v1_sha1_hexid_pipe_subjectid
lfr_f674c41078454e,h6000_q-000868_r+001360,hsub_ireland_main_island,OCEAN,False,4.81806259,0.449511,0d0e023d6d2469b42017b634fe84320ea399aa9404acd84d8e8602d6ffbbd668,"canonical hex polygon INTERSECT canonical OSM land component, unioned inside the hex (overlap-safe)",v1_sha1_hexid_pipe_subjectid
lfr_a47801d9d6c7e7,h6000_q-000867_r+001360,hsub_ireland_main_island,OCEAN,False,4.091930608,0.373047,7b1577777afac4b67314be7668ba1d92a62afdedbeeb9a98d4a1c337b22efb3b,"canonical hex polygon INTERSECT canonical OSM land component, unioned inside the hex (overlap-safe)",v1_sha1_hexid_pipe_subjectid
lfr_b136b7a6533a2d,h6000_q-000868_r+001361,hsub_ireland_main_island,OCEAN,False,1.640451606,0.150535,c39326429df37ff55ec0cbd11608c9f67cb1e59906b72cbf77643de8a53a2784,"canonical hex polygon INTERSECT canonical OSM land component, unioned inside the hex (overlap-safe)",v1_sha1_hexid_pipe_subjectid
lfr_7ffa6ac8ec15c6,h6000_q-000869_r+001362,hsub_ireland_main_island,OCEAN,False,2.777029739,0.385699,58c1f2fe3ac17a089331ae70f00800829d65343878944560f05b97f586bdeefe,"canonical hex polygon INTERSECT canonical OSM land component, unioned inside the hex (overlap-safe)",v1_sha1_hexid_pipe_subjectid
lfr_f5668940226579,h6000_q-000794_r+001362,hsub_ireland_main_island,OCEAN,False,2.410961194,0.218256,cfb8a6faeb6568bbe6e919be34b38f080018ef157e59cc10049b0cd92343b8df,"canonical hex polygon INTERSECT canonical OSM land component, unioned inside the hex (overlap-safe)",v1_sha1_hexid_pipe_subjectid
lfr_decd2c6f74dcb2,h6000_q-000871_r+001363,hsub_ireland_main_island,OCEAN,False,0.208664773,0.064399,121872cb985cfd2ec730a543d270fe85a6bb1582883007db7b12c807dd260ea7,"canonical hex polygon INTERSECT canonical OSM land component, unioned inside the hex (overlap-safe)",v1_sha1_hexid_pipe_subjectid
lfr_4cbfd6a6fc5265,h6000_q-000794_r+001363,hsub_ireland_main_island,OCEAN,False,1.104065961,0.100055,0a98ae54abf361885686760fea22cd3e4ddd266936f391626d10e4617106d44e,"canonical hex polygon INTERSECT canonical OSM land component, unioned inside the hex (overlap-safe)",v1_sha1_hexid_pipe_subjectid
lfr_8f03b49c60c7d4,h6000_q-000871_r+001364,hsub_ireland_main_island,OCEAN,False,2.861175719,0.279146,828aa20009b90408a71e7b26aae61078c62981488006797ae51a4d086285f527,"canonical hex polygon INTERSECT canonical OSM land component, unioned inside the hex (overlap-safe)",v1_sha1_hexid_pipe_subjectid
lfr_559b15b244c13f,h6000_q-000870_r+001365,hsub_ireland_main_island,OCEAN,False,0.684483295,0.06218,1d50ed5e1b9fd305f1cb9dd9008c9c6388acf94ef6e5d5ac100b05bf1b2d62ef,"canonical hex polygon INTERSECT canonical OSM land component, unioned inside the hex (overlap-safe)",v1_sha1_hexid_pipe_subjectid
lfr_64b42648ff0359,h6000_q-000869_r+001365,hsub_ireland_main_island,OCEAN,False,2.103980951,0.225035,13159bdc18b7d2b900c9eef79442f4e3de7f8895fbc3911bc2b0eacc1c7fed49,"canonical hex polygon INTERSECT canonical OSM land component, unioned inside the hex (overlap-safe)",v1_sha1_hexid_pipe_subjectid
lfr_197a4bd69d45a1,h6000_q-000796_r+001365,hsub_ireland_main_island,OCEAN,False,2.914888321,0.264734,286f94d0891c30e22f577a1a9146d2ff90ddd7854de2f0d94fe31ee0c6ee293d,"canonical hex polygon INTERSECT canonical OSM land component, unioned inside the hex (overlap-safe)",v1_sha1_hexid_pipe_subjectid
lfr_e096cc9d61cb39,h6000_q-000869_r+001366,hsub_ireland_main_island,OCEAN,False,2.188091704,0.236177,c758be1f8eed0a3c137856518ed3c10be71fd6020c89454d84f0f239dbaa0a47,"canonical hex polygon INTERSECT canonical OSM land component, unioned inside the hex (overlap-safe)",v1_sha1_hexid_pipe_subjectid
lfr_d0497cd4e504f4,h6000_q-000868_r+001366,hsub_ireland_main_island,OCEAN,False,0.858632361,0.090351,9d3ba37922a9dded57346af8d4e8b2e4b6a3a288d17d69b0c9bfdba6031f782d,"canonical hex polygon INTERSECT canonical OSM land component, unioned inside the hex (overlap-safe)",v1_sha1_hexid_pipe_subjectid
lfr_4288d86d1c3818,h6000_q-000867_r+001366,hsub_ireland_main_island,OCEAN,False,0.818648978,0.079774,b96a8be186d00f7b698133f967d402958b60ff10547673718e116e01624007c3,"canonical hex polygon INTERSECT canonical OSM land component, unioned inside the hex (overlap-safe)",v1_sha1_hexid_pipe_subjectid
lfr_69e1d94b05e520,h6000_q-000797_r+001366,hsub_ireland_main_island,OCEAN,False,0.100576392,0.009146,6d48a17fb1bf26b2561155198a6615e23a0d99f3767610655e151262557987dd,"canonical hex polygon INTERSECT canonical OSM land component, unioned inside the hex (overlap-safe)",v1_sha1_hexid_pipe_subjectid
lfr_b7f8d43d3d368d,h6000_q-000867_r+001367,hsub_ireland_main_island,OCEAN,False,5.259249493,0.49912,19b0b475b9931dc72f0df186cb097caf78051b5b0f498dd8857735a2ab66089e,"canonical hex polygon INTERSECT canonical OSM land component, unioned inside the hex (overlap-safe)",v1_sha1_hexid_pipe_subjectid
lfr_393c3e638b2aa7,h6000_q-000868_r+001368,hsub_ireland_main_island,OCEAN,False,4.076717471,0.371853,852cad91ff1fee3e8175c7e086e15156c3aec41ccbb93d46364f8c27936a8c8b,"canonical hex polygon INTERSECT canonical OSM land component, unioned inside the hex (overlap-safe)",v1_sha1_hexid_pipe_subjectid
lfr_09a609e26aed46,h6000_q-000869_r+001369,hsub_ireland_main_island,OCEAN,False,0.053680276,0.004902,80369ab8fbf1ea4271f5c796e85e4507438b49e1614e23bab0d821286c2d1ce0,"canonical hex polygon INTERSECT canonical OSM land component, unioned inside the hex (overlap-safe)",v1_sha1_hexid_pipe_subjectid
lfr_e9b6c448102156,h6000_q-000800_r+001369,hsub_ireland_main_island,OCEAN,False,1.502375082,0.137212,57d755583580afe0c6dc9a7b11a97d922f8f40c74715442ae3243c9ecc9ffca9,"canonical hex polygon INTERSECT canonical OSM land component, unioned inside the hex (overlap-safe)",v1_sha1_hexid_pipe_subjectid
lfr_ca27933c250c31,h6000_q-000869_r+001370,hsub_ireland_main_island,OCEAN,False,1.845736984,0.168773,c8eeaaa029f934719c597496c0ce9ade36e658d3c47e5b04fc7d6be00a0dcc13,"canonical hex polygon INTERSECT canonical OSM land component, unioned inside the hex (overlap-safe)",v1_sha1_hexid_pipe_subjectid
lfr_e8c23d68fba4d2,h6000_q-000801_r+001371,hsub_ireland_main_island,OCEAN,False,0.609865168,0.055855,dd2ba024758ba33efed9b2d26eb6cca8d555e386433dcb26a5a546e6958143c9,"canonical hex polygon INTERSECT canonical OSM land component, unioned inside the hex (overlap-safe)",v1_sha1_hexid_pipe_subjectid
lfr_3404e6e0e9302f,h6000_q-000869_r+001372,hsub_ireland_main_island,OCEAN,False,0.305150139,0.027961,bfcfc9878bd77e6e39d20150206ae0506177ee4a14fa88851c7d24e5c092b471,"canonical hex polygon INTERSECT canonical OSM land component, unioned inside the hex (overlap-safe)",v1_sha1_hexid_pipe_subjectid
lfr_d6d33280c50fce,h6000_q-000868_r+001372,hsub_ireland_main_island,OCEAN,False,2.689757071,0.246535,992e9532cf29b7e07c258b05d3b6f0be66bc9de5f863b73c2856e53d3ae262d7,"canonical hex polygon INTERSECT canonical OSM land component, unioned inside the hex (overlap-safe)",v1_sha1_hexid_pipe_subjectid
lfr_7df505efe33bdd,h6000_q-000867_r+001372,hsub_ireland_main_island,OCEAN,False,2.965869911,0.271849,3005680f366e6954db71d3545d700d9d1bde1a83fd52a877d8291c13c6140edf,"canonical hex polygon INTERSECT canonical OSM land component, unioned inside the hex (overlap-safe)",v1_sha1_hexid_pipe_subjectid
lfr_d460def20f1d58,h6000_q-000866_r+001372,hsub_ireland_main_island,OCEAN,False,4.375100322,0.401039,6250090f6c8f3588eaa38b2854450e7f1534306999998e77a38436c0ad7f6363,"canonical hex polygon INTERSECT canonical OSM land component, unioned inside the hex (overlap-safe)",v1_sha1_hexid_pipe_subjectid
lfr_713836367cd8f3,h6000_q-000801_r+001372,hsub_ireland_main_island,OCEAN,False,0.097216209,0.008918,0603928c2242cfaa407fdc15ade513e514419556c8aad676de547d8b2f47a1b6,"canonical hex polygon INTERSECT canonical OSM land component, unioned inside the hex (overlap-safe)",v1_sha1_hexid_pipe_subjectid
lfr_13cafc329a119e,h6000_q-000865_r+001373,hsub_ireland_main_island,OCEAN,False,2.071341376,0.248042,6d2597430dabc30f0491d16cc98b2a6f09620f7ccb0d46416596426f674ed1b5,"canonical hex polygon INTERSECT canonical OSM land component, unioned inside the hex (overlap-safe)",v1_sha1_hexid_pipe_subjectid
lfr_d87eb98407b0e6,h6000_q-000802_r+001373,hsub_ireland_main_island,OCEAN,False,0.957358751,0.087856,b2d5838edf052816e6ed0e6a43cad8b1f203b0392502629c72bd4bc512ab1ab2,"canonical hex polygon INTERSECT canonical OSM land component, unioned inside the hex (overlap-safe)",v1_sha1_hexid_pipe_subjectid
lfr_f8398b4498bc49,h6000_q-000803_r+001374,hsub_ireland_main_island,OCEAN,False,4.722931742,0.434235,a0baadca8393b981af1254ce165ec21922223c3df9f0d0da6f6935f3efcb0432,"canonical hex polygon INTERSECT canonical OSM land component, unioned inside the hex (overlap-safe)",v1_sha1_hexid_pipe_subjectid
lfr_c4b4db7a60f4de,h6000_q-000872_r+001375,hsub_ireland_main_island,OCEAN,False,1.165607507,0.315474,e169809b026a6e45e57e633958abb81b72055eb9947f19855fb6d8990901c07e,"canonical hex polygon INTERSECT canonical OSM land component, unioned inside the hex (overlap-safe)",v1_sha1_hexid_pipe_subjectid
lfr_e3ecd33e424b04,h6000_q-000870_r+001375,hsub_ireland_main_island,OCEAN,False,2.620924743,0.241368,7a67d42e96c40bb78f63203df7e6a8e11e6ea87dbdc1102ca036a5880294e549,"canonical hex polygon INTERSECT canonical OSM land component, unioned inside the hex (overlap-safe)",v1_sha1_hexid_pipe_subjectid
lfr_8ee56effbee274,h6000_q-000866_r+001375,hsub_ireland_main_island,OCEAN,False,0.088968459,0.12872,51ab4cddeb2ce54cbaa711ec41bfe31e2bbbc97136c470d8665c99ffab1082fe,"canonical hex polygon INTERSECT canonical OSM land component, unioned inside the hex (overlap-safe)",v1_sha1_hexid_pipe_subjectid
lfr_f7f0e4ead27851,h6000_q-000803_r+001375,hsub_ireland_main_island,OCEAN,False,0.682149435,0.062778,63ff19ce6cecc8e7d996a0fc14c2b1a04bbf85afc4d3fb14e2838c72157c967b,"canonical hex polygon INTERSECT canonical OSM land component, unioned inside the hex (overlap-safe)",v1_sha1_hexid_pipe_subjectid
lfr_50a9bf70cf5bd9,h6000_q-000869_r+001376,hsub_ireland_main_island,OCEAN,False,3.040748007,0.285473,d00d47ae4a1be00981ee823b1ead9c36897c03bcbb7ecfba77c36dbe851d8408,"canonical hex polygon INTERSECT canonical OSM land component, unioned inside the hex (overlap-safe)",v1_sha1_hexid_pipe_subjectid
lfr_b82bb6064e6a0c,h6000_q-000868_r+001376,hsub_ireland_main_island,OCEAN,False,3.178541431,0.398641,1b26d817fc4e16047041f1b3a4212aa0d84f4afd4a1d6b3c41730f99663240e8,"canonical hex polygon INTERSECT canonical OSM land component, unioned inside the hex (overlap-safe)",v1_sha1_hexid_pipe_subjectid
lfr_7aef1dfe8db627,h6000_q-000805_r+001376,hsub_ireland_main_island,OCEAN,False,0.251258981,0.023143,a30b281c2bc65cbd3b204bf539876491f4e048e3b8c9d9ef3b00445024ea9def,"canonical hex polygon INTERSECT canonical OSM land component, unioned inside the hex (overlap-safe)",v1_sha1_hexid_pipe_subjectid
lfr_e24a01f9f39458,h6000_q-000807_r+001378,hsub_ireland_main_island,OCEAN,False,1.973401804,0.182386,2e7d16ac736131ed25bb8a42397e28c3cbf47c680f68c613553445bc139f999f,"canonical hex polygon INTERSECT canonical OSM land component, unioned inside the hex (overlap-safe)",v1_sha1_hexid_pipe_subjectid
lfr_19af68d2f639fc,h6000_q-000807_r+001379,hsub_ireland_main_island,OCEAN,False,0.030068501,0.002784,2ac780946106226926ec486875222b20b5eddf751bc97659469329bbaf3bf9c8,"canonical hex polygon INTERSECT canonical OSM land component, unioned inside the hex (overlap-safe)",v1_sha1_hexid_pipe_subjectid
lfr_0a9f82fb6ea7fb,h6000_q-000805_r+001379,hsub_ireland_main_island,OCEAN,False,1.729164626,0.160088,d49ce2c47f87a5fd75cf7c47d176cf9604a9329371e6252b3a94006424011505,"canonical hex polygon INTERSECT canonical OSM land component, unioned inside the hex (overlap-safe)",v1_sha1_hexid_pipe_subjectid
lfr_10e4fc91a0cb11,h6000_q-000804_r+001379,hsub_ireland_main_island,OCEAN,False,3.792284299,0.351061,7bfd77445c94bc213439ddc98254687f88206db7704c0ef46e749430a81c4170,"canonical hex polygon INTERSECT canonical OSM land component, unioned inside the hex (overlap-safe)",v1_sha1_hexid_pipe_subjectid
lfr_008f7c611354e4,h6000_q-000803_r+001379,hsub_ireland_main_island,OCEAN,False,0.349325955,0.03233,a0a5ad66610b187e87e543933f47766c4ce33f82d0747f47439354837ed4111f,"canonical hex polygon INTERSECT canonical OSM land component, unioned inside the hex (overlap-safe)",v1_sha1_hexid_pipe_subjectid
lfr_69cddbf48e8f92,h6000_q-000874_r+001380,hsub_ireland_main_island,OCEAN,False,0.007135248,0.30916,1ef26dc28d3a1eb013d914f8f1254c860148b5a28f2e25a13e01ab6b54fb446e,"canonical hex polygon INTERSECT canonical OSM land component, unioned inside the hex (overlap-safe)",v1_sha1_hexid_pipe_subjectid
lfr_0e5af3cce3caa4,h6000_q-000873_r+001380,hsub_ireland_main_island,OCEAN,False,4.278747792,0.49656,6690eaf9628e0b59b6ee83da4b0796f3d7d72acb8c0394ff3bb282e32f6613d5,"canonical hex polygon INTERSECT canonical OSM land component, unioned inside the hex (overlap-safe)",v1_sha1_hexid_pipe_subjectid
lfr_89424557ce3cf4,h6000_q-000807_r+001380,hsub_ireland_main_island,OCEAN,False,2.836998484,0.262972,f4853b995a0a3388803db106d48c57d1404ba7dba00ff6dac5a932032c22785d,"canonical hex polygon INTERSECT canonical OSM land component, unioned inside the hex (overlap-safe)",v1_sha1_hexid_pipe_subjectid
lfr_4202d87186077f,h6000_q-000803_r+001380,hsub_ireland_main_island,OCEAN,False,1.038192992,0.096195,999e1920daa5cae3758bb27d16545f9d6d7bf697e5a9e96da682bcf7c2ff7baa,"canonical hex polygon INTERSECT canonical OSM land component, unioned inside the hex (overlap-safe)",v1_sha1_hexid_pipe_subjectid
lfr_e790b6ed33136c,h6000_q-000804_r+001381,hsub_ireland_main_island,OCEAN,False,1.831263583,0.170753,2a78e21bd4dea205f7c796f20da8706123dd7180544f478d71c7024beed9eca8,"canonical hex polygon INTERSECT canonical OSM land component, unioned inside the hex (overlap-safe)",v1_sha1_hexid_pipe_subjectid
lfr_f341d1c6b9b8f5,h6000_q-000802_r+001381,hsub_ireland_main_island,OCEAN,False,0.987027856,0.091612,41095691c0c3c77928c66f4981e210e03f2fddcedda1f753121a374db3161433,"canonical hex polygon INTERSECT canonical OSM land component, unioned inside the hex (overlap-safe)",v1_sha1_hexid_pipe_subjectid
lfr_a9c9da309833e2,h6000_q-000876_r+001382,hsub_ireland_main_island,OCEAN,False,1.034958113,0.096188,a406e8c27cae5af805b3da7b075d5500ed63ba8ee3c895db1f8794f21bad6e03,"canonical hex polygon INTERSECT canonical OSM land component, unioned inside the hex (overlap-safe)",v1_sha1_hexid_pipe_subjectid
lfr_82bf3e6bb833bb,h6000_q-000875_r+001382,hsub_ireland_main_island,OCEAN,False,2.166406485,0.201333,dd468559ae651cd583f94740218e24cb2575a8483fffc071353a261320af18bf,"canonical hex polygon INTERSECT canonical OSM land component, unioned inside the hex (overlap-safe)",v1_sha1_hexid_pipe_subjectid
lfr_0f59b7f178501b,h6000_q-000806_r+001382,hsub_ireland_main_island,OCEAN,False,4.912508438,0.456301,ef3c51ab0d30c7a2dc13de6d5bc7e4faa281371a220ab4dea8b93756513b8b0a,"canonical hex polygon INTERSECT canonical OSM land component, unioned inside the hex (overlap-safe)",v1_sha1_hexid_pipe_subjectid
lfr_34af72ba09c4f6,h6000_q-000805_r+001382,hsub_ireland_main_island,OCEAN,False,2.446102425,0.227351,fbd7b54d9b38b2d70c8ca95d3a6582b1d9ef0dc6f718b70ece7a533ce872ac53,"canonical hex polygon INTERSECT canonical OSM land component, unioned inside the hex (overlap-safe)",v1_sha1_hexid_pipe_subjectid
lfr_674b108ff917db,h6000_q-000802_r+001382,hsub_ireland_main_island,OCEAN,False,4.762929265,0.442621,814a3fe2af9937f84356e013244dcc5395033e5d8bcaf04da59bfcbdb08bec92,"canonical hex polygon INTERSECT canonical OSM land component, unioned inside the hex (overlap-safe)",v1_sha1_hexid_pipe_subjectid
lfr_65182f0bacf73e,h6000_q-000879_r+001383,hsub_ireland_main_island,OCEAN,False,2.552789544,0.245881,0725bc03f8b8af42078c124dcf08bf322c2a96c9acc0999759730214f75eeec6,"canonical hex polygon INTERSECT canonical OSM land component, unioned inside the hex (overlap-safe)",v1_sha1_hexid_pipe_subjectid
lfr_89cb79632d80d8,h6000_q-000878_r+001383,hsub_ireland_main_island,OCEAN,False,0.706788429,0.065774,9c696e12cdab77710fa9464e1a96278a314341de6815f2e2501ad631b1fc64f0,"canonical hex polygon INTERSECT canonical OSM land component, unioned inside the hex (overlap-safe)",v1_sha1_hexid_pipe_subjectid
lfr_2ce87db703a8e3,h6000_q-000877_r+001383,hsub_ireland_main_island,OCEAN,False,0.119494661,0.01112,06c3c8ba065f1851c4a649f41f27aa393dfce869079e0d652f11ce0a75152d97,"canonical hex polygon INTERSECT canonical OSM land component, unioned inside the hex (overlap-safe)",v1_sha1_hexid_pipe_subjectid
lfr_5e2b1bc1f6666b,h6000_q-000875_r+001383,hsub_ireland_main_island,OCEAN,False,5.29048304,0.492207,54231d48895f91e8c4886ddbc7b3aeafe5466cbeff2f0d814739e8144e3f2e95,"canonical hex polygon INTERSECT canonical OSM land component, unioned inside the hex (overlap-safe)",v1_sha1_hexid_pipe_subjectid
lfr_53793e9fbedd9b,h6000_q-000807_r+001383,hsub_ireland_main_island,OCEAN,False,0.893654328,0.083123,c4337b5b40b939bbb7cbaec7ce2d3f5618fc3eb3ab44244e9be92603e09ecb4c,"canonical hex polygon INTERSECT canonical OSM land component, unioned inside the hex (overlap-safe)",v1_sha1_hexid_pipe_subjectid
lfr_38eddb083f1a59,h6000_q-000801_r+001383,hsub_ireland_main_island,OCEAN,False,0.878492521,0.081752,c512b295ed9d2765a289e45daf200c327681499afd9105044f8613aa3b76a3c8,"canonical hex polygon INTERSECT canonical OSM land component, unioned inside the hex (overlap-safe)",v1_sha1_hexid_pipe_subjectid
lfr_e0d3787ee7bfca,h6000_q-000880_r+001384,hsub_ireland_main_island,OCEAN,False,3.745917285,0.348911,bd50b0fef59ef3fbe71019b061c5bab3f5928b7bd18e331eadc429acf8167a5b,"canonical hex polygon INTERSECT canonical OSM land component, unioned inside the hex (overlap-safe)",v1_sha1_hexid_pipe_subjectid
lfr_f69f37e4df9954,h6000_q-000877_r+001384,hsub_ireland_main_island,OCEAN,False,2.887019028,0.268805,70f98b287ba33fe04ee3d9ad9a68225c0a2b01cd3a47c7096fe598f5816d717e,"canonical hex polygon INTERSECT canonical OSM land component, unioned inside the hex (overlap-safe)",v1_sha1_hexid_pipe_subjectid
lfr_75ba9faa6fb082,h6000_q-000801_r+001384,hsub_ireland_main_island,OCEAN,False,1.471120154,0.137052,5032905ca2902b599f0fe61999699583d630876de681b3be92a6a799be1a9252,"canonical hex polygon INTERSECT canonical OSM land component, unioned inside the hex (overlap-safe)",v1_sha1_hexid_pipe_subjectid
lfr_48a16eb5f9f5b0,h6000_q-000879_r+001385,hsub_ireland_main_island,OCEAN,False,1.810968435,0.168929,89162c4e4ea7ac1a5ccee54964dfdca53b177659db0c9b5362a2bbf60c341556,"canonical hex polygon INTERSECT canonical OSM land component, unioned inside the hex (overlap-safe)",v1_sha1_hexid_pipe_subjectid
lfr_bfeaabe0cd9c52,h6000_q-000877_r+001385,hsub_ireland_main_island,OCEAN,False,4.690682261,0.437538,61037c11731b068f2319eea7b05f6eb1c112ca62bf25e23fc2fa4caf4ae415dc,"canonical hex polygon INTERSECT canonical OSM land component, unioned inside the hex (overlap-safe)",v1_sha1_hexid_pipe_subjectid
lfr_daeb33125c2876,h6000_q-000880_r+001386,hsub_ireland_main_island,OCEAN,False,5.026380866,0.475206,f94e71feac62e336342cfdb558c94f120b728a087a3ef9bc1e92ea2ac4cd14d6,"canonical hex polygon INTERSECT canonical OSM land component, unioned inside the hex (overlap-safe)",v1_sha1_hexid_pipe_subjectid
lfr_787327248d159b,h6000_q-000879_r+001386,hsub_ireland_main_island,OCEAN,False,0.877597138,0.109492,f651783399547eed13a5e712f0cebe829e3ae36bb6a4b358d4102f443d5cd16f,"canonical hex polygon INTERSECT canonical OSM land component, unioned inside the hex (overlap-safe)",v1_sha1_hexid_pipe_subjectid
lfr_494804c7551436,h6000_q-000878_r+001386,hsub_ireland_main_island,OCEAN,False,1.043147778,0.097463,38c3f6c8753bbba49908bb6874f2b529b60863b826bd282abfe37a296f1f23a2,"canonical hex polygon INTERSECT canonical OSM land component, unioned inside the hex (overlap-safe)",v1_sha1_hexid_pipe_subjectid
lfr_87116d0085dddb,h6000_q-000881_r+001387,hsub_ireland_main_island,OCEAN,False,1.651448244,0.158862,07a1c12cdc1b35d5da76494af944ea680198876fec099ea7b7a4f8deac11e9a0,"canonical hex polygon INTERSECT canonical OSM land component, unioned inside the hex (overlap-safe)",v1_sha1_hexid_pipe_subjectid
lfr_5274066265faad,h6000_q-000879_r+001387,hsub_ireland_main_island,OCEAN,False,2.525439279,0.236183,dce6b8b107647554798fbb581caaa36390c3415a1b514be6b243f869fcbc5c97,"canonical hex polygon INTERSECT canonical OSM land component, unioned inside the hex (overlap-safe)",v1_sha1_hexid_pipe_subjectid
lfr_23acb393fabdb8,h6000_q-000863_r+001387,hsub_ireland_main_island,OCEAN,False,4.097190574,0.443556,910948a1d9cf5a95627e1dab19a6ff4af53f8128d4c4594797774f93c48a2cbc,"canonical hex polygon INTERSECT canonical OSM land component, unioned inside the hex (overlap-safe)",v1_sha1_hexid_pipe_subjectid
lfr_47f84653621ceb,h6000_q-000881_r+001388,hsub_ireland_main_island,OCEAN,False,2.504412068,0.235484,98b893904ffc8c6f59637ce4b3bb832910be45be26ec9fe1efbc3d805a1db9ff,"canonical hex polygon INTERSECT canonical OSM land component, unioned inside the hex (overlap-safe)",v1_sha1_hexid_pipe_subjectid
lfr_39a2a016cc911e,h6000_q-000878_r+001388,hsub_ireland_main_island,OCEAN,False,3.670833927,0.344858,f24523583e7c3888fceaa67f178f10ede48108df2f71ca60964de5a839397073,"canonical hex polygon INTERSECT canonical OSM land component, unioned inside the hex (overlap-safe)",v1_sha1_hexid_pipe_subjectid
lfr_f5c1d1fe24a73d,h6000_q-000863_r+001388,hsub_ireland_main_island,OCEAN,False,3.108505316,0.291016,1be00183a19f80e08bdbcb474564e2b9b90ce6f887113fdf19e981f0ae390c37,"canonical hex polygon INTERSECT canonical OSM land component, unioned inside the hex (overlap-safe)",v1_sha1_hexid_pipe_subjectid
lfr_cab6d52efe5c0d,h6000_q-000853_r+001388,hsub_ireland_main_island,OCEAN,False,4.093903469,0.383573,376a17d724932740acb7c5e6aee9cfaf375f1b6474fc0559cee83344188f05da,"canonical hex polygon INTERSECT canonical OSM land component, unioned inside the hex (overlap-safe)",v1_sha1_hexid_pipe_subjectid
lfr_b94aa6f5efd4f1,h6000_q-000799_r+001388,hsub_ireland_main_island,OCEAN,False,1.421404058,0.13317,b28f622404b8971092fb95e1c685d6db8442eecc1c14a6348f09c8f8f05a96a8,"canonical hex polygon INTERSECT canonical OSM land component, unioned inside the hex (overlap-safe)",v1_sha1_hexid_pipe_subjectid
lfr_5e13c9e9f1122d,h6000_q-000882_r+001389,hsub_ireland_main_island,OCEAN,False,1.54839422,0.149022,62a679e243c71b104a82b6a7eac6d53b77a686f0f1b28bfc00ddb546681e5bcc,"canonical hex polygon INTERSECT canonical OSM land component, unioned inside the hex (overlap-safe)",v1_sha1_hexid_pipe_subjectid
lfr_36863890146ed9,h6000_q-000865_r+001389,hsub_ireland_main_island,OCEAN,False,1.897754446,0.177885,dfe38da14491a526d1f0c3c36f560c42333c096f474655a7612e19d79fd8e635,"canonical hex polygon INTERSECT canonical OSM land component, unioned inside the hex (overlap-safe)",v1_sha1_hexid_pipe_subjectid
lfr_cf97e9d9fb926c,h6000_q-000863_r+001389,hsub_ireland_main_island,OCEAN,False,3.854386818,0.361341,2ea015128ce3b4362a6b8f3e81aee33893321b8da287abc1d921943d7038f6ff,"canonical hex polygon INTERSECT canonical OSM land component, unioned inside the hex (overlap-safe)",v1_sha1_hexid_pipe_subjectid
lfr_b43b0f36fe3a1c,h6000_q-000854_r+001389,hsub_ireland_main_island,OCEAN,False,3.773673117,0.353945,dc6149b314f2fa7bc585dbb64e084bc7d656f49724dbe26b941c1c969b6d012d,"canonical hex polygon INTERSECT canonical OSM land component, unioned inside the hex (overlap-safe)",v1_sha1_hexid_pipe_subjectid
lfr_56d3a82bcbce64,h6000_q-000801_r+001389,hsub_ireland_main_island,OCEAN,False,4.790382505,0.449297,10050325b6bfde5d4dfa399ea986d73fac45afcb784f4ef2dda8d78ed0bbac56,"canonical hex polygon INTERSECT canonical OSM land component, unioned inside the hex (overlap-safe)",v1_sha1_hexid_pipe_subjectid
lfr_b43b4796d8b750,h6000_q-000798_r+001389,hsub_ireland_main_island,OCEAN,False,0.102060524,0.009573,ec18effd3f9caaf9077912ec85d71c739c3f17869e77ac51ec2725a90436b7fe,"canonical hex polygon INTERSECT canonical OSM land component, unioned inside the hex (overlap-safe)",v1_sha1_hexid_pipe_subjectid
lfr_1a29ea82ebfff3,h6000_q-000882_r+001390,hsub_ireland_main_island,OCEAN,False,2.52371778,0.252141,a6fb0646e0564783ce0e52b3dca24c16d7c67a008b37a17b93624e1bbcbee36b,"canonical hex polygon INTERSECT canonical OSM land component, unioned inside the hex (overlap-safe)",v1_sha1_hexid_pipe_subjectid
lfr_0a73e8a187cae3,h6000_q-000879_r+001390,hsub_ireland_main_island,OCEAN,False,1.460450274,0.137046,93a0d2b8430915d5c8cf733d9d5afbee24a42d48484d4c4728f02bcdee1f9055,"canonical hex polygon INTERSECT canonical OSM land component, unioned inside the hex (overlap-safe)",v1_sha1_hexid_pipe_subjectid
lfr_267da3b242b99c,h6000_q-000878_r+001390,hsub_ireland_main_island,OCEAN,False,3.512073521,0.329628,05858530128a609805bcffe868297865a1e11297fee62afc50385e3ae59a80ef,"canonical hex polygon INTERSECT canonical OSM land component, unioned inside the hex (overlap-safe)",v1_sha1_hexid_pipe_subjectid
lfr_cf014d9c0fc267,h6000_q-000866_r+001390,hsub_ireland_main_island,OCEAN,False,4.737697357,0.444744,71ad704eb2cab944839347b0ebd4b94dab5d41981023ccd5ff755032af03fe8a,"canonical hex polygon INTERSECT canonical OSM land component, unioned inside the hex (overlap-safe)",v1_sha1_hexid_pipe_subjectid
lfr_a1c7c1dd2e68a4,h6000_q-000860_r+001390,hsub_ireland_main_island,OCEAN,False,5.002790418,0.469587,a2a7a5d5bb122bf912284804408beb222c0b110d3f2b93e74c2b320d0c72ae20,"canonical hex polygon INTERSECT canonical OSM land component, unioned inside the hex (overlap-safe)",v1_sha1_hexid_pipe_subjectid
lfr_a9a81f6110d17d,h6000_q-000859_r+001390,hsub_ireland_main_island,OCEAN,False,0.027634233,0.002593,f5cdc3395376f4fccd8163eb05834330bb84df83410bed44ff41561bc596f336,"canonical hex polygon INTERSECT canonical OSM land component, unioned inside the hex (overlap-safe)",v1_sha1_hexid_pipe_subjectid
lfr_0abab09bb54c5c,h6000_q-000858_r+001390,hsub_ireland_main_island,OCEAN,False,2.984079426,0.280071,7aa945e55e12c1a5f7d0b3f29b894c4991bda0dad2c8f7bad144e6d5df781feb,"canonical hex polygon INTERSECT canonical OSM land component, unioned inside the hex (overlap-safe)",v1_sha1_hexid_pipe_subjectid
lfr_06ab25749276fe,h6000_q-000857_r+001390,hsub_ireland_main_island,OCEAN,False,1.606111165,0.150738,99ac19faa251f2244a26aca6d876d22ce3c4e5c47588f45778d6d50a2fdffba2,"canonical hex polygon INTERSECT canonical OSM land component, unioned inside the hex (overlap-safe)",v1_sha1_hexid_pipe_subjectid
lfr_816fd5fed847bd,h6000_q-000856_r+001390,hsub_ireland_main_island,OCEAN,False,3.310994765,0.310734,88e6990f69e0cf26eb6dad73bb7b36ff6e3bf968cadf254bfe0ad3f4e02c24c6,"canonical hex polygon INTERSECT canonical OSM land component, unioned inside the hex (overlap-safe)",v1_sha1_hexid_pipe_subjectid
lfr_25c6d1a34969fd,h6000_q-000855_r+001390,hsub_ireland_main_island,OCEAN,False,1.924012362,0.187382,0d321bad98f57b4d05ff1337814c1bd855cd64b3b77cc28949b4b712c3f8ef8a,"canonical hex polygon INTERSECT canonical OSM land component, unioned inside the hex (overlap-safe)",v1_sha1_hexid_pipe_subjectid
lfr_f8ae287e375c96,h6000_q-000798_r+001390,hsub_ireland_main_island,OCEAN,False,1.251798899,0.121819,bb7cc6ac8cc786fe21910b1fdee9518178731b3358796d0a661d2ec7c77e47f0,"canonical hex polygon INTERSECT canonical OSM land component, unioned inside the hex (overlap-safe)",v1_sha1_hexid_pipe_subjectid
lfr_fbd687056bda49,h6000_q-000881_r+001391,hsub_ireland_main_island,OCEAN,False,2.499803181,0.241546,59c31fe58412a641d8cc86b0468a3f57f8f36ae05a184e2e86ee666a5a4c171b,"canonical hex polygon INTERSECT canonical OSM land component, unioned inside the hex (overlap-safe)",v1_sha1_hexid_pipe_subjectid
lfr_89ef1932fca8d5,h6000_q-000867_r+001391,hsub_ireland_main_island,OCEAN,False,2.359829055,0.221803,8e1ee407c8f6b68d04352b98e5e42a745cb2adb52697b677f497509b0ae68678,"canonical hex polygon INTERSECT canonical OSM land component, unioned inside the hex (overlap-safe)",v1_sha1_hexid_pipe_subjectid
lfr_3587a265a297ac,h6000_q-000863_r+001391,hsub_ireland_main_island,OCEAN,False,1.746726669,0.164134,782a412b5e35d231b43bb6fc02a4fe6852f142d94de5a8304b38b8535c35c8ef,"canonical hex polygon INTERSECT canonical OSM land component, unioned inside the hex (overlap-safe)",v1_sha1_hexid_pipe_subjectid
lfr_2ce0789e0d377e,h6000_q-000862_r+001391,hsub_ireland_main_island,OCEAN,False,1.226954889,0.115285,2937e4c50c7c3655ea675654fa1fc14a10eb55b746320d80d2303d1e6d0dff5c,"canonical hex polygon INTERSECT canonical OSM land component, unioned inside the hex (overlap-safe)",v1_sha1_hexid_pipe_subjectid
lfr_a5f38ae929157a,h6000_q-000861_r+001391,hsub_ireland_main_island,OCEAN,False,0.28686549,0.026953,b0fb6a6f3cf891d1dc2340aff6ec79f1569cd9375114f471d416bb1bb480ed1e,"canonical hex polygon INTERSECT canonical OSM land component, unioned inside the hex (overlap-safe)",v1_sha1_hexid_pipe_subjectid
lfr_99b31530363241,h6000_q-000855_r+001391,hsub_ireland_main_island,OCEAN,False,0.17177397,0.168694,bca922dff3f0c3425b08c34216b0a44972275f59fc5d137fa2a92217e2053ef7,"canonical hex polygon INTERSECT canonical OSM land component, unioned inside the hex (overlap-safe)",v1_sha1_hexid_pipe_subjectid
lfr_fcfd1089bdb77b,h6000_q-000854_r+001391,hsub_ireland_main_island,OCEAN,False,4.939113134,0.474318,5fc567b4dbcfe9a3c1e4f8b3184ac764f1bb84a3c49fc1b4b1193a4cf01d1a8a,"canonical hex polygon INTERSECT canonical OSM land component, unioned inside the hex (overlap-safe)",v1_sha1_hexid_pipe_subjectid
lfr_7ce7b0b928be3e,h6000_q-000798_r+001391,hsub_ireland_main_island,OCEAN,False,1.103581502,0.123751,7134c180f08d47002cfa793d79dd0127739912fb13829a94f4a7ce165bb0a1f2,"canonical hex polygon INTERSECT canonical OSM land component, unioned inside the hex (overlap-safe)",v1_sha1_hexid_pipe_subjectid
lfr_c4073c01b96b68,h6000_q-000879_r+001392,hsub_ireland_main_island,OCEAN,False,1.238074078,0.134843,f287e43e530f2e154c2bd8ac4fa5df9c84e422eefc4287a1e55898cc0456dcb5,"canonical hex polygon INTERSECT canonical OSM land component, unioned inside the hex (overlap-safe)",v1_sha1_hexid_pipe_subjectid
lfr_9ef6d11b5c2d6c,h6000_q-000876_r+001392,hsub_ireland_main_island,OCEAN,False,1.969549352,0.192447,fcf380f088553b015bd86d5859ff5f5ec80908de83b2a9940eb6c84c7b6b702f,"canonical hex polygon INTERSECT canonical OSM land component, unioned inside the hex (overlap-safe)",v1_sha1_hexid_pipe_subjectid
lfr_5a39b68272ca6f,h6000_q-000875_r+001392,hsub_ireland_main_island,OCEAN,False,1.478177754,0.145546,710b3eabf7e9092e6e363c7a1cb93c0ff80117bcca88fe2a3ffcab14930d3d6f,"canonical hex polygon INTERSECT canonical OSM land component, unioned inside the hex (overlap-safe)",v1_sha1_hexid_pipe_subjectid
lfr_f521788eb2141c,h6000_q-000874_r+001392,hsub_ireland_main_island,OCEAN,False,2.402474015,0.226059,1310bc27cc0a1bb72ee94064c1423186a7cbcda7fb99ebcc9ac723880d938d06,"canonical hex polygon INTERSECT canonical OSM land component, unioned inside the hex (overlap-safe)",v1_sha1_hexid_pipe_subjectid
lfr_729fe89740fc03,h6000_q-000873_r+001392,hsub_ireland_main_island,OCEAN,False,0.422568918,0.039751,8d3781422be37f5529bd4cd85a79e00185599aba677587da1392b31a77141fb2,"canonical hex polygon INTERSECT canonical OSM land component, unioned inside the hex (overlap-safe)",v1_sha1_hexid_pipe_subjectid
lfr_ee3fc12931f698,h6000_q-000872_r+001392,hsub_ireland_main_island,OCEAN,False,0.476659283,0.045145,4e8fbf7e2fc444093f0bb5ef7a554b0bd18e70e3145b0f41ccd6c824d2ac239f,"canonical hex polygon INTERSECT canonical OSM land component, unioned inside the hex (overlap-safe)",v1_sha1_hexid_pipe_subjectid
lfr_1b11334bc76222,h6000_q-000869_r+001392,hsub_ireland_main_island,OCEAN,False,1.31173977,0.123588,b74ea0c8ab9b02d074e63ca5a695f7462555f5f70b5c4389e93813335fe7bc95,"canonical hex polygon INTERSECT canonical OSM land component, unioned inside the hex (overlap-safe)",v1_sha1_hexid_pipe_subjectid
lfr_f48f704df11c73,h6000_q-000857_r+001392,hsub_ireland_main_island,OCEAN,False,0.362295699,0.035238,e0803ab95071b854f4e2963dfb3447fd7859f59a164b89c01c05e8402646d14b,"canonical hex polygon INTERSECT canonical OSM land component, unioned inside the hex (overlap-safe)",v1_sha1_hexid_pipe_subjectid
lfr_386e50a173d953,h6000_q-000856_r+001392,hsub_ireland_main_island,OCEAN,False,3.576850114,0.33681,9634870d3b9297b3b2e3ac4cda95425e194d786411ab586343b64a03e245d365,"canonical hex polygon INTERSECT canonical OSM land component, unioned inside the hex (overlap-safe)",v1_sha1_hexid_pipe_subjectid
lfr_7ea54542d59850,h6000_q-000855_r+001392,hsub_ireland_main_island,OCEAN,False,2.745025499,0.258385,45f62cbc19cb3d2ea0133311258f5d033e21524487aec3f7a9f938335e98eb84,"canonical hex polygon INTERSECT canonical OSM land component, unioned inside the hex (overlap-safe)",v1_sha1_hexid_pipe_subjectid
lfr_e0779279ad2a3b,h6000_q-000798_r+001392,hsub_ireland_main_island,OCEAN,False,1.356612834,0.12776,27e9ae7e9dea0fd61bf10c07396245e967f9ffe3f05ab611dc37fc40be1c873f,"canonical hex polygon INTERSECT canonical OSM land component, unioned inside the hex (overlap-safe)",v1_sha1_hexid_pipe_subjectid
lfr_6dd9c5f4481118,h6000_q-000878_r+001393,hsub_ireland_main_island,OCEAN,False,0.199118766,0.028533,9941fc8c18d35fc5f2b2c8a15af88c2432bf959db999fb4dcc3e6f9d4b407be8,"canonical hex polygon INTERSECT canonical OSM land component, unioned inside the hex (overlap-safe)",v1_sha1_hexid_pipe_subjectid
lfr_97e3fa37e653ed,h6000_q-000858_r+001393,hsub_ireland_main_island,OCEAN,False,0.053777264,0.007974,f0e562c5f98a26e92ae3059dbdef453258798691a366ec98b8d45b59096f270a,"canonical hex polygon INTERSECT canonical OSM land component, unioned inside the hex (overlap-safe)",v1_sha1_hexid_pipe_subjectid
lfr_2be7b8577dc9bf,h6000_q-000798_r+001393,hsub_ireland_main_island,OCEAN,False,1.346703396,0.126948,92b739d416283778dfd2f94844b2a0b8e2b69f59b399b02a54c44e4ac255b697,"canonical hex polygon INTERSECT canonical OSM land component, unioned inside the hex (overlap-safe)",v1_sha1_hexid_pipe_subjectid
lfr_6608bab8b0b16c,h6000_q-000857_r+001394,hsub_ireland_main_island,OCEAN,False,1.755875532,0.165663,f2ceca78b8565a86b8801664c10f0ad5d4bf9fb1d4c7a905f8ab632b7373c4a6,"canonical hex polygon INTERSECT canonical OSM land component, unioned inside the hex (overlap-safe)",v1_sha1_hexid_pipe_subjectid
lfr_02b6814a244e84,h6000_q-000801_r+001394,hsub_ireland_main_island,OCEAN,False,3.031606768,0.301071,6025b7c4b55a92ff6984e41078c88f762b73ffcead9617e8d0275167a7983035,"canonical hex polygon INTERSECT canonical OSM land component, unioned inside the hex (overlap-safe)",v1_sha1_hexid_pipe_subjectid
lfr_c3c6088c06fb60,h6000_q-000798_r+001394,hsub_ireland_main_island,OCEAN,False,0.903325761,0.085275,0274796d475eb747a1a5452568557e356f90f98169fbb09359e89eac6b943cdf,"canonical hex polygon INTERSECT canonical OSM land component, unioned inside the hex (overlap-safe)",v1_sha1_hexid_pipe_subjectid
lfr_93481a54cdfd50,h6000_q-000857_r+001395,hsub_ireland_main_island,OCEAN,False,0.069569857,0.006572,606f2d9402d773be8639fffd8d6ec755e8348b447625b3427931ec851fada118,"canonical hex polygon INTERSECT canonical OSM land component, unioned inside the hex (overlap-safe)",v1_sha1_hexid_pipe_subjectid
lfr_dfd6265e04afcd,h6000_q-000856_r+001395,hsub_ireland_main_island,OCEAN,False,2.42927698,0.231944,5a671c52ec47f4cfa2a02b54e6c7a9eafb179184a50546799a1c4dfb2a3df6ae,"canonical hex polygon INTERSECT canonical OSM land component, unioned inside the hex (overlap-safe)",v1_sha1_hexid_pipe_subjectid
lfr_c742a64e8d3ec5,h6000_q-000802_r+001395,hsub_ireland_main_island,OCEAN,False,2.76132573,0.302436,aec693c7f451679425604441fecdaf50f1c5077ecfe57ce046bd2e6f9a9f9006,"canonical hex polygon INTERSECT canonical OSM land component, unioned inside the hex (overlap-safe)",v1_sha1_hexid_pipe_subjectid
lfr_1aee8e98ed03a0,h6000_q-000801_r+001395,hsub_ireland_main_island,OCEAN,False,4.451433447,0.420666,22b2af435efd34b03d3348c54d4602dcf25e748d0b5f4222d9d22851885151eb,"canonical hex polygon INTERSECT canonical OSM land component, unioned inside the hex (overlap-safe)",v1_sha1_hexid_pipe_subjectid
lfr_3d192bfe767c82,h6000_q-000856_r+001396,hsub_ireland_main_island,OCEAN,False,0.131846105,0.013579,5fe77f3d2e84c0d6a03a9ff77774260962a030b5ce24ba4677935c8f5d14576a,"canonical hex polygon INTERSECT canonical OSM land component, unioned inside the hex (overlap-safe)",v1_sha1_hexid_pipe_subjectid
lfr_108931173b2950,h6000_q-000802_r+001396,hsub_ireland_main_island,OCEAN,False,0.158754418,0.090021,1715a20e81d07be17dc4bfce203ef9a98198c58c24b6384a43985ba951beb9ed,"canonical hex polygon INTERSECT canonical OSM land component, unioned inside the hex (overlap-safe)",v1_sha1_hexid_pipe_subjectid
lfr_ece3c0b0a08198,h6000_q-000801_r+001396,hsub_ireland_main_island,OCEAN,False,3.424144018,0.336181,4c60460bbbcd3b59c7fdd8677868eb17ac42796817c4433c9fdf1cef4cd32655,"canonical hex polygon INTERSECT canonical OSM land component, unioned inside the hex (overlap-safe)",v1_sha1_hexid_pipe_subjectid
lfr_27e5295333638e,h6000_q-000799_r+001396,hsub_ireland_main_island,OCEAN,False,2.091171516,0.199743,3eb5f4e7869e1e346249bacfa36a239fef999925f8abe3ce0c97f453e9a92adb,"canonical hex polygon INTERSECT canonical OSM land component, unioned inside the hex (overlap-safe)",v1_sha1_hexid_pipe_subjectid
lfr_67934a4026229d,h6000_q-000856_r+001397,hsub_ireland_main_island,OCEAN,False,1.030981703,0.097669,4865b69a1ccdd8e9ab021844520348ad11c73057647c593737da854a6934ce4c,"canonical hex polygon INTERSECT canonical OSM land component, unioned inside the hex (overlap-safe)",v1_sha1_hexid_pipe_subjectid
lfr_a145ba0e02c963,h6000_q-000855_r+001397,hsub_ireland_main_island,OCEAN,False,2.664744085,0.25601,53d1717c35584b93a435359f18b11f1d9cc95e5115c863377d5586ebbad70d0f,"canonical hex polygon INTERSECT canonical OSM land component, unioned inside the hex (overlap-safe)",v1_sha1_hexid_pipe_subjectid
lfr_07febfb21fa0f6,h6000_q-000854_r+001397,hsub_ireland_main_island,OCEAN,False,4.783211806,0.453098,b0402019bdd7dfe712fa0ec3f0f5d562140c69f32196319867aae48a30680e61,"canonical hex polygon INTERSECT canonical OSM land component, unioned inside the hex (overlap-safe)",v1_sha1_hexid_pipe_subjectid
lfr_86746cb5d53c55,h6000_q-000803_r+001397,hsub_ireland_main_island,OCEAN,False,2.495894747,0.325577,f483387abe57daaa4c36ebd30274c8b944b6d43b7d58884096a5e3a9578ae1ae,"canonical hex polygon INTERSECT canonical OSM land component, unioned inside the hex (overlap-safe)",v1_sha1_hexid_pipe_subjectid
lfr_1db136f76061fd,h6000_q-000799_r+001397,hsub_ireland_main_island,OCEAN,False,0.777755812,0.073693,6ab796d5ff75878f0d866ae594a0f3be9f2317dd0b6be078ee065650dd63b375,"canonical hex polygon INTERSECT canonical OSM land component, unioned inside the hex (overlap-safe)",v1_sha1_hexid_pipe_subjectid
lfr_3da3264a1a1aa0,h6000_q-000853_r+001398,hsub_ireland_main_island,OCEAN,False,0.565944088,0.053672,7f8f3ca2d8153645b8466062b2e4efbc6e2f0901f5a4f1509ba7ce144a19e225,"canonical hex polygon INTERSECT canonical OSM land component, unioned inside the hex (overlap-safe)",v1_sha1_hexid_pipe_subjectid
lfr_2ad39363f62716,h6000_q-000802_r+001398,hsub_ireland_main_island,OCEAN,False,3.168697764,0.301482,666fcb0fde6f8e1725b9ad7f93e1476cea792ca90fa502c35452176f7c2678de,"canonical hex polygon INTERSECT canonical OSM land component, unioned inside the hex (overlap-safe)",v1_sha1_hexid_pipe_subjectid
lfr_735370889d076c,h6000_q-000800_r+001398,hsub_ireland_main_island,OCEAN,False,3.712676254,0.352585,b9ce72449842c528d8e4820452eaedd6161a4181f4b9784d48d2b2a4660cf59a,"canonical hex polygon INTERSECT canonical OSM land component, unioned inside the hex (overlap-safe)",v1_sha1_hexid_pipe_subjectid
lfr_b78589705d85c8,h6000_q-000853_r+001399,hsub_ireland_main_island,OCEAN,False,2.120504908,0.201474,8c7f587226b48eaeeb6191e249fe44c7082a1df45c2cab21351de75770f78a80,"canonical hex polygon INTERSECT canonical OSM land component, unioned inside the hex (overlap-safe)",v1_sha1_hexid_pipe_subjectid
lfr_b2fca6189cd354,h6000_q-000804_r+001399,hsub_ireland_main_island,OCEAN,False,0.268723784,0.07933,495f9da144e05604c96d9886a3451158c3d7539408cd58993e33d87a208673de,"canonical hex polygon INTERSECT canonical OSM land component, unioned inside the hex (overlap-safe)",v1_sha1_hexid_pipe_subjectid
lfr_d896f9e1ed78cf,h6000_q-000803_r+001399,hsub_ireland_main_island,OCEAN,False,0.98323576,0.122162,32af1ff83d5d0b58bd24d1318d684e6c66afb3b4b375b58b4a43594c1c25d1a3,"canonical hex polygon INTERSECT canonical OSM land component, unioned inside the hex (overlap-safe)",v1_sha1_hexid_pipe_subjectid
lfr_93ef064a11640a,h6000_q-000801_r+001399,hsub_ireland_main_island,OCEAN,False,4.989834538,0.474029,1bf901d5bee42e353e7b7257b17a873dacc6b0b7b02df027d6dc2a09eece3c76,"canonical hex polygon INTERSECT canonical OSM land component, unioned inside the hex (overlap-safe)",v1_sha1_hexid_pipe_subjectid
lfr_c82d0b70d5d6c4,h6000_q-000853_r+001400,hsub_ireland_main_island,OCEAN,False,1.453081931,0.138177,83cea593246c7784a63e43839d3dacd563bd27e62c2937b77e67d59a15aa4aac,"canonical hex polygon INTERSECT canonical OSM land component, unioned inside the hex (overlap-safe)",v1_sha1_hexid_pipe_subjectid
lfr_8fcc0d979d3cbf,h6000_q-000804_r+001400,hsub_ireland_main_island,OCEAN,False,4.359016658,0.421227,5fd123ed7b4af961f2b20169b5ec937cbfea7fe1bf7158fc3ce749cf493296fd,"canonical hex polygon INTERSECT canonical OSM land component, unioned inside the hex (overlap-safe)",v1_sha1_hexid_pipe_subjectid
lfr_c7975c4cfca1f3,h6000_q-000858_r+001401,hsub_ireland_main_island,OCEAN,False,0.002771171,0.0003,5e1c6d4c47fe91c6e23ddeed35f8fa9f7095f56ece4dbbbd30a77e5ced29dd83,"canonical hex polygon INTERSECT canonical OSM land component, unioned inside the hex (overlap-safe)",v1_sha1_hexid_pipe_subjectid
lfr_482c00eb6f1739,h6000_q-000857_r+001401,hsub_ireland_main_island,OCEAN,False,2.373643519,0.233567,c837d2255a656c3e09353c8026121cc8b0a0f3386c749150b131fe3bf266c8f0,"canonical hex polygon INTERSECT canonical OSM land component, unioned inside the hex (overlap-safe)",v1_sha1_hexid_pipe_subjectid
lfr_396f9c3c292bc2,h6000_q-000853_r+001401,hsub_ireland_main_island,OCEAN,False,2.703999558,0.257513,123fd98b9f1441b89f754f58a814a3d9c9dc6a5a760b03decfda4be06212a992,"canonical hex polygon INTERSECT canonical OSM land component, unioned inside the hex (overlap-safe)",v1_sha1_hexid_pipe_subjectid
lfr_758be0ad198150,h6000_q-000802_r+001401,hsub_ireland_main_island,OCEAN,False,1.500795721,0.142923,9362406176a6fb6763f8009c9a20c9b939972ebee280e815a3d6799842b30e8f,"canonical hex polygon INTERSECT canonical OSM land component, unioned inside the hex (overlap-safe)",v1_sha1_hexid_pipe_subjectid
lfr_6ed05d4e519c58,h6000_q-000862_r+001402,hsub_ireland_main_island,OCEAN,False,0.011630622,0.00111,40292bddaaf16c1b79d2500763ad3eca2cc32024618515798b6d89eddb287863,"canonical hex polygon INTERSECT canonical OSM land component, unioned inside the hex (overlap-safe)",v1_sha1_hexid_pipe_subjectid
lfr_8d88e4a325da7e,h6000_q-000860_r+001402,hsub_ireland_main_island,OCEAN,False,1.19430892,0.120709,e80c525f2a6d1d8dc6420e60dfea6a1544ecac9e48160b52de0fe1dddb16eaec,"canonical hex polygon INTERSECT canonical OSM land component, unioned inside the hex (overlap-safe)",v1_sha1_hexid_pipe_subjectid
lfr_9ee6333a7b4e6c,h6000_q-000858_r+001402,hsub_ireland_main_island,OCEAN,False,2.223600113,0.212813,666cb7acd84cd3db4a1b50fdd2c7728409e3901c9c9fbd67aab73f9aa66ca7df,"canonical hex polygon INTERSECT canonical OSM land component, unioned inside the hex (overlap-safe)",v1_sha1_hexid_pipe_subjectid
lfr_abfe3a721628d0,h6000_q-000857_r+001402,hsub_ireland_main_island,OCEAN,False,2.155774712,0.205578,d39281071bb6e17d9c71ce397ef6f719c01e5d843ad0bbb2a385a2c3c7619e51,"canonical hex polygon INTERSECT canonical OSM land component, unioned inside the hex (overlap-safe)",v1_sha1_hexid_pipe_subjectid
lfr_ec6c1bfbd06c45,h6000_q-000856_r+001402,hsub_ireland_main_island,OCEAN,False,1.507884428,0.143886,6ea11a41eb5f205e631550d9277dead5419ea730fc3fd4ce14f45b0907adabac,"canonical hex polygon INTERSECT canonical OSM land component, unioned inside the hex (overlap-safe)",v1_sha1_hexid_pipe_subjectid
lfr_bf3d08ee1b9cba,h6000_q-000855_r+001402,hsub_ireland_main_island,OCEAN,False,1.631109028,0.155635,8e24a572b3242236c26e6d728c8c41161fd4281897dc916491aee3f249414fe2,"canonical hex polygon INTERSECT canonical OSM land component, unioned inside the hex (overlap-safe)",v1_sha1_hexid_pipe_subjectid
lfr_550ebaa116e5db,h6000_q-000854_r+001402,hsub_ireland_main_island,OCEAN,False,0.737152225,0.07034,bd58637262bfd9b7d6d1cf76477d562e09419a41d79487bb779f3d1d3a7861b2,"canonical hex polygon INTERSECT canonical OSM land component, unioned inside the hex (overlap-safe)",v1_sha1_hexid_pipe_subjectid
lfr_43ed993fedf706,h6000_q-000853_r+001402,hsub_ireland_main_island,OCEAN,False,0.160021927,0.015257,35c4865b2852fd7534bd682273541bb1274450dd47c06945510054ee182e07c7,"canonical hex polygon INTERSECT canonical OSM land component, unioned inside the hex (overlap-safe)",v1_sha1_hexid_pipe_subjectid
lfr_9927eac2b6301e,h6000_q-000803_r+001402,hsub_ireland_main_island,OCEAN,False,0.692304852,0.066011,8a7570e53e5710f89b409e2921628e161029db33158db818a2c03c6537fe398a,"canonical hex polygon INTERSECT canonical OSM land component, unioned inside the hex (overlap-safe)",v1_sha1_hexid_pipe_subjectid
lfr_b904c698373dd1,h6000_q-000863_r+001403,hsub_ireland_main_island,OCEAN,False,1.257048842,0.121043,487264f42320d16946630eadd31a6d94e10880c4e86fd55db7d49e2aa0fc3c39,"canonical hex polygon INTERSECT canonical OSM land component, unioned inside the hex (overlap-safe)",v1_sha1_hexid_pipe_subjectid
lfr_1b280784c699a8,h6000_q-000856_r+001403,hsub_ireland_main_island,OCEAN,False,4.013921358,0.383484,ad986bcc7228ca4417117abc6f4c0e660868944328b308ec7fab98f2bc3e3ba2,"canonical hex polygon INTERSECT canonical OSM land component, unioned inside the hex (overlap-safe)",v1_sha1_hexid_pipe_subjectid
lfr_7f87b3d9e51a5b,h6000_q-000853_r+001403,hsub_ireland_main_island,OCEAN,False,2.636827774,0.267475,95a1f8a28b65ec5b3338ff9a2b29c13f87c349d56de51e89b1c19ca691e0478a,"canonical hex polygon INTERSECT canonical OSM land component, unioned inside the hex (overlap-safe)",v1_sha1_hexid_pipe_subjectid
lfr_2df0f4a81d60b3,h6000_q-000804_r+001403,hsub_ireland_main_island,OCEAN,False,3.644955849,0.34814,5694c83bbdf5b66abb2f2706a0e650f803f6312927e978793b87dbfe0bb3d3ac,"canonical hex polygon INTERSECT canonical OSM land component, unioned inside the hex (overlap-safe)",v1_sha1_hexid_pipe_subjectid
lfr_596b8c12a99b03,h6000_q-000865_r+001404,hsub_ireland_main_island,OCEAN,False,2.601688433,0.253686,1fed9b6ddefc1d3f95f1d5eaea87e3a1882e4ad7549406e0c7fbed6e1bf26570,"canonical hex polygon INTERSECT canonical OSM land component, unioned inside the hex (overlap-safe)",v1_sha1_hexid_pipe_subjectid
lfr_de0821fa6e4955,h6000_q-000811_r+001404,hsub_ireland_main_island,OCEAN,False,0.062642188,0.005992,d3034eb0c84837ce131cd5f98f95048aa6934b59663b27608676268298809b47,"canonical hex polygon INTERSECT canonical OSM land component, unioned inside the hex (overlap-safe)",v1_sha1_hexid_pipe_subjectid
lfr_ea96b6df5b2105,h6000_q-000810_r+001404,hsub_ireland_main_island,OCEAN,False,3.568368119,0.341162,7f8d3788705623aae13ceecdb30e3ab7a5a1f81a764e7e554b658f25962397e5,"canonical hex polygon INTERSECT canonical OSM land component, unioned inside the hex (overlap-safe)",v1_sha1_hexid_pipe_subjectid
lfr_abcc2003282787,h6000_q-000805_r+001404,hsub_ireland_main_island,OCEAN,False,5.007428033,0.479164,af88a0c612b511dd13ca1cd75e3a76afba2a9ec8655450faedba69c26039684f,"canonical hex polygon INTERSECT canonical OSM land component, unioned inside the hex (overlap-safe)",v1_sha1_hexid_pipe_subjectid
lfr_eff75f24119091,h6000_q-000866_r+001405,hsub_ireland_main_island,OCEAN,False,0.680897564,0.07173,8054fbeec0cd5fc9d2a9cb156236f33efd045a950961e70d8d234c5cda9216e5,"canonical hex polygon INTERSECT canonical OSM land component, unioned inside the hex (overlap-safe)",v1_sha1_hexid_pipe_subjectid
lfr_6c3d2fcb055f93,h6000_q-000811_r+001405,hsub_ireland_main_island,OCEAN,False,1.009722094,0.096907,82b3c5a7861778c2526d75140141d4da09b3406806b1084c492c66bcc040c89b,"canonical hex polygon INTERSECT canonical OSM land component, unioned inside the hex (overlap-safe)",v1_sha1_hexid_pipe_subjectid
lfr_955d37365ed96c,h6000_q-000809_r+001405,hsub_ireland_main_island,OCEAN,False,1.357468324,0.129924,933e41fb4818df8864ddaaf2166ccf8dadb9953328bf6de2bcb0b2c8cd38527f,"canonical hex polygon INTERSECT canonical OSM land component, unioned inside the hex (overlap-safe)",v1_sha1_hexid_pipe_subjectid
lfr_484f13fd439ef4,h6000_q-000808_r+001405,hsub_ireland_main_island,OCEAN,False,0.171008482,0.016364,0737c93f408c5c25773fbaccd32c8800ca65bea31249c69b702c40f6a69f64d8,"canonical hex polygon INTERSECT canonical OSM land component, unioned inside the hex (overlap-safe)",v1_sha1_hexid_pipe_subjectid
lfr_c1521573588b7d,h6000_q-000807_r+001405,hsub_ireland_main_island,OCEAN,False,1.908995184,0.193612,5a6e0521afa0a559ba97a4665fc480e0257e7cffe41c8c4f10728bed7b9fd9c9,"canonical hex polygon INTERSECT canonical OSM land component, unioned inside the hex (overlap-safe)",v1_sha1_hexid_pipe_subjectid
lfr_88bf2abb3876bd,h6000_q-000806_r+001405,hsub_ireland_main_island,OCEAN,False,1.658958543,0.158796,f67cd45a15d44a4861ff762c41d24c1c3428d2d5fd4c4b6dea1619b2f701f4b2,"canonical hex polygon INTERSECT canonical OSM land component, unioned inside the hex (overlap-safe)",v1_sha1_hexid_pipe_subjectid
lfr_1e47b36d18432a,h6000_q-000866_r+001406,hsub_ireland_main_island,OCEAN,False,2.943067016,0.284742,eb84fa66fd6c26b0bb560a41948c38e6d392a13012a51520a43f6eceeb3fa345,"canonical hex polygon INTERSECT canonical OSM land component, unioned inside the hex (overlap-safe)",v1_sha1_hexid_pipe_subjectid
lfr_94f9044e3fb6a5,h6000_q-000810_r+001406,hsub_ireland_main_island,OCEAN,False,0.621116843,0.059596,a3f394898ab04ae4f2118ba3baf8269c8e6cb0d3326be11252af022857e789b7,"canonical hex polygon INTERSECT canonical OSM land component, unioned inside the hex (overlap-safe)",v1_sha1_hexid_pipe_subjectid
lfr_805ba5a80cbae7,h6000_q-000866_r+001407,hsub_ireland_main_island,OCEAN,False,1.410308226,0.139659,1e434fba10c2dab84fd4562d646fde5378fbffa55bd1fd6209a39e6c32464092,"canonical hex polygon INTERSECT canonical OSM land component, unioned inside the hex (overlap-safe)",v1_sha1_hexid_pipe_subjectid
lfr_e0c38c27c04d82,h6000_q-000809_r+001407,hsub_ireland_main_island,OCEAN,False,0.031684794,0.003044,174206bc2027ecdaf02d103df6680f2436dc4a45c62c19136e8544803b7e2a39,"canonical hex polygon INTERSECT canonical OSM land component, unioned inside the hex (overlap-safe)",v1_sha1_hexid_pipe_subjectid
lfr_0f7e6463561b9f,h6000_q-000865_r+001408,hsub_ireland_main_island,OCEAN,False,4.620689178,0.451762,b960794564688d7562cb1569af2a9d595d96cecfe3606e88a2b1e025a521a5c0,"canonical hex polygon INTERSECT canonical OSM land component, unioned inside the hex (overlap-safe)",v1_sha1_hexid_pipe_subjectid
lfr_a4145f6099f7d8,h6000_q-000864_r+001409,hsub_ireland_main_island,OCEAN,False,0.449290489,0.046489,0ca61b07d5ae0821e77c3dcc46f7223b06f52d34a4b690fbdf98d7aae362bf6e,"canonical hex polygon INTERSECT canonical OSM land component, unioned inside the hex (overlap-safe)",v1_sha1_hexid_pipe_subjectid
lfr_ebfd30415363b3,h6000_q-000863_r+001409,hsub_ireland_main_island,OCEAN,False,2.054086204,0.198163,8ebcbc5bea6b293fac0bc2a2acf9feddc8e03db741be5cd4b61e9e471fba5642,"canonical hex polygon INTERSECT canonical OSM land component, unioned inside the hex (overlap-safe)",v1_sha1_hexid_pipe_subjectid
lfr_62cafb732fb172,h6000_q-000810_r+001409,hsub_ireland_main_island,OCEAN,False,3.869155731,0.372503,913c22581762a8764f26f043f46e6674091e4ec1e401140f3c34d0f258e69aa6,"canonical hex polygon INTERSECT canonical OSM land component, unioned inside the hex (overlap-safe)",v1_sha1_hexid_pipe_subjectid
lfr_f67e28cfd0d6d5,h6000_q-000864_r+001410,hsub_ireland_main_island,OCEAN,False,0.695818724,0.085495,5c71bfadc2c8018f8de5357ce533ab55762fe73843f1ad7fb926e0fd02aae86c,"canonical hex polygon INTERSECT canonical OSM land component, unioned inside the hex (overlap-safe)",v1_sha1_hexid_pipe_subjectid
lfr_f47f32fc39a750,h6000_q-000864_r+001411,hsub_ireland_main_island,OCEAN,False,0.955715005,0.093879,1b3d7629e7551dfbf1aa0b066caba1509727abf503f28e0a3a2726b1643b2445,"canonical hex polygon INTERSECT canonical OSM land component, unioned inside the hex (overlap-safe)",v1_sha1_hexid_pipe_subjectid
lfr_be4f05cae5176d,h6000_q-000863_r+001411,hsub_ireland_main_island,OCEAN,False,4.770349967,0.462224,2623969b8338d9c460af2fdff29889056b1751bdd3e1f2d6780e0bf186170fac,"canonical hex polygon INTERSECT canonical OSM land component, unioned inside the hex (overlap-safe)",v1_sha1_hexid_pipe_subjectid
lfr_37cb10f6bd807e,h6000_q-000861_r+001411,hsub_ireland_main_island,OCEAN,False,4.829538058,0.466907,051fe1c7aa33ee7c3c8199a17ab398df1ac31d302c335610910f347b623addfc,"canonical hex polygon INTERSECT canonical OSM land component, unioned inside the hex (overlap-safe)",v1_sha1_hexid_pipe_subjectid
lfr_e4c78129aee76f,h6000_q-000813_r+001411,hsub_ireland_main_island,OCEAN,False,4.945591811,0.477439,6801ced18ba4761b487d492dc2048945d93ec41cbc1580631e747ead847d2a18,"canonical hex polygon INTERSECT canonical OSM land component, unioned inside the hex (overlap-safe)",v1_sha1_hexid_pipe_subjectid
lfr_f781d10f755531,h6000_q-000811_r+001411,hsub_ireland_main_island,OCEAN,False,0.009364218,0.000904,fcdf5e629115f328c60e837d694027290e0d852966cfb79a3879a60b19a26e44,"canonical hex polygon INTERSECT canonical OSM land component, unioned inside the hex (overlap-safe)",v1_sha1_hexid_pipe_subjectid
lfr_b6e73d2dce0a3a,h6000_q-000862_r+001412,hsub_ireland_main_island,OCEAN,False,0.513800216,0.049665,d2ad84fa57524edfb51a0fdb81782c934ede10522c0996fe6af925dcf8bf463f,"canonical hex polygon INTERSECT canonical OSM land component, unioned inside the hex (overlap-safe)",v1_sha1_hexid_pipe_subjectid
lfr_b16998ed901b3f,h6000_q-000813_r+001412,hsub_ireland_main_island,OCEAN,False,0.140566004,0.013577,40164f40ff15f5788a456f88e176f7880d02f11aab4707d0a1fc14b3de2accf8,"canonical hex polygon INTERSECT canonical OSM land component, unioned inside the hex (overlap-safe)",v1_sha1_hexid_pipe_subjectid
lfr_ab56087864fe0a,h6000_q-000863_r+001413,hsub_ireland_main_island,OCEAN,False,3.22622108,0.320001,47a1747048202b0e67730bcae2f6612c896c3815b151b4aef96968000c0b6ec1,"canonical hex polygon INTERSECT canonical OSM land component, unioned inside the hex (overlap-safe)",v1_sha1_hexid_pipe_subjectid
lfr_1c5a6d1c826034,h6000_q-000815_r+001413,hsub_ireland_main_island,OCEAN,False,4.114014018,0.398068,0f5782ee2f129464a9634574adb0afaf9d05947f592c7295cfd50a8709bec1d0,"canonical hex polygon INTERSECT canonical OSM land component, unioned inside the hex (overlap-safe)",v1_sha1_hexid_pipe_subjectid
lfr_297d3b9c306f79,h6000_q-000864_r+001414,hsub_ireland_main_island,OCEAN,False,3.001489585,0.303982,cf8f92d65cc8b31bba849c91b375b44353bda263a0b954c82bbd17bdfcabe387,"canonical hex polygon INTERSECT canonical OSM land component, unioned inside the hex (overlap-safe)",v1_sha1_hexid_pipe_subjectid
lfr_a563ad5433a7f2,h6000_q-000816_r+001414,hsub_ireland_main_island,OCEAN,False,2.223167367,0.21543,0e53f4fa39297ec14f109e8f5731c091a6439ee453c1f127b7e85bcecaafc303,"canonical hex polygon INTERSECT canonical OSM land component, unioned inside the hex (overlap-safe)",v1_sha1_hexid_pipe_subjectid
lfr_6dadba089148a8,h6000_q-000864_r+001415,hsub_ireland_main_island,OCEAN,False,1.208877389,0.323967,60bd6c61e15da9cda553ab5eb4ecdc14ce108740a60dcd95e073f60e2a18ddf1,"canonical hex polygon INTERSECT canonical OSM land component, unioned inside the hex (overlap-safe)",v1_sha1_hexid_pipe_subjectid
lfr_390feb30798b50,h6000_q-000817_r+001415,hsub_ireland_main_island,OCEAN,False,3.686480305,0.357676,dd05825d1a99dbe1cfbf82b22caa8fcf5348987bd233f1e2772ba31b634d6a04,"canonical hex polygon INTERSECT canonical OSM land component, unioned inside the hex (overlap-safe)",v1_sha1_hexid_pipe_subjectid
lfr_ba58ebd79345e3,h6000_q-000865_r+001416,hsub_ireland_main_island,OCEAN,False,0.490676049,0.292958,1014651015d8f9bbd851837414715fc1aad5ab0581f0d71b1350209d8cec5927,"canonical hex polygon INTERSECT canonical OSM land component, unioned inside the hex (overlap-safe)",v1_sha1_hexid_pipe_subjectid
lfr_09900bfca57a3e,h6000_q-000818_r+001416,hsub_ireland_main_island,OCEAN,False,1.009800456,0.098072,a271cfa1658b8b37df71c975ab1323ad5f77272f51d2c41e4044b4580aae8b22,"canonical hex polygon INTERSECT canonical OSM land component, unioned inside the hex (overlap-safe)",v1_sha1_hexid_pipe_subjectid
lfr_ec1d75442d69b0,h6000_q-000849_r+001417,hsub_ireland_main_island,OCEAN,False,4.888146202,0.475517,238e8476b6ef9321ff0666973366147281dc7fa8c12d8b557156ac472ad4d126,"canonical hex polygon INTERSECT canonical OSM land component, unioned inside the hex (overlap-safe)",v1_sha1_hexid_pipe_subjectid
lfr_b5757207fa02e2,h6000_q-000819_r+001417,hsub_ireland_main_island,OCEAN,False,0.384139997,0.037385,ff3fdb5880c20e22cf05efcf18b671b026748bc32a1360cee99b672846cca730,"canonical hex polygon INTERSECT canonical OSM land component, unioned inside the hex (overlap-safe)",v1_sha1_hexid_pipe_subjectid
lfr_970420695a2eb7,h6000_q-000849_r+001418,hsub_ireland_main_island,OCEAN,False,1.813791343,0.176701,e105be55ed83bbb4ce035d9476841aaa85c9b7afabe71ad2e5755d61b1bd2a56,"canonical hex polygon INTERSECT canonical OSM land component, unioned inside the hex (overlap-safe)",v1_sha1_hexid_pipe_subjectid
lfr_87023d45b8b937,h6000_q-000850_r+001419,hsub_ireland_main_island,OCEAN,False,1.857240761,0.202167,ceb9b8ca3a267d1350cf28f884d9c229902d58f6e3054031f3ac66c2309ee5c5,"canonical hex polygon INTERSECT canonical OSM land component, unioned inside the hex (overlap-safe)",v1_sha1_hexid_pipe_subjectid
lfr_cbba322e0402bb,h6000_q-000849_r+001419,hsub_ireland_main_island,OCEAN,False,4.938218019,0.481867,1cc11fd597373ce25f12ad08b904088025f7e2fb1264c6ebd815ea236058004a,"canonical hex polygon INTERSECT canonical OSM land component, unioned inside the hex (overlap-safe)",v1_sha1_hexid_pipe_subjectid
lfr_697b1efa6e8e8c,h6000_q-000842_r+001419,hsub_ireland_main_island,OCEAN,False,2.04152732,0.210394,1cf22204e831248fc54a5ff370b4bdf56f3851ffc5ddb46a35ba0a0de3100bb3,"canonical hex polygon INTERSECT canonical OSM land component, unioned inside the hex (overlap-safe)",v1_sha1_hexid_pipe_subjectid
lfr_282d4ec00165dc,h6000_q-000841_r+001419,hsub_ireland_main_island,OCEAN,False,0.314522346,0.030663,7ae1f365b800854b0b5af5646de8388ef1ce75c4165912e66e592a425899b92d,"canonical hex polygon INTERSECT canonical OSM land component, unioned inside the hex (overlap-safe)",v1_sha1_hexid_pipe_subjectid
lfr_9249331f3e6171,h6000_q-000821_r+001419,hsub_ireland_main_island,OCEAN,False,4.551769412,0.44392,086035fb7505ea929e9f6222a7355ff7e3fa1fe4a5277f61503a61c08003f8e0,"canonical hex polygon INTERSECT canonical OSM land component, unioned inside the hex (overlap-safe)",v1_sha1_hexid_pipe_subjectid
lfr_104171853505c7,h6000_q-000820_r+001419,hsub_ireland_main_island,OCEAN,False,1.058637515,0.103242,85974825042562b2b307f17e0ee3dde19652af951f459a5a5536ebe0b9ed8a2d,"canonical hex polygon INTERSECT canonical OSM land component, unioned inside the hex (overlap-safe)",v1_sha1_hexid_pipe_subjectid
lfr_0d108bef8a4769,h6000_q-000850_r+001420,hsub_ireland_main_island,OCEAN,False,3.134913073,0.306345,567a0cd78bfebac6ed7d9c675f50edf7f634caede6f38a4e42d1673071bb62b9,"canonical hex polygon INTERSECT canonical OSM land component, unioned inside the hex (overlap-safe)",v1_sha1_hexid_pipe_subjectid
lfr_0a264eca606c61,h6000_q-000849_r+001420,hsub_ireland_main_island,OCEAN,False,4.568745,0.446234,2634eedc632fcc4a217b530957d6c2fc05ef214d200efddb754aafe43bb9f1fd,"canonical hex polygon INTERSECT canonical OSM land component, unioned inside the hex (overlap-safe)",v1_sha1_hexid_pipe_subjectid
lfr_ec610bb0217d02,h6000_q-000844_r+001420,hsub_ireland_main_island,OCEAN,False,2.325435291,0.227232,b237ba66408b574d533ee5843294743655cc90e147c9b96ef127c063a1ad828a,"canonical hex polygon INTERSECT canonical OSM land component, unioned inside the hex (overlap-safe)",v1_sha1_hexid_pipe_subjectid
lfr_19403fe6627e5a,h6000_q-000822_r+001420,hsub_ireland_main_island,OCEAN,False,2.439255734,0.238319,5888feb8c0f3ce244c8e556bbd56fca0b867d2bcb2fd8ccd97ad3c8a3048a7f0,"canonical hex polygon INTERSECT canonical OSM land component, unioned inside the hex (overlap-safe)",v1_sha1_hexid_pipe_subjectid
lfr_33ab68751fd398,h6000_q-000865_r+001421,hsub_ireland_main_island,OCEAN,False,1.891164848,0.2937,1f25b98bc5db2f57f2272d6a1ceb063f95c06e984a084d7e4ac9144b8f9a090b,"canonical hex polygon INTERSECT canonical OSM land component, unioned inside the hex (overlap-safe)",v1_sha1_hexid_pipe_subjectid
lfr_1eb15e18ee15d8,h6000_q-000850_r+001421,hsub_ireland_main_island,OCEAN,False,3.734222652,0.3653,3ae9703216f3c02b0096f392e7233a54495ac47f28b9aa009042c37c40bc08fb,"canonical hex polygon INTERSECT canonical OSM land component, unioned inside the hex (overlap-safe)",v1_sha1_hexid_pipe_subjectid
lfr_44c0936d29cecd,h6000_q-000844_r+001421,hsub_ireland_main_island,OCEAN,False,2.922023502,0.285891,588375a92d93889b441d9da5104e741dc372f99ae49bf0f31a0added4b8f5caf,"canonical hex polygon INTERSECT canonical OSM land component, unioned inside the hex (overlap-safe)",v1_sha1_hexid_pipe_subjectid
lfr_dd7500920b56e6,h6000_q-000841_r+001421,hsub_ireland_main_island,OCEAN,False,0.320616069,0.03135,8ebdf481adacc04c43cf1b310cd0a8b68784574002243bed020c60826535bfb8,"canonical hex polygon INTERSECT canonical OSM land component, unioned inside the hex (overlap-safe)",v1_sha1_hexid_pipe_subjectid
lfr_0cf21efd5d9b82,h6000_q-000822_r+001421,hsub_ireland_main_island,OCEAN,False,0.25368139,0.024815,a275f40f39ea1d23a9b013bfb317958e101a1fed4e0f7951f8c0a90f1ba8b35d,"canonical hex polygon INTERSECT canonical OSM land component, unioned inside the hex (overlap-safe)",v1_sha1_hexid_pipe_subjectid
lfr_8072906b8bf4e4,h6000_q-000865_r+001422,hsub_ireland_main_island,OCEAN,False,3.878148492,0.379843,aef3d642777a5babf74bcc67d76cccb70f0ab5f120b3d4ef5e141d2689cadbac,"canonical hex polygon INTERSECT canonical OSM land component, unioned inside the hex (overlap-safe)",v1_sha1_hexid_pipe_subjectid
lfr_80ff0d1c4fe8b8,h6000_q-000862_r+001422,hsub_ireland_main_island,OCEAN,False,4.488758146,0.439613,d55ca67e982ea0fa4e16e52cf1a99477f333e2dd7c8d304e7e7f936b6549906a,"canonical hex polygon INTERSECT canonical OSM land component, unioned inside the hex (overlap-safe)",v1_sha1_hexid_pipe_subjectid
lfr_c6baadee0f85b2,h6000_q-000850_r+001422,hsub_ireland_main_island,OCEAN,False,1.090725219,0.106868,efd531a746efa6373152ce733047eebd53a344cee8b0784d0e9de0bd0cd1d863,"canonical hex polygon INTERSECT canonical OSM land component, unioned inside the hex (overlap-safe)",v1_sha1_hexid_pipe_subjectid
lfr_acd55d214a8de3,h6000_q-000844_r+001422,hsub_ireland_main_island,OCEAN,False,4.2519674,0.41657,a9fbf75435b2a8933d6f583fbe3690758bb9b4ac55d347e47b75101ebf8787bf,"canonical hex polygon INTERSECT canonical OSM land component, unioned inside the hex (overlap-safe)",v1_sha1_hexid_pipe_subjectid
lfr_6a749691e0b08a,h6000_q-000841_r+001422,hsub_ireland_main_island,OCEAN,False,0.000781947,7.7e-05,343cd51e5828fd4c67b91fbe6b94caa37433b6fa6a80619a1a4bcb8f9a1d79dd,"canonical hex polygon INTERSECT canonical OSM land component, unioned inside the hex (overlap-safe)",v1_sha1_hexid_pipe_subjectid
lfr_70b58087292b0b,h6000_q-000865_r+001423,hsub_ireland_main_island,OCEAN,False,1.069348195,0.10482,b0a9eeac45026dcbb19a1a8c5e7f6ba7ec2f9ad91e0302f0ee53acd0a44b08cc,"canonical hex polygon INTERSECT canonical OSM land component, unioned inside the hex (overlap-safe)",v1_sha1_hexid_pipe_subjectid
lfr_5d77b86ebd4fbd,h6000_q-000864_r+001423,hsub_ireland_main_island,OCEAN,False,0.182650281,0.017901,9b0fb8e725f97b64003b954e6153425f586b71b78bc7e56d8e8952d988e5ec2a,"canonical hex polygon INTERSECT canonical OSM land component, unioned inside the hex (overlap-safe)",v1_sha1_hexid_pipe_subjectid
lfr_6189826fa38f4a,h6000_q-000863_r+001423,hsub_ireland_main_island,OCEAN,False,0.576880108,0.150083,0cedd0980f21ebbca9d7795e27e6019e931cc874b3a19fda3751d7cc8be024d6,"canonical hex polygon INTERSECT canonical OSM land component, unioned inside the hex (overlap-safe)",v1_sha1_hexid_pipe_subjectid
lfr_a0ff99880d99a0,h6000_q-000862_r+001423,hsub_ireland_main_island,OCEAN,False,2.233596616,0.218973,7d9a3f91af3b97734808b732456ccc8a981f9e1379a23c74acc8e7d3809a4714,"canonical hex polygon INTERSECT canonical OSM land component, unioned inside the hex (overlap-safe)",v1_sha1_hexid_pipe_subjectid
lfr_7421757d418742,h6000_q-000857_r+001423,hsub_ireland_main_island,OCEAN,False,3.822586146,0.374854,bf8a37d0b7fd65c96ba2fddab2be496c9b3c71b9ffc51e9a3b4b5b73792f3a3a,"canonical hex polygon INTERSECT canonical OSM land component, unioned inside the hex (overlap-safe)",v1_sha1_hexid_pipe_subjectid
lfr_82bdba21669654,h6000_q-000854_r+001423,hsub_ireland_main_island,OCEAN,False,4.146519527,0.406738,1eb2f7e067b85f6d4d83d643098c7c75771281bdd8066944636cb2fbbbc68f36,"canonical hex polygon INTERSECT canonical OSM land component, unioned inside the hex (overlap-safe)",v1_sha1_hexid_pipe_subjectid
lfr_e74b83fd05e67e,h6000_q-000851_r+001423,hsub_ireland_main_island,OCEAN,False,1.638376768,0.160728,bca59713bab2abf7fd82d2ab5fcda2a8b23a331360f7a2d621b5c8740fb322ca,"canonical hex polygon INTERSECT canonical OSM land component, unioned inside the hex (overlap-safe)",v1_sha1_hexid_pipe_subjectid
lfr_7f6e7ba3ab2627,h6000_q-000843_r+001423,hsub_ireland_main_island,OCEAN,False,3.415566963,0.335114,73324415de09c268d48932c779661db54cba4adff0035f047e472d790277852a,"canonical hex polygon INTERSECT canonical OSM land component, unioned inside the hex (overlap-safe)",v1_sha1_hexid_pipe_subjectid
lfr_63577cf6ad778e,h6000_q-000841_r+001423,hsub_ireland_main_island,OCEAN,False,1.50860257,0.147953,359d688779ab23b1b4729b989a0401b801c222499d0fe8948daeedd74099cf02,"canonical hex polygon INTERSECT canonical OSM land component, unioned inside the hex (overlap-safe)",v1_sha1_hexid_pipe_subjectid
lfr_9bc5c4e5e80cec,h6000_q-000823_r+001423,hsub_ireland_main_island,OCEAN,False,0.871458246,0.085454,ef0af4f4ef2fb97b8fed47e8bbbb274770ef2e66b41b0c44dd3113e68404bc76,"canonical hex polygon INTERSECT canonical OSM land component, unioned inside the hex (overlap-safe)",v1_sha1_hexid_pipe_subjectid
lfr_dc743d7fba3b85,h6000_q-000861_r+001424,hsub_ireland_main_island,OCEAN,False,2.736804404,0.268786,0673b33e50611ab6ccdd7a682ec39f1686fd64675970a5ed9df02687058e08f4,"canonical hex polygon INTERSECT canonical OSM land component, unioned inside the hex (overlap-safe)",v1_sha1_hexid_pipe_subjectid
lfr_f0ec8008e3c61d,h6000_q-000859_r+001424,hsub_ireland_main_island,OCEAN,False,2.517905432,0.248704,58edebef7dfd48ea02698f18a71e12e23fb4f329f5c365b2a9d04ee30218e28b,"canonical hex polygon INTERSECT canonical OSM land component, unioned inside the hex (overlap-safe)",v1_sha1_hexid_pipe_subjectid
lfr_861481427c4f66,h6000_q-000858_r+001424,hsub_ireland_main_island,OCEAN,False,2.625214664,0.258434,1f2bb332b07d6d699ea3d0a279d814458d2d91f7a49ba5fef281b47bdf371bfd,"canonical hex polygon INTERSECT canonical OSM land component, unioned inside the hex (overlap-safe)",v1_sha1_hexid_pipe_subjectid
lfr_306c0e061658df,h6000_q-000853_r+001424,hsub_ireland_main_island,OCEAN,False,3.674672062,0.360775,d36b9a5b56e895cbefb5b1b0c7567190c0c0da1197619b4bd2296ab2bf9ce51e,"canonical hex polygon INTERSECT canonical OSM land component, unioned inside the hex (overlap-safe)",v1_sha1_hexid_pipe_subjectid
lfr_ad3eec1888788f,h6000_q-000852_r+001424,hsub_ireland_main_island,OCEAN,False,3.227826009,0.317479,d061510f101400d018a55034b402f7553b74cb8600fe514cb193faff01773c81,"canonical hex polygon INTERSECT canonical OSM land component, unioned inside the hex (overlap-safe)",v1_sha1_hexid_pipe_subjectid
lfr_97b1666106e18e,h6000_q-000842_r+001424,hsub_ireland_main_island,OCEAN,False,3.983133858,0.391324,29005516c9553ec3ec4dc3694b36f031560c238dc360373723dafaa6e560d1e9,"canonical hex polygon INTERSECT canonical OSM land component, unioned inside the hex (overlap-safe)",v1_sha1_hexid_pipe_subjectid
lfr_53eae996939d45,h6000_q-000841_r+001424,hsub_ireland_main_island,OCEAN,False,2.56087156,0.251487,02ecf2494949eaa184da3025b92953c4d4b0c7d1266d78d88f78026a31f45b75,"canonical hex polygon INTERSECT canonical OSM land component, unioned inside the hex (overlap-safe)",v1_sha1_hexid_pipe_subjectid
lfr_41308fe5aa26b4,h6000_q-000837_r+001424,hsub_ireland_main_island,OCEAN,False,0.660024255,0.064799,83f1ee65194489a4a33d07b15061d61e503f110e5e2f5f10eaec6c48635ec7b1,"canonical hex polygon INTERSECT canonical OSM land component, unioned inside the hex (overlap-safe)",v1_sha1_hexid_pipe_subjectid
lfr_63e5632baa9522,h6000_q-000824_r+001424,hsub_ireland_main_island,OCEAN,False,0.418020841,0.041042,d15c13e988b1e484ed3569b840446f56210addb8d4623799a7ebc4297ddc981b,"canonical hex polygon INTERSECT canonical OSM land component, unioned inside the hex (overlap-safe)",v1_sha1_hexid_pipe_subjectid
lfr_7fd666aed711b4,h6000_q-000861_r+001425,hsub_ireland_main_island,OCEAN,False,4.213063468,0.414199,5cedc9769c36599fb7e198026c093d1e51e5931a590ddab734762b656f9f699f,"canonical hex polygon INTERSECT canonical OSM land component, unioned inside the hex (overlap-safe)",v1_sha1_hexid_pipe_subjectid
lfr_2254aff0409714,h6000_q-000860_r+001425,hsub_ireland_main_island,OCEAN,False,2.510241521,0.24676,a2c71789b7fb85bdf505ef5ff6d12fe2dd5d982967e6f36448721598e9795a25,"canonical hex polygon INTERSECT canonical OSM land component, unioned inside the hex (overlap-safe)",v1_sha1_hexid_pipe_subjectid
lfr_a6e2a7df7e1d24,h6000_q-000859_r+001425,hsub_ireland_main_island,OCEAN,False,0.065779168,0.006467,e79696736036e93f655d110fade6df7c88d8ce5924d28cd59e6e7a4c0b02a26d,"canonical hex polygon INTERSECT canonical OSM land component, unioned inside the hex (overlap-safe)",v1_sha1_hexid_pipe_subjectid
lfr_de80213d8a26c2,h6000_q-000841_r+001425,hsub_ireland_main_island,OCEAN,False,2.577515631,0.254078,b4304e79a21226a1c9c72a19d3ca0d7531a559e34de3756d89609528cd2c80bf,"canonical hex polygon INTERSECT canonical OSM land component, unioned inside the hex (overlap-safe)",v1_sha1_hexid_pipe_subjectid
lfr_fcac166b64ad14,h6000_q-000836_r+001425,hsub_ireland_main_island,OCEAN,False,0.461058843,0.051681,49ef455ae3b14eb2143639b3546a2010946e2b0f8215089e4cc7e3c7a7cf60ec,"canonical hex polygon INTERSECT canonical OSM land component, unioned inside the hex (overlap-safe)",v1_sha1_hexid_pipe_subjectid
lfr_78e1e449b92668,h6000_q-000835_r+001425,hsub_ireland_main_island,OCEAN,False,0.886384327,0.092997,f37a2a7f9d1026c71493dc6ab5c424553daad1b00b98f0e5600c036d785e3e22,"canonical hex polygon INTERSECT canonical OSM land component, unioned inside the hex (overlap-safe)",v1_sha1_hexid_pipe_subjectid
lfr_0c330f89c5d5b2,h6000_q-000828_r+001425,hsub_ireland_main_island,OCEAN,False,0.853048581,0.083853,7231164512b5b62d030c52e9fac6943a419625a1d2c938a9cda3bd671a9f59a4,"canonical hex polygon INTERSECT canonical OSM land component, unioned inside the hex (overlap-safe)",v1_sha1_hexid_pipe_subjectid
lfr_2e11b695e5cf7c,h6000_q-000827_r+001425,hsub_ireland_main_island,OCEAN,False,5.013249589,0.4929,76e73cd5fd97535d11168689f7bf9fd35b47bd20cb6c081c5ae7ca6347981593,"canonical hex polygon INTERSECT canonical OSM land component, unioned inside the hex (overlap-safe)",v1_sha1_hexid_pipe_subjectid
lfr_fa18a4b70a9643,h6000_q-000826_r+001425,hsub_ireland_main_island,OCEAN,False,3.439068168,0.338107,37145cffef398caad07d54752804baec3d8c0b9c4d2b60c736dfeca389c034f5,"canonical hex polygon INTERSECT canonical OSM land component, unioned inside the hex (overlap-safe)",v1_sha1_hexid_pipe_subjectid
lfr_10fd23aff5cb29,h6000_q-000859_r+001426,hsub_ireland_main_island,OCEAN,False,0.003716784,0.000366,574ee6a781e20ba1756f2b7bc99dfbdceaebae486511ac0dfd0d2b918ff79a07,"canonical hex polygon INTERSECT canonical OSM land component, unioned inside the hex (overlap-safe)",v1_sha1_hexid_pipe_subjectid
lfr_5776938e7a43fe,h6000_q-000858_r+001426,hsub_ireland_main_island,OCEAN,False,2.68622182,0.264451,aa6601a43de3a4810fc06575f4551f797756edf9fd9a21bdb289c35f8f63a94e,"canonical hex polygon INTERSECT canonical OSM land component, unioned inside the hex (overlap-safe)",v1_sha1_hexid_pipe_subjectid
lfr_e2e89055d18b56,h6000_q-000857_r+001426,hsub_ireland_main_island,OCEAN,False,3.426016766,0.345342,2cb6ec1502e890dfcb2f449ad8e99576ef6cc0f54ff68e0a0b18b4435a176d53,"canonical hex polygon INTERSECT canonical OSM land component, unioned inside the hex (overlap-safe)",v1_sha1_hexid_pipe_subjectid
lfr_6c826e4389d681,h6000_q-000854_r+001426,hsub_ireland_main_island,OCEAN,False,1.815400564,0.179879,cfbf4f54333a4dfb9bce97d6545c38e7c17d47f3aace9ba435e41c52dc5ce897,"canonical hex polygon INTERSECT canonical OSM land component, unioned inside the hex (overlap-safe)",v1_sha1_hexid_pipe_subjectid
lfr_06567d99e2278d,h6000_q-000853_r+001426,hsub_ireland_main_island,OCEAN,False,0.797717563,0.078557,a354adc4c97376b49950d1723a85634fc4c94342d752b44c9b7fa37a5b21faca,"canonical hex polygon INTERSECT canonical OSM land component, unioned inside the hex (overlap-safe)",v1_sha1_hexid_pipe_subjectid
lfr_2e3249dd14ea08,h6000_q-000841_r+001426,hsub_ireland_main_island,OCEAN,False,0.019113185,0.002088,ceec21c29671839c1d5b611b6f24a093e8bd06a1ad65f0a4bbcdf3c5ec5fa337,"canonical hex polygon INTERSECT canonical OSM land component, unioned inside the hex (overlap-safe)",v1_sha1_hexid_pipe_subjectid
lfr_4706ab6bb5cffb,h6000_q-000834_r+001426,hsub_ireland_main_island,OCEAN,False,2.156375647,0.212524,dd6c2b15583215cb9e8bea476a72482297bd57515cfebe4cd96932ff7d4021e4,"canonical hex polygon INTERSECT canonical OSM land component, unioned inside the hex (overlap-safe)",v1_sha1_hexid_pipe_subjectid
lfr_4de527ff1b74ba,h6000_q-000832_r+001426,hsub_ireland_main_island,OCEAN,False,1.227550665,0.121321,938c2b0e5ec3073942a3f5d0816ae4fa83459fd0b826f67f1c8480f2f0711126,"canonical hex polygon INTERSECT canonical OSM land component, unioned inside the hex (overlap-safe)",v1_sha1_hexid_pipe_subjectid
lfr_ce2ce644296979,h6000_q-000831_r+001426,hsub_ireland_main_island,OCEAN,False,3.346414554,0.334994,54430baec37d1dd0e7e20d6ed09c1c43ec0957f66abc2428c8956df8cc06cf70,"canonical hex polygon INTERSECT canonical OSM land component, unioned inside the hex (overlap-safe)",v1_sha1_hexid_pipe_subjectid
lfr_0aff97b1581958,h6000_q-000830_r+001426,hsub_ireland_main_island,OCEAN,False,0.162882461,0.017133,1510751cba589e8ab2d1e0470488eb8d2f5eff0540cfd81cf471a21970f2c2e9,"canonical hex polygon INTERSECT canonical OSM land component, unioned inside the hex (overlap-safe)",v1_sha1_hexid_pipe_subjectid
lfr_99153d6646bdcb,h6000_q-000858_r+001427,hsub_ireland_main_island,OCEAN,False,0.0207771,0.002047,689873e38f4d3de1989441602cfe951309a4d181650049128c703f2ba5741d8c,"canonical hex polygon INTERSECT canonical OSM land component, unioned inside the hex (overlap-safe)",v1_sha1_hexid_pipe_subjectid
lfr_22906884d7f8c0,h6000_q-000856_r+001427,hsub_ireland_main_island,OCEAN,False,2.841400987,0.280082,d1b07706071e6640be7a90aa976599a6b6585c674db0b6b9ce0def93c8eb51df,"canonical hex polygon INTERSECT canonical OSM land component, unioned inside the hex (overlap-safe)",v1_sha1_hexid_pipe_subjectid
lfr_da43c63d8d991b,h6000_q-000855_r+001427,hsub_ireland_main_island,OCEAN,False,3.452187882,0.340324,3dfcb0854ee4d9c702e0fa0f29b7be75bd74f754fdd0e9c9d14dd1c6dbdb5906,"canonical hex polygon INTERSECT canonical OSM land component, unioned inside the hex (overlap-safe)",v1_sha1_hexid_pipe_subjectid
lfr_a96bd095bdecd2,h6000_q-000853_r+001427,hsub_ireland_main_island,OCEAN,False,4.47089708,0.44089,2d8978cc99eb26921652d91f278de9e42ad42260ed85a9766e43f5adab96e89f,"canonical hex polygon INTERSECT canonical OSM land component, unioned inside the hex (overlap-safe)",v1_sha1_hexid_pipe_subjectid
lfr_700e967e8af908,h6000_q-000844_r+001427,hsub_ireland_main_island,OCEAN,False,4.170745118,0.4112,5172a5f1b2f987f9f720b8ee0eeabc1e1351ec6dd5e5ca4271b7ccbe3fb875d7,"canonical hex polygon INTERSECT canonical OSM land component, unioned inside the hex (overlap-safe)",v1_sha1_hexid_pipe_subjectid
lfr_162d80c6a3271a,h6000_q-000843_r+001427,hsub_ireland_main_island,OCEAN,False,0.04303389,0.00424,c7569f193936526b3d1415de482d5362122ef730fc64f6419d7bd019c7a65230,"canonical hex polygon INTERSECT canonical OSM land component, unioned inside the hex (overlap-safe)",v1_sha1_hexid_pipe_subjectid
lfr_6e5b8db6e77d33,h6000_q-000853_r+001428,hsub_ireland_main_island,OCEAN,False,0.879124368,0.088267,74ade1c88072adaf9f5b40926a5def4df7a355bf4a7c67fd0249fec74ae6df6c,"canonical hex polygon INTERSECT canonical OSM land component, unioned inside the hex (overlap-safe)",v1_sha1_hexid_pipe_subjectid
lfr_b9d5b7b32f1460,h6000_q-000852_r+001428,hsub_ireland_main_island,OCEAN,False,0.992436672,0.097946,a2b2e87aa7feae9c90362054f0fca8151a7767f0585694f6bd5bbfc69c6d44b6,"canonical hex polygon INTERSECT canonical OSM land component, unioned inside the hex (overlap-safe)",v1_sha1_hexid_pipe_subjectid
lfr_b5d1ed84474da4,h6000_q-000846_r+001428,hsub_ireland_main_island,OCEAN,False,1.626170681,0.160485,f6df6d2ad0c0b14fe4dfa35b0e4144b5e46655549cf8a58e9a27c7daf8e16bfd,"canonical hex polygon INTERSECT canonical OSM land component, unioned inside the hex (overlap-safe)",v1_sha1_hexid_pipe_subjectid
lfr_f8396f28df9596,h6000_q-000851_r+001429,hsub_ireland_main_island,OCEAN,False,3.128235736,0.309243,f180897ef180c71efc40aced48a034159289fde9173de9c42fb9b05afd68a54c,"canonical hex polygon INTERSECT canonical OSM land component, unioned inside the hex (overlap-safe)",v1_sha1_hexid_pipe_subjectid
lfr_6bd29545a902df,h6000_q-000847_r+001429,hsub_ireland_main_island,OCEAN,False,0.004705925,0.000465,697cec072f711a55c403e2a29379e8c2cb3a2b8e4522ad264d7c8e7c1f85352b,"canonical hex polygon INTERSECT canonical OSM land component, unioned inside the hex (overlap-safe)",v1_sha1_hexid_pipe_subjectid
lfr_1aa997ae4a3841,h6000_q-000852_r+001430,hsub_ireland_main_island,OCEAN,False,0.797329202,0.078971,6b9c54b2f44f7935c8c213ed50d92aa1bebc3e39ab472e2a43e0f4934fbc6afa,"canonical hex polygon INTERSECT canonical OSM land component, unioned inside the hex (overlap-safe)",v1_sha1_hexid_pipe_subjectid
lfr_c210d29b2fd72f,h6000_q-000849_r+001430,hsub_ireland_main_island,OCEAN,False,4.870211791,0.482011,26adf03b292b98a282ab30958934e82eb6f76e88222bf7de51d3949a381d2855,"canonical hex polygon INTERSECT canonical OSM land component, unioned inside the hex (overlap-safe)",v1_sha1_hexid_pipe_subjectid
lfr_388d3300b2e01a,h6000_q-000848_r+001430,hsub_ireland_main_island,OCEAN,False,0.431946849,0.042745,792af7d43af3697f0119adf65004f9797366d6461a5f33f1c7347e6995934493,"canonical hex polygon INTERSECT canonical OSM land component, unioned inside the hex (overlap-safe)",v1_sha1_hexid_pipe_subjectid
lfr_9c71209bc624fc,h6000_q-000853_r+001431,hsub_ireland_main_island,OCEAN,False,0.63564334,0.066639,49da56589b92e5213ec704762e859e7a573a1eb50c6144dfbbeb9bd9fb6fd704,"canonical hex polygon INTERSECT canonical OSM land component, unioned inside the hex (overlap-safe)",v1_sha1_hexid_pipe_subjectid
lfr_d510432279e55f,h6000_q-000852_r+001431,hsub_ireland_main_island,OCEAN,False,4.930495232,0.49266,a8af89cbf49848addd16ed266907be367d814f771b5d1493375e03cb8eeb49f3,"canonical hex polygon INTERSECT canonical OSM land component, unioned inside the hex (overlap-safe)",v1_sha1_hexid_pipe_subjectid
lfr_79dbdc2fcf5472,h6000_q-000851_r+001431,hsub_ireland_main_island,OCEAN,False,1.077215443,0.117605,a24798ea18b68b591052593c9a0510aef0ef8d09d940f9ab0dff022a17891de9,"canonical hex polygon INTERSECT canonical OSM land component, unioned inside the hex (overlap-safe)",v1_sha1_hexid_pipe_subjectid
lfr_39ea6f59264a41,h6000_q-000143_r+000845,hsub_sicily_main_island,OCEAN,False,5.813810438,0.291951,cbee4c99d6dcf7c57d5dc6764636d8b8bc00138f066b9f581b5ec7e9fe203a13,"canonical hex polygon INTERSECT canonical OSM land component, unioned inside the hex (overlap-safe)",v1_sha1_hexid_pipe_subjectid
lfr_8fa2706fd7d433,h6000_q-000142_r+000845,hsub_sicily_main_island,OCEAN,False,1.977953809,0.098786,d06d274def7b32a3936108d5192c49b9505c81cb34879272be44070aa19fe0fb,"canonical hex polygon INTERSECT canonical OSM land component, unioned inside the hex (overlap-safe)",v1_sha1_hexid_pipe_subjectid
lfr_70010c00b539f3,h6000_q-000149_r+000846,hsub_sicily_main_island,OCEAN,False,0.536368356,0.02682,22e0da61b01ef6b41e39dffeff8311d594824e6a1a3befdd13abb6fbd83ef9e9,"canonical hex polygon INTERSECT canonical OSM land component, unioned inside the hex (overlap-safe)",v1_sha1_hexid_pipe_subjectid
lfr_c50c47a025e36f,h6000_q-000148_r+000846,hsub_sicily_main_island,OCEAN,False,0.05975514,0.002988,ab37d2d14615ac39a65f247024daa9074d8de4735f12e0e3cbdd4fc05d2001c9,"canonical hex polygon INTERSECT canonical OSM land component, unioned inside the hex (overlap-safe)",v1_sha1_hexid_pipe_subjectid
lfr_550a3aa23b77d1,h6000_q-000146_r+000846,hsub_sicily_main_island,OCEAN,False,1.36102575,0.068128,4877dcf44a0f2185743d80da01e3f9229be8809861066fbc9a2a0a2555020dc1,"canonical hex polygon INTERSECT canonical OSM land component, unioned inside the hex (overlap-safe)",v1_sha1_hexid_pipe_subjectid
lfr_50a1466010641c,h6000_q-000145_r+000846,hsub_sicily_main_island,OCEAN,False,5.889265523,0.294435,2436df37b4a5f5b3b276b60c67b4aed317a679d2d622e3ba80f1204d78db4586,"canonical hex polygon INTERSECT canonical OSM land component, unioned inside the hex (overlap-safe)",v1_sha1_hexid_pipe_subjectid
lfr_ca8d0d7f8c00b2,h6000_q-000142_r+000846,hsub_sicily_main_island,OCEAN,False,4.414192131,0.237638,7a8b986e28ac94030ba9c9e7cca8be58d16286b3a88fe7cfcffaf02912e06101,"canonical hex polygon INTERSECT canonical OSM land component, unioned inside the hex (overlap-safe)",v1_sha1_hexid_pipe_subjectid
lfr_632e117aebf7ba,h6000_q-000151_r+000847,hsub_sicily_main_island,OCEAN,False,9.528746172,0.476773,a93735f6fda6b8f23025d286e42d2359be9cd4e597e708f90b1d3082759137ee,"canonical hex polygon INTERSECT canonical OSM land component, unioned inside the hex (overlap-safe)",v1_sha1_hexid_pipe_subjectid
lfr_946e3d8fd77023,h6000_q-000155_r+000848,hsub_sicily_main_island,OCEAN,False,0.170917058,0.008736,ee946603498763dd4cad4de649199e16e6ba3ad40d6ba55c70fa9c982071b567,"canonical hex polygon INTERSECT canonical OSM land component, unioned inside the hex (overlap-safe)",v1_sha1_hexid_pipe_subjectid
lfr_270448868072eb,h6000_q-000154_r+000848,hsub_sicily_main_island,OCEAN,False,1.565781726,0.078435,25d638eb44c3b17a324d3bdbd766f1b871c1e51b004e040ba42e28a1aa6cf918,"canonical hex polygon INTERSECT canonical OSM land component, unioned inside the hex (overlap-safe)",v1_sha1_hexid_pipe_subjectid
lfr_a7006a508d1172,h6000_q-000153_r+000848,hsub_sicily_main_island,OCEAN,False,7.011329439,0.351184,0813432f3998fa6ef1aefe3a82531b1805cfca9d8e046038b7daf9beaf73abcf,"canonical hex polygon INTERSECT canonical OSM land component, unioned inside the hex (overlap-safe)",v1_sha1_hexid_pipe_subjectid
lfr_8ecc82d58a6230,h6000_q-000156_r+000849,hsub_sicily_main_island,OCEAN,False,7.606820869,0.381369,d994b5e4aee178d9b32b5486ca91e5a8a2c71406818762aae5474cda0b57b736,"canonical hex polygon INTERSECT canonical OSM land component, unioned inside the hex (overlap-safe)",v1_sha1_hexid_pipe_subjectid
lfr_028838f32e1f1e,h6000_q-000144_r+000849,hsub_sicily_main_island,OCEAN,False,2.921505906,0.148998,01724f0c0bfbe3e3f224a8905df42540ddc6e964e960150683c7b90e6115aa44,"canonical hex polygon INTERSECT canonical OSM land component, unioned inside the hex (overlap-safe)",v1_sha1_hexid_pipe_subjectid
lfr_552fc3b9d02ff5,h6000_q-000157_r+000850,hsub_sicily_main_island,OCEAN,False,5.646398158,0.283312,338270be1559bd9adc05c2fb96802078ad189111762f4d7a95146bdf0acc86de,"canonical hex polygon INTERSECT canonical OSM land component, unioned inside the hex (overlap-safe)",v1_sha1_hexid_pipe_subjectid
lfr_c9b692abc5c262,h6000_q-000158_r+000851,hsub_sicily_main_island,OCEAN,False,2.206355048,0.110834,e6cc3cfff6ca9b2d3abc2fa238212e0ffc804bb7ad0f9031449cbfab7862d7d4,"canonical hex polygon INTERSECT canonical OSM land component, unioned inside the hex (overlap-safe)",v1_sha1_hexid_pipe_subjectid
lfr_1bc31ee3cdc874,h6000_q-000159_r+000852,hsub_sicily_main_island,OCEAN,False,1.842145302,0.092624,a53b6710bafb815a9a2dc77b7fc28b6a23127d8a33abadb4749faecb440f1993,"canonical hex polygon INTERSECT canonical OSM land component, unioned inside the hex (overlap-safe)",v1_sha1_hexid_pipe_subjectid
lfr_316a6a9591add3,h6000_q-000144_r+000852,hsub_sicily_main_island,OCEAN,False,0.007052965,0.000355,bc0f600d0f812d5bf22078869b3c2b9c2825b9207841b4db0eb3e41b47705972,"canonical hex polygon INTERSECT canonical OSM land component, unioned inside the hex (overlap-safe)",v1_sha1_hexid_pipe_subjectid
lfr_388d8d0d47a01d,h6000_q-000160_r+000853,hsub_sicily_main_island,OCEAN,False,2.101502286,0.105766,09d4b3cad2bb90e367b171a2b06c8a3c551ade6ae452da6d9cb860509487bc02,"canonical hex polygon INTERSECT canonical OSM land component, unioned inside the hex (overlap-safe)",v1_sha1_hexid_pipe_subjectid
lfr_93489eae51a949,h6000_q-000144_r+000853,hsub_sicily_main_island,OCEAN,False,2.74893201,0.138364,b9adfa6f9eb823387d4df5f9c3f293bed1a67356856069ec13cac88a4c6c39c0,"canonical hex polygon INTERSECT canonical OSM land component, unioned inside the hex (overlap-safe)",v1_sha1_hexid_pipe_subjectid
lfr_f46bf6dd590134,h6000_q-000161_r+000854,hsub_sicily_main_island,OCEAN,False,4.956930548,0.249723,03dfffa7105a96cddfe86abcb363bad153253a9407ce1335bc457b2e123721af,"canonical hex polygon INTERSECT canonical OSM land component, unioned inside the hex (overlap-safe)",v1_sha1_hexid_pipe_subjectid
lfr_e9382dc25e6cc2,h6000_q-000143_r+000854,hsub_sicily_main_island,OCEAN,False,0.879444666,0.044309,98c7793dfa917ec975d7bd1706dbae7ff8834a856d20154f9cecf40b94cbd159,"canonical hex polygon INTERSECT canonical OSM land component, unioned inside the hex (overlap-safe)",v1_sha1_hexid_pipe_subjectid
lfr_a89733cd500bc0,h6000_q-000142_r+000854,hsub_sicily_main_island,OCEAN,False,3.6999e-05,2e-06,5c25fb2ec7008e280ed7efdd9fc4307aa2066ec440d0efefdce9a6188df57971,"canonical hex polygon INTERSECT canonical OSM land component, unioned inside the hex (overlap-safe)",v1_sha1_hexid_pipe_subjectid
lfr_eeacf030f3620e,h6000_q-000143_r+000855,hsub_sicily_main_island,OCEAN,False,5.224879194,0.263397,c7fa61eb96dd210382e0cd04f6f1ff075f8330e06f31255a02bf5efd3d44c10f,"canonical hex polygon INTERSECT canonical OSM land component, unioned inside the hex (overlap-safe)",v1_sha1_hexid_pipe_subjectid
lfr_d71b22fcc94f5a,h6000_q-000164_r+000856,hsub_sicily_main_island,OCEAN,False,7.146942745,0.360766,e0dec40dfcc0d33e474b44cd4d3058356e0ed0b37c0b533c950619dd27a7ad9a,"canonical hex polygon INTERSECT canonical OSM land component, unioned inside the hex (overlap-safe)",v1_sha1_hexid_pipe_subjectid
lfr_c97a4ec799739e,h6000_q-000144_r+000856,hsub_sicily_main_island,OCEAN,False,2.99633423,0.151656,c1dc0b70962c43d5a5a598057d79f83ce3b5694be5f83f5a1a733f8018dec696,"canonical hex polygon INTERSECT canonical OSM land component, unioned inside the hex (overlap-safe)",v1_sha1_hexid_pipe_subjectid
lfr_3c4608724e3a48,h6000_q-000171_r+000857,hsub_sicily_main_island,OCEAN,False,7.820561009,0.395494,a21ea1f944b341aaba5e084d15f7ae6a9fb0045f83cd9069a646cde165bf3b91,"canonical hex polygon INTERSECT canonical OSM land component, unioned inside the hex (overlap-safe)",v1_sha1_hexid_pipe_subjectid
lfr_6387f8ad21ecaf,h6000_q-000169_r+000857,hsub_sicily_main_island,OCEAN,False,5.586298265,0.282273,55bdddd93814c1bce383fb4e2924007b8a2bba912322bce49465b8b282fb300f,"canonical hex polygon INTERSECT canonical OSM land component, unioned inside the hex (overlap-safe)",v1_sha1_hexid_pipe_subjectid
lfr_9e5b5a1781d988,h6000_q-000168_r+000857,hsub_sicily_main_island,OCEAN,False,5.510557826,0.280653,5b519763cc124bfe4ae99b2a07ba7420b5dae60a17efba6e8d708e17834c3082,"canonical hex polygon INTERSECT canonical OSM land component, unioned inside the hex (overlap-safe)",v1_sha1_hexid_pipe_subjectid
lfr_e4056ef6337966,h6000_q-000167_r+000857,hsub_sicily_main_island,OCEAN,False,6.398657404,0.323316,49c2dfa722cc74385ebb428d2afe73ec54cee1456d6df4f05d2014d5bcda0b40,"canonical hex polygon INTERSECT canonical OSM land component, unioned inside the hex (overlap-safe)",v1_sha1_hexid_pipe_subjectid
lfr_1aacdd85c5c944,h6000_q-000174_r+000858,hsub_sicily_main_island,OCEAN,False,2.161472462,0.10933,94178287bf0c990e8e7cc4e37276ec70e5ae8c48545b51c8b798e7b4dd2714a7,"canonical hex polygon INTERSECT canonical OSM land component, unioned inside the hex (overlap-safe)",v1_sha1_hexid_pipe_subjectid
lfr_bc1cea0668be5d,h6000_q-000173_r+000858,hsub_sicily_main_island,OCEAN,False,5.532008937,0.279804,e2fc86ef8c770a5b2fa9e2947dad35be282d9df1e806fc9227471ebb6bf99c5e,"canonical hex polygon INTERSECT canonical OSM land component, unioned inside the hex (overlap-safe)",v1_sha1_hexid_pipe_subjectid
lfr_af8460348452c5,h6000_q-000146_r+000858,hsub_sicily_main_island,OCEAN,False,0.577400231,0.029205,3379299e917ded0da19ac2e63e746800687310973459bf55a8175cc5617643f1,"canonical hex polygon INTERSECT canonical OSM land component, unioned inside the hex (overlap-safe)",v1_sha1_hexid_pipe_subjectid
lfr_a96ea31519ef04,h6000_q-000176_r+000859,hsub_sicily_main_island,OCEAN,False,0.975375452,0.049401,7ebfe6f281bb71879e3c760479f22222de3410814ec381bb3392e51f85b567f4,"canonical hex polygon INTERSECT canonical OSM land component, unioned inside the hex (overlap-safe)",v1_sha1_hexid_pipe_subjectid
lfr_ee52f9cd474fa9,h6000_q-000147_r+000859,hsub_sicily_main_island,OCEAN,False,0.784471446,0.039689,848e5c364873bb79bfb7c9f2bd501fce854c9c5d63ccdb041652f9834067039f,"canonical hex polygon INTERSECT canonical OSM land component, unioned inside the hex (overlap-safe)",v1_sha1_hexid_pipe_subjectid
lfr_c7ed6d8f9e076c,h6000_q-000177_r+000860,hsub_sicily_main_island,OCEAN,False,3.635643896,0.184227,fc3e9025f807170e70bae87ceae9111ac6cb39c202f06ce25a6c223ba08c75e0,"canonical hex polygon INTERSECT canonical OSM land component, unioned inside the hex (overlap-safe)",v1_sha1_hexid_pipe_subjectid
lfr_0fc8a1e2ded12f,h6000_q-000148_r+000860,hsub_sicily_main_island,OCEAN,False,5.142427035,0.260708,1c5c54bced9794d6c9de1a3958eb5b1a70f3c07623c6f93b95189c6e8e2e0851,"canonical hex polygon INTERSECT canonical OSM land component, unioned inside the hex (overlap-safe)",v1_sha1_hexid_pipe_subjectid
lfr_66ff4a6aa1fd00,h6000_q-000147_r+000860,hsub_sicily_main_island,OCEAN,False,0.189452724,0.009603,a7f00d7871bbf7a596bd025d6a75c5e4a5501dbc238d6ade1c8c2d76d5744843,"canonical hex polygon INTERSECT canonical OSM land component, unioned inside the hex (overlap-safe)",v1_sha1_hexid_pipe_subjectid
lfr_8b949b1e3b933a,h6000_q-000179_r+000861,hsub_sicily_main_island,OCEAN,False,0.103092931,0.00523,8752af8c0e5cfebdf6a81e08cc2596e949aa36ce6008beaa88d9ca8560d5c5e8,"canonical hex polygon INTERSECT canonical OSM land component, unioned inside the hex (overlap-safe)",v1_sha1_hexid_pipe_subjectid
lfr_d152c33f07f46f,h6000_q-000147_r+000861,hsub_sicily_main_island,OCEAN,False,0.08975855,0.004582,dcb902dac3681942dac712579f72b25a472359347beb65bcdce7a78de18a9ff4,"canonical hex polygon INTERSECT canonical OSM land component, unioned inside the hex (overlap-safe)",v1_sha1_hexid_pipe_subjectid
lfr_072433c95f0ae7,h6000_q-000182_r+000862,hsub_sicily_main_island,OCEAN,False,0.316331722,0.016061,0c84145b7b00127ab7ae601fedf1f3475c6d8b18f21cc394608de8819fb3a208,"canonical hex polygon INTERSECT canonical OSM land component, unioned inside the hex (overlap-safe)",v1_sha1_hexid_pipe_subjectid
lfr_9fbc24a67b7412,h6000_q-000181_r+000862,hsub_sicily_main_island,OCEAN,False,7.198485927,0.365565,e2d3e3438e8e97bb749595f45aac13467126a57ac939afe5a90bcda87279590f,"canonical hex polygon INTERSECT canonical OSM land component, unioned inside the hex (overlap-safe)",v1_sha1_hexid_pipe_subjectid
lfr_be226886c18a3f,h6000_q-000180_r+000862,hsub_sicily_main_island,OCEAN,False,9.308777473,0.472636,707aaf1b4ca69e982c9533c3ed2f8666889c04e0e27a4d495a3d745837c69750,"canonical hex polygon INTERSECT canonical OSM land component, unioned inside the hex (overlap-safe)",v1_sha1_hexid_pipe_subjectid
lfr_f752bbd9538381,h6000_q-000149_r+000862,hsub_sicily_main_island,OCEAN,False,9.538170138,0.484086,eb7dfde4ee7b5cea8e75d8ee393fcd1f7fc78964e97195fa0c42e1b2bcfda35f,"canonical hex polygon INTERSECT canonical OSM land component, unioned inside the hex (overlap-safe)",v1_sha1_hexid_pipe_subjectid
lfr_7f10876174b64d,h6000_q-000183_r+000863,hsub_sicily_main_island,OCEAN,False,4.985783343,0.253403,37ce59ccd99c0d4c3e19fe387bb46499ea5067634a5c89a71062e5309edf4a94,"canonical hex polygon INTERSECT canonical OSM land component, unioned inside the hex (overlap-safe)",v1_sha1_hexid_pipe_subjectid
lfr_e70727d0624dec,h6000_q-000151_r+000863,hsub_sicily_main_island,OCEAN,False,4.315758743,0.219235,68c19fc212d7c7c43995d6782b224d841bda28ad738c444e6aafd8cb4c8097cf,"canonical hex polygon INTERSECT canonical OSM land component, unioned inside the hex (overlap-safe)",v1_sha1_hexid_pipe_subjectid
lfr_4864837b1df892,h6000_q-000185_r+000864,hsub_sicily_main_island,OCEAN,False,4.406472499,0.224179,4571c318146f4b753de962424c3c9190503f3fc50e2fa3d0b014d66e79ad5665,"canonical hex polygon INTERSECT canonical OSM land component, unioned inside the hex (overlap-safe)",v1_sha1_hexid_pipe_subjectid
lfr_ca1d9c457d5d8f,h6000_q-000152_r+000865,hsub_sicily_main_island,OCEAN,False,0.000532561,9.6e-05,d23ad47df9aed983e3deff7ba9c9e41a48803670cf06d939758fa622dcc35681,"canonical hex polygon INTERSECT canonical OSM land component, unioned inside the hex (overlap-safe)",v1_sha1_hexid_pipe_subjectid
lfr_efa19079680b76,h6000_q-000188_r+000866,hsub_sicily_main_island,OCEAN,False,0.224512397,0.011445,c408d5d1e4ec9c24df2cb89047f7002220e1081dd5479997ba90d69d05fb8fbc,"canonical hex polygon INTERSECT canonical OSM land component, unioned inside the hex (overlap-safe)",v1_sha1_hexid_pipe_subjectid
lfr_71ea26e3cffe87,h6000_q-000153_r+000866,hsub_sicily_main_island,OCEAN,False,8.359064119,0.425981,7bae4a93b3182a32c4ebea2498b22aad6d3967c6899fe16deeae789c4856557b,"canonical hex polygon INTERSECT canonical OSM land component, unioned inside the hex (overlap-safe)",v1_sha1_hexid_pipe_subjectid
lfr_254e91244131e6,h6000_q-000190_r+000867,hsub_sicily_main_island,OCEAN,False,0.116701771,0.005957,02c63abf42124231c8e316c6fd3ddca6dd4de6bb659eb78d69111c3dcf8f989f,"canonical hex polygon INTERSECT canonical OSM land component, unioned inside the hex (overlap-safe)",v1_sha1_hexid_pipe_subjectid
lfr_6fdf875d6ca387,h6000_q-000189_r+000867,hsub_sicily_main_island,OCEAN,False,5.10779133,0.260613,c4992e49d9689cd6450c23a04488350294d8ea983882877c3ca501d15a43d2bd,"canonical hex polygon INTERSECT canonical OSM land component, unioned inside the hex (overlap-safe)",v1_sha1_hexid_pipe_subjectid
lfr_18d1d5749cb5e4,h6000_q-000153_r+000867,hsub_sicily_main_island,OCEAN,False,0.023572125,0.001203,3e0136ef912956c099ffa62313d72b1e180cc2b7258ee3b3fb09053abe550e58,"canonical hex polygon INTERSECT canonical OSM land component, unioned inside the hex (overlap-safe)",v1_sha1_hexid_pipe_subjectid
lfr_91f4c928494e57,h6000_q-000193_r+000868,hsub_sicily_main_island,OCEAN,False,1.589647792,0.081183,2e2735b776f6ca2f6baedff839af2299eab6bfbff396e8ac028cae3c45f1046c,"canonical hex polygon INTERSECT canonical OSM land component, unioned inside the hex (overlap-safe)",v1_sha1_hexid_pipe_subjectid
lfr_9e2b6e11eb3a28,h6000_q-000199_r+000869,hsub_sicily_main_island,OCEAN,False,1.454411948,0.07437,a2896ccf46d725f8baf882669e4beeac283d1c79a56217b1ecd19042f70c31c2,"canonical hex polygon INTERSECT canonical OSM land component, unioned inside the hex (overlap-safe)",v1_sha1_hexid_pipe_subjectid
lfr_6be27f6b275cf1,h6000_q-000194_r+000869,hsub_sicily_main_island,OCEAN,False,3.813354901,0.194957,227b3f112998222c56be5fe1679c38a842ea7187c7cd99a8cb80951efaf68d74,"canonical hex polygon INTERSECT canonical OSM land component, unioned inside the hex (overlap-safe)",v1_sha1_hexid_pipe_subjectid
lfr_d37c743c407d91,h6000_q-000153_r+000869,hsub_sicily_main_island,OCEAN,False,0.775396957,0.041043,f54651abf06c9939126d4f53bddc4eb582708d6e8c0114f991e8487cba70f025,"canonical hex polygon INTERSECT canonical OSM land component, unioned inside the hex (overlap-safe)",v1_sha1_hexid_pipe_subjectid
lfr_1fb423e42325d8,h6000_q-000201_r+000870,hsub_sicily_main_island,OCEAN,False,0.122121258,0.00625,c0551d2fc6e98d08c1c3d00c12f03e8459ba96e4e47f3f860a7e2f048748a77b,"canonical hex polygon INTERSECT canonical OSM land component, unioned inside the hex (overlap-safe)",v1_sha1_hexid_pipe_subjectid
lfr_b8a4f91ae755d6,h6000_q-000153_r+000870,hsub_sicily_main_island,OCEAN,False,0.688240867,0.035213,a150917f21a4d18edefb7cb333b7dec85bb23ff54972b5f55ecb8d44dcc332d3,"canonical hex polygon INTERSECT canonical OSM land component, unioned inside the hex (overlap-safe)",v1_sha1_hexid_pipe_subjectid
lfr_fa832cc7891061,h6000_q-000202_r+000871,hsub_sicily_main_island,OCEAN,False,0.00578054,0.000296,1ea32809ab107f8b065bb945af5019bc36d1e647c5b8cbeada0a09706767ad9c,"canonical hex polygon INTERSECT canonical OSM land component, unioned inside the hex (overlap-safe)",v1_sha1_hexid_pipe_subjectid
lfr_c8dff5a93f9b0e,h6000_q-000204_r+000872,hsub_sicily_main_island,OCEAN,False,3.061058396,0.156967,e09153b921c0b090776c6e3359d602e6e3f1a80b83d8824e8507f916c740673d,"canonical hex polygon INTERSECT canonical OSM land component, unioned inside the hex (overlap-safe)",v1_sha1_hexid_pipe_subjectid
lfr_858c7a71de30aa,h6000_q-000203_r+000872,hsub_sicily_main_island,OCEAN,False,8.601784013,0.441056,56a047f703973fa21618e69ffde396c9186e6dca4c70b3cbd5a4a2822bae7714,"canonical hex polygon INTERSECT canonical OSM land component, unioned inside the hex (overlap-safe)",v1_sha1_hexid_pipe_subjectid
lfr_314e7b5919e6c8,h6000_q-000154_r+000872,hsub_sicily_main_island,OCEAN,False,7.658186348,0.392608,2ecca249bee443196a15f7844f8b48f169725c23c6bd18f42ad221ad39c2f89b,"canonical hex polygon INTERSECT canonical OSM land component, unioned inside the hex (overlap-safe)",v1_sha1_hexid_pipe_subjectid
lfr_ff1499e2cc5a27,h6000_q-000205_r+000873,hsub_sicily_main_island,OCEAN,False,7.232924847,0.371207,b33272c1e445bcc60f892a1c5a07c6e689bdbce6efe3ee783891fc7b6bd010d4,"canonical hex polygon INTERSECT canonical OSM land component, unioned inside the hex (overlap-safe)",v1_sha1_hexid_pipe_subjectid
lfr_4fb9c0f0b9559a,h6000_q-000154_r+000873,hsub_sicily_main_island,OCEAN,False,3.135518504,0.16092,a8a7bf16d2d998e8c59d7ab58856190343aeaaf039b538fd13864076d67724e0,"canonical hex polygon INTERSECT canonical OSM land component, unioned inside the hex (overlap-safe)",v1_sha1_hexid_pipe_subjectid
lfr_65d686ca07d018,h6000_q-000206_r+000874,hsub_sicily_main_island,OCEAN,False,1.784035413,0.09175,190d3fb50336ac647a83df4e11678d817169f6a9c4bfee425eba7f19375f300f,"canonical hex polygon INTERSECT canonical OSM land component, unioned inside the hex (overlap-safe)",v1_sha1_hexid_pipe_subjectid
lfr_276d9fe2ed12d0,h6000_q-000207_r+000875,hsub_sicily_main_island,OCEAN,False,0.013329827,0.000686,7354cd8692073573ddb694bac51f319f7e725ab30a102f95aca2687213cf36c8,"canonical hex polygon INTERSECT canonical OSM land component, unioned inside the hex (overlap-safe)",v1_sha1_hexid_pipe_subjectid
lfr_d882dfff313a51,h6000_q-000155_r+000875,hsub_sicily_main_island,OCEAN,False,8.307810092,0.427206,793c6db4eb1293af820572abed4c6c486100831fb30473dffa5602f88d46bbfc,"canonical hex polygon INTERSECT canonical OSM land component, unioned inside the hex (overlap-safe)",v1_sha1_hexid_pipe_subjectid
lfr_44ba73ef6e780e,h6000_q-000208_r+000878,hsub_sicily_main_island,OCEAN,False,0.619847095,0.322166,57782dfc55e55459b03873d3a96626c72e9b02f8b42517b469e6837871f4a263,"canonical hex polygon INTERSECT canonical OSM land component, unioned inside the hex (overlap-safe)",v1_sha1_hexid_pipe_subjectid
lfr_f569c527cbc18f,h6000_q-000209_r+000881,hsub_sicily_main_island,OCEAN,False,1.306409734,0.067558,0804cc68412ed480b63d1d72e8350730d7a3f834c253199a21e051d6dcdf2583,"canonical hex polygon INTERSECT canonical OSM land component, unioned inside the hex (overlap-safe)",v1_sha1_hexid_pipe_subjectid
lfr_060c8e18f78f06,h6000_q-000186_r+000881,hsub_sicily_main_island,OCEAN,False,5.593048844,0.289211,8214c461e6c081e84afdc6fcf41c34a9f4fe3aa33e1e390187674f498ceac5c5,"canonical hex polygon INTERSECT canonical OSM land component, unioned inside the hex (overlap-safe)",v1_sha1_hexid_pipe_subjectid
lfr_084edbcdce08f5,h6000_q-000185_r+000881,hsub_sicily_main_island,OCEAN,False,1.75360974,0.090734,922da3c09a0a3472b52719cc9f7ae4eaa04e399e8031c98088e564f1b5846ccd,"canonical hex polygon INTERSECT canonical OSM land component, unioned inside the hex (overlap-safe)",v1_sha1_hexid_pipe_subjectid
lfr_71389c044625df,h6000_q-000184_r+000881,hsub_sicily_main_island,OCEAN,False,5.987314565,0.309589,d09f74c59cc548c5ba02294f64eb1c0fd73ad96564dc688b6f468d0dfb21e412,"canonical hex polygon INTERSECT canonical OSM land component, unioned inside the hex (overlap-safe)",v1_sha1_hexid_pipe_subjectid
lfr_f5aee727ae849c,h6000_q-000154_r+000881,hsub_sicily_main_island,OCEAN,False,0.446213023,0.023086,72f6e4ac0477667be986b11ed5f8a05381f1630ef3b32a16ab19c585c4af959e,"canonical hex polygon INTERSECT canonical OSM land component, unioned inside the hex (overlap-safe)",v1_sha1_hexid_pipe_subjectid
lfr_d71d3d3bc00763,h6000_q-000209_r+000882,hsub_sicily_main_island,OCEAN,False,3.581814795,0.189484,eca8a9a8361460c60d6833c47c0e76f498885d479361ec6cbc0fc089e24fe74b,"canonical hex polygon INTERSECT canonical OSM land component, unioned inside the hex (overlap-safe)",v1_sha1_hexid_pipe_subjectid
lfr_f9938f65187f68,h6000_q-000188_r+000882,hsub_sicily_main_island,OCEAN,False,1.547310453,0.080131,6addb87dc12a474ec1911fdd03c72ccfeec6a3272635bf7b765820aa4c346251,"canonical hex polygon INTERSECT canonical OSM land component, unioned inside the hex (overlap-safe)",v1_sha1_hexid_pipe_subjectid
lfr_41691a0949f692,h6000_q-000183_r+000882,hsub_sicily_main_island,OCEAN,False,2.357941625,0.122039,0a9c538f35dd735b6fd6ea8fc7f198b204facfe1d835397e7c9d60617beb84a4,"canonical hex polygon INTERSECT canonical OSM land component, unioned inside the hex (overlap-safe)",v1_sha1_hexid_pipe_subjectid
lfr_243266e2c13bb8,h6000_q-000180_r+000882,hsub_sicily_main_island,OCEAN,False,7.774830177,0.409663,dc125ceaf93dbc8e2806be1ed9bb37981002fee2cbdbdb447d7e0ed7227bc55b,"canonical hex polygon INTERSECT canonical OSM land component, unioned inside the hex (overlap-safe)",v1_sha1_hexid_pipe_subjectid
lfr_2f64c839a561d3,h6000_q-000179_r+000882,hsub_sicily_main_island,OCEAN,False,6.045746079,0.312961,0796ce2e09f744cbd43da4ec8c2ead9f31f86260f5c56b8206ea7d38127ecc72,"canonical hex polygon INTERSECT canonical OSM land component, unioned inside the hex (overlap-safe)",v1_sha1_hexid_pipe_subjectid
lfr_b1f6e589e642f4,h6000_q-000178_r+000882,hsub_sicily_main_island,OCEAN,False,6.827034158,0.353376,7ca73bad7b79d07b043f51c8a4258eb6bb5b16af1f579fe8a7ab8d91f663878a,"canonical hex polygon INTERSECT canonical OSM land component, unioned inside the hex (overlap-safe)",v1_sha1_hexid_pipe_subjectid
lfr_51cc6c7d44ab0a,h6000_q-000177_r+000882,hsub_sicily_main_island,OCEAN,False,2.657979937,0.137598,7f201d5433f15e192ec281e129093a833e6344369cf290ce97ec6b9f01567952,"canonical hex polygon INTERSECT canonical OSM land component, unioned inside the hex (overlap-safe)",v1_sha1_hexid_pipe_subjectid
lfr_c527c376bd2547,h6000_q-000176_r+000882,hsub_sicily_main_island,OCEAN,False,1.497964799,0.077522,7137b75d1da6795529a06b1ab769c0dd3e02d45f926c03617aebc3a5502f2338,"canonical hex polygon INTERSECT canonical OSM land component, unioned inside the hex (overlap-safe)",v1_sha1_hexid_pipe_subjectid
lfr_0248ce446ea81d,h6000_q-000175_r+000882,hsub_sicily_main_island,OCEAN,False,4.28727642,0.221895,61106fae265683497fb7e39a1ccfda1e6cfb161690f982a272f9d16c2dc167ee,"canonical hex polygon INTERSECT canonical OSM land component, unioned inside the hex (overlap-safe)",v1_sha1_hexid_pipe_subjectid
lfr_0c955707057fd9,h6000_q-000174_r+000882,hsub_sicily_main_island,OCEAN,False,8.373494195,0.433434,007a964eb5fe18f4a981906cc53d0c0cbd1868a853dda8d2b057712a099d09b8,"canonical hex polygon INTERSECT canonical OSM land component, unioned inside the hex (overlap-safe)",v1_sha1_hexid_pipe_subjectid
lfr_c29e76d820b35c,h6000_q-000154_r+000882,hsub_sicily_main_island,OCEAN,False,1.629970544,0.08441,ef913b17e8b81b6352251c222c7e5288b4f063eac8a7fa202c90d3423f6ee281,"canonical hex polygon INTERSECT canonical OSM land component, unioned inside the hex (overlap-safe)",v1_sha1_hexid_pipe_subjectid
lfr_ae142929bcda86,h6000_q-000209_r+000883,hsub_sicily_main_island,OCEAN,False,0.578574417,0.030167,b5372938cadaa21663549b7f4b7eb68e21899ddb173fcbe6d68fcb4c19ed49db,"canonical hex polygon INTERSECT canonical OSM land component, unioned inside the hex (overlap-safe)",v1_sha1_hexid_pipe_subjectid
lfr_5673c6da4b3870,h6000_q-000203_r+000883,hsub_sicily_main_island,OCEAN,False,5.227168757,0.270895,0bf45f4daf6d99cfa04e606c536151974d1c97cf8cd49fd5a8a69c58fed01d1c,"canonical hex polygon INTERSECT canonical OSM land component, unioned inside the hex (overlap-safe)",v1_sha1_hexid_pipe_subjectid
lfr_0b9acbb281ca8e,h6000_q-000200_r+000883,hsub_sicily_main_island,OCEAN,False,7.763738443,0.402543,b6f3299e8bd545d924f0909d5ecc0c8bb947c9c998b8b787219779a4f6b621e9,"canonical hex polygon INTERSECT canonical OSM land component, unioned inside the hex (overlap-safe)",v1_sha1_hexid_pipe_subjectid
lfr_5092839d225de8,h6000_q-000190_r+000883,hsub_sicily_main_island,OCEAN,False,5.511011612,0.285747,4c4f500566798e95d5099613c21fe92d20f3dcb96f727204ecf3aee48b71c2f8,"canonical hex polygon INTERSECT canonical OSM land component, unioned inside the hex (overlap-safe)",v1_sha1_hexid_pipe_subjectid
lfr_e912c8976d2f5e,h6000_q-000181_r+000883,hsub_sicily_main_island,OCEAN,False,0.008053996,0.000417,6c2bbf766cac7fb6a20e5c86b973c823b9f35c4ff520d5c49ee8a8eb72b4447b,"canonical hex polygon INTERSECT canonical OSM land component, unioned inside the hex (overlap-safe)",v1_sha1_hexid_pipe_subjectid
lfr_c642cca260a01d,h6000_q-000172_r+000883,hsub_sicily_main_island,OCEAN,False,1.5893482,0.082343,d41266911a777c1b099173c8fece4bb5f05941921036c7059f16cb6d7f0ddae0,"canonical hex polygon INTERSECT canonical OSM land component, unioned inside the hex (overlap-safe)",v1_sha1_hexid_pipe_subjectid
lfr_3b20901e5ca3ac,h6000_q-000171_r+000883,hsub_sicily_main_island,OCEAN,False,8.972884545,0.464916,b40023edfe39a17b7f4c28275fbe7e48af1a9e45c843980948d7ace61492b3d3,"canonical hex polygon INTERSECT canonical OSM land component, unioned inside the hex (overlap-safe)",v1_sha1_hexid_pipe_subjectid
lfr_4609813a8cc239,h6000_q-000154_r+000883,hsub_sicily_main_island,OCEAN,False,4.781973323,0.247871,fddddb40d1dc0084c073df1f8e7e221e3df02cd589b406eb7622e2444c689c39,"canonical hex polygon INTERSECT canonical OSM land component, unioned inside the hex (overlap-safe)",v1_sha1_hexid_pipe_subjectid
lfr_7e0317173cd17d,h6000_q-000204_r+000884,hsub_sicily_main_island,OCEAN,False,0.477218663,0.024751,3bfbef7ada82edf64fe4b03c5d51568882196d87324e880f42c81b39fb192f6a,"canonical hex polygon INTERSECT canonical OSM land component, unioned inside the hex (overlap-safe)",v1_sha1_hexid_pipe_subjectid
lfr_4366641f7929de,h6000_q-000200_r+000884,hsub_sicily_main_island,OCEAN,False,0.005352025,0.000278,c3d25f8834dbc800872208abea38d10ee557ed53741f53d2af59db41445793e4,"canonical hex polygon INTERSECT canonical OSM land component, unioned inside the hex (overlap-safe)",v1_sha1_hexid_pipe_subjectid
lfr_781a7246bad97c,h6000_q-000193_r+000884,hsub_sicily_main_island,OCEAN,False,9.443936548,0.489817,08f350a38257701e982916618d98282e7897eee07a694e3835b3b6eb3d28a80a,"canonical hex polygon INTERSECT canonical OSM land component, unioned inside the hex (overlap-safe)",v1_sha1_hexid_pipe_subjectid
lfr_8c7bd87392193b,h6000_q-000170_r+000884,hsub_sicily_main_island,OCEAN,False,5.320145379,0.275921,26b62a7d8507ad00f02dcc946b90eedb69a7d1aa5f784c4accca39cd86805622,"canonical hex polygon INTERSECT canonical OSM land component, unioned inside the hex (overlap-safe)",v1_sha1_hexid_pipe_subjectid
lfr_7dd9c2c5ae7e55,h6000_q-000154_r+000884,hsub_sicily_main_island,OCEAN,False,3.490867444,0.181117,bdbeb775aec6e3f606bed09d94500c0f4d591880fcf43318bcb6a0bd3af07e17,"canonical hex polygon INTERSECT canonical OSM land component, unioned inside the hex (overlap-safe)",v1_sha1_hexid_pipe_subjectid
lfr_0b0d4c44d93125,h6000_q-000205_r+000885,hsub_sicily_main_island,OCEAN,False,3.776926581,0.196119,a0a3e9b8290c8b1b491ea7da5e0761729533869a45222b352b33545e7ae1be08,"canonical hex polygon INTERSECT canonical OSM land component, unioned inside the hex (overlap-safe)",v1_sha1_hexid_pipe_subjectid
lfr_6c16b572283ccd,h6000_q-000194_r+000885,hsub_sicily_main_island,OCEAN,False,0.807408,0.041931,19485cc1567d44a8db3f397be2869827222a7a8c9bcbbe2101a0be5609da8690,"canonical hex polygon INTERSECT canonical OSM land component, unioned inside the hex (overlap-safe)",v1_sha1_hexid_pipe_subjectid
lfr_982cda3d095b40,h6000_q-000192_r+000885,hsub_sicily_main_island,OCEAN,False,0.225017805,0.011722,a45e2d1ce22749a6ffd03e7ca570322e2916c82cc366d69e71ca74f4062fb047,"canonical hex polygon INTERSECT canonical OSM land component, unioned inside the hex (overlap-safe)",v1_sha1_hexid_pipe_subjectid
lfr_cfbcb9118491a4,h6000_q-000170_r+000885,hsub_sicily_main_island,OCEAN,False,1.033911536,0.053677,a9b68886fd93ebdcad29211ba16cf14f757b51dfbe5517c1678c7d8be8be02e8,"canonical hex polygon INTERSECT canonical OSM land component, unioned inside the hex (overlap-safe)",v1_sha1_hexid_pipe_subjectid
lfr_7981757847575f,h6000_q-000163_r+000885,hsub_sicily_main_island,OCEAN,False,7.738200161,0.401774,a007be70ec3851543110c24b5374ce4fad6a3510d72c13c05b564e2b75b85109,"canonical hex polygon INTERSECT canonical OSM land component, unioned inside the hex (overlap-safe)",v1_sha1_hexid_pipe_subjectid
lfr_614517f5173c60,h6000_q-000162_r+000885,hsub_sicily_main_island,OCEAN,False,6.975731731,0.362154,3a6644c103f882fc72951999e705aeb5ccf3084a1df400891358f305f0865d78,"canonical hex polygon INTERSECT canonical OSM land component, unioned inside the hex (overlap-safe)",v1_sha1_hexid_pipe_subjectid
lfr_3f79cf80257a56,h6000_q-000154_r+000885,hsub_sicily_main_island,OCEAN,False,1.437587301,0.074668,c520e7c777bf79d0e0ee4a2b426aa9ed245a9020c728c91f13a00d4af14ebdf5,"canonical hex polygon INTERSECT canonical OSM land component, unioned inside the hex (overlap-safe)",v1_sha1_hexid_pipe_subjectid
lfr_f0289715cd996b,h6000_q-000207_r+000886,hsub_sicily_main_island,OCEAN,False,6.92331415,0.359862,2ea57af6c8bc499ab7081e58fe33d9079a7eef5f1f653397ba2e32dea14f3a4a,"canonical hex polygon INTERSECT canonical OSM land component, unioned inside the hex (overlap-safe)",v1_sha1_hexid_pipe_subjectid
lfr_fb67522ee0b955,h6000_q-000206_r+000886,hsub_sicily_main_island,OCEAN,False,5.187640071,0.269624,c3c0d6f565b2e4645bf85426b6eb8e36dd5ddf7818ea420451764991a1d4dedb,"canonical hex polygon INTERSECT canonical OSM land component, unioned inside the hex (overlap-safe)",v1_sha1_hexid_pipe_subjectid
lfr_69189cd9648223,h6000_q-000170_r+000886,hsub_sicily_main_island,OCEAN,False,6.5133e-05,3e-06,f7762ce62b88b9b6dbbdb80031cf8eeb240613e08ca934fa31b234180a5f66d7,"canonical hex polygon INTERSECT canonical OSM land component, unioned inside the hex (overlap-safe)",v1_sha1_hexid_pipe_subjectid
lfr_96e20fa9e7da90,h6000_q-000169_r+000886,hsub_sicily_main_island,OCEAN,False,2.224424224,0.115635,a7e6fa338b65474b50b2794270e22d1d0903712562016576b94216ff702140ba,"canonical hex polygon INTERSECT canonical OSM land component, unioned inside the hex (overlap-safe)",v1_sha1_hexid_pipe_subjectid
lfr_9c7343026108da,h6000_q-000168_r+000886,hsub_sicily_main_island,OCEAN,False,3.274645014,0.170222,32aa9e835a90e030bf522a41c0d12d4d7dbc409f40d74e31f0f70603851796f9,"canonical hex polygon INTERSECT canonical OSM land component, unioned inside the hex (overlap-safe)",v1_sha1_hexid_pipe_subjectid
lfr_0cb5f1f97f6994,h6000_q-000167_r+000886,hsub_sicily_main_island,OCEAN,False,8.996742686,0.467555,b4105eb50732baea1954b511c0691d91985604148ab9619aaba5697911c1d439,"canonical hex polygon INTERSECT canonical OSM land component, unioned inside the hex (overlap-safe)",v1_sha1_hexid_pipe_subjectid
lfr_ad2857942c5811,h6000_q-000165_r+000886,hsub_sicily_main_island,OCEAN,False,0.316528258,0.01658,c2a107dde2b093a4a64763e9afc7fb70acb5aeaa89720fc81f48bfa48e9ce95a,"canonical hex polygon INTERSECT canonical OSM land component, unioned inside the hex (overlap-safe)",v1_sha1_hexid_pipe_subjectid
lfr_ce9d4f5c7d7067,h6000_q-000164_r+000886,hsub_sicily_main_island,OCEAN,False,0.256713215,0.013336,64d20d43e3f453e2b3acb10cbf897178cb109530be023445016b583c84f012fb,"canonical hex polygon INTERSECT canonical OSM land component, unioned inside the hex (overlap-safe)",v1_sha1_hexid_pipe_subjectid
lfr_06ca443bc2dada,h6000_q-000154_r+000886,hsub_sicily_main_island,OCEAN,False,2.046238572,0.106395,56b896a67213555509194691a416294da1341abe4c8b5385cd1b82e72fd28b41,"canonical hex polygon INTERSECT canonical OSM land component, unioned inside the hex (overlap-safe)",v1_sha1_hexid_pipe_subjectid
lfr_7ed79a9bb9a5a0,h6000_q-000200_r+000887,hsub_sicily_main_island,OCEAN,False,0.689213486,0.035843,ee648ae5b4fd2621eafbdccbae887ed5a7243faafdcf581b9252219b170e2888,"canonical hex polygon INTERSECT canonical OSM land component, unioned inside the hex (overlap-safe)",v1_sha1_hexid_pipe_subjectid
lfr_9181c3d36f897f,h6000_q-000198_r+000887,hsub_sicily_main_island,OCEAN,False,1.219602973,0.070636,65c1d8c1560afbd1407e4bb7a099e3e75823821f96b08e802e819d09da5fe31d,"canonical hex polygon INTERSECT canonical OSM land component, unioned inside the hex (overlap-safe)",v1_sha1_hexid_pipe_subjectid
lfr_2d2694858fbea7,h6000_q-000196_r+000887,hsub_sicily_main_island,OCEAN,False,5.466577294,0.284393,ce26a83d725a9f4ef63889dc1295a1c8b4b32c00a036221bf090046981071f0b,"canonical hex polygon INTERSECT canonical OSM land component, unioned inside the hex (overlap-safe)",v1_sha1_hexid_pipe_subjectid
lfr_731e3aa4d090f0,h6000_q-000167_r+000887,hsub_sicily_main_island,OCEAN,False,0.08826689,0.004591,048137cfe1853ed6538be81524e86d1d8e90dee770012c2db3f0dce867716cc3,"canonical hex polygon INTERSECT canonical OSM land component, unioned inside the hex (overlap-safe)",v1_sha1_hexid_pipe_subjectid
lfr_b8922a15c2e2c8,h6000_q-000161_r+000887,hsub_sicily_main_island,OCEAN,False,8.482882098,0.441332,c99393ade2ed65dcf9cb74483e6afabeb39e0b07729edd92962bc6cee3263484,"canonical hex polygon INTERSECT canonical OSM land component, unioned inside the hex (overlap-safe)",v1_sha1_hexid_pipe_subjectid
lfr_6d5f7f0f8c9872,h6000_q-000160_r+000887,hsub_sicily_main_island,OCEAN,False,8.818616398,0.458747,66dfd6028b77131cb70751642273f2d83649955ae54cb6d5a792496fc795017e,"canonical hex polygon INTERSECT canonical OSM land component, unioned inside the hex (overlap-safe)",v1_sha1_hexid_pipe_subjectid
lfr_45b4f829893e0f,h6000_q-000197_r+000888,hsub_sicily_main_island,OCEAN,False,0.103831509,0.005405,119b05a704099386875ee1a9a2128a90ea346364b8b4ddbab0e5d2813f93feac,"canonical hex polygon INTERSECT canonical OSM land component, unioned inside the hex (overlap-safe)",v1_sha1_hexid_pipe_subjectid
lfr_a565ae00bfc1f9,h6000_q-000161_r+000888,hsub_sicily_main_island,OCEAN,False,4.211028473,0.219349,1f8e76ca3f4fe6a1db0cfedd8364355a791275729bb044951f0dc32571427f55,"canonical hex polygon INTERSECT canonical OSM land component, unioned inside the hex (overlap-safe)",v1_sha1_hexid_pipe_subjectid
lfr_656b4492beb109,h6000_q-000158_r+000888,hsub_sicily_main_island,OCEAN,False,5.646007873,0.293986,37bd4a7ef911715abf882d6c09654273f3daf1011009b6c94451ac59ac50abe5,"canonical hex polygon INTERSECT canonical OSM land component, unioned inside the hex (overlap-safe)",v1_sha1_hexid_pipe_subjectid
lfr_ccbd14dab272bd,h6000_q-000154_r+000888,hsub_sicily_main_island,OCEAN,False,2.2536541,0.1843,6ea6a98527623b8adee5a1eb4e56c15346f9a95d1977f5c4e6d272138bb170bc,"canonical hex polygon INTERSECT canonical OSM land component, unioned inside the hex (overlap-safe)",v1_sha1_hexid_pipe_subjectid
lfr_8e3941c1ab9156,h6000_q-000162_r+000889,hsub_sicily_main_island,OCEAN,False,0.546974135,0.028506,f391f8f5576fe529885f3e9964e5bc841ccdd0810daa40ebc2efafc98d2d0fb6,"canonical hex polygon INTERSECT canonical OSM land component, unioned inside the hex (overlap-safe)",v1_sha1_hexid_pipe_subjectid
lfr_8c78afd13a0668,h6000_q-000157_r+000889,hsub_sicily_main_island,OCEAN,False,9.460738641,0.493171,217012d87ff70d3c6523a076661d75cd6cd03c7c2b64435658eb21d130d5fb4f,"canonical hex polygon INTERSECT canonical OSM land component, unioned inside the hex (overlap-safe)",v1_sha1_hexid_pipe_subjectid
lfr_ef279ebc5d2cda,h6000_q-000155_r+000889,hsub_sicily_main_island,OCEAN,False,6.876110209,0.358404,081b650b6f95a0f6bee73303f05911695e7bcce50e8b1d4012d7c694c1220e89,"canonical hex polygon INTERSECT canonical OSM land component, unioned inside the hex (overlap-safe)",v1_sha1_hexid_pipe_subjectid
lfr_33ac46e4f8e741,h6000_q-000154_r+000889,hsub_sicily_main_island,OCEAN,False,1.164404497,0.060687,d12eb25dca8b2543bb0392145de4f8b259741d315a9e9d9fd05fa4d27f458a8a,"canonical hex polygon INTERSECT canonical OSM land component, unioned inside the hex (overlap-safe)",v1_sha1_hexid_pipe_subjectid
lfr_2170c722159711,h6000_q-000157_r+000890,hsub_sicily_main_island,OCEAN,False,0.236506638,0.012336,e3657f57e945bfb2452486414d23706b46b2efe18bc95606ac25d7a972a3befc,"canonical hex polygon INTERSECT canonical OSM land component, unioned inside the hex (overlap-safe)",v1_sha1_hexid_pipe_subjectid
lfr_63456be21fbe79,h6000_q-000292_r+000905,hsub_sardinia_main_island,OCEAN,False,2.6329813,0.13961,69d0413038c289f421a4c9a1cdb2be5a6b921ccdaaa61e340dce0f2fb1d6f172,"canonical hex polygon INTERSECT canonical OSM land component, unioned inside the hex (overlap-safe)",v1_sha1_hexid_pipe_subjectid
lfr_2b0644b9c90cb8,h6000_q-000289_r+000905,hsub_sardinia_main_island,OCEAN,False,0.192705699,0.0113,3af9d4ab7c1d7e8b335cbe34cfeeefe70c05c655b1cc17ada704b6ab2f77663a,"canonical hex polygon INTERSECT canonical OSM land component, unioned inside the hex (overlap-safe)",v1_sha1_hexid_pipe_subjectid
lfr_6524d0f7e45bda,h6000_q-000288_r+000905,hsub_sardinia_main_island,OCEAN,False,1.52612885,0.081343,b28a0644c14886b82b5aa9b804d5dbabec16444bd9c6ff4d258eaa1e9e369dd3,"canonical hex polygon INTERSECT canonical OSM land component, unioned inside the hex (overlap-safe)",v1_sha1_hexid_pipe_subjectid
lfr_1d6736a2785982,h6000_q-000292_r+000906,hsub_sardinia_main_island,OCEAN,False,6.67721976,0.354222,f4fed908e045fe58d0bb46700349b953b660588e8c5b20163df8157e9a653127,"canonical hex polygon INTERSECT canonical OSM land component, unioned inside the hex (overlap-safe)",v1_sha1_hexid_pipe_subjectid
lfr_1e605a50539771,h6000_q-000290_r+000906,hsub_sardinia_main_island,OCEAN,False,8.900304435,0.472606,ee120325a64110726da9f7903c64402fab8f7cac0c67c43deec927fcd6c6bfc0,"canonical hex polygon INTERSECT canonical OSM land component, unioned inside the hex (overlap-safe)",v1_sha1_hexid_pipe_subjectid
lfr_97f7385c2a01f3,h6000_q-000294_r+000907,hsub_sardinia_main_island,OCEAN,False,1.138283204,0.060445,49d9031716ff3bd0a3b113128421a7fd06a82ff13fdd14e3abf17986137452f1,"canonical hex polygon INTERSECT canonical OSM land component, unioned inside the hex (overlap-safe)",v1_sha1_hexid_pipe_subjectid
lfr_b531e140693531,h6000_q-000287_r+000907,hsub_sardinia_main_island,OCEAN,False,1.433386165,0.076122,d3e8ddd666cbdab7ac4b82939e9d06253c6f76b2ce2db08d703b42b09ebe89ff,"canonical hex polygon INTERSECT canonical OSM land component, unioned inside the hex (overlap-safe)",v1_sha1_hexid_pipe_subjectid
lfr_ea5bb264aca301,h6000_q-000295_r+000908,hsub_sardinia_main_island,OCEAN,False,5.915465004,0.314422,024d09c5abf5561104912fcca160d32258e7ab1390b1a3a8fdbeb376861fd037,"canonical hex polygon INTERSECT canonical OSM land component, unioned inside the hex (overlap-safe)",v1_sha1_hexid_pipe_subjectid
lfr_7424c07e8eb63e,h6000_q-000287_r+000908,hsub_sardinia_main_island,OCEAN,False,6.367124311,0.33875,38e237952bd558426446c167d5a69292b9a236e0ea42cb74f4aa2adb8270287e,"canonical hex polygon INTERSECT canonical OSM land component, unioned inside the hex (overlap-safe)",v1_sha1_hexid_pipe_subjectid
lfr_afd7bc85e2649c,h6000_q-000296_r+000909,hsub_sardinia_main_island,OCEAN,False,0.542759863,0.02887,fdadd9c7bf8941e944514326473a2d36f98f416246b28cecab565da0fb7b8daa,"canonical hex polygon INTERSECT canonical OSM land component, unioned inside the hex (overlap-safe)",v1_sha1_hexid_pipe_subjectid
lfr_eb35a6747f6bed,h6000_q-000287_r+000909,hsub_sardinia_main_island,OCEAN,False,7.981298031,0.425913,14f2670b767ba2ccd8eabbdd4659d5a4e648227344c02add860937ce592ded01,"canonical hex polygon INTERSECT canonical OSM land component, unioned inside the hex (overlap-safe)",v1_sha1_hexid_pipe_subjectid
lfr_ae47dff2e280ef,h6000_q-000297_r+000910,hsub_sardinia_main_island,OCEAN,False,3.226727614,0.171894,5772d5e4ffe55e553f7b77ce81c9bfc567d1f6ffc53d614e353ea806fff447bb,"canonical hex polygon INTERSECT canonical OSM land component, unioned inside the hex (overlap-safe)",v1_sha1_hexid_pipe_subjectid
lfr_dcfb62e4bbbdb3,h6000_q-000287_r+000910,hsub_sardinia_main_island,OCEAN,False,3.570969021,0.190181,a57c8ea506a74cd2f883070c0afacc16a2b3fb0d5724da40e3a73b43ff85eee9,"canonical hex polygon INTERSECT canonical OSM land component, unioned inside the hex (overlap-safe)",v1_sha1_hexid_pipe_subjectid
lfr_6dba8bf5dc01f6,h6000_q-000288_r+000911,hsub_sardinia_main_island,OCEAN,False,7.239101006,0.385855,e674fe0c6cf8e2f91b809c5f07b63f514663200d2a33bc300f3e1a180d9fd614,"canonical hex polygon INTERSECT canonical OSM land component, unioned inside the hex (overlap-safe)",v1_sha1_hexid_pipe_subjectid
lfr_7055ade4dddd49,h6000_q-000279_r+000911,hsub_sardinia_main_island,OCEAN,False,0.745872619,0.063813,dc72892c636f3de465a90e502fc1513de7b74576602bc1cbc30ab821b2937d4f,"canonical hex polygon INTERSECT canonical OSM land component, unioned inside the hex (overlap-safe)",v1_sha1_hexid_pipe_subjectid
lfr_a684e6fa93ed57,h6000_q-000300_r+000912,hsub_sardinia_main_island,OCEAN,False,0.037687829,0.081936,faa0562b70452b93eb3c4df23a7020e2b5dedbb3a67de2deaaeef9fdc536f0ae,"canonical hex polygon INTERSECT canonical OSM land component, unioned inside the hex (overlap-safe)",v1_sha1_hexid_pipe_subjectid
lfr_07238ef226db9a,h6000_q-000281_r+000912,hsub_sardinia_main_island,OCEAN,False,3.796695273,0.202671,de107bba99aeada9437c3c5022d73f1a31fc2b8b8a9281205562471f3b00ffe5,"canonical hex polygon INTERSECT canonical OSM land component, unioned inside the hex (overlap-safe)",v1_sha1_hexid_pipe_subjectid
lfr_8227f76147939d,h6000_q-000280_r+000912,hsub_sardinia_main_island,OCEAN,False,4.878806093,0.260795,84218e29a17a286934c2a8623de0a059633b35b564de478020d19092fba91496,"canonical hex polygon INTERSECT canonical OSM land component, unioned inside the hex (overlap-safe)",v1_sha1_hexid_pipe_subjectid
lfr_3df9682f3cce82,h6000_q-000279_r+000912,hsub_sardinia_main_island,OCEAN,False,5.660275033,0.302133,5d415dc5a38754fe32ede773667b8cc853e8c77345a5ff8b57edd6f6c8c3aa13,"canonical hex polygon INTERSECT canonical OSM land component, unioned inside the hex (overlap-safe)",v1_sha1_hexid_pipe_subjectid
lfr_11910fbbc8194d,h6000_q-000301_r+000913,hsub_sardinia_main_island,OCEAN,False,0.003271351,0.000175,c67930f1ba02e2a78a05ab4a3e24c0dcc3b38e988778d732342bc88bf7cdc092,"canonical hex polygon INTERSECT canonical OSM land component, unioned inside the hex (overlap-safe)",v1_sha1_hexid_pipe_subjectid
lfr_011afa8ce8c9db,h6000_q-000289_r+000913,hsub_sardinia_main_island,OCEAN,False,8.572422092,0.45797,1ed752d94f5e45070aac54ed95df05be8f5db18b311b1ffc4e5221edd3b14537,"canonical hex polygon INTERSECT canonical OSM land component, unioned inside the hex (overlap-safe)",v1_sha1_hexid_pipe_subjectid
lfr_75f4936cd9eb98,h6000_q-000283_r+000913,hsub_sardinia_main_island,OCEAN,False,0.188379062,0.010068,589b085d1318dd53eff60bb67237699436e62a67231a744dc3ca57656bc6d998,"canonical hex polygon INTERSECT canonical OSM land component, unioned inside the hex (overlap-safe)",v1_sha1_hexid_pipe_subjectid
lfr_17bd26a9005d7b,h6000_q-000302_r+000914,hsub_sardinia_main_island,OCEAN,False,0.159398181,0.008819,c577e6df4b78b7c4cee20bc92cdecd327e915a7afd556531eac07d6933280dce,"canonical hex polygon INTERSECT canonical OSM land component, unioned inside the hex (overlap-safe)",v1_sha1_hexid_pipe_subjectid
lfr_2503756f9a316f,h6000_q-000288_r+000914,hsub_sardinia_main_island,OCEAN,False,2.250610713,0.121708,6eb039ac3468ce149008cbd792f8b76abf26505b1ec0b04d1ece2df7f9bdb7dc,"canonical hex polygon INTERSECT canonical OSM land component, unioned inside the hex (overlap-safe)",v1_sha1_hexid_pipe_subjectid
lfr_0bb3f5527641bf,h6000_q-000287_r+000914,hsub_sardinia_main_island,OCEAN,False,7.456839448,0.398793,0c4e8b01fe04013e168c2275003fe6b29881c64ad880a85d0c67cfa344af9bd9,"canonical hex polygon INTERSECT canonical OSM land component, unioned inside the hex (overlap-safe)",v1_sha1_hexid_pipe_subjectid
lfr_68f61b80e0236d,h6000_q-000285_r+000914,hsub_sardinia_main_island,OCEAN,False,0.143520119,0.007679,16f72bb8ad46c993c3282fb62773b0abd388a7ddb4635e5217af77f7ea3719cb,"canonical hex polygon INTERSECT canonical OSM land component, unioned inside the hex (overlap-safe)",v1_sha1_hexid_pipe_subjectid
lfr_2690c04034368b,h6000_q-000284_r+000914,hsub_sardinia_main_island,OCEAN,False,6.69571379,0.35811,08f615255e485fe31b8e11ce9277132c804e9dc592c42a088ecb05ac0c07e02a,"canonical hex polygon INTERSECT canonical OSM land component, unioned inside the hex (overlap-safe)",v1_sha1_hexid_pipe_subjectid
lfr_eae4806c628db6,h6000_q-000279_r+000914,hsub_sardinia_main_island,OCEAN,False,0.912017744,0.048753,bc7258e51df0ff8852cbf17f2df6ff5510912f610f3b2fdf2d157dcd4ff8f2bf,"canonical hex polygon INTERSECT canonical OSM land component, unioned inside the hex (overlap-safe)",v1_sha1_hexid_pipe_subjectid
lfr_a4050bb6f76aea,h6000_q-000302_r+000916,hsub_sardinia_main_island,OCEAN,False,7.211973566,0.386349,5f2fd1114bd280c670867810a7a954953a10a452dd84b5966cdbc51cd7380a08,"canonical hex polygon INTERSECT canonical OSM land component, unioned inside the hex (overlap-safe)",v1_sha1_hexid_pipe_subjectid
lfr_3a7259581e0360,h6000_q-000280_r+000916,hsub_sardinia_main_island,OCEAN,False,5.257303512,0.28174,68fb605e8277a7fb3c7e268d7ef88b6e5ff106d68d1d02c553f73962b6014830,"canonical hex polygon INTERSECT canonical OSM land component, unioned inside the hex (overlap-safe)",v1_sha1_hexid_pipe_subjectid
lfr_ef349bfe2ce16b,h6000_q-000280_r+000917,hsub_sardinia_main_island,OCEAN,False,6.460589676,0.346694,0f7bfd30d45d3d4a652fbed3d1cc56066612c592e0721425ebb700235245b94f,"canonical hex polygon INTERSECT canonical OSM land component, unioned inside the hex (overlap-safe)",v1_sha1_hexid_pipe_subjectid
lfr_8ce0bba66a9223,h6000_q-000304_r+000919,hsub_sardinia_main_island,OCEAN,False,8.537943215,0.458892,53cc48b577c9f82f170ee9f8eaad5b782cc660f1f23356708509960ed7acdbb4,"canonical hex polygon INTERSECT canonical OSM land component, unioned inside the hex (overlap-safe)",v1_sha1_hexid_pipe_subjectid
lfr_7786b8356fad67,h6000_q-000281_r+000919,hsub_sardinia_main_island,OCEAN,False,2.559931715,0.137597,be8761492043be50c5bb10920bbcae834fd8e60fccad879221ac73913917a2ea,"canonical hex polygon INTERSECT canonical OSM land component, unioned inside the hex (overlap-safe)",v1_sha1_hexid_pipe_subjectid
lfr_4503656444d991,h6000_q-000281_r+000920,hsub_sardinia_main_island,OCEAN,False,0.189539272,0.0102,c12e0a7bede90ce2685a6ed5c004f0748b3214f971e72076b13af764917327a0,"canonical hex polygon INTERSECT canonical OSM land component, unioned inside the hex (overlap-safe)",v1_sha1_hexid_pipe_subjectid
lfr_c71c41304e7925,h6000_q-000305_r+000921,hsub_sardinia_main_island,OCEAN,False,3.586097692,0.193193,49b03ee0c22c18a4b37a2f6144740c4801151de23fcf7384a8facab0dbae1d93,"canonical hex polygon INTERSECT canonical OSM land component, unioned inside the hex (overlap-safe)",v1_sha1_hexid_pipe_subjectid
lfr_52c74bec72064d,h6000_q-000282_r+000922,hsub_sardinia_main_island,OCEAN,False,6.834722611,0.368457,68745f75389e1596e816933e7c4dd857b8b97664880384627fa4f275cc8b4020,"canonical hex polygon INTERSECT canonical OSM land component, unioned inside the hex (overlap-safe)",v1_sha1_hexid_pipe_subjectid
lfr_598b8907a20b45,h6000_q-000283_r+000925,hsub_sardinia_main_island,OCEAN,False,2.37709617,0.12855,9916507ab49aa2ad16ddcbeb4afd5152931555e8b59d1a29bc47e5b2a59dacd8,"canonical hex polygon INTERSECT canonical OSM land component, unioned inside the hex (overlap-safe)",v1_sha1_hexid_pipe_subjectid
lfr_4fa69df7324f13,h6000_q-000307_r+000927,hsub_sardinia_main_island,OCEAN,False,2.610710829,0.141475,8bfb1aef6fcf34f33b96abdc18c1a65cb22c5dd6c09b2095dda3528cb0664097,"canonical hex polygon INTERSECT canonical OSM land component, unioned inside the hex (overlap-safe)",v1_sha1_hexid_pipe_subjectid
lfr_c4ddabcf15f10d,h6000_q-000284_r+000927,hsub_sardinia_main_island,OCEAN,False,1.382375654,0.074962,761d5f8688bcdd7b8e8002ba9d5d809ea040276529b85a6f4ff66b73439539b6,"canonical hex polygon INTERSECT canonical OSM land component, unioned inside the hex (overlap-safe)",v1_sha1_hexid_pipe_subjectid
lfr_55e98e61cc5810,h6000_q-000308_r+000929,hsub_sardinia_main_island,OCEAN,False,4.200742983,0.228238,00f672e1af266c38bfaaf3d26efaa1c7a500fbd82906e337be8767f7ce5316f4,"canonical hex polygon INTERSECT canonical OSM land component, unioned inside the hex (overlap-safe)",v1_sha1_hexid_pipe_subjectid
lfr_e94c0658fcfdac,h6000_q-000308_r+000930,hsub_sardinia_main_island,OCEAN,False,3.911884526,0.212572,180057bf40dee910a6fc208eea2f61e22facae0a2e071a4187f6a3983158711e,"canonical hex polygon INTERSECT canonical OSM land component, unioned inside the hex (overlap-safe)",v1_sha1_hexid_pipe_subjectid
lfr_140ecbccd294bf,h6000_q-000307_r+000930,hsub_sardinia_main_island,OCEAN,False,5.016052147,0.272613,dee1d39d28d63bcd54cbd72c1891a128708f75489b0a92e19f6854a7e349303e,"canonical hex polygon INTERSECT canonical OSM land component, unioned inside the hex (overlap-safe)",v1_sha1_hexid_pipe_subjectid
lfr_2b94ce61bb88a8,h6000_q-000307_r+000931,hsub_sardinia_main_island,OCEAN,False,7.534728112,0.409976,fca63a410e9b93a1234e692cac7d590fe75140b387e1258a2261a183a3149fd1,"canonical hex polygon INTERSECT canonical OSM land component, unioned inside the hex (overlap-safe)",v1_sha1_hexid_pipe_subjectid
lfr_1cfe6f1470b81b,h6000_q-000286_r+000931,hsub_sardinia_main_island,OCEAN,False,8.710757405,0.474014,978c043bf84c1127125b6f827aab0981443b5926d948a6a3467c403359c512c8,"canonical hex polygon INTERSECT canonical OSM land component, unioned inside the hex (overlap-safe)",v1_sha1_hexid_pipe_subjectid
lfr_54d07d2f641393,h6000_q-000286_r+000932,hsub_sardinia_main_island,OCEAN,False,3.565937172,0.194277,59f026ee738e7fd1884793ae9961b3bc3bcc4e898d7d7edcc175d73a32cd697c,"canonical hex polygon INTERSECT canonical OSM land component, unioned inside the hex (overlap-safe)",v1_sha1_hexid_pipe_subjectid
lfr_43ebd5f436bcf8,h6000_q-000310_r+000933,hsub_sardinia_main_island,OCEAN,False,4.041582501,0.234014,5e44444345910d1caf12e7dd2a9056af5d1b929e66fe6c51ede19a2cabfd0750,"canonical hex polygon INTERSECT canonical OSM land component, unioned inside the hex (overlap-safe)",v1_sha1_hexid_pipe_subjectid
lfr_5ca4e258ac6b17,h6000_q-000308_r+000933,hsub_sardinia_main_island,OCEAN,False,8.636462353,0.470969,39648ade47f80676718b72bddf71c7e952935ea3e511905657c21a9fa34e1e36,"canonical hex polygon INTERSECT canonical OSM land component, unioned inside the hex (overlap-safe)",v1_sha1_hexid_pipe_subjectid
lfr_f8c0ca8214963d,h6000_q-000287_r+000934,hsub_sardinia_main_island,OCEAN,False,6.201903004,0.338828,7d557712710a31f44ba65425325c45e9a0f0774d921c344af946579b0a220dad,"canonical hex polygon INTERSECT canonical OSM land component, unioned inside the hex (overlap-safe)",v1_sha1_hexid_pipe_subjectid
lfr_8c867ca9bea24a,h6000_q-000312_r+000935,hsub_sardinia_main_island,OCEAN,False,1.81185441,0.099126,fcb3376e0198734bf2fe78fd8add002703e69d537bbf455e5bc62f35f7277e7c,"canonical hex polygon INTERSECT canonical OSM land component, unioned inside the hex (overlap-safe)",v1_sha1_hexid_pipe_subjectid
lfr_2dd8c5505f504f,h6000_q-000287_r+000935,hsub_sardinia_main_island,OCEAN,False,0.566972062,0.03099,b96a0b79b96f8d06247a50fc895ffa68618e0796c85eae92b5b3d3642362a1e9,"canonical hex polygon INTERSECT canonical OSM land component, unioned inside the hex (overlap-safe)",v1_sha1_hexid_pipe_subjectid
lfr_4eac50d7ba46ad,h6000_q-000288_r+000936,hsub_sardinia_main_island,OCEAN,False,4.670270078,0.2585,ac31aca376663694625a9e908ec972b91c9bca1eb0af78386da16a328830387a,"canonical hex polygon INTERSECT canonical OSM land component, unioned inside the hex (overlap-safe)",v1_sha1_hexid_pipe_subjectid
lfr_449add04ae5794,h6000_q-000313_r+000937,hsub_sardinia_main_island,OCEAN,False,1.988889327,0.109135,60b3e0ac0d97109ad8a82e3b5282d5489e62ea4048d5eb12ba11ebb2168440c2,"canonical hex polygon INTERSECT canonical OSM land component, unioned inside the hex (overlap-safe)",v1_sha1_hexid_pipe_subjectid
lfr_b9f7a5a9e51011,h6000_q-000288_r+000937,hsub_sardinia_main_island,OCEAN,False,0.305650462,0.01674,5f6314bf463cd5bacac216972abe91ddf54cece45c94b2e25a4cf6c9797939b0,"canonical hex polygon INTERSECT canonical OSM land component, unioned inside the hex (overlap-safe)",v1_sha1_hexid_pipe_subjectid
lfr_1401d89ebf7e5c,h6000_q-000313_r+000938,hsub_sardinia_main_island,OCEAN,False,3.741124836,0.20624,0976129244a287b85ede0b7660ce8d0c6e6ba1138535f96416aa8c3411469387,"canonical hex polygon INTERSECT canonical OSM land component, unioned inside the hex (overlap-safe)",v1_sha1_hexid_pipe_subjectid
lfr_035e227f604f0f,h6000_q-000289_r+000939,hsub_sardinia_main_island,OCEAN,False,6.76201827,0.370957,3dbbfa38c81eb4b7163f9c3c04a6070ca5df57b23d8311a807a2c09342b1b324,"canonical hex polygon INTERSECT canonical OSM land component, unioned inside the hex (overlap-safe)",v1_sha1_hexid_pipe_subjectid
lfr_e27ce06d96fe7f,h6000_q-000313_r+000940,hsub_sardinia_main_island,OCEAN,False,4.230079689,0.232377,ea3157c66c58ccc8effa4d050779037e2f08d5afa938cadefdef5a8ffd8cadf3,"canonical hex polygon INTERSECT canonical OSM land component, unioned inside the hex (overlap-safe)",v1_sha1_hexid_pipe_subjectid
lfr_debeafa5bc3871,h6000_q-000290_r+000940,hsub_sardinia_main_island,OCEAN,False,0.788489572,0.043297,c40b28b56866a45b948d1b83ea9d7d6c57caeb6044817a4f0eb59d959c8db042,"canonical hex polygon INTERSECT canonical OSM land component, unioned inside the hex (overlap-safe)",v1_sha1_hexid_pipe_subjectid
lfr_63b38250615525,h6000_q-000314_r+000941,hsub_sardinia_main_island,OCEAN,False,0.46340869,0.025478,d17a68f3ec50550c91b2863b4be38000d4263f846967444c5f9fbd6d3651644a,"canonical hex polygon INTERSECT canonical OSM land component, unioned inside the hex (overlap-safe)",v1_sha1_hexid_pipe_subjectid
lfr_7fadf6f1b918e0,h6000_q-000291_r+000941,hsub_sardinia_main_island,OCEAN,False,0.568574713,0.031255,ede77d04e7792112b92c9b739bb9c0ba81d1150cc4c40c5c660c0bd8214fb3c3,"canonical hex polygon INTERSECT canonical OSM land component, unioned inside the hex (overlap-safe)",v1_sha1_hexid_pipe_subjectid
lfr_d87463549e9dd5,h6000_q-000314_r+000942,hsub_sardinia_main_island,OCEAN,False,8.749988834,0.482964,1f49e94c419e703baf8382c17dfe4ab7dc903d7902b3e76a1846c58e12451713,"canonical hex polygon INTERSECT canonical OSM land component, unioned inside the hex (overlap-safe)",v1_sha1_hexid_pipe_subjectid
lfr_b5076c4ba834db,h6000_q-000292_r+000942,hsub_sardinia_main_island,OCEAN,False,1.978776639,0.108904,e1b6663f6316cc34ef370ca0d6a495866080860e7aa632d4a2ea0ca5e342bea1,"canonical hex polygon INTERSECT canonical OSM land component, unioned inside the hex (overlap-safe)",v1_sha1_hexid_pipe_subjectid
lfr_d2e59967a909be,h6000_q-000315_r+000943,hsub_sardinia_main_island,OCEAN,False,0.003546244,0.000195,18299e9b2edf4210972899e2bd4d69ad91af42e48ea9bc8b60f6465eea04f1cd,"canonical hex polygon INTERSECT canonical OSM land component, unioned inside the hex (overlap-safe)",v1_sha1_hexid_pipe_subjectid
lfr_1e14f8c553d021,h6000_q-000315_r+000944,hsub_sardinia_main_island,OCEAN,False,2.221092827,0.122495,b3934713c0c695c9b8c38e8593551c43b82c415d063d46b8519a05f5816d0835,"canonical hex polygon INTERSECT canonical OSM land component, unioned inside the hex (overlap-safe)",v1_sha1_hexid_pipe_subjectid
lfr_3f4543d218fc33,h6000_q-000293_r+000944,hsub_sardinia_main_island,OCEAN,False,2.851700799,0.157306,dfd3f8f3246fb3524653c6d82568d02c69d98516a287e6cd391cd8882ed3b0ac,"canonical hex polygon INTERSECT canonical OSM land component, unioned inside the hex (overlap-safe)",v1_sha1_hexid_pipe_subjectid
lfr_985193edfe2e86,h6000_q-000316_r+000945,hsub_sardinia_main_island,OCEAN,False,0.643912461,0.037996,1e91ff915f4f5dd1023b993f584960a885266c59f7d02c63540a4652e2802d4c,"canonical hex polygon INTERSECT canonical OSM land component, unioned inside the hex (overlap-safe)",v1_sha1_hexid_pipe_subjectid
lfr_61b5f894a7c07a,h6000_q-000293_r+000945,hsub_sardinia_main_island,OCEAN,False,2.964922415,0.163734,bf9cc33945f3230a400bd2344f598643c9562ccc2f7782ac24d0c1189fae330a,"canonical hex polygon INTERSECT canonical OSM land component, unioned inside the hex (overlap-safe)",v1_sha1_hexid_pipe_subjectid
lfr_6c3724351b596f,h6000_q-000318_r+000946,hsub_sardinia_main_island,OCEAN,False,0.003573615,0.000206,0e98be66e0f705baa3672ef9aed268cf9cea4a5f981c82de63c3aec380f5c9a5,"canonical hex polygon INTERSECT canonical OSM land component, unioned inside the hex (overlap-safe)",v1_sha1_hexid_pipe_subjectid
lfr_b9ad3040b008f7,h6000_q-000293_r+000946,hsub_sardinia_main_island,OCEAN,False,4.558157044,0.251991,f7b45b5a040a667a4c5a7387aae5a33cf9392714838032efa38ecd89e0517173,"canonical hex polygon INTERSECT canonical OSM land component, unioned inside the hex (overlap-safe)",v1_sha1_hexid_pipe_subjectid
lfr_9bbc6493d99fa0,h6000_q-000318_r+000947,hsub_sardinia_main_island,OCEAN,False,5.935939989,0.328918,0120f3dae1fcaf9ace8985aaa3788ec52796e6195053abfc7572af21d670d3b2,"canonical hex polygon INTERSECT canonical OSM land component, unioned inside the hex (overlap-safe)",v1_sha1_hexid_pipe_subjectid
lfr_333a263cd19a0a,h6000_q-000292_r+000947,hsub_sardinia_main_island,OCEAN,False,0.235210657,0.013018,3acd978b497994b5e943afc5ec00adfaf7266970a5a59373f49b53a4c3d76f04,"canonical hex polygon INTERSECT canonical OSM land component, unioned inside the hex (overlap-safe)",v1_sha1_hexid_pipe_subjectid
lfr_1bd80890cbbab9,h6000_q-000319_r+000949,hsub_sardinia_main_island,OCEAN,False,5.768219258,0.319844,71b0dbfbba554f8a7d0aa94bde59cfbb309e13cd57fee6f19060356ef504bf0a,"canonical hex polygon INTERSECT canonical OSM land component, unioned inside the hex (overlap-safe)",v1_sha1_hexid_pipe_subjectid
lfr_bb892f2308b380,h6000_q-000320_r+000950,hsub_sardinia_main_island,OCEAN,False,2.570523219,0.142705,be2df5847d591491f6f7697cc97ec39ac45e2d5b0258e82ab7822db12c93480d,"canonical hex polygon INTERSECT canonical OSM land component, unioned inside the hex (overlap-safe)",v1_sha1_hexid_pipe_subjectid
lfr_bb9df568f27bbe,h6000_q-000321_r+000951,hsub_sardinia_main_island,OCEAN,False,6.945084107,0.386058,bc22445589565d54382c449b808d6b34723f071ac8e54f5366f18cfa6560905f,"canonical hex polygon INTERSECT canonical OSM land component, unioned inside the hex (overlap-safe)",v1_sha1_hexid_pipe_subjectid
lfr_9fd7e2c5dbc36f,h6000_q-000293_r+000951,hsub_sardinia_main_island,OCEAN,False,4.460541393,0.247863,3beab2dd48dc9acb6a446d88ebdcb05b22871e1be7e4548f4314a10cd011b8df,"canonical hex polygon INTERSECT canonical OSM land component, unioned inside the hex (overlap-safe)",v1_sha1_hexid_pipe_subjectid
lfr_5308807ea5cdd8,h6000_q-000325_r+000952,hsub_sardinia_main_island,OCEAN,False,0.299568397,0.019042,de7918547fae39fa7fa5cc4966f2f7fb37c177d83d1a76b0da2c2a95b00842c3,"canonical hex polygon INTERSECT canonical OSM land component, unioned inside the hex (overlap-safe)",v1_sha1_hexid_pipe_subjectid
lfr_8efdf211fe9314,h6000_q-000324_r+000952,hsub_sardinia_main_island,OCEAN,False,0.241607824,0.013445,4607957aa732df7c06dd363359afbce0ac926bb1f7b24d6a7cd9492afafd5a0b,"canonical hex polygon INTERSECT canonical OSM land component, unioned inside the hex (overlap-safe)",v1_sha1_hexid_pipe_subjectid
lfr_0834bd02788047,h6000_q-000323_r+000952,hsub_sardinia_main_island,OCEAN,False,0.476105387,0.026493,42a8e93fa869e07c462a943a39afb9db08c17ba557ef5ed68a8b4027f2d0d409,"canonical hex polygon INTERSECT canonical OSM land component, unioned inside the hex (overlap-safe)",v1_sha1_hexid_pipe_subjectid
lfr_d06f76f22c6685,h6000_q-000322_r+000952,hsub_sardinia_main_island,OCEAN,False,2.659157035,0.148052,f426662f8494e53129ffe3ce620fbdfb9fc37273af9df3f572cc9aaec0d5c1fe,"canonical hex polygon INTERSECT canonical OSM land component, unioned inside the hex (overlap-safe)",v1_sha1_hexid_pipe_subjectid
lfr_c81af438a954ef,h6000_q-000294_r+000952,hsub_sardinia_main_island,OCEAN,False,4.250045153,0.239127,68ff6dce82a1d79e67ba8d32a477369a7f48ed6835de8246f9eb23df2569af8d,"canonical hex polygon INTERSECT canonical OSM land component, unioned inside the hex (overlap-safe)",v1_sha1_hexid_pipe_subjectid
lfr_b478b73e43d5f4,h6000_q-000325_r+000953,hsub_sardinia_main_island,OCEAN,False,8.241443265,0.459477,c96ffb5f1c3b31c2eaaf72c50cd1a3f2a45c7434a0d1a29f671db0e432a72f55,"canonical hex polygon INTERSECT canonical OSM land component, unioned inside the hex (overlap-safe)",v1_sha1_hexid_pipe_subjectid
lfr_1718ac3ba65500,h6000_q-000295_r+000953,hsub_sardinia_main_island,OCEAN,False,3.917124968,0.218032,daf2eef68d5ed623d712636254f2db7a80ea611b31154031402f06b6fe604f69,"canonical hex polygon INTERSECT canonical OSM land component, unioned inside the hex (overlap-safe)",v1_sha1_hexid_pipe_subjectid
lfr_744371830fa9ae,h6000_q-000326_r+000954,hsub_sardinia_main_island,OCEAN,False,3.60949022,0.207816,2dd9d77fc537dafd752e1df63c882bed7758cb2bdb1b96a1ccd965bfb29e64ab,"canonical hex polygon INTERSECT canonical OSM land component, unioned inside the hex (overlap-safe)",v1_sha1_hexid_pipe_subjectid
lfr_7695e9029c7522,h6000_q-000296_r+000954,hsub_sardinia_main_island,OCEAN,False,5.127684767,0.285777,368d83c44b21cbc016fec06bb81a19d09e2665fab549e42d0e76d3255e08d9cf,"canonical hex polygon INTERSECT canonical OSM land component, unioned inside the hex (overlap-safe)",v1_sha1_hexid_pipe_subjectid
lfr_b45bfc1a9db62e,h6000_q-000326_r+000955,hsub_sardinia_main_island,OCEAN,False,0.281960758,0.015729,2bfc0a327a897b4824d1279f7daa0b4fbe85a75ba8cb1d8ab3fbcd4488694915,"canonical hex polygon INTERSECT canonical OSM land component, unioned inside the hex (overlap-safe)",v1_sha1_hexid_pipe_subjectid
lfr_26a58d36b48c95,h6000_q-000297_r+000956,hsub_sardinia_main_island,OCEAN,False,2.511476298,0.140306,5700bf16cf38651b4861a57d9e7f7c49b4f3f83e19e1fd3acd21094ad1073292,"canonical hex polygon INTERSECT canonical OSM land component, unioned inside the hex (overlap-safe)",v1_sha1_hexid_pipe_subjectid
lfr_4573492c2b6fc1,h6000_q-000328_r+000957,hsub_sardinia_main_island,OCEAN,False,0.291273023,0.016423,2f07c578e3977aca49e29514f2e6d9cff0c7588029951d0360a9d9b3d3b3fe69,"canonical hex polygon INTERSECT canonical OSM land component, unioned inside the hex (overlap-safe)",v1_sha1_hexid_pipe_subjectid
lfr_75df34141dc29b,h6000_q-000298_r+000957,hsub_sardinia_main_island,OCEAN,False,3.282492725,0.183893,25952a37a88dc985543a69a77833265059c613b779ea1fe9b7c5c5b6d7836f0d,"canonical hex polygon INTERSECT canonical OSM land component, unioned inside the hex (overlap-safe)",v1_sha1_hexid_pipe_subjectid
lfr_fd91f372b15ce6,h6000_q-000328_r+000958,hsub_sardinia_main_island,OCEAN,False,0.780611537,0.043682,5e9a59255ade64398a2fcb2eb8408133c186900a49dca51090f885f64f2077ce,"canonical hex polygon INTERSECT canonical OSM land component, unioned inside the hex (overlap-safe)",v1_sha1_hexid_pipe_subjectid
lfr_fe9848128fee64,h6000_q-000299_r+000958,hsub_sardinia_main_island,OCEAN,False,5.881648239,0.32913,529d5238659d2bfa11d285bd5ab965e03314607e69f7e3008c696d1dee38bebc,"canonical hex polygon INTERSECT canonical OSM land component, unioned inside the hex (overlap-safe)",v1_sha1_hexid_pipe_subjectid
lfr_0faa10798af6c5,h6000_q-000328_r+000959,hsub_sardinia_main_island,OCEAN,False,5.993521871,0.335775,7cb05c23525202859088ba572cc437948da202bb62308848f4c7746c7b14d13b,"canonical hex polygon INTERSECT canonical OSM land component, unioned inside the hex (overlap-safe)",v1_sha1_hexid_pipe_subjectid
lfr_6abeccfcf5d56b,h6000_q-000328_r+000960,hsub_sardinia_main_island,OCEAN,False,7.104575814,0.398754,d40552d82efcb766f433a5a500f61582317b3359fe29ca82d473a6741b3630c6,"canonical hex polygon INTERSECT canonical OSM land component, unioned inside the hex (overlap-safe)",v1_sha1_hexid_pipe_subjectid
lfr_d6a267aeb583da,h6000_q-000323_r+000960,hsub_sardinia_main_island,OCEAN,False,1.260399571,0.072196,8eac11d1c1ff8211ea7a7b2299e94412a886f56b8ca9dd9e5fc41bc6f8d53cf6,"canonical hex polygon INTERSECT canonical OSM land component, unioned inside the hex (overlap-safe)",v1_sha1_hexid_pipe_subjectid
lfr_c91e655e7467cd,h6000_q-000322_r+000960,hsub_sardinia_main_island,OCEAN,False,2.158428702,0.12102,6dd49f5f649fdab954b88590b767cf870b8e5baaa80677519146b2f5db7dde36,"canonical hex polygon INTERSECT canonical OSM land component, unioned inside the hex (overlap-safe)",v1_sha1_hexid_pipe_subjectid
lfr_6704e746dd0115,h6000_q-000321_r+000960,hsub_sardinia_main_island,OCEAN,False,7.923520246,0.444331,66f2f5a18cd05b18bdff05682e32e945ae1b753a148f2cf9b26391b9abeb02a5,"canonical hex polygon INTERSECT canonical OSM land component, unioned inside the hex (overlap-safe)",v1_sha1_hexid_pipe_subjectid
lfr_bc48a74c0bbb91,h6000_q-000300_r+000960,hsub_sardinia_main_island,OCEAN,False,6.473045311,0.367488,d0d53135afd76d64c9016a2d4506688401eb22ad38932acdb6b9465033a29473,"canonical hex polygon INTERSECT canonical OSM land component, unioned inside the hex (overlap-safe)",v1_sha1_hexid_pipe_subjectid
lfr_e1c29fce2c382c,h6000_q-000327_r+000961,hsub_sardinia_main_island,OCEAN,False,8.481303901,0.476149,d3b4ff70735460a03b9c7d75ac8763d08c22ebdd9867e21af430324e89cc4032,"canonical hex polygon INTERSECT canonical OSM land component, unioned inside the hex (overlap-safe)",v1_sha1_hexid_pipe_subjectid
lfr_5f34021cbae7ac,h6000_q-000325_r+000961,hsub_sardinia_main_island,OCEAN,False,0.017429402,0.000978,1f94568c624b0300ffef8cd2d0fed451c4cf617220c2552727c1c0a4aea66ea2,"canonical hex polygon INTERSECT canonical OSM land component, unioned inside the hex (overlap-safe)",v1_sha1_hexid_pipe_subjectid
lfr_5ae36414240e07,h6000_q-000321_r+000961,hsub_sardinia_main_island,OCEAN,False,0.104573039,0.00587,e2292cc8d499a1006d75d33d2ab207d0d7acfe2d20e78461d77551c9e7cc3751,"canonical hex polygon INTERSECT canonical OSM land component, unioned inside the hex (overlap-safe)",v1_sha1_hexid_pipe_subjectid
lfr_c1523742d1dba9,h6000_q-000301_r+000961,hsub_sardinia_main_island,OCEAN,False,2.905027152,0.170203,fc81c6e0541fa1e510c74178a1626245eb00ceb801fe78143879f46242a20f4d,"canonical hex polygon INTERSECT canonical OSM land component, unioned inside the hex (overlap-safe)",v1_sha1_hexid_pipe_subjectid
lfr_dcaf7677cc4287,h6000_q-000329_r+000962,hsub_sardinia_main_island,OCEAN,False,5.051828907,0.284107,4d877a9f5bbcf8a03bb4634c925e49ee38da1a09cd0963d374c0681a4aa3b486,"canonical hex polygon INTERSECT canonical OSM land component, unioned inside the hex (overlap-safe)",v1_sha1_hexid_pipe_subjectid
lfr_5a4f78947719d3,h6000_q-000328_r+000962,hsub_sardinia_main_island,OCEAN,False,6.105802937,0.343164,72c6d84ba55205ab7cb70585fba55f5cec42d2f8a6985d9d742ae8ab89274987,"canonical hex polygon INTERSECT canonical OSM land component, unioned inside the hex (overlap-safe)",v1_sha1_hexid_pipe_subjectid
lfr_35534c8c1795c6,h6000_q-000320_r+000962,hsub_sardinia_main_island,OCEAN,False,6.252951946,0.351529,b0cf822b91d649c176fb0520b654d80998bd770d20d5c75c19b572738aa0fa87,"canonical hex polygon INTERSECT canonical OSM land component, unioned inside the hex (overlap-safe)",v1_sha1_hexid_pipe_subjectid
lfr_8c6d62a0bb8759,h6000_q-000302_r+000962,hsub_sardinia_main_island,OCEAN,False,2.978905754,0.177265,aebb398e60d46b3a176a5d3e5079e79c07188c3251713edaf4f45d06c05f8914,"canonical hex polygon INTERSECT canonical OSM land component, unioned inside the hex (overlap-safe)",v1_sha1_hexid_pipe_subjectid
lfr_9087b1e263ef58,h6000_q-000330_r+000963,hsub_sardinia_main_island,OCEAN,False,2.516032664,0.142039,c16dee08bc94039a4413fe8f3c34bbbbfd60d4f62fee6dcadfd3a471a41de787,"canonical hex polygon INTERSECT canonical OSM land component, unioned inside the hex (overlap-safe)",v1_sha1_hexid_pipe_subjectid
lfr_2437d882007ffd,h6000_q-000318_r+000963,hsub_sardinia_main_island,OCEAN,False,7.12187466,0.400662,dc8b01b5ab4c4d2ee4648871202b99ef098df93791a03ea527d70cdde0e8a685,"canonical hex polygon INTERSECT canonical OSM land component, unioned inside the hex (overlap-safe)",v1_sha1_hexid_pipe_subjectid
lfr_4f328ac647e59e,h6000_q-000303_r+000963,hsub_sardinia_main_island,OCEAN,False,0.089771556,0.005048,c257116007ce6412adb90ef31c853cd7f25f4791821c3883c6ba64b08a7f226a,"canonical hex polygon INTERSECT canonical OSM land component, unioned inside the hex (overlap-safe)",v1_sha1_hexid_pipe_subjectid
lfr_6ebd8dd705cce3,h6000_q-000330_r+000964,hsub_sardinia_main_island,OCEAN,False,1.397772825,0.14388,cc0159b63b281b3aeec44bc3ca45da28fd9e41075f6853f72f878aaf06860730,"canonical hex polygon INTERSECT canonical OSM land component, unioned inside the hex (overlap-safe)",v1_sha1_hexid_pipe_subjectid
lfr_3bfdb1e9fec9f3,h6000_q-000318_r+000964,hsub_sardinia_main_island,OCEAN,False,3.458942584,0.197395,fff773cffde162ea9b34e3e3bdf5b05a97282ac45f75d1f0b383202251606744,"canonical hex polygon INTERSECT canonical OSM land component, unioned inside the hex (overlap-safe)",v1_sha1_hexid_pipe_subjectid
lfr_8e825678b70ef5,h6000_q-000304_r+000964,hsub_sardinia_main_island,OCEAN,False,7.140740815,0.408678,a0f661b99916f706b57b0078b3069eef289f327e17fa4941cfd752a2ffda10f2,"canonical hex polygon INTERSECT canonical OSM land component, unioned inside the hex (overlap-safe)",v1_sha1_hexid_pipe_subjectid
lfr_11edb97d12e4d6,h6000_q-000303_r+000964,hsub_sardinia_main_island,OCEAN,False,2.964367067,0.181243,8625b9508c5584613b64cd9c9da263468bf91e4142c49030c7faa2f84454bfd7,"canonical hex polygon INTERSECT canonical OSM land component, unioned inside the hex (overlap-safe)",v1_sha1_hexid_pipe_subjectid
lfr_7c5eec06271acb,h6000_q-000318_r+000965,hsub_sardinia_main_island,OCEAN,False,4.245092038,0.242852,9c023c1cfb7df6c8f75b08af20ec66dcfba74c48594649cde80a73e9f5440e4a,"canonical hex polygon INTERSECT canonical OSM land component, unioned inside the hex (overlap-safe)",v1_sha1_hexid_pipe_subjectid
lfr_8ef0841b48fc4a,h6000_q-000304_r+000965,hsub_sardinia_main_island,OCEAN,False,5.41180625,0.305185,c74cc27eb5beed659b26ae56fb1d9089a72e062a527736f42877de195a7eb84a,"canonical hex polygon INTERSECT canonical OSM land component, unioned inside the hex (overlap-safe)",v1_sha1_hexid_pipe_subjectid
lfr_bd3eb220dc7c5e,h6000_q-000303_r+000965,hsub_sardinia_main_island,OCEAN,False,0.622741217,0.035104,4b34a94eaa81551604bed8dcf1cc6a0ec748aa0d940c8f149f269ca1c22b7163,"canonical hex polygon INTERSECT canonical OSM land component, unioned inside the hex (overlap-safe)",v1_sha1_hexid_pipe_subjectid
lfr_f8712c3f290ba7,h6000_q-000318_r+000966,hsub_sardinia_main_island,OCEAN,False,0.898487322,0.050982,a9453ccab280c297efc2b9ce8dc716b91d7b2b13a1320fa662cfab27d9d20e07,"canonical hex polygon INTERSECT canonical OSM land component, unioned inside the hex (overlap-safe)",v1_sha1_hexid_pipe_subjectid
lfr_1f4a392bf45e41,h6000_q-000306_r+000966,hsub_sardinia_main_island,OCEAN,False,4.641942835,0.262449,0a89d2f09ff2d679800e953263bd2e1e1849d1dbea6092646b2decacb4d0c542,"canonical hex polygon INTERSECT canonical OSM land component, unioned inside the hex (overlap-safe)",v1_sha1_hexid_pipe_subjectid
lfr_e038a04c425c55,h6000_q-000317_r+000967,hsub_sardinia_main_island,OCEAN,False,8.546408927,0.483118,b564011d5d2a8f847d5157ecbdf3cc2c78f530dd292d1da67516b52b96e12f7a,"canonical hex polygon INTERSECT canonical OSM land component, unioned inside the hex (overlap-safe)",v1_sha1_hexid_pipe_subjectid
lfr_fcb98cdb24e454,h6000_q-000306_r+000967,hsub_sardinia_main_island,OCEAN,False,4.297025262,0.266254,dd683c5cb42c383c9cef1b481271ba726a1412073fcd6a366164ecac5f7bccb8,"canonical hex polygon INTERSECT canonical OSM land component, unioned inside the hex (overlap-safe)",v1_sha1_hexid_pipe_subjectid
lfr_5e02b7a4332a92,h6000_q-000317_r+000968,hsub_sardinia_main_island,OCEAN,False,6.250324338,0.353745,2fffd9115e6414ac7c4f5fc589b68899c57f5b92e5877420f1abbf22d5905b3e,"canonical hex polygon INTERSECT canonical OSM land component, unioned inside the hex (overlap-safe)",v1_sha1_hexid_pipe_subjectid
lfr_7ec5a4fc0a5421,h6000_q-000306_r+000968,hsub_sardinia_main_island,OCEAN,False,0.076735559,0.009896,82e01ac90e41913ae6b47e66e78ec5fc361d3a24b6d18c955535262a5bf6101c,"canonical hex polygon INTERSECT canonical OSM land component, unioned inside the hex (overlap-safe)",v1_sha1_hexid_pipe_subjectid
lfr_fe8054ede7772f,h6000_q-000317_r+000969,hsub_sardinia_main_island,OCEAN,False,0.024767296,0.001548,c2189b1e4388189ace96ea47d3bd4b3159d7b3579e533125f2d6943c3d1c2c02,"canonical hex polygon INTERSECT canonical OSM land component, unioned inside the hex (overlap-safe)",v1_sha1_hexid_pipe_subjectid
lfr_915ad3f9099d35,h6000_q-000315_r+000969,hsub_sardinia_main_island,OCEAN,False,8.225080865,0.466151,e93feaa162860c2fe79036a3e36cb6f1d4ad5925907364b6bd1bcb805a52f420,"canonical hex polygon INTERSECT canonical OSM land component, unioned inside the hex (overlap-safe)",v1_sha1_hexid_pipe_subjectid
lfr_f90c01d6ae0d7f,h6000_q-000309_r+000969,hsub_sardinia_main_island,OCEAN,False,0.9215556,0.058784,0b6390bafaef08f2d79171b31368d99102fc56c5923fd12263e0817d3e5fe745,"canonical hex polygon INTERSECT canonical OSM land component, unioned inside the hex (overlap-safe)",v1_sha1_hexid_pipe_subjectid
lfr_2eceeb84bbefe3,h6000_q-000308_r+000969,hsub_sardinia_main_island,OCEAN,False,4.835026433,0.292483,dca03b08c76d8610609cd83151b6ff6629604a383df363b768e44470dc1b49f7,"canonical hex polygon INTERSECT canonical OSM land component, unioned inside the hex (overlap-safe)",v1_sha1_hexid_pipe_subjectid
lfr_ca5bdeb485f620,h6000_q-000310_r+000970,hsub_sardinia_main_island,OCEAN,False,0.714510049,0.317381,63c3cdbe4cede8e29f23732cb57f0fc0ed1338b0fb4d9fa09bf837c3e6df48b1,"canonical hex polygon INTERSECT canonical OSM land component, unioned inside the hex (overlap-safe)",v1_sha1_hexid_pipe_subjectid
lfr_5121e75fc83e8b,h6000_q-000316_r+000971,hsub_sardinia_main_island,OCEAN,False,1.476949398,0.084113,e7b6b534cf87999289d73652d8ac02294dc65860acf814eadca3472a57b2338c,"canonical hex polygon INTERSECT canonical OSM land component, unioned inside the hex (overlap-safe)",v1_sha1_hexid_pipe_subjectid
lfr_87751e3b91b8ae,h6000_q-000313_r+000971,hsub_sardinia_main_island,OCEAN,False,3.127427827,0.177543,e1450a1f307cf8675faa53cfc1a0d0b23f8bd5235c855a370e66e7cc68f532e0,"canonical hex polygon INTERSECT canonical OSM land component, unioned inside the hex (overlap-safe)",v1_sha1_hexid_pipe_subjectid
lfr_2d2c38e180b92e,h6000_q-000312_r+000971,hsub_sardinia_main_island,OCEAN,False,0.515950831,0.206643,61d1953a96e1852f6aa765c5470a5a82f970e191845faafac3e0a72459b11374,"canonical hex polygon INTERSECT canonical OSM land component, unioned inside the hex (overlap-safe)",v1_sha1_hexid_pipe_subjectid
lfr_b2e2568d4275b6,h6000_q-000316_r+000972,hsub_sardinia_main_island,OCEAN,False,1.133573861,0.067148,2904b8f0cfb9d37723f01e27cab030b9a481d9292763a48b0702675deb5d1409,"canonical hex polygon INTERSECT canonical OSM land component, unioned inside the hex (overlap-safe)",v1_sha1_hexid_pipe_subjectid
lfr_e8237a18806bb5,h6000_q-000315_r+000972,hsub_sardinia_main_island,OCEAN,False,4.587872538,0.265176,25f526b9538febf763f9cfac9a401a101497bd1c7ba5df1119d8d8c4375f7667,"canonical hex polygon INTERSECT canonical OSM land component, unioned inside the hex (overlap-safe)",v1_sha1_hexid_pipe_subjectid
lfr_309a7aa514c12f,h6000_q-000314_r+000972,hsub_sardinia_main_island,OCEAN,False,0.14016013,0.008157,6ca56926909b7a4e360da433bdca381d25d6f9655bce653d7b3aed9e89210e8f,"canonical hex polygon INTERSECT canonical OSM land component, unioned inside the hex (overlap-safe)",v1_sha1_hexid_pipe_subjectid
lfr_81d44d07b87d4f,h6000_q-001240_r+001770,hsub_iceland_main_island,OCEAN,False,0.369222417,0.062069,75fe4ec23a6e8baceefbe1852210cc355b23c929d3fa17d995b0298828482349,"canonical hex polygon INTERSECT canonical OSM land component, unioned inside the hex (overlap-safe)",v1_sha1_hexid_pipe_subjectid
lfr_ce7366f84eec0c,h6000_q-001239_r+001770,hsub_iceland_main_island,OCEAN,False,0.049182644,0.009753,3ba326394a12bb968879eba1036049697f768f93c44a5e8371bd42a45284361b,"canonical hex polygon INTERSECT canonical OSM land component, unioned inside the hex (overlap-safe)",v1_sha1_hexid_pipe_subjectid
lfr_a8215e1e1717a6,h6000_q-001238_r+001770,hsub_iceland_main_island,OCEAN,False,0.174089003,0.028883,ee8b57522aef68bce320b48220822ffacf4a3950fd85bd8a888125aaa192ab28,"canonical hex polygon INTERSECT canonical OSM land component, unioned inside the hex (overlap-safe)",v1_sha1_hexid_pipe_subjectid
lfr_6bfe47150d89fe,h6000_q-001235_r+001770,hsub_iceland_main_island,OCEAN,False,0.016062092,0.00256,0d079c3f4a4fd06d42ba95e25514adfa94a490debefbaa0cd70ab372af99b80c,"canonical hex polygon INTERSECT canonical OSM land component, unioned inside the hex (overlap-safe)",v1_sha1_hexid_pipe_subjectid
lfr_56dc52e81cd564,h6000_q-001234_r+001770,hsub_iceland_main_island,OCEAN,False,0.651392028,0.103801,71703b5bb060737b1188c28309d778986bc5e2d7408b30fdbf201aaf2df45ad1,"canonical hex polygon INTERSECT canonical OSM land component, unioned inside the hex (overlap-safe)",v1_sha1_hexid_pipe_subjectid
lfr_68878516082762,h6000_q-001233_r+001770,hsub_iceland_main_island,OCEAN,False,2.091386348,0.333223,34404a4e43f19841762b109ddbf6b4f3f2b29037e34b2249f131bacea2573c6e,"canonical hex polygon INTERSECT canonical OSM land component, unioned inside the hex (overlap-safe)",v1_sha1_hexid_pipe_subjectid
lfr_41f27bf2a2dfb6,h6000_q-001232_r+001770,hsub_iceland_main_island,OCEAN,False,2.259188778,0.359954,900d4b47d6315ed5fe0762e62d9eedd800f957052e52e5ecac2b837b8e5a332e,"canonical hex polygon INTERSECT canonical OSM land component, unioned inside the hex (overlap-safe)",v1_sha1_hexid_pipe_subjectid
lfr_1db672d8baa55c,h6000_q-001231_r+001770,hsub_iceland_main_island,OCEAN,False,0.960704981,0.153086,556d0383b93fe18d7381298ba23e09667c57a12e1e4e2cba66798bff078acb4f,"canonical hex polygon INTERSECT canonical OSM land component, unioned inside the hex (overlap-safe)",v1_sha1_hexid_pipe_subjectid
lfr_32b90919faf37d,h6000_q-001242_r+001771,hsub_iceland_main_island,OCEAN,False,1.263004462,0.201545,a72dbaeabbe278cb1740238a69ed8d6b1aa17db374540c35526736c1c16aa67a,"canonical hex polygon INTERSECT canonical OSM land component, unioned inside the hex (overlap-safe)",v1_sha1_hexid_pipe_subjectid
lfr_ca6d9cf483d50a,h6000_q-001238_r+001771,hsub_iceland_main_island,OCEAN,False,3.052131133,0.487253,6b7049bd78521edbc6f121d8bd24d447094e8066f47e88be1f2087fae6aea183,"canonical hex polygon INTERSECT canonical OSM land component, unioned inside the hex (overlap-safe)",v1_sha1_hexid_pipe_subjectid
lfr_9ae4fb1d9fa7ac,h6000_q-001237_r+001771,hsub_iceland_main_island,OCEAN,False,2.999588882,0.478583,d9e48745cd776ca06a30dd10f54c8c46a2fe22da6374b1df3b926e8ed7ec40de,"canonical hex polygon INTERSECT canonical OSM land component, unioned inside the hex (overlap-safe)",v1_sha1_hexid_pipe_subjectid
lfr_db9574b9fb2c1e,h6000_q-001229_r+001771,hsub_iceland_main_island,OCEAN,False,1.088031053,0.173634,5a59608cabd84003cde0982f2cb886342bca09bcd4be6924815d060741e9eeda,"canonical hex polygon INTERSECT canonical OSM land component, unioned inside the hex (overlap-safe)",v1_sha1_hexid_pipe_subjectid
lfr_b3074f7bd7018c,h6000_q-001244_r+001772,hsub_iceland_main_island,OCEAN,False,1.537864794,0.245751,0934e89e487138dfeb324a0d460b68aa29347592683164d4cf4dc8a6660cdc1b,"canonical hex polygon INTERSECT canonical OSM land component, unioned inside the hex (overlap-safe)",v1_sha1_hexid_pipe_subjectid
lfr_1bfcbaab3167a5,h6000_q-001227_r+001772,hsub_iceland_main_island,OCEAN,False,2.083549255,0.332935,de6df22476acb0bd7a6940565ceb0410edd4fc563a9a704a1c931dba3e6d1bd8,"canonical hex polygon INTERSECT canonical OSM land component, unioned inside the hex (overlap-safe)",v1_sha1_hexid_pipe_subjectid
lfr_67da86ac0df0c8,h6000_q-001226_r+001772,hsub_iceland_main_island,OCEAN,False,0.497083744,0.079441,2ef6691da0d40447ae7cfb682d005b16f4f6ce4ad14442ca4425fa8b4d64622d,"canonical hex polygon INTERSECT canonical OSM land component, unioned inside the hex (overlap-safe)",v1_sha1_hexid_pipe_subjectid
lfr_06e2c2bc1af557,h6000_q-001247_r+001773,hsub_iceland_main_island,OCEAN,False,1.073338609,0.171774,d7a6718274bedbc2561f7e94bac48d4aa5828b03b70eee05326169d2de5851f4,"canonical hex polygon INTERSECT canonical OSM land component, unioned inside the hex (overlap-safe)",v1_sha1_hexid_pipe_subjectid
lfr_c72c449e174b46,h6000_q-001246_r+001773,hsub_iceland_main_island,OCEAN,False,2.986175547,0.477821,1b39c71a3348c14dda9cb9f8d28a56723bdbe8ae71c8b557aa97acab6efe8a1b,"canonical hex polygon INTERSECT canonical OSM land component, unioned inside the hex (overlap-safe)",v1_sha1_hexid_pipe_subjectid
lfr_66f82e94dcdf5c,h6000_q-001224_r+001773,hsub_iceland_main_island,OCEAN,False,2.321718357,0.371526,4066ff0d4a78e4a26a7e0297a9c151c301aaad51445e0e995fb46dcc60e119c3,"canonical hex polygon INTERSECT canonical OSM land component, unioned inside the hex (overlap-safe)",v1_sha1_hexid_pipe_subjectid
lfr_c232a6e3436629,h6000_q-001223_r+001773,hsub_iceland_main_island,OCEAN,False,0.20197237,0.032318,03cff07581186b5415ea55d618c907d1fb8339907283ae6e787246e2716e72f7,"canonical hex polygon INTERSECT canonical OSM land component, unioned inside the hex (overlap-safe)",v1_sha1_hexid_pipe_subjectid
lfr_9775d4b0757fc9,h6000_q-001249_r+001774,hsub_iceland_main_island,OCEAN,False,1.810160647,0.290093,3213b9998e99c244422b3942ed9c07ab4db819a586c9cbf022947930ff9637ca,"canonical hex polygon INTERSECT canonical OSM land component, unioned inside the hex (overlap-safe)",v1_sha1_hexid_pipe_subjectid
lfr_f3b7d144de9981,h6000_q-001223_r+001774,hsub_iceland_main_island,OCEAN,False,2.965489359,0.475184,2bbf4424bc29e154b37582cf2e90d9481de9a4558e41b18f88bed8a0b39505f9,"canonical hex polygon INTERSECT canonical OSM land component, unioned inside the hex (overlap-safe)",v1_sha1_hexid_pipe_subjectid
lfr_533464b4f47222,h6000_q-001252_r+001775,hsub_iceland_main_island,OCEAN,False,0.330720308,0.053087,69cbd36acd42c507e8bb00445d2c84a2be920b1ba590c5339766992fd0f1317c,"canonical hex polygon INTERSECT canonical OSM land component, unioned inside the hex (overlap-safe)",v1_sha1_hexid_pipe_subjectid
lfr_9606ec651b3fb1,h6000_q-001251_r+001775,hsub_iceland_main_island,OCEAN,False,2.852385599,0.457757,35a092f6b5c254197c32fcdef556528f4104ac7af89783c39bbbc4990a07b4bd,"canonical hex polygon INTERSECT canonical OSM land component, unioned inside the hex (overlap-safe)",v1_sha1_hexid_pipe_subjectid
lfr_f3d9fe9fa824bc,h6000_q-001222_r+001775,hsub_iceland_main_island,OCEAN,False,2.886053028,0.463133,3673920f62509bdfa78c3e39d69c46fc56dd40847894488a72bb6d1066959278,"canonical hex polygon INTERSECT canonical OSM land component, unioned inside the hex (overlap-safe)",v1_sha1_hexid_pipe_subjectid
lfr_31508642db16df,h6000_q-001261_r+001776,hsub_iceland_main_island,OCEAN,False,0.161970054,0.026043,5ddb13e40dca9c28beefd737f58a6ee95f9242f29ccb22cbbadda216783ee370,"canonical hex polygon INTERSECT canonical OSM land component, unioned inside the hex (overlap-safe)",v1_sha1_hexid_pipe_subjectid
lfr_14f674ecf8a1b1,h6000_q-001255_r+001776,hsub_iceland_main_island,OCEAN,False,0.48722107,0.078327,fe7a68dcfbd2520273987d2f660c67be2dee37fa80d204cec7adafde7b433847,"canonical hex polygon INTERSECT canonical OSM land component, unioned inside the hex (overlap-safe)",v1_sha1_hexid_pipe_subjectid
lfr_c1d5f3d736f386,h6000_q-001254_r+001776,hsub_iceland_main_island,OCEAN,False,2.213654753,0.355801,8efd5e1c6a25e12489b20b1af43422c0b071fc1c94d1055cfdc4ae250dc75a77,"canonical hex polygon INTERSECT canonical OSM land component, unioned inside the hex (overlap-safe)",v1_sha1_hexid_pipe_subjectid
lfr_894ffdfb5315df,h6000_q-001264_r+001777,hsub_iceland_main_island,OCEAN,False,0.193641019,0.031169,604ab4b4ab43a7ec0ee6bc1b2daf902cea227be1128cb77ceebb02fd5cd194f3,"canonical hex polygon INTERSECT canonical OSM land component, unioned inside the hex (overlap-safe)",v1_sha1_hexid_pipe_subjectid
lfr_d64a0e22140414,h6000_q-001265_r+001778,hsub_iceland_main_island,OCEAN,False,2.241077682,0.361224,847a33fe97d3b589e2356212c3b102282f59f696b54135a85aa973b76dc48496,"canonical hex polygon INTERSECT canonical OSM land component, unioned inside the hex (overlap-safe)",v1_sha1_hexid_pipe_subjectid
lfr_0457d7b65884c9,h6000_q-001267_r+001779,hsub_iceland_main_island,OCEAN,False,0.030746417,0.004964,daac4b018ef7d7b80b23a438e955dbccb11d600f46f1205e7e92bfb08aaee48a,"canonical hex polygon INTERSECT canonical OSM land component, unioned inside the hex (overlap-safe)",v1_sha1_hexid_pipe_subjectid
lfr_e8307f733e5358,h6000_q-001268_r+001780,hsub_iceland_main_island,OCEAN,False,1.243507196,0.201023,b2992b2f55447fc123fb2b1a07b3a2a134973b445626aefe40991509f9593170,"canonical hex polygon INTERSECT canonical OSM land component, unioned inside the hex (overlap-safe)",v1_sha1_hexid_pipe_subjectid
lfr_53bd49f78e60f9,h6000_q-001269_r+001781,hsub_iceland_main_island,OCEAN,False,2.975034745,0.481564,b1204c7ba5a948612640a1604a12766d01843087a6a5aa8fcfeca15bc4875ef4,"canonical hex polygon INTERSECT canonical OSM land component, unioned inside the hex (overlap-safe)",v1_sha1_hexid_pipe_subjectid
lfr_17be7b8b14a022,h6000_q-001271_r+001782,hsub_iceland_main_island,OCEAN,False,0.237069576,0.038434,e018954f63ee289ce2cb459fff5ba8c2de2757659beb7daccd3873276dad8ea3,"canonical hex polygon INTERSECT canonical OSM land component, unioned inside the hex (overlap-safe)",v1_sha1_hexid_pipe_subjectid
lfr_774ad55a9dddba,h6000_q-001272_r+001783,hsub_iceland_main_island,OCEAN,False,1.883599573,0.30582,8be1384e4f5f9b46c6330d43985aa72676198847304214183dd84bd468680841,"canonical hex polygon INTERSECT canonical OSM land component, unioned inside the hex (overlap-safe)",v1_sha1_hexid_pipe_subjectid
lfr_20a91b3a567ffe,h6000_q-001274_r+001784,hsub_iceland_main_island,OCEAN,False,0.006332675,0.00103,5a78b4a81dc828c62f89d4291a0887e158f709f6b198a72eb279ccf2c90a910a,"canonical hex polygon INTERSECT canonical OSM land component, unioned inside the hex (overlap-safe)",v1_sha1_hexid_pipe_subjectid
lfr_6fe971cdb0a53b,h6000_q-001275_r+001785,hsub_iceland_main_island,OCEAN,False,1.453760264,0.236731,7f1782900654889c87435d6437ed1a7e4ee75ea21505612cfa80182aa754acd6,"canonical hex polygon INTERSECT canonical OSM land component, unioned inside the hex (overlap-safe)",v1_sha1_hexid_pipe_subjectid
lfr_b623fd01df03ba,h6000_q-001277_r+001786,hsub_iceland_main_island,OCEAN,False,0.025825105,0.004211,8c396f08fc09ed5e272b03a41d988086fb166c36527cab5c55c043397570a014,"canonical hex polygon INTERSECT canonical OSM land component, unioned inside the hex (overlap-safe)",v1_sha1_hexid_pipe_subjectid
lfr_75eb605d15942b,h6000_q-001278_r+001787,hsub_iceland_main_island,OCEAN,False,1.954060796,0.319119,e67caa584dc0fb7cb563bf7f19caa5d3c6efaaed956516f9c4a5b94a3329cb24,"canonical hex polygon INTERSECT canonical OSM land component, unioned inside the hex (overlap-safe)",v1_sha1_hexid_pipe_subjectid
lfr_1b422d9faa770c,h6000_q-001280_r+001788,hsub_iceland_main_island,OCEAN,False,1.131130932,0.18502,aaa3923d2b2a69a718a6f2fba09f8df55f1bd7bb230ab8d63b04cea2bdc85238,"canonical hex polygon INTERSECT canonical OSM land component, unioned inside the hex (overlap-safe)",v1_sha1_hexid_pipe_subjectid
lfr_476b68ab045fe6,h6000_q-001282_r+001789,hsub_iceland_main_island,OCEAN,False,0.473804639,0.077611,21d12982d1708a57eaa5f4407b36da29688d05fbda7c7ed9a45d2f984b0d6efd,"canonical hex polygon INTERSECT canonical OSM land component, unioned inside the hex (overlap-safe)",v1_sha1_hexid_pipe_subjectid
lfr_58a6d4ce1682c1,h6000_q-001317_r+001790,hsub_iceland_main_island,OCEAN,False,0.117148069,0.01951,d6ee1c46b57239a7332caf8bc59fad42dbeef1f7557246e97bfab645ef454199,"canonical hex polygon INTERSECT canonical OSM land component, unioned inside the hex (overlap-safe)",v1_sha1_hexid_pipe_subjectid
lfr_381083e141f47b,h6000_q-001315_r+001790,hsub_iceland_main_island,OCEAN,False,0.734204183,0.120442,4bc7be967eff04117faefbae5e0707087cb021607ad6cd8dd0aa481b7f8bf590,"canonical hex polygon INTERSECT canonical OSM land component, unioned inside the hex (overlap-safe)",v1_sha1_hexid_pipe_subjectid
lfr_cc8e401cacb88c,h6000_q-001314_r+001790,hsub_iceland_main_island,OCEAN,False,1.194216202,0.19591,f54edfbeb1a236a9c20d6cfd60bc499d347f2c207b1ade2144b2a660dcd1e4ff,"canonical hex polygon INTERSECT canonical OSM land component, unioned inside the hex (overlap-safe)",v1_sha1_hexid_pipe_subjectid
lfr_672ff322c35057,h6000_q-001313_r+001790,hsub_iceland_main_island,OCEAN,False,1.405713787,0.230596,c11290d981b29a607bc346f1d5e50a0bab1be93f849477c8fc9e2f97320d2c61,"canonical hex polygon INTERSECT canonical OSM land component, unioned inside the hex (overlap-safe)",v1_sha1_hexid_pipe_subjectid
lfr_299eb55f540a2d,h6000_q-001312_r+001791,hsub_iceland_main_island,OCEAN,False,2.054806685,0.337532,15713cc40852469a6943917aa504695041c68071304afd5e773a0e83c465f7b0,"canonical hex polygon INTERSECT canonical OSM land component, unioned inside the hex (overlap-safe)",v1_sha1_hexid_pipe_subjectid
lfr_39c0e6eec2a409,h6000_q-001311_r+001791,hsub_iceland_main_island,OCEAN,False,1.750663707,0.287546,a1f7707dd3d552151e9fa66f5cc059c8a36636812036fdf7063790517c679f28,"canonical hex polygon INTERSECT canonical OSM land component, unioned inside the hex (overlap-safe)",v1_sha1_hexid_pipe_subjectid
lfr_f64ffac411f713,h6000_q-001309_r+001791,hsub_iceland_main_island,OCEAN,False,0.000254159,4.2e-05,eb962576ac362d9d77d0843ff70295515447ce03d4359cccb7e311433b0c9ed0,"canonical hex polygon INTERSECT canonical OSM land component, unioned inside the hex (overlap-safe)",v1_sha1_hexid_pipe_subjectid
lfr_13a8bf7992bf81,h6000_q-001308_r+001791,hsub_iceland_main_island,OCEAN,False,1.018575012,0.167344,4eb55dd595320f934e44ca49daf592d15d1c54252f3daa47f7f1ba0134ca5f02,"canonical hex polygon INTERSECT canonical OSM land component, unioned inside the hex (overlap-safe)",v1_sha1_hexid_pipe_subjectid
lfr_245d2c31b11b87,h6000_q-001307_r+001791,hsub_iceland_main_island,OCEAN,False,2.112759442,0.34707,f80e7b7f4aab6cd3df1e1e72223fa3fc05fb9f87a7f59d56ce6894e0d8132148,"canonical hex polygon INTERSECT canonical OSM land component, unioned inside the hex (overlap-safe)",v1_sha1_hexid_pipe_subjectid
lfr_5116ab8c91b050,h6000_q-001306_r+001791,hsub_iceland_main_island,OCEAN,False,1.081042219,0.177599,f4291a09ab1afe57d5b20109083de731aabf80d026643cb1163be44a72c70970,"canonical hex polygon INTERSECT canonical OSM land component, unioned inside the hex (overlap-safe)",v1_sha1_hexid_pipe_subjectid
lfr_731a73057da977,h6000_q-001305_r+001791,hsub_iceland_main_island,OCEAN,False,2.334535603,0.383495,6b15107dbd408e5956a9a3a6ce290efc14417094cb25c774d24082a1e7dcbdb0,"canonical hex polygon INTERSECT canonical OSM land component, unioned inside the hex (overlap-safe)",v1_sha1_hexid_pipe_subjectid
lfr_cc671b20e406ed,h6000_q-001304_r+001791,hsub_iceland_main_island,OCEAN,False,1.342954192,0.220627,8c0949a7bac35feea39edca7d269445025579aabce61882ea2c3fadcd9d5f5c1,"canonical hex polygon INTERSECT canonical OSM land component, unioned inside the hex (overlap-safe)",v1_sha1_hexid_pipe_subjectid
lfr_45fd48bffa9117,h6000_q-001303_r+001791,hsub_iceland_main_island,OCEAN,False,0.911098986,0.149687,da3cdcc3a9bc4be08b11b9e1ec74765ca7295ae42cb08fde83897cc7b8a27714,"canonical hex polygon INTERSECT canonical OSM land component, unioned inside the hex (overlap-safe)",v1_sha1_hexid_pipe_subjectid
lfr_68a2821080a3ca,h6000_q-001302_r+001791,hsub_iceland_main_island,OCEAN,False,0.270266445,0.044407,7fd43f9da134aacbf52f69358213848dae01724e844843035bde73174ed6494a,"canonical hex polygon INTERSECT canonical OSM land component, unioned inside the hex (overlap-safe)",v1_sha1_hexid_pipe_subjectid
lfr_66354a62543e90,h6000_q-001298_r+001791,hsub_iceland_main_island,OCEAN,False,2.312097202,0.379783,51caf0c7d33973aae9c5247bd3da13e2ee4f7b30c1f7525bf7b3e035e4258111,"canonical hex polygon INTERSECT canonical OSM land component, unioned inside the hex (overlap-safe)",v1_sha1_hexid_pipe_subjectid
lfr_854e201f0c13d1,h6000_q-001296_r+001791,hsub_iceland_main_island,OCEAN,False,2.441017537,0.40097,9123f999eb58f24336b94ae0609b0c6191b5f4bb63a3bbccddcfd9f92cab6bf0,"canonical hex polygon INTERSECT canonical OSM land component, unioned inside the hex (overlap-safe)",v1_sha1_hexid_pipe_subjectid
lfr_7ea54ce2f35fb5,h6000_q-001295_r+001791,hsub_iceland_main_island,OCEAN,False,0.857731049,0.140921,d3b564e5b60db6087a3060bc3ed418d7ef7a9c63e8039dffde32f48381147b28,"canonical hex polygon INTERSECT canonical OSM land component, unioned inside the hex (overlap-safe)",v1_sha1_hexid_pipe_subjectid
lfr_60c7ccfe9005e8,h6000_q-001294_r+001791,hsub_iceland_main_island,OCEAN,False,0.006461787,0.001062,4f6f04e9fc460a142641d5bb4333a0aa1b954e54fd78b877eab7d471ea46068c,"canonical hex polygon INTERSECT canonical OSM land component, unioned inside the hex (overlap-safe)",v1_sha1_hexid_pipe_subjectid
lfr_35a1401e6516be,h6000_q-001286_r+001791,hsub_iceland_main_island,OCEAN,False,1.97052949,0.32371,85fe22589888daa22577d6e5b13a2d21d2729bf93749cd243d43b40beb1d3ed4,"canonical hex polygon INTERSECT canonical OSM land component, unioned inside the hex (overlap-safe)",v1_sha1_hexid_pipe_subjectid
lfr_ba646919b6b0a9,h6000_q-001310_r+001792,hsub_iceland_main_island,OCEAN,False,2.847858503,0.468443,263908e243fc9d1b6cab1e4c812a0653f8b6a61a29ed6dff2190aff30888d24a,"canonical hex polygon INTERSECT canonical OSM land component, unioned inside the hex (overlap-safe)",v1_sha1_hexid_pipe_subjectid
lfr_ea0d0b484f2b88,h6000_q-001301_r+001792,hsub_iceland_main_island,OCEAN,False,1.937299919,0.318705,c893f2e162303b4c0fde3c3e7bd94a099e3ef9cdf50ed17a59093755fe2c3593,"canonical hex polygon INTERSECT canonical OSM land component, unioned inside the hex (overlap-safe)",v1_sha1_hexid_pipe_subjectid
lfr_8afd277b7995ae,h6000_q-001292_r+001792,hsub_iceland_main_island,OCEAN,False,0.451444956,0.074248,ace5d0dc04d9c3c29b11105b370b7770ab0dcbd710b0ad4dae649ac21c4a4f92,"canonical hex polygon INTERSECT canonical OSM land component, unioned inside the hex (overlap-safe)",v1_sha1_hexid_pipe_subjectid
lfr_f8aeeb7e731631,h6000_q-001288_r+001792,hsub_iceland_main_island,OCEAN,False,1.724496901,0.283688,f2d5f3999bc1e2e17e26bc8ffbd51f5af505774365f131dde2547239cc3fadca,"canonical hex polygon INTERSECT canonical OSM land component, unioned inside the hex (overlap-safe)",v1_sha1_hexid_pipe_subjectid
lfr_6d041adb8a4a3e,h6000_q-001292_r+001793,hsub_iceland_main_island,OCEAN,False,0.13468854,0.022197,de425fd30e68e9b91edf19344cf3123047502719b640c06364e8b92cad78071f,"canonical hex polygon INTERSECT canonical OSM land component, unioned inside the hex (overlap-safe)",v1_sha1_hexid_pipe_subjectid
lfr_2bce064e5af1d4,h6000_q-001291_r+001793,hsub_iceland_main_island,OCEAN,False,0.053440203,0.008808,96ef3810ab7c72cd01882343559a9aacdbb245c71bfb452724a007d177ca5dd0,"canonical hex polygon INTERSECT canonical OSM land component, unioned inside the hex (overlap-safe)",v1_sha1_hexid_pipe_subjectid
lfr_cb3204c19ef5c7,h6000_q-001290_r+001793,hsub_iceland_main_island,OCEAN,False,1.204640566,0.198482,f12110b2308efd0beb86c084a267d1a260b0893759276a721b5bdefe390dc321,"canonical hex polygon INTERSECT canonical OSM land component, unioned inside the hex (overlap-safe)",v1_sha1_hexid_pipe_subjectid
lfr_f13ecca502e29e,h6000_q-001319_r+001794,hsub_iceland_main_island,OCEAN,False,1.562308024,0.257616,d20807db275d56f86b0dccddaf840901e630c58413dc660fd4227ef461adf99f,"canonical hex polygon INTERSECT canonical OSM land component, unioned inside the hex (overlap-safe)",v1_sha1_hexid_pipe_subjectid
lfr_3904189b53150d,h6000_q-001319_r+001795,hsub_iceland_main_island,OCEAN,False,1.188074756,0.196214,06d582978a8dd0ba7ae4d8d7daedaa8f53e838d39be67f9b9d72ffbd29b1cbbd,"canonical hex polygon INTERSECT canonical OSM land component, unioned inside the hex (overlap-safe)",v1_sha1_hexid_pipe_subjectid
lfr_d2938f7fce3a04,h6000_q-001319_r+001796,hsub_iceland_main_island,OCEAN,False,2.535268929,0.419901,0779b74bc393aa6c7c1441a575f743b58efd6742b40fd3259ce79b1cb71bfe23,"canonical hex polygon INTERSECT canonical OSM land component, unioned inside the hex (overlap-safe)",v1_sha1_hexid_pipe_subjectid
lfr_ef900c370429a5,h6000_q-001320_r+001797,hsub_iceland_main_island,OCEAN,False,2.166431247,0.360342,71647fff73ab0a5b546afce3e6d5f5adf0dc25ebd45e2d638efb528a429cd739,"canonical hex polygon INTERSECT canonical OSM land component, unioned inside the hex (overlap-safe)",v1_sha1_hexid_pipe_subjectid
lfr_6bc8eddcd33d4f,h6000_q-001321_r+001798,hsub_iceland_main_island,OCEAN,False,2.740495325,0.454847,08a1ab07729756310b3d8fcfdbb07c4e6f4ee30d9424da323146af5944e19068,"canonical hex polygon INTERSECT canonical OSM land component, unioned inside the hex (overlap-safe)",v1_sha1_hexid_pipe_subjectid
lfr_68b3d4e98e949b,h6000_q-001317_r+001799,hsub_iceland_main_island,OCEAN,False,0.01027372,0.001706,5777d5c490ae2a5a0c0c334c67b4afd574e070e3eb4a9b428cb02fb4e107db9a,"canonical hex polygon INTERSECT canonical OSM land component, unioned inside the hex (overlap-safe)",v1_sha1_hexid_pipe_subjectid
lfr_8ed8530606651b,h6000_q-001315_r+001799,hsub_iceland_main_island,OCEAN,False,1.802942507,0.299498,8cbaf26147958b9fb536838476c0f3a8747f6b919f3d9b8ca27f16fb40d07923,"canonical hex polygon INTERSECT canonical OSM land component, unioned inside the hex (overlap-safe)",v1_sha1_hexid_pipe_subjectid
lfr_b63b114f6d9e05,h6000_q-001221_r+001776,hsub_iceland_main_island,OCEAN,False,1.08658851,0.17468,3935db10bcfcc5acbe9a16c7a1eef169b6caa089773df984b058bd5b5ce0a2dc,"canonical hex polygon INTERSECT canonical OSM land component, unioned inside the hex (overlap-safe)",v1_sha1_hexid_pipe_subjectid
lfr_fae1b71a66c4f0,h6000_q-001221_r+001777,hsub_iceland_main_island,OCEAN,False,2.914135543,0.468973,8b6cff37cab39e14160d831e6fc08ad2486627b2577a8e4408c79cf6fa1826e2,"canonical hex polygon INTERSECT canonical OSM land component, unioned inside the hex (overlap-safe)",v1_sha1_hexid_pipe_subjectid
lfr_c329a13ef50404,h6000_q-001221_r+001779,hsub_iceland_main_island,OCEAN,False,2.155184702,0.347811,808f03bedf445928b6cb2496c860718c8bd5d21ef8a1cb42c774246febc008e9,"canonical hex polygon INTERSECT canonical OSM land component, unioned inside the hex (overlap-safe)",v1_sha1_hexid_pipe_subjectid
lfr_d8e9ed3e8416e9,h6000_q-001221_r+001780,hsub_iceland_main_island,OCEAN,False,1.251247651,0.202262,9b77b8416a66e033c39ef637b2e9fc24032baf88283c248feca6c2deca7d7854,"canonical hex polygon INTERSECT canonical OSM land component, unioned inside the hex (overlap-safe)",v1_sha1_hexid_pipe_subjectid
lfr_2184c83f98b6d3,h6000_q-001221_r+001781,hsub_iceland_main_island,OCEAN,False,0.624877687,0.101158,96a4b3960d6e7813162eb6d598643175afa70d63972548fac42cae804ea6a87e,"canonical hex polygon INTERSECT canonical OSM land component, unioned inside the hex (overlap-safe)",v1_sha1_hexid_pipe_subjectid
lfr_022891f1520fde,h6000_q-001221_r+001782,hsub_iceland_main_island,OCEAN,False,0.388065767,0.06292,778a4c963e7a97694c85cd5b278723c1431e3a8b6c5db74e984ece8cf9de1789,"canonical hex polygon INTERSECT canonical OSM land component, unioned inside the hex (overlap-safe)",v1_sha1_hexid_pipe_subjectid
lfr_9c3ff13c147d38,h6000_q-001221_r+001783,hsub_iceland_main_island,OCEAN,False,0.34369868,0.055804,2b200518aea5a339b09cb40895f41e6fe52ca5a7e458b80f0bc44a316fb9131e,"canonical hex polygon INTERSECT canonical OSM land component, unioned inside the hex (overlap-safe)",v1_sha1_hexid_pipe_subjectid
lfr_4446a97484f217,h6000_q-001221_r+001784,hsub_iceland_main_island,OCEAN,False,1.125341011,0.18299,88a07f6e80da1a76dcd468f3d30922e4518a993b48605030cf2c7d066bc49e38,"canonical hex polygon INTERSECT canonical OSM land component, unioned inside the hex (overlap-safe)",v1_sha1_hexid_pipe_subjectid
lfr_9e41dc11642380,h6000_q-001220_r+001786,hsub_iceland_main_island,OCEAN,False,2.500160555,0.407727,589444f290df8a7ccaeced7a37db44304efd48350f0d8ec5351f0315f0ab221a,"canonical hex polygon INTERSECT canonical OSM land component, unioned inside the hex (overlap-safe)",v1_sha1_hexid_pipe_subjectid
lfr_f53a6238eba6b0,h6000_q-001219_r+001786,hsub_iceland_main_island,OCEAN,False,0.040891968,0.006671,bb83f0ada13c61ac53d111e0d0a59ea3890efb0d355d30ed8b8c490659cf519b,"canonical hex polygon INTERSECT canonical OSM land component, unioned inside the hex (overlap-safe)",v1_sha1_hexid_pipe_subjectid
lfr_09c732fe186643,h6000_q-001218_r+001787,hsub_iceland_main_island,OCEAN,False,2.294811433,0.374813,a2f676903177448d062a5a1332a7613f80d1c3cefa869ed28ec41fc64a4a145d,"canonical hex polygon INTERSECT canonical OSM land component, unioned inside the hex (overlap-safe)",v1_sha1_hexid_pipe_subjectid
lfr_a890df07be31d9,h6000_q-001217_r+001787,hsub_iceland_main_island,OCEAN,False,0.297714039,0.048641,a8a44dd8c4b438f20b0cf40516fe7aca10ee47bd964cf0cba49b59aaedf1cd8b,"canonical hex polygon INTERSECT canonical OSM land component, unioned inside the hex (overlap-safe)",v1_sha1_hexid_pipe_subjectid
lfr_e0fe3c42c3316a,h6000_q-001216_r+001788,hsub_iceland_main_island,OCEAN,False,1.804470671,0.29515,08bbcc20ee7fbb36ed44dc516724b357793f5eebdc99dd6210864d5a0416ae8d,"canonical hex polygon INTERSECT canonical OSM land component, unioned inside the hex (overlap-safe)",v1_sha1_hexid_pipe_subjectid
lfr_91d57f8e2b3e4c,h6000_q-001215_r+001788,hsub_iceland_main_island,OCEAN,False,0.302278239,0.049452,aed394d0bd652927e1313e2586bda2f76ee3d12507b0557706a0b1834f28d957,"canonical hex polygon INTERSECT canonical OSM land component, unioned inside the hex (overlap-safe)",v1_sha1_hexid_pipe_subjectid
lfr_9e3c23d506dc35,h6000_q-001214_r+001788,hsub_iceland_main_island,OCEAN,False,0.007375998,0.001207,20e815deb3ab89f64e7e2c36a46edee53dbfd5d97556f367c3ce1cf0fe793ede,"canonical hex polygon INTERSECT canonical OSM land component, unioned inside the hex (overlap-safe)",v1_sha1_hexid_pipe_subjectid
lfr_9fafb8190dfc1f,h6000_q-001212_r+001788,hsub_iceland_main_island,OCEAN,False,0.000854448,0.00014,d637e8a1fb508ce21b64c325c6117ece46152add02d35d49726512441c2e2602,"canonical hex polygon INTERSECT canonical OSM land component, unioned inside the hex (overlap-safe)",v1_sha1_hexid_pipe_subjectid
lfr_2c79f85b6fdbe2,h6000_q-001211_r+001788,hsub_iceland_main_island,OCEAN,False,0.003620795,0.000593,7eafdbce31faa9254813c8886695d24badaf3530687473fba9a24dfecc9d9b58,"canonical hex polygon INTERSECT canonical OSM land component, unioned inside the hex (overlap-safe)",v1_sha1_hexid_pipe_subjectid
lfr_8379d4b86fdd19,h6000_q-001210_r+001788,hsub_iceland_main_island,OCEAN,False,0.004445364,0.000727,f0c933a9a18e170bb665f10d6789a18d84047d74213a6efd8069a32cfd829165,"canonical hex polygon INTERSECT canonical OSM land component, unioned inside the hex (overlap-safe)",v1_sha1_hexid_pipe_subjectid
lfr_c2ec05dd1adf45,h6000_q-001206_r+001789,hsub_iceland_main_island,OCEAN,False,2.988920167,0.489533,a300abcc70225ebdf621fe59b725cbf1891dcb8018e27bf8e07db41c9d887955,"canonical hex polygon INTERSECT canonical OSM land component, unioned inside the hex (overlap-safe)",v1_sha1_hexid_pipe_subjectid
lfr_13ec68fadeebcb,h6000_q-001205_r+001789,hsub_iceland_main_island,OCEAN,False,2.121367742,0.347553,28c453ee1a1dd12f87b8222dada03d3bcdf3146a0fa8ebb2e43d49b3ef399f18,"canonical hex polygon INTERSECT canonical OSM land component, unioned inside the hex (overlap-safe)",v1_sha1_hexid_pipe_subjectid
lfr_804ea7dc8ec5e7,h6000_q-001204_r+001789,hsub_iceland_main_island,OCEAN,False,1.05099112,0.17218,eb5c7a7fc031da54e3bf5501657561d3c73818ebcf707e2f8a2e7615474dfbbe,"canonical hex polygon INTERSECT canonical OSM land component, unioned inside the hex (overlap-safe)",v1_sha1_hexid_pipe_subjectid
lfr_6f0747a4d5a4e4,h6000_q-001203_r+001790,hsub_iceland_main_island,OCEAN,False,0.02032133,0.003334,3e7010d0388881c6c5541eef20dbd9c1ee11510219b165faea417d7cba4641a0,"canonical hex polygon INTERSECT canonical OSM land component, unioned inside the hex (overlap-safe)",v1_sha1_hexid_pipe_subjectid
lfr_73b941cd87aa46,h6000_q-001203_r+001791,hsub_iceland_main_island,OCEAN,False,0.032744135,0.005379,a7ee32a10a488e29e8305a9e0c752ec221a87cdb73254e59a460d3402869dab3,"canonical hex polygon INTERSECT canonical OSM land component, unioned inside the hex (overlap-safe)",v1_sha1_hexid_pipe_subjectid
lfr_3fea81a5e877b3,h6000_q-001203_r+001792,hsub_iceland_main_island,OCEAN,False,0.258043875,0.042452,87302f0f28a40886cdf60f47f4fef7788f78b37f88a110d40eb5b27817cc2401,"canonical hex polygon INTERSECT canonical OSM land component, unioned inside the hex (overlap-safe)",v1_sha1_hexid_pipe_subjectid
lfr_8f91781ba3fa2c,h6000_q-001203_r+001793,hsub_iceland_main_island,OCEAN,False,0.761456022,0.125455,7de74920b2712cd06cdcfa4399e43737db663061e408aaa6f8e97ff0d5c2b439,"canonical hex polygon INTERSECT canonical OSM land component, unioned inside the hex (overlap-safe)",v1_sha1_hexid_pipe_subjectid
lfr_cd374c6ddfae25,h6000_q-001203_r+001794,hsub_iceland_main_island,OCEAN,False,2.481037006,0.409316,1bedb3d8a265523aaaf1418d8f3d17d5cab5b5070c6989378ef2fe2c794de844,"canonical hex polygon INTERSECT canonical OSM land component, unioned inside the hex (overlap-safe)",v1_sha1_hexid_pipe_subjectid
lfr_fda2e870b97519,h6000_q-001202_r+001795,hsub_iceland_main_island,OCEAN,False,0.006689099,0.001105,178212e9e67eca9e8ff1dfaefa1417a3a937f516f40f4b50f4db8d3f9bbc242f,"canonical hex polygon INTERSECT canonical OSM land component, unioned inside the hex (overlap-safe)",v1_sha1_hexid_pipe_subjectid
lfr_25f87b544a385e,h6000_q-001202_r+001796,hsub_iceland_main_island,OCEAN,False,0.397976227,0.065866,b22136d66530d0cabccc59dc410b15f173b967fc8c32e8a9d6cae61d0e74e353,"canonical hex polygon INTERSECT canonical OSM land component, unioned inside the hex (overlap-safe)",v1_sha1_hexid_pipe_subjectid
lfr_92612c3238b9ac,h6000_q-001202_r+001797,hsub_iceland_main_island,OCEAN,False,1.18904304,0.19704,4bff9dba8f710cdd372c9540345e9fffcf44f85f19c77bea1f4b0dfc45814970,"canonical hex polygon INTERSECT canonical OSM land component, unioned inside the hex (overlap-safe)",v1_sha1_hexid_pipe_subjectid
lfr_8ebb68ad027a13,h6000_q-001202_r+001798,hsub_iceland_main_island,OCEAN,False,2.086720622,0.346275,348c993c0aa982fc93eee110cf0c87d1306f0db6981ecc88133a22d061374f7a,"canonical hex polygon INTERSECT canonical OSM land component, unioned inside the hex (overlap-safe)",v1_sha1_hexid_pipe_subjectid
lfr_6d31841985a385,h6000_q-001318_r+001800,hsub_iceland_main_island,OCEAN,False,0.347331604,0.05779,a92f2fd7511e2a8adb5e71a2e3e803c58a249cc43b1c0c9be426410b8fd25c3d,"canonical hex polygon INTERSECT canonical OSM land component, unioned inside the hex (overlap-safe)",v1_sha1_hexid_pipe_subjectid
lfr_0c2c51333bc18c,h6000_q-001315_r+001800,hsub_iceland_main_island,OCEAN,False,1.268674118,0.210983,1fb8bb9aab18591148224538a32bdfbcd58306c9f5abd76121862facf15e4896,"canonical hex polygon INTERSECT canonical OSM land component, unioned inside the hex (overlap-safe)",v1_sha1_hexid_pipe_subjectid
lfr_b8a3e1994534ef,h6000_q-001314_r+001800,hsub_iceland_main_island,OCEAN,False,2.992612224,0.497777,612e43b60c27292ea0f78f7da9e825ea1e66a8255e4feea3f17921aea9f46337,"canonical hex polygon INTERSECT canonical OSM land component, unioned inside the hex (overlap-safe)",v1_sha1_hexid_pipe_subjectid
lfr_ddfb46641af0d4,h6000_q-001322_r+001801,hsub_iceland_main_island,OCEAN,False,2.076246298,0.346543,a7b4d517bbbfdf887efbf2da4da5f02af44f9eb0cfc45b1bd31db47d233ece87,"canonical hex polygon INTERSECT canonical OSM land component, unioned inside the hex (overlap-safe)",v1_sha1_hexid_pipe_subjectid
lfr_de081dbe748881,h6000_q-001319_r+001801,hsub_iceland_main_island,OCEAN,False,1.755599663,0.292446,1d7bc165363c4dfd04080006e483f73ed40e7b68845b3fa2f845d90f422b162b,"canonical hex polygon INTERSECT canonical OSM land component, unioned inside the hex (overlap-safe)",v1_sha1_hexid_pipe_subjectid
lfr_977faf23e300f0,h6000_q-001314_r+001801,hsub_iceland_main_island,OCEAN,False,0.514936523,0.085763,d6062f12f0aa178c9ed185077123a8986234fc5b074da6ab6c10ad842ac32623,"canonical hex polygon INTERSECT canonical OSM land component, unioned inside the hex (overlap-safe)",v1_sha1_hexid_pipe_subjectid
lfr_9ffda61d56dc64,h6000_q-001313_r+001801,hsub_iceland_main_island,OCEAN,False,1.018938387,0.169691,7943787e8932970bbb435da26e3f3ca1fdfa76797341aef53a8a6548a23aeabb,"canonical hex polygon INTERSECT canonical OSM land component, unioned inside the hex (overlap-safe)",v1_sha1_hexid_pipe_subjectid
lfr_855fcb040976d4,h6000_q-001320_r+001802,hsub_iceland_main_island,OCEAN,False,0.566178883,0.094442,4d0e58cd4a27bde7c3e5dd7a926176bfa1420bbb9af6cd01b14a33600a9e01ba,"canonical hex polygon INTERSECT canonical OSM land component, unioned inside the hex (overlap-safe)",v1_sha1_hexid_pipe_subjectid
lfr_af50eb7a046018,h6000_q-001311_r+001802,hsub_iceland_main_island,OCEAN,False,0.403437442,0.067279,617e030867a45e74abba51019bc881561f5f128e33e7eb62c40ae575d17c1b5d,"canonical hex polygon INTERSECT canonical OSM land component, unioned inside the hex (overlap-safe)",v1_sha1_hexid_pipe_subjectid
lfr_9d04d61d67caa5,h6000_q-001310_r+001802,hsub_iceland_main_island,OCEAN,False,0.896552992,0.149533,4d17f4dc26fcd67bb93c20437bff5a90e0474b27c39256a55be64e7f78887f4a,"canonical hex polygon INTERSECT canonical OSM land component, unioned inside the hex (overlap-safe)",v1_sha1_hexid_pipe_subjectid
lfr_604f0611c4b05d,h6000_q-001323_r+001803,hsub_iceland_main_island,OCEAN,False,0.714272776,0.119335,00ddbc2f4f9b0f680041b788441b72ae2db2b66a7de34c6485b02f7387ed9d4c,"canonical hex polygon INTERSECT canonical OSM land component, unioned inside the hex (overlap-safe)",v1_sha1_hexid_pipe_subjectid
lfr_12614b30f7b4ae,h6000_q-001321_r+001803,hsub_iceland_main_island,OCEAN,False,0.008175147,0.001365,15b18eccb9e987eda6905868fceac1dd434af928fd8b61d89f0140e382679d66,"canonical hex polygon INTERSECT canonical OSM land component, unioned inside the hex (overlap-safe)",v1_sha1_hexid_pipe_subjectid
lfr_c3ddc9a0497eca,h6000_q-001310_r+001803,hsub_iceland_main_island,OCEAN,False,0.063977732,0.010696,8c408e2c1c27214a0039f59a785cf0b2a0618a0a9d1607cdb2767f67d99e5814,"canonical hex polygon INTERSECT canonical OSM land component, unioned inside the hex (overlap-safe)",v1_sha1_hexid_pipe_subjectid
lfr_3318fd5fecef07,h6000_q-001323_r+001804,hsub_iceland_main_island,OCEAN,False,0.029734527,0.004972,bdf8263e45c390b649331546a18befc2962c7e23038dfb5e935b36d79a042884,"canonical hex polygon INTERSECT canonical OSM land component, unioned inside the hex (overlap-safe)",v1_sha1_hexid_pipe_subjectid
lfr_a5106d6dcba4f2,h6000_q-001311_r+001804,hsub_iceland_main_island,OCEAN,False,0.7868211,0.131711,89d029c83dfde6eabc6ce57bf97af61fb5208585f31cac282697491dc39c5412,"canonical hex polygon INTERSECT canonical OSM land component, unioned inside the hex (overlap-safe)",v1_sha1_hexid_pipe_subjectid
lfr_9b7fd3d59256bc,h6000_q-001311_r+001805,hsub_iceland_main_island,OCEAN,False,2.277311739,0.381546,293a9816fe31fddcc9c2b9a7f1c9b5e507e1a23903b6a86d71c2e81da3cd8a36,"canonical hex polygon INTERSECT canonical OSM land component, unioned inside the hex (overlap-safe)",v1_sha1_hexid_pipe_subjectid
lfr_7aa5769bc377af,h6000_q-001310_r+001805,hsub_iceland_main_island,OCEAN,False,1.708011702,0.286184,57ee6403fb246f9ee256ece8b1a10a77478ef49805a707f3b8127dffc6d2759c,"canonical hex polygon INTERSECT canonical OSM land component, unioned inside the hex (overlap-safe)",v1_sha1_hexid_pipe_subjectid
lfr_23f345d7e926de,h6000_q-001311_r+001806,hsub_iceland_main_island,OCEAN,False,0.211961648,0.035774,b7edb3df3b04c523d04f3247878ff637e437f2fe9ef3d161c571be687e87cc0d,"canonical hex polygon INTERSECT canonical OSM land component, unioned inside the hex (overlap-safe)",v1_sha1_hexid_pipe_subjectid
lfr_aa9c2b961a0a4d,h6000_q-001312_r+001807,hsub_iceland_main_island,OCEAN,False,1.620909272,0.277949,d6088a033ce155cb88062b9a314f83565f2deedca96edc32bff3fd99a7acfa4b,"canonical hex polygon INTERSECT canonical OSM land component, unioned inside the hex (overlap-safe)",v1_sha1_hexid_pipe_subjectid
lfr_3122f90e35aeaa,h6000_q-001311_r+001807,hsub_iceland_main_island,OCEAN,False,2.325253302,0.391324,28f045155075d78a80bafa3c4fcbc0492d7287601207936880363fc491b193b2,"canonical hex polygon INTERSECT canonical OSM land component, unioned inside the hex (overlap-safe)",v1_sha1_hexid_pipe_subjectid
lfr_3c008f108904db,h6000_q-001310_r+001807,hsub_iceland_main_island,OCEAN,False,0.939839072,0.169629,bd33dbca5b5782d3a334a581c5e9a00401a79fb3c32a4abbbcb82c1f9787b1e0,"canonical hex polygon INTERSECT canonical OSM land component, unioned inside the hex (overlap-safe)",v1_sha1_hexid_pipe_subjectid
lfr_9d5581b47d48bd,h6000_q-001309_r+001807,hsub_iceland_main_island,OCEAN,False,1.874596082,0.495429,8ad0bfbddfff888363e77ada6cc2c2c11fb437693ae90a7e10d7fbe166b2fac0,"canonical hex polygon INTERSECT canonical OSM land component, unioned inside the hex (overlap-safe)",v1_sha1_hexid_pipe_subjectid
lfr_7116eab5d34574,h6000_q-001309_r+001808,hsub_iceland_main_island,OCEAN,False,0.829561867,0.159099,eaaaa2fe6f2c262ba91aa4861f2343530bc26861995ec0846b644acac3d29207,"canonical hex polygon INTERSECT canonical OSM land component, unioned inside the hex (overlap-safe)",v1_sha1_hexid_pipe_subjectid
lfr_14f7735ebf3658,h6000_q-001308_r+001808,hsub_iceland_main_island,OCEAN,False,1.432407529,0.317066,801343620cf57a9ab16a5764a9c8e793b95311978b9bcae30a9026ef6efbf11c,"canonical hex polygon INTERSECT canonical OSM land component, unioned inside the hex (overlap-safe)",v1_sha1_hexid_pipe_subjectid
lfr_a27520129d6158,h6000_q-001311_r+001810,hsub_iceland_main_island,OCEAN,False,0.02808283,0.004745,7379763c705b0694522d632b48d355d32f1d7899611ef5e342b69ccb29e389fb,"canonical hex polygon INTERSECT canonical OSM land component, unioned inside the hex (overlap-safe)",v1_sha1_hexid_pipe_subjectid
lfr_3fe12cfba3b3ca,h6000_q-001310_r+001810,hsub_iceland_main_island,OCEAN,False,1.39386484,0.235293,c168fc0c3db77f8fd56c80f4d6395535cc53c1235ace2b3cb2a94559e9f2768e,"canonical hex polygon INTERSECT canonical OSM land component, unioned inside the hex (overlap-safe)",v1_sha1_hexid_pipe_subjectid
lfr_798bf5a8072d96,h6000_q-001312_r+001811,hsub_iceland_main_island,OCEAN,False,1.302495275,0.220196,b7154dfc97042317a316382e4c0ac89bf1d3a529b175045638f93f1a94f25441,"canonical hex polygon INTERSECT canonical OSM land component, unioned inside the hex (overlap-safe)",v1_sha1_hexid_pipe_subjectid
lfr_87bbaf20ae9c10,h6000_q-001312_r+001812,hsub_iceland_main_island,OCEAN,False,1.750678361,0.307602,247ce3d5aca94b1ba63a9a9dcf967584fce898f61ae54f83385acd0fd0a0d752,"canonical hex polygon INTERSECT canonical OSM land component, unioned inside the hex (overlap-safe)",v1_sha1_hexid_pipe_subjectid
lfr_1a8ad768de12ad,h6000_q-001312_r+001813,hsub_iceland_main_island,OCEAN,False,2.120435372,0.359497,50b3327c10d73c5e41a7c7d12f0776188a80014f53c099cc8b9d244d73c66c0b,"canonical hex polygon INTERSECT canonical OSM land component, unioned inside the hex (overlap-safe)",v1_sha1_hexid_pipe_subjectid
lfr_b237b34eb44d73,h6000_q-001317_r+001814,hsub_iceland_main_island,OCEAN,False,0.024784973,0.004212,d26588c5c269b075c411d556d5714ee8f7aa5e35ca0192b9679d9f12139e547e,"canonical hex polygon INTERSECT canonical OSM land component, unioned inside the hex (overlap-safe)",v1_sha1_hexid_pipe_subjectid
lfr_bc9c6a340f17cc,h6000_q-001316_r+001814,hsub_iceland_main_island,OCEAN,False,0.534785599,0.092209,55d6880e8cf0aa9e8bf18d418e2db0ae2ffbb1e801e3caa228331ca99a8d3194,"canonical hex polygon INTERSECT canonical OSM land component, unioned inside the hex (overlap-safe)",v1_sha1_hexid_pipe_subjectid
lfr_e14242e727426a,h6000_q-001315_r+001814,hsub_iceland_main_island,OCEAN,False,1.876333569,0.318772,0ca88b2f9259fd95d330c1e539fd2c1f0b0516f37e6b46b83aff242f513d92fe,"canonical hex polygon INTERSECT canonical OSM land component, unioned inside the hex (overlap-safe)",v1_sha1_hexid_pipe_subjectid
lfr_b8a81240556a94,h6000_q-001314_r+001814,hsub_iceland_main_island,OCEAN,False,1.095912697,0.187236,db8c3ada764f720523ffe76d2c7f7c46f4fa510a15dbd714f0c00de4d571958f,"canonical hex polygon INTERSECT canonical OSM land component, unioned inside the hex (overlap-safe)",v1_sha1_hexid_pipe_subjectid
lfr_82872cdabc0647,h6000_q-001312_r+001814,hsub_iceland_main_island,OCEAN,False,1.303727503,0.221307,7676785c544a379e643f6f143c76e7a60d4aa6c0bf7ea98eab23c62d987b6b65,"canonical hex polygon INTERSECT canonical OSM land component, unioned inside the hex (overlap-safe)",v1_sha1_hexid_pipe_subjectid
lfr_3edf378c361b35,h6000_q-001318_r+001815,hsub_iceland_main_island,OCEAN,False,0.061088291,0.010387,df809c049561f74747f65575e2e63e75cac35bad17f73d71da5e8e53c2e14951,"canonical hex polygon INTERSECT canonical OSM land component, unioned inside the hex (overlap-safe)",v1_sha1_hexid_pipe_subjectid
lfr_28a59bffe1787d,h6000_q-001317_r+001815,hsub_iceland_main_island,OCEAN,False,2.794216439,0.475278,0d588834800e583b900ae74f7abe888ab229502a18d3fbcbad55fb4aa2db9fc9,"canonical hex polygon INTERSECT canonical OSM land component, unioned inside the hex (overlap-safe)",v1_sha1_hexid_pipe_subjectid
lfr_d7272415350a39,h6000_q-001313_r+001815,hsub_iceland_main_island,OCEAN,False,1.430734334,0.243422,d3a5357d1e847b2bcc999da12d80d12864f9f28307bec62dd4f5c44e4384c85d,"canonical hex polygon INTERSECT canonical OSM land component, unioned inside the hex (overlap-safe)",v1_sha1_hexid_pipe_subjectid
lfr_c8930eac2a8803,h6000_q-001312_r+001815,hsub_iceland_main_island,OCEAN,False,0.251990063,0.042839,8f140046fd0bef320aea346dd6564ba2fa3ead11660ebbab8901b9fde2e0c9a8,"canonical hex polygon INTERSECT canonical OSM land component, unioned inside the hex (overlap-safe)",v1_sha1_hexid_pipe_subjectid
lfr_b60595ff6480b9,h6000_q-001317_r+001816,hsub_iceland_main_island,OCEAN,False,2.577098156,0.465666,623facf958f22cd99eea6804eca58f2291edfab833e9200a27776a723bf13a48,"canonical hex polygon INTERSECT canonical OSM land component, unioned inside the hex (overlap-safe)",v1_sha1_hexid_pipe_subjectid
lfr_cc8ab840de6af0,h6000_q-001312_r+001816,hsub_iceland_main_island,OCEAN,False,0.093388403,0.015912,80058dfc5295e71c34ff90d49c9ec7971289ff15731cefc5d6010a1f8aae06aa,"canonical hex polygon INTERSECT canonical OSM land component, unioned inside the hex (overlap-safe)",v1_sha1_hexid_pipe_subjectid
lfr_ebe0984ef4b171,h6000_q-001311_r+001816,hsub_iceland_main_island,OCEAN,False,2.285127648,0.389116,3b1ff034e4d340f65c398786ab7afc916c1c502ab361118ce07c80e919c19c87,"canonical hex polygon INTERSECT canonical OSM land component, unioned inside the hex (overlap-safe)",v1_sha1_hexid_pipe_subjectid
lfr_640152184345d6,h6000_q-001310_r+001816,hsub_iceland_main_island,OCEAN,False,2.505445806,0.427305,6444d979f7a2faa04211d5c0d0c9abca227ad0468c2c81b85f62ca08c1940d91,"canonical hex polygon INTERSECT canonical OSM land component, unioned inside the hex (overlap-safe)",v1_sha1_hexid_pipe_subjectid
lfr_349eb8d350a51e,h6000_q-001317_r+001817,hsub_iceland_main_island,OCEAN,False,0.834127988,0.145128,6b379fb050f2ab14983a3ea0a177e650a51a3382d8eb7644b3dd3551310f86c7,"canonical hex polygon INTERSECT canonical OSM land component, unioned inside the hex (overlap-safe)",v1_sha1_hexid_pipe_subjectid
lfr_9985ff70c80314,h6000_q-001312_r+001817,hsub_iceland_main_island,OCEAN,False,0.931554038,0.158974,2f2b56da9cb30c7c0e7237bd5d984ea8e5f4f25da6e589e66a5e013b85fd5839,"canonical hex polygon INTERSECT canonical OSM land component, unioned inside the hex (overlap-safe)",v1_sha1_hexid_pipe_subjectid
lfr_a47b665d924c24,h6000_q-001311_r+001817,hsub_iceland_main_island,OCEAN,False,0.241190172,0.041124,066c91b98de8958c4b1bccaeb83d181af591cccc4964714ecfa444da74a2191c,"canonical hex polygon INTERSECT canonical OSM land component, unioned inside the hex (overlap-safe)",v1_sha1_hexid_pipe_subjectid
lfr_0f25b62e2b83d4,h6000_q-001307_r+001817,hsub_iceland_main_island,OCEAN,False,2.703181444,0.460937,f05bf0668ab66320c888aaaf5edeb0cdb6ddd030113f2911355e93304fc9df2e,"canonical hex polygon INTERSECT canonical OSM land component, unioned inside the hex (overlap-safe)",v1_sha1_hexid_pipe_subjectid
lfr_97ed1238c3a007,h6000_q-001317_r+001818,hsub_iceland_main_island,OCEAN,False,1.102828996,0.191483,24e956d7bb0c49e5d6d1210641741dc5eb6b001d9adbcdac79f90c9a0920671d,"canonical hex polygon INTERSECT canonical OSM land component, unioned inside the hex (overlap-safe)",v1_sha1_hexid_pipe_subjectid
lfr_db53a8e8039aca,h6000_q-001316_r+001818,hsub_iceland_main_island,OCEAN,False,0.940407842,0.176025,90ba6fc0e538db73fcc0570136c22f3ea573514f98fcb6136878b71d08f52a73,"canonical hex polygon INTERSECT canonical OSM land component, unioned inside the hex (overlap-safe)",v1_sha1_hexid_pipe_subjectid
lfr_4eb68adca876c1,h6000_q-001315_r+001818,hsub_iceland_main_island,OCEAN,False,2.697523073,0.460765,6030b178ef40dbafce0f85fed467653bebe100c2f6b65c12413ae7cf45310a27,"canonical hex polygon INTERSECT canonical OSM land component, unioned inside the hex (overlap-safe)",v1_sha1_hexid_pipe_subjectid
lfr_81ca4995317e5a,h6000_q-001312_r+001818,hsub_iceland_main_island,OCEAN,False,2.474595774,0.422818,d24814aa3b7ea306ad29ea46d45076f877b644a7be5c0d70fbbbc2f3da90f744,"canonical hex polygon INTERSECT canonical OSM land component, unioned inside the hex (overlap-safe)",v1_sha1_hexid_pipe_subjectid
lfr_5cfb216f2a3f36,h6000_q-001310_r+001818,hsub_iceland_main_island,OCEAN,False,0.460900635,0.078689,611bf9bae2e8d3ec34fce15d222f462257248efb9f1715826a82ae150a81893b,"canonical hex polygon INTERSECT canonical OSM land component, unioned inside the hex (overlap-safe)",v1_sha1_hexid_pipe_subjectid
lfr_92647c673a99af,h6000_q-001309_r+001818,hsub_iceland_main_island,OCEAN,False,0.716142983,0.148763,dd31feff9fba0784ba6d13fbdb50d1b949b58734142b6da48815de54b84a4cee,"canonical hex polygon INTERSECT canonical OSM land component, unioned inside the hex (overlap-safe)",v1_sha1_hexid_pipe_subjectid
lfr_8a8162733aced6,h6000_q-001307_r+001818,hsub_iceland_main_island,OCEAN,False,1.236620846,0.211793,3b454a6bc58f32a13ec235e6c63fe979a15e2eb7f6efe1c6380f613762dcbaa0,"canonical hex polygon INTERSECT canonical OSM land component, unioned inside the hex (overlap-safe)",v1_sha1_hexid_pipe_subjectid
lfr_cd31967f0df5ec,h6000_q-001306_r+001818,hsub_iceland_main_island,OCEAN,False,2.641968923,0.45263,a3fa41b69af64fbd4d096c04b86bfb8d2911d7fd9298ede802ecdb6f3257d1ca,"canonical hex polygon INTERSECT canonical OSM land component, unioned inside the hex (overlap-safe)",v1_sha1_hexid_pipe_subjectid
lfr_37ccfb03a8ac45,h6000_q-001311_r+001819,hsub_iceland_main_island,OCEAN,False,2.218732734,0.3797,1658179d8de8fd76a1c1525c7f20396a684f63e33fe10b0d6b75426d2effa3f1,"canonical hex polygon INTERSECT canonical OSM land component, unioned inside the hex (overlap-safe)",v1_sha1_hexid_pipe_subjectid
lfr_cec2c1b60d5f12,h6000_q-001310_r+001819,hsub_iceland_main_island,OCEAN,False,2.423309717,0.414692,5f26ecdd5dbf374fe1d6b76ba7c7d5593c87d3e1eb308ad0c088de178c8f1f2e,"canonical hex polygon INTERSECT canonical OSM land component, unioned inside the hex (overlap-safe)",v1_sha1_hexid_pipe_subjectid
lfr_db6bc5ebb87cee,h6000_q-001319_r+001820,hsub_iceland_main_island,OCEAN,False,0.387816486,0.066427,bbaca183aa5cc36d4747017d01c9806fc7aa44e1c7438e533c0a9762c852517e,"canonical hex polygon INTERSECT canonical OSM land component, unioned inside the hex (overlap-safe)",v1_sha1_hexid_pipe_subjectid
lfr_6bcf42328e308f,h6000_q-001319_r+001821,hsub_iceland_main_island,OCEAN,False,1.484202795,0.254607,d8ce899799b64124eb15bf74fd361033ace7df83af81b8f7722847d64bb57613,"canonical hex polygon INTERSECT canonical OSM land component, unioned inside the hex (overlap-safe)",v1_sha1_hexid_pipe_subjectid
lfr_fb2f11cae79fa7,h6000_q-001322_r+001822,hsub_iceland_main_island,OCEAN,False,0.859648653,0.174906,301996b264802a865525a760c403741d811b9ef49c827775ac9db6cf00cf61d5,"canonical hex polygon INTERSECT canonical OSM land component, unioned inside the hex (overlap-safe)",v1_sha1_hexid_pipe_subjectid
lfr_1e02f7d05b6589,h6000_q-001321_r+001822,hsub_iceland_main_island,OCEAN,False,0.098066616,0.016864,2d0db4931d81c4a04d235164d11e345c8ebd40dd8dac79779154cf7175f8aa0a,"canonical hex polygon INTERSECT canonical OSM land component, unioned inside the hex (overlap-safe)",v1_sha1_hexid_pipe_subjectid
lfr_605a91c69902e3,h6000_q-001319_r+001822,hsub_iceland_main_island,OCEAN,False,2.651566053,0.458691,1cb94a994bf65e687f17dd4aaee27d505d3fc3377cdbe8e4d69b351d721f2bb7,"canonical hex polygon INTERSECT canonical OSM land component, unioned inside the hex (overlap-safe)",v1_sha1_hexid_pipe_subjectid
lfr_e95280f591a906,h6000_q-001324_r+001823,hsub_iceland_main_island,OCEAN,False,0.751069332,0.232373,1c05042f0d1b5f888421b9e75ddb7d4ed245a5bd88d462cc3bebc1ee5be26034,"canonical hex polygon INTERSECT canonical OSM land component, unioned inside the hex (overlap-safe)",v1_sha1_hexid_pipe_subjectid
lfr_3de70932bc07a0,h6000_q-001321_r+001823,hsub_iceland_main_island,OCEAN,False,1.876399453,0.324065,1a6d2ef9f6760269c5b4cd15ef5d6d0e9b644b04bfd0615a99826ab149978e17,"canonical hex polygon INTERSECT canonical OSM land component, unioned inside the hex (overlap-safe)",v1_sha1_hexid_pipe_subjectid
lfr_d04b2db0434c45,h6000_q-001325_r+001824,hsub_iceland_main_island,OCEAN,False,0.292754411,0.093698,5a756dd69a9a21f3afe881d84384f3754ed89e10d49b008d2ab2956e3712fe60,"canonical hex polygon INTERSECT canonical OSM land component, unioned inside the hex (overlap-safe)",v1_sha1_hexid_pipe_subjectid
lfr_2e4cf07f56b45e,h6000_q-001321_r+001824,hsub_iceland_main_island,OCEAN,False,0.138254703,0.024818,f71f3af201c8b7f414824b73f12ce09e3a2835062a02692cbde4dbcdf62370e5,"canonical hex polygon INTERSECT canonical OSM land component, unioned inside the hex (overlap-safe)",v1_sha1_hexid_pipe_subjectid
lfr_45ed375673373d,h6000_q-001320_r+001824,hsub_iceland_main_island,OCEAN,False,0.121238313,0.022007,1e66f8238a97b8917c5054379fa7fff2d85496cddd171c4c8f3906c2cf2d0352,"canonical hex polygon INTERSECT canonical OSM land component, unioned inside the hex (overlap-safe)",v1_sha1_hexid_pipe_subjectid
lfr_066b4f10c80d46,h6000_q-001325_r+001825,hsub_iceland_main_island,OCEAN,False,1.768260362,0.450799,3c420038617f7f9d263161df6769fc7ec5018eff40631342899767200e7209bc,"canonical hex polygon INTERSECT canonical OSM land component, unioned inside the hex (overlap-safe)",v1_sha1_hexid_pipe_subjectid
lfr_14d2190653c647,h6000_q-001321_r+001825,hsub_iceland_main_island,OCEAN,False,1.096133145,0.192362,876599e06d3d843c1df2698a7863d910e60a1c68a321381425a3a1126958e054,"canonical hex polygon INTERSECT canonical OSM land component, unioned inside the hex (overlap-safe)",v1_sha1_hexid_pipe_subjectid
lfr_b3b885845e71ca,h6000_q-001320_r+001825,hsub_iceland_main_island,OCEAN,False,0.238671354,0.041178,0d9f425870868e149e45f198d35a792b329a6843f20cfbaaff3980b9e5c3712a,"canonical hex polygon INTERSECT canonical OSM land component, unioned inside the hex (overlap-safe)",v1_sha1_hexid_pipe_subjectid
lfr_5e2676942d857e,h6000_q-001319_r+001825,hsub_iceland_main_island,OCEAN,False,1.963136196,0.338688,f7e361c2e9b8dce9595c40f436ff032c82f89a8efc7637ce33c380e051ba2b54,"canonical hex polygon INTERSECT canonical OSM land component, unioned inside the hex (overlap-safe)",v1_sha1_hexid_pipe_subjectid
lfr_381fe8270bd9c2,h6000_q-001326_r+001826,hsub_iceland_main_island,OCEAN,False,0.255759973,0.091439,c84d7dbe6ba7143678e705a909b676d3b48473122d4e518aa5fffa7cc542b36b,"canonical hex polygon INTERSECT canonical OSM land component, unioned inside the hex (overlap-safe)",v1_sha1_hexid_pipe_subjectid
lfr_5d21d4222e2094,h6000_q-001320_r+001826,hsub_iceland_main_island,OCEAN,False,0.989529078,0.20774,70485df6847499a54e36e7e6e3270f98bc451763e69fb9003a94c37bc8a4f591,"canonical hex polygon INTERSECT canonical OSM land component, unioned inside the hex (overlap-safe)",v1_sha1_hexid_pipe_subjectid
lfr_1ac21f561a3929,h6000_q-001319_r+001826,hsub_iceland_main_island,OCEAN,False,0.219566526,0.03794,f1f1485bdd1ea90df0a2a5076e37bbc49f34498fba9fd19c30316ffc7fe4049e,"canonical hex polygon INTERSECT canonical OSM land component, unioned inside the hex (overlap-safe)",v1_sha1_hexid_pipe_subjectid
lfr_5c5dea2d60fcab,h6000_q-001318_r+001826,hsub_iceland_main_island,OCEAN,False,0.741728063,0.128162,b8d53e5d389732fb1ab9b73962b76c73846f8b29e6d9bf0eb78c1680bae3b066,"canonical hex polygon INTERSECT canonical OSM land component, unioned inside the hex (overlap-safe)",v1_sha1_hexid_pipe_subjectid
lfr_af162a763dce05,h6000_q-001328_r+001827,hsub_iceland_main_island,OCEAN,False,1.969294451,0.48703,0442879c7bdbb4787288ac4b364c2ac2816a5b6fc6d03c35736fddd7fb4244cd,"canonical hex polygon INTERSECT canonical OSM land component, unioned inside the hex (overlap-safe)",v1_sha1_hexid_pipe_subjectid
lfr_c768a171b5e6d4,h6000_q-001327_r+001827,hsub_iceland_main_island,OCEAN,False,1.377603972,0.25239,850fe6e0a436fbb61055ee8acc214ccef8260bb28021ab880c2731b2998dbea6,"canonical hex polygon INTERSECT canonical OSM land component, unioned inside the hex (overlap-safe)",v1_sha1_hexid_pipe_subjectid
lfr_426fa2e910adef,h6000_q-001319_r+001827,hsub_iceland_main_island,OCEAN,False,0.826124499,0.147769,e9de3605a21c1c64c873fda25edb98e7f3044b6748c2c499adb3b602812d9c13,"canonical hex polygon INTERSECT canonical OSM land component, unioned inside the hex (overlap-safe)",v1_sha1_hexid_pipe_subjectid
lfr_267fa63cb0dad0,h6000_q-001318_r+001827,hsub_iceland_main_island,OCEAN,False,1.295501306,0.225639,fc04f77ffed7d32abb167b1a500eb90598e2d9e296bd2ad43107ea9b3c574331,"canonical hex polygon INTERSECT canonical OSM land component, unioned inside the hex (overlap-safe)",v1_sha1_hexid_pipe_subjectid
lfr_af5d3e949bd4cd,h6000_q-001329_r+001828,hsub_iceland_main_island,OCEAN,False,0.40745948,0.085183,57327ca996c033af6d6071d277db16e1144f4b0eb97461df1c4f72b7e84a8a9d,"canonical hex polygon INTERSECT canonical OSM land component, unioned inside the hex (overlap-safe)",v1_sha1_hexid_pipe_subjectid
lfr_b2f86d8f4488bf,h6000_q-001330_r+001830,hsub_iceland_main_island,OCEAN,False,1.785210577,0.314182,3932c047484188f20766fcc22bc17b80d65eebc90b1d9eb1a00ddfb268bba915,"canonical hex polygon INTERSECT canonical OSM land component, unioned inside the hex (overlap-safe)",v1_sha1_hexid_pipe_subjectid
lfr_3ae40fd6fdacc8,h6000_q-001331_r+001831,hsub_iceland_main_island,OCEAN,False,1.01260349,0.176342,2fd6e02001ea465b8b69963f57c895c3f1a325fede55fbb238974c882fd1d8ec,"canonical hex polygon INTERSECT canonical OSM land component, unioned inside the hex (overlap-safe)",v1_sha1_hexid_pipe_subjectid
lfr_24afd3fcb423b8,h6000_q-001333_r+001832,hsub_iceland_main_island,OCEAN,False,0.016993643,0.002964,4e8b19bd8eeb3acab490d07e74d01f6bbc53fb5fb06218c55771f68bd6f64be5,"canonical hex polygon INTERSECT canonical OSM land component, unioned inside the hex (overlap-safe)",v1_sha1_hexid_pipe_subjectid
lfr_ab388412cce449,h6000_q-001332_r+001832,hsub_iceland_main_island,OCEAN,False,0.883634737,0.158756,7deca8b739da2e830f8b61e5e9c850a60dedc6539c60913db9591734359c3205,"canonical hex polygon INTERSECT canonical OSM land component, unioned inside the hex (overlap-safe)",v1_sha1_hexid_pipe_subjectid
lfr_58e5b64f3b8666,h6000_q-001331_r+001832,hsub_iceland_main_island,OCEAN,False,0.671276283,0.122667,e6de2d5af2dc3a420d9a0e2b824a83e7884c58ef9531f3f18cbf41c07f6dcca5,"canonical hex polygon INTERSECT canonical OSM land component, unioned inside the hex (overlap-safe)",v1_sha1_hexid_pipe_subjectid
lfr_0271633daf9909,h6000_q-001333_r+001833,hsub_iceland_main_island,OCEAN,False,0.014280105,0.002757,4eec436c66523adc1f901e411d756d298163a13d655361080f628e0c8da34086,"canonical hex polygon INTERSECT canonical OSM land component, unioned inside the hex (overlap-safe)",v1_sha1_hexid_pipe_subjectid
lfr_6e7300fcf108f2,h6000_q-001332_r+001833,hsub_iceland_main_island,OCEAN,False,2.24448347,0.395726,2bee297486350c865a95542ca3ac8da7d64ea27d74c4827c3d39665d4550a53c,"canonical hex polygon INTERSECT canonical OSM land component, unioned inside the hex (overlap-safe)",v1_sha1_hexid_pipe_subjectid
lfr_dea8b9fc9c0516,h6000_q-001331_r+001833,hsub_iceland_main_island,OCEAN,False,2.555350459,0.460654,6d2a7b4341982409fb92b8db019a97d587a9abdff90fd5171dea4612fd21edcd,"canonical hex polygon INTERSECT canonical OSM land component, unioned inside the hex (overlap-safe)",v1_sha1_hexid_pipe_subjectid
lfr_a8861833d45076,h6000_q-001359_r+001835,hsub_iceland_main_island,OCEAN,False,0.420068315,0.073617,6fa581919d44bf1df9ceac70b5542ac35a03b19475e2aff95900972cf288ea3e,"canonical hex polygon INTERSECT canonical OSM land component, unioned inside the hex (overlap-safe)",v1_sha1_hexid_pipe_subjectid
lfr_2d6e71b31935d2,h6000_q-001333_r+001835,hsub_iceland_main_island,OCEAN,False,0.324020996,0.165871,6b9930f16352a9f1c3d70e20d423fa1765e44ba758bc43a9a455e5a9a37085c8,"canonical hex polygon INTERSECT canonical OSM land component, unioned inside the hex (overlap-safe)",v1_sha1_hexid_pipe_subjectid
lfr_3473ef794d10aa,h6000_q-001362_r+001836,hsub_iceland_main_island,OCEAN,False,0.003520098,0.000618,8dc6a525ae593ba6d00b8b15c88dcc6776ce93fc9581d05bf73dbf80b2594228,"canonical hex polygon INTERSECT canonical OSM land component, unioned inside the hex (overlap-safe)",v1_sha1_hexid_pipe_subjectid
lfr_d4f93f23dafe37,h6000_q-001361_r+001836,hsub_iceland_main_island,OCEAN,False,1.161111222,0.203744,e9d6eabf5e2c7f6bfb64e26ac9d18b1e62b4c47a377f12f3ffafdc8151ab526b,"canonical hex polygon INTERSECT canonical OSM land component, unioned inside the hex (overlap-safe)",v1_sha1_hexid_pipe_subjectid
lfr_436f05e65f7035,h6000_q-001358_r+001836,hsub_iceland_main_island,OCEAN,False,2.690772981,0.472091,e5a434afed8ec8401239af78eb34da986b3077b020927d33c43829ff41321fd5,"canonical hex polygon INTERSECT canonical OSM land component, unioned inside the hex (overlap-safe)",v1_sha1_hexid_pipe_subjectid
lfr_5d07250f4c4223,h6000_q-001357_r+001836,hsub_iceland_main_island,OCEAN,False,2.710656467,0.475691,7d145de57019283317e4759e8485ed9a278dc0d617b5455d3dc38e1f21a20cb3,"canonical hex polygon INTERSECT canonical OSM land component, unioned inside the hex (overlap-safe)",v1_sha1_hexid_pipe_subjectid
lfr_3ea1bcc871eec6,h6000_q-001333_r+001836,hsub_iceland_main_island,OCEAN,False,0.00372267,0.046529,22976c7ff2972c787dbdcf875cc8ea03f3ea4af34124c79a58bf233d4f2ec361,"canonical hex polygon INTERSECT canonical OSM land component, unioned inside the hex (overlap-safe)",v1_sha1_hexid_pipe_subjectid
lfr_a8c10f8d097f83,h6000_q-001363_r+001837,hsub_iceland_main_island,OCEAN,False,3.9665e-05,7e-06,e7c4ed9032aab5b2e0d46522f65cfe52402cf65c25fd417bef6784868e9941d5,"canonical hex polygon INTERSECT canonical OSM land component, unioned inside the hex (overlap-safe)",v1_sha1_hexid_pipe_subjectid
lfr_9e57f22539c78f,h6000_q-001335_r+001837,hsub_iceland_main_island,OCEAN,False,0.76665098,0.278637,2e33a521f12f48cd0264880e1a3b3b50872391321b2110015465868ba55af17d,"canonical hex polygon INTERSECT canonical OSM land component, unioned inside the hex (overlap-safe)",v1_sha1_hexid_pipe_subjectid
lfr_28a1366a063c8b,h6000_q-001334_r+001837,hsub_iceland_main_island,OCEAN,False,1.033193438,0.184845,2b7f2b360d712f430169d6a1d8361a5d058e725b67a6dc87a423406b173f383a,"canonical hex polygon INTERSECT canonical OSM land component, unioned inside the hex (overlap-safe)",v1_sha1_hexid_pipe_subjectid
lfr_27922f1b707a46,h6000_q-001333_r+001837,hsub_iceland_main_island,OCEAN,False,1.212601088,0.215838,0d93c48a2e8e81aed50ae33b87bde08296ebe7ba7d37a2ad0511ccc736c196ad,"canonical hex polygon INTERSECT canonical OSM land component, unioned inside the hex (overlap-safe)",v1_sha1_hexid_pipe_subjectid
lfr_2ba09a7b35d913,h6000_q-001357_r+001838,hsub_iceland_main_island,OCEAN,False,1.028080985,0.181022,c419a4bd18d6902916ecc92362d1b0abadec319834cb8a8562154703711002d5,"canonical hex polygon INTERSECT canonical OSM land component, unioned inside the hex (overlap-safe)",v1_sha1_hexid_pipe_subjectid
lfr_27a5e34a8d3824,h6000_q-001354_r+001838,hsub_iceland_main_island,OCEAN,False,0.003123327,0.00055,7e98a1c834b3b5a8b2c7dc4997cfb431b7df6dbe2c7dc56941db0ad36bdfacb2,"canonical hex polygon INTERSECT canonical OSM land component, unioned inside the hex (overlap-safe)",v1_sha1_hexid_pipe_subjectid
lfr_8fdceb984f499c,h6000_q-001341_r+001838,hsub_iceland_main_island,OCEAN,False,0.520507294,0.091605,628a671311d8f6de05b4f9363f90fe3bd9b80e7e65b569d6c81f8e56241c500f,"canonical hex polygon INTERSECT canonical OSM land component, unioned inside the hex (overlap-safe)",v1_sha1_hexid_pipe_subjectid
lfr_0761ebe9a9183f,h6000_q-001340_r+001838,hsub_iceland_main_island,OCEAN,False,0.788801459,0.145236,c7160c65699520df8df32b00058f31d0f7482d6e4b8c07dde5cd434e6a61f745,"canonical hex polygon INTERSECT canonical OSM land component, unioned inside the hex (overlap-safe)",v1_sha1_hexid_pipe_subjectid
lfr_14b9488399f412,h6000_q-001339_r+001838,hsub_iceland_main_island,OCEAN,False,2.619609858,0.462529,fc4978d28afcbf7ffc5ea66896a2a65565d2fabc0d6084afe061b0b6b11e5542,"canonical hex polygon INTERSECT canonical OSM land component, unioned inside the hex (overlap-safe)",v1_sha1_hexid_pipe_subjectid
lfr_074745124045e7,h6000_q-001338_r+001838,hsub_iceland_main_island,OCEAN,False,2.315075374,0.407328,de5154c5f79667c2110796069861cb4b94bebf4a75febfdbd210492023adbf11,"canonical hex polygon INTERSECT canonical OSM land component, unioned inside the hex (overlap-safe)",v1_sha1_hexid_pipe_subjectid
lfr_952100c34bb22c,h6000_q-001337_r+001838,hsub_iceland_main_island,OCEAN,False,0.04603619,0.117821,4ce3bc0d5c1d44896944e2de08a857fa880e1a264a0ce5f8e4a7b8775760389f,"canonical hex polygon INTERSECT canonical OSM land component, unioned inside the hex (overlap-safe)",v1_sha1_hexid_pipe_subjectid
lfr_bbea442179ff4d,h6000_q-001336_r+001838,hsub_iceland_main_island,OCEAN,False,0.071806247,0.055786,e4309f9cbad032d8a49d4f07d4a36966c3435894bd7867f7bc16ef6d5d40a6eb,"canonical hex polygon INTERSECT canonical OSM land component, unioned inside the hex (overlap-safe)",v1_sha1_hexid_pipe_subjectid
lfr_c166709c2a2fb5,h6000_q-001335_r+001838,hsub_iceland_main_island,OCEAN,False,2.709619888,0.479701,dbd754ab8b2306efa2fa3039832d4cb95b20197f7b54c40331abc450ada4dea4,"canonical hex polygon INTERSECT canonical OSM land component, unioned inside the hex (overlap-safe)",v1_sha1_hexid_pipe_subjectid
lfr_f6eecb5ffc5a71,h6000_q-001357_r+001839,hsub_iceland_main_island,OCEAN,False,2.229898594,0.392965,9d65493bd770293bf74f0d71d6e4c8cc6e30393b7fa806815493ff8391d6cf14,"canonical hex polygon INTERSECT canonical OSM land component, unioned inside the hex (overlap-safe)",v1_sha1_hexid_pipe_subjectid
lfr_50e07337143c2d,h6000_q-001356_r+001839,hsub_iceland_main_island,OCEAN,False,1.233229063,0.217358,e17406b16dc2eea0d8c4eae5d36d3082405e235a45d7341306019f44b24612c5,"canonical hex polygon INTERSECT canonical OSM land component, unioned inside the hex (overlap-safe)",v1_sha1_hexid_pipe_subjectid
lfr_cacb013f970b6b,h6000_q-001353_r+001839,hsub_iceland_main_island,OCEAN,False,0.159950398,0.028188,cdee7187713d6adfe99fbbd7e09bd15efca54eb3415f849ccfb53d32af9951bf,"canonical hex polygon INTERSECT canonical OSM land component, unioned inside the hex (overlap-safe)",v1_sha1_hexid_pipe_subjectid
lfr_2ccad2b550d3fa,h6000_q-001349_r+001839,hsub_iceland_main_island,OCEAN,False,0.243127288,0.042849,9be35f7b9004e33307a1f832f3acf7700bc14ee0e09964f106136b1bd054dc1e,"canonical hex polygon INTERSECT canonical OSM land component, unioned inside the hex (overlap-safe)",v1_sha1_hexid_pipe_subjectid
lfr_1a6da7d3f53789,h6000_q-001348_r+001839,hsub_iceland_main_island,OCEAN,False,1.722856172,0.303643,81d90faf622bf2715ee6df0b536e73de203ef94cbf72c7b2d9e4d1c3809ead9f,"canonical hex polygon INTERSECT canonical OSM land component, unioned inside the hex (overlap-safe)",v1_sha1_hexid_pipe_subjectid
lfr_41bd0dd2792aaf,h6000_q-001347_r+001839,hsub_iceland_main_island,OCEAN,False,2.466104371,0.434591,a29eb5ef4b0eece0987bd1988a96de32634f02b4471ed1585adbfebd66870cd4,"canonical hex polygon INTERSECT canonical OSM land component, unioned inside the hex (overlap-safe)",v1_sha1_hexid_pipe_subjectid
lfr_ca3fd3e9c550c3,h6000_q-001346_r+001839,hsub_iceland_main_island,OCEAN,False,1.383001356,0.243742,9fe2c2e1fa7c325293a69bc3302fea257a05c2d104d8b131757821892db957a6,"canonical hex polygon INTERSECT canonical OSM land component, unioned inside the hex (overlap-safe)",v1_sha1_hexid_pipe_subjectid
lfr_629b538a9db294,h6000_q-001341_r+001839,hsub_iceland_main_island,OCEAN,False,1.14405397,0.201645,487b6e2ee2d9e216015d0ee84bdb474e8a50294eb14e964b9ebd570814d7f480,"canonical hex polygon INTERSECT canonical OSM land component, unioned inside the hex (overlap-safe)",v1_sha1_hexid_pipe_subjectid
lfr_44aaec0d80f606,h6000_q-001337_r+001839,hsub_iceland_main_island,OCEAN,False,1.893432379,0.347568,8accd8eb57a8866bf723e57ecb09340f4290588933a5742417babe42aa8df18e,"canonical hex polygon INTERSECT canonical OSM land component, unioned inside the hex (overlap-safe)",v1_sha1_hexid_pipe_subjectid
lfr_a4619da6b83b4d,h6000_q-001336_r+001839,hsub_iceland_main_island,OCEAN,False,1.822966532,0.321262,a714ed14106739c4579c047567ecca4910828456724a866777ae5d3f25cc99cf,"canonical hex polygon INTERSECT canonical OSM land component, unioned inside the hex (overlap-safe)",v1_sha1_hexid_pipe_subjectid
lfr_5488814087b02a,h6000_q-001353_r+001840,hsub_iceland_main_island,OCEAN,False,0.511681174,0.090329,a09d5791b3b6709be31c2fe10babee1dd0d878516fb779ddee228488e20bc605,"canonical hex polygon INTERSECT canonical OSM land component, unioned inside the hex (overlap-safe)",v1_sha1_hexid_pipe_subjectid
lfr_ea66cc44bc1811,h6000_q-001352_r+001840,hsub_iceland_main_island,OCEAN,False,0.766146606,0.135239,82fa198990b1473538be5ef2e6abc166643a108724e67f2e4b18ccfce9e9cdff,"canonical hex polygon INTERSECT canonical OSM land component, unioned inside the hex (overlap-safe)",v1_sha1_hexid_pipe_subjectid
lfr_337edab99cd20f,h6000_q-001351_r+001840,hsub_iceland_main_island,OCEAN,False,2.146376406,0.378818,935d19ee8363a7f90b4443785e3360b6cb0d5bba22a00ad32083d943d570acc0,"canonical hex polygon INTERSECT canonical OSM land component, unioned inside the hex (overlap-safe)",v1_sha1_hexid_pipe_subjectid
lfr_4a232d03ece86e,h6000_q-001367_r+001842,hsub_iceland_main_island,OCEAN,False,2.759251208,0.488266,31ebe45ecd0fdb662014777b68fb028fab60f1bfbaebb7a4edd91bf36561d1d9,"canonical hex polygon INTERSECT canonical OSM land component, unioned inside the hex (overlap-safe)",v1_sha1_hexid_pipe_subjectid
lfr_c62daa717e5797,h6000_q-001368_r+001843,hsub_iceland_main_island,OCEAN,False,0.549094827,0.097308,e8360fff759bd4fb315bff15bbaad1ae941a0080add5d4bd6b873f54fcff6405,"canonical hex polygon INTERSECT canonical OSM land component, unioned inside the hex (overlap-safe)",v1_sha1_hexid_pipe_subjectid
lfr_bfa922e51c4df3,h6000_q-001368_r+001844,hsub_iceland_main_island,OCEAN,False,0.031704838,0.005622,d70213ac47d4ef0a57115c1a4fddf759807ebf0fe1d2054eb9f319bb9ce35164,"canonical hex polygon INTERSECT canonical OSM land component, unioned inside the hex (overlap-safe)",v1_sha1_hexid_pipe_subjectid
lfr_04296e725265d1,h6000_q-001367_r+001844,hsub_iceland_main_island,OCEAN,False,0.414305392,0.073495,019f7afbecd555605c9ee7a56033d31b974031c181748821372518e51fe7e8b1,"canonical hex polygon INTERSECT canonical OSM land component, unioned inside the hex (overlap-safe)",v1_sha1_hexid_pipe_subjectid
lfr_a97a2515001c15,h6000_q-001362_r+001844,hsub_iceland_main_island,OCEAN,False,2.624225684,0.465569,ad780d8e3db5c061ca1ec74bd8d101756b71d6f6d7752a3594659f0b46984046,"canonical hex polygon INTERSECT canonical OSM land component, unioned inside the hex (overlap-safe)",v1_sha1_hexid_pipe_subjectid
lfr_5032fb18b56e1c,h6000_q-001361_r+001844,hsub_iceland_main_island,OCEAN,False,0.822953543,0.145964,950ada21b830afa86dcba143abf28fa66d94283c2f7f22f48efd87a3ec10de98,"canonical hex polygon INTERSECT canonical OSM land component, unioned inside the hex (overlap-safe)",v1_sha1_hexid_pipe_subjectid
lfr_7cf5d1cff41426,h6000_q-001366_r+001845,hsub_iceland_main_island,OCEAN,False,2.160952087,0.383915,58f6134df543afec6eba5f5bb9cef55ef44d8feeaa03f20be5cc1353d5ec2603,"canonical hex polygon INTERSECT canonical OSM land component, unioned inside the hex (overlap-safe)",v1_sha1_hexid_pipe_subjectid
lfr_df71de146cfaa4,h6000_q-001364_r+001845,hsub_iceland_main_island,OCEAN,False,1.898408502,0.337315,ca4144a6354e5328a5786a7ed4bda0037fda5e4b3c94dcbf70a5f71cb44ce1cc,"canonical hex polygon INTERSECT canonical OSM land component, unioned inside the hex (overlap-safe)",v1_sha1_hexid_pipe_subjectid
lfr_6f852487ff546b,h6000_q-001360_r+001845,hsub_iceland_main_island,OCEAN,False,1.523181598,0.270584,6963a07e6aaa36c19b6922d550beba019a4255afeacca500fc5fe4bda594826f,"canonical hex polygon INTERSECT canonical OSM land component, unioned inside the hex (overlap-safe)",v1_sha1_hexid_pipe_subjectid
lfr_d035a53e5ed06e,h6000_q-001365_r+001846,hsub_iceland_main_island,OCEAN,False,0.019927643,0.003544,b535e71289ac640b3bba083df5a38f198f347e59052a2784ec87f074a5a3c7a3,"canonical hex polygon INTERSECT canonical OSM land component, unioned inside the hex (overlap-safe)",v1_sha1_hexid_pipe_subjectid
lfr_90acfecedcc3e0,h6000_q-001355_r+001846,hsub_iceland_main_island,OCEAN,False,1.447264472,0.259263,4753575b6db2237c2f6a94c5b7305706f0cd7b1ed6c0bb009285eb70a187ccbd,"canonical hex polygon INTERSECT canonical OSM land component, unioned inside the hex (overlap-safe)",v1_sha1_hexid_pipe_subjectid
lfr_847822b064e357,h6000_q-001354_r+001846,hsub_iceland_main_island,OCEAN,False,0.300267996,0.053439,6ed8a9b03971c4466dca62f22c83bee7a5949a4b0f8250dba93dcfe75d1b7df9,"canonical hex polygon INTERSECT canonical OSM land component, unioned inside the hex (overlap-safe)",v1_sha1_hexid_pipe_subjectid
lfr_6a2ffa1b27c4a2,h6000_q-001352_r+001846,hsub_iceland_main_island,OCEAN,False,1.483660187,0.264008,e61bfbfd60a718fea0044621164a7df0c24fe9a244afd5881cdb5d42d58a9912,"canonical hex polygon INTERSECT canonical OSM land component, unioned inside the hex (overlap-safe)",v1_sha1_hexid_pipe_subjectid
lfr_122a16ff6cf3a0,h6000_q-001359_r+001847,hsub_iceland_main_island,OCEAN,False,0.687675139,0.122502,e553efbfb721dc8400afde5e0c50285840b749742fab9836c22e10fff2f370df,"canonical hex polygon INTERSECT canonical OSM land component, unioned inside the hex (overlap-safe)",v1_sha1_hexid_pipe_subjectid
lfr_405dcd9a9b992b,h6000_q-001358_r+001847,hsub_iceland_main_island,OCEAN,False,0.686688919,0.122352,6822ff9a26be9bceaaea5edc5099590ca45700f00ad2328250a42a822186f0e1,"canonical hex polygon INTERSECT canonical OSM land component, unioned inside the hex (overlap-safe)",v1_sha1_hexid_pipe_subjectid
lfr_21316acb13a52f,h6000_q-001356_r+001847,hsub_iceland_main_island,OCEAN,False,1.16549855,0.207675,0d7475d2edab3f8b8169362cbf4113efb8ea9d4274c5f4c504bb998ff53d572b,"canonical hex polygon INTERSECT canonical OSM land component, unioned inside the hex (overlap-safe)",v1_sha1_hexid_pipe_subjectid
lfr_120b0313d572e1,h6000_q-001352_r+001847,hsub_iceland_main_island,OCEAN,False,2.521085221,0.449306,5a389c7b7cf4e19f6d15fa68df9538157282ccbf63f29eb2afc7e8bd8bcaa9c9,"canonical hex polygon INTERSECT canonical OSM land component, unioned inside the hex (overlap-safe)",v1_sha1_hexid_pipe_subjectid
lfr_253d28ccc1cd44,h6000_q-001357_r+001848,hsub_iceland_main_island,OCEAN,False,0.257223747,0.045892,ae524543c66ea0f590524292f736f6a6665a2a09a28c61645e972ec070492bae,"canonical hex polygon INTERSECT canonical OSM land component, unioned inside the hex (overlap-safe)",v1_sha1_hexid_pipe_subjectid
lfr_aa77d3bf2d306c,h6000_q-001355_r+001848,hsub_iceland_main_island,OCEAN,False,1.825675177,0.325934,6484c776a4c649b00dfb2b303ff34a1d9ba92b1a7971a90a90a06234e7461bc5,"canonical hex polygon INTERSECT canonical OSM land component, unioned inside the hex (overlap-safe)",v1_sha1_hexid_pipe_subjectid
lfr_a7edb2323dffb2,h6000_q-001353_r+001848,hsub_iceland_main_island,OCEAN,False,2.708419079,0.483541,a0a40318276c4fbcc6ef474bce000210fb7990a20b4ce9d9459c13a39c72fa76,"canonical hex polygon INTERSECT canonical OSM land component, unioned inside the hex (overlap-safe)",v1_sha1_hexid_pipe_subjectid
lfr_40416850816746,h6000_q-001352_r+001848,hsub_iceland_main_island,OCEAN,False,0.648240223,0.115693,1657c39f7546a97ba233a0b8af92812ae69051cd08fc6921bd7a08fa907d021f,"canonical hex polygon INTERSECT canonical OSM land component, unioned inside the hex (overlap-safe)",v1_sha1_hexid_pipe_subjectid
lfr_c056d740150dd1,h6000_q-001353_r+001849,hsub_iceland_main_island,OCEAN,False,1.598698439,0.285843,7214318d14f49ae792cb5e357ee56f71e74132376f120753e15b4307d39e7fa3,"canonical hex polygon INTERSECT canonical OSM land component, unioned inside the hex (overlap-safe)",v1_sha1_hexid_pipe_subjectid
lfr_f2557a35569989,h6000_q-001352_r+001849,hsub_iceland_main_island,OCEAN,False,1.295923817,0.231624,83640ca6014a01665a447e18220d4258332aefefde6bcdb0d210bd160d509613,"canonical hex polygon INTERSECT canonical OSM land component, unioned inside the hex (overlap-safe)",v1_sha1_hexid_pipe_subjectid
lfr_d2f20d36bad8d3,h6000_q-001350_r+001849,hsub_iceland_main_island,OCEAN,False,2.230265131,0.401224,599a50b63cd1eada0e34f122a58b06c8dbe504be6a2dc899c0e6771820d5c543,"canonical hex polygon INTERSECT canonical OSM land component, unioned inside the hex (overlap-safe)",v1_sha1_hexid_pipe_subjectid
lfr_98f14f85cfaf06,h6000_q-001355_r+001850,hsub_iceland_main_island,OCEAN,False,0.738765096,0.132188,4e1525fb315106684000a04b4dcae74ee033cdbafe46126f9062370ced3f2c8a,"canonical hex polygon INTERSECT canonical OSM land component, unioned inside the hex (overlap-safe)",v1_sha1_hexid_pipe_subjectid
lfr_40ad5764963816,h6000_q-001354_r+001850,hsub_iceland_main_island,OCEAN,False,0.001121879,0.000201,fb2d7fc435e5237c5f0b0e0544cfb47b4449a4a8ed36ce6e8e93906cb53622df,"canonical hex polygon INTERSECT canonical OSM land component, unioned inside the hex (overlap-safe)",v1_sha1_hexid_pipe_subjectid
lfr_861746e0426cd0,h6000_q-001352_r+001850,hsub_iceland_main_island,OCEAN,False,0.008500879,0.039218,2a8db0f53557b2a12ff5a7c805b73acccd81b0c4d0cc88e22f829fe50eae88b0,"canonical hex polygon INTERSECT canonical OSM land component, unioned inside the hex (overlap-safe)",v1_sha1_hexid_pipe_subjectid
lfr_db458fc6f82fa7,h6000_q-001351_r+001850,hsub_iceland_main_island,OCEAN,False,0.138544972,0.028823,f1f0ece394cd567c3fed30f12fbd4d3d4b2ac88cef062a5f9fd308e9ee402999,"canonical hex polygon INTERSECT canonical OSM land component, unioned inside the hex (overlap-safe)",v1_sha1_hexid_pipe_subjectid
lfr_21cd086eeec2f8,h6000_q-001349_r+001850,hsub_iceland_main_island,OCEAN,False,0.180269404,0.141625,ee11b82204b16873fa1b27d516af1856a176624933c012971f9e04fe99f2307b,"canonical hex polygon INTERSECT canonical OSM land component, unioned inside the hex (overlap-safe)",v1_sha1_hexid_pipe_subjectid
lfr_a3e201f8dbb5e5,h6000_q-001348_r+001850,hsub_iceland_main_island,OCEAN,False,2.603741648,0.46609,3f991b6a758916a43165fa7300997e1e88dbf409183aa60cd4d0b55b3af24506,"canonical hex polygon INTERSECT canonical OSM land component, unioned inside the hex (overlap-safe)",v1_sha1_hexid_pipe_subjectid
lfr_9e3aff6f3b44cc,h6000_q-001345_r+001850,hsub_iceland_main_island,OCEAN,False,0.121106831,0.023072,f252f77be8d1902288c552f7a0c3d8de302afb3f148e7dd1ee47e60a6b35cdb7,"canonical hex polygon INTERSECT canonical OSM land component, unioned inside the hex (overlap-safe)",v1_sha1_hexid_pipe_subjectid
lfr_1c295c204d17de,h6000_q-001350_r+001851,hsub_iceland_main_island,OCEAN,False,0.401917231,0.087965,58092cec5ea7603fbc91a25d56a306365269da9fe7404bd76e1d3036026c3e7f,"canonical hex polygon INTERSECT canonical OSM land component, unioned inside the hex (overlap-safe)",v1_sha1_hexid_pipe_subjectid
lfr_cab38a230153da,h6000_q-001349_r+001851,hsub_iceland_main_island,OCEAN,False,2.683296906,0.490194,00a8612dd171bbd761b5b9247876e411c1454ca4c0ac58b4fe6eb72d21d3a9f6,"canonical hex polygon INTERSECT canonical OSM land component, unioned inside the hex (overlap-safe)",v1_sha1_hexid_pipe_subjectid
lfr_05640af25ed3fa,h6000_q-001346_r+001851,hsub_iceland_main_island,OCEAN,False,0.48609107,0.10049,4ee7b544d25ff878e49513369304226a4e1aac66d13368b8c6e35017c1c56121,"canonical hex polygon INTERSECT canonical OSM land component, unioned inside the hex (overlap-safe)",v1_sha1_hexid_pipe_subjectid
lfr_2e737849798d84,h6000_q-001345_r+001851,hsub_iceland_main_island,OCEAN,False,0.250348423,0.063825,3adee1b91a35ebb94bd07f4c6a7507c455f6dc7922dbce3bd76850e06da44aa0,"canonical hex polygon INTERSECT canonical OSM land component, unioned inside the hex (overlap-safe)",v1_sha1_hexid_pipe_subjectid
lfr_1f43a182d8862b,h6000_q-001337_r+001851,hsub_iceland_main_island,OCEAN,False,1.467721287,0.263046,6a35b5d8bd4f8c631408454ee9ac2133ec11836c772b0488381e43968fdcd9bc,"canonical hex polygon INTERSECT canonical OSM land component, unioned inside the hex (overlap-safe)",v1_sha1_hexid_pipe_subjectid
lfr_99d078ad6c037d,h6000_q-001336_r+001851,hsub_iceland_main_island,OCEAN,False,1.900804213,0.347297,9e706c1ffb51257b0e4f4a5c81fdc4782bbdc817234545face71e5ca33091337,"canonical hex polygon INTERSECT canonical OSM land component, unioned inside the hex (overlap-safe)",v1_sha1_hexid_pipe_subjectid
lfr_6ca4d537609a79,h6000_q-001334_r+001851,hsub_iceland_main_island,OCEAN,False,1.079187467,0.193407,6036700cdbd9244f4db0c2033817ece6613ca21088df9956c9cf8a8306352e6b,"canonical hex polygon INTERSECT canonical OSM land component, unioned inside the hex (overlap-safe)",v1_sha1_hexid_pipe_subjectid
lfr_9f9ee3073129cb,h6000_q-001333_r+001851,hsub_iceland_main_island,OCEAN,False,0.357714956,0.064095,1b6a00088b52391b4a683c14cb74a73dae0f6770738f9004ed794122233735d5,"canonical hex polygon INTERSECT canonical OSM land component, unioned inside the hex (overlap-safe)",v1_sha1_hexid_pipe_subjectid
lfr_842fba535165e4,h6000_q-001332_r+001851,hsub_iceland_main_island,OCEAN,False,0.100237065,0.017959,7da3af7c6739381b2293cdbf4fdc3d55b2a40a6471f18f3a648eb381125be2ac,"canonical hex polygon INTERSECT canonical OSM land component, unioned inside the hex (overlap-safe)",v1_sha1_hexid_pipe_subjectid
lfr_e04e2ff8ad5873,h6000_q-001331_r+001851,hsub_iceland_main_island,OCEAN,False,0.204913572,0.036715,0595c884641f68ca2397ffc3a218191a589c8ff8a6caebc017cab9e2e6d7d1fa,"canonical hex polygon INTERSECT canonical OSM land component, unioned inside the hex (overlap-safe)",v1_sha1_hexid_pipe_subjectid
lfr_01a0cbea62d501,h6000_q-001330_r+001851,hsub_iceland_main_island,OCEAN,False,0.711319885,0.130332,7cd70f1de397ae7518a9041d1089ef480c0bdbd3958a573e4df4096e1095a933,"canonical hex polygon INTERSECT canonical OSM land component, unioned inside the hex (overlap-safe)",v1_sha1_hexid_pipe_subjectid
lfr_c2752f53d7c99c,h6000_q-001349_r+001852,hsub_iceland_main_island,OCEAN,False,0.783642493,0.188754,84710e9b0c83b99acc5afc102dd09f9c4f8ecded36b9c6ba74fe9128b5eb8d0d,"canonical hex polygon INTERSECT canonical OSM land component, unioned inside the hex (overlap-safe)",v1_sha1_hexid_pipe_subjectid
lfr_c5b909c405de07,h6000_q-001347_r+001852,hsub_iceland_main_island,OCEAN,False,2.569089855,0.479783,eee1e25986ad566f751613c6208ed802c760a63a60d01e258843254503c03ae9,"canonical hex polygon INTERSECT canonical OSM land component, unioned inside the hex (overlap-safe)",v1_sha1_hexid_pipe_subjectid
lfr_486a2733e6d753,h6000_q-001344_r+001852,hsub_iceland_main_island,OCEAN,False,0.850216979,0.266986,00db382f64553fc39395909c94354d0740659a374d46841b875ece46246e5645,"canonical hex polygon INTERSECT canonical OSM land component, unioned inside the hex (overlap-safe)",v1_sha1_hexid_pipe_subjectid
lfr_17cb1af6ac2e20,h6000_q-001343_r+001852,hsub_iceland_main_island,OCEAN,False,0.136443545,0.162833,3721b550090edae62f763dd466d48cfc6e84580f954d3c4fc84cdd25cb9e2887,"canonical hex polygon INTERSECT canonical OSM land component, unioned inside the hex (overlap-safe)",v1_sha1_hexid_pipe_subjectid
lfr_127b7fe5c07ef5,h6000_q-001342_r+001852,hsub_iceland_main_island,OCEAN,False,0.845264359,0.156275,4621a0198e44728765c750f3877e60ea9b217c6d7b62c1c36310d1beefc41b62,"canonical hex polygon INTERSECT canonical OSM land component, unioned inside the hex (overlap-safe)",v1_sha1_hexid_pipe_subjectid
lfr_f20cd55082fd62,h6000_q-001339_r+001852,hsub_iceland_main_island,OCEAN,False,0.194503904,0.045998,818d18056412bb4c29abe68deae236d0b1c72abda27e3551345e564b36f4c6c4,"canonical hex polygon INTERSECT canonical OSM land component, unioned inside the hex (overlap-safe)",v1_sha1_hexid_pipe_subjectid
lfr_7015eb573679e9,h6000_q-001331_r+001852,hsub_iceland_main_island,OCEAN,False,0.278251135,0.049991,05b642c79ba7deab2ebdfe3e49d902841008c94ae0d4d74ee59cf9ebf2d0e81e,"canonical hex polygon INTERSECT canonical OSM land component, unioned inside the hex (overlap-safe)",v1_sha1_hexid_pipe_subjectid
lfr_55ec277aad26bc,h6000_q-001349_r+001853,hsub_iceland_main_island,OCEAN,False,0.079825385,0.100737,541a21d89cf21de02280ea9dfa54f122dc8aa6a76f48da0792ae4b38011e43c2,"canonical hex polygon INTERSECT canonical OSM land component, unioned inside the hex (overlap-safe)",v1_sha1_hexid_pipe_subjectid
lfr_3ed5f6c34b8eae,h6000_q-001348_r+001853,hsub_iceland_main_island,OCEAN,False,1.81207085,0.373597,f048e445da3181f019bfd87c3b43b007933325d9350369c35451c38d10736893,"canonical hex polygon INTERSECT canonical OSM land component, unioned inside the hex (overlap-safe)",v1_sha1_hexid_pipe_subjectid
lfr_de7ce4c773d1a6,h6000_q-001332_r+001853,hsub_iceland_main_island,OCEAN,False,0.065229604,0.011726,d31dabeabad13c1e0f09320822d73ba807e0b50ef6e5ce79c3c9705dba036995,"canonical hex polygon INTERSECT canonical OSM land component, unioned inside the hex (overlap-safe)",v1_sha1_hexid_pipe_subjectid
lfr_34330be37c652b,h6000_q-001340_r+001855,hsub_iceland_main_island,OCEAN,False,0.320215712,0.058801,502cf49bda0efd8e7dd4664a83cd7a2332137d8ca4cb5a24c8f8a1eeecb2a92d,"canonical hex polygon INTERSECT canonical OSM land component, unioned inside the hex (overlap-safe)",v1_sha1_hexid_pipe_subjectid
lfr_ec84b0772abcd0,h6000_q-001339_r+001855,hsub_iceland_main_island,OCEAN,False,0.685753466,0.123912,ff9865758306ff65a15d61647ac727aa9350e594f92d40202ff7fff6b9a77c4e,"canonical hex polygon INTERSECT canonical OSM land component, unioned inside the hex (overlap-safe)",v1_sha1_hexid_pipe_subjectid
lfr_24d1a74a2b1f1c,h6000_q-001338_r+001855,hsub_iceland_main_island,OCEAN,False,2.429363761,0.438747,91f4d4a9fefcb974e3db314258c7fd44c78944cdecc4d073719e74fba5ea60b7,"canonical hex polygon INTERSECT canonical OSM land component, unioned inside the hex (overlap-safe)",v1_sha1_hexid_pipe_subjectid
lfr_dfd23e69d1dd8e,h6000_q-001335_r+001855,hsub_iceland_main_island,OCEAN,False,0.857010008,0.154645,2d66059a6d45407994d8c077dc1799051d39f78d3fd7b395da6be39c562f4f72,"canonical hex polygon INTERSECT canonical OSM land component, unioned inside the hex (overlap-safe)",v1_sha1_hexid_pipe_subjectid
lfr_7f904a7c90945a,h6000_q-001342_r+001856,hsub_iceland_main_island,OCEAN,False,1.242522726,0.230032,ad9f32b6b31895aa51f37a7cccfdab099f6aeb59328ef74ea0f638ae91a94f14,"canonical hex polygon INTERSECT canonical OSM land component, unioned inside the hex (overlap-safe)",v1_sha1_hexid_pipe_subjectid
lfr_cbe16bcdb001bd,h6000_q-001334_r+001856,hsub_iceland_main_island,OCEAN,False,0.078699907,0.014222,cb8fc466922a37c5782ec3b5fb7af070185d6db70fc38b32d194323d517e6fdd,"canonical hex polygon INTERSECT canonical OSM land component, unioned inside the hex (overlap-safe)",v1_sha1_hexid_pipe_subjectid
lfr_819ff3bdcdd2e2,h6000_q-001347_r+001857,hsub_iceland_main_island,OCEAN,False,0.38547817,0.146657,7e9a7db0bb95a0fb2f64a8cb3935b12c2ea4e2537a87743a6cc5f0276db6aec7,"canonical hex polygon INTERSECT canonical OSM land component, unioned inside the hex (overlap-safe)",v1_sha1_hexid_pipe_subjectid
lfr_0773f60a3fc1eb,h6000_q-001344_r+001857,hsub_iceland_main_island,OCEAN,False,0.557727347,0.136179,9a183ce89f80275b3904b0e49aa479fa29bb2707431afcc3316cd292318a620e,"canonical hex polygon INTERSECT canonical OSM land component, unioned inside the hex (overlap-safe)",v1_sha1_hexid_pipe_subjectid
lfr_676ddb6a510a26,h6000_q-001334_r+001857,hsub_iceland_main_island,OCEAN,False,1.389136808,0.251396,0a93df543bc63c87761ca83a5eb9b420b6fdde31695f6f5fb351a67ad15774f1,"canonical hex polygon INTERSECT canonical OSM land component, unioned inside the hex (overlap-safe)",v1_sha1_hexid_pipe_subjectid
lfr_d5c87b3b263525,h6000_q-001332_r+001857,hsub_iceland_main_island,OCEAN,False,0.081671426,0.014768,80307e7508023056fe6e652feb0d4ea6fbd07926568d04250aa9a837020af269,"canonical hex polygon INTERSECT canonical OSM land component, unioned inside the hex (overlap-safe)",v1_sha1_hexid_pipe_subjectid
lfr_9c1ccc0d9e8783,h6000_q-001348_r+001858,hsub_iceland_main_island,OCEAN,False,0.067209467,0.079654,df70cc020a4ba37f1621f57b5ec4160501933db58c3adafaead0b8c12ab949f3,"canonical hex polygon INTERSECT canonical OSM land component, unioned inside the hex (overlap-safe)",v1_sha1_hexid_pipe_subjectid
lfr_321b4eb3805b8a,h6000_q-001334_r+001858,hsub_iceland_main_island,OCEAN,False,2.318158855,0.420411,25e113de40345cc1ad744c7e6f53a509322d18675e68121ac52ecd04f3f7b062,"canonical hex polygon INTERSECT canonical OSM land component, unioned inside the hex (overlap-safe)",v1_sha1_hexid_pipe_subjectid
lfr_3c0435e485987e,h6000_q-001332_r+001858,hsub_iceland_main_island,OCEAN,False,2.126305982,0.385263,17a0822aae927955adf71700690760c6677abbb66a6445b6814571c69ba09952,"canonical hex polygon INTERSECT canonical OSM land component, unioned inside the hex (overlap-safe)",v1_sha1_hexid_pipe_subjectid
lfr_3b7629f90b7d0f,h6000_q-001320_r+001858,hsub_iceland_main_island,OCEAN,False,2.195533761,0.397761,9b7a0bdd2dcd16923f70f2ff8a906594ee944eee0f7da51d906898ef8c9038bb,"canonical hex polygon INTERSECT canonical OSM land component, unioned inside the hex (overlap-safe)",v1_sha1_hexid_pipe_subjectid
lfr_c0ac49ce92744a,h6000_q-001348_r+001859,hsub_iceland_main_island,OCEAN,False,0.578410659,0.266256,4655536fc242278bb97f6705406a2a38008594591f966106088f934327637dad,"canonical hex polygon INTERSECT canonical OSM land component, unioned inside the hex (overlap-safe)",v1_sha1_hexid_pipe_subjectid
lfr_866f7ac269b744,h6000_q-001347_r+001859,hsub_iceland_main_island,OCEAN,False,2.073646297,0.417832,96a00ca2a1e149c43af585f040ba42df2b916b3411593667eb476ce18dfd6e46,"canonical hex polygon INTERSECT canonical OSM land component, unioned inside the hex (overlap-safe)",v1_sha1_hexid_pipe_subjectid
lfr_9671f4e7374dc9,h6000_q-001334_r+001859,hsub_iceland_main_island,OCEAN,False,0.852748589,0.154747,bd94b68e2ccdf27b3e4f0fc20d5dcde9bfaa47284ec54276a340bd15397f4294,"canonical hex polygon INTERSECT canonical OSM land component, unioned inside the hex (overlap-safe)",v1_sha1_hexid_pipe_subjectid
lfr_fb46221956caf2,h6000_q-001333_r+001859,hsub_iceland_main_island,OCEAN,False,0.431913381,0.078398,f5ebe10b2d4b697e32340afd4e53f6297c06171d6470e853d5b657393de39322,"canonical hex polygon INTERSECT canonical OSM land component, unioned inside the hex (overlap-safe)",v1_sha1_hexid_pipe_subjectid
lfr_f922d64c998849,h6000_q-001348_r+001860,hsub_iceland_main_island,OCEAN,False,0.117138335,0.02203,9fdda6b177bb5ae6a3a279172e0c52286750fbe9fc9b850e569d43167090a872,"canonical hex polygon INTERSECT canonical OSM land component, unioned inside the hex (overlap-safe)",v1_sha1_hexid_pipe_subjectid
lfr_229355289b1918,h6000_q-001348_r+001861,hsub_iceland_main_island,OCEAN,False,0.443198818,0.0869,f0b18cfe0bea27f8e15ba561e05d699b447bae3e388720456e621dbaed199ebc,"canonical hex polygon INTERSECT canonical OSM land component, unioned inside the hex (overlap-safe)",v1_sha1_hexid_pipe_subjectid
lfr_2213b570371f2c,h6000_q-001322_r+001861,hsub_iceland_main_island,OCEAN,False,1.476718903,0.268725,bb8341d2569de524ea35821758beeb30c605b3a075eec748731fe30b82b77542,"canonical hex polygon INTERSECT canonical OSM land component, unioned inside the hex (overlap-safe)",v1_sha1_hexid_pipe_subjectid
lfr_ed53657804df1d,h6000_q-001347_r+001862,hsub_iceland_main_island,OCEAN,False,2.033776286,0.430924,dc5182faf7d18394ddaf396e231504da58af4ab7a048760b2d94b191003c0199,"canonical hex polygon INTERSECT canonical OSM land component, unioned inside the hex (overlap-safe)",v1_sha1_hexid_pipe_subjectid
lfr_687e9cbd2e2870,h6000_q-001323_r+001862,hsub_iceland_main_island,OCEAN,False,1.720743469,0.313574,71e99d88f633743aa6be4c22c2383dd216edde7236bbaa2ecb440d7e39e0f102,"canonical hex polygon INTERSECT canonical OSM land component, unioned inside the hex (overlap-safe)",v1_sha1_hexid_pipe_subjectid
lfr_9e37e1919e3846,h6000_q-001347_r+001863,hsub_iceland_main_island,OCEAN,False,1.908688034,0.369196,8b2c0144ad6a111081a65fdae5ac6ee49c921298b7c95f1c4809a30b2bc980fb,"canonical hex polygon INTERSECT canonical OSM land component, unioned inside the hex (overlap-safe)",v1_sha1_hexid_pipe_subjectid
lfr_42d869c8962c8b,h6000_q-001324_r+001863,hsub_iceland_main_island,OCEAN,False,2.286814922,0.423265,0cc4e05623441187db2c1cccdf5a87d0ad082aec4947ed5b3d7b7ddfe1f3bd73,"canonical hex polygon INTERSECT canonical OSM land component, unioned inside the hex (overlap-safe)",v1_sha1_hexid_pipe_subjectid
lfr_38cb45c276dc8a,h6000_q-001347_r+001864,hsub_iceland_main_island,OCEAN,False,0.616427974,0.20896,9822d8e0afede53911d677164a1c6840e31d0c6e305b4bcff2785429f9d54d1b,"canonical hex polygon INTERSECT canonical OSM land component, unioned inside the hex (overlap-safe)",v1_sha1_hexid_pipe_subjectid
lfr_dc4a44d6cb0bba,h6000_q-001346_r+001865,hsub_iceland_main_island,OCEAN,False,0.763397192,0.139669,e3678569d24100803592c7314123812caf567859e25e5a6ff0bc68886b423a02,"canonical hex polygon INTERSECT canonical OSM land component, unioned inside the hex (overlap-safe)",v1_sha1_hexid_pipe_subjectid
lfr_cf602b811cdcf3,h6000_q-001324_r+001865,hsub_iceland_main_island,OCEAN,False,0.285442011,0.052241,c2b7e89181c37c31af87725e7f81cc5a95eb4646ca6848d94e79a3ae01b69328,"canonical hex polygon INTERSECT canonical OSM land component, unioned inside the hex (overlap-safe)",v1_sha1_hexid_pipe_subjectid
lfr_22bdb2a035039b,h6000_q-001344_r+001866,hsub_iceland_main_island,OCEAN,False,2.039645174,0.389208,a41e2942636a5503a092f4b67d5a200eee780326a7172540fad50b1e08ef4a71,"canonical hex polygon INTERSECT canonical OSM land component, unioned inside the hex (overlap-safe)",v1_sha1_hexid_pipe_subjectid
lfr_0a9377ecc37656,h6000_q-001326_r+001866,hsub_iceland_main_island,OCEAN,False,2.69898987,0.496397,6d17f03fcc599ba4aa3a5704ce7623f999602179fa28b820766d0eea903d4ce3,"canonical hex polygon INTERSECT canonical OSM land component, unioned inside the hex (overlap-safe)",v1_sha1_hexid_pipe_subjectid
lfr_d418abb2cb02ea,h6000_q-001324_r+001866,hsub_iceland_main_island,OCEAN,False,2.082201118,0.381716,ac4cb526c96a522a434d8b3999477fb40954de86dd06acd215caa9382f9a1bd5,"canonical hex polygon INTERSECT canonical OSM land component, unioned inside the hex (overlap-safe)",v1_sha1_hexid_pipe_subjectid
lfr_9d5510c544730b,h6000_q-001344_r+001867,hsub_iceland_main_island,OCEAN,False,0.794435,0.145794,b770a68d4346f2c4502f00dc39c5eb74577b50aa896e803d71ed0bf3ca100803,"canonical hex polygon INTERSECT canonical OSM land component, unioned inside the hex (overlap-safe)",v1_sha1_hexid_pipe_subjectid
lfr_d497e232535254,h6000_q-001326_r+001867,hsub_iceland_main_island,OCEAN,False,0.131070845,0.024062,6724dc5054f1d8744c01764235fae28bfa4434a187fb88f367a34118ecf0881e,"canonical hex polygon INTERSECT canonical OSM land component, unioned inside the hex (overlap-safe)",v1_sha1_hexid_pipe_subjectid
lfr_bce315a389fcc8,h6000_q-001325_r+001867,hsub_iceland_main_island,OCEAN,False,0.000694719,0.000128,489cca7d05675f59390b609a921687a6dd41a751b9172ef1fef3400381758ae7,"canonical hex polygon INTERSECT canonical OSM land component, unioned inside the hex (overlap-safe)",v1_sha1_hexid_pipe_subjectid
lfr_8a77dbe3bfc9aa,h6000_q-001322_r+001867,hsub_iceland_main_island,OCEAN,False,2.283418807,0.419066,c5ba8102791b325b184d71cc8e3dfa25d4201df2f11180324af4fc25f8355579,"canonical hex polygon INTERSECT canonical OSM land component, unioned inside the hex (overlap-safe)",v1_sha1_hexid_pipe_subjectid
lfr_3673d137be28dc,h6000_q-001343_r+001868,hsub_iceland_main_island,OCEAN,False,2.150793157,0.403891,9e5b81c0d76fa357ac1d4266f72e629c1375c4886e723f67aa04372c966e72fa,"canonical hex polygon INTERSECT canonical OSM land component, unioned inside the hex (overlap-safe)",v1_sha1_hexid_pipe_subjectid
lfr_7a577c3cf253d5,h6000_q-001327_r+001868,hsub_iceland_main_island,OCEAN,False,2.014426548,0.378272,da1c4437b5c24dfc8ed63cfb3ee73a0f9b79dddd3377c2c7448587ceda6a3727,"canonical hex polygon INTERSECT canonical OSM land component, unioned inside the hex (overlap-safe)",v1_sha1_hexid_pipe_subjectid
lfr_da9c6e4d0b2613,h6000_q-001323_r+001868,hsub_iceland_main_island,OCEAN,False,0.971969799,0.183552,71346ddad5907e52c5b84b997c0b2d3d99a7c47ecd5519a321c65b2b02d67e71,"canonical hex polygon INTERSECT canonical OSM land component, unioned inside the hex (overlap-safe)",v1_sha1_hexid_pipe_subjectid
lfr_5c2daf84d61df7,h6000_q-001343_r+001869,hsub_iceland_main_island,OCEAN,False,0.137386013,0.025283,b5dc0540b4380e88d4ab995b9326056c91bfb12510ee3190b20e027a9f474cd4,"canonical hex polygon INTERSECT canonical OSM land component, unioned inside the hex (overlap-safe)",v1_sha1_hexid_pipe_subjectid
lfr_ee46f8c8507a44,h6000_q-001342_r+001869,hsub_iceland_main_island,OCEAN,False,2.329909201,0.428927,5907dfd7dc8280b162ec7ca4dcaf26bcb335cb84e540ab2e694919e31cc30be8,"canonical hex polygon INTERSECT canonical OSM land component, unioned inside the hex (overlap-safe)",v1_sha1_hexid_pipe_subjectid
lfr_2c1513357e2ed5,h6000_q-001326_r+001869,hsub_iceland_main_island,OCEAN,False,0.709912592,0.130722,f8b52683cd84f6ba9633c00e57c2e511d0cf3b1f6cd02d8481b7655db266fb4e,"canonical hex polygon INTERSECT canonical OSM land component, unioned inside the hex (overlap-safe)",v1_sha1_hexid_pipe_subjectid
lfr_a5e56770a19adb,h6000_q-001324_r+001869,hsub_iceland_main_island,OCEAN,False,1.751440927,0.322459,cd4f2523b235f4b5b0f818681365793b36ff4f44859846266e99c8fe8935f053,"canonical hex polygon INTERSECT canonical OSM land component, unioned inside the hex (overlap-safe)",v1_sha1_hexid_pipe_subjectid
lfr_089e5cc45e064b,h6000_q-001379_r+001870,hsub_iceland_main_island,OCEAN,False,1.325936793,0.245737,1978f286d0d8e8ea10fc6e9e48f658612e7d224d32d43df99ae30ae572f4abd0,"canonical hex polygon INTERSECT canonical OSM land component, unioned inside the hex (overlap-safe)",v1_sha1_hexid_pipe_subjectid
lfr_3b16b3be88e00a,h6000_q-001378_r+001870,hsub_iceland_main_island,OCEAN,False,2.653717537,0.48952,3eb6c6adab1e86acf28f2d55eed21e76e45a05e9c11034616aba1928629641c7,"canonical hex polygon INTERSECT canonical OSM land component, unioned inside the hex (overlap-safe)",v1_sha1_hexid_pipe_subjectid
lfr_e64fe3df7f4dfd,h6000_q-001377_r+001870,hsub_iceland_main_island,OCEAN,False,1.916069929,0.353476,9bbe427772f5272bde980ea8a26219bc733265386f90022159b767103d75748d,"canonical hex polygon INTERSECT canonical OSM land component, unioned inside the hex (overlap-safe)",v1_sha1_hexid_pipe_subjectid
lfr_85bedcc3950306,h6000_q-001376_r+001870,hsub_iceland_main_island,OCEAN,False,0.936152926,0.172721,a27123265fcc37b64adc3f2706e51748ee9e57ee601c6f993b999099c965fd7b,"canonical hex polygon INTERSECT canonical OSM land component, unioned inside the hex (overlap-safe)",v1_sha1_hexid_pipe_subjectid
lfr_fbc4602af620f0,h6000_q-001375_r+001870,hsub_iceland_main_island,OCEAN,False,0.329145684,0.060735,dc520eeac1d65c92e5c855b0afaf55b1ae051922a390a91ef6ef4b2640dd6a56,"canonical hex polygon INTERSECT canonical OSM land component, unioned inside the hex (overlap-safe)",v1_sha1_hexid_pipe_subjectid
lfr_c0eb64f6d47203,h6000_q-001342_r+001870,hsub_iceland_main_island,OCEAN,False,1.100749555,0.202897,cc3cd5ed218974e17f00d314c945d61b9cf60281fdbfbdd19841160175fb9279,"canonical hex polygon INTERSECT canonical OSM land component, unioned inside the hex (overlap-safe)",v1_sha1_hexid_pipe_subjectid
lfr_0df209d34dd354,h6000_q-001328_r+001870,hsub_iceland_main_island,OCEAN,False,0.593257678,0.109362,bbafe7159117ccb46b10279e534cb3a5dd0420a22a4574912846014742651b1c,"canonical hex polygon INTERSECT canonical OSM land component, unioned inside the hex (overlap-safe)",v1_sha1_hexid_pipe_subjectid
lfr_20a2cac1bfe9f2,h6000_q-001324_r+001870,hsub_iceland_main_island,OCEAN,False,1.145728081,0.21129,5810b79cb2625442b3bcb7b344e4346ba0a9d25e50abb9e4ea4e7918bc4844da,"canonical hex polygon INTERSECT canonical OSM land component, unioned inside the hex (overlap-safe)",v1_sha1_hexid_pipe_subjectid
lfr_12a19747b31aca,h6000_q-001375_r+001871,hsub_iceland_main_island,OCEAN,False,1.950402139,0.360269,b1c7a9baee3255a48c07d62c907e7d2bb45f7297f132124a0542bcbfecd44d21,"canonical hex polygon INTERSECT canonical OSM land component, unioned inside the hex (overlap-safe)",v1_sha1_hexid_pipe_subjectid
lfr_4f31ac3934050e,h6000_q-001348_r+001871,hsub_iceland_main_island,OCEAN,False,0.720305814,0.14844,8041bf3ab82833518c53020515afa7b545e11a74efdf5074678f7d4a27572276,"canonical hex polygon INTERSECT canonical OSM land component, unioned inside the hex (overlap-safe)",v1_sha1_hexid_pipe_subjectid
lfr_18f35fd231783e,h6000_q-001347_r+001871,hsub_iceland_main_island,OCEAN,False,0.23239532,0.062349,1c1247740ee767d3d5abf181fb220278523d46979de8e378a2d33ef3f1ed8f9d,"canonical hex polygon INTERSECT canonical OSM land component, unioned inside the hex (overlap-safe)",v1_sha1_hexid_pipe_subjectid
lfr_5105907b068458,h6000_q-001342_r+001871,hsub_iceland_main_island,OCEAN,False,0.250731814,0.046284,2b82c0fd86ae988e6dc2691886b91c2e4d86ba9d8964a5518e171143613e3236,"canonical hex polygon INTERSECT canonical OSM land component, unioned inside the hex (overlap-safe)",v1_sha1_hexid_pipe_subjectid
lfr_fd71cd33b7b37a,h6000_q-001340_r+001871,hsub_iceland_main_island,OCEAN,False,0.286322914,0.052845,e4a0aa20bd0f1652c923fc835c77dda2fc133135f8676d35d1caa5d880b865ca,"canonical hex polygon INTERSECT canonical OSM land component, unioned inside the hex (overlap-safe)",v1_sha1_hexid_pipe_subjectid
lfr_6c89801371add2,h6000_q-001327_r+001871,hsub_iceland_main_island,OCEAN,False,0.741928733,0.137026,eda0f8d57b58b2c32c8ab7de98d877cd962f340fb76f95d1b78632a2b82de72c,"canonical hex polygon INTERSECT canonical OSM land component, unioned inside the hex (overlap-safe)",v1_sha1_hexid_pipe_subjectid
lfr_d11a006fbdc930,h6000_q-001325_r+001871,hsub_iceland_main_island,OCEAN,False,0.342906135,0.063342,9e347f60e83e350d52c9660f652d1c17877775c7cbd543be547a6b5cbee518b0,"canonical hex polygon INTERSECT canonical OSM land component, unioned inside the hex (overlap-safe)",v1_sha1_hexid_pipe_subjectid
lfr_ad719de6c855a9,h6000_q-001381_r+001872,hsub_iceland_main_island,OCEAN,False,2.333004266,0.431613,aafb52bde8488f81efabf7cb88433ff072dc1e340f04f111ad9bca6259db2595,"canonical hex polygon INTERSECT canonical OSM land component, unioned inside the hex (overlap-safe)",v1_sha1_hexid_pipe_subjectid
lfr_ed5dd8c6b1c541,h6000_q-001375_r+001872,hsub_iceland_main_island,OCEAN,False,1.719805418,0.319487,1dba7bda1f935606fedf2e481dd8282cc329fe26566a13ca232845f910ca7129,"canonical hex polygon INTERSECT canonical OSM land component, unioned inside the hex (overlap-safe)",v1_sha1_hexid_pipe_subjectid
lfr_d4f35e68544d41,h6000_q-001350_r+001872,hsub_iceland_main_island,OCEAN,False,0.074546378,0.030502,f38647d1df6a65b29ca3521f7b414a6312f1c8b3a243715ec98d3b71fec0c030,"canonical hex polygon INTERSECT canonical OSM land component, unioned inside the hex (overlap-safe)",v1_sha1_hexid_pipe_subjectid
lfr_4cade64483461a,h6000_q-001347_r+001872,hsub_iceland_main_island,OCEAN,False,0.468415534,0.094756,ecbf3063b5ed846568fc01b61fc5dcf2fe9883772f02d6283af112a98c15bdc1,"canonical hex polygon INTERSECT canonical OSM land component, unioned inside the hex (overlap-safe)",v1_sha1_hexid_pipe_subjectid
lfr_0ee08c2a670ee4,h6000_q-001343_r+001872,hsub_iceland_main_island,OCEAN,False,1.330115063,0.264304,639f04cc2fab28fba6747e93d5ff2bff0b49943cf23a18261895c823c11d9f65,"canonical hex polygon INTERSECT canonical OSM land component, unioned inside the hex (overlap-safe)",v1_sha1_hexid_pipe_subjectid
lfr_8133d550ee168f,h6000_q-001342_r+001872,hsub_iceland_main_island,OCEAN,False,1.261519125,0.235136,9e62b40c8b572389269baa17761d6ce0965f369de1ae6d6a9360ea6ab7f8baa5,"canonical hex polygon INTERSECT canonical OSM land component, unioned inside the hex (overlap-safe)",v1_sha1_hexid_pipe_subjectid
lfr_5e8a1f9d01611e,h6000_q-001341_r+001872,hsub_iceland_main_island,OCEAN,False,2.478814164,0.459597,1d167c3c2a5c3842e64c88090aa813f5e32f125625d54c8105509efac8499f11,"canonical hex polygon INTERSECT canonical OSM land component, unioned inside the hex (overlap-safe)",v1_sha1_hexid_pipe_subjectid
lfr_964ac9ecd5977a,h6000_q-001339_r+001872,hsub_iceland_main_island,OCEAN,False,2.034973722,0.376399,2f29fa8c75c1e53db5842f9b1dffb2623f5915d87ecb2332d3f260824b9fdb79,"canonical hex polygon INTERSECT canonical OSM land component, unioned inside the hex (overlap-safe)",v1_sha1_hexid_pipe_subjectid
lfr_a7eb69f3808a65,h6000_q-001330_r+001872,hsub_iceland_main_island,OCEAN,False,2.273865397,0.420464,a0ff6d13ffff280bdd15a6bfcb157412149d1f41779bd34e7d171a28867ecb9b,"canonical hex polygon INTERSECT canonical OSM land component, unioned inside the hex (overlap-safe)",v1_sha1_hexid_pipe_subjectid
lfr_59946da97d95bb,h6000_q-001326_r+001872,hsub_iceland_main_island,OCEAN,False,0.091126903,0.016847,8e0ea35aef36681d9439dcc526fe3a26f9f3d8ea239633bc0f639ef7ae7c6b8f,"canonical hex polygon INTERSECT canonical OSM land component, unioned inside the hex (overlap-safe)",v1_sha1_hexid_pipe_subjectid
lfr_3348ea52ceb743,h6000_q-001383_r+001873,hsub_iceland_main_island,OCEAN,False,0.729252242,0.135147,2acef92bc9ca65a8a4a3de19f58880a8d7ff879bc884fb7f6d562ba21b4af925,"canonical hex polygon INTERSECT canonical OSM land component, unioned inside the hex (overlap-safe)",v1_sha1_hexid_pipe_subjectid
lfr_f0ea92c5c8de49,h6000_q-001374_r+001873,hsub_iceland_main_island,OCEAN,False,1.86425448,0.345444,552e3243d6c9f1c7f9c434cdbcc2dcf8631c22e67de59d8a25f56a71af19b324,"canonical hex polygon INTERSECT canonical OSM land component, unioned inside the hex (overlap-safe)",v1_sha1_hexid_pipe_subjectid
lfr_f01700ddf17488,h6000_q-001373_r+001873,hsub_iceland_main_island,OCEAN,False,0.509688807,0.094464,b04de5d27f33dec9db92e3e10400b992a59c8ca6de8a9c0a99d7d3183944ba81,"canonical hex polygon INTERSECT canonical OSM land component, unioned inside the hex (overlap-safe)",v1_sha1_hexid_pipe_subjectid
lfr_07a1878e6c47b7,h6000_q-001352_r+001873,hsub_iceland_main_island,OCEAN,False,0.090276872,0.08243,fc5587e324dad47fd973f2109ed3e858006aecc1f87f27d01ad8a60fd03e9670,"canonical hex polygon INTERSECT canonical OSM land component, unioned inside the hex (overlap-safe)",v1_sha1_hexid_pipe_subjectid
lfr_2de3e2b74f4530,h6000_q-001351_r+001873,hsub_iceland_main_island,OCEAN,False,1.81374533,0.367391,eb77f7c4713e90155eeec04ad0845098c771e821bee4c29c7ed8270cafc65e60,"canonical hex polygon INTERSECT canonical OSM land component, unioned inside the hex (overlap-safe)",v1_sha1_hexid_pipe_subjectid
lfr_483aa3e00bc59a,h6000_q-001347_r+001873,hsub_iceland_main_island,OCEAN,False,0.124827814,0.058766,0e21e9de219cc46c372bbbc91d81f386211a4dda1fca2d7d29539870c131aa0f,"canonical hex polygon INTERSECT canonical OSM land component, unioned inside the hex (overlap-safe)",v1_sha1_hexid_pipe_subjectid
lfr_9a69c27ca10341,h6000_q-001346_r+001873,hsub_iceland_main_island,OCEAN,False,0.009456379,0.026532,a166bf60fe02cf8c8601037268efa6f7a20267fd50c503f76644e87ddb7edb54,"canonical hex polygon INTERSECT canonical OSM land component, unioned inside the hex (overlap-safe)",v1_sha1_hexid_pipe_subjectid
lfr_a46686d336a15f,h6000_q-001345_r+001873,hsub_iceland_main_island,OCEAN,False,0.018852784,0.003495,1a144a3daec40a7aafe73594b85e6c387b85c5411e1f6dcf4f7381927c18dac2,"canonical hex polygon INTERSECT canonical OSM land component, unioned inside the hex (overlap-safe)",v1_sha1_hexid_pipe_subjectid
lfr_e8cf465bcbe016,h6000_q-001344_r+001873,hsub_iceland_main_island,OCEAN,False,0.037213355,0.01243,cbd392c9d2055c5e89762a0a706074068cfe361989af670dd19fec67ef791b75,"canonical hex polygon INTERSECT canonical OSM land component, unioned inside the hex (overlap-safe)",v1_sha1_hexid_pipe_subjectid
lfr_8d20831b0f0648,h6000_q-001333_r+001873,hsub_iceland_main_island,OCEAN,False,1.644265467,0.304459,829399578b6867b2004ac2be66671c759f3c84ddea1f00b16893d40d247959a1,"canonical hex polygon INTERSECT canonical OSM land component, unioned inside the hex (overlap-safe)",v1_sha1_hexid_pipe_subjectid
lfr_7a635563b49fb4,h6000_q-001331_r+001873,hsub_iceland_main_island,OCEAN,False,1.76343645,0.3266,476c88dfe2626e116a8b2ba1434042716f75929bd5ece4cf425dddcdaa80f4bb,"canonical hex polygon INTERSECT canonical OSM land component, unioned inside the hex (overlap-safe)",v1_sha1_hexid_pipe_subjectid
lfr_2a060340e99504,h6000_q-001326_r+001873,hsub_iceland_main_island,OCEAN,False,1.745054388,0.323256,7905effc0bf4e8d526e6c2be50d205bfd3ce777dbe1ea086a000c3dbcad0ac0a,"canonical hex polygon INTERSECT canonical OSM land component, unioned inside the hex (overlap-safe)",v1_sha1_hexid_pipe_subjectid
lfr_d609062dd7ca3b,h6000_q-001392_r+001874,hsub_iceland_main_island,OCEAN,False,0.150482697,0.027922,4bf748d3f084e4d0a4041b8b37f787d8d32f8eb18bb576c6d628baab9a550845,"canonical hex polygon INTERSECT canonical OSM land component, unioned inside the hex (overlap-safe)",v1_sha1_hexid_pipe_subjectid
lfr_458d75371f8348,h6000_q-001391_r+001874,hsub_iceland_main_island,OCEAN,False,1.772836814,0.329,423358aaf58796c604ade5757f1c11fbe7fc1209aec90dbaf67c97b5b207807f,"canonical hex polygon INTERSECT canonical OSM land component, unioned inside the hex (overlap-safe)",v1_sha1_hexid_pipe_subjectid
lfr_c18db56800dacb,h6000_q-001390_r+001874,hsub_iceland_main_island,OCEAN,False,0.490736223,0.091079,6a249397a52fc60c4808938864f9bcf33e4ed1174417d5e172b64ab3473febb7,"canonical hex polygon INTERSECT canonical OSM land component, unioned inside the hex (overlap-safe)",v1_sha1_hexid_pipe_subjectid
lfr_3fc642b4d5a700,h6000_q-001389_r+001874,hsub_iceland_main_island,OCEAN,False,0.042876763,0.00796,c69ca172bc6d7368cf11e6a06b4e1129fec421943111856d63b03c91ca1cbe8e,"canonical hex polygon INTERSECT canonical OSM land component, unioned inside the hex (overlap-safe)",v1_sha1_hexid_pipe_subjectid
lfr_c49a617071607a,h6000_q-001388_r+001874,hsub_iceland_main_island,OCEAN,False,0.01984172,0.003684,6b7729e685250a25e9d918b8f29b1c7681f6289aa99a3c2e0f48aedf4e58a7e4,"canonical hex polygon INTERSECT canonical OSM land component, unioned inside the hex (overlap-safe)",v1_sha1_hexid_pipe_subjectid
lfr_e73cc217f77eaa,h6000_q-001385_r+001874,hsub_iceland_main_island,OCEAN,False,0.75014362,0.13923,577c94a8b22b0b17d365e67cda8c3ab135ac8fdf1baac541cc6aa40d470209e5,"canonical hex polygon INTERSECT canonical OSM land component, unioned inside the hex (overlap-safe)",v1_sha1_hexid_pipe_subjectid
lfr_d6b1cffaace4f4,h6000_q-001372_r+001874,hsub_iceland_main_island,OCEAN,False,1.919212738,0.356125,18e8a31b2a23e7d13f4bafc1ae139a67e930fb5747271bcf7532cafbfe9a6008,"canonical hex polygon INTERSECT canonical OSM land component, unioned inside the hex (overlap-safe)",v1_sha1_hexid_pipe_subjectid
lfr_be1de222244979,h6000_q-001371_r+001874,hsub_iceland_main_island,OCEAN,False,0.308493633,0.057266,344d175edc89bb3ce4719b762201a3c6aac7a75a0c3473245c1eb3f1796e317e,"canonical hex polygon INTERSECT canonical OSM land component, unioned inside the hex (overlap-safe)",v1_sha1_hexid_pipe_subjectid
lfr_4618958ee74c23,h6000_q-001370_r+001874,hsub_iceland_main_island,OCEAN,False,1.440392723,0.267316,ae4dde20700da5858e6e2070b9caad9ecc06c208b9724b9af6bc0f444b56e30f,"canonical hex polygon INTERSECT canonical OSM land component, unioned inside the hex (overlap-safe)",v1_sha1_hexid_pipe_subjectid
lfr_aef30b6c231373,h6000_q-001369_r+001874,hsub_iceland_main_island,OCEAN,False,2.10572985,0.390763,1d0fd5c9a1ec8b185a1dbf6f148a74513d60d4f6819ee5e2c2edf59da7662aba,"canonical hex polygon INTERSECT canonical OSM land component, unioned inside the hex (overlap-safe)",v1_sha1_hexid_pipe_subjectid
lfr_6a7be5795503dc,h6000_q-001368_r+001874,hsub_iceland_main_island,OCEAN,False,2.578149615,0.478395,654e937cf79c3e6c779be63d0795af6f9cdcd8fde3f7423d8e2d6125051def70,"canonical hex polygon INTERSECT canonical OSM land component, unioned inside the hex (overlap-safe)",v1_sha1_hexid_pipe_subjectid
lfr_7500765885f618,h6000_q-001347_r+001874,hsub_iceland_main_island,OCEAN,False,0.182282348,0.033815,db93a5b9f4b991a969c6cb929076c571ec90c00cb7228285c1a37e703f4890d3,"canonical hex polygon INTERSECT canonical OSM land component, unioned inside the hex (overlap-safe)",v1_sha1_hexid_pipe_subjectid
lfr_864e5cc17594ca,h6000_q-001345_r+001874,hsub_iceland_main_island,OCEAN,False,0.146969977,0.0346,c8388bdc6b75a815ae9e2b40df88a402701aa9bca01815e89815582199cba46c,"canonical hex polygon INTERSECT canonical OSM land component, unioned inside the hex (overlap-safe)",v1_sha1_hexid_pipe_subjectid
lfr_a871832e524187,h6000_q-001333_r+001874,hsub_iceland_main_island,OCEAN,False,0.058580381,0.010871,de982cde5ba57e15a90c8abad64ccdad28ba1e7e723f0dfbf934f0ca45a05266,"canonical hex polygon INTERSECT canonical OSM land component, unioned inside the hex (overlap-safe)",v1_sha1_hexid_pipe_subjectid
lfr_5914ffeddf0de0,h6000_q-001332_r+001874,hsub_iceland_main_island,OCEAN,False,1.137098991,0.210823,4ad7caf8bdcdea1b586bb897ff27236158e74b1acae275bda1a1c6a25ee91fdc,"canonical hex polygon INTERSECT canonical OSM land component, unioned inside the hex (overlap-safe)",v1_sha1_hexid_pipe_subjectid
lfr_420981042c5a37,h6000_q-001393_r+001875,hsub_iceland_main_island,OCEAN,False,0.219151925,0.040705,ba8e82f916f987163ff5f5468875549a0fb284c78fa10b98911631a794b52762,"canonical hex polygon INTERSECT canonical OSM land component, unioned inside the hex (overlap-safe)",v1_sha1_hexid_pipe_subjectid
lfr_7093abc11656d6,h6000_q-001360_r+001875,hsub_iceland_main_island,OCEAN,False,0.877424854,0.183125,37187e2c0941b83b3c60a2d8652ff0670fb58a73d041fe2c69860658ea81df9b,"canonical hex polygon INTERSECT canonical OSM land component, unioned inside the hex (overlap-safe)",v1_sha1_hexid_pipe_subjectid
lfr_13df2db81d110c,h6000_q-001359_r+001875,hsub_iceland_main_island,OCEAN,False,1.74070329,0.329103,d90a635ef401d971ffd487168502881d1dc14e390e0a73dd4162d2b2d4b6a716,"canonical hex polygon INTERSECT canonical OSM land component, unioned inside the hex (overlap-safe)",v1_sha1_hexid_pipe_subjectid
lfr_b33b453e5b4ad0,h6000_q-001355_r+001875,hsub_iceland_main_island,OCEAN,False,0.108089062,0.025655,66b9e8805ee03ad569f69da9b049219a29809a57d2e83028d9f1e425e974be10,"canonical hex polygon INTERSECT canonical OSM land component, unioned inside the hex (overlap-safe)",v1_sha1_hexid_pipe_subjectid
lfr_a54e6f3a5364c7,h6000_q-001354_r+001875,hsub_iceland_main_island,OCEAN,False,1.809116206,0.340448,f0f452fa48d1fa85627d045c3971a49e186ca2cfd95f6c047586e84993c98dea,"canonical hex polygon INTERSECT canonical OSM land component, unioned inside the hex (overlap-safe)",v1_sha1_hexid_pipe_subjectid
lfr_58c68b2f3aaad1,h6000_q-001353_r+001875,hsub_iceland_main_island,OCEAN,False,0.000642099,0.015175,8547cca7e90d1f3906caa2e3f1b7f7aaa1da9cbbb5f50dcb04c3d95aa1586b5d,"canonical hex polygon INTERSECT canonical OSM land component, unioned inside the hex (overlap-safe)",v1_sha1_hexid_pipe_subjectid
lfr_c9551f6915f031,h6000_q-001347_r+001875,hsub_iceland_main_island,OCEAN,False,2.113161504,0.392639,a1ad0b09db5fc9630052296ba222ebe8bb45489d0c89596f804398d8c3596adb,"canonical hex polygon INTERSECT canonical OSM land component, unioned inside the hex (overlap-safe)",v1_sha1_hexid_pipe_subjectid
lfr_ca3870059c8aab,h6000_q-001333_r+001875,hsub_iceland_main_island,OCEAN,False,0.747119915,0.138839,b48ec2548c14f06f7fda74b2a9c6423ca110a3eb43c910de8b20b67daac09dca,"canonical hex polygon INTERSECT canonical OSM land component, unioned inside the hex (overlap-safe)",v1_sha1_hexid_pipe_subjectid
lfr_942e3d2db51c1c,h6000_q-001327_r+001875,hsub_iceland_main_island,OCEAN,False,1.040747633,0.193331,8d54a622f3ffd53eed65d5651bb83fc55d00e6d47af6b4920517073f4e59d21f,"canonical hex polygon INTERSECT canonical OSM land component, unioned inside the hex (overlap-safe)",v1_sha1_hexid_pipe_subjectid
lfr_9b8ebef873576f,h6000_q-001381_r+001876,hsub_iceland_main_island,OCEAN,False,1.17929648,0.219305,6cd4726a734cd7b538e75039a00827002b5d0616615e6abedc0565ede3d3f95f,"canonical hex polygon INTERSECT canonical OSM land component, unioned inside the hex (overlap-safe)",v1_sha1_hexid_pipe_subjectid
lfr_7e46cb3ceca56c,h6000_q-001368_r+001876,hsub_iceland_main_island,OCEAN,False,1.391963583,0.258924,944a66e1bd8f3b8479a9e99e5e7b201efbd4c775b249400f0e110dcb11aaaf55,"canonical hex polygon INTERSECT canonical OSM land component, unioned inside the hex (overlap-safe)",v1_sha1_hexid_pipe_subjectid
lfr_f51dee2ae60314,h6000_q-001362_r+001876,hsub_iceland_main_island,OCEAN,False,0.525767452,0.14296,eef96b24799e52af63c63cb2c8a717c45a23959c72fd2427013e4a382e74220e,"canonical hex polygon INTERSECT canonical OSM land component, unioned inside the hex (overlap-safe)",v1_sha1_hexid_pipe_subjectid
lfr_e31057110838da,h6000_q-001361_r+001876,hsub_iceland_main_island,OCEAN,False,1.550016066,0.304529,3491cd55e95dc5c3c70c5ce37a7aeb045a110f5a0970eb282c8e476ee3252f8f,"canonical hex polygon INTERSECT canonical OSM land component, unioned inside the hex (overlap-safe)",v1_sha1_hexid_pipe_subjectid
lfr_ee1c38ed9021cd,h6000_q-001359_r+001876,hsub_iceland_main_island,OCEAN,False,0.292947093,0.05884,a3d7ed0b76715154fb0673f6a620d7cebe966c5db362e587106c7f9ec4d3d98c,"canonical hex polygon INTERSECT canonical OSM land component, unioned inside the hex (overlap-safe)",v1_sha1_hexid_pipe_subjectid
lfr_16b981bc6df94a,h6000_q-001357_r+001876,hsub_iceland_main_island,OCEAN,False,0.128278484,0.036389,c60ef48e938a433ad80b25560476bd90f7d11e522f176c6c2403f74018b1cd6f,"canonical hex polygon INTERSECT canonical OSM land component, unioned inside the hex (overlap-safe)",v1_sha1_hexid_pipe_subjectid
lfr_9e31f9de152e21,h6000_q-001353_r+001876,hsub_iceland_main_island,OCEAN,False,0.620538876,0.127195,1d54def69f79459fa4b22f79ced2e698d1b27a9130ad8e18283ee4bdabeb5d82,"canonical hex polygon INTERSECT canonical OSM land component, unioned inside the hex (overlap-safe)",v1_sha1_hexid_pipe_subjectid
lfr_7279e647badddd,h6000_q-001352_r+001876,hsub_iceland_main_island,OCEAN,False,2.290722682,0.432627,9c7f8ed9545ef5f21ac82142bdbc7df0d06c2dee4833fb63bdedfe971a61d340,"canonical hex polygon INTERSECT canonical OSM land component, unioned inside the hex (overlap-safe)",v1_sha1_hexid_pipe_subjectid
lfr_6fbd8ba2445ab2,h6000_q-001351_r+001876,hsub_iceland_main_island,OCEAN,False,2.121246381,0.398756,19ce2376abce09214ba4836cb4fc56ac51ad4c35ae16059b6e20af3b16aac341,"canonical hex polygon INTERSECT canonical OSM land component, unioned inside the hex (overlap-safe)",v1_sha1_hexid_pipe_subjectid
lfr_1f9167707eef8a,h6000_q-001350_r+001876,hsub_iceland_main_island,OCEAN,False,2.617601811,0.486889,dfac382de2dc99b0fe3bd7c5f29b1b1892b0bfaf266ca55a3df28077152eaeff,"canonical hex polygon INTERSECT canonical OSM land component, unioned inside the hex (overlap-safe)",v1_sha1_hexid_pipe_subjectid
lfr_8a677c2d5a9441,h6000_q-001348_r+001876,hsub_iceland_main_island,OCEAN,False,2.398010821,0.446503,b5af636a2b71ca5e608f5f3f1445635670654f7ad7084aa053320c1c3719f646,"canonical hex polygon INTERSECT canonical OSM land component, unioned inside the hex (overlap-safe)",v1_sha1_hexid_pipe_subjectid
lfr_5da72229232b2a,h6000_q-001333_r+001876,hsub_iceland_main_island,OCEAN,False,0.672152317,0.125078,2b796b76e5394dbf113619aba842ba76dcc92198046aff6696322688e8e8ce26,"canonical hex polygon INTERSECT canonical OSM land component, unioned inside the hex (overlap-safe)",v1_sha1_hexid_pipe_subjectid
lfr_0b319710d3a1dd,h6000_q-001327_r+001876,hsub_iceland_main_island,OCEAN,False,2.661054412,0.495024,3f5ffbf0211f47f1c63e506f9c7df6a9533091adfaf5ac6623cabc880a795efa,"canonical hex polygon INTERSECT canonical OSM land component, unioned inside the hex (overlap-safe)",v1_sha1_hexid_pipe_subjectid
lfr_0cc0b6b63fa91d,h6000_q-001392_r+001877,hsub_iceland_main_island,OCEAN,False,2.062241866,0.384097,e9e5d77ff4998c5969a439027ae83efa8ba957508a2b59c5dd14d69379f9c552,"canonical hex polygon INTERSECT canonical OSM land component, unioned inside the hex (overlap-safe)",v1_sha1_hexid_pipe_subjectid
lfr_62c57596601ff8,h6000_q-001382_r+001877,hsub_iceland_main_island,OCEAN,False,0.613128345,0.114264,90f555c34c173991e1b6092715aa8cd459d7e7a1ca9bbf9b382965ec9c04e4e8,"canonical hex polygon INTERSECT canonical OSM land component, unioned inside the hex (overlap-safe)",v1_sha1_hexid_pipe_subjectid
lfr_8d463573e67f7f,h6000_q-001368_r+001877,hsub_iceland_main_island,OCEAN,False,0.283940154,0.06182,a7607111a32df75260cb552909abf228f6be2189a994c1a4653532d52be005ca,"canonical hex polygon INTERSECT canonical OSM land component, unioned inside the hex (overlap-safe)",v1_sha1_hexid_pipe_subjectid
lfr_3d7007cc186013,h6000_q-001367_r+001877,hsub_iceland_main_island,OCEAN,False,1.609895811,0.312474,e6cfbc6f624cbfe9e5d6f584ad5c682d1c213e3f3e9a2185e0223f46f20fa263,"canonical hex polygon INTERSECT canonical OSM land component, unioned inside the hex (overlap-safe)",v1_sha1_hexid_pipe_subjectid
lfr_ec9e326fb41f37,h6000_q-001365_r+001877,hsub_iceland_main_island,OCEAN,False,1.649812734,0.310407,19584ddd02b8554fc790b4ba171227b95e4de80aa54440bb08d7231da2a46f90,"canonical hex polygon INTERSECT canonical OSM land component, unioned inside the hex (overlap-safe)",v1_sha1_hexid_pipe_subjectid
lfr_4d4f580eae5b76,h6000_q-001363_r+001877,hsub_iceland_main_island,OCEAN,False,0.734991265,0.16719,a3573d8e76d603ce1dfff58b16d9660420703f70276f36f35c6383019a116293,"canonical hex polygon INTERSECT canonical OSM land component, unioned inside the hex (overlap-safe)",v1_sha1_hexid_pipe_subjectid
lfr_ca3c797010ce9e,h6000_q-001360_r+001877,hsub_iceland_main_island,OCEAN,False,1.062514335,0.197954,d42014d0b736f9d74d745d0d6787a201937be9bba08f8a2b7fa16f53c03527b3,"canonical hex polygon INTERSECT canonical OSM land component, unioned inside the hex (overlap-safe)",v1_sha1_hexid_pipe_subjectid
lfr_c54a93dc726a93,h6000_q-001358_r+001877,hsub_iceland_main_island,OCEAN,False,1.30058126,0.245597,0fce53ac7ffe2cb88025989c67af2691820d446cd24a933347b3f6d4dd6860d8,"canonical hex polygon INTERSECT canonical OSM land component, unioned inside the hex (overlap-safe)",v1_sha1_hexid_pipe_subjectid
lfr_6ac93685c2827c,h6000_q-001356_r+001877,hsub_iceland_main_island,OCEAN,False,0.316129766,0.059865,0eed95492ccb6fd71a20180be5d842f8e86d372bfb39ee26f1b4472658eba085,"canonical hex polygon INTERSECT canonical OSM land component, unioned inside the hex (overlap-safe)",v1_sha1_hexid_pipe_subjectid
lfr_92cd86b0623807,h6000_q-001353_r+001877,hsub_iceland_main_island,OCEAN,False,2.484202014,0.462916,8f0c3530c36a352a16131659a4ca03b3c9687f5440d855a117747e3c463581b5,"canonical hex polygon INTERSECT canonical OSM land component, unioned inside the hex (overlap-safe)",v1_sha1_hexid_pipe_subjectid
lfr_05d494cae8ce90,h6000_q-001350_r+001877,hsub_iceland_main_island,OCEAN,False,1.916760631,0.36032,dbd77e099c1eb8e9dddd823820edea9655136fd7be33332971aceeca64ff9881,"canonical hex polygon INTERSECT canonical OSM land component, unioned inside the hex (overlap-safe)",v1_sha1_hexid_pipe_subjectid
lfr_548f79663530f5,h6000_q-001384_r+001878,hsub_iceland_main_island,OCEAN,False,1.582658193,0.295191,0807db14fbf96068e7b98d544e95415300188902c8524d75544df5a92da7ec97,"canonical hex polygon INTERSECT canonical OSM land component, unioned inside the hex (overlap-safe)",v1_sha1_hexid_pipe_subjectid
lfr_47c719bdbf0102,h6000_q-001383_r+001878,hsub_iceland_main_island,OCEAN,False,1.877971945,0.350496,fcccb56a5f610c71060f6da9b7c3ac3f689da97c88dfab3d4d4e0dd7fae69537,"canonical hex polygon INTERSECT canonical OSM land component, unioned inside the hex (overlap-safe)",v1_sha1_hexid_pipe_subjectid
lfr_d0934e3a99dc37,h6000_q-001369_r+001878,hsub_iceland_main_island,OCEAN,False,2.160681323,0.40366,97d3a59edc93035f75f6da9c18d74eb8c00975fc87a41e54a0718acfe70f3e54,"canonical hex polygon INTERSECT canonical OSM land component, unioned inside the hex (overlap-safe)",v1_sha1_hexid_pipe_subjectid
lfr_c7e70ff5298e70,h6000_q-001365_r+001878,hsub_iceland_main_island,OCEAN,False,1.709778587,0.323132,0bad75be1132e40c770ed5568c65bac5f2accb443c5eb47e0f97ce7ef6d31c9b,"canonical hex polygon INTERSECT canonical OSM land component, unioned inside the hex (overlap-safe)",v1_sha1_hexid_pipe_subjectid
lfr_5b79dbbf769a05,h6000_q-001364_r+001878,hsub_iceland_main_island,OCEAN,False,1.100229198,0.218746,c93c88d2c4a28b58108210522d10e347e007f68c77395b0f84f87a402b905722,"canonical hex polygon INTERSECT canonical OSM land component, unioned inside the hex (overlap-safe)",v1_sha1_hexid_pipe_subjectid
lfr_6dbe41b8a0179b,h6000_q-001363_r+001878,hsub_iceland_main_island,OCEAN,False,0.756307186,0.156039,1f1dc9c943dd0f643eae8ffaefc525177a5ed8d9da25588de1aad5e63c47614c,"canonical hex polygon INTERSECT canonical OSM land component, unioned inside the hex (overlap-safe)",v1_sha1_hexid_pipe_subjectid
lfr_af2365720c2fa2,h6000_q-001357_r+001878,hsub_iceland_main_island,OCEAN,False,2.349300411,0.440381,b11d4b127d722ff802794c170e66f185cb71470e7c50a442f3b803c8c35cc6a0,"canonical hex polygon INTERSECT canonical OSM land component, unioned inside the hex (overlap-safe)",v1_sha1_hexid_pipe_subjectid
lfr_f3e9934c6274cc,h6000_q-001350_r+001878,hsub_iceland_main_island,OCEAN,False,2.313870796,0.432895,b7a573b38e78ab5d31372195ab72d1239280ec5048de8cd085b3722c13bf64a5,"canonical hex polygon INTERSECT canonical OSM land component, unioned inside the hex (overlap-safe)",v1_sha1_hexid_pipe_subjectid
lfr_499e8a3836b7d6,h6000_q-001337_r+001878,hsub_iceland_main_island,OCEAN,False,2.036272928,0.37986,f9602f5910bd33e65a87c03b5401d2e2ebe0aa3efffc17dd5a32ed445f2cb28e,"canonical hex polygon INTERSECT canonical OSM land component, unioned inside the hex (overlap-safe)",v1_sha1_hexid_pipe_subjectid
lfr_9ce34b719c4986,h6000_q-001334_r+001878,hsub_iceland_main_island,OCEAN,False,2.180362698,0.406841,f6dc5c77854d0f97a1c93c8c799acc83c13e20ecbad59572b7f6702467df1e98,"canonical hex polygon INTERSECT canonical OSM land component, unioned inside the hex (overlap-safe)",v1_sha1_hexid_pipe_subjectid
lfr_fc34f59e0fdcd1,h6000_q-001328_r+001878,hsub_iceland_main_island,OCEAN,False,0.09178057,0.01712,4f51e049c1f8a65935e50a03e98eae4e5fc4b5a90b29abbd8843a107af21778c,"canonical hex polygon INTERSECT canonical OSM land component, unioned inside the hex (overlap-safe)",v1_sha1_hexid_pipe_subjectid
lfr_20245f2a3d65ce,h6000_q-001392_r+001879,hsub_iceland_main_island,OCEAN,False,0.327938874,0.061282,37337a8d4f8d1697d488e4042c3f4cbe6f273c8f24f93ef5280c530dca8db277,"canonical hex polygon INTERSECT canonical OSM land component, unioned inside the hex (overlap-safe)",v1_sha1_hexid_pipe_subjectid
lfr_b765df3bcc5edd,h6000_q-001386_r+001879,hsub_iceland_main_island,OCEAN,False,1.038866265,0.194056,bd2afab2858cd6ec3ccbdecae3bbe8d7f59480a2180e8f3d365b2aeb070d90aa,"canonical hex polygon INTERSECT canonical OSM land component, unioned inside the hex (overlap-safe)",v1_sha1_hexid_pipe_subjectid
lfr_ee07b9b257a1d4,h6000_q-001365_r+001879,hsub_iceland_main_island,OCEAN,False,0.576024579,0.107982,28c462e741b167c6925ab3a522e97a6f8fc8121472dd2db0d1fa934dbc4b905c,"canonical hex polygon INTERSECT canonical OSM land component, unioned inside the hex (overlap-safe)",v1_sha1_hexid_pipe_subjectid
lfr_38c0e3c16781ca,h6000_q-001363_r+001879,hsub_iceland_main_island,OCEAN,False,0.491594774,0.091836,48ae4239fe006313689746f1bf9ee40a7181ba8ac6f74bee9f9d76b429feee99,"canonical hex polygon INTERSECT canonical OSM land component, unioned inside the hex (overlap-safe)",v1_sha1_hexid_pipe_subjectid
lfr_e45fb16f2e6320,h6000_q-001361_r+001879,hsub_iceland_main_island,OCEAN,False,1.402284579,0.262113,2c1f9b651741125b7347ec4f8172b1e92a2b62cd080df2736c3e01dbe73e0cad,"canonical hex polygon INTERSECT canonical OSM land component, unioned inside the hex (overlap-safe)",v1_sha1_hexid_pipe_subjectid
lfr_11f446f521439c,h6000_q-001357_r+001879,hsub_iceland_main_island,OCEAN,False,1.910835523,0.360356,699a91b7619c03125e051988794c8b7e4f92327385c61c46620f6ecb12363eb9,"canonical hex polygon INTERSECT canonical OSM land component, unioned inside the hex (overlap-safe)",v1_sha1_hexid_pipe_subjectid
lfr_eedd73ff4ccd03,h6000_q-001337_r+001879,hsub_iceland_main_island,OCEAN,False,1.063833059,0.198801,1cb658fcd670b36a82ddfba20b796075efdfa682fcdb10751834eb57572e18ba,"canonical hex polygon INTERSECT canonical OSM land component, unioned inside the hex (overlap-safe)",v1_sha1_hexid_pipe_subjectid
lfr_e82f0586e73fbb,h6000_q-001328_r+001879,hsub_iceland_main_island,OCEAN,False,1.570631483,0.29344,4ed5394dc4e98cefcb62e0caa9ad133aa78cad00a4724c4d2cfcaf6ca52b192c,"canonical hex polygon INTERSECT canonical OSM land component, unioned inside the hex (overlap-safe)",v1_sha1_hexid_pipe_subjectid
lfr_72e6de735d22d1,h6000_q-001392_r+001880,hsub_iceland_main_island,OCEAN,False,2.546367363,0.476509,5146218b0a5b357e0ab8d081718558fe4f8c6e4eb32fbb70f6f27d05074e5505,"canonical hex polygon INTERSECT canonical OSM land component, unioned inside the hex (overlap-safe)",v1_sha1_hexid_pipe_subjectid
lfr_ff125b42d3d9b8,h6000_q-001386_r+001880,hsub_iceland_main_island,OCEAN,False,0.489783202,0.091698,d313a17cd6b7d11507f0397051a67fba05639dba9137df1bc59b46bf1fb7ccbe,"canonical hex polygon INTERSECT canonical OSM land component, unioned inside the hex (overlap-safe)",v1_sha1_hexid_pipe_subjectid
lfr_945e1391a4436f,h6000_q-001363_r+001880,hsub_iceland_main_island,OCEAN,False,1.062820242,0.204076,6ee660382f95ee7d468b166b52d4d0ba7642d69d6a1bb4f851a0ca16a6e61167,"canonical hex polygon INTERSECT canonical OSM land component, unioned inside the hex (overlap-safe)",v1_sha1_hexid_pipe_subjectid
lfr_b1235f15ceb657,h6000_q-001362_r+001880,hsub_iceland_main_island,OCEAN,False,1.117782749,0.209168,347aef748edefd3b7fc8dc9996468f85376e6f73d2172eccb2d41d4687977240,"canonical hex polygon INTERSECT canonical OSM land component, unioned inside the hex (overlap-safe)",v1_sha1_hexid_pipe_subjectid
lfr_567214305bf1ea,h6000_q-001358_r+001880,hsub_iceland_main_island,OCEAN,False,1.952234226,0.365366,845b90de1cdbc5a9c888e6bd46eedebfca48ff5d0c88a18ce08893890bd2ed92,"canonical hex polygon INTERSECT canonical OSM land component, unioned inside the hex (overlap-safe)",v1_sha1_hexid_pipe_subjectid
lfr_f1da9cdbfbe83a,h6000_q-001337_r+001880,hsub_iceland_main_island,OCEAN,False,1.243138683,0.234165,b4252d6a8297e2c27c2c5b37a54de9d6ae098d049e40140c64f72412c9b29dda,"canonical hex polygon INTERSECT canonical OSM land component, unioned inside the hex (overlap-safe)",v1_sha1_hexid_pipe_subjectid
lfr_f0f9dbc8d2a93d,h6000_q-001336_r+001880,hsub_iceland_main_island,OCEAN,False,1.673348606,0.32882,b47519f44dbf4f0a3ae9b32ca479560e4fb19a6bea6905ea019e8c777c555611,"canonical hex polygon INTERSECT canonical OSM land component, unioned inside the hex (overlap-safe)",v1_sha1_hexid_pipe_subjectid
lfr_ae7ff5859eed13,h6000_q-001335_r+001880,hsub_iceland_main_island,OCEAN,False,0.377124877,0.070547,6971a5d7940aecbdaa40ad3d2adf854640802c12dd97c9d796bcaa0a2de35dda,"canonical hex polygon INTERSECT canonical OSM land component, unioned inside the hex (overlap-safe)",v1_sha1_hexid_pipe_subjectid
lfr_ea299d08950e0b,h6000_q-001328_r+001880,hsub_iceland_main_island,OCEAN,False,0.96283092,0.180413,223fffd51f930de30d52ea4452405f406fc804c70c2952b3b760445eedd75702,"canonical hex polygon INTERSECT canonical OSM land component, unioned inside the hex (overlap-safe)",v1_sha1_hexid_pipe_subjectid
lfr_631533d1727530,h6000_q-001322_r+001880,hsub_iceland_main_island,OCEAN,False,0.950836663,0.17786,2d7279d44071ac4168ee5926b7694c7bcc70f2e565d2e2ea6fc7cd20e8499880,"canonical hex polygon INTERSECT canonical OSM land component, unioned inside the hex (overlap-safe)",v1_sha1_hexid_pipe_subjectid
lfr_ef93332db6a544,h6000_q-001321_r+001880,hsub_iceland_main_island,OCEAN,False,0.573220941,0.10721,624c681af371230578a2115fb12fcae4ace070aa82a67e1ac3b0a2a65d825e27,"canonical hex polygon INTERSECT canonical OSM land component, unioned inside the hex (overlap-safe)",v1_sha1_hexid_pipe_subjectid
lfr_834e82071ac254,h6000_q-001320_r+001880,hsub_iceland_main_island,OCEAN,False,1.323662782,0.247606,fb004a7797844aacf32c169318ebe9d108c8b33345042266d57dcfec87c0804e,"canonical hex polygon INTERSECT canonical OSM land component, unioned inside the hex (overlap-safe)",v1_sha1_hexid_pipe_subjectid
lfr_009f92e0d3b374,h6000_q-001392_r+001881,hsub_iceland_main_island,OCEAN,False,1.806741726,0.338561,40c4099e83cdef92a9be1b4473bb426bfd17c0fd3dff36155cb9dcfcfaff72f8,"canonical hex polygon INTERSECT canonical OSM land component, unioned inside the hex (overlap-safe)",v1_sha1_hexid_pipe_subjectid
lfr_5ed27cdd619832,h6000_q-001389_r+001881,hsub_iceland_main_island,OCEAN,False,0.599400411,0.112286,84bbfa220465e0f3cf2251da68f26bb0f4999a83b128185c6890011e5cc0a5c6,"canonical hex polygon INTERSECT canonical OSM land component, unioned inside the hex (overlap-safe)",v1_sha1_hexid_pipe_subjectid
lfr_17a6315fd7cd38,h6000_q-001387_r+001881,hsub_iceland_main_island,OCEAN,False,0.749372739,0.140502,2445c270503e7ad27efd904bae3b3136d1d746a3328978cf7cd8cfeeaceb2894,"canonical hex polygon INTERSECT canonical OSM land component, unioned inside the hex (overlap-safe)",v1_sha1_hexid_pipe_subjectid
lfr_a776eb8cb49dc0,h6000_q-001383_r+001881,hsub_iceland_main_island,OCEAN,False,2.593583802,0.486073,67d687ab41ed119610d93b6eeaf22aa4a62b4f58c0f5bd14ac177f78422040b7,"canonical hex polygon INTERSECT canonical OSM land component, unioned inside the hex (overlap-safe)",v1_sha1_hexid_pipe_subjectid
lfr_ba01457e99c05d,h6000_q-001377_r+001881,hsub_iceland_main_island,OCEAN,False,1.766167728,0.330978,aa254bb163a5dfa1b4413368a2eb8ba6d1694663e198d70a13de019d2a23e22d,"canonical hex polygon INTERSECT canonical OSM land component, unioned inside the hex (overlap-safe)",v1_sha1_hexid_pipe_subjectid
lfr_e1f3d2d970e82e,h6000_q-001337_r+001881,hsub_iceland_main_island,OCEAN,False,0.247243855,0.047466,94075d447b26531599645d2438a566e04e6356856865fb8df0bb726b25bf5a55,"canonical hex polygon INTERSECT canonical OSM land component, unioned inside the hex (overlap-safe)",v1_sha1_hexid_pipe_subjectid
lfr_277da3d009e0a4,h6000_q-001328_r+001881,hsub_iceland_main_island,OCEAN,False,0.021757738,0.004534,ab113e322055a67c450a4ebb098700dbf4a4b690005c66d12d2adb3ea6ebf80a,"canonical hex polygon INTERSECT canonical OSM land component, unioned inside the hex (overlap-safe)",v1_sha1_hexid_pipe_subjectid
lfr_fdb1608f44b205,h6000_q-001323_r+001881,hsub_iceland_main_island,OCEAN,False,1.120617365,0.210049,5fc386ca3ba164915d2456e524817c37a31631c39c45c4ddd48a9dee5c97b937,"canonical hex polygon INTERSECT canonical OSM land component, unioned inside the hex (overlap-safe)",v1_sha1_hexid_pipe_subjectid
lfr_1a45a61baefa97,h6000_q-001318_r+001881,hsub_iceland_main_island,OCEAN,False,1.843114311,0.345335,a69e9c2f1c2afa2f9d16e2aab389910411bd62354c6ce3f5b1b77c072a35b939,"canonical hex polygon INTERSECT canonical OSM land component, unioned inside the hex (overlap-safe)",v1_sha1_hexid_pipe_subjectid
lfr_cae2f5412acbf7,h6000_q-001392_r+001882,hsub_iceland_main_island,OCEAN,False,1.941230618,0.364246,f392604ff8c160061f47d039daab1691df7628dd4cae5641345bd9bd62aa3ff0,"canonical hex polygon INTERSECT canonical OSM land component, unioned inside the hex (overlap-safe)",v1_sha1_hexid_pipe_subjectid
lfr_b799151f77b0c6,h6000_q-001391_r+001882,hsub_iceland_main_island,OCEAN,False,0.099195463,0.018618,e66fd74602ccb3d594fe43b619dce6668f9317239e2262161819666b0c670e61,"canonical hex polygon INTERSECT canonical OSM land component, unioned inside the hex (overlap-safe)",v1_sha1_hexid_pipe_subjectid
lfr_3a193787336b63,h6000_q-001388_r+001882,hsub_iceland_main_island,OCEAN,False,0.739619849,0.138863,2ead93b091141128bcf17f1884b49498f457d1b68029baa2a98c1015c796c5dc,"canonical hex polygon INTERSECT canonical OSM land component, unioned inside the hex (overlap-safe)",v1_sha1_hexid_pipe_subjectid
lfr_7617b980efb86c,h6000_q-001385_r+001882,hsub_iceland_main_island,OCEAN,False,1.921764353,0.360602,e175e2be1e31163b8922f2301b3a7052c488ab8c7987373d6c0bbd456b979d21,"canonical hex polygon INTERSECT canonical OSM land component, unioned inside the hex (overlap-safe)",v1_sha1_hexid_pipe_subjectid
lfr_d10372a40d9d1a,h6000_q-001384_r+001882,hsub_iceland_main_island,OCEAN,False,2.525093328,0.474097,779cd7bf97f40b9e3a574861e76a1ee82d542f67e55ae2fccc44a26dc00c7de2,"canonical hex polygon INTERSECT canonical OSM land component, unioned inside the hex (overlap-safe)",v1_sha1_hexid_pipe_subjectid
lfr_e32eb5418317ab,h6000_q-001377_r+001882,hsub_iceland_main_island,OCEAN,False,0.433597261,0.081336,670a38f919e864f6249682b8a6cb33583615d306104c9287f55521f9421e6bb5,"canonical hex polygon INTERSECT canonical OSM land component, unioned inside the hex (overlap-safe)",v1_sha1_hexid_pipe_subjectid
lfr_d9e9b231c49339,h6000_q-001376_r+001882,hsub_iceland_main_island,OCEAN,False,1.47345105,0.276469,d059492dcf8c815c98dedbe0ea1265a98d82dc1fe0bd9c540918612fb65630c6,"canonical hex polygon INTERSECT canonical OSM land component, unioned inside the hex (overlap-safe)",v1_sha1_hexid_pipe_subjectid
lfr_cb4fa2a4b64329,h6000_q-001341_r+001882,hsub_iceland_main_island,OCEAN,False,2.426247606,0.455265,eaf77234cc4b377087efa065f75927114234ed3cfcf8c696f4b46589ea954929,"canonical hex polygon INTERSECT canonical OSM land component, unioned inside the hex (overlap-safe)",v1_sha1_hexid_pipe_subjectid
lfr_e23e0e236d5bee,h6000_q-001339_r+001882,hsub_iceland_main_island,OCEAN,False,2.47766237,0.46493,025216221eb4e343f1c2221d34b3d2392c49a0e815103973efaada8ecdb4ea43,"canonical hex polygon INTERSECT canonical OSM land component, unioned inside the hex (overlap-safe)",v1_sha1_hexid_pipe_subjectid
lfr_6b20a73377ec30,h6000_q-001338_r+001882,hsub_iceland_main_island,OCEAN,False,0.290451844,0.054497,1eb48f5023d2b296e3b9b445393764e76dcef952e0b6504b17f5ff9324f7628a,"canonical hex polygon INTERSECT canonical OSM land component, unioned inside the hex (overlap-safe)",v1_sha1_hexid_pipe_subjectid
lfr_271dd408be50e6,h6000_q-001327_r+001882,hsub_iceland_main_island,OCEAN,False,1.611092112,0.302316,e58ed2d285b9ea671aaeacbafcca249e4552d5cdd5b8331c46fe48ffd5d9f6ea,"canonical hex polygon INTERSECT canonical OSM land component, unioned inside the hex (overlap-safe)",v1_sha1_hexid_pipe_subjectid
lfr_87ddccc0484e78,h6000_q-001318_r+001882,hsub_iceland_main_island,OCEAN,False,2.100685768,0.39427,7a4754f8a5ee66ee145806eb71798272a49906d8cb958b830af55a544a581460,"canonical hex polygon INTERSECT canonical OSM land component, unioned inside the hex (overlap-safe)",v1_sha1_hexid_pipe_subjectid
lfr_e7f76a3bdddf98,h6000_q-001388_r+001883,hsub_iceland_main_island,OCEAN,False,0.229218589,0.043057,0d57ecdab9f020250c88caf87184e458eb1d1d71547eaf97ba64fce2fc4da14d,"canonical hex polygon INTERSECT canonical OSM land component, unioned inside the hex (overlap-safe)",v1_sha1_hexid_pipe_subjectid
lfr_99f4648a8fd3d0,h6000_q-001386_r+001883,hsub_iceland_main_island,OCEAN,False,1.01077959,0.190096,ad6464765ad292029658896cc3ef52280484d83622bfb4a46720330f05385123,"canonical hex polygon INTERSECT canonical OSM land component, unioned inside the hex (overlap-safe)",v1_sha1_hexid_pipe_subjectid
lfr_1b404c6926489e,h6000_q-001378_r+001883,hsub_iceland_main_island,OCEAN,False,0.175931891,0.033062,b3e9dd644713611673f6f53ed64638fa86686e1646ef00754d5ad28271957f0e,"canonical hex polygon INTERSECT canonical OSM land component, unioned inside the hex (overlap-safe)",v1_sha1_hexid_pipe_subjectid
lfr_b962a1a1490638,h6000_q-001376_r+001883,hsub_iceland_main_island,OCEAN,False,0.525669295,0.098774,839568a3b50416872efe128cbafd569c5a965ed92d1a816240312cdc6a9ce182,"canonical hex polygon INTERSECT canonical OSM land component, unioned inside the hex (overlap-safe)",v1_sha1_hexid_pipe_subjectid
lfr_1ddf1f0bb1fa77,h6000_q-001375_r+001883,hsub_iceland_main_island,OCEAN,False,2.549398298,0.479106,797f955507a7357a01009711cd3ab8b4ada3a22e49c1d6593bf258f2874dfd99,"canonical hex polygon INTERSECT canonical OSM land component, unioned inside the hex (overlap-safe)",v1_sha1_hexid_pipe_subjectid
lfr_f12f5a801a6867,h6000_q-001343_r+001883,hsub_iceland_main_island,OCEAN,False,1.185964139,0.227556,b7188e3bdca20f6ec2246a1ffe41d81fff3130a437fe00a02627361dafb644b3,"canonical hex polygon INTERSECT canonical OSM land component, unioned inside the hex (overlap-safe)",v1_sha1_hexid_pipe_subjectid
lfr_1b6fe67ba4f9ad,h6000_q-001327_r+001883,hsub_iceland_main_island,OCEAN,False,1.04953327,0.197243,9ccfba989cdb731007c4e9b6db47f599c13ae62c6692d30b72e4ea60f46df06d,"canonical hex polygon INTERSECT canonical OSM land component, unioned inside the hex (overlap-safe)",v1_sha1_hexid_pipe_subjectid
lfr_2cae61cd370903,h6000_q-001324_r+001883,hsub_iceland_main_island,OCEAN,False,0.795055176,0.14947,5840bbb7d84124e2591e6bbcaf60f809aba7ae4d49ca4ac5a68725d9fadef218,"canonical hex polygon INTERSECT canonical OSM land component, unioned inside the hex (overlap-safe)",v1_sha1_hexid_pipe_subjectid
lfr_5551edb892072d,h6000_q-001388_r+001884,hsub_iceland_main_island,OCEAN,False,1.017435872,0.191628,d422ec101cfb8e8f997dbe1ba6d79cdddaccf9a75f2285e1e952095fb5eb7f91,"canonical hex polygon INTERSECT canonical OSM land component, unioned inside the hex (overlap-safe)",v1_sha1_hexid_pipe_subjectid
lfr_f7d00c41537c58,h6000_q-001379_r+001884,hsub_iceland_main_island,OCEAN,False,0.648049698,0.121976,041d558574aa0c54499e49928ac06c77dd44edea9d98168b1237536cd3e4fa81,"canonical hex polygon INTERSECT canonical OSM land component, unioned inside the hex (overlap-safe)",v1_sha1_hexid_pipe_subjectid
lfr_262acb92b70406,h6000_q-001378_r+001884,hsub_iceland_main_island,OCEAN,False,0.06447419,0.012144,7dd4c9407d7bffdc217b8c73f5098ed82f0acbfd379dd498406e0d161482b3f2,"canonical hex polygon INTERSECT canonical OSM land component, unioned inside the hex (overlap-safe)",v1_sha1_hexid_pipe_subjectid
lfr_ca48848e0556db,h6000_q-001377_r+001884,hsub_iceland_main_island,OCEAN,False,2.488449695,0.468628,b2de7e69b8de7a3a3619abee0b6ca9ef408e9398bf129d7793f8a3b1e57e9aed,"canonical hex polygon INTERSECT canonical OSM land component, unioned inside the hex (overlap-safe)",v1_sha1_hexid_pipe_subjectid
lfr_f3e2cab77f1ccd,h6000_q-001344_r+001884,hsub_iceland_main_island,OCEAN,False,2.579988893,0.486136,53e2eb52230395d9113c86da1ee27210ffa3ab62e933178af7a50752a1e58ce0,"canonical hex polygon INTERSECT canonical OSM land component, unioned inside the hex (overlap-safe)",v1_sha1_hexid_pipe_subjectid
lfr_c12fc51e59abec,h6000_q-001341_r+001884,hsub_iceland_main_island,OCEAN,False,0.029470468,0.00574,e5e8c14da977080499732bb3c11d5aabc34299bbd4944a4026ce92b022e44753,"canonical hex polygon INTERSECT canonical OSM land component, unioned inside the hex (overlap-safe)",v1_sha1_hexid_pipe_subjectid
lfr_fdef1b5504f7ea,h6000_q-001340_r+001884,hsub_iceland_main_island,OCEAN,False,0.332873934,0.062712,39b8535bac21500245857d884aff2a6077fe2cfebc71ca46f991471c79c22aee,"canonical hex polygon INTERSECT canonical OSM land component, unioned inside the hex (overlap-safe)",v1_sha1_hexid_pipe_subjectid
lfr_7b25c2526c7ca9,h6000_q-001327_r+001884,hsub_iceland_main_island,OCEAN,False,0.0386456,0.007272,3a76f3708b6371b1fe9f8162709647d601756722365426c7d72c01f647302838,"canonical hex polygon INTERSECT canonical OSM land component, unioned inside the hex (overlap-safe)",v1_sha1_hexid_pipe_subjectid
lfr_54875a15f6d98c,h6000_q-001325_r+001884,hsub_iceland_main_island,OCEAN,False,1.999437589,0.376316,ab80b3bb519a03e5e970a9473f099528263e8964edb3e3b8e1c2bb6173383b2d,"canonical hex polygon INTERSECT canonical OSM land component, unioned inside the hex (overlap-safe)",v1_sha1_hexid_pipe_subjectid
lfr_a4082e2dfb5374,h6000_q-001319_r+001884,hsub_iceland_main_island,OCEAN,False,0.441555454,0.083139,b88e288498b07a15dd46af9c03d22db5e6934093176f7d5ee4e2c371d742e0b5,"canonical hex polygon INTERSECT canonical OSM land component, unioned inside the hex (overlap-safe)",v1_sha1_hexid_pipe_subjectid
lfr_6dee1ee19e5b43,h6000_q-001277_r+001884,hsub_iceland_main_island,OCEAN,False,2.195948354,0.41344,18f5f250574b42acb3076662f46284794e6d746b6e87ff37455f0d9c435f2992,"canonical hex polygon INTERSECT canonical OSM land component, unioned inside the hex (overlap-safe)",v1_sha1_hexid_pipe_subjectid
lfr_a950f02c6abd47,h6000_q-001389_r+001885,hsub_iceland_main_island,OCEAN,False,1.97861895,0.373125,4d569df9644fc24a6ddfc2911b9cb30e5734e59427d34b2685020334b58c6af9,"canonical hex polygon INTERSECT canonical OSM land component, unioned inside the hex (overlap-safe)",v1_sha1_hexid_pipe_subjectid
lfr_0cb1e72297820a,h6000_q-001380_r+001885,hsub_iceland_main_island,OCEAN,False,0.31049503,0.058522,8af53daaac8b66f006bf5d31cc8719acdca289e4fbb88055823df715634841d3,"canonical hex polygon INTERSECT canonical OSM land component, unioned inside the hex (overlap-safe)",v1_sha1_hexid_pipe_subjectid
lfr_1abfa2ab46d049,h6000_q-001379_r+001885,hsub_iceland_main_island,OCEAN,False,0.542707221,0.102361,128359b3d099f46758d411c04942206d5dc29a5a5945aad70943a0c98cbe34fc,"canonical hex polygon INTERSECT canonical OSM land component, unioned inside the hex (overlap-safe)",v1_sha1_hexid_pipe_subjectid
lfr_b437d1890b7cf4,h6000_q-001344_r+001885,hsub_iceland_main_island,OCEAN,False,0.001337977,0.000252,ea088f35f28d74366d951bdb546289e2d626ae183bc42edfef56ab579e414e7d,"canonical hex polygon INTERSECT canonical OSM land component, unioned inside the hex (overlap-safe)",v1_sha1_hexid_pipe_subjectid
lfr_86ab924afcfa9e,h6000_q-001343_r+001885,hsub_iceland_main_island,OCEAN,False,2.145292058,0.405225,3db4120229b13494b7fc7d14f39a905a6b7c9562710af52cd64d0c2616f1dd13,"canonical hex polygon INTERSECT canonical OSM land component, unioned inside the hex (overlap-safe)",v1_sha1_hexid_pipe_subjectid
lfr_caaf2cec15f42e,h6000_q-001326_r+001885,hsub_iceland_main_island,OCEAN,False,0.060981869,0.011488,fb9c0836040e6b886c58635af37bfc8935f5abcdedf11911d608b6697d9fad0e,"canonical hex polygon INTERSECT canonical OSM land component, unioned inside the hex (overlap-safe)",v1_sha1_hexid_pipe_subjectid
lfr_0c6d7f97a3581a,h6000_q-001319_r+001885,hsub_iceland_main_island,OCEAN,False,2.337228419,0.440602,d4c07b3a147934a1c2912f4d53fedd7c953fc12aa703d75fa79ac7d99e94fde7,"canonical hex polygon INTERSECT canonical OSM land component, unioned inside the hex (overlap-safe)",v1_sha1_hexid_pipe_subjectid
lfr_51ed6ce530a014,h6000_q-001278_r+001885,hsub_iceland_main_island,OCEAN,False,1.521177136,0.286742,43c3e4fbc4d92eefb858afaccf62d297140778c787002e50c12e3a010a7fda17,"canonical hex polygon INTERSECT canonical OSM land component, unioned inside the hex (overlap-safe)",v1_sha1_hexid_pipe_subjectid
lfr_6464d3dedccfd8,h6000_q-001390_r+001886,hsub_iceland_main_island,OCEAN,False,1.1457385,0.216379,c3ef8e4c55bc81fc32dd5794310ddc306a3eb68cf919b46033fd0bd1e0ca6bb0,"canonical hex polygon INTERSECT canonical OSM land component, unioned inside the hex (overlap-safe)",v1_sha1_hexid_pipe_subjectid
lfr_e434223d1201df,h6000_q-001382_r+001886,hsub_iceland_main_island,OCEAN,False,0.677358773,0.12783,507fd55b218d99b9a8bb598aafb78280533fc77c5b24f2a25ca2aee45898754b,"canonical hex polygon INTERSECT canonical OSM land component, unioned inside the hex (overlap-safe)",v1_sha1_hexid_pipe_subjectid
lfr_2e0df254df7a66,h6000_q-001380_r+001886,hsub_iceland_main_island,OCEAN,False,0.112535808,0.021252,507e127cd8c961b2f40b04b01c602b690cdbf0bc571f5239698cf3ab8f6852af,"canonical hex polygon INTERSECT canonical OSM land component, unioned inside the hex (overlap-safe)",v1_sha1_hexid_pipe_subjectid
lfr_7e3713b61dad26,h6000_q-001345_r+001886,hsub_iceland_main_island,OCEAN,False,2.600744975,0.491034,6fd7422490e5903f8af0d81ed37a423cdbfa451baf32f26cc3b55791870bb9a7,"canonical hex polygon INTERSECT canonical OSM land component, unioned inside the hex (overlap-safe)",v1_sha1_hexid_pipe_subjectid
lfr_b50ab5f38f7337,h6000_q-001279_r+001886,hsub_iceland_main_island,OCEAN,False,0.603873789,0.113996,5faf0da1fe7f3c7045a424710e711032fa4a3b97b06d362447aa104df1d5336c,"canonical hex polygon INTERSECT canonical OSM land component, unioned inside the hex (overlap-safe)",v1_sha1_hexid_pipe_subjectid
lfr_1b2748f131b00f,h6000_q-001391_r+001887,hsub_iceland_main_island,OCEAN,False,0.341857418,0.064658,1bdfe8fef169c45d731decf73c17c5032d1583f25fd9c91b03fa3f3b82247c74,"canonical hex polygon INTERSECT canonical OSM land component, unioned inside the hex (overlap-safe)",v1_sha1_hexid_pipe_subjectid
lfr_1d47e8c99c7ef4,h6000_q-001384_r+001887,hsub_iceland_main_island,OCEAN,False,0.171185985,0.032359,32dd6dc8b1ad5dafc60f8bef72b2519dd80d9358625ef6b4268138dc5380221a,"canonical hex polygon INTERSECT canonical OSM land component, unioned inside the hex (overlap-safe)",v1_sha1_hexid_pipe_subjectid
lfr_181c3c39080d20,h6000_q-001379_r+001887,hsub_iceland_main_island,OCEAN,False,0.317437135,0.059987,1e44c5585d07a8861c3735101aabdd7eab08cadda86f928fdd8c85d2ae42e582,"canonical hex polygon INTERSECT canonical OSM land component, unioned inside the hex (overlap-safe)",v1_sha1_hexid_pipe_subjectid
lfr_74ac726374ed70,h6000_q-001378_r+001887,hsub_iceland_main_island,OCEAN,False,0.304305077,0.057514,ff1afd825a0dd6dc48d1a253ad82531b8cddb23a6c3cc6b9e65e2b3dd96af700,"canonical hex polygon INTERSECT canonical OSM land component, unioned inside the hex (overlap-safe)",v1_sha1_hexid_pipe_subjectid
lfr_1e99f06158afb9,h6000_q-001377_r+001887,hsub_iceland_main_island,OCEAN,False,1.237363073,0.233884,9fca7cc00df63cc347960d20d72fb00697c718a14a3701b31e4b749a8d3b5dd7,"canonical hex polygon INTERSECT canonical OSM land component, unioned inside the hex (overlap-safe)",v1_sha1_hexid_pipe_subjectid
lfr_f59d6db6ea1f09,h6000_q-001339_r+001887,hsub_iceland_main_island,OCEAN,False,0.224763878,0.042514,23835bc253ac96eba57784f0642af48c3d60bc20042242052536b9811fb2b6c1,"canonical hex polygon INTERSECT canonical OSM land component, unioned inside the hex (overlap-safe)",v1_sha1_hexid_pipe_subjectid
lfr_5103111352ff67,h6000_q-001320_r+001887,hsub_iceland_main_island,OCEAN,False,0.038481078,0.007274,ae3f2da358ae67347b65d056905570a3997277809608ade3195e498cd39ec88d,"canonical hex polygon INTERSECT canonical OSM land component, unioned inside the hex (overlap-safe)",v1_sha1_hexid_pipe_subjectid
lfr_68f622d8e2b6ec,h6000_q-001280_r+001887,hsub_iceland_main_island,OCEAN,False,0.512753451,0.096968,2b300b9aa0b4e0b5228c9deafcf90f010569374ffe2f6a827e875eab5d494e73,"canonical hex polygon INTERSECT canonical OSM land component, unioned inside the hex (overlap-safe)",v1_sha1_hexid_pipe_subjectid
lfr_4b98393be1f3bc,h6000_q-001386_r+001888,hsub_iceland_main_island,OCEAN,False,0.357044605,0.067595,9a7ea9669fff23ee8d2886147da574cfef1504add1b620614bfde9556024f5e2,"canonical hex polygon INTERSECT canonical OSM land component, unioned inside the hex (overlap-safe)",v1_sha1_hexid_pipe_subjectid
lfr_b736a96f545117,h6000_q-001382_r+001888,hsub_iceland_main_island,OCEAN,False,0.442710153,0.083887,7ff03b8c5ef2db11c1effed81c659e4692b75d82e6939640e5a046be671d586c,"canonical hex polygon INTERSECT canonical OSM land component, unioned inside the hex (overlap-safe)",v1_sha1_hexid_pipe_subjectid
lfr_41129c4dc1fcbb,h6000_q-001381_r+001888,hsub_iceland_main_island,OCEAN,False,1.974252706,0.374036,092c556bc713469126079776f8886e22fec3abe7deb84d4358c39076c8305f04,"canonical hex polygon INTERSECT canonical OSM land component, unioned inside the hex (overlap-safe)",v1_sha1_hexid_pipe_subjectid
lfr_1087bc417f332a,h6000_q-001380_r+001888,hsub_iceland_main_island,OCEAN,False,1.857265692,0.351879,5c52844abfe3d9625db2aa4bbb55ebc920b634a4746d14e3f51ce5696cabdbb4,"canonical hex polygon INTERSECT canonical OSM land component, unioned inside the hex (overlap-safe)",v1_sha1_hexid_pipe_subjectid
lfr_6446937e37cd29,h6000_q-001379_r+001888,hsub_iceland_main_island,OCEAN,False,2.092043385,0.396355,26853aac1378730f813f9898aded148de9ec0a1c6baa7971874d899adfcde7ff,"canonical hex polygon INTERSECT canonical OSM land component, unioned inside the hex (overlap-safe)",v1_sha1_hexid_pipe_subjectid
lfr_1d554c132fcf0d,h6000_q-001378_r+001888,hsub_iceland_main_island,OCEAN,False,2.177882852,0.412613,215183064c066937d98f197fe41758fcfa94995c75a1d8732f3a8b774eb67dbf,"canonical hex polygon INTERSECT canonical OSM land component, unioned inside the hex (overlap-safe)",v1_sha1_hexid_pipe_subjectid
lfr_e8c73671021cb9,h6000_q-001377_r+001888,hsub_iceland_main_island,OCEAN,False,0.698929393,0.132438,27ca02599a0a1c3eb2da7154688b280c2f548f5befec5e80f094df89c73a0a49,"canonical hex polygon INTERSECT canonical OSM land component, unioned inside the hex (overlap-safe)",v1_sha1_hexid_pipe_subjectid
lfr_a2f11ecabc4b08,h6000_q-001376_r+001888,hsub_iceland_main_island,OCEAN,False,0.47737841,0.090466,61d4db706cabf3a340f19812bcca23758da6e48247e10b86d0ce47eafa0787aa,"canonical hex polygon INTERSECT canonical OSM land component, unioned inside the hex (overlap-safe)",v1_sha1_hexid_pipe_subjectid
lfr_3b9f955f20a08b,h6000_q-001375_r+001888,hsub_iceland_main_island,OCEAN,False,1.999850287,0.378738,44ca1b6b7e7ecae45daca4c9beebeeda9c3b54a642d1cc28f2ee23cadb3ab875,"canonical hex polygon INTERSECT canonical OSM land component, unioned inside the hex (overlap-safe)",v1_sha1_hexid_pipe_subjectid
lfr_d76da335ab10f9,h6000_q-001347_r+001888,hsub_iceland_main_island,OCEAN,False,2.040471816,0.386301,d51feabb61f47da2d0330d77281b5a30f2da70366b6bda1a4beaef8851a3007a,"canonical hex polygon INTERSECT canonical OSM land component, unioned inside the hex (overlap-safe)",v1_sha1_hexid_pipe_subjectid
lfr_f7e11ab65118b5,h6000_q-001340_r+001888,hsub_iceland_main_island,OCEAN,False,0.143387759,0.027137,c4241e1b4b6a5c1546c3e52db190c1985d5b6f8891d92228b7fcfd5a6f764774,"canonical hex polygon INTERSECT canonical OSM land component, unioned inside the hex (overlap-safe)",v1_sha1_hexid_pipe_subjectid
lfr_1c6706c14913ec,h6000_q-001308_r+001888,hsub_iceland_main_island,OCEAN,False,0.134306612,0.025429,1fe317727acb488047693d9edfc8da9933025ec2e9e62baef4864475e842c457,"canonical hex polygon INTERSECT canonical OSM land component, unioned inside the hex (overlap-safe)",v1_sha1_hexid_pipe_subjectid
lfr_d1fe9c03d601ae,h6000_q-001307_r+001888,hsub_iceland_main_island,OCEAN,False,1.484044869,0.281019,59f0d4daeee5070cbc396905bb7eda06eba969fa35909b66c74ca2187c32d79e,"canonical hex polygon INTERSECT canonical OSM land component, unioned inside the hex (overlap-safe)",v1_sha1_hexid_pipe_subjectid
lfr_30ccd69814965b,h6000_q-001306_r+001888,hsub_iceland_main_island,OCEAN,False,2.371574593,0.449057,ec6550ba111db805e9a9227c0ff226a7a3043bafc498963872626bb92a1f2cb3,"canonical hex polygon INTERSECT canonical OSM land component, unioned inside the hex (overlap-safe)",v1_sha1_hexid_pipe_subjectid
lfr_dd19cc1d8d09e2,h6000_q-001280_r+001888,hsub_iceland_main_island,OCEAN,False,0.539432078,0.102155,9ea99e222fdf90ce97b3ecd0a6cfa952be90dd1db10970b6f889e5fb74e7fb3c,"canonical hex polygon INTERSECT canonical OSM land component, unioned inside the hex (overlap-safe)",v1_sha1_hexid_pipe_subjectid
lfr_f7c7d204445fc0,h6000_q-001392_r+001889,hsub_iceland_main_island,OCEAN,False,2.221864314,0.422229,0fb3add48613158d88dff3e29b84bbdc8a31390eba4fd9ea29e7bcadf811620e,"canonical hex polygon INTERSECT canonical OSM land component, unioned inside the hex (overlap-safe)",v1_sha1_hexid_pipe_subjectid
lfr_5ea5e450ad8c84,h6000_q-001388_r+001889,hsub_iceland_main_island,OCEAN,False,0.22554099,0.042758,d5a3f38d217a1c8352c24c9dbbef870df4b264aabd41446b430f8e740a6be195,"canonical hex polygon INTERSECT canonical OSM land component, unioned inside the hex (overlap-safe)",v1_sha1_hexid_pipe_subjectid
lfr_ffec207eccfc8c,h6000_q-001385_r+001889,hsub_iceland_main_island,OCEAN,False,0.002953059,0.00056,b86420a05108b8aff866ece8ce419cd3599f9a80fcf6469749a372411b93f2a3,"canonical hex polygon INTERSECT canonical OSM land component, unioned inside the hex (overlap-safe)",v1_sha1_hexid_pipe_subjectid
lfr_71303f05e9f3d4,h6000_q-001384_r+001889,hsub_iceland_main_island,OCEAN,False,1.889504567,0.358517,7f79779ca790433935030cbc31b691ef6107ba073231a1941b26a70407f19a83,"canonical hex polygon INTERSECT canonical OSM land component, unioned inside the hex (overlap-safe)",v1_sha1_hexid_pipe_subjectid
lfr_76a71b9c111257,h6000_q-001375_r+001889,hsub_iceland_main_island,OCEAN,False,1.022520134,0.19394,3465ad08d7665827c1471dea597e3736c70f9c7a7b951695d344404b311cfb42,"canonical hex polygon INTERSECT canonical OSM land component, unioned inside the hex (overlap-safe)",v1_sha1_hexid_pipe_subjectid
lfr_43c49d0534956e,h6000_q-001342_r+001889,hsub_iceland_main_island,OCEAN,False,1.834855557,0.370354,8cc068e2e0e37b9341ec67bb2f8380264a9d44ee51b88b7e36253f3feab51254,"canonical hex polygon INTERSECT canonical OSM land component, unioned inside the hex (overlap-safe)",v1_sha1_hexid_pipe_subjectid
lfr_278ee8746c1dd1,h6000_q-001341_r+001889,hsub_iceland_main_island,OCEAN,False,0.556840787,0.10567,2e91a53712a5781286bf6c68e9058eaa5a1dbe6b9d187e31fa4fc32b526d1fab,"canonical hex polygon INTERSECT canonical OSM land component, unioned inside the hex (overlap-safe)",v1_sha1_hexid_pipe_subjectid
lfr_d39443ace116ce,h6000_q-001321_r+001889,hsub_iceland_main_island,OCEAN,False,0.973250721,0.18789,f72c835b0d14d47b1fc69b790f324b8854ec92357aa9dd9360f01d6ec7ce99b1,"canonical hex polygon INTERSECT canonical OSM land component, unioned inside the hex (overlap-safe)",v1_sha1_hexid_pipe_subjectid
lfr_6530f2e9f3a510,h6000_q-001309_r+001889,hsub_iceland_main_island,OCEAN,False,0.733369443,0.139099,7daf79a630c8d5d81863c9eeb6aca4e0c8ee831f8c03f35a8c90268916fb9c6d,"canonical hex polygon INTERSECT canonical OSM land component, unioned inside the hex (overlap-safe)",v1_sha1_hexid_pipe_subjectid
lfr_94560fa9b1b976,h6000_q-001307_r+001889,hsub_iceland_main_island,OCEAN,False,0.516031996,0.097809,262d9bc9b611a40ea88c3df9a28691de0895b96a7e919ea432cf86ebb0bc395f,"canonical hex polygon INTERSECT canonical OSM land component, unioned inside the hex (overlap-safe)",v1_sha1_hexid_pipe_subjectid
lfr_ff9ea08d0211b3,h6000_q-001281_r+001889,hsub_iceland_main_island,OCEAN,False,0.518491226,0.098334,273937087021b621eac9f3073ff06f3b9e39efc1dc70e7bc2e7ee3876d27ea42,"canonical hex polygon INTERSECT canonical OSM land component, unioned inside the hex (overlap-safe)",v1_sha1_hexid_pipe_subjectid
lfr_0e6cb3815f7556,h6000_q-001280_r+001889,hsub_iceland_main_island,OCEAN,False,2.479441757,0.470215,49dbab44152704b14fe77125175582a1286be68ecd86b6c74b1a127cf711ee73,"canonical hex polygon INTERSECT canonical OSM land component, unioned inside the hex (overlap-safe)",v1_sha1_hexid_pipe_subjectid
lfr_294c6f03654ce7,h6000_q-001390_r+001890,hsub_iceland_main_island,OCEAN,False,1.242105312,0.235827,803cd9922be7d1d712317be5807ec18299b70ca801233d3879f9253be46a8fa7,"canonical hex polygon INTERSECT canonical OSM land component, unioned inside the hex (overlap-safe)",v1_sha1_hexid_pipe_subjectid
lfr_ab988b0cdfc8df,h6000_q-001386_r+001890,hsub_iceland_main_island,OCEAN,False,0.501039201,0.095206,0a2ff51956995c7e4d030b92417bde7b80f74c63dc4a16dff5577d341a39bd05,"canonical hex polygon INTERSECT canonical OSM land component, unioned inside the hex (overlap-safe)",v1_sha1_hexid_pipe_subjectid
lfr_862241591da07b,h6000_q-001341_r+001890,hsub_iceland_main_island,OCEAN,False,2.434743201,0.462584,2f6ac78798f69a606df98faedd01c94639f7ce688417ddbe526408af1b6e8fd5,"canonical hex polygon INTERSECT canonical OSM land component, unioned inside the hex (overlap-safe)",v1_sha1_hexid_pipe_subjectid
lfr_1718478ecc3de9,h6000_q-001322_r+001890,hsub_iceland_main_island,OCEAN,False,0.102285977,0.019434,acc6123b5c5ff134b46bd7f462d1e2102e7186d3c556aada25bc34b6329bf182,"canonical hex polygon INTERSECT canonical OSM land component, unioned inside the hex (overlap-safe)",v1_sha1_hexid_pipe_subjectid
lfr_28d57b147c0d07,h6000_q-001282_r+001890,hsub_iceland_main_island,OCEAN,False,1.146173121,0.217635,80b90c9e769a4cab0c5904acafdc8e3f73a1c5e1d5f8e401414348227efd0a60,"canonical hex polygon INTERSECT canonical OSM land component, unioned inside the hex (overlap-safe)",v1_sha1_hexid_pipe_subjectid
lfr_46ab2e7c60cbca,h6000_q-001393_r+001891,hsub_iceland_main_island,OCEAN,False,0.005694239,0.001783,eacbf49b1f923e3e51e7d9986ac9e62121d5118bd3b828f88af299a6937856d5,"canonical hex polygon INTERSECT canonical OSM land component, unioned inside the hex (overlap-safe)",v1_sha1_hexid_pipe_subjectid
lfr_ce44f9b9cc1656,h6000_q-001392_r+001891,hsub_iceland_main_island,OCEAN,False,0.461776804,0.087792,91cf9e4316be34ccfb6fd5213380c7d8339d988b58289dbf6f6304413f3b0de3,"canonical hex polygon INTERSECT canonical OSM land component, unioned inside the hex (overlap-safe)",v1_sha1_hexid_pipe_subjectid
lfr_6d8e2d568fcf8c,h6000_q-001387_r+001891,hsub_iceland_main_island,OCEAN,False,1.452774213,0.276449,c36c82db8f2f880f9de2c577e7469d86820a06aba1d5a4ba36d5e3319427c03f,"canonical hex polygon INTERSECT canonical OSM land component, unioned inside the hex (overlap-safe)",v1_sha1_hexid_pipe_subjectid
lfr_8542060af4c0a5,h6000_q-001341_r+001891,hsub_iceland_main_island,OCEAN,False,2.602078101,0.495053,a5efb1a70a802c7c2eb1cdbbb8dbe085c5895a5674606824ec7a4f6c100094af,"canonical hex polygon INTERSECT canonical OSM land component, unioned inside the hex (overlap-safe)",v1_sha1_hexid_pipe_subjectid
lfr_63f642531cd323,h6000_q-001310_r+001891,hsub_iceland_main_island,OCEAN,False,0.299544526,0.056959,9c5f9a459a807676761e1dc724ebb77cbc7a61c6cbf199a529ec74bebcc55fb3,"canonical hex polygon INTERSECT canonical OSM land component, unioned inside the hex (overlap-safe)",v1_sha1_hexid_pipe_subjectid
lfr_3a28fa9d6e5df0,h6000_q-001281_r+001891,hsub_iceland_main_island,OCEAN,False,0.110702556,0.021052,b5ba1801214d5c927761f582d20309a3135e99d734458db8c65ae4f45fbc2b4c,"canonical hex polygon INTERSECT canonical OSM land component, unioned inside the hex (overlap-safe)",v1_sha1_hexid_pipe_subjectid
lfr_e8006b48426d09,h6000_q-001388_r+001892,hsub_iceland_main_island,OCEAN,False,2.469962162,0.470638,b6602d35cb1fe617c3a64c3475cf8f98d7fa1b2ee868679468a4de45878bedbe,"canonical hex polygon INTERSECT canonical OSM land component, unioned inside the hex (overlap-safe)",v1_sha1_hexid_pipe_subjectid
lfr_ad1f9065a6fd2c,h6000_q-001341_r+001892,hsub_iceland_main_island,OCEAN,False,1.925399958,0.378902,61e504b0be4e2b3f7e5ad1d82490be868f87e44dcc8222638c9cc200ee87ef65,"canonical hex polygon INTERSECT canonical OSM land component, unioned inside the hex (overlap-safe)",v1_sha1_hexid_pipe_subjectid
lfr_c0f74704be1ace,h6000_q-001323_r+001892,hsub_iceland_main_island,OCEAN,False,2.097015784,0.399484,9e5ee5bdd4c5e76b412f83dd2bb01f47cb83d8a132074714c91e17c6ecae6eef,"canonical hex polygon INTERSECT canonical OSM land component, unioned inside the hex (overlap-safe)",v1_sha1_hexid_pipe_subjectid
lfr_98c47ca78cf0eb,h6000_q-001311_r+001892,hsub_iceland_main_island,OCEAN,False,1.284242584,0.25768,b4a5e8634feedd69c7b3eb43eb34d03bbca6aba402fd0b0f953ae90fe922631c,"canonical hex polygon INTERSECT canonical OSM land component, unioned inside the hex (overlap-safe)",v1_sha1_hexid_pipe_subjectid
lfr_1f094df4f43559,h6000_q-001283_r+001892,hsub_iceland_main_island,OCEAN,False,0.009388435,0.001788,505cc14d70b241029abe946d40785fa282d7ef3a6b06fa59495e1c243ccc9b6f,"canonical hex polygon INTERSECT canonical OSM land component, unioned inside the hex (overlap-safe)",v1_sha1_hexid_pipe_subjectid
lfr_6b60a3cba8c004,h6000_q-001389_r+001893,hsub_iceland_main_island,OCEAN,False,1.42358616,0.271637,294fc7f2d8cbcadd7c7e142fb013a97ca5311c82ccaaed5ecc7a0600edbe7b55,"canonical hex polygon INTERSECT canonical OSM land component, unioned inside the hex (overlap-safe)",v1_sha1_hexid_pipe_subjectid
lfr_b0fffa3eb5268f,h6000_q-001363_r+001893,hsub_iceland_main_island,OCEAN,False,1.321304845,0.25213,f4809d7c76f91b263c38b86ccf1d1cd6f07d8403b21a17fc989f9aa79a05cd57,"canonical hex polygon INTERSECT canonical OSM land component, unioned inside the hex (overlap-safe)",v1_sha1_hexid_pipe_subjectid
lfr_dec3ffc0e949da,h6000_q-001341_r+001893,hsub_iceland_main_island,OCEAN,False,0.347572409,0.067657,9049f57672511ec0129d05726dfe742119be27c7e5c15cfb30d2ac9f68df7b9d,"canonical hex polygon INTERSECT canonical OSM land component, unioned inside the hex (overlap-safe)",v1_sha1_hexid_pipe_subjectid
lfr_406e948c52d2ce,h6000_q-001324_r+001893,hsub_iceland_main_island,OCEAN,False,0.007040134,0.001343,295b79d564cae1dcc995530a37b96a171ea556478fbdd4d13feb6497f9f408ac,"canonical hex polygon INTERSECT canonical OSM land component, unioned inside the hex (overlap-safe)",v1_sha1_hexid_pipe_subjectid
lfr_64efb0af36e317,h6000_q-001306_r+001893,hsub_iceland_main_island,OCEAN,False,2.573617193,0.491094,9fc3a410bd4f8732085b66d1a77b686787f752ac99ee5076271be5d1c2325f08,"canonical hex polygon INTERSECT canonical OSM land component, unioned inside the hex (overlap-safe)",v1_sha1_hexid_pipe_subjectid
lfr_a9e6ad78cf1777,h6000_q-001284_r+001893,hsub_iceland_main_island,OCEAN,False,1.863811313,0.355577,cf036f10368e51eceae46b8b6c7aadb1eeced3761dd8cee61c7e0d9756448a9b,"canonical hex polygon INTERSECT canonical OSM land component, unioned inside the hex (overlap-safe)",v1_sha1_hexid_pipe_subjectid
lfr_edab394b07d7d7,h6000_q-001282_r+001893,hsub_iceland_main_island,OCEAN,False,0.876069696,0.167176,96468b75f195f329bc98940453d59ff0b175a3475699d68ab91409d5e36d50bf,"canonical hex polygon INTERSECT canonical OSM land component, unioned inside the hex (overlap-safe)",v1_sha1_hexid_pipe_subjectid
lfr_c10fadaa4cc35e,h6000_q-001390_r+001894,hsub_iceland_main_island,OCEAN,False,0.53191722,0.101657,d0ccad5e79ecb8c2402a8cdc4a5b183da556af3333622e1b7525ada1d9ca3aed,"canonical hex polygon INTERSECT canonical OSM land component, unioned inside the hex (overlap-safe)",v1_sha1_hexid_pipe_subjectid
lfr_59a3be4c4af0ea,h6000_q-001382_r+001894,hsub_iceland_main_island,OCEAN,False,0.896360158,0.171328,67468322006c5a2c058ea0cd73dd8ff257681397465ff6552013c2752dbc62a2,"canonical hex polygon INTERSECT canonical OSM land component, unioned inside the hex (overlap-safe)",v1_sha1_hexid_pipe_subjectid
lfr_1c7a89a8bd8ea6,h6000_q-001363_r+001894,hsub_iceland_main_island,OCEAN,False,1.391514325,0.265911,27952dfddc7c6a9468426e2b6b3db9f9225f9909939b5badfd3afe95ec1a7c2a,"canonical hex polygon INTERSECT canonical OSM land component, unioned inside the hex (overlap-safe)",v1_sha1_hexid_pipe_subjectid
lfr_e7a721bbf143ae,h6000_q-001342_r+001894,hsub_iceland_main_island,OCEAN,False,1.192871077,0.227835,4127f3e7b0071ad6ab64293353cdb90f02dc22e82aa968b97dbaaabeb4a677a7,"canonical hex polygon INTERSECT canonical OSM land component, unioned inside the hex (overlap-safe)",v1_sha1_hexid_pipe_subjectid
lfr_21e3076d1fb94f,h6000_q-001324_r+001894,hsub_iceland_main_island,OCEAN,False,2.29114874,0.437841,4e900a11e2ed23a1e3f4a769ec61f55fe4b6be9ef2ad52e4e70c9f40f427bd89,"canonical hex polygon INTERSECT canonical OSM land component, unioned inside the hex (overlap-safe)",v1_sha1_hexid_pipe_subjectid
lfr_712fab5b99d819,h6000_q-001307_r+001894,hsub_iceland_main_island,OCEAN,False,1.388023514,0.265244,d639f955628eca84ae28e16527275cb562351e3b1a9d4baefd345050aa503b34,"canonical hex polygon INTERSECT canonical OSM land component, unioned inside the hex (overlap-safe)",v1_sha1_hexid_pipe_subjectid
lfr_b7fcad49fc3df7,h6000_q-001285_r+001894,hsub_iceland_main_island,OCEAN,False,0.827140399,0.157968,ae4c15420612e121f01467ec8f599df490aef4c3bf2917db4e2323d212fb4848,"canonical hex polygon INTERSECT canonical OSM land component, unioned inside the hex (overlap-safe)",v1_sha1_hexid_pipe_subjectid
lfr_504b8ccfd8e038,h6000_q-001283_r+001894,hsub_iceland_main_island,OCEAN,False,0.013315877,0.011478,04dcbbc42c4daad0202b0c8b121f0a1c032cd5797166a140ecbf2451205e375b,"canonical hex polygon INTERSECT canonical OSM land component, unioned inside the hex (overlap-safe)",v1_sha1_hexid_pipe_subjectid
lfr_3f22b95419291e,h6000_q-001386_r+001895,hsub_iceland_main_island,OCEAN,False,2.586068424,0.494808,c47384b655a013d5d716fb74674545d2d9c982310b5d2645323023de527237a3,"canonical hex polygon INTERSECT canonical OSM land component, unioned inside the hex (overlap-safe)",v1_sha1_hexid_pipe_subjectid
lfr_0ab0938e81b340,h6000_q-001384_r+001895,hsub_iceland_main_island,OCEAN,False,0.855489849,0.163729,47fb6b5725145cd3b3412318fe5a494eee132f519f8d80f8e3be8c113dc1ed69,"canonical hex polygon INTERSECT canonical OSM land component, unioned inside the hex (overlap-safe)",v1_sha1_hexid_pipe_subjectid
lfr_b0bf0f1a411504,h6000_q-001383_r+001895,hsub_iceland_main_island,OCEAN,False,1.183862486,0.226643,069a954122c9c2e055b5a13b898302650c7c1ecae95b279550f6e650a9267f92,"canonical hex polygon INTERSECT canonical OSM land component, unioned inside the hex (overlap-safe)",v1_sha1_hexid_pipe_subjectid
lfr_fc21b215a674c6,h6000_q-001363_r+001895,hsub_iceland_main_island,OCEAN,False,1.003867255,0.192103,5c9cf4b6d2e3091e566e30911caac0800ae7a7469190353e504f14c1c5026812,"canonical hex polygon INTERSECT canonical OSM land component, unioned inside the hex (overlap-safe)",v1_sha1_hexid_pipe_subjectid
lfr_2001a0c7b16b61,h6000_q-001342_r+001895,hsub_iceland_main_island,OCEAN,False,0.56653905,0.108432,845d9d0d9448535abce437549bbbf06c584b4d2afcb8f3a071df87d0fe0fc3f4,"canonical hex polygon INTERSECT canonical OSM land component, unioned inside the hex (overlap-safe)",v1_sha1_hexid_pipe_subjectid
lfr_188f538b6194ce,h6000_q-001325_r+001895,hsub_iceland_main_island,OCEAN,False,1.89138873,0.361992,4775c6430ac2a378f85c79334858990e6168400e924de4fbc7e5509b32858438,"canonical hex polygon INTERSECT canonical OSM land component, unioned inside the hex (overlap-safe)",v1_sha1_hexid_pipe_subjectid
lfr_da112135637137,h6000_q-001314_r+001895,hsub_iceland_main_island,OCEAN,False,1.15459817,0.220835,6541f079156100d528cf6fc54384757f412eb2aad80ded036726d44c8f5d5f5b,"canonical hex polygon INTERSECT canonical OSM land component, unioned inside the hex (overlap-safe)",v1_sha1_hexid_pipe_subjectid
lfr_aba00a1339b351,h6000_q-001308_r+001895,hsub_iceland_main_island,OCEAN,False,0.223111857,0.042709,51266ec47828f74891e2b7b33216efcc2e7cefef2e5b66f73640c6a5627d358b,"canonical hex polygon INTERSECT canonical OSM land component, unioned inside the hex (overlap-safe)",v1_sha1_hexid_pipe_subjectid
lfr_0b7489f1edefa4,h6000_q-001286_r+001895,hsub_iceland_main_island,OCEAN,False,0.127490792,0.024387,fd63667a3ddcc53780b4a8a6ddef92e49a57f29eb9292fd1e389cb1bf1e06eae,"canonical hex polygon INTERSECT canonical OSM land component, unioned inside the hex (overlap-safe)",v1_sha1_hexid_pipe_subjectid
lfr_dc569b229a4777,h6000_q-001284_r+001895,hsub_iceland_main_island,OCEAN,False,0.041488933,0.0158,78bf54a455bdba54e54b234fecad266c812fdf3fee01f1c1828aa4c61a9c18ea,"canonical hex polygon INTERSECT canonical OSM land component, unioned inside the hex (overlap-safe)",v1_sha1_hexid_pipe_subjectid
lfr_23d8ca56c050d9,h6000_q-001391_r+001896,hsub_iceland_main_island,OCEAN,False,0.06111412,0.011707,53e2e065ecbddbd0b0e5f7fd55f9f3a77b0aec082dbf1da850394da432547daa,"canonical hex polygon INTERSECT canonical OSM land component, unioned inside the hex (overlap-safe)",v1_sha1_hexid_pipe_subjectid
lfr_93be60be92ecea,h6000_q-001387_r+001896,hsub_iceland_main_island,OCEAN,False,0.771255345,0.147733,e296656e7dff03fe14407a4ce75698528b9639c6093727791de5b0671ddb5a6c,"canonical hex polygon INTERSECT canonical OSM land component, unioned inside the hex (overlap-safe)",v1_sha1_hexid_pipe_subjectid
lfr_a2f8fa1597b93b,h6000_q-001386_r+001896,hsub_iceland_main_island,OCEAN,False,0.383302725,0.073488,a64d3dab8b54807494838e1e033cacd1e61afc548e3e76094b667fae52a81c69,"canonical hex polygon INTERSECT canonical OSM land component, unioned inside the hex (overlap-safe)",v1_sha1_hexid_pipe_subjectid
lfr_81459a425ab5ad,h6000_q-001367_r+001896,hsub_iceland_main_island,OCEAN,False,2.138243094,0.409781,b0493bf7d02657d561030215837ac8d96a6c78c0957bd034162594760b11e74d,"canonical hex polygon INTERSECT canonical OSM land component, unioned inside the hex (overlap-safe)",v1_sha1_hexid_pipe_subjectid
lfr_bb7774ffd0544e,h6000_q-001364_r+001896,hsub_iceland_main_island,OCEAN,False,1.17546537,0.225302,e9ef62327c1bbf924f08ffa764aa80a487848f551ca729d9c8e32b5527c636a7,"canonical hex polygon INTERSECT canonical OSM land component, unioned inside the hex (overlap-safe)",v1_sha1_hexid_pipe_subjectid
lfr_e08d5d592bbc76,h6000_q-001363_r+001896,hsub_iceland_main_island,OCEAN,False,1.675198891,0.320937,2005720e7428d1a317e044ef789bee18b303568a1ed87cfb483323377a84bca8,"canonical hex polygon INTERSECT canonical OSM land component, unioned inside the hex (overlap-safe)",v1_sha1_hexid_pipe_subjectid
lfr_1da5200d10ba4b,h6000_q-001326_r+001896,hsub_iceland_main_island,OCEAN,False,0.583769782,0.111897,b2420fa5bcaecd3a0a8859c991b8c188f05a8a97eb6337344926d6396b3c5483,"canonical hex polygon INTERSECT canonical OSM land component, unioned inside the hex (overlap-safe)",v1_sha1_hexid_pipe_subjectid
lfr_c814d9077ad9ed,h6000_q-001316_r+001896,hsub_iceland_main_island,OCEAN,False,0.421297616,0.080687,4deaa38bc0f3883424941114b049e80198ac91571151473e4077bb277b850178,"canonical hex polygon INTERSECT canonical OSM land component, unioned inside the hex (overlap-safe)",v1_sha1_hexid_pipe_subjectid
lfr_7362455c0db099,h6000_q-001309_r+001896,hsub_iceland_main_island,OCEAN,False,0.117079742,0.022445,c6607b325371661bd46c26aeb3690e05ae0f9f97c5dca7c9c9174cc0ee28d253,"canonical hex polygon INTERSECT canonical OSM land component, unioned inside the hex (overlap-safe)",v1_sha1_hexid_pipe_subjectid
lfr_1479caa11d9187,h6000_q-001287_r+001896,hsub_iceland_main_island,OCEAN,False,1.227020388,0.235091,98f7b0e758d55f88bcb6ca81276d625399a0962b0e5527247fa8b6d440a7f9b2,"canonical hex polygon INTERSECT canonical OSM land component, unioned inside the hex (overlap-safe)",v1_sha1_hexid_pipe_subjectid
lfr_4f44ecf392f57a,h6000_q-001285_r+001896,hsub_iceland_main_island,OCEAN,False,2.373991296,0.4551,87596cfba642bfb27756a745b8014afe780f37c05005f7da01d9a7603a698e94,"canonical hex polygon INTERSECT canonical OSM land component, unioned inside the hex (overlap-safe)",v1_sha1_hexid_pipe_subjectid
lfr_88b602e30ea2eb,h6000_q-001390_r+001897,hsub_iceland_main_island,OCEAN,False,0.914497809,0.17542,c7a1926629ba4079605035f3e485e1014be9b07869a5ca3eece15031aff28f80,"canonical hex polygon INTERSECT canonical OSM land component, unioned inside the hex (overlap-safe)",v1_sha1_hexid_pipe_subjectid
lfr_a4a35f211ec00b,h6000_q-001389_r+001897,hsub_iceland_main_island,OCEAN,False,0.006029369,0.001156,cf76009f1728c5fe3164b82e646ca4d66568b8f78f40d73564a66e4e3256a7a4,"canonical hex polygon INTERSECT canonical OSM land component, unioned inside the hex (overlap-safe)",v1_sha1_hexid_pipe_subjectid
lfr_0a387042965956,h6000_q-001387_r+001897,hsub_iceland_main_island,OCEAN,False,1.262529759,0.242422,b1d6ea5df1319179d837e56995bdd35436d9771b1a084947f21a5437ec876780,"canonical hex polygon INTERSECT canonical OSM land component, unioned inside the hex (overlap-safe)",v1_sha1_hexid_pipe_subjectid
lfr_160bf834317b52,h6000_q-001372_r+001897,hsub_iceland_main_island,OCEAN,False,1.829498819,0.351161,48da88e5f5b741ab6ca00855f140073b4fbd82e176d3baf78c24c08fd0b3aa35,"canonical hex polygon INTERSECT canonical OSM land component, unioned inside the hex (overlap-safe)",v1_sha1_hexid_pipe_subjectid
lfr_7dfdc753e79444,h6000_q-001367_r+001897,hsub_iceland_main_island,OCEAN,False,2.481713885,0.477535,6a9a05563bf7e318ecffe36f108c681d8e0b7ac73a1881503d7159612622df71,"canonical hex polygon INTERSECT canonical OSM land component, unioned inside the hex (overlap-safe)",v1_sha1_hexid_pipe_subjectid
lfr_8f81e1419bd0c6,h6000_q-001364_r+001897,hsub_iceland_main_island,OCEAN,False,0.498084975,0.095614,a21a34708a96f1ea43e0914c74f8acf7daa14401382bd38a2dfe952e64cd4a51,"canonical hex polygon INTERSECT canonical OSM land component, unioned inside the hex (overlap-safe)",v1_sha1_hexid_pipe_subjectid
lfr_4f36c732f171b4,h6000_q-001343_r+001897,hsub_iceland_main_island,OCEAN,False,0.073529925,0.014107,dfdf3a8108fa004c745302a62910db7b749e371352536e951f6bf8b13c40e785,"canonical hex polygon INTERSECT canonical OSM land component, unioned inside the hex (overlap-safe)",v1_sha1_hexid_pipe_subjectid
lfr_fb0383c578cd6f,h6000_q-001317_r+001897,hsub_iceland_main_island,OCEAN,False,1.102276771,0.211524,91e6b0f2f616053ae6cd6d13b2987053335aa969983a3bb7d717998d55ca0d6f,"canonical hex polygon INTERSECT canonical OSM land component, unioned inside the hex (overlap-safe)",v1_sha1_hexid_pipe_subjectid
lfr_92b9f679cd009a,h6000_q-001288_r+001897,hsub_iceland_main_island,OCEAN,False,1.580954533,0.303404,0b73933da5c0d110852772953c4e233541978c6c8a7d296a315741840fed4c12,"canonical hex polygon INTERSECT canonical OSM land component, unioned inside the hex (overlap-safe)",v1_sha1_hexid_pipe_subjectid
lfr_9d449b473a5e10,h6000_q-001389_r+001898,hsub_iceland_main_island,OCEAN,False,0.008611106,0.001656,7104f8715e29ce4f0f53924a4bcd5008d9da7abd78a001fb621ce2f096954d56,"canonical hex polygon INTERSECT canonical OSM land component, unioned inside the hex (overlap-safe)",v1_sha1_hexid_pipe_subjectid
lfr_7c53cf51746928,h6000_q-001372_r+001898,hsub_iceland_main_island,OCEAN,False,1.447413534,0.278191,0184efcdf85ecf03d7bd60c92e1846191b129319ed70f1be20c135406f59e747,"canonical hex polygon INTERSECT canonical OSM land component, unioned inside the hex (overlap-safe)",v1_sha1_hexid_pipe_subjectid
lfr_1719564033b64d,h6000_q-001366_r+001898,hsub_iceland_main_island,OCEAN,False,2.124311642,0.420499,6bac2efe372a5cee87ac4f6878e9c5fea4c4a22239ffeab5c0d65d852649c6db,"canonical hex polygon INTERSECT canonical OSM land component, unioned inside the hex (overlap-safe)",v1_sha1_hexid_pipe_subjectid
lfr_2f171a6bc4e1f3,h6000_q-001365_r+001898,hsub_iceland_main_island,OCEAN,False,0.002843705,0.000546,14d9f8d235b9a61596a5d06c3e4eb02447cb73f1a8288c6d872d70a65be58043,"canonical hex polygon INTERSECT canonical OSM land component, unioned inside the hex (overlap-safe)",v1_sha1_hexid_pipe_subjectid
lfr_fad68b837d57a4,h6000_q-001349_r+001898,hsub_iceland_main_island,OCEAN,False,2.339444438,0.449524,0ea83d10bc4c4b9ca629e9e316a65be3b236c23fb8bafc4fcb4037a5708a0284,"canonical hex polygon INTERSECT canonical OSM land component, unioned inside the hex (overlap-safe)",v1_sha1_hexid_pipe_subjectid
lfr_8617fceb47714c,h6000_q-001345_r+001898,hsub_iceland_main_island,OCEAN,False,0.44191833,0.084896,36bac00a2ca0a98af2048d0ffe91f2dad59dd804ef07cd634a751218f05adf58,"canonical hex polygon INTERSECT canonical OSM land component, unioned inside the hex (overlap-safe)",v1_sha1_hexid_pipe_subjectid
lfr_ea4bbb03c8b4b3,h6000_q-001318_r+001898,hsub_iceland_main_island,OCEAN,False,0.530290202,0.101886,bde54663140548c945a8e2bacdfef1294d76cff74a23a88f3b86e0c330bb7fcf,"canonical hex polygon INTERSECT canonical OSM land component, unioned inside the hex (overlap-safe)",v1_sha1_hexid_pipe_subjectid
lfr_84763739714fda,h6000_q-001311_r+001898,hsub_iceland_main_island,OCEAN,False,0.457290416,0.087934,bf6baf1b5b3beb59f4916fe59c9059652bbb894b62cd392b0ff8da7b6ea75dca,"canonical hex polygon INTERSECT canonical OSM land component, unioned inside the hex (overlap-safe)",v1_sha1_hexid_pipe_subjectid
lfr_3214215344ad88,h6000_q-001289_r+001898,hsub_iceland_main_island,OCEAN,False,1.31943195,0.253501,75abb43a995593d3e9b5a15b6558d4249cf8dd53c04a5087c6aac37b9ffdfa37,"canonical hex polygon INTERSECT canonical OSM land component, unioned inside the hex (overlap-safe)",v1_sha1_hexid_pipe_subjectid
lfr_8f09fc0de6a161,h6000_q-001287_r+001898,hsub_iceland_main_island,OCEAN,False,0.199896891,0.038408,8aae7caaf7a3e258cd1c65a4d832553785a3f34029bbac445c8fca5a4bc20937,"canonical hex polygon INTERSECT canonical OSM land component, unioned inside the hex (overlap-safe)",v1_sha1_hexid_pipe_subjectid
lfr_88ae62e783510b,h6000_q-001390_r+001899,hsub_iceland_main_island,OCEAN,False,0.832609635,0.160349,d110b92351cbfb8525ba42e15d6980eef92118d64454a98d5c39f53f372abfcc,"canonical hex polygon INTERSECT canonical OSM land component, unioned inside the hex (overlap-safe)",v1_sha1_hexid_pipe_subjectid
lfr_2f833d77b8d94a,h6000_q-001374_r+001899,hsub_iceland_main_island,OCEAN,False,2.279961007,0.438878,acdbf1b0eb4411678125fd404e92863c8e84d885d5a6fea9216f24cc9cdfa703,"canonical hex polygon INTERSECT canonical OSM land component, unioned inside the hex (overlap-safe)",v1_sha1_hexid_pipe_subjectid
lfr_d8f19aad734660,h6000_q-001368_r+001899,hsub_iceland_main_island,OCEAN,False,0.557241278,0.107284,8cbe99b0b359ea89cd1a9e2f33ce4ddd94f79196263d5f31d1b2f00be4506665,"canonical hex polygon INTERSECT canonical OSM land component, unioned inside the hex (overlap-safe)",v1_sha1_hexid_pipe_subjectid
lfr_3013236e46620f,h6000_q-001365_r+001899,hsub_iceland_main_island,OCEAN,False,1.511194821,0.290926,1f6452cd90a592fe0785351975ce28e390d52760bc87280c832f85d642c0ac6b,"canonical hex polygon INTERSECT canonical OSM land component, unioned inside the hex (overlap-safe)",v1_sha1_hexid_pipe_subjectid
lfr_5db2e6fe4c80d9,h6000_q-001349_r+001899,hsub_iceland_main_island,OCEAN,False,1.286134772,0.247692,2db39fa87c5362bf2c81a805b9b5632f2232e8fceaa35a66f377316633c42c88,"canonical hex polygon INTERSECT canonical OSM land component, unioned inside the hex (overlap-safe)",v1_sha1_hexid_pipe_subjectid
lfr_b4017a3d58c831,h6000_q-001348_r+001899,hsub_iceland_main_island,OCEAN,False,0.514218673,0.099052,5f8d057953a924890d2269397f4c61bbb5b62862a195b54e1ee857402c5d6d1e,"canonical hex polygon INTERSECT canonical OSM land component, unioned inside the hex (overlap-safe)",v1_sha1_hexid_pipe_subjectid
lfr_1ccfc2ac01ca8a,h6000_q-001347_r+001899,hsub_iceland_main_island,OCEAN,False,1.534694943,0.295297,fb99abeeaa91e5cfa8c94099ff8d222f52685bf1a9dbdbf380f6fb54c56e005d,"canonical hex polygon INTERSECT canonical OSM land component, unioned inside the hex (overlap-safe)",v1_sha1_hexid_pipe_subjectid
lfr_1495e2b89f3b80,h6000_q-001346_r+001899,hsub_iceland_main_island,OCEAN,False,0.814247161,0.156673,270c4088086409f2b648c3e050004b0c820c9c0361bcfd5e5e0625a1f77e49c5,"canonical hex polygon INTERSECT canonical OSM land component, unioned inside the hex (overlap-safe)",v1_sha1_hexid_pipe_subjectid
lfr_058b51bcb2f55b,h6000_q-001328_r+001899,hsub_iceland_main_island,OCEAN,False,1.277035152,0.246117,5e85295c4af32acc5485fc54b207fd1c3d475fb8bf6d5c0c154c9a1765113fd7,"canonical hex polygon INTERSECT canonical OSM land component, unioned inside the hex (overlap-safe)",v1_sha1_hexid_pipe_subjectid
lfr_3283026cd66987,h6000_q-001319_r+001899,hsub_iceland_main_island,OCEAN,False,1.206482005,0.232274,173288cc48c23ef8a116ff3122214ef7b5c2ed25ae1c0b0308c825e6d75f82dc,"canonical hex polygon INTERSECT canonical OSM land component, unioned inside the hex (overlap-safe)",v1_sha1_hexid_pipe_subjectid
lfr_f02a310bcca8eb,h6000_q-001312_r+001899,hsub_iceland_main_island,OCEAN,False,0.000188232,3.6e-05,d017376c46e6e96ac7ed3fb88111e7a3527f0b1b409b59a2e97425c4081728c6,"canonical hex polygon INTERSECT canonical OSM land component, unioned inside the hex (overlap-safe)",v1_sha1_hexid_pipe_subjectid
lfr_61cae60fcccc6f,h6000_q-001292_r+001899,hsub_iceland_main_island,OCEAN,False,1.563448208,0.300828,0c4e86751b6507df451a871cd6089bc9355b9bd2267902e53813255d586fee87,"canonical hex polygon INTERSECT canonical OSM land component, unioned inside the hex (overlap-safe)",v1_sha1_hexid_pipe_subjectid
lfr_9629538602866e,h6000_q-001288_r+001899,hsub_iceland_main_island,OCEAN,False,0.178644463,0.034403,34f2036e621f9d0746ee58479369f79ffcfbdce227d8538892275878c004cb61,"canonical hex polygon INTERSECT canonical OSM land component, unioned inside the hex (overlap-safe)",v1_sha1_hexid_pipe_subjectid
lfr_b76306558b0d81,h6000_q-001391_r+001900,hsub_iceland_main_island,OCEAN,False,1.817867166,0.350541,a7a1e19c1de659bb1543bacd6fcf5b3380e491ff78357115b7f2fc0e9383dfa1,"canonical hex polygon INTERSECT canonical OSM land component, unioned inside the hex (overlap-safe)",v1_sha1_hexid_pipe_subjectid
lfr_54cdb72f6cf0e8,h6000_q-001373_r+001900,hsub_iceland_main_island,OCEAN,False,1.158465403,0.223343,e16082a7ae74e3273308f05a2e1d141eed8d8f5b11d3cd2989b581db77e15a64,"canonical hex polygon INTERSECT canonical OSM land component, unioned inside the hex (overlap-safe)",v1_sha1_hexid_pipe_subjectid
lfr_2222699bef5372,h6000_q-001369_r+001900,hsub_iceland_main_island,OCEAN,False,1.130224069,0.218787,5a34b0cc965ce39ab82ff2acff3ac35ddf7483f5f8644bfd04d5ddd8cc1a3e29,"canonical hex polygon INTERSECT canonical OSM land component, unioned inside the hex (overlap-safe)",v1_sha1_hexid_pipe_subjectid
lfr_c17389f085c9d4,h6000_q-001368_r+001900,hsub_iceland_main_island,OCEAN,False,0.366664392,0.070649,d6a98b1236cb84309509f7a7d80a0202d86e82c8c982e32b52138af34df798d1,"canonical hex polygon INTERSECT canonical OSM land component, unioned inside the hex (overlap-safe)",v1_sha1_hexid_pipe_subjectid
lfr_0582331f707fa8,h6000_q-001366_r+001900,hsub_iceland_main_island,OCEAN,False,0.302636539,0.058751,8d3842751c4a25a27c3c5624a26773c3d533a0a1352ab63191cf959d39b8b243,"canonical hex polygon INTERSECT canonical OSM land component, unioned inside the hex (overlap-safe)",v1_sha1_hexid_pipe_subjectid
lfr_1923e1ff5f63f9,h6000_q-001347_r+001900,hsub_iceland_main_island,OCEAN,False,2.120641492,0.408985,583f5e60d0c626aa5ed0d67f2b9571de8d9bea744d161765d44f9739c2c03923,"canonical hex polygon INTERSECT canonical OSM land component, unioned inside the hex (overlap-safe)",v1_sha1_hexid_pipe_subjectid
lfr_5f5feedc3751bf,h6000_q-001346_r+001900,hsub_iceland_main_island,OCEAN,False,1.735866972,0.334794,c056ffc7490cb22d65f3d4d7250fa14e3839658bfb534e315e0038ac5c67df9e,"canonical hex polygon INTERSECT canonical OSM land component, unioned inside the hex (overlap-safe)",v1_sha1_hexid_pipe_subjectid
lfr_b87af5b2e80353,h6000_q-001345_r+001900,hsub_iceland_main_island,OCEAN,False,0.041099081,0.007927,86f19361dabafb228692b5d03338d2368c0b62c91409f12001a186a08d73898c,"canonical hex polygon INTERSECT canonical OSM land component, unioned inside the hex (overlap-safe)",v1_sha1_hexid_pipe_subjectid
lfr_f7a95f297cd299,h6000_q-001311_r+001900,hsub_iceland_main_island,OCEAN,False,0.052930562,0.010196,e3c122674aeb042ac114a2d81610d9972d1b146be9f4c0c427257495d9bbe057,"canonical hex polygon INTERSECT canonical OSM land component, unioned inside the hex (overlap-safe)",v1_sha1_hexid_pipe_subjectid
lfr_4fa07106fe5263,h6000_q-001289_r+001900,hsub_iceland_main_island,OCEAN,False,0.261096131,0.050351,b1f4d3c8a299e930bce18997a0c2f85ba74b298f3b8343aaacdc5b050b835a4e,"canonical hex polygon INTERSECT canonical OSM land component, unioned inside the hex (overlap-safe)",v1_sha1_hexid_pipe_subjectid
lfr_8ba7422aaeaa03,h6000_q-001392_r+001901,hsub_iceland_main_island,OCEAN,False,2.442037383,0.471597,4b65e47ffc71a28f74fb0095f82c3c27733afc1443d5c11e4a62048eef91788e,"canonical hex polygon INTERSECT canonical OSM land component, unioned inside the hex (overlap-safe)",v1_sha1_hexid_pipe_subjectid
lfr_1d1ee5f9b1be3f,h6000_q-001377_r+001901,hsub_iceland_main_island,OCEAN,False,2.30969632,0.445834,bd79555f921e265656d3f67f54adb374e6aa7df3866f9a6b2cce0af946495c59,"canonical hex polygon INTERSECT canonical OSM land component, unioned inside the hex (overlap-safe)",v1_sha1_hexid_pipe_subjectid
lfr_0615f0250d45e4,h6000_q-001374_r+001901,hsub_iceland_main_island,OCEAN,False,0.668161859,0.133267,22cec279e4114002d7b4b2baac5752566b283267ab1dbcaa1b81d6b8dd7fa9ed,"canonical hex polygon INTERSECT canonical OSM land component, unioned inside the hex (overlap-safe)",v1_sha1_hexid_pipe_subjectid
lfr_872307f6bd8bc7,h6000_q-001370_r+001901,hsub_iceland_main_island,OCEAN,False,1.954543113,0.377335,a8f08e3075bc62e4df13b7bfc3d44613f541eb644b4065a2bf268c498d0ab381,"canonical hex polygon INTERSECT canonical OSM land component, unioned inside the hex (overlap-safe)",v1_sha1_hexid_pipe_subjectid
lfr_ab3d16debd4a91,h6000_q-001367_r+001901,hsub_iceland_main_island,OCEAN,False,0.614727338,0.118734,b6113555edbca200c2c81b0367c3d9c442a66b297f5d91cdb94b148371639d00,"canonical hex polygon INTERSECT canonical OSM land component, unioned inside the hex (overlap-safe)",v1_sha1_hexid_pipe_subjectid
lfr_10b28ea44e8000,h6000_q-001346_r+001901,hsub_iceland_main_island,OCEAN,False,1.551031651,0.299376,961f2e5075d1c70a7084cc72e0e2f0c813f035157d4995d00879aaf42298dd19,"canonical hex polygon INTERSECT canonical OSM land component, unioned inside the hex (overlap-safe)",v1_sha1_hexid_pipe_subjectid
lfr_b209040df18486,h6000_q-001311_r+001901,hsub_iceland_main_island,OCEAN,False,0.204060883,0.039402,e37cd8a2485d0f0273db575a2d5e26f0512a6f847099c0e6ee71f26220ae8368,"canonical hex polygon INTERSECT canonical OSM land component, unioned inside the hex (overlap-safe)",v1_sha1_hexid_pipe_subjectid
lfr_b248468f441cbb,h6000_q-001294_r+001901,hsub_iceland_main_island,OCEAN,False,2.317293472,0.447405,e8c9e907d3bbef685a01c71df62f5fae4dbfb41cd273d8033e119e685fb8cc88,"canonical hex polygon INTERSECT canonical OSM land component, unioned inside the hex (overlap-safe)",v1_sha1_hexid_pipe_subjectid
lfr_6acd036a3ec989,h6000_q-001393_r+001902,hsub_iceland_main_island,OCEAN,False,1.20158489,0.232376,b27ad6251ab6047879172bad581e25e96c33df924653300bfc6d86b3bb88ce1d,"canonical hex polygon INTERSECT canonical OSM land component, unioned inside the hex (overlap-safe)",v1_sha1_hexid_pipe_subjectid
lfr_8dda77dfaf7b6f,h6000_q-001386_r+001902,hsub_iceland_main_island,OCEAN,False,1.535176325,0.296728,459bbc1c315b36dbb16bc3739db0eb53c4b60fa967d771b86f0260273a734dc2,"canonical hex polygon INTERSECT canonical OSM land component, unioned inside the hex (overlap-safe)",v1_sha1_hexid_pipe_subjectid
lfr_ada61578ccefd5,h6000_q-001377_r+001902,hsub_iceland_main_island,OCEAN,False,2.583978505,0.499596,e08ab5f043e5a63906a83fe1f9bbbca96908c921daf3791b6341c00244a862f0,"canonical hex polygon INTERSECT canonical OSM land component, unioned inside the hex (overlap-safe)",v1_sha1_hexid_pipe_subjectid
lfr_b6969853a23ab3,h6000_q-001376_r+001902,hsub_iceland_main_island,OCEAN,False,1.035537792,0.200194,1edc0061a454c0a8c1059979d4559ffe03b2cf6afb322cc3b320835c91e16491,"canonical hex polygon INTERSECT canonical OSM land component, unioned inside the hex (overlap-safe)",v1_sha1_hexid_pipe_subjectid
lfr_72f6987d82ec3d,h6000_q-001375_r+001902,hsub_iceland_main_island,OCEAN,False,1.527947511,0.295426,4350978b7011c9c9fba8d3f749370b388627a432247e370878b7261b5b8fb093,"canonical hex polygon INTERSECT canonical OSM land component, unioned inside the hex (overlap-safe)",v1_sha1_hexid_pipe_subjectid
lfr_266d9a765fa34f,h6000_q-001374_r+001902,hsub_iceland_main_island,OCEAN,False,0.580545824,0.112245,551fe658218f97464dce960fd5d976b25b79b297c772e6d89494ed9276a001e4,"canonical hex polygon INTERSECT canonical OSM land component, unioned inside the hex (overlap-safe)",v1_sha1_hexid_pipe_subjectid
lfr_eac52c121ea72a,h6000_q-001371_r+001902,hsub_iceland_main_island,OCEAN,False,0.180733046,0.034937,c9ab67102cbacee80d44634ccf8df64d13c2683da7143f7515de736a8737dc53,"canonical hex polygon INTERSECT canonical OSM land component, unioned inside the hex (overlap-safe)",v1_sha1_hexid_pipe_subjectid
lfr_cdcfcc1c1bf128,h6000_q-001368_r+001902,hsub_iceland_main_island,OCEAN,False,2.109982759,0.408088,b17d4582d8666492ece0421906765ed46bbd4496356a8b2ee1caf9b5b483db1c,"canonical hex polygon INTERSECT canonical OSM land component, unioned inside the hex (overlap-safe)",v1_sha1_hexid_pipe_subjectid
lfr_0725960c2b932b,h6000_q-001350_r+001902,hsub_iceland_main_island,OCEAN,False,0.804956518,0.183796,7aba70d5f7d14def5f31104da6f18387fca9df391570d776c3f6817d799bed0b,"canonical hex polygon INTERSECT canonical OSM land component, unioned inside the hex (overlap-safe)",v1_sha1_hexid_pipe_subjectid
lfr_fbbe692674a782,h6000_q-001349_r+001902,hsub_iceland_main_island,OCEAN,False,1.58722224,0.30677,d990bf66312a556de2cfc2e84c0edf99f0895e9ea78ade7ada625a335171702a,"canonical hex polygon INTERSECT canonical OSM land component, unioned inside the hex (overlap-safe)",v1_sha1_hexid_pipe_subjectid
lfr_e316c39117efb1,h6000_q-001347_r+001902,hsub_iceland_main_island,OCEAN,False,0.000617313,0.000119,97e80c1453e4d9588d8a6396d3bf3df8cf52dd6daa1d88140ba0520c7dc12ab6,"canonical hex polygon INTERSECT canonical OSM land component, unioned inside the hex (overlap-safe)",v1_sha1_hexid_pipe_subjectid
lfr_6191f4bf9c67b7,h6000_q-001330_r+001902,hsub_iceland_main_island,OCEAN,False,2.022564307,0.391086,f94cb5033c85edf5400c407672f2c1ac6f6f39a21c332a37f6cbf23f04ce8cba,"canonical hex polygon INTERSECT canonical OSM land component, unioned inside the hex (overlap-safe)",v1_sha1_hexid_pipe_subjectid
lfr_0cdc17f8a7b954,h6000_q-001312_r+001902,hsub_iceland_main_island,OCEAN,False,0.018101619,0.003502,2d24fdc5d96fadd2aaddd7e11fb1b35d4558627c9a00436df3fb5bbda4c0f955,"canonical hex polygon INTERSECT canonical OSM land component, unioned inside the hex (overlap-safe)",v1_sha1_hexid_pipe_subjectid
lfr_bf963fd8869fbb,h6000_q-001294_r+001902,hsub_iceland_main_island,OCEAN,False,0.35382215,0.068415,f4d55136d3ffa6368089ddf0d4edbf9d600b1167228b7363c1cff6a47f29602f,"canonical hex polygon INTERSECT canonical OSM land component, unioned inside the hex (overlap-safe)",v1_sha1_hexid_pipe_subjectid
lfr_a72235c629f592,h6000_q-001389_r+001903,hsub_iceland_main_island,OCEAN,False,1.791786381,0.346845,1d4ed439399475644c5c9be29d2c1c954be0139b1c61390fc233063eb0162fcb,"canonical hex polygon INTERSECT canonical OSM land component, unioned inside the hex (overlap-safe)",v1_sha1_hexid_pipe_subjectid
lfr_4ff75d06906ab2,h6000_q-001388_r+001903,hsub_iceland_main_island,OCEAN,False,0.263703065,0.051072,846031d99f3a16e432526f02f2381413659e96abdf41b97e7a33c8a073f3aacd,"canonical hex polygon INTERSECT canonical OSM land component, unioned inside the hex (overlap-safe)",v1_sha1_hexid_pipe_subjectid
lfr_74a721fd9265f6,h6000_q-001387_r+001903,hsub_iceland_main_island,OCEAN,False,1.593591796,0.30871,e6da727789e0822951ebe990fd977273d53c6a617d151d5d7a7e913384df6aec,"canonical hex polygon INTERSECT canonical OSM land component, unioned inside the hex (overlap-safe)",v1_sha1_hexid_pipe_subjectid
lfr_f08d30c9209fc4,h6000_q-001377_r+001903,hsub_iceland_main_island,OCEAN,False,1.200646085,0.232428,18c1ff53544560f5ae0a0858218ea116abef5023c9e7542e7d9724b87b0e3d56,"canonical hex polygon INTERSECT canonical OSM land component, unioned inside the hex (overlap-safe)",v1_sha1_hexid_pipe_subjectid
lfr_9a45a703622c8b,h6000_q-001376_r+001903,hsub_iceland_main_island,OCEAN,False,0.77064499,0.149146,1bc5a5874879512e8893bbb480724ad9a8198b2bb0434e22fcac6604b1719968,"canonical hex polygon INTERSECT canonical OSM land component, unioned inside the hex (overlap-safe)",v1_sha1_hexid_pipe_subjectid
lfr_7294731ae64bf5,h6000_q-001372_r+001903,hsub_iceland_main_island,OCEAN,False,0.845960151,0.163812,934e37aae8304f6d041daf729c6c8ad72f5b8a0d5e1cfe618a566d798c389d10,"canonical hex polygon INTERSECT canonical OSM land component, unioned inside the hex (overlap-safe)",v1_sha1_hexid_pipe_subjectid
lfr_381303d1fb6897,h6000_q-001369_r+001903,hsub_iceland_main_island,OCEAN,False,0.017205332,0.00333,67e30169c80632425332cf5eee2d8118f9fd66cf28ef6466ef46e9b635f7ad3e,"canonical hex polygon INTERSECT canonical OSM land component, unioned inside the hex (overlap-safe)",v1_sha1_hexid_pipe_subjectid
lfr_9d6b1e8e6b8be8,h6000_q-001351_r+001903,hsub_iceland_main_island,OCEAN,False,1.542650453,0.298782,52c1aeca7c2575dbb91bbf8f2639a9be2a7f29a560824e9a94d939631015444d,"canonical hex polygon INTERSECT canonical OSM land component, unioned inside the hex (overlap-safe)",v1_sha1_hexid_pipe_subjectid
lfr_73b751e508a6b4,h6000_q-001350_r+001903,hsub_iceland_main_island,OCEAN,False,0.093518682,0.018118,a9f1700c88c6107ef8984531b6a81edc5ddcfa48c8e90207b070d23f7ece199b,"canonical hex polygon INTERSECT canonical OSM land component, unioned inside the hex (overlap-safe)",v1_sha1_hexid_pipe_subjectid
lfr_a2f0a8a31bd922,h6000_q-001295_r+001903,hsub_iceland_main_island,OCEAN,False,2.001551827,0.387602,e0bd1343cfe3cd4af9e4d34a45fa67485886688f59767a24343f7c1fe36330c3,"canonical hex polygon INTERSECT canonical OSM land component, unioned inside the hex (overlap-safe)",v1_sha1_hexid_pipe_subjectid
lfr_4a6341b0765990,h6000_q-001291_r+001903,hsub_iceland_main_island,OCEAN,False,1.097265019,0.212499,6cbba150c1ebc00ee58f99d4e5d877e7ec84445ddc7cc43d6c6459ffc6633cf8,"canonical hex polygon INTERSECT canonical OSM land component, unioned inside the hex (overlap-safe)",v1_sha1_hexid_pipe_subjectid
lfr_8a0dc733d4c5d4,h6000_q-001394_r+001904,hsub_iceland_main_island,OCEAN,False,6.9309e-05,1.3e-05,2d9531657461adcd8da46e5da0c424255759fe864773ab0095f61f82b495b03d,"canonical hex polygon INTERSECT canonical OSM land component, unioned inside the hex (overlap-safe)",v1_sha1_hexid_pipe_subjectid
lfr_d611e29c07d7e8,h6000_q-001391_r+001904,hsub_iceland_main_island,OCEAN,False,1.871241397,0.362758,2b4e40e197145795c3742ea1360d851ab3fc3540859b6a342919409f3e775fc2,"canonical hex polygon INTERSECT canonical OSM land component, unioned inside the hex (overlap-safe)",v1_sha1_hexid_pipe_subjectid
lfr_d21dbe013eee06,h6000_q-001389_r+001904,hsub_iceland_main_island,OCEAN,False,1.284587657,0.249222,ee1f864d6f50bff813b736888a0f35d0aec707f896a0db68782ad5876386b317,"canonical hex polygon INTERSECT canonical OSM land component, unioned inside the hex (overlap-safe)",v1_sha1_hexid_pipe_subjectid
lfr_886cbd36ee356e,h6000_q-001378_r+001904,hsub_iceland_main_island,OCEAN,False,0.114142376,0.022137,983f79df3a8b370b0f0d85f00e2f74568147523828f7d683c6be950343f50a3e,"canonical hex polygon INTERSECT canonical OSM land component, unioned inside the hex (overlap-safe)",v1_sha1_hexid_pipe_subjectid
lfr_89345ae0264ae1,h6000_q-001374_r+001904,hsub_iceland_main_island,OCEAN,False,0.395147793,0.076589,a75e962696969ee6d46f6045488d49bdf436188bf25b86157837dc5c6d5405cf,"canonical hex polygon INTERSECT canonical OSM land component, unioned inside the hex (overlap-safe)",v1_sha1_hexid_pipe_subjectid
lfr_f8a36a84fcf898,h6000_q-001373_r+001904,hsub_iceland_main_island,OCEAN,False,0.135925998,0.03127,1cb928d4a379101b9235ba354721e26bdac86028e9eb0f7d2bea8b7e5379f0fc,"canonical hex polygon INTERSECT canonical OSM land component, unioned inside the hex (overlap-safe)",v1_sha1_hexid_pipe_subjectid
lfr_e2b1ed63e41fb9,h6000_q-001369_r+001904,hsub_iceland_main_island,OCEAN,False,0.820777534,0.159146,cd2cdcde54e7e3fb016677d87b414e3917fa76bb19a4b2ffb2dbe989def0207a,"canonical hex polygon INTERSECT canonical OSM land component, unioned inside the hex (overlap-safe)",v1_sha1_hexid_pipe_subjectid
lfr_52f29323197584,h6000_q-001355_r+001904,hsub_iceland_main_island,OCEAN,False,2.494325484,0.484579,c16ec4c8850678fc66d703458b2d3ade559126acef39f667d5753fe26479e16f,"canonical hex polygon INTERSECT canonical OSM land component, unioned inside the hex (overlap-safe)",v1_sha1_hexid_pipe_subjectid
lfr_565e65f4872e40,h6000_q-001354_r+001904,hsub_iceland_main_island,OCEAN,False,2.319732126,0.449954,bee9e9729ecd371773b5f5b0d1d228d0fd02adcd0d8cb69290cee515d9418e09,"canonical hex polygon INTERSECT canonical OSM land component, unioned inside the hex (overlap-safe)",v1_sha1_hexid_pipe_subjectid
lfr_4163b4b9bc9afb,h6000_q-001353_r+001904,hsub_iceland_main_island,OCEAN,False,2.220483653,0.430708,bf4b1fe0689662a1bf47af6d936f261c820f088d0b7e9a40b1fe3583af47ed5f,"canonical hex polygon INTERSECT canonical OSM land component, unioned inside the hex (overlap-safe)",v1_sha1_hexid_pipe_subjectid
lfr_c941f5c580523d,h6000_q-001351_r+001904,hsub_iceland_main_island,OCEAN,False,1.876996203,0.363945,ead5fe6cabec50a541d9bce0d97a7b9fb0f19a7b90becc4c3b5e2b7f3060a02b,"canonical hex polygon INTERSECT canonical OSM land component, unioned inside the hex (overlap-safe)",v1_sha1_hexid_pipe_subjectid
lfr_5537d5c9d1d836,h6000_q-001331_r+001904,hsub_iceland_main_island,OCEAN,False,0.182958306,0.035478,a4ac50cfbd6c03cfadea2b07c7a57b0b8b6d728343e0c21c6c76f0675d5a28b6,"canonical hex polygon INTERSECT canonical OSM land component, unioned inside the hex (overlap-safe)",v1_sha1_hexid_pipe_subjectid
lfr_be4ef32eff2d57,h6000_q-001323_r+001904,hsub_iceland_main_island,OCEAN,False,0.085776694,0.016627,688a8b564648fbd669322b9cb951faa320f2515a4279aaaf167e3b31a758e043,"canonical hex polygon INTERSECT canonical OSM land component, unioned inside the hex (overlap-safe)",v1_sha1_hexid_pipe_subjectid
lfr_985ca935e7ca31,h6000_q-001312_r+001904,hsub_iceland_main_island,OCEAN,False,2.080989049,0.403445,3fb448c59d2f7e957b6ca209a8ffe7807841fc6e8f5e2ecbd85be5720aacefb9,"canonical hex polygon INTERSECT canonical OSM land component, unioned inside the hex (overlap-safe)",v1_sha1_hexid_pipe_subjectid
lfr_589ec1c90f6c3f,h6000_q-001292_r+001904,hsub_iceland_main_island,OCEAN,False,0.020701898,0.004015,3186be2c861091c1de927828ce0d3c763799dad02a5d1880a84340a2a0c14faa,"canonical hex polygon INTERSECT canonical OSM land component, unioned inside the hex (overlap-safe)",v1_sha1_hexid_pipe_subjectid
lfr_ca872d69922d30,h6000_q-001393_r+001905,hsub_iceland_main_island,OCEAN,False,0.020936313,0.004063,d93107be21fb6c95043d24b72436a0038760d2e72559d2c3e8f8be2b512b5eeb,"canonical hex polygon INTERSECT canonical OSM land component, unioned inside the hex (overlap-safe)",v1_sha1_hexid_pipe_subjectid
lfr_d467b0d8651153,h6000_q-001381_r+001905,hsub_iceland_main_island,OCEAN,False,1.489798538,0.28927,d715e2aa1c0483d18ebf7c44d7096f40dd5e6223087b3ca4e15ad1c2b041ba0f,"canonical hex polygon INTERSECT canonical OSM land component, unioned inside the hex (overlap-safe)",v1_sha1_hexid_pipe_subjectid
lfr_0f6e3425c6edbb,h6000_q-001379_r+001905,hsub_iceland_main_island,OCEAN,False,1.979038219,0.384325,9e309bbd59fa124123fa620aa567818994c5ddcec29a5a0595ee04adec4bf320,"canonical hex polygon INTERSECT canonical OSM land component, unioned inside the hex (overlap-safe)",v1_sha1_hexid_pipe_subjectid
lfr_790eb44757ffc9,h6000_q-001371_r+001905,hsub_iceland_main_island,OCEAN,False,0.443989607,0.086278,43aed7a5e1c914a976f232a6c658b912e37019deafe0b15e5a20846f902ed040,"canonical hex polygon INTERSECT canonical OSM land component, unioned inside the hex (overlap-safe)",v1_sha1_hexid_pipe_subjectid
lfr_86b9d71e2f51e9,h6000_q-001369_r+001905,hsub_iceland_main_island,OCEAN,False,2.544165132,0.494271,d5a9c7453f65e71b91e15947a29a850bb5c1bb1b1086cb71d75b90af8396b0ea,"canonical hex polygon INTERSECT canonical OSM land component, unioned inside the hex (overlap-safe)",v1_sha1_hexid_pipe_subjectid
lfr_b14d59232d983c,h6000_q-001354_r+001905,hsub_iceland_main_island,OCEAN,False,0.340094656,0.071552,4b2940c4300f4c2420e8d3962f7708de4642d45b6d836000024566267209b1b1,"canonical hex polygon INTERSECT canonical OSM land component, unioned inside the hex (overlap-safe)",v1_sha1_hexid_pipe_subjectid
lfr_e295f8ca89913c,h6000_q-001352_r+001905,hsub_iceland_main_island,OCEAN,False,2.230518771,0.433155,30adc98599f5d5fee90ba8e80c80639411123f916ec52a3a6da36f1bd5a8ca6c,"canonical hex polygon INTERSECT canonical OSM land component, unioned inside the hex (overlap-safe)",v1_sha1_hexid_pipe_subjectid
lfr_101ef4d49ddebc,h6000_q-001324_r+001905,hsub_iceland_main_island,OCEAN,False,0.587293426,0.114053,41289b29605d13bfe0e9dc865ac50a663a7b98f97acda9254e541f4b3959443f,"canonical hex polygon INTERSECT canonical OSM land component, unioned inside the hex (overlap-safe)",v1_sha1_hexid_pipe_subjectid
lfr_095eb8c2527363,h6000_q-001312_r+001905,hsub_iceland_main_island,OCEAN,False,0.475570748,0.092332,30ee3d808c3709c9c1541d3b22b5ed1b57c20c1063a998b4058af302cfb33825,"canonical hex polygon INTERSECT canonical OSM land component, unioned inside the hex (overlap-safe)",v1_sha1_hexid_pipe_subjectid
lfr_549bd0ee60d4d9,h6000_q-001311_r+001905,hsub_iceland_main_island,OCEAN,False,1.300614439,0.252495,c842e1ef84f2d75ffbc880dab44fdf17a711a7c2369de165b64291ab1cbd2620,"canonical hex polygon INTERSECT canonical OSM land component, unioned inside the hex (overlap-safe)",v1_sha1_hexid_pipe_subjectid
lfr_87ba6208c865c5,h6000_q-001310_r+001905,hsub_iceland_main_island,OCEAN,False,1.911340791,0.371076,462eb4a49fbb68f1c98c8e4b19e26fe44188057579bf4e851b95a5e8a2eb3a18,"canonical hex polygon INTERSECT canonical OSM land component, unioned inside the hex (overlap-safe)",v1_sha1_hexid_pipe_subjectid
lfr_dea3b1655f1e14,h6000_q-001308_r+001905,hsub_iceland_main_island,OCEAN,False,0.488318209,0.094833,bb6d8ee6218b6457273535629c65eee1901ed883c0cf99c0eb259d757bd865f4,"canonical hex polygon INTERSECT canonical OSM land component, unioned inside the hex (overlap-safe)",v1_sha1_hexid_pipe_subjectid
lfr_929490c61476da,h6000_q-001296_r+001905,hsub_iceland_main_island,OCEAN,False,0.282547674,0.054862,5ccc4c36aa8ddf797de9327e7e4d574ca00e126f38613c3f0e9cd5e0a783c27d,"canonical hex polygon INTERSECT canonical OSM land component, unioned inside the hex (overlap-safe)",v1_sha1_hexid_pipe_subjectid
lfr_7f268661b27eb2,h6000_q-001392_r+001906,hsub_iceland_main_island,OCEAN,False,0.800464508,0.155754,6a986e5e404a15890cdeecff3396fc05038304645185896f1e3f3e5bd6813336,"canonical hex polygon INTERSECT canonical OSM land component, unioned inside the hex (overlap-safe)",v1_sha1_hexid_pipe_subjectid
lfr_51455005ff889f,h6000_q-001381_r+001906,hsub_iceland_main_island,OCEAN,False,0.678066347,0.131846,9b3d036043a6b1aded8101a1e37814866d0d246cd4466e8f2c9ba24f25558f38,"canonical hex polygon INTERSECT canonical OSM land component, unioned inside the hex (overlap-safe)",v1_sha1_hexid_pipe_subjectid
lfr_63f6ffb5a8fb60,h6000_q-001380_r+001906,hsub_iceland_main_island,OCEAN,False,1.159584092,0.225457,9602a3cc269e78ca5f03e76969f3103a004ee8a6a5e69e9f4d08588b85fdabff,"canonical hex polygon INTERSECT canonical OSM land component, unioned inside the hex (overlap-safe)",v1_sha1_hexid_pipe_subjectid
lfr_bf8eb1dffce546,h6000_q-001372_r+001906,hsub_iceland_main_island,OCEAN,False,1.920803323,0.373698,7d3288be202617e79ad94ccf36e601c4ef3823c742412a4d344752c24390e307,"canonical hex polygon INTERSECT canonical OSM land component, unioned inside the hex (overlap-safe)",v1_sha1_hexid_pipe_subjectid
lfr_00139116b33d45,h6000_q-001356_r+001906,hsub_iceland_main_island,OCEAN,False,1.329012439,0.26103,e2ed0ccb8eedf57b68f0dbfbc49a4617761e227ab2f79b974036d92ee5299366,"canonical hex polygon INTERSECT canonical OSM land component, unioned inside the hex (overlap-safe)",v1_sha1_hexid_pipe_subjectid
lfr_26bc811612067a,h6000_q-001353_r+001906,hsub_iceland_main_island,OCEAN,False,0.053385372,0.010375,c4f17ddbb506a3c1e0d2576d1312150a1cddbace7980faae466b81c67bece0ed,"canonical hex polygon INTERSECT canonical OSM land component, unioned inside the hex (overlap-safe)",v1_sha1_hexid_pipe_subjectid
lfr_081c30e895e674,h6000_q-001331_r+001906,hsub_iceland_main_island,OCEAN,False,0.23811535,0.05983,3eb0415322e5ebf6ca461bb356cbaa9a66006c8252d7b3b15f226f07996eb3bd,"canonical hex polygon INTERSECT canonical OSM land component, unioned inside the hex (overlap-safe)",v1_sha1_hexid_pipe_subjectid
lfr_f13a3be7740151,h6000_q-001330_r+001906,hsub_iceland_main_island,OCEAN,False,2.407438939,0.46987,9e90d5735d03b2a8f20e02d9b27d55b8fbf75857134f9cdf69b5b7c2045355a5,"canonical hex polygon INTERSECT canonical OSM land component, unioned inside the hex (overlap-safe)",v1_sha1_hexid_pipe_subjectid
lfr_ba65005a211e7b,h6000_q-001325_r+001906,hsub_iceland_main_island,OCEAN,False,0.042707908,0.008304,e838b1032ee95df5c8427fb8041dc3d3c5bbb708109711c9a5fae2190a2d8c77,"canonical hex polygon INTERSECT canonical OSM land component, unioned inside the hex (overlap-safe)",v1_sha1_hexid_pipe_subjectid
lfr_923bb9a93724ca,h6000_q-001308_r+001906,hsub_iceland_main_island,OCEAN,False,0.098964028,0.019233,86c393327d987df674af8b026bb050111a65fe1384cbe439a37d645f08e440b6,"canonical hex polygon INTERSECT canonical OSM land component, unioned inside the hex (overlap-safe)",v1_sha1_hexid_pipe_subjectid
lfr_6f4d955ab962a1,h6000_q-001298_r+001906,hsub_iceland_main_island,OCEAN,False,0.527277679,0.102526,54de42ff5b11ba9fbde8a0f8d0003f61f3753ba9ad64743b9a3b242c1e46f3b2,"canonical hex polygon INTERSECT canonical OSM land component, unioned inside the hex (overlap-safe)",v1_sha1_hexid_pipe_subjectid
lfr_845dbaa9b2db8b,h6000_q-001297_r+001906,hsub_iceland_main_island,OCEAN,False,0.243215694,0.047291,bd9dbf2a825d34b9064c67e16067211aa13c027d8c0aa02d81f061277e1f57aa,"canonical hex polygon INTERSECT canonical OSM land component, unioned inside the hex (overlap-safe)",v1_sha1_hexid_pipe_subjectid
lfr_eb64f3f0a7d8d1,h6000_q-001293_r+001906,hsub_iceland_main_island,OCEAN,False,0.700887703,0.136341,1f4ddd6fffb132b952de0dc7d66acfa01f61700349d7cfc8bb3e12db3121f6ac,"canonical hex polygon INTERSECT canonical OSM land component, unioned inside the hex (overlap-safe)",v1_sha1_hexid_pipe_subjectid
lfr_ac380af656864a,h6000_q-001393_r+001907,hsub_iceland_main_island,OCEAN,False,0.067136765,0.013074,b088dd170f29a93ec6c6d3bf1a767debea74ba7af0ac6e1e6a7286b8804129fe,"canonical hex polygon INTERSECT canonical OSM land component, unioned inside the hex (overlap-safe)",v1_sha1_hexid_pipe_subjectid
lfr_39c207fb5ea411,h6000_q-001382_r+001907,hsub_iceland_main_island,OCEAN,False,0.15379689,0.029957,f3de11dac6358b23ad2260d688f4404c6bb90c7588860c76e61b00ca560c47ab,"canonical hex polygon INTERSECT canonical OSM land component, unioned inside the hex (overlap-safe)",v1_sha1_hexid_pipe_subjectid
lfr_399b51c779c507,h6000_q-001375_r+001907,hsub_iceland_main_island,OCEAN,False,0.077632843,0.015129,b0be1bcba1c10773239a55bf609e8004e5b61a6bbe3784df52c05c70f8069ae3,"canonical hex polygon INTERSECT canonical OSM land component, unioned inside the hex (overlap-safe)",v1_sha1_hexid_pipe_subjectid
lfr_019a27a64ad33c,h6000_q-001357_r+001907,hsub_iceland_main_island,OCEAN,False,2.416044347,0.470543,865f8f17ccb38f064d216d8316a848c8c41d8b9298b4c01c7e9d028ebc711a5d,"canonical hex polygon INTERSECT canonical OSM land component, unioned inside the hex (overlap-safe)",v1_sha1_hexid_pipe_subjectid
lfr_8f4049835d3905,h6000_q-001327_r+001907,hsub_iceland_main_island,OCEAN,False,2.550271753,0.496663,20fbb8150cb6fc6b9143a89a45df703fd5b1df239cb1b9e538bc2354a9c29068,"canonical hex polygon INTERSECT canonical OSM land component, unioned inside the hex (overlap-safe)",v1_sha1_hexid_pipe_subjectid
lfr_0ef8d4556c2932,h6000_q-001326_r+001907,hsub_iceland_main_island,OCEAN,False,0.458993806,0.089397,03b9213f05fa62b322070dbfa75747b3e82509a784c6ecb620d21d4e4d2429fe,"canonical hex polygon INTERSECT canonical OSM land component, unioned inside the hex (overlap-safe)",v1_sha1_hexid_pipe_subjectid
lfr_2f437098c6ee07,h6000_q-001308_r+001907,hsub_iceland_main_island,OCEAN,False,0.18524728,0.036084,29cf3ff598a09ce909bc57848292f73ec333ca2e6e86e2f8ea35184e18a9356d,"canonical hex polygon INTERSECT canonical OSM land component, unioned inside the hex (overlap-safe)",v1_sha1_hexid_pipe_subjectid
lfr_7c075b07c47875,h6000_q-001392_r+001908,hsub_iceland_main_island,OCEAN,False,0.194219412,0.037911,bb1342f2dcbab993762b93a06e23aec999a1ed05459ea2f653473f7dfcc13b5d,"canonical hex polygon INTERSECT canonical OSM land component, unioned inside the hex (overlap-safe)",v1_sha1_hexid_pipe_subjectid
lfr_2527992d8da033,h6000_q-001391_r+001908,hsub_iceland_main_island,OCEAN,False,1.718579807,0.335261,203b6dacdb7c8c3cf5c76e7f390e325518caef04562ed6d04c7c83345e4f82c0,"canonical hex polygon INTERSECT canonical OSM land component, unioned inside the hex (overlap-safe)",v1_sha1_hexid_pipe_subjectid
lfr_c9d52d706cefcf,h6000_q-001383_r+001908,hsub_iceland_main_island,OCEAN,False,0.630365964,0.122942,d86357fc2d01d558f94c6ce36871ce4e4d2205f8004aee629e7fe12380d6c33a,"canonical hex polygon INTERSECT canonical OSM land component, unioned inside the hex (overlap-safe)",v1_sha1_hexid_pipe_subjectid
lfr_5f5fcb098f56a5,h6000_q-001377_r+001908,hsub_iceland_main_island,OCEAN,False,0.420896653,0.082151,a7822da84209d97d0186d900d802315aa5f3ec117ad9fcbc1fcc21cae228e6d5,"canonical hex polygon INTERSECT canonical OSM land component, unioned inside the hex (overlap-safe)",v1_sha1_hexid_pipe_subjectid
lfr_552b161e455e1e,h6000_q-001357_r+001908,hsub_iceland_main_island,OCEAN,False,0.967316595,0.188745,e30d35aab19273d13a11edc860edf3688e69a76e5289f64e08188ae04716967c,"canonical hex polygon INTERSECT canonical OSM land component, unioned inside the hex (overlap-safe)",v1_sha1_hexid_pipe_subjectid
lfr_83ca2fb5d940ec,h6000_q-001328_r+001908,hsub_iceland_main_island,OCEAN,False,0.008787814,0.001713,392efbbc46f1426a604bfeb5f223380d27d280d4ea47c78ff233371834dad5a0,"canonical hex polygon INTERSECT canonical OSM land component, unioned inside the hex (overlap-safe)",v1_sha1_hexid_pipe_subjectid
lfr_0d6b62e82fade7,h6000_q-001308_r+001908,hsub_iceland_main_island,OCEAN,False,1.510552306,0.294665,c563e16143be5808466ce58fc8d1b0af078eeb4313a5233c36be0658df79d2ad,"canonical hex polygon INTERSECT canonical OSM land component, unioned inside the hex (overlap-safe)",v1_sha1_hexid_pipe_subjectid
lfr_7e3bcafb7de788,h6000_q-001294_r+001908,hsub_iceland_main_island,OCEAN,False,1.568759992,0.306039,e39a025626d2ab930346bf1fb04da649321f123065fb04a321635902da935094,"canonical hex polygon INTERSECT canonical OSM land component, unioned inside the hex (overlap-safe)",v1_sha1_hexid_pipe_subjectid
lfr_1618eaad5f787e,h6000_q-001385_r+001909,hsub_iceland_main_island,OCEAN,False,1.262457291,0.246541,e08137c5fa28e3634c9e978f5d75a9d9262f3b7fd4d25c437ee5e67c9c2467ba,"canonical hex polygon INTERSECT canonical OSM land component, unioned inside the hex (overlap-safe)",v1_sha1_hexid_pipe_subjectid
lfr_64f867339b6df6,h6000_q-001379_r+001909,hsub_iceland_main_island,OCEAN,False,1.13636127,0.222125,552254df59de2331f5596e10aa70c58777e63b694229f7439a5175285ed869f1,"canonical hex polygon INTERSECT canonical OSM land component, unioned inside the hex (overlap-safe)",v1_sha1_hexid_pipe_subjectid
lfr_c342ebfa011719,h6000_q-001357_r+001909,hsub_iceland_main_island,OCEAN,False,0.030541394,0.005966,0139cf8db0c26846f496dae5c4e5fa332625e51f4a29c5b690659b3912ae8c9f,"canonical hex polygon INTERSECT canonical OSM land component, unioned inside the hex (overlap-safe)",v1_sha1_hexid_pipe_subjectid
lfr_5918fe7b120e2b,h6000_q-001308_r+001909,hsub_iceland_main_island,OCEAN,False,2.462318861,0.480984,24fb615813624bc33deabadc6300ba6aa70447c517ce6021b2d59af955afc8b8,"canonical hex polygon INTERSECT canonical OSM land component, unioned inside the hex (overlap-safe)",v1_sha1_hexid_pipe_subjectid
lfr_94df4362e51de6,h6000_q-001305_r+001909,hsub_iceland_main_island,OCEAN,False,2.027678483,0.396132,4b60309a56779462b195c2f648a6d95b11184acd3ef3a3232e2f499b8a18e839,"canonical hex polygon INTERSECT canonical OSM land component, unioned inside the hex (overlap-safe)",v1_sha1_hexid_pipe_subjectid
lfr_7fc3e8f8353568,h6000_q-001289_r+001909,hsub_iceland_main_island,OCEAN,False,1.214593404,0.237208,f7592a22663058607630fb8f3d830a16c14df5360e123b58fce367a97c327c8d,"canonical hex polygon INTERSECT canonical OSM land component, unioned inside the hex (overlap-safe)",v1_sha1_hexid_pipe_subjectid
lfr_dd8aefaff6486e,h6000_q-001392_r+001910,hsub_iceland_main_island,OCEAN,False,2.034292297,0.397953,e8b603924495c844be7642c43b239a0c5cba488b013f2e82eb3e7607cdb1b8bc,"canonical hex polygon INTERSECT canonical OSM land component, unioned inside the hex (overlap-safe)",v1_sha1_hexid_pipe_subjectid
lfr_93ba2ac63b9f35,h6000_q-001386_r+001910,hsub_iceland_main_island,OCEAN,False,0.153631532,0.03005,3c9a96ee5fbcd0667447f8dbb61ab345cdbcd62dd4da485e4873c4d24eed092d,"canonical hex polygon INTERSECT canonical OSM land component, unioned inside the hex (overlap-safe)",v1_sha1_hexid_pipe_subjectid
lfr_37c23ae356a45b,h6000_q-001358_r+001910,hsub_iceland_main_island,OCEAN,False,0.058710351,0.011493,a704c09b164ca35766a3c969a98c86873f0fef9ff154eb4c57a6b68b8d7f1f6a,"canonical hex polygon INTERSECT canonical OSM land component, unioned inside the hex (overlap-safe)",v1_sha1_hexid_pipe_subjectid
lfr_a1dd271316787a,h6000_q-001308_r+001910,hsub_iceland_main_island,OCEAN,False,0.364815848,0.071356,3bf5966f75041bac7ad38d02f71a953f4c84e58336623d323e7ad4e7def9a54a,"canonical hex polygon INTERSECT canonical OSM land component, unioned inside the hex (overlap-safe)",v1_sha1_hexid_pipe_subjectid
lfr_aad4fb54fd7582,h6000_q-001305_r+001910,hsub_iceland_main_island,OCEAN,False,1.087357377,0.212737,edbe15a23bbf341f821772c6b54a91f58b5832bbce00490cd712b6a1a82feb94,"canonical hex polygon INTERSECT canonical OSM land component, unioned inside the hex (overlap-safe)",v1_sha1_hexid_pipe_subjectid
lfr_a3a16cf82dbb1b,h6000_q-001303_r+001910,hsub_iceland_main_island,OCEAN,False,1.86640732,0.365668,bfdfcb19f4755950daf996282b61a0e51df921aa6250419f75e0a6b4fbd901b4,"canonical hex polygon INTERSECT canonical OSM land component, unioned inside the hex (overlap-safe)",v1_sha1_hexid_pipe_subjectid
lfr_14d0fe5ea07823,h6000_q-001302_r+001910,hsub_iceland_main_island,OCEAN,False,0.018931866,0.003701,7fa0b2949c04b6c16012e87528b1dc28d573f9af7fee66f63ea86bb1f52105d9,"canonical hex polygon INTERSECT canonical OSM land component, unioned inside the hex (overlap-safe)",v1_sha1_hexid_pipe_subjectid
lfr_09222703fbfd01,h6000_q-001294_r+001910,hsub_iceland_main_island,OCEAN,False,1.662123198,0.325099,6b2fd9619a023ee67c85f9cf5c000024921b0ca5abfbdfc2f64ebd0a5bb005e3,"canonical hex polygon INTERSECT canonical OSM land component, unioned inside the hex (overlap-safe)",v1_sha1_hexid_pipe_subjectid
lfr_11bd876cf1da30,h6000_q-001293_r+001910,hsub_iceland_main_island,OCEAN,False,1.963328222,0.384019,136462191bf108e363b5386281c8bafca290e16fe0952ad20dd9ded7b6d418f2,"canonical hex polygon INTERSECT canonical OSM land component, unioned inside the hex (overlap-safe)",v1_sha1_hexid_pipe_subjectid
lfr_d8383726d23936,h6000_q-001292_r+001910,hsub_iceland_main_island,OCEAN,False,1.005911518,0.196724,8071287b9bd98a0cc62921325b3a8afb429fb473845565b4958629c7df514d0c,"canonical hex polygon INTERSECT canonical OSM land component, unioned inside the hex (overlap-safe)",v1_sha1_hexid_pipe_subjectid
lfr_6b8903fd459b71,h6000_q-001291_r+001910,hsub_iceland_main_island,OCEAN,False,0.211001425,0.041256,e45786cd1e40f1a3b8e517bbe6b88ea690ea1b1f51da0c483e8c25817db1bb6c,"canonical hex polygon INTERSECT canonical OSM land component, unioned inside the hex (overlap-safe)",v1_sha1_hexid_pipe_subjectid
lfr_2bb238d5fd8215,h6000_q-001392_r+001911,hsub_iceland_main_island,OCEAN,False,0.021285701,0.004167,6c770b0e3037faa0f0856a01faa7a3b61281345ba386b341a87ab8f429a6f987,"canonical hex polygon INTERSECT canonical OSM land component, unioned inside the hex (overlap-safe)",v1_sha1_hexid_pipe_subjectid
lfr_f2b48c5661ba13,h6000_q-001391_r+001911,hsub_iceland_main_island,OCEAN,False,2.318968985,0.454342,33e004bf239922626a092424b134c434bd73c0f76a949f87c7cec4301bfaf683,"canonical hex polygon INTERSECT canonical OSM land component, unioned inside the hex (overlap-safe)",v1_sha1_hexid_pipe_subjectid
lfr_f1d59064167d9a,h6000_q-001389_r+001911,hsub_iceland_main_island,OCEAN,False,1.840010338,0.360425,63ddd17a82c015adf79b5bd4ec00d66821ea4bf683a274859714fb1227e6d712,"canonical hex polygon INTERSECT canonical OSM land component, unioned inside the hex (overlap-safe)",v1_sha1_hexid_pipe_subjectid
lfr_c413758b64b54c,h6000_q-001388_r+001911,hsub_iceland_main_island,OCEAN,False,0.400932398,0.078525,5f86634b9f23e4b4484a917bd2af8dd6f91b3a0671d01f35da4357ffad0d9424,"canonical hex polygon INTERSECT canonical OSM land component, unioned inside the hex (overlap-safe)",v1_sha1_hexid_pipe_subjectid
lfr_92b7e9836017a9,h6000_q-001361_r+001911,hsub_iceland_main_island,OCEAN,False,1.635588602,0.320385,8d181fea50ab2fc3a27c3e10a4db37cb544db141841733c336e94ea5f3b2002b,"canonical hex polygon INTERSECT canonical OSM land component, unioned inside the hex (overlap-safe)",v1_sha1_hexid_pipe_subjectid
lfr_a9eef741d6b03a,h6000_q-001360_r+001911,hsub_iceland_main_island,OCEAN,False,0.10587234,0.020733,c2f4c48af3a6d139ad2bf872dc59fafb938f18ad027cbae5e611c2717192b78b,"canonical hex polygon INTERSECT canonical OSM land component, unioned inside the hex (overlap-safe)",v1_sha1_hexid_pipe_subjectid
lfr_9124401a333f24,h6000_q-001359_r+001911,hsub_iceland_main_island,OCEAN,False,0.045305381,0.008871,38483ad838a96a4bfdbf6afaf2a5d0a7576bb9c67cead6647e6eabc3a34db21a,"canonical hex polygon INTERSECT canonical OSM land component, unioned inside the hex (overlap-safe)",v1_sha1_hexid_pipe_subjectid
lfr_bee2a031c07189,h6000_q-001307_r+001911,hsub_iceland_main_island,OCEAN,False,0.811069479,0.15885,b16075b28c644fc4d7bdd1a3156bac9a44073a5a30852d1a9bc431c12b6f23ca,"canonical hex polygon INTERSECT canonical OSM land component, unioned inside the hex (overlap-safe)",v1_sha1_hexid_pipe_subjectid
lfr_9a73d5595c33ee,h6000_q-001305_r+001911,hsub_iceland_main_island,OCEAN,False,2.49229282,0.488327,4e45efd67a8d4410572b35a93e5453217debbf288050f70d9fb2c786df4d82a2,"canonical hex polygon INTERSECT canonical OSM land component, unioned inside the hex (overlap-safe)",v1_sha1_hexid_pipe_subjectid
lfr_bff4f0b2ce164f,h6000_q-001304_r+001911,hsub_iceland_main_island,OCEAN,False,2.127464718,0.416763,fd4c5b799271f2855f4d7416da1b04f537e9836bef774f605b8a01a1e23c9798,"canonical hex polygon INTERSECT canonical OSM land component, unioned inside the hex (overlap-safe)",v1_sha1_hexid_pipe_subjectid
lfr_2e94dcf522eb54,h6000_q-001362_r+001912,hsub_iceland_main_island,OCEAN,False,0.081992297,0.01719,42076ff9c250023ea36c0b39dde5c75f6f06d9b08149a0fcde98842fc1b53af6,"canonical hex polygon INTERSECT canonical OSM land component, unioned inside the hex (overlap-safe)",v1_sha1_hexid_pipe_subjectid
lfr_d3f7fd964b3c40,h6000_q-001383_r+001913,hsub_iceland_main_island,OCEAN,False,0.735968133,0.14462,d88c7d2ad9a4b4240f7e8f07f2d93ad628c547f60b376af4453449808732248e,"canonical hex polygon INTERSECT canonical OSM land component, unioned inside the hex (overlap-safe)",v1_sha1_hexid_pipe_subjectid
lfr_5920bffd8c693d,h6000_q-001363_r+001913,hsub_iceland_main_island,OCEAN,False,0.490990195,0.096518,6d6c7c2a0cd06e88503d0f7f65a6cecdc829be9cb168aa1eb53d5aa25d8dcb24,"canonical hex polygon INTERSECT canonical OSM land component, unioned inside the hex (overlap-safe)",v1_sha1_hexid_pipe_subjectid
lfr_1ddce12dd92d6c,h6000_q-001382_r+001914,hsub_iceland_main_island,OCEAN,False,0.524312179,0.103139,8faad0db6dbe69774117a8ced56ca602d381e8eb29ce4fbd0683759e3e5a71f2,"canonical hex polygon INTERSECT canonical OSM land component, unioned inside the hex (overlap-safe)",v1_sha1_hexid_pipe_subjectid
lfr_eda791e35a101f,h6000_q-001378_r+001914,hsub_iceland_main_island,OCEAN,False,1.643342459,0.323348,a83d5b9c53da0e1f962063935a53ba4abeb828aab0e5338ba1d7615a31a73fc7,"canonical hex polygon INTERSECT canonical OSM land component, unioned inside the hex (overlap-safe)",v1_sha1_hexid_pipe_subjectid
lfr_e9644c047cb55a,h6000_q-001377_r+001914,hsub_iceland_main_island,OCEAN,False,0.506204596,0.099581,63f9fe2d79fa115024ae4989d094b678479c2d38782fc97c82265a2ac4aef6e6,"canonical hex polygon INTERSECT canonical OSM land component, unioned inside the hex (overlap-safe)",v1_sha1_hexid_pipe_subjectid
lfr_1ba65ff515953c,h6000_q-001376_r+001914,hsub_iceland_main_island,OCEAN,False,0.172706043,0.033984,8792c8d8121da5f6feda7c9391722a9a2c55ef94872b96f2d719cf789aa6328d,"canonical hex polygon INTERSECT canonical OSM land component, unioned inside the hex (overlap-safe)",v1_sha1_hexid_pipe_subjectid
lfr_505a525e05558c,h6000_q-001375_r+001914,hsub_iceland_main_island,OCEAN,False,1.449852725,0.285278,166c1cc00a4135b72c70fa45f506c1e5ca31f4f69022bee1f6d8940f7db2e939,"canonical hex polygon INTERSECT canonical OSM land component, unioned inside the hex (overlap-safe)",v1_sha1_hexid_pipe_subjectid
lfr_75dae27cae8061,h6000_q-001364_r+001914,hsub_iceland_main_island,OCEAN,False,1.018415098,0.20038,47227325483dbbe6d04350ec582c6d31a8ee80d969ebbb0c9852e12b716da66b,"canonical hex polygon INTERSECT canonical OSM land component, unioned inside the hex (overlap-safe)",v1_sha1_hexid_pipe_subjectid
lfr_014c6fc57dd3b6,h6000_q-001381_r+001915,hsub_iceland_main_island,OCEAN,False,0.518261268,0.102109,0555563ae50986681d4bfbde908c7fc815ae415335ef5a96dd79d726898dddf5,"canonical hex polygon INTERSECT canonical OSM land component, unioned inside the hex (overlap-safe)",v1_sha1_hexid_pipe_subjectid
lfr_86ee21fc80e1d6,h6000_q-001380_r+001915,hsub_iceland_main_island,OCEAN,False,0.809224185,0.159443,eaac9427d06de49c3e378afb0e5a8718dd40abf8b72a22b8452b7e354c3bb2b9,"canonical hex polygon INTERSECT canonical OSM land component, unioned inside the hex (overlap-safe)",v1_sha1_hexid_pipe_subjectid
lfr_73343fd965929e,h6000_q-001376_r+001915,hsub_iceland_main_island,OCEAN,False,2.13017203,0.420011,1d1f8647045b75cb1a0c6aa4be64f609679eb1aa1b358722ac2d1f153569ce00,"canonical hex polygon INTERSECT canonical OSM land component, unioned inside the hex (overlap-safe)",v1_sha1_hexid_pipe_subjectid
lfr_1b6a7e63b10299,h6000_q-001368_r+001915,hsub_iceland_main_island,OCEAN,False,2.277655818,0.448971,09b69ee2698fdc2ebcd2cc780f091d80d76345543e40c64f0ee9c070f13bb98b,"canonical hex polygon INTERSECT canonical OSM land component, unioned inside the hex (overlap-safe)",v1_sha1_hexid_pipe_subjectid
lfr_1c97673ad300eb,h6000_q-001367_r+001915,hsub_iceland_main_island,OCEAN,False,0.858081865,0.169151,64873d64aef7467031c69d344d1c6fef070c60eebc5255cf3112b3100c935c17,"canonical hex polygon INTERSECT canonical OSM land component, unioned inside the hex (overlap-safe)",v1_sha1_hexid_pipe_subjectid
lfr_79cb7b5e360999,h6000_q-001366_r+001915,hsub_iceland_main_island,OCEAN,False,0.173678686,0.034229,8a38d149009a64c937af8b29fca51d251aeee9728dc078434db53f65def3ff66,"canonical hex polygon INTERSECT canonical OSM land component, unioned inside the hex (overlap-safe)",v1_sha1_hexid_pipe_subjectid
lfr_fbba9c3fc37f0f,h6000_q-001365_r+001915,hsub_iceland_main_island,OCEAN,False,1.385979784,0.273128,a32a246ac21d69bcc3a2dbaf3c4a67e10e9cb4e9da634d5a7ddbe9c42993f429,"canonical hex polygon INTERSECT canonical OSM land component, unioned inside the hex (overlap-safe)",v1_sha1_hexid_pipe_subjectid
lfr_a9009937d1e6af,h6000_q-001385_r+001916,hsub_iceland_main_island,OCEAN,False,0.131298891,0.02704,b57dbf217b422b01c5097cf82f41ee0425c231d1d117d054764739708af94c32,"canonical hex polygon INTERSECT canonical OSM land component, unioned inside the hex (overlap-safe)",v1_sha1_hexid_pipe_subjectid
lfr_2d40e7d0078c52,h6000_q-001384_r+001916,hsub_iceland_main_island,OCEAN,False,0.067508284,0.013339,7223d5ed24922b03913b26df8d5cdd8b46bd6b16992065b8b944e8cc43f397e1,"canonical hex polygon INTERSECT canonical OSM land component, unioned inside the hex (overlap-safe)",v1_sha1_hexid_pipe_subjectid
lfr_cd65c7803e274f,h6000_q-001379_r+001916,hsub_iceland_main_island,OCEAN,False,0.94066519,0.185805,e173f80ec6e85522367e67992136ec8b369901ab16d8bdfaca2591d5845da6b9,"canonical hex polygon INTERSECT canonical OSM land component, unioned inside the hex (overlap-safe)",v1_sha1_hexid_pipe_subjectid
lfr_eb10f4679d43e2,h6000_q-001378_r+001916,hsub_iceland_main_island,OCEAN,False,2.417574478,0.477458,efbe6fc97c6ff7568f28ffd6dcd4caca503ed61509a1e9e11aa0017e24f0528e,"canonical hex polygon INTERSECT canonical OSM land component, unioned inside the hex (overlap-safe)",v1_sha1_hexid_pipe_subjectid
lfr_ffc65f74107c84,h6000_q-001377_r+001916,hsub_iceland_main_island,OCEAN,False,2.358654873,0.465805,f83b6200abcc72712db288c97a11367eabf086ae20785944729f6a504f9387ca,"canonical hex polygon INTERSECT canonical OSM land component, unioned inside the hex (overlap-safe)",v1_sha1_hexid_pipe_subjectid
lfr_bdeea344cc410d,h6000_q-001376_r+001916,hsub_iceland_main_island,OCEAN,False,2.057993002,0.406163,1a1606f141dec89082e927cbc12cec8cd6b9e8574a5e2aa44620b7fc01ba00f5,"canonical hex polygon INTERSECT canonical OSM land component, unioned inside the hex (overlap-safe)",v1_sha1_hexid_pipe_subjectid
lfr_999b286fe92e77,h6000_q-001370_r+001916,hsub_iceland_main_island,OCEAN,False,1.602329865,0.316407,295d890d2a2160c4a10760a1b4959ada41135e4e53471da570c0e8ddb695d38f,"canonical hex polygon INTERSECT canonical OSM land component, unioned inside the hex (overlap-safe)",v1_sha1_hexid_pipe_subjectid
lfr_d2991e6c3ec5c4,h6000_q-001369_r+001916,hsub_iceland_main_island,OCEAN,False,0.32832184,0.064772,7f7e4dc72f0198d8652fa61a05c1a06e52d1c5d26a2190547421afdef862a862,"canonical hex polygon INTERSECT canonical OSM land component, unioned inside the hex (overlap-safe)",v1_sha1_hexid_pipe_subjectid
lfr_02c2494b929369,h6000_q-001368_r+001916,hsub_iceland_main_island,OCEAN,False,1.140781891,0.225489,3cf9f4d6462f8d85c0c0db0552e6765be57bf44af98d036d6d69aec791b8e105,"canonical hex polygon INTERSECT canonical OSM land component, unioned inside the hex (overlap-safe)",v1_sha1_hexid_pipe_subjectid
lfr_3bab01e26a8895,h6000_q-001387_r+001917,hsub_iceland_main_island,OCEAN,False,0.378738903,0.074918,cc5cbadc6a9d9c050c7bea82dff94446be43424405c632c04d676a6df43b6531,"canonical hex polygon INTERSECT canonical OSM land component, unioned inside the hex (overlap-safe)",v1_sha1_hexid_pipe_subjectid
lfr_8e25ef697e7312,h6000_q-001383_r+001917,hsub_iceland_main_island,OCEAN,False,0.170184758,0.033662,4782ca3c8f26075fc5a4850bf9087e5fd7156bac7117a3d33279d47e3d02b750,"canonical hex polygon INTERSECT canonical OSM land component, unioned inside the hex (overlap-safe)",v1_sha1_hexid_pipe_subjectid
lfr_2a0cda70ff2a4a,h6000_q-001382_r+001917,hsub_iceland_main_island,OCEAN,False,0.920802073,0.182161,f67bd2d90a54c9fe6a13766b4f17c804e3c855cabc9eee53292987da08c5a18f,"canonical hex polygon INTERSECT canonical OSM land component, unioned inside the hex (overlap-safe)",v1_sha1_hexid_pipe_subjectid
lfr_73086a29755cc2,h6000_q-001381_r+001917,hsub_iceland_main_island,OCEAN,False,0.165592133,0.032756,fa1b0f2e208a8fab15ccd329e7c9fa69db8895f1cb71419d6614d57cba1f0467,"canonical hex polygon INTERSECT canonical OSM land component, unioned inside the hex (overlap-safe)",v1_sha1_hexid_pipe_subjectid
lfr_872081c35652bd,h6000_q-001380_r+001917,hsub_iceland_main_island,OCEAN,False,0.842334629,0.166521,5dd359ea63388f0b7aab2afe25428c19916a6ac213fa605ab7a7e58ab255d904,"canonical hex polygon INTERSECT canonical OSM land component, unioned inside the hex (overlap-safe)",v1_sha1_hexid_pipe_subjectid
lfr_272ccb8d7eca70,h6000_q-001376_r+001917,hsub_iceland_main_island,OCEAN,False,0.976317877,0.193655,4ad8a097aba933a66bee97ab5266748d67e0a24a337984ccca3394fa42ba2272,"canonical hex polygon INTERSECT canonical OSM land component, unioned inside the hex (overlap-safe)",v1_sha1_hexid_pipe_subjectid
lfr_71f00fcd6b03e8,h6000_q-001370_r+001917,hsub_iceland_main_island,OCEAN,False,0.021133879,0.004177,fd882d759a08406bc8c870642a2d61da48c7b7a95ca8670976f6d30b0305a010,"canonical hex polygon INTERSECT canonical OSM land component, unioned inside the hex (overlap-safe)",v1_sha1_hexid_pipe_subjectid
lfr_20949c9ac5690f,h6000_q-001389_r+001918,hsub_iceland_main_island,OCEAN,False,0.316768198,0.062749,d70a0bb2de59937af1ca9ad21cfc1a97708b7013f7274ad5f7a2c1b7d610f2d2,"canonical hex polygon INTERSECT canonical OSM land component, unioned inside the hex (overlap-safe)",v1_sha1_hexid_pipe_subjectid
lfr_3ed44618217398,h6000_q-001383_r+001918,hsub_iceland_main_island,OCEAN,False,0.630502991,0.124835,56042332fe2063608074d396414fc6ba873299df9686b6082239623b76028125,"canonical hex polygon INTERSECT canonical OSM land component, unioned inside the hex (overlap-safe)",v1_sha1_hexid_pipe_subjectid
lfr_d50e471d3118ab,h6000_q-001380_r+001918,hsub_iceland_main_island,OCEAN,False,1.300136476,0.257398,f7927a3871bff114e6da1a594c0413b6b116b6ece2aab2baee78b12fce464750,"canonical hex polygon INTERSECT canonical OSM land component, unioned inside the hex (overlap-safe)",v1_sha1_hexid_pipe_subjectid
lfr_141f32f3056d18,h6000_q-001371_r+001918,hsub_iceland_main_island,OCEAN,False,2.039796705,0.404005,b22e940cb38a6ffa5040545a8ddb5e096ddd83937be8e830c75f83e7e3a591f3,"canonical hex polygon INTERSECT canonical OSM land component, unioned inside the hex (overlap-safe)",v1_sha1_hexid_pipe_subjectid
lfr_cd2affee961798,h6000_q-001390_r+001919,hsub_iceland_main_island,OCEAN,False,0.970852125,0.192573,29e28eb4cc1993eebe34a7797402932bd61ff642f888922e676291eeb15e2bcb,"canonical hex polygon INTERSECT canonical OSM land component, unioned inside the hex (overlap-safe)",v1_sha1_hexid_pipe_subjectid
lfr_797f59862a8eca,h6000_q-001383_r+001919,hsub_iceland_main_island,OCEAN,False,2.441983782,0.484304,7cb084c1e73b4ae9d4ba830563ea54fdc4af79f13cb71592a6721c152557e464,"canonical hex polygon INTERSECT canonical OSM land component, unioned inside the hex (overlap-safe)",v1_sha1_hexid_pipe_subjectid
lfr_d559d272c63657,h6000_q-001372_r+001919,hsub_iceland_main_island,OCEAN,False,1.462345193,0.289938,f0618f08e80a8287ee0a12fc500a1d5e087d14872f41a2626f3e785e0509dabf,"canonical hex polygon INTERSECT canonical OSM land component, unioned inside the hex (overlap-safe)",v1_sha1_hexid_pipe_subjectid
lfr_95450bda5254f2,h6000_q-001371_r+001919,hsub_iceland_main_island,OCEAN,False,0.215049178,0.042629,b45a0f18ba3e61748584a9d9b7d0cdbb99a6ca270195931fa01ac1cf31bd3d32,"canonical hex polygon INTERSECT canonical OSM land component, unioned inside the hex (overlap-safe)",v1_sha1_hexid_pipe_subjectid
lfr_baf81bf4c127e2,h6000_q-001390_r+001920,hsub_iceland_main_island,OCEAN,False,1.293549071,0.256781,08a374a75498cbf0a48812e2962c4b73eda84fd7deefdb2b2550c10423d7cd5c,"canonical hex polygon INTERSECT canonical OSM land component, unioned inside the hex (overlap-safe)",v1_sha1_hexid_pipe_subjectid
lfr_0ab5d213046b95,h6000_q-001389_r+001920,hsub_iceland_main_island,OCEAN,False,0.003288803,0.000653,596e5dd35be72b6d710064dbfcba2def95301d1add781642685ea6af4d14b81b,"canonical hex polygon INTERSECT canonical OSM land component, unioned inside the hex (overlap-safe)",v1_sha1_hexid_pipe_subjectid
lfr_103bf770c1c3fd,h6000_q-001388_r+001920,hsub_iceland_main_island,OCEAN,False,0.080998033,0.016079,e44becc3c968f749676a57888375e2183430039307e3691c09143064aecdfcdd,"canonical hex polygon INTERSECT canonical OSM land component, unioned inside the hex (overlap-safe)",v1_sha1_hexid_pipe_subjectid
lfr_0a2941db9d387b,h6000_q-001373_r+001920,hsub_iceland_main_island,OCEAN,False,2.312739594,0.459198,4b01ee544db5390fea2f76e5c1a8d3dcdcb856dac4b66ef67573e902abba1d53,"canonical hex polygon INTERSECT canonical OSM land component, unioned inside the hex (overlap-safe)",v1_sha1_hexid_pipe_subjectid
lfr_10742593e11a05,h6000_q-001388_r+001921,hsub_iceland_main_island,OCEAN,False,0.566988071,0.112828,c841d5a87bd9bb8900c3cc92f061e2ffdac19f2fef72ce85ceaecae48897727f,"canonical hex polygon INTERSECT canonical OSM land component, unioned inside the hex (overlap-safe)",v1_sha1_hexid_pipe_subjectid
lfr_3dca2347e723c7,h6000_q-001374_r+001921,hsub_iceland_main_island,OCEAN,False,1.360034783,0.27039,36015692ce7ac2829a6c04cbd54041a618144e01a5b967fdc4e48fc291fbbf42,"canonical hex polygon INTERSECT canonical OSM land component, unioned inside the hex (overlap-safe)",v1_sha1_hexid_pipe_subjectid
lfr_5aa9f1be386673,h6000_q-001391_r+001923,hsub_iceland_main_island,OCEAN,False,0.009197363,0.001836,9b290df243a9c7a6ac440947986f2126fd690ee324cc5f42ef65dbbea3248368,"canonical hex polygon INTERSECT canonical OSM land component, unioned inside the hex (overlap-safe)",v1_sha1_hexid_pipe_subjectid
lfr_1a724ead2df946,h6000_q-001391_r+001924,hsub_iceland_main_island,OCEAN,False,1.552447388,0.310034,fe6594c0031842349081d267240a0229cbf9ba8b8ac3909becad24f30ddf470f,"canonical hex polygon INTERSECT canonical OSM land component, unioned inside the hex (overlap-safe)",v1_sha1_hexid_pipe_subjectid
lfr_62d9929bbb0501,h6000_q-001390_r+001924,hsub_iceland_main_island,OCEAN,False,0.564662136,0.112767,485f3b3581f0fdebde5cf7e8e9a28c92b8ed797ce4e43b07fbe73d92977fd3c5,"canonical hex polygon INTERSECT canonical OSM land component, unioned inside the hex (overlap-safe)",v1_sha1_hexid_pipe_subjectid
lfr_745ca5e4ace759,h6000_q-001389_r+001924,hsub_iceland_main_island,OCEAN,False,2.078573198,0.415447,6168231bc8096fd1ee4669d002da0b7a4c63296e05c4cb8c0276502c239f3a09,"canonical hex polygon INTERSECT canonical OSM land component, unioned inside the hex (overlap-safe)",v1_sha1_hexid_pipe_subjectid
lfr_62ab340e222000,h6000_q-001388_r+001924,hsub_iceland_main_island,OCEAN,False,2.199613754,0.43932,cbd1b8dfd655de74bbbfd42a7abdebfb7dc18d713a5618bac030fa076c42a3c6,"canonical hex polygon INTERSECT canonical OSM land component, unioned inside the hex (overlap-safe)",v1_sha1_hexid_pipe_subjectid
lfr_bc895cb519f125,h6000_q-001382_r+001924,hsub_iceland_main_island,OCEAN,False,1.680939786,0.33574,891dd89b5133d70958e5260623a812c42df63e7470b7aa3d2e9ca63dd661c49a,"canonical hex polygon INTERSECT canonical OSM land component, unioned inside the hex (overlap-safe)",v1_sha1_hexid_pipe_subjectid
lfr_009d547005bd3d,h6000_q-001379_r+001924,hsub_iceland_main_island,OCEAN,False,0.265574881,0.055894,398a25465df3b5e2e3cded77e041a3d33062d306cbbc446ea508252be0a49d89,"canonical hex polygon INTERSECT canonical OSM land component, unioned inside the hex (overlap-safe)",v1_sha1_hexid_pipe_subjectid
lfr_81c7edd022bd51,h6000_q-001377_r+001924,hsub_iceland_main_island,OCEAN,False,0.152559669,0.030472,7e3d09db03a1cce8cd4ff8b2f98b511da849957acfa9823c24bd18581257d69f,"canonical hex polygon INTERSECT canonical OSM land component, unioned inside the hex (overlap-safe)",v1_sha1_hexid_pipe_subjectid
lfr_41e95274a7a89b,h6000_q-001386_r+001925,hsub_iceland_main_island,OCEAN,False,2.106717392,0.422812,11645a401b98ec843960178039d62cff85d093463270eb94b889390ac6c18252,"canonical hex polygon INTERSECT canonical OSM land component, unioned inside the hex (overlap-safe)",v1_sha1_hexid_pipe_subjectid
lfr_10708b85482880,h6000_q-001380_r+001925,hsub_iceland_main_island,OCEAN,False,0.00022354,4.5e-05,32281f34650b815b177193b2c261b82bb7f2554731c422de32fe77a028b5b750,"canonical hex polygon INTERSECT canonical OSM land component, unioned inside the hex (overlap-safe)",v1_sha1_hexid_pipe_subjectid
lfr_8415c9c2769e17,h6000_q-001378_r+001925,hsub_iceland_main_island,OCEAN,False,0.865873004,0.177797,315274b504dca0c88945f727e8b9fdf02d5da5cf4b42fedd996338b7bc7b564c,"canonical hex polygon INTERSECT canonical OSM land component, unioned inside the hex (overlap-safe)",v1_sha1_hexid_pipe_subjectid
lfr_cf400a56ee8561,h6000_q-001389_r+001926,hsub_iceland_main_island,OCEAN,False,0.242273052,0.048525,9679a6c5eab1facc40a52175e73f5a3b9a1d35a38038710172b572b59c1bca68,"canonical hex polygon INTERSECT canonical OSM land component, unioned inside the hex (overlap-safe)",v1_sha1_hexid_pipe_subjectid
lfr_555428f353c9a6,h6000_q-001388_r+001926,hsub_iceland_main_island,OCEAN,False,0.694798187,0.139157,9d2b8a39500c0de00031aa65fe12e8402cab3db9df6a80d16ab109f1d08bc5d4,"canonical hex polygon INTERSECT canonical OSM land component, unioned inside the hex (overlap-safe)",v1_sha1_hexid_pipe_subjectid
lfr_065fe665a31ff3,h6000_q-001387_r+001926,hsub_iceland_main_island,OCEAN,False,0.031299707,0.006269,31d8a8be5e684589a607bb28ca70363819c739a1c2d49ce01d115bff80a11f8a,"canonical hex polygon INTERSECT canonical OSM land component, unioned inside the hex (overlap-safe)",v1_sha1_hexid_pipe_subjectid
lfr_36d7a6be1025a8,h6000_q-001382_r+001926,hsub_iceland_main_island,OCEAN,False,0.420257036,0.084159,6f1b95f1ccea164faf5ec5a20f1996af1d95fef95c9681635e3c6ad3b2c22606,"canonical hex polygon INTERSECT canonical OSM land component, unioned inside the hex (overlap-safe)",v1_sha1_hexid_pipe_subjectid
lfr_809dd42b016e4e,h6000_q-001380_r+001926,hsub_iceland_main_island,OCEAN,False,0.093308419,0.018685,11bf5685b6ff3dd35edb4d8add5ab4ec9ed5cf7c285c2d4deb62dfb154c51b67,"canonical hex polygon INTERSECT canonical OSM land component, unioned inside the hex (overlap-safe)",v1_sha1_hexid_pipe_subjectid
lfr_12d5c7d52118cd,h6000_q-001201_r+001800,hsub_iceland_main_island,OCEAN,False,0.284513163,0.047354,b201afd90a2098c4ddee5418f047753f995ddb0ad96d2a9db1d3ffaf5333c142,"canonical hex polygon INTERSECT canonical OSM land component, unioned inside the hex (overlap-safe)",v1_sha1_hexid_pipe_subjectid
lfr_9614f6a12992d3,h6000_q-001201_r+001801,hsub_iceland_main_island,OCEAN,False,2.470222448,0.411751,59914aa32f5e9aa32a74a08f6ddd36fb1451a76e7504db814aff83e53859309e,"canonical hex polygon INTERSECT canonical OSM land component, unioned inside the hex (overlap-safe)",v1_sha1_hexid_pipe_subjectid
lfr_deafd64877dfaf,h6000_q-001200_r+001802,hsub_iceland_main_island,OCEAN,False,0.236022168,0.0394,f469c48fd186b4a9bc5e58ff841c66c781376d3652b0762ef4067ef8779db941,"canonical hex polygon INTERSECT canonical OSM land component, unioned inside the hex (overlap-safe)",v1_sha1_hexid_pipe_subjectid
lfr_daa8831b432ad3,h6000_q-001200_r+001803,hsub_iceland_main_island,OCEAN,False,1.550644889,0.259231,f62690785a64cc1b46cd3342917695c37440983d0c9f4a370904d7700a000ee9,"canonical hex polygon INTERSECT canonical OSM land component, unioned inside the hex (overlap-safe)",v1_sha1_hexid_pipe_subjectid
lfr_db021a8ba0d9f1,h6000_q-001199_r+001805,hsub_iceland_main_island,OCEAN,False,0.631111355,0.105821,adad8ec40857b87080025c00437173968d53ba654c408401bb4c1f9f0ae04c99,"canonical hex polygon INTERSECT canonical OSM land component, unioned inside the hex (overlap-safe)",v1_sha1_hexid_pipe_subjectid
lfr_ed8535aeeba9ed,h6000_q-001198_r+001806,hsub_iceland_main_island,OCEAN,False,0.002878987,0.000484,197c23b1e8d9398fb97856d7f22f53888f1e9d74953011de18a4ba211a325370,"canonical hex polygon INTERSECT canonical OSM land component, unioned inside the hex (overlap-safe)",v1_sha1_hexid_pipe_subjectid
lfr_a2303cca98182f,h6000_q-001197_r+001807,hsub_iceland_main_island,OCEAN,False,0.830106692,0.14327,b6e10e7f37ae5dfb28e049a0bb408fc8b0934477f5826547dc6020d74daa83ee,"canonical hex polygon INTERSECT canonical OSM land component, unioned inside the hex (overlap-safe)",v1_sha1_hexid_pipe_subjectid
lfr_9d6dbc1dbbaa5a,h6000_q-001195_r+001808,hsub_iceland_main_island,OCEAN,False,0.000116355,2e-05,1259477506a331505a58de00975177943d89d69c992642ba319d5203b6385a4f,"canonical hex polygon INTERSECT canonical OSM land component, unioned inside the hex (overlap-safe)",v1_sha1_hexid_pipe_subjectid
lfr_1fe6427eccf063,h6000_q-001195_r+001809,hsub_iceland_main_island,OCEAN,False,0.412170967,0.069519,52d06c698b27ebdd58164c4596014f7d384b193dcb2560fa558d94568abeea81,"canonical hex polygon INTERSECT canonical OSM land component, unioned inside the hex (overlap-safe)",v1_sha1_hexid_pipe_subjectid
lfr_7237fdf07fee14,h6000_q-001194_r+001810,hsub_iceland_main_island,OCEAN,False,2.347060897,0.396401,dcd17ddf860d8dabf5d626b67e67860cab25e9ffeedec9b9993b289e5e36a209,"canonical hex polygon INTERSECT canonical OSM land component, unioned inside the hex (overlap-safe)",v1_sha1_hexid_pipe_subjectid
lfr_f7c1d30276ea18,h6000_q-001193_r+001810,hsub_iceland_main_island,OCEAN,False,0.937364388,0.158337,659982ee66b9f4de1660d23cbde65bdfbb4854cea5629bf5545b8b911519d1a6,"canonical hex polygon INTERSECT canonical OSM land component, unioned inside the hex (overlap-safe)",v1_sha1_hexid_pipe_subjectid
lfr_ec678e66557221,h6000_q-001192_r+001810,hsub_iceland_main_island,OCEAN,False,0.011158196,0.001885,da62641d89cca61e865581f0e7a37056aaa19e86026a7c33969cadb0e8bfc2fc,"canonical hex polygon INTERSECT canonical OSM land component, unioned inside the hex (overlap-safe)",v1_sha1_hexid_pipe_subjectid
lfr_57e0cf2c876434,h6000_q-001187_r+001810,hsub_iceland_main_island,OCEAN,False,0.005298494,0.000895,0eb1f060f34060f5947dc4cc32c1154a619d13d2dcf8f0393c9a9929c51dd5d6,"canonical hex polygon INTERSECT canonical OSM land component, unioned inside the hex (overlap-safe)",v1_sha1_hexid_pipe_subjectid
lfr_5cc73268bffe59,h6000_q-001192_r+001811,hsub_iceland_main_island,OCEAN,False,1.853645947,0.313428,b0dddedffbf0ee81f7b947ad0d6dd44f1587b3ea0e1cbbcbd44f665244fc49fb,"canonical hex polygon INTERSECT canonical OSM land component, unioned inside the hex (overlap-safe)",v1_sha1_hexid_pipe_subjectid
lfr_5770e8f5bd34fd,h6000_q-001191_r+001811,hsub_iceland_main_island,OCEAN,False,1.558132829,0.297837,dd9a1fa01f7f99597477fbb0b2d57ff2bcdf15be68b6890af73414470d4ea967,"canonical hex polygon INTERSECT canonical OSM land component, unioned inside the hex (overlap-safe)",v1_sha1_hexid_pipe_subjectid
lfr_9826ddb110df4c,h6000_q-001190_r+001811,hsub_iceland_main_island,OCEAN,False,1.774200536,0.300042,fe78226d1eccf25fb1f38f3bb9cd026ed4e52f86fff0afeab57e2830939962fe,"canonical hex polygon INTERSECT canonical OSM land component, unioned inside the hex (overlap-safe)",v1_sha1_hexid_pipe_subjectid
lfr_09d0bfc8e9415c,h6000_q-001189_r+001811,hsub_iceland_main_island,OCEAN,False,0.9792043,0.165572,b3ab1c0090ef6862615676027a6b9dfc391b1b69016cd88f1c7c3157d85d9f1e,"canonical hex polygon INTERSECT canonical OSM land component, unioned inside the hex (overlap-safe)",v1_sha1_hexid_pipe_subjectid
lfr_1d2ffd4e7cbcc3,h6000_q-001188_r+001811,hsub_iceland_main_island,OCEAN,False,1.641360758,0.279337,6ec719ad970ed2fa9b99fb0f37067d96277b05ed26bf7ad3abffbdf88b54af4f,"canonical hex polygon INTERSECT canonical OSM land component, unioned inside the hex (overlap-safe)",v1_sha1_hexid_pipe_subjectid
lfr_e3073858392843,h6000_q-001187_r+001811,hsub_iceland_main_island,OCEAN,False,1.040249811,0.201484,fa72a6933c092347b8cd3fa6278432d4d579400dafb60b335e2219efb4ea39d5,"canonical hex polygon INTERSECT canonical OSM land component, unioned inside the hex (overlap-safe)",v1_sha1_hexid_pipe_subjectid
lfr_e00df18de372d5,h6000_q-001186_r+001811,hsub_iceland_main_island,OCEAN,False,1.397556416,0.236391,91192d80b1149026abbb4a2caea833f22b64b3094bddd310fd6a75dda31db4f6,"canonical hex polygon INTERSECT canonical OSM land component, unioned inside the hex (overlap-safe)",v1_sha1_hexid_pipe_subjectid
lfr_7362f61788ac4d,h6000_q-001185_r+001811,hsub_iceland_main_island,OCEAN,False,1.818116677,0.307538,210995fa44b6feb27be4d0abfde68ceb282e592651d0725261e066104a7d1612,"canonical hex polygon INTERSECT canonical OSM land component, unioned inside the hex (overlap-safe)",v1_sha1_hexid_pipe_subjectid
lfr_ba694ca948ecef,h6000_q-001184_r+001811,hsub_iceland_main_island,OCEAN,False,2.330091005,0.394119,e4f51b523cd5644c5af2a9dbee17e7c94a52f8adfeef3d700f232880393eacc0,"canonical hex polygon INTERSECT canonical OSM land component, unioned inside the hex (overlap-safe)",v1_sha1_hexid_pipe_subjectid
lfr_0de8a243109bf7,h6000_q-001183_r+001811,hsub_iceland_main_island,OCEAN,False,0.851521471,0.144024,8cd187de90323d52b1d5de7ffb653adacaa9ac9af3717dffc1b618e762ba359d,"canonical hex polygon INTERSECT canonical OSM land component, unioned inside the hex (overlap-safe)",v1_sha1_hexid_pipe_subjectid
lfr_1c438725a00fc5,h6000_q-001192_r+001812,hsub_iceland_main_island,OCEAN,False,1.426690614,0.311251,1e43faa181d1521a9cb3c1b854410385b85b7ef5a58f1f1e841986d41dfe842c,"canonical hex polygon INTERSECT canonical OSM land component, unioned inside the hex (overlap-safe)",v1_sha1_hexid_pipe_subjectid
lfr_b0cf7da93e87c4,h6000_q-001191_r+001812,hsub_iceland_main_island,OCEAN,False,0.271719447,0.165054,a14f88c3e93dec70861c65e9c14d2d4376fd2f7421b6b2305c345c5d5ff9006a,"canonical hex polygon INTERSECT canonical OSM land component, unioned inside the hex (overlap-safe)",v1_sha1_hexid_pipe_subjectid
lfr_6d1a8e5a708e48,h6000_q-001186_r+001812,hsub_iceland_main_island,OCEAN,False,0.251887033,0.043075,df518bca41a12aeab1a24fdfea268c2c074c41410590bbb4925107d7d2da9027,"canonical hex polygon INTERSECT canonical OSM land component, unioned inside the hex (overlap-safe)",v1_sha1_hexid_pipe_subjectid
lfr_7f4da06983c84c,h6000_q-001185_r+001812,hsub_iceland_main_island,OCEAN,False,1.114603108,0.188667,a10875f1700488685ddc7736f9415f07f310a9f8f5c7c0296bc38c72612e0889,"canonical hex polygon INTERSECT canonical OSM land component, unioned inside the hex (overlap-safe)",v1_sha1_hexid_pipe_subjectid
lfr_86765fc3c6d88b,h6000_q-001183_r+001812,hsub_iceland_main_island,OCEAN,False,0.691383628,0.117115,fd8710ee50b4e83ed24f57f08dec89fd85463aa435226ed7f202d8ca6f7c1b11,"canonical hex polygon INTERSECT canonical OSM land component, unioned inside the hex (overlap-safe)",v1_sha1_hexid_pipe_subjectid
lfr_28e1eba7a57256,h6000_q-001190_r+001813,hsub_iceland_main_island,OCEAN,False,1.29964362,0.230086,b10d60adaf5bff37e87d85b742f85d4b7f873786bd8abfb1db3c9a34150421ec,"canonical hex polygon INTERSECT canonical OSM land component, unioned inside the hex (overlap-safe)",v1_sha1_hexid_pipe_subjectid
lfr_03440f213bf09d,h6000_q-001187_r+001813,hsub_iceland_main_island,OCEAN,False,1.766827611,0.30046,8a1112d55b94382013f8d13e5ac844b2e13fa1b2282855336a3d54d40651cc81,"canonical hex polygon INTERSECT canonical OSM land component, unioned inside the hex (overlap-safe)",v1_sha1_hexid_pipe_subjectid
lfr_710591ba5c654a,h6000_q-001186_r+001813,hsub_iceland_main_island,OCEAN,False,1.180398413,0.20025,737a5c6bf1b76df693d5465962dfcd9d03248a9b8992fa5a73a70724c311bd4e,"canonical hex polygon INTERSECT canonical OSM land component, unioned inside the hex (overlap-safe)",v1_sha1_hexid_pipe_subjectid
lfr_d680f313b3ea77,h6000_q-001183_r+001813,hsub_iceland_main_island,OCEAN,False,1.086974918,0.185656,39ebdd482698e1a024194d8988c64381ad2b187a85980574f4e853cd23ba8354,"canonical hex polygon INTERSECT canonical OSM land component, unioned inside the hex (overlap-safe)",v1_sha1_hexid_pipe_subjectid
lfr_da3b98f720bc20,h6000_q-001184_r+001814,hsub_iceland_main_island,OCEAN,False,2.230711853,0.37872,2ad82a654ad11626c9dc6edd6e0b9d08fa7252ce3f797bdc99d0e3ac327e816c,"canonical hex polygon INTERSECT canonical OSM land component, unioned inside the hex (overlap-safe)",v1_sha1_hexid_pipe_subjectid
lfr_1169943babe9aa,h6000_q-001183_r+001814,hsub_iceland_main_island,OCEAN,False,0.001027304,0.012281,38cb76ec0b135acae86b6e0aea25ac0232a691cd6c2fe6872dbc370196e7a068,"canonical hex polygon INTERSECT canonical OSM land component, unioned inside the hex (overlap-safe)",v1_sha1_hexid_pipe_subjectid
lfr_df0bb957f0074e,h6000_q-001184_r+001815,hsub_iceland_main_island,OCEAN,False,0.649943119,0.110537,de10cf2e1f5bac490bac5f9e6fff9826122f02caa047c5ca9c0745bff373c410,"canonical hex polygon INTERSECT canonical OSM land component, unioned inside the hex (overlap-safe)",v1_sha1_hexid_pipe_subjectid
lfr_41eebdbb979da3,h6000_q-001184_r+001816,hsub_iceland_main_island,OCEAN,False,1.222392052,0.221763,d28a612ed66dc612f0bd9838de3212272242f1cd12cc1dc4908cecd87ca68d37,"canonical hex polygon INTERSECT canonical OSM land component, unioned inside the hex (overlap-safe)",v1_sha1_hexid_pipe_subjectid
lfr_12d207df6da246,h6000_q-001183_r+001817,hsub_iceland_main_island,OCEAN,False,1.438768082,0.245517,f28cb399df0cfa5c714da95eb79aa333461f8006d12ca7ea63927b86c4f67985,"canonical hex polygon INTERSECT canonical OSM land component, unioned inside the hex (overlap-safe)",v1_sha1_hexid_pipe_subjectid
lfr_74c3481cca838c,h6000_q-001182_r+001818,hsub_iceland_main_island,OCEAN,False,1.034682537,0.176831,0801a378a116431680e962de0ac4978e8cad2c3f8f2ab5b9875a5b7dde5c3e5e,"canonical hex polygon INTERSECT canonical OSM land component, unioned inside the hex (overlap-safe)",v1_sha1_hexid_pipe_subjectid
lfr_c47e24d7b839db,h6000_q-001180_r+001819,hsub_iceland_main_island,OCEAN,False,2.032492648,0.347847,5ab0532eb74d590f8fac21ca4db48fe8aee31397427fd8b4ad12c4784b1aae40,"canonical hex polygon INTERSECT canonical OSM land component, unioned inside the hex (overlap-safe)",v1_sha1_hexid_pipe_subjectid
lfr_c10175cd114689,h6000_q-001179_r+001819,hsub_iceland_main_island,OCEAN,False,0.538064239,0.092084,ee54f14bb8e6df9943106f6206b5ab323e5fa09f4ec18ade33d16ec318dcbf7a,"canonical hex polygon INTERSECT canonical OSM land component, unioned inside the hex (overlap-safe)",v1_sha1_hexid_pipe_subjectid
lfr_927568f59471c3,h6000_q-001179_r+001821,hsub_iceland_main_island,OCEAN,False,0.033166705,0.005691,fb12d5ed256445f5ca77d81d0b5d5d8d727cf2c22d48bedeee52d8ac0b6bcb94,"canonical hex polygon INTERSECT canonical OSM land component, unioned inside the hex (overlap-safe)",v1_sha1_hexid_pipe_subjectid
lfr_0b3bda2ec8c172,h6000_q-001180_r+001822,hsub_iceland_main_island,OCEAN,False,2.207106207,0.379313,50402c252be8e225217038440671fdc45d055fa5965001030174ec5afb7e4aff,"canonical hex polygon INTERSECT canonical OSM land component, unioned inside the hex (overlap-safe)",v1_sha1_hexid_pipe_subjectid
lfr_71b93e413dc9fa,h6000_q-001180_r+001823,hsub_iceland_main_island,OCEAN,False,1.073651157,0.186161,695bb3e0eac57dd7785d164516a38f9e71436d11bc49e68238b79a553405c4ab,"canonical hex polygon INTERSECT canonical OSM land component, unioned inside the hex (overlap-safe)",v1_sha1_hexid_pipe_subjectid
lfr_ddda5412c63d24,h6000_q-001180_r+001824,hsub_iceland_main_island,OCEAN,False,0.201073598,0.034649,8dbe606b0f34cba6d576a30644da1790394b9be2727a63d9bf153cb3f9b059a4,"canonical hex polygon INTERSECT canonical OSM land component, unioned inside the hex (overlap-safe)",v1_sha1_hexid_pipe_subjectid
lfr_2a33fdd7358202,h6000_q-001181_r+001825,hsub_iceland_main_island,OCEAN,False,1.805548598,0.311622,77c785b3188b924e88449cc84a69d07f87d15e34f00de30e0dddba302aa1ddc1,"canonical hex polygon INTERSECT canonical OSM land component, unioned inside the hex (overlap-safe)",v1_sha1_hexid_pipe_subjectid
lfr_44ceda8e663ce1,h6000_q-001183_r+001826,hsub_iceland_main_island,OCEAN,False,2.057768933,0.355513,a4776ef7ea156bee1b9a192d5193321ae0e148ddff5d416af7eaedb7733bf370,"canonical hex polygon INTERSECT canonical OSM land component, unioned inside the hex (overlap-safe)",v1_sha1_hexid_pipe_subjectid
lfr_bf2922e19a9fc8,h6000_q-001182_r+001826,hsub_iceland_main_island,OCEAN,False,2.14607063,0.370773,9d635074ca2b253f0b1815c82e9b885ca348193440a5ab21eacd9b347c712707,"canonical hex polygon INTERSECT canonical OSM land component, unioned inside the hex (overlap-safe)",v1_sha1_hexid_pipe_subjectid
lfr_fbf5462a7ffffa,h6000_q-001181_r+001826,hsub_iceland_main_island,OCEAN,False,0.886561396,0.155079,bfee2da52bf058ee8b5feb09f37af8828304b8b9bcb22c9e2e2e93571506b6c9,"canonical hex polygon INTERSECT canonical OSM land component, unioned inside the hex (overlap-safe)",v1_sha1_hexid_pipe_subjectid
lfr_35aa1f7a67de53,h6000_q-001181_r+001827,hsub_iceland_main_island,OCEAN,False,0.955909787,0.166027,44667c7c62069d03ad903dbfc630401e6c6460a4d47fb34d42d0ffa1021c4a6a,"canonical hex polygon INTERSECT canonical OSM land component, unioned inside the hex (overlap-safe)",v1_sha1_hexid_pipe_subjectid
lfr_feb6440cfc19ee,h6000_q-001184_r+001828,hsub_iceland_main_island,OCEAN,False,0.707535986,0.146209,374488a60f224bb579b7d5e9710222ebc4f6e2f67be364f82d9978e968a83de9,"canonical hex polygon INTERSECT canonical OSM land component, unioned inside the hex (overlap-safe)",v1_sha1_hexid_pipe_subjectid
lfr_319e2e2724bab1,h6000_q-001183_r+001828,hsub_iceland_main_island,OCEAN,False,0.372032876,0.066751,5910b1db3c330d3cba2ccdbf254e0f32c191d8c775ac6c5dd3c8418d53c48a88,"canonical hex polygon INTERSECT canonical OSM land component, unioned inside the hex (overlap-safe)",v1_sha1_hexid_pipe_subjectid
lfr_6e91e21cae38c2,h6000_q-001182_r+001828,hsub_iceland_main_island,OCEAN,False,0.179631105,0.031161,6f7e7f8bdbf5c7790a0a9901322c20c44ddcf038deb5422dc03ef269cacbdbe4,"canonical hex polygon INTERSECT canonical OSM land component, unioned inside the hex (overlap-safe)",v1_sha1_hexid_pipe_subjectid
lfr_a748dfb5f1125a,h6000_q-001181_r+001828,hsub_iceland_main_island,OCEAN,False,1.190126029,0.2063,af46bd8c31d4fffb03ce12f4195bd74ab5d34c9dd0cbb187b914f209e5256f99,"canonical hex polygon INTERSECT canonical OSM land component, unioned inside the hex (overlap-safe)",v1_sha1_hexid_pipe_subjectid
lfr_eef08553df122f,h6000_q-001181_r+001829,hsub_iceland_main_island,OCEAN,False,0.934272228,0.162116,bad462edefa307dd3433f947aa3443ee37c5f06d0f2b55a9f8850d26cd072b5e,"canonical hex polygon INTERSECT canonical OSM land component, unioned inside the hex (overlap-safe)",v1_sha1_hexid_pipe_subjectid
lfr_52b168994aa8b8,h6000_q-001182_r+001830,hsub_iceland_main_island,OCEAN,False,0.662363691,0.115135,efcc50d9689b8e23cff453a73066bbc55beaaef785b02584b321d6d93f6f38de,"canonical hex polygon INTERSECT canonical OSM land component, unioned inside the hex (overlap-safe)",v1_sha1_hexid_pipe_subjectid
lfr_9b21afb80cc728,h6000_q-001184_r+001831,hsub_iceland_main_island,OCEAN,False,2.526105275,0.439685,d2f85818abd7f360a6fd716028f1d3b39e9a4ad86f1e110793607c88fa287e3e,"canonical hex polygon INTERSECT canonical OSM land component, unioned inside the hex (overlap-safe)",v1_sha1_hexid_pipe_subjectid
lfr_563b1a49a13377,h6000_q-001183_r+001831,hsub_iceland_main_island,OCEAN,False,0.247842772,0.043132,b4a7a10781f96524a435ec57e8304041fd6675787b796b1e7a0e922922612aa3,"canonical hex polygon INTERSECT canonical OSM land component, unioned inside the hex (overlap-safe)",v1_sha1_hexid_pipe_subjectid
lfr_179784c3092f31,h6000_q-001182_r+001831,hsub_iceland_main_island,OCEAN,False,0.170944684,0.029783,479fb22866af9e5bf6a5a9ce28fa4803b6a2b3b23c092cc2a7f127b1c20540d1,"canonical hex polygon INTERSECT canonical OSM land component, unioned inside the hex (overlap-safe)",v1_sha1_hexid_pipe_subjectid
lfr_b55bd2cb2d5351,h6000_q-001181_r+001831,hsub_iceland_main_island,OCEAN,False,2.7137521,0.473576,320a5d841c067da8ef3b30f4494dce67cb931adf9d4bbe8c381185325e0548a2,"canonical hex polygon INTERSECT canonical OSM land component, unioned inside the hex (overlap-safe)",v1_sha1_hexid_pipe_subjectid
lfr_0727595a3f3f30,h6000_q-001179_r+001831,hsub_iceland_main_island,OCEAN,False,0.033395597,0.008088,de052470302250f4b2ab337298afc9291f783c7c4ebbe7246fdb7513e4dedee1,"canonical hex polygon INTERSECT canonical OSM land component, unioned inside the hex (overlap-safe)",v1_sha1_hexid_pipe_subjectid
lfr_a97603cc381f1f,h6000_q-001180_r+001832,hsub_iceland_main_island,OCEAN,False,1.0205e-05,0.005967,109a4353f02c2f950037496d711a0df50735fcc4d1542f36ae0a3bd286d27883,"canonical hex polygon INTERSECT canonical OSM land component, unioned inside the hex (overlap-safe)",v1_sha1_hexid_pipe_subjectid
lfr_52ff2710a16ddb,h6000_q-001182_r+001833,hsub_iceland_main_island,OCEAN,False,0.146988695,0.025649,b9bcdc7023feb07200ee1bb4ddaf672e6c4f46c642c53ef9954ae21709ce7c95,"canonical hex polygon INTERSECT canonical OSM land component, unioned inside the hex (overlap-safe)",v1_sha1_hexid_pipe_subjectid
lfr_2e4a2480626939,h6000_q-001181_r+001833,hsub_iceland_main_island,OCEAN,False,0.16702548,0.029769,3a9cec16efc9733d8d1280496f77a8daa1a4af5836c1b381b9eadd68e992b2ef,"canonical hex polygon INTERSECT canonical OSM land component, unioned inside the hex (overlap-safe)",v1_sha1_hexid_pipe_subjectid
lfr_ea509a3daa4185,h6000_q-001180_r+001833,hsub_iceland_main_island,OCEAN,False,0.098492049,0.022374,c048874f55ee083ade011d004579d42a7dc77c72c48b9462c16012aa2fd8c30d,"canonical hex polygon INTERSECT canonical OSM land component, unioned inside the hex (overlap-safe)",v1_sha1_hexid_pipe_subjectid
lfr_6e2d8dfa5665ff,h6000_q-001183_r+001834,hsub_iceland_main_island,OCEAN,False,0.449593903,0.08092,8a22e0b405cc733326b05611b02fc499c92a450a674e7329e6ef90de5efafed0,"canonical hex polygon INTERSECT canonical OSM land component, unioned inside the hex (overlap-safe)",v1_sha1_hexid_pipe_subjectid
lfr_6ab0a99132cc88,h6000_q-001179_r+001834,hsub_iceland_main_island,OCEAN,False,2.547184976,0.445596,d337981ee9ffa443fc74c72e6806afaf1cbcc93713fab5a1b970b877d12ba523,"canonical hex polygon INTERSECT canonical OSM land component, unioned inside the hex (overlap-safe)",v1_sha1_hexid_pipe_subjectid
lfr_3884363c7007ae,h6000_q-001178_r+001834,hsub_iceland_main_island,OCEAN,False,1.310651699,0.234028,e23c2ccc9990e2d6c3cfc51e67e4c49900ff06f9787cd6a507ef263a99aee3d5,"canonical hex polygon INTERSECT canonical OSM land component, unioned inside the hex (overlap-safe)",v1_sha1_hexid_pipe_subjectid
lfr_f08b315a57b1b7,h6000_q-001184_r+001835,hsub_iceland_main_island,OCEAN,False,0.298456345,0.052285,01b4c84959d09d3d412c6074b09d6d41cfeb61e66f5a4702fcb7b5550e7ca2b6,"canonical hex polygon INTERSECT canonical OSM land component, unioned inside the hex (overlap-safe)",v1_sha1_hexid_pipe_subjectid
lfr_bcbb67572c4d12,h6000_q-001177_r+001835,hsub_iceland_main_island,OCEAN,False,0.811754151,0.142226,66d7e736cc4de7fce95f2fff890fd7ec3fc26b23cce2c256bc416b256615a476,"canonical hex polygon INTERSECT canonical OSM land component, unioned inside the hex (overlap-safe)",v1_sha1_hexid_pipe_subjectid
lfr_18d57675e60ea1,h6000_q-001185_r+001836,hsub_iceland_main_island,OCEAN,False,0.936937006,0.164334,d5afd25857529c2294c93517211c24b600c5bf3790d91971d86ff817266edaec,"canonical hex polygon INTERSECT canonical OSM land component, unioned inside the hex (overlap-safe)",v1_sha1_hexid_pipe_subjectid
lfr_54713c1fba5429,h6000_q-001177_r+001836,hsub_iceland_main_island,OCEAN,False,0.039980522,0.012712,9b98cd1377ef438ad82e296883e3bf13a5cb51f8b76add0e233f613d347d9a79,"canonical hex polygon INTERSECT canonical OSM land component, unioned inside the hex (overlap-safe)",v1_sha1_hexid_pipe_subjectid
lfr_048834f95eb50a,h6000_q-001186_r+001837,hsub_iceland_main_island,OCEAN,False,1.430432743,0.251322,d61f20fd8d98b7080d0247d156e0a06905b91fdbfe01f5bdf4be9755263a5b22,"canonical hex polygon INTERSECT canonical OSM land component, unioned inside the hex (overlap-safe)",v1_sha1_hexid_pipe_subjectid
lfr_0a894798f5dc24,h6000_q-001178_r+001837,hsub_iceland_main_island,OCEAN,False,0.024704747,0.026289,9f5aaa35bf85617c57bd0a778a2bfea0c6e3ca8b88e33d310938b1801114ade7,"canonical hex polygon INTERSECT canonical OSM land component, unioned inside the hex (overlap-safe)",v1_sha1_hexid_pipe_subjectid
lfr_f5f44187b5936e,h6000_q-001179_r+001838,hsub_iceland_main_island,OCEAN,False,0.300813458,0.052953,b572a259d1e20aa27163aec278d0081b0853b941dd6bfa8d2ba9eef153febf3e,"canonical hex polygon INTERSECT canonical OSM land component, unioned inside the hex (overlap-safe)",v1_sha1_hexid_pipe_subjectid
lfr_c8fbee1b82c7ab,h6000_q-001178_r+001838,hsub_iceland_main_island,OCEAN,False,0.03006836,0.006413,776bff2d59956e96014c8f418b2b097a07a2b51e7ca84f50fe8778bf8657cb5c,"canonical hex polygon INTERSECT canonical OSM land component, unioned inside the hex (overlap-safe)",v1_sha1_hexid_pipe_subjectid
lfr_856a538beb5091,h6000_q-001176_r+001839,hsub_iceland_main_island,OCEAN,False,0.77407976,0.136412,c5dfa95fcd2b429d2d093ae3bbd82f7728cac75d640a9c3d27b5be678bab5e9a,"canonical hex polygon INTERSECT canonical OSM land component, unioned inside the hex (overlap-safe)",v1_sha1_hexid_pipe_subjectid
lfr_b35b3e6bb2fe71,h6000_q-001177_r+001840,hsub_iceland_main_island,OCEAN,False,0.769309622,0.135733,d3fda0ca47659405d82ddafc78446c2dff7c6e3343b2171ffd2f0a545cd15409,"canonical hex polygon INTERSECT canonical OSM land component, unioned inside the hex (overlap-safe)",v1_sha1_hexid_pipe_subjectid
lfr_84599bf250a7e8,h6000_q-001176_r+001841,hsub_iceland_main_island,OCEAN,False,0.695022611,0.122853,9ef31b26f82e20150d81d2ca66129f6e9523404a435e38a719e80f2a88c3bc3b,"canonical hex polygon INTERSECT canonical OSM land component, unioned inside the hex (overlap-safe)",v1_sha1_hexid_pipe_subjectid
lfr_f843e4a564b90e,h6000_q-001176_r+001842,hsub_iceland_main_island,OCEAN,False,1.041450018,0.184308,7c91de07a741ea5385276851e8ec060757d88ac58db51a3b73d354063d0327d8,"canonical hex polygon INTERSECT canonical OSM land component, unioned inside the hex (overlap-safe)",v1_sha1_hexid_pipe_subjectid
lfr_49b35b37d2b5cb,h6000_q-001177_r+001843,hsub_iceland_main_island,OCEAN,False,1.527339759,0.270536,ecfc3dc03ad641b4911ecdacfc52936abf7a2ef529ebaff3e163ad9cb4183daa,"canonical hex polygon INTERSECT canonical OSM land component, unioned inside the hex (overlap-safe)",v1_sha1_hexid_pipe_subjectid
lfr_e85ae7830a7d4a,h6000_q-001179_r+001844,hsub_iceland_main_island,OCEAN,False,2.379452819,0.422131,6637c22194f2f062b9549fdb01faeea1f1ae5fe8df29bfe71894898897cea076,"canonical hex polygon INTERSECT canonical OSM land component, unioned inside the hex (overlap-safe)",v1_sha1_hexid_pipe_subjectid
lfr_a2ecb334b7a169,h6000_q-001178_r+001844,hsub_iceland_main_island,OCEAN,False,0.028411411,0.005046,f16662621751f8a631b6c98257b0ad3840f26d0399ef0d4a7b0321d1b0b5bc23,"canonical hex polygon INTERSECT canonical OSM land component, unioned inside the hex (overlap-safe)",v1_sha1_hexid_pipe_subjectid
lfr_a5ec62f50aaef9,h6000_q-001177_r+001844,hsub_iceland_main_island,OCEAN,False,0.181234854,0.036841,378ff3f0a9c279c3a8f6de3a92e9dd0b05f5d686361a0998b93c3fda1f45cd8b,"canonical hex polygon INTERSECT canonical OSM land component, unioned inside the hex (overlap-safe)",v1_sha1_hexid_pipe_subjectid
lfr_634760a692b830,h6000_q-001182_r+001845,hsub_iceland_main_island,OCEAN,False,2.0910262,0.371695,650a33b2d1deb770cbce03d3d2944b43a0d57695952e936d13f0a3f65aa4646f,"canonical hex polygon INTERSECT canonical OSM land component, unioned inside the hex (overlap-safe)",v1_sha1_hexid_pipe_subjectid
lfr_27abe638b41e24,h6000_q-001180_r+001845,hsub_iceland_main_island,OCEAN,False,2.220631,0.394819,b45d5d0a4f427ebbef200a0a5c830282e3dd47e8a5f61a87c662180252479c46,"canonical hex polygon INTERSECT canonical OSM land component, unioned inside the hex (overlap-safe)",v1_sha1_hexid_pipe_subjectid
lfr_cb8c19bba135e7,h6000_q-001176_r+001845,hsub_iceland_main_island,OCEAN,False,0.479593447,0.085241,871fba35db64981fbc1e211dc056eeb5759e7b54bb271e0749a92099e0565d9a,"canonical hex polygon INTERSECT canonical OSM land component, unioned inside the hex (overlap-safe)",v1_sha1_hexid_pipe_subjectid
lfr_bf042654b4d92c,h6000_q-001178_r+001846,hsub_iceland_main_island,OCEAN,False,2.521622028,0.448665,3fbd9343f3a77cba729b16ba883923e1a6a30577427fc9eb93e2c4379b80f021,"canonical hex polygon INTERSECT canonical OSM land component, unioned inside the hex (overlap-safe)",v1_sha1_hexid_pipe_subjectid
lfr_18413f2e6645ae,h6000_q-001177_r+001846,hsub_iceland_main_island,OCEAN,False,1.098134256,0.195368,2a1832dcf231307ef419e24f6b1a9b88aacc2b21500cb7c406d6edfbc0e267a6,"canonical hex polygon INTERSECT canonical OSM land component, unioned inside the hex (overlap-safe)",v1_sha1_hexid_pipe_subjectid
lfr_1bd9c9de7bd9b2,h6000_q-001181_r+001848,hsub_iceland_main_island,OCEAN,False,0.921162825,0.164371,45b7edd4082801271b1fb86d354f10be06737eb8a8360594cd37e9b24d42ff5e,"canonical hex polygon INTERSECT canonical OSM land component, unioned inside the hex (overlap-safe)",v1_sha1_hexid_pipe_subjectid
lfr_ab4a57dd16cacb,h6000_q-001180_r+001848,hsub_iceland_main_island,OCEAN,False,0.022202534,0.003966,4418f699d141d72fb2d0018883981429559489aaca59ad160eb8ea514ba5d7d5,"canonical hex polygon INTERSECT canonical OSM land component, unioned inside the hex (overlap-safe)",v1_sha1_hexid_pipe_subjectid
lfr_e951119a1d534b,h6000_q-001179_r+001848,hsub_iceland_main_island,OCEAN,False,0.212316717,0.03793,f806cafb55a989a80c808661947e91534f929442c05edccb14bca5628d9027aa,"canonical hex polygon INTERSECT canonical OSM land component, unioned inside the hex (overlap-safe)",v1_sha1_hexid_pipe_subjectid
lfr_0711593ac22e54,h6000_q-001178_r+001848,hsub_iceland_main_island,OCEAN,False,0.266985776,0.047694,50a65143dfd59ef3db12a1e330992d16786b88b186bd2b4b0ff851e6c1f02c01,"canonical hex polygon INTERSECT canonical OSM land component, unioned inside the hex (overlap-safe)",v1_sha1_hexid_pipe_subjectid
lfr_e408dd2cdea375,h6000_q-001177_r+001848,hsub_iceland_main_island,OCEAN,False,0.011206813,0.002002,e0f9f96d98d4d4f7fac05268326b08a381f06bd2fd95ea622e0ea49866462099,"canonical hex polygon INTERSECT canonical OSM land component, unioned inside the hex (overlap-safe)",v1_sha1_hexid_pipe_subjectid
lfr_20b0ce3eb8c466,h6000_q-001182_r+001849,hsub_iceland_main_island,OCEAN,False,0.91555183,0.163629,c5bd6dfc83413558d086be3f37f0e40398bd7ecf61039692836c681733140c8d,"canonical hex polygon INTERSECT canonical OSM land component, unioned inside the hex (overlap-safe)",v1_sha1_hexid_pipe_subjectid
lfr_b256ab31933ad1,h6000_q-001181_r+001849,hsub_iceland_main_island,OCEAN,False,0.26613432,0.047597,d857fb666b35dc7ad355e386a73954faa3e610c70e933e995fe4a2a6be460f82,"canonical hex polygon INTERSECT canonical OSM land component, unioned inside the hex (overlap-safe)",v1_sha1_hexid_pipe_subjectid
lfr_d74908e2157c8a,h6000_q-001177_r+001849,hsub_iceland_main_island,OCEAN,False,2.536362523,0.453556,753c3cc4f92ce5c031bb586878d35a08a3fdc60903a5b120595392b1327269c6,"canonical hex polygon INTERSECT canonical OSM land component, unioned inside the hex (overlap-safe)",v1_sha1_hexid_pipe_subjectid
lfr_0f2acfba378c37,h6000_q-001188_r+001850,hsub_iceland_main_island,OCEAN,False,2.001341179,0.358192,f7acdc40f294ab9fae80e1d49a2818e3d058a1652bbfe6a191b76ec79b067bc8,"canonical hex polygon INTERSECT canonical OSM land component, unioned inside the hex (overlap-safe)",v1_sha1_hexid_pipe_subjectid
lfr_ead262065a49b3,h6000_q-001187_r+001850,hsub_iceland_main_island,OCEAN,False,2.121152316,0.379653,acd2206a96f8eb47899fc3cbc2e2b6a0ba930f11dc725e5c9b562208ab1856d7,"canonical hex polygon INTERSECT canonical OSM land component, unioned inside the hex (overlap-safe)",v1_sha1_hexid_pipe_subjectid
lfr_f1c8bae09e1045,h6000_q-001185_r+001850,hsub_iceland_main_island,OCEAN,False,1.237630653,0.221479,b1b76f6cf7bdbf592b5da4e74a29d2c6bc230d6094b0b426379951f2adf5c3f7,"canonical hex polygon INTERSECT canonical OSM land component, unioned inside the hex (overlap-safe)",v1_sha1_hexid_pipe_subjectid
lfr_5b5f29acfc8eba,h6000_q-001184_r+001850,hsub_iceland_main_island,OCEAN,False,0.16270913,0.02911,dcff847cd7b403b41adb94421a744e91020dc432f7882c3f7a76c1861f4871a5,"canonical hex polygon INTERSECT canonical OSM land component, unioned inside the hex (overlap-safe)",v1_sha1_hexid_pipe_subjectid
lfr_aa981679bb4eed,h6000_q-001182_r+001850,hsub_iceland_main_island,OCEAN,False,0.59756646,0.107037,d6d456f7d650a03dab0cc85956a01b7e94f4e4a85aac88622d9428c748dd2feb,"canonical hex polygon INTERSECT canonical OSM land component, unioned inside the hex (overlap-safe)",v1_sha1_hexid_pipe_subjectid
lfr_1dc82da06a4d11,h6000_q-001177_r+001850,hsub_iceland_main_island,OCEAN,False,0.296795373,0.053122,1f9537bbd1e208d0127a12a15056e9f9edb688cd153a8bd5390d9eae4b3aeaee,"canonical hex polygon INTERSECT canonical OSM land component, unioned inside the hex (overlap-safe)",v1_sha1_hexid_pipe_subjectid
lfr_89217586d826d2,h6000_q-001186_r+001851,hsub_iceland_main_island,OCEAN,False,1.989779994,0.368012,01e0c83bf159c9c637db9e109c80473c96c656419e4fe9bafbcd62cf20e790cb,"canonical hex polygon INTERSECT canonical OSM land component, unioned inside the hex (overlap-safe)",v1_sha1_hexid_pipe_subjectid
lfr_98f59dfc376ea6,h6000_q-001185_r+001851,hsub_iceland_main_island,OCEAN,False,0.605747148,0.108664,b915355c72891680f8bb45034c097c3c520e988da18e426a1fbd44195edef1cc,"canonical hex polygon INTERSECT canonical OSM land component, unioned inside the hex (overlap-safe)",v1_sha1_hexid_pipe_subjectid
lfr_d251b30497f880,h6000_q-001184_r+001851,hsub_iceland_main_island,OCEAN,False,0.105408474,0.018915,36c148182e37dfcd2802e034b3214fc0ef625ac82f7c7a093a058ef3f6f03f05,"canonical hex polygon INTERSECT canonical OSM land component, unioned inside the hex (overlap-safe)",v1_sha1_hexid_pipe_subjectid
lfr_fe796f77313985,h6000_q-001183_r+001851,hsub_iceland_main_island,OCEAN,False,2.629440688,0.471607,65eb56797a456f5076dd3e38be8d057caba7b66043fc8ddb7be308295d9c8436,"canonical hex polygon INTERSECT canonical OSM land component, unioned inside the hex (overlap-safe)",v1_sha1_hexid_pipe_subjectid
lfr_98db3d220e22ce,h6000_q-001177_r+001851,hsub_iceland_main_island,OCEAN,False,1.319657236,0.236733,96db72f77db563b80ffe7b7ba083fd304f9887623c2c8721284cdbc0d5b623ec,"canonical hex polygon INTERSECT canonical OSM land component, unioned inside the hex (overlap-safe)",v1_sha1_hexid_pipe_subjectid
lfr_1c8849fa48ef9a,h6000_q-001177_r+001853,hsub_iceland_main_island,OCEAN,False,2.703638721,0.486202,7c3c6bd2ace95da7a18a58228680c0bf3d2b8b50caa794f8004fa37f95d7ad6e,"canonical hex polygon INTERSECT canonical OSM land component, unioned inside the hex (overlap-safe)",v1_sha1_hexid_pipe_subjectid
lfr_d48bd4abd65544,h6000_q-001178_r+001854,hsub_iceland_main_island,OCEAN,False,1.817638488,0.327362,bdef8dc9ac8cdb1c5ec7cd9495b1a03962e60adc87d32784376b910ba9a86f5d,"canonical hex polygon INTERSECT canonical OSM land component, unioned inside the hex (overlap-safe)",v1_sha1_hexid_pipe_subjectid
lfr_d23301458bffee,h6000_q-001181_r+001855,hsub_iceland_main_island,OCEAN,False,2.470719645,0.445686,ddc44ed54dc8f3c53e72e207fed87600c7bfab95d2ff6094fce11fe1d86ebafc,"canonical hex polygon INTERSECT canonical OSM land component, unioned inside the hex (overlap-safe)",v1_sha1_hexid_pipe_subjectid
lfr_28cf49d36f439a,h6000_q-001180_r+001855,hsub_iceland_main_island,OCEAN,False,0.73140967,0.131879,dd55d40266a02951c8cc048f54744d0f24cfaface77b7441c804368b155307ae,"canonical hex polygon INTERSECT canonical OSM land component, unioned inside the hex (overlap-safe)",v1_sha1_hexid_pipe_subjectid
lfr_e75cb0c3f3f555,h6000_q-001178_r+001855,hsub_iceland_main_island,OCEAN,False,0.235543839,0.042486,4f93da73350a000f952521971ca782301012d1fd00a14b25f3128f4c56ca212e,"canonical hex polygon INTERSECT canonical OSM land component, unioned inside the hex (overlap-safe)",v1_sha1_hexid_pipe_subjectid
lfr_187ff7d86b726c,h6000_q-001182_r+001856,hsub_iceland_main_island,OCEAN,False,2.01009387,0.362945,1027e80944755009ce25ed5432bee92dc0801342a6dec9ee2fd0d5700079e12b,"canonical hex polygon INTERSECT canonical OSM land component, unioned inside the hex (overlap-safe)",v1_sha1_hexid_pipe_subjectid
lfr_5a3631cde690eb,h6000_q-001181_r+001856,hsub_iceland_main_island,OCEAN,False,0.236443133,0.04269,9f5794db41058626927dc8715b2dcef32c9f178e049d3a2b29fee1cfd0b8623d,"canonical hex polygon INTERSECT canonical OSM land component, unioned inside the hex (overlap-safe)",v1_sha1_hexid_pipe_subjectid
lfr_6f6e0c721d6fa6,h6000_q-001180_r+001856,hsub_iceland_main_island,OCEAN,False,1.364292069,0.247343,3013e9cf89c8ef323b04bfca89deec929df954c203a0f4d8fbf91394600cbce1,"canonical hex polygon INTERSECT canonical OSM land component, unioned inside the hex (overlap-safe)",v1_sha1_hexid_pipe_subjectid
lfr_d11d3dbcf737e6,h6000_q-001180_r+001857,hsub_iceland_main_island,OCEAN,False,0.873128954,0.157892,9297295375ff04347464c2c9a7971ef242a964284053b1e28efd0c090cd41973,"canonical hex polygon INTERSECT canonical OSM land component, unioned inside the hex (overlap-safe)",v1_sha1_hexid_pipe_subjectid
lfr_8bc9538076618e,h6000_q-001179_r+001857,hsub_iceland_main_island,OCEAN,False,0.824861641,0.149222,bccc15536affc141075cc8f8344e11838adf4440a827911423ea81a168f99573,"canonical hex polygon INTERSECT canonical OSM land component, unioned inside the hex (overlap-safe)",v1_sha1_hexid_pipe_subjectid
lfr_60b877ea23ae2e,h6000_q-001180_r+001858,hsub_iceland_main_island,OCEAN,False,0.110268678,0.020237,d193e1fca4a410fe2bd167efb40d3cf9503ad4067edda09a0a87cbee6b85daec,"canonical hex polygon INTERSECT canonical OSM land component, unioned inside the hex (overlap-safe)",v1_sha1_hexid_pipe_subjectid
lfr_ee618e97c720b0,h6000_q-001186_r+001859,hsub_iceland_main_island,OCEAN,False,2.242920238,0.406812,f463ae0a12697259ae9224bde16383d74fb8c936575f3432c0883d38e6a89941,"canonical hex polygon INTERSECT canonical OSM land component, unioned inside the hex (overlap-safe)",v1_sha1_hexid_pipe_subjectid
lfr_b6cbb224f1dc75,h6000_q-001185_r+001859,hsub_iceland_main_island,OCEAN,False,0.975753069,0.177011,5bcae26883d81796a20474ecee7d5b7c81464b105a3c0a8556cb4b3eb37ef123,"canonical hex polygon INTERSECT canonical OSM land component, unioned inside the hex (overlap-safe)",v1_sha1_hexid_pipe_subjectid
lfr_832914853de9f2,h6000_q-001184_r+001859,hsub_iceland_main_island,OCEAN,False,1.276012613,0.231401,82be06dbfb491e08427e17ec69381d1f4514ac9db09ef833bb5be228d8b84d59,"canonical hex polygon INTERSECT canonical OSM land component, unioned inside the hex (overlap-safe)",v1_sha1_hexid_pipe_subjectid
lfr_4f1c5c6bdb025b,h6000_q-001183_r+001859,hsub_iceland_main_island,OCEAN,False,2.084858949,0.378115,7fa67e8e579383d63524c75a3ef230e852543bc005728efcb50904c8c589fe52,"canonical hex polygon INTERSECT canonical OSM land component, unioned inside the hex (overlap-safe)",v1_sha1_hexid_pipe_subjectid
lfr_1d7606458364a2,h6000_q-001182_r+001859,hsub_iceland_main_island,OCEAN,False,0.286444144,0.051948,72c59a6b420416fd6dd759b2fcdcce3422ba2a5352970e470052a1b22b1e0d3c,"canonical hex polygon INTERSECT canonical OSM land component, unioned inside the hex (overlap-safe)",v1_sha1_hexid_pipe_subjectid
lfr_f77b028122d761,h6000_q-001183_r+001860,hsub_iceland_main_island,OCEAN,False,0.81345001,0.147871,6a42b07b68c74a5e13e8d78eba6d92be1140a904db6951979f5af77d0f8a7711,"canonical hex polygon INTERSECT canonical OSM land component, unioned inside the hex (overlap-safe)",v1_sha1_hexid_pipe_subjectid
lfr_22270f14aeb877,h6000_q-001183_r+001861,hsub_iceland_main_island,OCEAN,False,1.325755142,0.241321,767d754e52394c94df437ba3a85db1bca118c4df366df9dbbb71b521cabe74e3,"canonical hex polygon INTERSECT canonical OSM land component, unioned inside the hex (overlap-safe)",v1_sha1_hexid_pipe_subjectid
lfr_e605a59d63756f,h6000_q-001183_r+001862,hsub_iceland_main_island,OCEAN,False,1.098559117,0.202081,4e75b489a8778a1ccac958fe8477b7ba98aff864c41bc41fc8e4958c82fb2ff4,"canonical hex polygon INTERSECT canonical OSM land component, unioned inside the hex (overlap-safe)",v1_sha1_hexid_pipe_subjectid
lfr_a2878d732d4721,h6000_q-001183_r+001863,hsub_iceland_main_island,OCEAN,False,0.308772678,0.058814,ab24d8ab145dd2a25f5e005a08a54af73795c6922aff4d3b45d20263fdb9eb50,"canonical hex polygon INTERSECT canonical OSM land component, unioned inside the hex (overlap-safe)",v1_sha1_hexid_pipe_subjectid
lfr_190010b02a1358,h6000_q-001190_r+001864,hsub_iceland_main_island,OCEAN,False,2.068051339,0.37809,24076a69b8545fe1c77af1e02530dde2aeadfa76bdbabd9f061c52705e4bb1b1,"canonical hex polygon INTERSECT canonical OSM land component, unioned inside the hex (overlap-safe)",v1_sha1_hexid_pipe_subjectid
lfr_2eae5a7ca19abc,h6000_q-001188_r+001864,hsub_iceland_main_island,OCEAN,False,2.223327716,0.406228,63bdcf77570fc97879dd3c5cfd573df8026f9f4f9749ea7f612108048611af3b,"canonical hex polygon INTERSECT canonical OSM land component, unioned inside the hex (overlap-safe)",v1_sha1_hexid_pipe_subjectid
lfr_d55dbb7c0a29b7,h6000_q-001187_r+001864,hsub_iceland_main_island,OCEAN,False,1.003686111,0.183359,d351e3f1e60cd849f83d53fa10c2f0f3211f08b1ce41ce8ab45d4d998fdc1a69,"canonical hex polygon INTERSECT canonical OSM land component, unioned inside the hex (overlap-safe)",v1_sha1_hexid_pipe_subjectid
lfr_d6e4a3294e8cbc,h6000_q-001185_r+001864,hsub_iceland_main_island,OCEAN,False,1.450823403,0.265064,d6ea4eeda53ee1b7574c9b7b2c699675ee142543b9ac34447783a3a128337632,"canonical hex polygon INTERSECT canonical OSM land component, unioned inside the hex (overlap-safe)",v1_sha1_hexid_pipe_subjectid
lfr_a63667cac44baa,h6000_q-001187_r+001865,hsub_iceland_main_island,OCEAN,False,7.8005e-05,1.4e-05,4a970a26634928c6b356c61923b66a5c53cef1abb8790b71425b3885e2088ee7,"canonical hex polygon INTERSECT canonical OSM land component, unioned inside the hex (overlap-safe)",v1_sha1_hexid_pipe_subjectid
lfr_21f92d079b8246,h6000_q-001190_r+001867,hsub_iceland_main_island,OCEAN,False,2.495535695,0.45801,1eeb1930d8ef6a869cb5a74c85dce04bc0202994c39ea34680e3330a05f912c0,"canonical hex polygon INTERSECT canonical OSM land component, unioned inside the hex (overlap-safe)",v1_sha1_hexid_pipe_subjectid
lfr_3bc89db742d546,h6000_q-001189_r+001867,hsub_iceland_main_island,OCEAN,False,0.612086834,0.112316,c1dddac51feed8238c78e12acc616289add751822ea76272f7eb2b55ec749ad1,"canonical hex polygon INTERSECT canonical OSM land component, unioned inside the hex (overlap-safe)",v1_sha1_hexid_pipe_subjectid
lfr_ffb5efd22bb867,h6000_q-001188_r+001867,hsub_iceland_main_island,OCEAN,False,0.247949012,0.045741,9e98472fd663ee5ae2ad6cf55178dd161ddced4b2c8b9471bd8abb17d6f8efd7,"canonical hex polygon INTERSECT canonical OSM land component, unioned inside the hex (overlap-safe)",v1_sha1_hexid_pipe_subjectid
lfr_0684ba3229b1c0,h6000_q-001188_r+001870,hsub_iceland_main_island,OCEAN,False,0.476271396,0.088393,055f0935464574fba07dcde963d810e8dcc80c876284e1d4eeb3c6ce7a5ae22e,"canonical hex polygon INTERSECT canonical OSM land component, unioned inside the hex (overlap-safe)",v1_sha1_hexid_pipe_subjectid
lfr_d095669b341962,h6000_q-001188_r+001871,hsub_iceland_main_island,OCEAN,False,0.079453742,0.015874,f38f2bc1737dced2f8b10feb2b21eb5cbe7ccdafb4a2cb4fe70c78c7853cb5b5,"canonical hex polygon INTERSECT canonical OSM land component, unioned inside the hex (overlap-safe)",v1_sha1_hexid_pipe_subjectid
lfr_3a99aca2947b3e,h6000_q-001189_r+001872,hsub_iceland_main_island,OCEAN,False,0.954579677,0.177397,985c57e9a46b791ef72f265d6700a684a72effae4dd578e74233a46032906a42,"canonical hex polygon INTERSECT canonical OSM land component, unioned inside the hex (overlap-safe)",v1_sha1_hexid_pipe_subjectid
lfr_ec720eac17bd81,h6000_q-001189_r+001873,hsub_iceland_main_island,OCEAN,False,0.799337813,0.148745,e4ee7b12f71c7b319d3e8f58243a5893feccf6a6375f9f5e9bfe1768a3677969,"canonical hex polygon INTERSECT canonical OSM land component, unioned inside the hex (overlap-safe)",v1_sha1_hexid_pipe_subjectid
lfr_b50165a185d2f6,h6000_q-001190_r+001875,hsub_iceland_main_island,OCEAN,False,2.140594597,0.398269,4247543da91f9dab6ac4cde01bda1bf6f4ae55ed2fab8be9a0be816b44bf08d7,"canonical hex polygon INTERSECT canonical OSM land component, unioned inside the hex (overlap-safe)",v1_sha1_hexid_pipe_subjectid
lfr_dbf1a1fb34c74b,h6000_q-001194_r+001876,hsub_iceland_main_island,OCEAN,False,2.651675441,0.493502,7a99e268ea15e9c12429b8b85e1f13a5188bf77493d023c85051d2581e6f85f5,"canonical hex polygon INTERSECT canonical OSM land component, unioned inside the hex (overlap-safe)",v1_sha1_hexid_pipe_subjectid
lfr_a260f7394b1a4f,h6000_q-001191_r+001876,hsub_iceland_main_island,OCEAN,False,1.870038611,0.349493,6aa1e5f722d968035dfe377bbb031e50c73565b6af2926bb8a14cfff24920ea8,"canonical hex polygon INTERSECT canonical OSM land component, unioned inside the hex (overlap-safe)",v1_sha1_hexid_pipe_subjectid
lfr_a3f7fd09314883,h6000_q-001194_r+001877,hsub_iceland_main_island,OCEAN,False,0.492056312,0.092234,c94657779e353e5098db2123dee806b7d2e820f2a7dc8b6a960bfcc266e16c2f,"canonical hex polygon INTERSECT canonical OSM land component, unioned inside the hex (overlap-safe)",v1_sha1_hexid_pipe_subjectid
lfr_313c2d1a304590,h6000_q-001192_r+001877,hsub_iceland_main_island,OCEAN,False,0.907653938,0.173036,ee676227a43e8b06fe0782b4b246415ce318fdca30b03352ea109147a365051d,"canonical hex polygon INTERSECT canonical OSM land component, unioned inside the hex (overlap-safe)",v1_sha1_hexid_pipe_subjectid
lfr_db7c635cd33b00,h6000_q-001195_r+001878,hsub_iceland_main_island,OCEAN,False,0.652987581,0.121831,3b711a2162625573398e94bf083daa21fd5bed0f0413581e64a821ee938aaccd,"canonical hex polygon INTERSECT canonical OSM land component, unioned inside the hex (overlap-safe)",v1_sha1_hexid_pipe_subjectid
lfr_d010240341b9ba,h6000_q-001194_r+001878,hsub_iceland_main_island,OCEAN,False,0.00049101,9.2e-05,4e0c179b4dfef6e8e4fa20e4a850a17062c46d817dc0ac418fd69c399c1b1dfc,"canonical hex polygon INTERSECT canonical OSM land component, unioned inside the hex (overlap-safe)",v1_sha1_hexid_pipe_subjectid
lfr_6675bab264ef76,h6000_q-001193_r+001878,hsub_iceland_main_island,OCEAN,False,0.050605809,0.010352,d68906e4aa0d2bb24418c42df6227f13344049998aeae29b846420a84ba860ae,"canonical hex polygon INTERSECT canonical OSM land component, unioned inside the hex (overlap-safe)",v1_sha1_hexid_pipe_subjectid
lfr_b3874f9f0f2091,h6000_q-001196_r+001879,hsub_iceland_main_island,OCEAN,False,0.078477805,0.014672,aab007ab2fad74dc734419cdcf693dd4d432764a1e7c2fc774dea2c47ef23360,"canonical hex polygon INTERSECT canonical OSM land component, unioned inside the hex (overlap-safe)",v1_sha1_hexid_pipe_subjectid
lfr_2bc456c10dbb67,h6000_q-001197_r+001880,hsub_iceland_main_island,OCEAN,False,2.050964719,0.383785,faf6280c9b0d814faf2536544f61a8e93e7577e10568dec6c7fe33ee0c96a323,"canonical hex polygon INTERSECT canonical OSM land component, unioned inside the hex (overlap-safe)",v1_sha1_hexid_pipe_subjectid
lfr_7a4255cb2839c5,h6000_q-001202_r+001881,hsub_iceland_main_island,OCEAN,False,1.47011457,0.275423,90f73c4a7ee9c57c49417eff639073acc8be882c2ced37897fcd3d845282cca4,"canonical hex polygon INTERSECT canonical OSM land component, unioned inside the hex (overlap-safe)",v1_sha1_hexid_pipe_subjectid
lfr_d57b946a5e72c2,h6000_q-001199_r+001881,hsub_iceland_main_island,OCEAN,False,0.544825488,0.10205,7c7d3fc61464281e2576c11f6c0bcb0425df1a334c233981d71a5051b7a537a6,"canonical hex polygon INTERSECT canonical OSM land component, unioned inside the hex (overlap-safe)",v1_sha1_hexid_pipe_subjectid
lfr_d8e24e17979ac8,h6000_q-001198_r+001881,hsub_iceland_main_island,OCEAN,False,0.422732615,0.079183,cf75326eee70bb689d81d3299c0ba944ff83056df49ab9cefa44b1f434678709,"canonical hex polygon INTERSECT canonical OSM land component, unioned inside the hex (overlap-safe)",v1_sha1_hexid_pipe_subjectid
lfr_23d2df4e02f1d0,h6000_q-001204_r+001882,hsub_iceland_main_island,OCEAN,False,1.711632379,0.321166,67f9bc55775bc5de0bc97b4fce068015ab9af002dd80cc0c37e5dfac10df9eb4,"canonical hex polygon INTERSECT canonical OSM land component, unioned inside the hex (overlap-safe)",v1_sha1_hexid_pipe_subjectid
lfr_12b935b6936855,h6000_q-001205_r+001883,hsub_iceland_main_island,OCEAN,False,0.001049945,0.000197,9f2dc11078ba8e0a1b5ff0e34c27474ba474db9d8fa3e6b771828699eed5c43c,"canonical hex polygon INTERSECT canonical OSM land component, unioned inside the hex (overlap-safe)",v1_sha1_hexid_pipe_subjectid
lfr_00e141335b0f86,h6000_q-001207_r+001884,hsub_iceland_main_island,OCEAN,False,1.135399158,0.213663,e42ee0757106ba7af587baf91028beaa5357a75af598533f105054e3faff18d9,"canonical hex polygon INTERSECT canonical OSM land component, unioned inside the hex (overlap-safe)",v1_sha1_hexid_pipe_subjectid
lfr_cf16f3392d9ba3,h6000_q-001218_r+001887,hsub_iceland_main_island,OCEAN,False,0.197193758,0.037275,a7f0c451c19872f443d0163d67087d12851166f4ec105d4e2043e2e1e6d8b939,"canonical hex polygon INTERSECT canonical OSM land component, unioned inside the hex (overlap-safe)",v1_sha1_hexid_pipe_subjectid
lfr_0b7326591490bd,h6000_q-001217_r+001887,hsub_iceland_main_island,OCEAN,False,2.513421616,0.47515,62fa7e0ebc566f3651f04c3deb740cead5cdeb4c9166d9a974a29ac8b6fa17f2,"canonical hex polygon INTERSECT canonical OSM land component, unioned inside the hex (overlap-safe)",v1_sha1_hexid_pipe_subjectid
lfr_ddd0f8a87d60ce,h6000_q-001210_r+001887,hsub_iceland_main_island,OCEAN,False,1.6834493,0.318423,3c1f348983bd0edf7df0f486e9db405bd3ca33b83de139d8a221800113032ad7,"canonical hex polygon INTERSECT canonical OSM land component, unioned inside the hex (overlap-safe)",v1_sha1_hexid_pipe_subjectid
lfr_e1c35833ecb765,h6000_q-001217_r+001888,hsub_iceland_main_island,OCEAN,False,0.162556736,0.030773,8c5e5e32c4727df0feffb7b3ea0a0fa1c686e8a22462eee23841e228a970359a,"canonical hex polygon INTERSECT canonical OSM land component, unioned inside the hex (overlap-safe)",v1_sha1_hexid_pipe_subjectid
lfr_3b826cd477110a,h6000_q-001216_r+001888,hsub_iceland_main_island,OCEAN,False,1.343582355,0.25434,60e5929e23b92539e2e2253574dec4e9d642c77f495b92c2ab3dc6a55dc4a148,"canonical hex polygon INTERSECT canonical OSM land component, unioned inside the hex (overlap-safe)",v1_sha1_hexid_pipe_subjectid
lfr_0ccd466e639158,h6000_q-001210_r+001888,hsub_iceland_main_island,OCEAN,False,1.103575904,0.209023,b456637d76656fbc19afdc232e050adf5e76dbade1a904078f141d887bf0a513,"canonical hex polygon INTERSECT canonical OSM land component, unioned inside the hex (overlap-safe)",v1_sha1_hexid_pipe_subjectid
lfr_dd4688012a0fee,h6000_q-001219_r+001889,hsub_iceland_main_island,OCEAN,False,2.520138424,0.477999,c09dc1957d848394411ae704be79e33e5c79c8a808547712c0079a8b3aa4dc14,"canonical hex polygon INTERSECT canonical OSM land component, unioned inside the hex (overlap-safe)",v1_sha1_hexid_pipe_subjectid
lfr_97d0be075eb8ad,h6000_q-001213_r+001889,hsub_iceland_main_island,OCEAN,False,2.201369015,0.417381,a4f9d2c8bcf5dd427cbf5142f362e760c5e223bf853aaf228d56b5c6656d7ac3,"canonical hex polygon INTERSECT canonical OSM land component, unioned inside the hex (overlap-safe)",v1_sha1_hexid_pipe_subjectid
lfr_d3ca647aec05bb,h6000_q-001210_r+001889,hsub_iceland_main_island,OCEAN,False,0.352654546,0.089677,07bf0b45b2189da85187a66344a6f6d99bbf4c72ac0160f144a713c38ce2e022,"canonical hex polygon INTERSECT canonical OSM land component, unioned inside the hex (overlap-safe)",v1_sha1_hexid_pipe_subjectid
lfr_eb495eb2efaeb2,h6000_q-001220_r+001890,hsub_iceland_main_island,OCEAN,False,2.285203503,0.434074,85ec2de5a7cd207476487641698a69082b2c5191ff1cd9111a65dd2c99e5f1d9,"canonical hex polygon INTERSECT canonical OSM land component, unioned inside the hex (overlap-safe)",v1_sha1_hexid_pipe_subjectid
lfr_63601dfa257ff2,h6000_q-001219_r+001890,hsub_iceland_main_island,OCEAN,False,0.533707607,0.101322,28ead506b11caf28fcfe18d74071c34cfedaf492d2845b80c82f0ca7119ee323,"canonical hex polygon INTERSECT canonical OSM land component, unioned inside the hex (overlap-safe)",v1_sha1_hexid_pipe_subjectid
lfr_bf64aeb47ddd19,h6000_q-001212_r+001890,hsub_iceland_main_island,OCEAN,False,0.121225263,0.023009,2c7e7b5be4dc606f89b11808084be9f5f542c37ec773e71fa41e6c63ee7f1d92,"canonical hex polygon INTERSECT canonical OSM land component, unioned inside the hex (overlap-safe)",v1_sha1_hexid_pipe_subjectid
lfr_4fcd669bc3bbe6,h6000_q-001211_r+001890,hsub_iceland_main_island,OCEAN,False,0.546000849,0.103645,1f9700396859a109df5dbc1d4e7614eba04c1c003270f96abe3e86cc53ac8228,"canonical hex polygon INTERSECT canonical OSM land component, unioned inside the hex (overlap-safe)",v1_sha1_hexid_pipe_subjectid
lfr_dfa446d81ee69a,h6000_q-001220_r+001891,hsub_iceland_main_island,OCEAN,False,0.947247276,0.180242,0d76454d78f3ac36e491e916c8ea525b0d45e5e3e6b99b8857ab2f5d3211c8e1,"canonical hex polygon INTERSECT canonical OSM land component, unioned inside the hex (overlap-safe)",v1_sha1_hexid_pipe_subjectid
lfr_0f656317806580,h6000_q-001220_r+001892,hsub_iceland_main_island,OCEAN,False,0.700394603,0.133505,66bbf95362139738112c9a2998d210e1fa9b9a1a4142c51128ee9a7ae2a58034,"canonical hex polygon INTERSECT canonical OSM land component, unioned inside the hex (overlap-safe)",v1_sha1_hexid_pipe_subjectid
lfr_cbcd5fdc41f3b5,h6000_q-001219_r+001894,hsub_iceland_main_island,OCEAN,False,0.157258647,0.030065,9646143b26560f2bebe45fe139e85a7ff31e30daf440258c5d4c1b3668f1d42f,"canonical hex polygon INTERSECT canonical OSM land component, unioned inside the hex (overlap-safe)",v1_sha1_hexid_pipe_subjectid
lfr_0939ab693af700,h6000_q-001219_r+001895,hsub_iceland_main_island,OCEAN,False,0.274493335,0.052537,350144771a5328de95a8657234757d7b735a6ac2b1b94ab535120f90bb4ece9d,"canonical hex polygon INTERSECT canonical OSM land component, unioned inside the hex (overlap-safe)",v1_sha1_hexid_pipe_subjectid
lfr_defce122a10104,h6000_q-001219_r+001896,hsub_iceland_main_island,OCEAN,False,0.228270861,0.043759,36dbe57b4594c2b2b2c43086c36ae7636c74ac56376553941be04413d1ddaa41,"canonical hex polygon INTERSECT canonical OSM land component, unioned inside the hex (overlap-safe)",v1_sha1_hexid_pipe_subjectid
lfr_d6ab6113e8a0c8,h6000_q-001220_r+001898,hsub_iceland_main_island,OCEAN,False,2.367487405,0.455087,890600d4fcedc2e6d756c836773a14956fbdb6c661fa6c9fdf08318e3270d895,"canonical hex polygon INTERSECT canonical OSM land component, unioned inside the hex (overlap-safe)",v1_sha1_hexid_pipe_subjectid
lfr_bcf08c638107d2,h6000_q-001220_r+001899,hsub_iceland_main_island,OCEAN,False,0.064262308,0.012368,540d1c786884cfae0ab84406ea9e150595f43d68cdd14cd7f16aef1d5743c102,"canonical hex polygon INTERSECT canonical OSM land component, unioned inside the hex (overlap-safe)",v1_sha1_hexid_pipe_subjectid
lfr_bed504b5a97b93,h6000_q-001276_r+001900,hsub_iceland_main_island,OCEAN,False,2.540453803,0.489588,2574abe6f01584c5b71ea6f778d5bf22208fa78dbdc3560714291381d40b30ea,"canonical hex polygon INTERSECT canonical OSM land component, unioned inside the hex (overlap-safe)",v1_sha1_hexid_pipe_subjectid
lfr_3f30c330ea8cc9,h6000_q-001275_r+001900,hsub_iceland_main_island,OCEAN,False,2.546618103,0.490769,e534ccb212a19e7c41ad3cbfdd3b237feec4a4ea7eb1c1072bfca32f8e1a011f,"canonical hex polygon INTERSECT canonical OSM land component, unioned inside the hex (overlap-safe)",v1_sha1_hexid_pipe_subjectid
lfr_e04ab8969c2df4,h6000_q-001221_r+001900,hsub_iceland_main_island,OCEAN,False,1.92789681,0.371654,ca84908b6f8e8b6dcfaab1e39adbc8cad289a2d3d15072764b450f8c139d4032,"canonical hex polygon INTERSECT canonical OSM land component, unioned inside the hex (overlap-safe)",v1_sha1_hexid_pipe_subjectid
lfr_3f295ce166c8d2,h6000_q-001278_r+001901,hsub_iceland_main_island,OCEAN,False,1.2203234,0.235564,c8ba36229c5f3a0842954fe2c4eaefd7e13efed1b38ea4ce3cb3ec723ca34bda,"canonical hex polygon INTERSECT canonical OSM land component, unioned inside the hex (overlap-safe)",v1_sha1_hexid_pipe_subjectid
lfr_99b8a5386818c8,h6000_q-001274_r+001901,hsub_iceland_main_island,OCEAN,False,0.000607613,0.000446,aaba22abb6eab476ec1a655fa66b0392c49d59cff1f482488a45a2fea38d6c34,"canonical hex polygon INTERSECT canonical OSM land component, unioned inside the hex (overlap-safe)",v1_sha1_hexid_pipe_subjectid
lfr_2c5b3aed8371fd,h6000_q-001222_r+001901,hsub_iceland_main_island,OCEAN,False,1.68702014,0.325623,5d25fe20d9472399fc4786fd932166d0cc5fdd874cd228de1bf0716b53c2ee5e,"canonical hex polygon INTERSECT canonical OSM land component, unioned inside the hex (overlap-safe)",v1_sha1_hexid_pipe_subjectid
lfr_18ce2ba54e08a2,h6000_q-001274_r+001902,hsub_iceland_main_island,OCEAN,False,0.040542774,0.007836,577f2d76e2c4eceaf0edff8b2db6a7745ce1fa0c46222932f59a68a1209aa522,"canonical hex polygon INTERSECT canonical OSM land component, unioned inside the hex (overlap-safe)",v1_sha1_hexid_pipe_subjectid
lfr_61fa329c7900a8,h6000_q-001227_r+001902,hsub_iceland_main_island,OCEAN,False,0.922096962,0.178262,dc34227a1e8fad5538b4d00314dea1cf6f102be2de115b5b0c94793ba2a188b2,"canonical hex polygon INTERSECT canonical OSM land component, unioned inside the hex (overlap-safe)",v1_sha1_hexid_pipe_subjectid
lfr_48b9704efcfeb7,h6000_q-001226_r+001902,hsub_iceland_main_island,OCEAN,False,2.513080364,0.485842,19e3260d4dd70a626a4d03aa273a623556224b894e9b5664b51f5c49ce3e3ea3,"canonical hex polygon INTERSECT canonical OSM land component, unioned inside the hex (overlap-safe)",v1_sha1_hexid_pipe_subjectid
lfr_d11dd9587bfab2,h6000_q-001223_r+001902,hsub_iceland_main_island,OCEAN,False,2.544743772,0.492,ca72b0c1293c2b16b86ce83f2cbfbceaa348d996e3713eeba2dd56a7ed26f6b5,"canonical hex polygon INTERSECT canonical OSM land component, unioned inside the hex (overlap-safe)",v1_sha1_hexid_pipe_subjectid
lfr_8030d74e3b49bd,h6000_q-001274_r+001903,hsub_iceland_main_island,OCEAN,False,0.084004752,0.016273,5e98704c6c5d925a108e9b49f4b0f3196318fe0f4770508ab5cb86da6331199a,"canonical hex polygon INTERSECT canonical OSM land component, unioned inside the hex (overlap-safe)",v1_sha1_hexid_pipe_subjectid
lfr_efd8c39833966f,h6000_q-001231_r+001903,hsub_iceland_main_island,OCEAN,False,2.296999253,0.444653,b20531eb131df258f18a0c61db08b65545438706e4b5e8ac54efa603fb467720,"canonical hex polygon INTERSECT canonical OSM land component, unioned inside the hex (overlap-safe)",v1_sha1_hexid_pipe_subjectid
lfr_65362d7fb43d24,h6000_q-001230_r+001903,hsub_iceland_main_island,OCEAN,False,2.155550653,0.417284,2dbb4013f7f93e2e6699e0fc4bf5a78d4467a718ed5fa3f4cd8474c8cdb53405,"canonical hex polygon INTERSECT canonical OSM land component, unioned inside the hex (overlap-safe)",v1_sha1_hexid_pipe_subjectid
lfr_8119e46ef5a8d7,h6000_q-001229_r+001903,hsub_iceland_main_island,OCEAN,False,0.459319256,0.088897,f29a61ffb1769b4026ba3e52937f1b841229915040528ceefcf2d747865f8a3a,"canonical hex polygon INTERSECT canonical OSM land component, unioned inside the hex (overlap-safe)",v1_sha1_hexid_pipe_subjectid
lfr_92d8efcb838e22,h6000_q-001228_r+001903,hsub_iceland_main_island,OCEAN,False,0.473277143,0.091599,632481490ecc8fa30da3fa72466867cb584aa0260bde418be0956c0f560c0d36,"canonical hex polygon INTERSECT canonical OSM land component, unioned inside the hex (overlap-safe)",v1_sha1_hexid_pipe_subjectid
lfr_7b65693e9960ef,h6000_q-001226_r+001903,hsub_iceland_main_island,OCEAN,False,2.201193278,0.426125,08371b5e4639c8436ad7b0660a53853a724977a94753ef4ce0fd3d8e20e053b0,"canonical hex polygon INTERSECT canonical OSM land component, unioned inside the hex (overlap-safe)",v1_sha1_hexid_pipe_subjectid
lfr_c1f44d8ff706d0,h6000_q-001231_r+001904,hsub_iceland_main_island,OCEAN,False,0.025573549,0.004962,2d6682dbdda38ebd4de30dff0e3e8086f13e51f330e39f420692c3227ceadebc,"canonical hex polygon INTERSECT canonical OSM land component, unioned inside the hex (overlap-safe)",v1_sha1_hexid_pipe_subjectid
lfr_cd4447c04b8dba,h6000_q-001226_r+001904,hsub_iceland_main_island,OCEAN,False,0.240839231,0.04669,7b2d2b33eb278dc8e2efc4e3f0271507fdb5dea3305e2fb85dbb5dc2b70e0293,"canonical hex polygon INTERSECT canonical OSM land component, unioned inside the hex (overlap-safe)",v1_sha1_hexid_pipe_subjectid
lfr_bf44456eb5d644,h6000_q-001225_r+001904,hsub_iceland_main_island,OCEAN,False,0.771868441,0.149613,866803bc778e259bad6fcadcdeb2fd508a459044c5776548f00dd3ac526e1ff6,"canonical hex polygon INTERSECT canonical OSM land component, unioned inside the hex (overlap-safe)",v1_sha1_hexid_pipe_subjectid
lfr_8811a9b6b0b90f,h6000_q-001282_r+001905,hsub_iceland_main_island,OCEAN,False,2.111243234,0.409926,e6e6c677c557bb40f9d0cee3670a924e5a889d80dfe1f424305a30683dc293e6,"canonical hex polygon INTERSECT canonical OSM land component, unioned inside the hex (overlap-safe)",v1_sha1_hexid_pipe_subjectid
lfr_f5d72f61a111a9,h6000_q-001275_r+001905,hsub_iceland_main_island,OCEAN,False,0.116052471,0.022533,c3b969f70b426ad0e21a7471a41db71332231fbdb18b568841653504b7a335a4,"canonical hex polygon INTERSECT canonical OSM land component, unioned inside the hex (overlap-safe)",v1_sha1_hexid_pipe_subjectid
lfr_5ada0b6294c05d,h6000_q-001232_r+001905,hsub_iceland_main_island,OCEAN,False,2.488927703,0.483404,f91c573e4591f971a144b8db1338fd03fb1734fd40299970e169faa6adfcc7b9,"canonical hex polygon INTERSECT canonical OSM land component, unioned inside the hex (overlap-safe)",v1_sha1_hexid_pipe_subjectid
lfr_d39a533182b1de,h6000_q-001283_r+001906,hsub_iceland_main_island,OCEAN,False,0.258944832,0.050353,47bfa72cb601a720c26a738f5e4f2922bfb7a3ff2a528702fb74677abf2df87e,"canonical hex polygon INTERSECT canonical OSM land component, unioned inside the hex (overlap-safe)",v1_sha1_hexid_pipe_subjectid
lfr_3aab2de2520555,h6000_q-001275_r+001906,hsub_iceland_main_island,OCEAN,False,0.640496185,0.124527,261e78b297c0e37169170edf76b94a8a1abda38a0e71437d1565315a250a9045,"canonical hex polygon INTERSECT canonical OSM land component, unioned inside the hex (overlap-safe)",v1_sha1_hexid_pipe_subjectid
lfr_dc7cce2111a280,h6000_q-001234_r+001906,hsub_iceland_main_island,OCEAN,False,1.11089613,0.216009,9aefdef10a71ae79ad2b53baf299cb19b56765022d7f6fe145e669c966117aa2,"canonical hex polygon INTERSECT canonical OSM land component, unioned inside the hex (overlap-safe)",v1_sha1_hexid_pipe_subjectid
lfr_325f789b7b0166,h6000_q-001233_r+001906,hsub_iceland_main_island,OCEAN,False,1.177167329,0.228862,27a8e80a1c9e91f0dc4ee4738e73fc8166c309ba9faf80acfbbf2e7d7edfcc6e,"canonical hex polygon INTERSECT canonical OSM land component, unioned inside the hex (overlap-safe)",v1_sha1_hexid_pipe_subjectid
lfr_30ad03a4133c82,h6000_q-001232_r+001906,hsub_iceland_main_island,OCEAN,False,0.152136157,0.029582,0f78777c28bb21da7e4fbe35c6613f3cd25f4bca6a698b4c03e8e2abe898263f,"canonical hex polygon INTERSECT canonical OSM land component, unioned inside the hex (overlap-safe)",v1_sha1_hexid_pipe_subjectid
lfr_7bac53b510c668,h6000_q-001285_r+001907,hsub_iceland_main_island,OCEAN,False,0.755536573,0.147127,161a855743d7b90af035d8cb94861afc940f589359a824a528fbf77a37566a38,"canonical hex polygon INTERSECT canonical OSM land component, unioned inside the hex (overlap-safe)",v1_sha1_hexid_pipe_subjectid
lfr_46797b2cf0dbb3,h6000_q-001274_r+001907,hsub_iceland_main_island,OCEAN,False,1.669337201,0.325128,e994677143bddf410054f79c1b07fff8483aa872ba5d2dd3cf18cc738e355bd0,"canonical hex polygon INTERSECT canonical OSM land component, unioned inside the hex (overlap-safe)",v1_sha1_hexid_pipe_subjectid
lfr_fc45df1efde825,h6000_q-001235_r+001907,hsub_iceland_main_island,OCEAN,False,2.547198094,0.496298,2944e7f4ea0900e0d8619499e9ff47bd0b58aad474cd086d6f157b852d64be13,"canonical hex polygon INTERSECT canonical OSM land component, unioned inside the hex (overlap-safe)",v1_sha1_hexid_pipe_subjectid
lfr_d452764bce9741,h6000_q-001286_r+001908,hsub_iceland_main_island,OCEAN,False,1.302592034,0.254062,1a0137664ea37ebaba1e79c114ce915e8cf65155185dcb5724ec60c08a562741,"canonical hex polygon INTERSECT canonical OSM land component, unioned inside the hex (overlap-safe)",v1_sha1_hexid_pipe_subjectid
lfr_fcbe2ad2c3c8d7,h6000_q-001268_r+001908,hsub_iceland_main_island,OCEAN,False,0.138367892,0.026993,81c3a6be2be337f39079b723ac8339e4db48c555d22892489113bece98632de5,"canonical hex polygon INTERSECT canonical OSM land component, unioned inside the hex (overlap-safe)",v1_sha1_hexid_pipe_subjectid
lfr_d30c995951ada1,h6000_q-001266_r+001908,hsub_iceland_main_island,OCEAN,False,0.582755141,0.113628,d7d8589d427d51e146721456c036edeb42a5c49cab8b311d5888b368d12aa69a,"canonical hex polygon INTERSECT canonical OSM land component, unioned inside the hex (overlap-safe)",v1_sha1_hexid_pipe_subjectid
lfr_d4b86c375f9521,h6000_q-001233_r+001908,hsub_iceland_main_island,OCEAN,False,0.118093536,0.023041,698e05bfc86dbc4f77c961519e536e8d338255c3b9f82829c13b15467370a093,"canonical hex polygon INTERSECT canonical OSM land component, unioned inside the hex (overlap-safe)",v1_sha1_hexid_pipe_subjectid
lfr_ec13570762a508,h6000_q-001288_r+001909,hsub_iceland_main_island,OCEAN,False,1.667754087,0.325707,142d1a410d4a25e95ecf8260449b8237e915582e7fb56c12de6ba0c23f436d14,"canonical hex polygon INTERSECT canonical OSM land component, unioned inside the hex (overlap-safe)",v1_sha1_hexid_pipe_subjectid
lfr_2cec5fbc0af2b4,h6000_q-001287_r+001909,hsub_iceland_main_island,OCEAN,False,0.128932665,0.025179,bf509e024d35e62b8076f5499cd6c743ba16dd6096204056cf835af286844064,"canonical hex polygon INTERSECT canonical OSM land component, unioned inside the hex (overlap-safe)",v1_sha1_hexid_pipe_subjectid
lfr_9c1da7e7574edc,h6000_q-001275_r+001909,hsub_iceland_main_island,OCEAN,False,1.943100485,0.380175,5cdb87cfba512b7825e0eb7823336b471f5a22c5786ee37fdee4cdd5e788e2a8,"canonical hex polygon INTERSECT canonical OSM land component, unioned inside the hex (overlap-safe)",v1_sha1_hexid_pipe_subjectid
lfr_b26fa5500b1fc8,h6000_q-001269_r+001909,hsub_iceland_main_island,OCEAN,False,0.474622908,0.092702,36b993f0bf6417a9713ad0eb5104f584933b1a2e881a62dae0df7aab96703d14,"canonical hex polygon INTERSECT canonical OSM land component, unioned inside the hex (overlap-safe)",v1_sha1_hexid_pipe_subjectid
lfr_267c8f9e35d324,h6000_q-001265_r+001909,hsub_iceland_main_island,OCEAN,False,0.245106348,0.04787,e0f63dc133da902593f6361f1f293eb83272f06fdb6f520b4bd08acc8b212a23,"canonical hex polygon INTERSECT canonical OSM land component, unioned inside the hex (overlap-safe)",v1_sha1_hexid_pipe_subjectid
lfr_ef1bca8ca1efb5,h6000_q-001233_r+001909,hsub_iceland_main_island,OCEAN,False,1.493027088,0.291805,ac1f4e112001885ac54393a77a0984e1163b7e6f8cd0d37cf31b7a596d23d1ff,"canonical hex polygon INTERSECT canonical OSM land component, unioned inside the hex (overlap-safe)",v1_sha1_hexid_pipe_subjectid
lfr_26c6cb25eea3cd,h6000_q-001270_r+001910,hsub_iceland_main_island,OCEAN,False,2.006542723,0.392591,4681752e5a3a07be8b7ca18d66fb3819c981633e1a1bea666067b22639f168c2,"canonical hex polygon INTERSECT canonical OSM land component, unioned inside the hex (overlap-safe)",v1_sha1_hexid_pipe_subjectid
lfr_ae6af340bbe81c,h6000_q-001263_r+001910,hsub_iceland_main_island,OCEAN,False,1.770867115,0.346375,fa6c562f41edf94b5713fd83f3596db83d5a3b3d98b96816c11d3ee56cca8a16,"canonical hex polygon INTERSECT canonical OSM land component, unioned inside the hex (overlap-safe)",v1_sha1_hexid_pipe_subjectid
lfr_3a6381ada1271e,h6000_q-001241_r+001910,hsub_iceland_main_island,OCEAN,False,0.143186813,0.028008,6c6310b78b621f692f4c38f828b831bb1e68fd9391b7e87af9b84310797c1b9a,"canonical hex polygon INTERSECT canonical OSM land component, unioned inside the hex (overlap-safe)",v1_sha1_hexid_pipe_subjectid
lfr_3fe986a7539ace,h6000_q-001240_r+001910,hsub_iceland_main_island,OCEAN,False,0.65815275,0.128748,5d98f535d7a09f5999ccf1cc422279ef0fa2702e6678b60a2027842d9f736909,"canonical hex polygon INTERSECT canonical OSM land component, unioned inside the hex (overlap-safe)",v1_sha1_hexid_pipe_subjectid
lfr_81486fd3acfbf7,h6000_q-001232_r+001910,hsub_iceland_main_island,OCEAN,False,0.036083382,0.007064,e5cde981ea238d792fadfdf6b4b3888f9117b5e2eba929240b5d0b1710495c96,"canonical hex polygon INTERSECT canonical OSM land component, unioned inside the hex (overlap-safe)",v1_sha1_hexid_pipe_subjectid
lfr_3d130e490e0058,h6000_q-001275_r+001911,hsub_iceland_main_island,OCEAN,False,1.533091561,0.300614,8ffd114e3eb5381e22e01ce2634bbaf5cbe61fb464c43406d1555af1d7a473b2,"canonical hex polygon INTERSECT canonical OSM land component, unioned inside the hex (overlap-safe)",v1_sha1_hexid_pipe_subjectid
lfr_7d91feac557a73,h6000_q-001274_r+001911,hsub_iceland_main_island,OCEAN,False,1.358773192,0.266162,03aa8878b8e57e14d7981e4e0eb5f2478a3fb55f1d668ca38f111016ace31b2b,"canonical hex polygon INTERSECT canonical OSM land component, unioned inside the hex (overlap-safe)",v1_sha1_hexid_pipe_subjectid
lfr_0d03c3bd5a4674,h6000_q-001262_r+001911,hsub_iceland_main_island,OCEAN,False,1.99179232,0.390192,859ff817a0901fa03a2340cfb412e3a4f1c0de67178e53366960f3cab4ab4efd,"canonical hex polygon INTERSECT canonical OSM land component, unioned inside the hex (overlap-safe)",v1_sha1_hexid_pipe_subjectid
lfr_54e6e9923b9eff,h6000_q-001243_r+001911,hsub_iceland_main_island,OCEAN,False,2.314760028,0.453483,bf250b7940bd8bbc47c42c2210f14a797f614fc2c71eb87909aede27e0d2daa2,"canonical hex polygon INTERSECT canonical OSM land component, unioned inside the hex (overlap-safe)",v1_sha1_hexid_pipe_subjectid
lfr_ae723441ca8e07,h6000_q-001242_r+001911,hsub_iceland_main_island,OCEAN,False,0.241651868,0.047336,ad7dc5de87f1e84899e232c1521a479892a037b44ef24b93ae3eeadf4ea15e60,"canonical hex polygon INTERSECT canonical OSM land component, unioned inside the hex (overlap-safe)",v1_sha1_hexid_pipe_subjectid
lfr_deba817bb521a6,h6000_q-001240_r+001911,hsub_iceland_main_island,OCEAN,False,2.495449444,0.489069,01da64257b5e7e2ac13fce455591ac39937a5d402e6bb3fe2bd9845495210120,"canonical hex polygon INTERSECT canonical OSM land component, unioned inside the hex (overlap-safe)",v1_sha1_hexid_pipe_subjectid
lfr_8b31a54b9e8ef7,h6000_q-001274_r+001912,hsub_iceland_main_island,OCEAN,False,0.327871063,0.064302,f9654bfb7145d2a486fe69eb792ae1df2cd3984516ab67bbd53d8e379729aea3,"canonical hex polygon INTERSECT canonical OSM land component, unioned inside the hex (overlap-safe)",v1_sha1_hexid_pipe_subjectid
lfr_384596b75d4b5e,h6000_q-001273_r+001912,hsub_iceland_main_island,OCEAN,False,0.402347215,0.078911,28d215f79fedf83f2ac51895beac1467a5eea01486daccecc41d98b162feb4eb,"canonical hex polygon INTERSECT canonical OSM land component, unioned inside the hex (overlap-safe)",v1_sha1_hexid_pipe_subjectid
lfr_2e69070daab20e,h6000_q-001272_r+001912,hsub_iceland_main_island,OCEAN,False,0.50597249,0.099238,0644c083f6f410e964e1d9ea896a3461059c6bcf89bf5e38d3ef28c2da3fbecc,"canonical hex polygon INTERSECT canonical OSM land component, unioned inside the hex (overlap-safe)",v1_sha1_hexid_pipe_subjectid
lfr_922be694b5eceb,h6000_q-001262_r+001912,hsub_iceland_main_island,OCEAN,False,0.569859094,0.111803,715d7783e38667967b16db5fa95c15d1a132295513225d7897e941716ed0c606,"canonical hex polygon INTERSECT canonical OSM land component, unioned inside the hex (overlap-safe)",v1_sha1_hexid_pipe_subjectid
lfr_0ebf0d0612f14c,h6000_q-001244_r+001912,hsub_iceland_main_island,OCEAN,False,1.505562021,0.29539,6ed27cbab4e32dc256f5f666e2669281e337e8640eb0315ce51fd1f5702e19e8,"canonical hex polygon INTERSECT canonical OSM land component, unioned inside the hex (overlap-safe)",v1_sha1_hexid_pipe_subjectid
lfr_009ec3f4188b58,h6000_q-001241_r+001912,hsub_iceland_main_island,OCEAN,False,0.814191693,0.159791,185e41cb5506e77b28d75686791003400943898d5638fc88d0bbef6230e48e3f,"canonical hex polygon INTERSECT canonical OSM land component, unioned inside the hex (overlap-safe)",v1_sha1_hexid_pipe_subjectid
lfr_f693f504d22c5c,h6000_q-001262_r+001913,hsub_iceland_main_island,OCEAN,False,0.590852535,0.116085,6e0ac057b8324977d85f70d5b1415a203ae6e05b5908ae3e0be6a156c1f90701,"canonical hex polygon INTERSECT canonical OSM land component, unioned inside the hex (overlap-safe)",v1_sha1_hexid_pipe_subjectid
lfr_77e3160373751c,h6000_q-001247_r+001913,hsub_iceland_main_island,OCEAN,False,0.780987541,0.153419,3e50d830ff90b4eb862986e0cad93329c6093db9fd0cbc12b7d7aa02dd157700,"canonical hex polygon INTERSECT canonical OSM land component, unioned inside the hex (overlap-safe)",v1_sha1_hexid_pipe_subjectid
lfr_2a58b091b7bef5,h6000_q-001246_r+001913,hsub_iceland_main_island,OCEAN,False,1.449299712,0.284738,ecdd8fecd78b10658ba44b71adb4ef72ade0bd93f08f3521495ac6e2a93da283,"canonical hex polygon INTERSECT canonical OSM land component, unioned inside the hex (overlap-safe)",v1_sha1_hexid_pipe_subjectid
lfr_f87ee4b188d70b,h6000_q-001245_r+001913,hsub_iceland_main_island,OCEAN,False,4.12e-05,8e-06,257407f4478a72a981f7c90d5e9d69ebdd52854bae4d733c7cdaeb47029d5ef2,"canonical hex polygon INTERSECT canonical OSM land component, unioned inside the hex (overlap-safe)",v1_sha1_hexid_pipe_subjectid
lfr_28951874bdbaf6,h6000_q-001262_r+001914,hsub_iceland_main_island,OCEAN,False,1.250091135,0.246074,8d1e83937c9919a46b3bf7c893826e12737f4a2c4fee5bd6dc4503f747f1626b,"canonical hex polygon INTERSECT canonical OSM land component, unioned inside the hex (overlap-safe)",v1_sha1_hexid_pipe_subjectid
lfr_7fdfb4a2efeb64,h6000_q-001248_r+001914,hsub_iceland_main_island,OCEAN,False,1.332810885,0.262601,fa1bf06cff2ca88b925c37453296cb8b289c8227bdc71605975f2fca3ad2a3ca,"canonical hex polygon INTERSECT canonical OSM land component, unioned inside the hex (overlap-safe)",v1_sha1_hexid_pipe_subjectid
lfr_b315fa10d99618,h6000_q-001242_r+001914,hsub_iceland_main_island,OCEAN,False,0.488303651,0.096103,3a036a736421ddeff16092f6c2029e91551622709b91ca80361db0b403b3fb92,"canonical hex polygon INTERSECT canonical OSM land component, unioned inside the hex (overlap-safe)",v1_sha1_hexid_pipe_subjectid
lfr_8cb74d4ce1a6d3,h6000_q-001249_r+001915,hsub_iceland_main_island,OCEAN,False,1.004022412,0.198522,a3661a039d066927f63200b824a17ac7379bc8d546c5041d8d702dd5f1d70331,"canonical hex polygon INTERSECT canonical OSM land component, unioned inside the hex (overlap-safe)",v1_sha1_hexid_pipe_subjectid
lfr_0112f6a32c0aac,h6000_q-001248_r+001915,hsub_iceland_main_island,OCEAN,False,0.000137972,2.7e-05,ce19e8f1d4bd2318aecb2ca5ef8cadbed3dc8e2190c15a43ce882f307c923927,"canonical hex polygon INTERSECT canonical OSM land component, unioned inside the hex (overlap-safe)",v1_sha1_hexid_pipe_subjectid
lfr_f7db4ad75b20e9,h6000_q-001242_r+001915,hsub_iceland_main_island,OCEAN,False,0.116929853,0.023032,13427d228010b80bd0fd8be01b6e8e1958b2f688429e886b1b5af43d9ea904a2,"canonical hex polygon INTERSECT canonical OSM land component, unioned inside the hex (overlap-safe)",v1_sha1_hexid_pipe_subjectid
lfr_13fe022b3bb469,h6000_q-001239_r+001915,hsub_iceland_main_island,OCEAN,False,1.188967984,0.234268,83639ea2641be20135fe6d4b3eed4aa5e000cb3a671012b572b618a5805ba21a,"canonical hex polygon INTERSECT canonical OSM land component, unioned inside the hex (overlap-safe)",v1_sha1_hexid_pipe_subjectid
lfr_32ba05db905795,h6000_q-001235_r+001915,hsub_iceland_main_island,OCEAN,False,0.046951738,0.00926,f45c4b09858f2e8fcfbef67b922d51a4105c6c99c6d79b706db5d695fecd64c4,"canonical hex polygon INTERSECT canonical OSM land component, unioned inside the hex (overlap-safe)",v1_sha1_hexid_pipe_subjectid
lfr_c3fb6878f1fcbe,h6000_q-001263_r+001916,hsub_iceland_main_island,OCEAN,False,1.819807356,0.360566,3f429b7d6baff6b8b2b6301b3a0e9ee9c8a7994a561a69427b7ab54de277039b,"canonical hex polygon INTERSECT canonical OSM land component, unioned inside the hex (overlap-safe)",v1_sha1_hexid_pipe_subjectid
lfr_021a6906c1218d,h6000_q-001250_r+001916,hsub_iceland_main_island,OCEAN,False,1.319360074,0.260544,bdee16f05ab1377ac478fb0068d5f7b7933ae213aca218dc772a917e8cb852f3,"canonical hex polygon INTERSECT canonical OSM land component, unioned inside the hex (overlap-safe)",v1_sha1_hexid_pipe_subjectid
lfr_e732e986a19da7,h6000_q-001238_r+001916,hsub_iceland_main_island,OCEAN,False,2.369298655,0.467676,f8ff5a8c0a9f4a5eedc20f4ce567ca3fa168e204f5ba914a6a4c08e907ae78ba,"canonical hex polygon INTERSECT canonical OSM land component, unioned inside the hex (overlap-safe)",v1_sha1_hexid_pipe_subjectid
lfr_f514f86abdeff4,h6000_q-001235_r+001916,hsub_iceland_main_island,OCEAN,False,1.897258945,0.37471,f8b3aa39fea76bcd565a7e5b98611470667078934f6084aa1e9754357aacd734,"canonical hex polygon INTERSECT canonical OSM land component, unioned inside the hex (overlap-safe)",v1_sha1_hexid_pipe_subjectid
lfr_224bf4e4fb5f60,h6000_q-001234_r+001916,hsub_iceland_main_island,OCEAN,False,0.022140696,0.004373,d8f267798c57382b2c27741a63b88314da61e8322ee3112d6870b260fab0ce4f,"canonical hex polygon INTERSECT canonical OSM land component, unioned inside the hex (overlap-safe)",v1_sha1_hexid_pipe_subjectid
lfr_b084a792d13c0e,h6000_q-001264_r+001917,hsub_iceland_main_island,OCEAN,False,1.832343546,0.362376,e938163bd6719625ee1627cd87e7479ecabc235078e3619ab0f5921ce49eb47b,"canonical hex polygon INTERSECT canonical OSM land component, unioned inside the hex (overlap-safe)",v1_sha1_hexid_pipe_subjectid
lfr_6dffab029f8b6c,h6000_q-001250_r+001917,hsub_iceland_main_island,OCEAN,False,2.11839335,0.41894,b730bb7da21d88e62f9cd2309ca894cb9d066650aa5a706e3f1346d08f44893c,"canonical hex polygon INTERSECT canonical OSM land component, unioned inside the hex (overlap-safe)",v1_sha1_hexid_pipe_subjectid
lfr_af8fdf843bb347,h6000_q-001238_r+001917,hsub_iceland_main_island,OCEAN,False,0.454623594,0.089864,2dd4289f2d723339b651eb0beb158ab8d33eed9e1a95786af1f48f8ec4491541,"canonical hex polygon INTERSECT canonical OSM land component, unioned inside the hex (overlap-safe)",v1_sha1_hexid_pipe_subjectid
lfr_580ae680f9b1fe,h6000_q-001233_r+001917,hsub_iceland_main_island,OCEAN,False,0.092088696,0.018216,38a8499e5914e5e6cbc125fa8f10df04ecf2c8568ab1575180ab8ae25226fd41,"canonical hex polygon INTERSECT canonical OSM land component, unioned inside the hex (overlap-safe)",v1_sha1_hexid_pipe_subjectid
lfr_bb380f290a3aac,h6000_q-001265_r+001918,hsub_iceland_main_island,OCEAN,False,0.637204116,0.126181,38c6e17ec52b33a600910a802b40531a1fb5660835be931acec815b4c9f5c0be,"canonical hex polygon INTERSECT canonical OSM land component, unioned inside the hex (overlap-safe)",v1_sha1_hexid_pipe_subjectid
lfr_d5fd247c9693ea,h6000_q-001250_r+001918,hsub_iceland_main_island,OCEAN,False,1.898136865,0.375918,6b630e05b392cae0032307dcc2fd2e13e1a4d5626bc07b22deb5dfdf0d1520ea,"canonical hex polygon INTERSECT canonical OSM land component, unioned inside the hex (overlap-safe)",v1_sha1_hexid_pipe_subjectid
lfr_6d34720f32b44f,h6000_q-001238_r+001918,hsub_iceland_main_island,OCEAN,False,0.514460492,0.101836,63a6ad20533a05df4f52c4639079a10f7c76be121746f5e67865d53c986ae75c,"canonical hex polygon INTERSECT canonical OSM land component, unioned inside the hex (overlap-safe)",v1_sha1_hexid_pipe_subjectid
lfr_d098ecd9890b33,h6000_q-001233_r+001918,hsub_iceland_main_island,OCEAN,False,1.512834333,0.299694,b5d592cd1fc82ce59b4d18cdfee8dfedd6e78c8b08361e9593d04a7a2384058e,"canonical hex polygon INTERSECT canonical OSM land component, unioned inside the hex (overlap-safe)",v1_sha1_hexid_pipe_subjectid
lfr_2da7438672d468,h6000_q-001266_r+001919,hsub_iceland_main_island,OCEAN,False,0.057092662,0.011327,0a0318a42f48b164804d2cd15fb5fdeab6f330ddd51c14171fc76d8391a331eb,"canonical hex polygon INTERSECT canonical OSM land component, unioned inside the hex (overlap-safe)",v1_sha1_hexid_pipe_subjectid
lfr_7a5254b6f5db6c,h6000_q-001250_r+001919,hsub_iceland_main_island,OCEAN,False,0.290164576,0.057544,692e487b1fb603a04811c37bc2e7ccb945c4397cbc204810844e9d00b0d50991,"canonical hex polygon INTERSECT canonical OSM land component, unioned inside the hex (overlap-safe)",v1_sha1_hexid_pipe_subjectid
lfr_07128d5f508d86,h6000_q-001238_r+001919,hsub_iceland_main_island,OCEAN,False,1.683778903,0.333874,625c30cf80f95c411963f0437fef1eaaa8f78653f08c647aceb113e440561870,"canonical hex polygon INTERSECT canonical OSM land component, unioned inside the hex (overlap-safe)",v1_sha1_hexid_pipe_subjectid
lfr_0018e3a49c02f1,h6000_q-001232_r+001919,hsub_iceland_main_island,OCEAN,False,2.116425008,0.419846,cda6e2424c06e53930dfe2e19d0736b7d500d667461f5a3cec48223502ec2c15,"canonical hex polygon INTERSECT canonical OSM land component, unioned inside the hex (overlap-safe)",v1_sha1_hexid_pipe_subjectid
lfr_2b4d4f52044f99,h6000_q-001231_r+001919,hsub_iceland_main_island,OCEAN,False,0.375739735,0.074553,827a6f6f4f63fa06d6d4ab3b54a44e3751b74962d848e36cf2150f09d7e5a2f4,"canonical hex polygon INTERSECT canonical OSM land component, unioned inside the hex (overlap-safe)",v1_sha1_hexid_pipe_subjectid
lfr_322bf628f73fdb,h6000_q-001251_r+001920,hsub_iceland_main_island,OCEAN,False,2.0806534,0.413201,ee0f8b23b1ee14508c07f87db6241470051a7e038d86327bced8fc67d661a7ed,"canonical hex polygon INTERSECT canonical OSM land component, unioned inside the hex (overlap-safe)",v1_sha1_hexid_pipe_subjectid
lfr_e6e7b1199251df,h6000_q-001238_r+001920,hsub_iceland_main_island,OCEAN,False,0.082133132,0.0163,e36f7200219fc24503edb57224eee60a6721bfbc4e59c641f0dcb5ddba37dbd3,"canonical hex polygon INTERSECT canonical OSM land component, unioned inside the hex (overlap-safe)",v1_sha1_hexid_pipe_subjectid
lfr_193ba80c8f4d23,h6000_q-001233_r+001920,hsub_iceland_main_island,OCEAN,False,1.710560384,0.339582,f590ae640f55acda0832e89495f4b6949aa20cdf34641b81f399ca3addcd1d93,"canonical hex polygon INTERSECT canonical OSM land component, unioned inside the hex (overlap-safe)",v1_sha1_hexid_pipe_subjectid
lfr_e0c7104ebecb35,h6000_q-001230_r+001920,hsub_iceland_main_island,OCEAN,False,1.273167788,0.252963,ca23cde6e97005e79d6efc9dcb7e524c9abadd666587f17bd182abfa4a1561a8,"canonical hex polygon INTERSECT canonical OSM land component, unioned inside the hex (overlap-safe)",v1_sha1_hexid_pipe_subjectid
lfr_6e243032f9f13b,h6000_q-001267_r+001921,hsub_iceland_main_island,OCEAN,False,1.244912482,0.251423,0fdcbead112941bf4668a4b14e9bc692026271c1cd5c806da69dc3a50d515e0e,"canonical hex polygon INTERSECT canonical OSM land component, unioned inside the hex (overlap-safe)",v1_sha1_hexid_pipe_subjectid
lfr_9df3c04b1703ae,h6000_q-001237_r+001921,hsub_iceland_main_island,OCEAN,False,0.879397324,0.174828,c09c7c38d58a7150f38699fa92e9251a9182cf912d2fc1a05a2c1591e6dd290a,"canonical hex polygon INTERSECT canonical OSM land component, unioned inside the hex (overlap-safe)",v1_sha1_hexid_pipe_subjectid
lfr_b08f7c06c9c7e6,h6000_q-001235_r+001921,hsub_iceland_main_island,OCEAN,False,0.71422405,0.14199,b5a92dc647ac29561bb279d196bb4abb8107a54523e3fcc7a3e3f0ac561a6ed6,"canonical hex polygon INTERSECT canonical OSM land component, unioned inside the hex (overlap-safe)",v1_sha1_hexid_pipe_subjectid
lfr_70b9d5d9ba8911,h6000_q-001232_r+001921,hsub_iceland_main_island,OCEAN,False,0.462515452,0.091947,d5e53ac1469efe381df4f3ed081af2bd849b774fb4d357a1c026b74fc361220f,"canonical hex polygon INTERSECT canonical OSM land component, unioned inside the hex (overlap-safe)",v1_sha1_hexid_pipe_subjectid
lfr_a1693219b79865,h6000_q-001231_r+001921,hsub_iceland_main_island,OCEAN,False,1.332076895,0.26483,b2913bfa611b65587c2b154be37122f542037e22d4070b7c897015f83714e84d,"canonical hex polygon INTERSECT canonical OSM land component, unioned inside the hex (overlap-safe)",v1_sha1_hexid_pipe_subjectid
lfr_dfce0bc26621a9,h6000_q-001230_r+001921,hsub_iceland_main_island,OCEAN,False,0.545930218,0.108547,0537b0ae530ee82c8c773ad577f887743b67b1e3ed7621962cc4c9d707fea042,"canonical hex polygon INTERSECT canonical OSM land component, unioned inside the hex (overlap-safe)",v1_sha1_hexid_pipe_subjectid
lfr_e52808d88e7905,h6000_q-001268_r+001922,hsub_iceland_main_island,OCEAN,False,0.001873721,0.000373,38c72a346fce45eb197ff2129e8c519fa318574ee4d7791319c77a0d1bde15cc,"canonical hex polygon INTERSECT canonical OSM land component, unioned inside the hex (overlap-safe)",v1_sha1_hexid_pipe_subjectid
lfr_46a3885a48c406,h6000_q-001253_r+001922,hsub_iceland_main_island,OCEAN,False,2.213260776,0.440719,f6310ea4206edad5aaf21fd7fb0397eb2c96bd172c14747cbd85cefc41c0785d,"canonical hex polygon INTERSECT canonical OSM land component, unioned inside the hex (overlap-safe)",v1_sha1_hexid_pipe_subjectid
lfr_8a8988d48863a6,h6000_q-001252_r+001922,hsub_iceland_main_island,OCEAN,False,0.329430439,0.065598,c7f5e1d4900da6f9050565dde1c18c239b3443b9c74a8b2ae873ac17cdfb72af,"canonical hex polygon INTERSECT canonical OSM land component, unioned inside the hex (overlap-safe)",v1_sha1_hexid_pipe_subjectid
lfr_9b71f196347fbc,h6000_q-001268_r+001923,hsub_iceland_main_island,OCEAN,False,1.421779276,0.283861,c3627e4c30eb651a48371e76f8b06a891ed4c2fe3ab0216cb13573ac765aa89f,"canonical hex polygon INTERSECT canonical OSM land component, unioned inside the hex (overlap-safe)",v1_sha1_hexid_pipe_subjectid
lfr_b9ff73d2df8517,h6000_q-001255_r+001923,hsub_iceland_main_island,OCEAN,False,0.872628485,0.17407,5b0bb1cc6a5475abfef38666abe7e4c1e5e7235cc96a1b448302cd773ea5decd,"canonical hex polygon INTERSECT canonical OSM land component, unioned inside the hex (overlap-safe)",v1_sha1_hexid_pipe_subjectid
lfr_7a4955118983ce,h6000_q-001269_r+001924,hsub_iceland_main_island,OCEAN,False,0.088086806,0.017605,f4a2c603b8af700b1554e460831f525aec0a85f4e8e7e87d6607b5bf65d208fa,"canonical hex polygon INTERSECT canonical OSM land component, unioned inside the hex (overlap-safe)",v1_sha1_hexid_pipe_subjectid
lfr_47f277b03f5c5f,h6000_q-001257_r+001924,hsub_iceland_main_island,OCEAN,False,0.135909501,0.027145,ff529b7ad1c8b531b36d4a3a54d827956bc339899c36539c793b90d36b11678e,"canonical hex polygon INTERSECT canonical OSM land component, unioned inside the hex (overlap-safe)",v1_sha1_hexid_pipe_subjectid
lfr_60c67b4da66509,h6000_q-001258_r+001925,hsub_iceland_main_island,OCEAN,False,1.268751296,0.254416,1c41adfbd90ba0718cdd55497c6c4717c053c72cb02ff4209f8b2040dce2f993,"canonical hex polygon INTERSECT canonical OSM land component, unioned inside the hex (overlap-safe)",v1_sha1_hexid_pipe_subjectid
lfr_141e710adfaae7,h6000_q-001258_r+001926,hsub_iceland_main_island,OCEAN,False,0.480098561,0.096245,83e33a5f8d57e18ef3ecd54f9647e71cc59aa16affb69d0f06b7c29f58df232c,"canonical hex polygon INTERSECT canonical OSM land component, unioned inside the hex (overlap-safe)",v1_sha1_hexid_pipe_subjectid
lfr_855eea2c67c1f2,h6000_q-001271_r+001927,hsub_iceland_main_island,OCEAN,False,1.013659477,0.203392,8e8101e2351300ff7ea54a3f165ea9612133bdba8c8163b3653880f4d68655d6,"canonical hex polygon INTERSECT canonical OSM land component, unioned inside the hex (overlap-safe)",v1_sha1_hexid_pipe_subjectid
lfr_6c0213cf0ae499,h6000_q-001266_r+001927,hsub_iceland_main_island,OCEAN,False,1.027014684,0.206014,87ae065be9bff7ae658d91446dd00a95720ba92133050edcba9f96047977ded2,"canonical hex polygon INTERSECT canonical OSM land component, unioned inside the hex (overlap-safe)",v1_sha1_hexid_pipe_subjectid
lfr_ee6bea2de75722,h6000_q-001259_r+001927,hsub_iceland_main_island,OCEAN,False,2.378950547,0.478735,d501cde1f06ffccdd8cb5139e52e60e8a1e0c14683843ef37a9230a0a8a94b9a,"canonical hex polygon INTERSECT canonical OSM land component, unioned inside the hex (overlap-safe)",v1_sha1_hexid_pipe_subjectid
lfr_3bf688e46bf381,h6000_q-001258_r+001927,hsub_iceland_main_island,OCEAN,False,0.110573757,0.022181,bbc6d53a7422a2168a3ef061b2b5ce1b6fd84063510f378163c94b7d6d5cecff,"canonical hex polygon INTERSECT canonical OSM land component, unioned inside the hex (overlap-safe)",v1_sha1_hexid_pipe_subjectid
lfr_a581deeb39dd0c,h6000_q-001271_r+001928,hsub_iceland_main_island,OCEAN,False,0.822462945,0.165917,1dd76da4927e4f49b7ef0f7563245f48c5fa324dc9d4fbfffe0444777f33908e,"canonical hex polygon INTERSECT canonical OSM land component, unioned inside the hex (overlap-safe)",v1_sha1_hexid_pipe_subjectid
lfr_a2fe9efbe81c75,h6000_q-001270_r+001928,hsub_iceland_main_island,OCEAN,False,1.975380318,0.40156,26552f73885e9970f32c99e29ff47661d5dc62da891d91117d2030f39cfb6197,"canonical hex polygon INTERSECT canonical OSM land component, unioned inside the hex (overlap-safe)",v1_sha1_hexid_pipe_subjectid
lfr_b1f8c62d65c061,h6000_q-001268_r+001928,hsub_iceland_main_island,OCEAN,False,1.524376184,0.319144,6db751087f04f1f074213ec37a863966974bb3a536bed23b0e343783f5d6f40a,"canonical hex polygon INTERSECT canonical OSM land component, unioned inside the hex (overlap-safe)",v1_sha1_hexid_pipe_subjectid
lfr_fd2e7611773897,h6000_q-001267_r+001928,hsub_iceland_main_island,OCEAN,False,0.038300753,0.007694,6f6349a928c42cee6e1b6adf141efc6e174fffd17b38fdf8d6ffd2a91a3cf976,"canonical hex polygon INTERSECT canonical OSM land component, unioned inside the hex (overlap-safe)",v1_sha1_hexid_pipe_subjectid
lfr_fca0ae70618161,h6000_q-001266_r+001928,hsub_iceland_main_island,OCEAN,False,0.112594807,0.023888,c565c6038b5c5f670c1f0e0f3219fc1a3a45a587540e7e7c3dcf474ddec0a24e,"canonical hex polygon INTERSECT canonical OSM land component, unioned inside the hex (overlap-safe)",v1_sha1_hexid_pipe_subjectid
lfr_d908ddcb3506d7,h6000_q-001265_r+001928,hsub_iceland_main_island,OCEAN,False,1.715467578,0.352528,9418528c907e3e0b930c9e77dad8e33757fb67c37e37e715b089c9513e17cb78,"canonical hex polygon INTERSECT canonical OSM land component, unioned inside the hex (overlap-safe)",v1_sha1_hexid_pipe_subjectid
lfr_48db413a0bc963,h6000_q-001260_r+001928,hsub_iceland_main_island,OCEAN,False,1.075379799,0.221926,4d76fc9a967c39a95f806563cefad9d90c97fa0f1169d16277e3ff67ada6b8d3,"canonical hex polygon INTERSECT canonical OSM land component, unioned inside the hex (overlap-safe)",v1_sha1_hexid_pipe_subjectid
lfr_d0d91dd9ddbe67,h6000_q-001265_r+001929,hsub_iceland_main_island,OCEAN,False,2.159342451,0.434544,7def2670a0b4eda01f20052070cb70a5c1514a66d46818178e08af7f6e5acb6b,"canonical hex polygon INTERSECT canonical OSM land component, unioned inside the hex (overlap-safe)",v1_sha1_hexid_pipe_subjectid
lfr_72f8078206122d,h6000_q-001263_r+001929,hsub_iceland_main_island,OCEAN,False,1.113169297,0.272267,90c5cfe56e814c8a0dca4f96fedb6cdbe2a44e2144dd7154c840c2ef64428be3,"canonical hex polygon INTERSECT canonical OSM land component, unioned inside the hex (overlap-safe)",v1_sha1_hexid_pipe_subjectid
lfr_6a54c7a10dce40,h6000_q-001262_r+001929,hsub_iceland_main_island,OCEAN,False,1.984256039,0.399337,929fe94e2a7cb57169b7350b94635e84ce7123a7147d991149735eead8bf7b22,"canonical hex polygon INTERSECT canonical OSM land component, unioned inside the hex (overlap-safe)",v1_sha1_hexid_pipe_subjectid
lfr_7ab63fa155977b,h6000_q-001261_r+001929,hsub_iceland_main_island,OCEAN,False,8.9219e-05,1.8e-05,9525e97fe21f06433d3efe2460d3c31e8e47fb51fe490555158615efe25e123a,"canonical hex polygon INTERSECT canonical OSM land component, unioned inside the hex (overlap-safe)",v1_sha1_hexid_pipe_subjectid
lfr_051f4750f0f166,h6000_q-000144_r+000823,hsub_malta_main_island,OCEAN,False,6.692129774,0.32728,4b7867ab1f308d3171385246c68700656bde96dafda3a1dc139410a38b81daa6,"canonical hex polygon INTERSECT canonical OSM land component, unioned inside the hex (overlap-safe)",v1_sha1_hexid_pipe_subjectid
lfr_3195fdd4b554ee,h6000_q-000141_r+000823,hsub_malta_main_island,OCEAN,False,1.474883495,0.072256,39e57c9d470f734db7a21f7ed94afedd4f0bdbdde68836d40a8581cb949a8a6f,"canonical hex polygon INTERSECT canonical OSM land component, unioned inside the hex (overlap-safe)",v1_sha1_hexid_pipe_subjectid
lfr_ccb6b56c9a75fa,h6000_q-000146_r+000824,hsub_malta_main_island,OCEAN,False,3.06055828,0.149819,5b8377bb6f6989f36a1f9e04c64dd119896df13f253fba2b71c5f58936d0586f,"canonical hex polygon INTERSECT canonical OSM land component, unioned inside the hex (overlap-safe)",v1_sha1_hexid_pipe_subjectid
lfr_f77e5042ac98b3,h6000_q-000147_r+000825,hsub_malta_main_island,OCEAN,False,1.020539097,0.04999,8b4f990d4896264496dcbb63c113a69cecd6c290e686605dbd3e7f02c2fc4570,"canonical hex polygon INTERSECT canonical OSM land component, unioned inside the hex (overlap-safe)",v1_sha1_hexid_pipe_subjectid
lfr_356e39005f23a4,h6000_q-000143_r+000825,hsub_malta_main_island,OCEAN,False,7.709470238,0.39089,a1da2f9b9c614a9ee26befae0e2649ebe5ef8e6a5de9c7776bdbb321ec433737,"canonical hex polygon INTERSECT canonical OSM land component, unioned inside the hex (overlap-safe)",v1_sha1_hexid_pipe_subjectid
lfr_59478d1d27e939,h6000_q-000147_r+000826,hsub_malta_main_island,OCEAN,False,9.962552825,0.488481,b090a7c6ddc417e5f4b462b6f16145b215b1e4ea35a2b56e0a00e51090cbb627,"canonical hex polygon INTERSECT canonical OSM land component, unioned inside the hex (overlap-safe)",v1_sha1_hexid_pipe_subjectid
lfr_91eff715c26705,h6000_q-000144_r+000826,hsub_malta_main_island,OCEAN,False,3.394155183,0.166377,84c479f4c972e57b8e575ed58d2569b166071760de596da07c78e681b5c9bf81,"canonical hex polygon INTERSECT canonical OSM land component, unioned inside the hex (overlap-safe)",v1_sha1_hexid_pipe_subjectid
lfr_54003fcd1d1dad,h6000_q-000148_r+000827,hsub_malta_main_island,OCEAN,False,2.102245477,0.103177,83680df5fe98ce72b965d8035a13d0778a641dc9c8ab57b5f71716aebafee43f,"canonical hex polygon INTERSECT canonical OSM land component, unioned inside the hex (overlap-safe)",v1_sha1_hexid_pipe_subjectid
lfr_7448538d4ab255,h6000_q-000146_r+000827,hsub_malta_main_island,OCEAN,False,1.007420374,0.054508,496c036a7cf621a919279d6e8756d67156cb2f83149f6f3c459a176767829f38,"canonical hex polygon INTERSECT canonical OSM land component, unioned inside the hex (overlap-safe)",v1_sha1_hexid_pipe_subjectid
lfr_a4b8cee8e94acd,h6000_q-000150_r+000828,hsub_gozo_island,OCEAN,False,5.442297058,0.267432,d366b18005e75f6bd92c6dc7ed5932dc3f18fd2b843fe11e76b973e909bd4356,"canonical hex polygon INTERSECT canonical OSM land component, unioned inside the hex (overlap-safe)",v1_sha1_hexid_pipe_subjectid
lfr_f743ee0c619aa3,h6000_q-000149_r+000828,hsub_gozo_island,OCEAN,False,6.976908403,0.342882,1781da08e87f34fa3c8d22a5068c4fce855c2e59505e3f7f482493e6084a359c,"canonical hex polygon INTERSECT canonical OSM land component, unioned inside the hex (overlap-safe)",v1_sha1_hexid_pipe_subjectid
lfr_2372e4cacb4944,h6000_q-000148_r+000828,hsub_gozo_island,OCEAN,False,0.947636776,0.189113,a8bf1cc234e38d3f7e194583bb976a322f5d3d8d918a2f08b9e4e4ebbee02107,"canonical hex polygon INTERSECT canonical OSM land component, unioned inside the hex (overlap-safe)",v1_sha1_hexid_pipe_subjectid
lfr_1f581286c68f4d,h6000_q-000152_r+000830,hsub_gozo_island,OCEAN,False,0.538979721,0.026519,16179175e170d361cdd8e84cd4da86f6f945f22b36fd57a9f8239d53a02a5822,"canonical hex polygon INTERSECT canonical OSM land component, unioned inside the hex (overlap-safe)",v1_sha1_hexid_pipe_subjectid
lfr_b95fe191bd3884,h6000_q-000151_r+000830,hsub_gozo_island,OCEAN,False,5.52826067,0.272011,d3dff7ad509b654540a542559fcc49db4c5467d3254704ea15aee63ecd693166,"canonical hex polygon INTERSECT canonical OSM land component, unioned inside the hex (overlap-safe)",v1_sha1_hexid_pipe_subjectid
lfr_5d86fcaa5889b2,h6000_q-000150_r+000830,hsub_gozo_island,OCEAN,False,0.154886395,0.007629,d69552cc8b032805644a815d9e770a60a104edc629419ad342ab8ba189b07c26,"canonical hex polygon INTERSECT canonical OSM land component, unioned inside the hex (overlap-safe)",v1_sha1_hexid_pipe_subjectid
